source_exercise_stable_code,alternative_exercise_stable_code,source_representative_exercise_id,alternative_representative_exercise_id,reason_code,goal_preservation_code,difficulty_delta,source_primary_body_area_codes,source_secondary_body_area_codes,alternative_primary_body_area_codes,alternative_secondary_body_area_codes,allowed_equipment_codes,allowed_location_codes,rule_version,alternative_set_version_code,review_status_code,production_eligible,direction_code,pain_score_min,pain_score_max,service_action_code,alternative_strategy_code,source_metadata,source_relation_key
abs_core_brace_core_brace_mat,bodyweight_crunch_core_brace_bodyweight,REX-000001,REX-000009,DISCOMFORT,SAME_GOAL,0,"[""ABDOMEN""]","[""LOWER_BACK""]","[""ABDOMEN""]","[""LOWER_BACK""]",BODYWEIGHT,HOME|GYM,alternative-rule-v2.0.0,alternative-set-v2.0.0,DOMAIN_APPROVED,false,A_TO_B,1,3,LOAD_REDUCED,SAME_GOAL_LOWER_LOAD_ROM_EASIER_VARIANT,"{""alternative_target_muscle_code"": ""CORE"", ""body_area_code"": ""ABDOMEN"", ""score_band_code"": ""NRS_1_3"", ""selection_basis"": ""DOMAIN_APPROVED_SCORE_BAND_AND_TARGET_MUSCLE_POLICY"", ""source_path"": ""normalized/v2_discomfort_alternative_mapping.csv"", ""source_target_muscle_code"": ""CORE""}",mapping:ABDOMEN:NRS_1_3:REX-000001:REX-000009:DISCOMFORT
abs_core_brace_core_brace_mat,bodyweight_crunch_core_brace_bodyweight,REX-000001,REX-000009,DISCOMFORT,SAME_GOAL,0,"[""ABDOMEN""]","[""LOWER_BACK""]","[""ABDOMEN""]","[""LOWER_BACK""]",BODYWEIGHT,HOME|GYM,alternative-rule-v2.0.0,alternative-set-v2.0.0,DOMAIN_APPROVED,false,A_TO_B,1,3,LOAD_REDUCED,SAME_GOAL_LOWER_LOAD_ROM_EASIER_VARIANT,"{""alternative_target_muscle_code"": ""CORE"", ""body_area_code"": ""LOWER_BACK"", ""score_band_code"": ""NRS_1_3"", ""selection_basis"": ""DOMAIN_APPROVED_SCORE_BAND_AND_TARGET_MUSCLE_POLICY"", ""source_path"": ""normalized/v2_discomfort_alternative_mapping.csv"", ""source_target_muscle_code"": ""CORE""}",mapping:LOWER_BACK:NRS_1_3:REX-000001:REX-000009:DISCOMFORT
abs_core_brace_core_brace_mat,bodyweight_standing_calf_raise_isolation_bodyweight,REX-000001,REX-000016,DISCOMFORT,ACTIVE_RECOVERY,0,"[""ABDOMEN""]","[""LOWER_BACK""]","[""ANKLE_FOOT""]","[""KNEE""]",BODYWEIGHT,HOME|GYM,alternative-rule-v2.0.0,alternative-set-v2.0.0,DOMAIN_APPROVED,false,A_TO_B,4,6,SKIP_AFFECTED_AREA,AVOID_PAIN_AREA_ACTIVE_RECOVERY,"{""alternative_target_muscle_code"": ""CALVES"", ""body_area_code"": ""ABDOMEN"", ""score_band_code"": ""NRS_4_6"", ""selection_basis"": ""DOMAIN_APPROVED_SCORE_BAND_AND_TARGET_MUSCLE_POLICY"", ""source_path"": ""normalized/v2_discomfort_alternative_mapping.csv"", ""source_target_muscle_code"": ""CORE""}",mapping:ABDOMEN:NRS_4_6:REX-000001:REX-000016:DISCOMFORT
abs_core_brace_core_brace_mat,bodyweight_standing_calf_raise_isolation_bodyweight,REX-000001,REX-000016,DISCOMFORT,ACTIVE_RECOVERY,0,"[""ABDOMEN""]","[""LOWER_BACK""]","[""ANKLE_FOOT""]","[""KNEE""]",BODYWEIGHT,HOME|GYM,alternative-rule-v2.0.0,alternative-set-v2.0.0,DOMAIN_APPROVED,false,A_TO_B,4,6,SKIP_AFFECTED_AREA,AVOID_PAIN_AREA_ACTIVE_RECOVERY,"{""alternative_target_muscle_code"": ""CALVES"", ""body_area_code"": ""LOWER_BACK"", ""score_band_code"": ""NRS_4_6"", ""selection_basis"": ""DOMAIN_APPROVED_SCORE_BAND_AND_TARGET_MUSCLE_POLICY"", ""source_path"": ""normalized/v2_discomfort_alternative_mapping.csv"", ""source_target_muscle_code"": ""CORE""}",mapping:LOWER_BACK:NRS_4_6:REX-000001:REX-000016:DISCOMFORT
abs_core_brace_core_brace_mat,bodyweight_reverse_crunch_core_brace_bodyweight,REX-000001,REX-000013,LOCATION,CORE_STABILITY,0,"[""ABDOMEN""]","[""LOWER_BACK""]","[""ABDOMEN""]","[""LOWER_BACK""]",BODYWEIGHT,HOME|GYM,alternative-rule-v2.0.0,alternative-set-v2.0.0,DOMAIN_APPROVED,false,A_TO_B,,,,,"{""legacy_relationship_type"": ""RECOVERY"", ""selection_basis"": ""REX_ENDPOINT_AND_V2_CATALOG_RECHECK"", ""source_path"": ""generated/exercise-alternatives-v0.3.0/alternative_relationships.csv""}",NEX-000177:NEX-000094:RECOVERY
all_fours_squat_stretch_mobility_stretch_bodyweight,chair_leg_extended_stretch_mobility_stretch_bodyweight,REX-000002,REX-000020,DIFFICULTY,MOBILITY_QUAD,-1,"[""KNEE"",""HIP""]","[""ANKLE_FOOT""]","[""KNEE""]","[""HIP""]",BODYWEIGHT,HOME|GYM,alternative-rule-v2.0.0,alternative-set-v2.0.0,DOMAIN_APPROVED,false,A_TO_B,,,,,"{""legacy_relationship_type"": ""INTENSITY"", ""selection_basis"": ""REX_ENDPOINT_AND_V2_CATALOG_RECHECK"", ""source_path"": ""generated/exercise-alternatives-v0.3.0/alternative_relationships.csv""}",NEX-000131:NEX-000132:INTENSITY
all_fours_squat_stretch_mobility_stretch_bodyweight,side_lying_quadriceps_stretch_mobility_stretch_bodyweight,REX-000002,REX-000088,DIFFICULTY,MOBILITY_QUAD,-1,"[""KNEE"",""HIP""]","[""ANKLE_FOOT""]","[""KNEE""]","[""HIP""]",BODYWEIGHT,HOME|GYM,alternative-rule-v2.0.0,alternative-set-v2.0.0,DOMAIN_APPROVED,false,A_TO_B,,,,,"{""legacy_relationship_type"": ""INTENSITY"", ""selection_basis"": ""REX_ENDPOINT_AND_V2_CATALOG_RECHECK"", ""source_path"": ""generated/exercise-alternatives-v0.3.0/alternative_relationships.csv""}",NEX-000131:NEX-000072:INTENSITY
all_fours_squat_stretch_mobility_stretch_bodyweight,ankle_circles_mobility_stretch_bodyweight,REX-000002,REX-000003,DISCOMFORT,SAME_GOAL,-1,"[""KNEE"",""HIP""]","[""ANKLE_FOOT""]","[""ANKLE_FOOT""]","[""KNEE""]",BODYWEIGHT,HOME|GYM,alternative-rule-v2.0.0,alternative-set-v2.0.0,DOMAIN_APPROVED,false,A_TO_B,1,3,LOAD_REDUCED,SAME_GOAL_LOWER_LOAD_ROM_EASIER_VARIANT,"{""alternative_target_muscle_code"": ""MOBILITY"", ""body_area_code"": ""ANKLE_FOOT"", ""score_band_code"": ""NRS_1_3"", ""selection_basis"": ""DOMAIN_APPROVED_SCORE_BAND_AND_TARGET_MUSCLE_POLICY"", ""source_path"": ""normalized/v2_discomfort_alternative_mapping.csv"", ""source_target_muscle_code"": ""MOBILITY""}",mapping:ANKLE_FOOT:NRS_1_3:REX-000002:REX-000003:DISCOMFORT
all_fours_squat_stretch_mobility_stretch_bodyweight,ankle_circles_mobility_stretch_bodyweight,REX-000002,REX-000003,DISCOMFORT,SAME_GOAL,-1,"[""KNEE"",""HIP""]","[""ANKLE_FOOT""]","[""ANKLE_FOOT""]","[""KNEE""]",BODYWEIGHT,HOME|GYM,alternative-rule-v2.0.0,alternative-set-v2.0.0,DOMAIN_APPROVED,false,A_TO_B,1,3,LOAD_REDUCED,SAME_GOAL_LOWER_LOAD_ROM_EASIER_VARIANT,"{""alternative_target_muscle_code"": ""MOBILITY"", ""body_area_code"": ""HIP"", ""score_band_code"": ""NRS_1_3"", ""selection_basis"": ""DOMAIN_APPROVED_SCORE_BAND_AND_TARGET_MUSCLE_POLICY"", ""source_path"": ""normalized/v2_discomfort_alternative_mapping.csv"", ""source_target_muscle_code"": ""MOBILITY""}",mapping:HIP:NRS_1_3:REX-000002:REX-000003:DISCOMFORT
all_fours_squat_stretch_mobility_stretch_bodyweight,ankle_circles_mobility_stretch_bodyweight,REX-000002,REX-000003,DISCOMFORT,SAME_GOAL,-1,"[""KNEE"",""HIP""]","[""ANKLE_FOOT""]","[""ANKLE_FOOT""]","[""KNEE""]",BODYWEIGHT,HOME|GYM,alternative-rule-v2.0.0,alternative-set-v2.0.0,DOMAIN_APPROVED,false,A_TO_B,1,3,LOAD_REDUCED,SAME_GOAL_LOWER_LOAD_ROM_EASIER_VARIANT,"{""alternative_target_muscle_code"": ""MOBILITY"", ""body_area_code"": ""KNEE"", ""score_band_code"": ""NRS_1_3"", ""selection_basis"": ""DOMAIN_APPROVED_SCORE_BAND_AND_TARGET_MUSCLE_POLICY"", ""source_path"": ""normalized/v2_discomfort_alternative_mapping.csv"", ""source_target_muscle_code"": ""MOBILITY""}",mapping:KNEE:NRS_1_3:REX-000002:REX-000003:DISCOMFORT
all_fours_squat_stretch_mobility_stretch_bodyweight,bodyweight_crunch_core_brace_bodyweight,REX-000002,REX-000009,DISCOMFORT,ACTIVE_RECOVERY,-1,"[""KNEE"",""HIP""]","[""ANKLE_FOOT""]","[""ABDOMEN""]","[""LOWER_BACK""]",BODYWEIGHT,HOME|GYM,alternative-rule-v2.0.0,alternative-set-v2.0.0,DOMAIN_APPROVED,false,A_TO_B,4,6,SKIP_AFFECTED_AREA,AVOID_PAIN_AREA_ACTIVE_RECOVERY,"{""alternative_target_muscle_code"": ""CORE"", ""body_area_code"": ""ANKLE_FOOT"", ""score_band_code"": ""NRS_4_6"", ""selection_basis"": ""DOMAIN_APPROVED_SCORE_BAND_AND_TARGET_MUSCLE_POLICY"", ""source_path"": ""normalized/v2_discomfort_alternative_mapping.csv"", ""source_target_muscle_code"": ""MOBILITY""}",mapping:ANKLE_FOOT:NRS_4_6:REX-000002:REX-000009:DISCOMFORT
all_fours_squat_stretch_mobility_stretch_bodyweight,bodyweight_crunch_core_brace_bodyweight,REX-000002,REX-000009,DISCOMFORT,ACTIVE_RECOVERY,-1,"[""KNEE"",""HIP""]","[""ANKLE_FOOT""]","[""ABDOMEN""]","[""LOWER_BACK""]",BODYWEIGHT,HOME|GYM,alternative-rule-v2.0.0,alternative-set-v2.0.0,DOMAIN_APPROVED,false,A_TO_B,4,6,SKIP_AFFECTED_AREA,AVOID_PAIN_AREA_ACTIVE_RECOVERY,"{""alternative_target_muscle_code"": ""CORE"", ""body_area_code"": ""HIP"", ""score_band_code"": ""NRS_4_6"", ""selection_basis"": ""DOMAIN_APPROVED_SCORE_BAND_AND_TARGET_MUSCLE_POLICY"", ""source_path"": ""normalized/v2_discomfort_alternative_mapping.csv"", ""source_target_muscle_code"": ""MOBILITY""}",mapping:HIP:NRS_4_6:REX-000002:REX-000009:DISCOMFORT
all_fours_squat_stretch_mobility_stretch_bodyweight,bodyweight_crunch_core_brace_bodyweight,REX-000002,REX-000009,DISCOMFORT,ACTIVE_RECOVERY,-1,"[""KNEE"",""HIP""]","[""ANKLE_FOOT""]","[""ABDOMEN""]","[""LOWER_BACK""]",BODYWEIGHT,HOME|GYM,alternative-rule-v2.0.0,alternative-set-v2.0.0,DOMAIN_APPROVED,false,A_TO_B,4,6,SKIP_AFFECTED_AREA,AVOID_PAIN_AREA_ACTIVE_RECOVERY,"{""alternative_target_muscle_code"": ""CORE"", ""body_area_code"": ""KNEE"", ""score_band_code"": ""NRS_4_6"", ""selection_basis"": ""DOMAIN_APPROVED_SCORE_BAND_AND_TARGET_MUSCLE_POLICY"", ""source_path"": ""normalized/v2_discomfort_alternative_mapping.csv"", ""source_target_muscle_code"": ""MOBILITY""}",mapping:KNEE:NRS_4_6:REX-000002:REX-000009:DISCOMFORT
ankle_circles_mobility_stretch_bodyweight,bodyweight_crunch_core_brace_bodyweight,REX-000003,REX-000009,DISCOMFORT,ACTIVE_RECOVERY,0,"[""ANKLE_FOOT""]","[""KNEE""]","[""ABDOMEN""]","[""LOWER_BACK""]",BODYWEIGHT,HOME|GYM,alternative-rule-v2.0.0,alternative-set-v2.0.0,DOMAIN_APPROVED,false,A_TO_B,4,6,SKIP_AFFECTED_AREA,AVOID_PAIN_AREA_ACTIVE_RECOVERY,"{""alternative_target_muscle_code"": ""CORE"", ""body_area_code"": ""ANKLE_FOOT"", ""score_band_code"": ""NRS_4_6"", ""selection_basis"": ""DOMAIN_APPROVED_SCORE_BAND_AND_TARGET_MUSCLE_POLICY"", ""source_path"": ""normalized/v2_discomfort_alternative_mapping.csv"", ""source_target_muscle_code"": ""MOBILITY""}",mapping:ANKLE_FOOT:NRS_4_6:REX-000003:REX-000009:DISCOMFORT
ankle_circles_mobility_stretch_bodyweight,bodyweight_crunch_core_brace_bodyweight,REX-000003,REX-000009,DISCOMFORT,ACTIVE_RECOVERY,0,"[""ANKLE_FOOT""]","[""KNEE""]","[""ABDOMEN""]","[""LOWER_BACK""]",BODYWEIGHT,HOME|GYM,alternative-rule-v2.0.0,alternative-set-v2.0.0,DOMAIN_APPROVED,false,A_TO_B,4,6,SKIP_AFFECTED_AREA,AVOID_PAIN_AREA_ACTIVE_RECOVERY,"{""alternative_target_muscle_code"": ""CORE"", ""body_area_code"": ""KNEE"", ""score_band_code"": ""NRS_4_6"", ""selection_basis"": ""DOMAIN_APPROVED_SCORE_BAND_AND_TARGET_MUSCLE_POLICY"", ""source_path"": ""normalized/v2_discomfort_alternative_mapping.csv"", ""source_target_muscle_code"": ""MOBILITY""}",mapping:KNEE:NRS_4_6:REX-000003:REX-000009:DISCOMFORT
ankle_circles_mobility_stretch_bodyweight,butterfly_adductor_stretch_mobility_stretch_bodyweight,REX-000003,REX-000017,DISCOMFORT,SAME_GOAL,0,"[""ANKLE_FOOT""]","[""KNEE""]","[""HIP""]","[""KNEE""]",BODYWEIGHT,HOME|GYM,alternative-rule-v2.0.0,alternative-set-v2.0.0,DOMAIN_APPROVED,false,A_TO_B,1,3,LOAD_REDUCED,SAME_GOAL_LOWER_LOAD_ROM_EASIER_VARIANT,"{""alternative_target_muscle_code"": ""MOBILITY"", ""body_area_code"": ""ANKLE_FOOT"", ""score_band_code"": ""NRS_1_3"", ""selection_basis"": ""DOMAIN_APPROVED_SCORE_BAND_AND_TARGET_MUSCLE_POLICY"", ""source_path"": ""normalized/v2_discomfort_alternative_mapping.csv"", ""source_target_muscle_code"": ""MOBILITY""}",mapping:ANKLE_FOOT:NRS_1_3:REX-000003:REX-000017:DISCOMFORT
ankle_circles_mobility_stretch_bodyweight,butterfly_adductor_stretch_mobility_stretch_bodyweight,REX-000003,REX-000017,DISCOMFORT,SAME_GOAL,0,"[""ANKLE_FOOT""]","[""KNEE""]","[""HIP""]","[""KNEE""]",BODYWEIGHT,HOME|GYM,alternative-rule-v2.0.0,alternative-set-v2.0.0,DOMAIN_APPROVED,false,A_TO_B,1,3,LOAD_REDUCED,SAME_GOAL_LOWER_LOAD_ROM_EASIER_VARIANT,"{""alternative_target_muscle_code"": ""MOBILITY"", ""body_area_code"": ""KNEE"", ""score_band_code"": ""NRS_1_3"", ""selection_basis"": ""DOMAIN_APPROVED_SCORE_BAND_AND_TARGET_MUSCLE_POLICY"", ""source_path"": ""normalized/v2_discomfort_alternative_mapping.csv"", ""source_target_muscle_code"": ""MOBILITY""}",mapping:KNEE:NRS_1_3:REX-000003:REX-000017:DISCOMFORT
barbell_deadlift_hip_dominant_barbell,bodyweight_crunch_core_brace_bodyweight,REX-000004,REX-000009,DISCOMFORT,ACTIVE_RECOVERY,-1,"[""HIP""]","[""KNEE"",""LOWER_BACK""]","[""ABDOMEN""]","[""LOWER_BACK""]",BODYWEIGHT,HOME|GYM,alternative-rule-v2.0.0,alternative-set-v2.0.0,DOMAIN_APPROVED,false,A_TO_B,4,6,SKIP_AFFECTED_AREA,AVOID_PAIN_AREA_ACTIVE_RECOVERY,"{""alternative_target_muscle_code"": ""CORE"", ""body_area_code"": ""HIP"", ""score_band_code"": ""NRS_4_6"", ""selection_basis"": ""DOMAIN_APPROVED_SCORE_BAND_AND_TARGET_MUSCLE_POLICY"", ""source_path"": ""normalized/v2_discomfort_alternative_mapping.csv"", ""source_target_muscle_code"": ""GLUTES""}",mapping:HIP:NRS_4_6:REX-000004:REX-000009:DISCOMFORT
barbell_deadlift_hip_dominant_barbell,bodyweight_crunch_core_brace_bodyweight,REX-000004,REX-000009,DISCOMFORT,ACTIVE_RECOVERY,-1,"[""HIP""]","[""KNEE"",""LOWER_BACK""]","[""ABDOMEN""]","[""LOWER_BACK""]",BODYWEIGHT,HOME|GYM,alternative-rule-v2.0.0,alternative-set-v2.0.0,DOMAIN_APPROVED,false,A_TO_B,4,6,SKIP_AFFECTED_AREA,AVOID_PAIN_AREA_ACTIVE_RECOVERY,"{""alternative_target_muscle_code"": ""CORE"", ""body_area_code"": ""KNEE"", ""score_band_code"": ""NRS_4_6"", ""selection_basis"": ""DOMAIN_APPROVED_SCORE_BAND_AND_TARGET_MUSCLE_POLICY"", ""source_path"": ""normalized/v2_discomfort_alternative_mapping.csv"", ""source_target_muscle_code"": ""GLUTES""}",mapping:KNEE:NRS_4_6:REX-000004:REX-000009:DISCOMFORT
barbell_deadlift_hip_dominant_barbell,bodyweight_glute_bridge_hip_dominant_bodyweight,REX-000004,REX-000011,DISCOMFORT,SAME_GOAL,-1,"[""HIP""]","[""KNEE"",""LOWER_BACK""]","[""HIP""]","[""KNEE"",""LOWER_BACK""]",BODYWEIGHT,HOME|GYM,alternative-rule-v2.0.0,alternative-set-v2.0.0,DOMAIN_APPROVED,false,A_TO_B,1,3,LOAD_REDUCED,SAME_GOAL_LOWER_LOAD_ROM_EASIER_VARIANT,"{""alternative_target_muscle_code"": ""GLUTES"", ""body_area_code"": ""HIP"", ""score_band_code"": ""NRS_1_3"", ""selection_basis"": ""DOMAIN_APPROVED_SCORE_BAND_AND_TARGET_MUSCLE_POLICY"", ""source_path"": ""normalized/v2_discomfort_alternative_mapping.csv"", ""source_target_muscle_code"": ""GLUTES""}",mapping:HIP:NRS_1_3:REX-000004:REX-000011:DISCOMFORT
barbell_deadlift_hip_dominant_barbell,bodyweight_glute_bridge_hip_dominant_bodyweight,REX-000004,REX-000011,DISCOMFORT,SAME_GOAL,-1,"[""HIP""]","[""KNEE"",""LOWER_BACK""]","[""HIP""]","[""KNEE"",""LOWER_BACK""]",BODYWEIGHT,HOME|GYM,alternative-rule-v2.0.0,alternative-set-v2.0.0,DOMAIN_APPROVED,false,A_TO_B,1,3,LOAD_REDUCED,SAME_GOAL_LOWER_LOAD_ROM_EASIER_VARIANT,"{""alternative_target_muscle_code"": ""GLUTES"", ""body_area_code"": ""KNEE"", ""score_band_code"": ""NRS_1_3"", ""selection_basis"": ""DOMAIN_APPROVED_SCORE_BAND_AND_TARGET_MUSCLE_POLICY"", ""source_path"": ""normalized/v2_discomfort_alternative_mapping.csv"", ""source_target_muscle_code"": ""GLUTES""}",mapping:KNEE:NRS_1_3:REX-000004:REX-000011:DISCOMFORT
barbell_deadlift_hip_dominant_barbell,bodyweight_glute_bridge_hip_dominant_bodyweight,REX-000004,REX-000011,DISCOMFORT,SAME_GOAL,-1,"[""HIP""]","[""KNEE"",""LOWER_BACK""]","[""HIP""]","[""KNEE"",""LOWER_BACK""]",BODYWEIGHT,HOME|GYM,alternative-rule-v2.0.0,alternative-set-v2.0.0,DOMAIN_APPROVED,false,A_TO_B,1,3,LOAD_REDUCED,SAME_GOAL_LOWER_LOAD_ROM_EASIER_VARIANT,"{""alternative_target_muscle_code"": ""GLUTES"", ""body_area_code"": ""LOWER_BACK"", ""score_band_code"": ""NRS_1_3"", ""selection_basis"": ""DOMAIN_APPROVED_SCORE_BAND_AND_TARGET_MUSCLE_POLICY"", ""source_path"": ""normalized/v2_discomfort_alternative_mapping.csv"", ""source_target_muscle_code"": ""GLUTES""}",mapping:LOWER_BACK:NRS_1_3:REX-000004:REX-000011:DISCOMFORT
barbell_deadlift_hip_dominant_barbell,bodyweight_standing_calf_raise_isolation_bodyweight,REX-000004,REX-000016,DISCOMFORT,ACTIVE_RECOVERY,-1,"[""HIP""]","[""KNEE"",""LOWER_BACK""]","[""ANKLE_FOOT""]","[""KNEE""]",BODYWEIGHT,HOME|GYM,alternative-rule-v2.0.0,alternative-set-v2.0.0,DOMAIN_APPROVED,false,A_TO_B,4,6,SKIP_AFFECTED_AREA,AVOID_PAIN_AREA_ACTIVE_RECOVERY,"{""alternative_target_muscle_code"": ""CALVES"", ""body_area_code"": ""LOWER_BACK"", ""score_band_code"": ""NRS_4_6"", ""selection_basis"": ""DOMAIN_APPROVED_SCORE_BAND_AND_TARGET_MUSCLE_POLICY"", ""source_path"": ""normalized/v2_discomfort_alternative_mapping.csv"", ""source_target_muscle_code"": ""GLUTES""}",mapping:LOWER_BACK:NRS_4_6:REX-000004:REX-000016:DISCOMFORT
barbell_deadlift_hip_dominant_barbell,bodyweight_back_extension_hip_dominant_bodyweight,REX-000004,REX-000008,LOCATION,POSTERIOR_CHAIN_STRENGTH,0,"[""HIP""]","[""KNEE"",""LOWER_BACK""]","[""LOWER_BACK""]","[""HIP"",""UPPER_BACK""]",BODYWEIGHT,HOME|GYM,alternative-rule-v2.0.0,alternative-set-v2.0.0,DOMAIN_APPROVED,false,A_TO_B,,,,,"{""legacy_relationship_type"": ""CONSTRAINT"", ""selection_basis"": ""REX_ENDPOINT_AND_V2_CATALOG_RECHECK"", ""source_path"": ""generated/exercise-alternatives-v0.3.0/alternative_relationships.csv""}",NEX-000001:NEX-000064:CONSTRAINT
barbell_deadlift_hip_dominant_barbell,bodyweight_glute_bridge_hip_dominant_bodyweight,REX-000004,REX-000011,LOCATION,POSTERIOR_CHAIN_STRENGTH,-1,"[""HIP""]","[""KNEE"",""LOWER_BACK""]","[""HIP""]","[""KNEE"",""LOWER_BACK""]",BODYWEIGHT,HOME|GYM,alternative-rule-v2.0.0,alternative-set-v2.0.0,DOMAIN_APPROVED,false,A_TO_B,,,,,"{""legacy_relationship_type"": ""INTENSITY"", ""selection_basis"": ""REX_ENDPOINT_AND_V2_CATALOG_RECHECK"", ""source_path"": ""generated/exercise-alternatives-v0.3.0/alternative_relationships.csv""}",NEX-000001:NEX-000162:INTENSITY
barbell_front_raise_isolation_barbell,bodyweight_crunch_core_brace_bodyweight,REX-000005,REX-000009,DISCOMFORT,ACTIVE_RECOVERY,0,"[""SHOULDER""]","[""ELBOW""]","[""ABDOMEN""]","[""LOWER_BACK""]",BODYWEIGHT,HOME|GYM,alternative-rule-v2.0.0,alternative-set-v2.0.0,DOMAIN_APPROVED,false,A_TO_B,4,6,SKIP_AFFECTED_AREA,AVOID_PAIN_AREA_ACTIVE_RECOVERY,"{""alternative_target_muscle_code"": ""CORE"", ""body_area_code"": ""ELBOW"", ""score_band_code"": ""NRS_4_6"", ""selection_basis"": ""DOMAIN_APPROVED_SCORE_BAND_AND_TARGET_MUSCLE_POLICY"", ""source_path"": ""normalized/v2_discomfort_alternative_mapping.csv"", ""source_target_muscle_code"": ""SHOULDERS""}",mapping:ELBOW:NRS_4_6:REX-000005:REX-000009:DISCOMFORT
barbell_front_raise_isolation_barbell,bodyweight_crunch_core_brace_bodyweight,REX-000005,REX-000009,DISCOMFORT,ACTIVE_RECOVERY,0,"[""SHOULDER""]","[""ELBOW""]","[""ABDOMEN""]","[""LOWER_BACK""]",BODYWEIGHT,HOME|GYM,alternative-rule-v2.0.0,alternative-set-v2.0.0,DOMAIN_APPROVED,false,A_TO_B,4,6,SKIP_AFFECTED_AREA,AVOID_PAIN_AREA_ACTIVE_RECOVERY,"{""alternative_target_muscle_code"": ""CORE"", ""body_area_code"": ""SHOULDER"", ""score_band_code"": ""NRS_4_6"", ""selection_basis"": ""DOMAIN_APPROVED_SCORE_BAND_AND_TARGET_MUSCLE_POLICY"", ""source_path"": ""normalized/v2_discomfort_alternative_mapping.csv"", ""source_target_muscle_code"": ""SHOULDERS""}",mapping:SHOULDER:NRS_4_6:REX-000005:REX-000009:DISCOMFORT
barbell_front_raise_isolation_barbell,dumbbell_lateral_raise_isolation_dumbbell,REX-000005,REX-000026,DISCOMFORT,SAME_GOAL,0,"[""SHOULDER""]","[""ELBOW""]","[""SHOULDER""]","[""ELBOW""]",DUMBBELL,HOME|GYM,alternative-rule-v2.0.0,alternative-set-v2.0.0,DOMAIN_APPROVED,false,A_TO_B,1,3,LOAD_REDUCED,SAME_GOAL_LOWER_LOAD_ROM_EASIER_VARIANT,"{""alternative_target_muscle_code"": ""SHOULDERS"", ""body_area_code"": ""ELBOW"", ""score_band_code"": ""NRS_1_3"", ""selection_basis"": ""DOMAIN_APPROVED_SCORE_BAND_AND_TARGET_MUSCLE_POLICY"", ""source_path"": ""normalized/v2_discomfort_alternative_mapping.csv"", ""source_target_muscle_code"": ""SHOULDERS""}",mapping:ELBOW:NRS_1_3:REX-000005:REX-000026:DISCOMFORT
barbell_front_raise_isolation_barbell,dumbbell_lateral_raise_isolation_dumbbell,REX-000005,REX-000026,DISCOMFORT,SAME_GOAL,0,"[""SHOULDER""]","[""ELBOW""]","[""SHOULDER""]","[""ELBOW""]",DUMBBELL,HOME|GYM,alternative-rule-v2.0.0,alternative-set-v2.0.0,DOMAIN_APPROVED,false,A_TO_B,1,3,LOAD_REDUCED,SAME_GOAL_LOWER_LOAD_ROM_EASIER_VARIANT,"{""alternative_target_muscle_code"": ""SHOULDERS"", ""body_area_code"": ""SHOULDER"", ""score_band_code"": ""NRS_1_3"", ""selection_basis"": ""DOMAIN_APPROVED_SCORE_BAND_AND_TARGET_MUSCLE_POLICY"", ""source_path"": ""normalized/v2_discomfort_alternative_mapping.csv"", ""source_target_muscle_code"": ""SHOULDERS""}",mapping:SHOULDER:NRS_1_3:REX-000005:REX-000026:DISCOMFORT
barbell_pullover_isolation_barbell,bodyweight_crunch_core_brace_bodyweight,REX-000006,REX-000009,DISCOMFORT,ACTIVE_RECOVERY,-1,"[""UPPER_BACK""]","[""CHEST"",""ELBOW""]","[""ABDOMEN""]","[""LOWER_BACK""]",BODYWEIGHT,HOME|GYM,alternative-rule-v2.0.0,alternative-set-v2.0.0,DOMAIN_APPROVED,false,A_TO_B,4,6,SKIP_AFFECTED_AREA,AVOID_PAIN_AREA_ACTIVE_RECOVERY,"{""alternative_target_muscle_code"": ""CORE"", ""body_area_code"": ""CHEST"", ""score_band_code"": ""NRS_4_6"", ""selection_basis"": ""DOMAIN_APPROVED_SCORE_BAND_AND_TARGET_MUSCLE_POLICY"", ""source_path"": ""normalized/v2_discomfort_alternative_mapping.csv"", ""source_target_muscle_code"": ""BACK""}",mapping:CHEST:NRS_4_6:REX-000006:REX-000009:DISCOMFORT
barbell_pullover_isolation_barbell,bodyweight_crunch_core_brace_bodyweight,REX-000006,REX-000009,DISCOMFORT,ACTIVE_RECOVERY,-1,"[""UPPER_BACK""]","[""CHEST"",""ELBOW""]","[""ABDOMEN""]","[""LOWER_BACK""]",BODYWEIGHT,HOME|GYM,alternative-rule-v2.0.0,alternative-set-v2.0.0,DOMAIN_APPROVED,false,A_TO_B,4,6,SKIP_AFFECTED_AREA,AVOID_PAIN_AREA_ACTIVE_RECOVERY,"{""alternative_target_muscle_code"": ""CORE"", ""body_area_code"": ""ELBOW"", ""score_band_code"": ""NRS_4_6"", ""selection_basis"": ""DOMAIN_APPROVED_SCORE_BAND_AND_TARGET_MUSCLE_POLICY"", ""source_path"": ""normalized/v2_discomfort_alternative_mapping.csv"", ""source_target_muscle_code"": ""BACK""}",mapping:ELBOW:NRS_4_6:REX-000006:REX-000009:DISCOMFORT
barbell_pullover_isolation_barbell,bodyweight_crunch_core_brace_bodyweight,REX-000006,REX-000009,DISCOMFORT,ACTIVE_RECOVERY,-1,"[""UPPER_BACK""]","[""CHEST"",""ELBOW""]","[""ABDOMEN""]","[""LOWER_BACK""]",BODYWEIGHT,HOME|GYM,alternative-rule-v2.0.0,alternative-set-v2.0.0,DOMAIN_APPROVED,false,A_TO_B,4,6,SKIP_AFFECTED_AREA,AVOID_PAIN_AREA_ACTIVE_RECOVERY,"{""alternative_target_muscle_code"": ""CORE"", ""body_area_code"": ""UPPER_BACK"", ""score_band_code"": ""NRS_4_6"", ""selection_basis"": ""DOMAIN_APPROVED_SCORE_BAND_AND_TARGET_MUSCLE_POLICY"", ""source_path"": ""normalized/v2_discomfort_alternative_mapping.csv"", ""source_target_muscle_code"": ""BACK""}",mapping:UPPER_BACK:NRS_4_6:REX-000006:REX-000009:DISCOMFORT
barbell_pullover_isolation_barbell,one_arm_wall_lats_isolation_bodyweight,REX-000006,REX-000046,DISCOMFORT,SAME_GOAL,-1,"[""UPPER_BACK""]","[""CHEST"",""ELBOW""]","[""UPPER_BACK""]","[""SHOULDER"",""ELBOW""]",BODYWEIGHT,HOME|GYM,alternative-rule-v2.0.0,alternative-set-v2.0.0,DOMAIN_APPROVED,false,A_TO_B,1,3,LOAD_REDUCED,SAME_GOAL_LOWER_LOAD_ROM_EASIER_VARIANT,"{""alternative_target_muscle_code"": ""BACK"", ""body_area_code"": ""CHEST"", ""score_band_code"": ""NRS_1_3"", ""selection_basis"": ""DOMAIN_APPROVED_SCORE_BAND_AND_TARGET_MUSCLE_POLICY"", ""source_path"": ""normalized/v2_discomfort_alternative_mapping.csv"", ""source_target_muscle_code"": ""BACK""}",mapping:CHEST:NRS_1_3:REX-000006:REX-000046:DISCOMFORT
barbell_pullover_isolation_barbell,one_arm_wall_lats_isolation_bodyweight,REX-000006,REX-000046,DISCOMFORT,SAME_GOAL,-1,"[""UPPER_BACK""]","[""CHEST"",""ELBOW""]","[""UPPER_BACK""]","[""SHOULDER"",""ELBOW""]",BODYWEIGHT,HOME|GYM,alternative-rule-v2.0.0,alternative-set-v2.0.0,DOMAIN_APPROVED,false,A_TO_B,1,3,LOAD_REDUCED,SAME_GOAL_LOWER_LOAD_ROM_EASIER_VARIANT,"{""alternative_target_muscle_code"": ""BACK"", ""body_area_code"": ""ELBOW"", ""score_band_code"": ""NRS_1_3"", ""selection_basis"": ""DOMAIN_APPROVED_SCORE_BAND_AND_TARGET_MUSCLE_POLICY"", ""source_path"": ""normalized/v2_discomfort_alternative_mapping.csv"", ""source_target_muscle_code"": ""BACK""}",mapping:ELBOW:NRS_1_3:REX-000006:REX-000046:DISCOMFORT
barbell_pullover_isolation_barbell,one_arm_wall_lats_isolation_bodyweight,REX-000006,REX-000046,DISCOMFORT,SAME_GOAL,-1,"[""UPPER_BACK""]","[""CHEST"",""ELBOW""]","[""UPPER_BACK""]","[""SHOULDER"",""ELBOW""]",BODYWEIGHT,HOME|GYM,alternative-rule-v2.0.0,alternative-set-v2.0.0,DOMAIN_APPROVED,false,A_TO_B,1,3,LOAD_REDUCED,SAME_GOAL_LOWER_LOAD_ROM_EASIER_VARIANT,"{""alternative_target_muscle_code"": ""BACK"", ""body_area_code"": ""UPPER_BACK"", ""score_band_code"": ""NRS_1_3"", ""selection_basis"": ""DOMAIN_APPROVED_SCORE_BAND_AND_TARGET_MUSCLE_POLICY"", ""source_path"": ""normalized/v2_discomfort_alternative_mapping.csv"", ""source_target_muscle_code"": ""BACK""}",mapping:UPPER_BACK:NRS_1_3:REX-000006:REX-000046:DISCOMFORT
barbell_pullover_isolation_barbell,one_arm_wall_lats_isolation_bodyweight,REX-000006,REX-000046,LOCATION,ISOLATION_LAT_PULL,-1,"[""UPPER_BACK""]","[""CHEST"",""ELBOW""]","[""UPPER_BACK""]","[""SHOULDER"",""ELBOW""]",BODYWEIGHT,HOME|GYM,alternative-rule-v2.0.0,alternative-set-v2.0.0,DOMAIN_APPROVED,false,A_TO_B,,,,,"{""legacy_relationship_type"": ""CONSTRAINT"", ""selection_basis"": ""REX_ENDPOINT_AND_V2_CATALOG_RECHECK"", ""source_path"": ""generated/exercise-alternatives-v0.3.0/alternative_relationships.csv""}",NEX-000002:NEX-000113:CONSTRAINT
barbell_straight_leg_deadlift_hip_dominant_barbell,barbell_deadlift_hip_dominant_barbell,REX-000007,REX-000004,DIFFICULTY,POSTERIOR_CHAIN_STRENGTH,-1,"[""HIP""]","[""KNEE"",""LOWER_BACK""]","[""HIP""]","[""KNEE"",""LOWER_BACK""]",BARBELL,GYM,alternative-rule-v2.0.0,alternative-set-v2.0.0,DOMAIN_APPROVED,false,A_TO_B,,,,,"{""legacy_relationship_type"": ""CONSTRAINT"", ""selection_basis"": ""REX_ENDPOINT_AND_V2_CATALOG_RECHECK"", ""source_path"": ""generated/exercise-alternatives-v0.3.0/alternative_relationships.csv""}",NEX-000009:NEX-000192:CONSTRAINT
barbell_straight_leg_deadlift_hip_dominant_barbell,bodyweight_crunch_core_brace_bodyweight,REX-000007,REX-000009,DISCOMFORT,ACTIVE_RECOVERY,-1,"[""HIP""]","[""KNEE"",""LOWER_BACK""]","[""ABDOMEN""]","[""LOWER_BACK""]",BODYWEIGHT,HOME|GYM,alternative-rule-v2.0.0,alternative-set-v2.0.0,DOMAIN_APPROVED,false,A_TO_B,4,6,SKIP_AFFECTED_AREA,AVOID_PAIN_AREA_ACTIVE_RECOVERY,"{""alternative_target_muscle_code"": ""CORE"", ""body_area_code"": ""HIP"", ""score_band_code"": ""NRS_4_6"", ""selection_basis"": ""DOMAIN_APPROVED_SCORE_BAND_AND_TARGET_MUSCLE_POLICY"", ""source_path"": ""normalized/v2_discomfort_alternative_mapping.csv"", ""source_target_muscle_code"": ""HAMSTRINGS""}",mapping:HIP:NRS_4_6:REX-000007:REX-000009:DISCOMFORT
barbell_straight_leg_deadlift_hip_dominant_barbell,bodyweight_crunch_core_brace_bodyweight,REX-000007,REX-000009,DISCOMFORT,ACTIVE_RECOVERY,-1,"[""HIP""]","[""KNEE"",""LOWER_BACK""]","[""ABDOMEN""]","[""LOWER_BACK""]",BODYWEIGHT,HOME|GYM,alternative-rule-v2.0.0,alternative-set-v2.0.0,DOMAIN_APPROVED,false,A_TO_B,4,6,SKIP_AFFECTED_AREA,AVOID_PAIN_AREA_ACTIVE_RECOVERY,"{""alternative_target_muscle_code"": ""CORE"", ""body_area_code"": ""KNEE"", ""score_band_code"": ""NRS_4_6"", ""selection_basis"": ""DOMAIN_APPROVED_SCORE_BAND_AND_TARGET_MUSCLE_POLICY"", ""source_path"": ""normalized/v2_discomfort_alternative_mapping.csv"", ""source_target_muscle_code"": ""HAMSTRINGS""}",mapping:KNEE:NRS_4_6:REX-000007:REX-000009:DISCOMFORT
barbell_straight_leg_deadlift_hip_dominant_barbell,bodyweight_standing_calf_raise_isolation_bodyweight,REX-000007,REX-000016,DISCOMFORT,ACTIVE_RECOVERY,-1,"[""HIP""]","[""KNEE"",""LOWER_BACK""]","[""ANKLE_FOOT""]","[""KNEE""]",BODYWEIGHT,HOME|GYM,alternative-rule-v2.0.0,alternative-set-v2.0.0,DOMAIN_APPROVED,false,A_TO_B,4,6,SKIP_AFFECTED_AREA,AVOID_PAIN_AREA_ACTIVE_RECOVERY,"{""alternative_target_muscle_code"": ""CALVES"", ""body_area_code"": ""LOWER_BACK"", ""score_band_code"": ""NRS_4_6"", ""selection_basis"": ""DOMAIN_APPROVED_SCORE_BAND_AND_TARGET_MUSCLE_POLICY"", ""source_path"": ""normalized/v2_discomfort_alternative_mapping.csv"", ""source_target_muscle_code"": ""HAMSTRINGS""}",mapping:LOWER_BACK:NRS_4_6:REX-000007:REX-000016:DISCOMFORT
barbell_straight_leg_deadlift_hip_dominant_barbell,seated_leg_curl_knee_flexion_machine,REX-000007,REX-000083,DISCOMFORT,SAME_GOAL,-1,"[""HIP""]","[""KNEE"",""LOWER_BACK""]","[""KNEE""]","[""HIP""]",MACHINE,GYM,alternative-rule-v2.0.0,alternative-set-v2.0.0,DOMAIN_APPROVED,false,A_TO_B,1,3,LOAD_REDUCED,SAME_GOAL_LOWER_LOAD_ROM_EASIER_VARIANT,"{""alternative_target_muscle_code"": ""HAMSTRINGS"", ""body_area_code"": ""HIP"", ""score_band_code"": ""NRS_1_3"", ""selection_basis"": ""DOMAIN_APPROVED_SCORE_BAND_AND_TARGET_MUSCLE_POLICY"", ""source_path"": ""normalized/v2_discomfort_alternative_mapping.csv"", ""source_target_muscle_code"": ""HAMSTRINGS""}",mapping:HIP:NRS_1_3:REX-000007:REX-000083:DISCOMFORT
barbell_straight_leg_deadlift_hip_dominant_barbell,seated_leg_curl_knee_flexion_machine,REX-000007,REX-000083,DISCOMFORT,SAME_GOAL,-1,"[""HIP""]","[""KNEE"",""LOWER_BACK""]","[""KNEE""]","[""HIP""]",MACHINE,GYM,alternative-rule-v2.0.0,alternative-set-v2.0.0,DOMAIN_APPROVED,false,A_TO_B,1,3,LOAD_REDUCED,SAME_GOAL_LOWER_LOAD_ROM_EASIER_VARIANT,"{""alternative_target_muscle_code"": ""HAMSTRINGS"", ""body_area_code"": ""KNEE"", ""score_band_code"": ""NRS_1_3"", ""selection_basis"": ""DOMAIN_APPROVED_SCORE_BAND_AND_TARGET_MUSCLE_POLICY"", ""source_path"": ""normalized/v2_discomfort_alternative_mapping.csv"", ""source_target_muscle_code"": ""HAMSTRINGS""}",mapping:KNEE:NRS_1_3:REX-000007:REX-000083:DISCOMFORT
barbell_straight_leg_deadlift_hip_dominant_barbell,seated_leg_curl_knee_flexion_machine,REX-000007,REX-000083,DISCOMFORT,SAME_GOAL,-1,"[""HIP""]","[""KNEE"",""LOWER_BACK""]","[""KNEE""]","[""HIP""]",MACHINE,GYM,alternative-rule-v2.0.0,alternative-set-v2.0.0,DOMAIN_APPROVED,false,A_TO_B,1,3,LOAD_REDUCED,SAME_GOAL_LOWER_LOAD_ROM_EASIER_VARIANT,"{""alternative_target_muscle_code"": ""HAMSTRINGS"", ""body_area_code"": ""LOWER_BACK"", ""score_band_code"": ""NRS_1_3"", ""selection_basis"": ""DOMAIN_APPROVED_SCORE_BAND_AND_TARGET_MUSCLE_POLICY"", ""source_path"": ""normalized/v2_discomfort_alternative_mapping.csv"", ""source_target_muscle_code"": ""HAMSTRINGS""}",mapping:LOWER_BACK:NRS_1_3:REX-000007:REX-000083:DISCOMFORT
barbell_straight_leg_deadlift_hip_dominant_barbell,bodyweight_back_extension_hip_dominant_bodyweight,REX-000007,REX-000008,LOCATION,POSTERIOR_CHAIN_STRENGTH,0,"[""HIP""]","[""KNEE"",""LOWER_BACK""]","[""LOWER_BACK""]","[""HIP"",""UPPER_BACK""]",BODYWEIGHT,HOME|GYM,alternative-rule-v2.0.0,alternative-set-v2.0.0,DOMAIN_APPROVED,false,A_TO_B,,,,,"{""legacy_relationship_type"": ""CONSTRAINT"", ""selection_basis"": ""REX_ENDPOINT_AND_V2_CATALOG_RECHECK"", ""source_path"": ""generated/exercise-alternatives-v0.3.0/alternative_relationships.csv""}",NEX-000009:NEX-000064:CONSTRAINT
barbell_straight_leg_deadlift_hip_dominant_barbell,bodyweight_glute_bridge_hip_dominant_bodyweight,REX-000007,REX-000011,LOCATION,POSTERIOR_CHAIN_STRENGTH,-1,"[""HIP""]","[""KNEE"",""LOWER_BACK""]","[""HIP""]","[""KNEE"",""LOWER_BACK""]",BODYWEIGHT,HOME|GYM,alternative-rule-v2.0.0,alternative-set-v2.0.0,DOMAIN_APPROVED,false,A_TO_B,,,,,"{""legacy_relationship_type"": ""INTENSITY"", ""selection_basis"": ""REX_ENDPOINT_AND_V2_CATALOG_RECHECK"", ""source_path"": ""generated/exercise-alternatives-v0.3.0/alternative_relationships.csv""}",NEX-000009:NEX-000162:INTENSITY
bodyweight_back_extension_hip_dominant_bodyweight,bodyweight_crunch_core_brace_bodyweight,REX-000008,REX-000009,DISCOMFORT,ACTIVE_RECOVERY,-1,"[""LOWER_BACK""]","[""HIP"",""UPPER_BACK""]","[""ABDOMEN""]","[""LOWER_BACK""]",BODYWEIGHT,HOME|GYM,alternative-rule-v2.0.0,alternative-set-v2.0.0,DOMAIN_APPROVED,false,A_TO_B,4,6,SKIP_AFFECTED_AREA,AVOID_PAIN_AREA_ACTIVE_RECOVERY,"{""alternative_target_muscle_code"": ""CORE"", ""body_area_code"": ""HIP"", ""score_band_code"": ""NRS_4_6"", ""selection_basis"": ""DOMAIN_APPROVED_SCORE_BAND_AND_TARGET_MUSCLE_POLICY"", ""source_path"": ""normalized/v2_discomfort_alternative_mapping.csv"", ""source_target_muscle_code"": ""BACK""}",mapping:HIP:NRS_4_6:REX-000008:REX-000009:DISCOMFORT
bodyweight_back_extension_hip_dominant_bodyweight,bodyweight_crunch_core_brace_bodyweight,REX-000008,REX-000009,DISCOMFORT,ACTIVE_RECOVERY,-1,"[""LOWER_BACK""]","[""HIP"",""UPPER_BACK""]","[""ABDOMEN""]","[""LOWER_BACK""]",BODYWEIGHT,HOME|GYM,alternative-rule-v2.0.0,alternative-set-v2.0.0,DOMAIN_APPROVED,false,A_TO_B,4,6,SKIP_AFFECTED_AREA,AVOID_PAIN_AREA_ACTIVE_RECOVERY,"{""alternative_target_muscle_code"": ""CORE"", ""body_area_code"": ""UPPER_BACK"", ""score_band_code"": ""NRS_4_6"", ""selection_basis"": ""DOMAIN_APPROVED_SCORE_BAND_AND_TARGET_MUSCLE_POLICY"", ""source_path"": ""normalized/v2_discomfort_alternative_mapping.csv"", ""source_target_muscle_code"": ""BACK""}",mapping:UPPER_BACK:NRS_4_6:REX-000008:REX-000009:DISCOMFORT
bodyweight_back_extension_hip_dominant_bodyweight,bodyweight_standing_calf_raise_isolation_bodyweight,REX-000008,REX-000016,DISCOMFORT,ACTIVE_RECOVERY,-1,"[""LOWER_BACK""]","[""HIP"",""UPPER_BACK""]","[""ANKLE_FOOT""]","[""KNEE""]",BODYWEIGHT,HOME|GYM,alternative-rule-v2.0.0,alternative-set-v2.0.0,DOMAIN_APPROVED,false,A_TO_B,4,6,SKIP_AFFECTED_AREA,AVOID_PAIN_AREA_ACTIVE_RECOVERY,"{""alternative_target_muscle_code"": ""CALVES"", ""body_area_code"": ""LOWER_BACK"", ""score_band_code"": ""NRS_4_6"", ""selection_basis"": ""DOMAIN_APPROVED_SCORE_BAND_AND_TARGET_MUSCLE_POLICY"", ""source_path"": ""normalized/v2_discomfort_alternative_mapping.csv"", ""source_target_muscle_code"": ""BACK""}",mapping:LOWER_BACK:NRS_4_6:REX-000008:REX-000016:DISCOMFORT
bodyweight_back_extension_hip_dominant_bodyweight,one_arm_wall_lats_isolation_bodyweight,REX-000008,REX-000046,DISCOMFORT,SAME_GOAL,-1,"[""LOWER_BACK""]","[""HIP"",""UPPER_BACK""]","[""UPPER_BACK""]","[""SHOULDER"",""ELBOW""]",BODYWEIGHT,HOME|GYM,alternative-rule-v2.0.0,alternative-set-v2.0.0,DOMAIN_APPROVED,false,A_TO_B,1,3,LOAD_REDUCED,SAME_GOAL_LOWER_LOAD_ROM_EASIER_VARIANT,"{""alternative_target_muscle_code"": ""BACK"", ""body_area_code"": ""HIP"", ""score_band_code"": ""NRS_1_3"", ""selection_basis"": ""DOMAIN_APPROVED_SCORE_BAND_AND_TARGET_MUSCLE_POLICY"", ""source_path"": ""normalized/v2_discomfort_alternative_mapping.csv"", ""source_target_muscle_code"": ""BACK""}",mapping:HIP:NRS_1_3:REX-000008:REX-000046:DISCOMFORT
bodyweight_back_extension_hip_dominant_bodyweight,one_arm_wall_lats_isolation_bodyweight,REX-000008,REX-000046,DISCOMFORT,SAME_GOAL,-1,"[""LOWER_BACK""]","[""HIP"",""UPPER_BACK""]","[""UPPER_BACK""]","[""SHOULDER"",""ELBOW""]",BODYWEIGHT,HOME|GYM,alternative-rule-v2.0.0,alternative-set-v2.0.0,DOMAIN_APPROVED,false,A_TO_B,1,3,LOAD_REDUCED,SAME_GOAL_LOWER_LOAD_ROM_EASIER_VARIANT,"{""alternative_target_muscle_code"": ""BACK"", ""body_area_code"": ""LOWER_BACK"", ""score_band_code"": ""NRS_1_3"", ""selection_basis"": ""DOMAIN_APPROVED_SCORE_BAND_AND_TARGET_MUSCLE_POLICY"", ""source_path"": ""normalized/v2_discomfort_alternative_mapping.csv"", ""source_target_muscle_code"": ""BACK""}",mapping:LOWER_BACK:NRS_1_3:REX-000008:REX-000046:DISCOMFORT
bodyweight_back_extension_hip_dominant_bodyweight,one_arm_wall_lats_isolation_bodyweight,REX-000008,REX-000046,DISCOMFORT,SAME_GOAL,-1,"[""LOWER_BACK""]","[""HIP"",""UPPER_BACK""]","[""UPPER_BACK""]","[""SHOULDER"",""ELBOW""]",BODYWEIGHT,HOME|GYM,alternative-rule-v2.0.0,alternative-set-v2.0.0,DOMAIN_APPROVED,false,A_TO_B,1,3,LOAD_REDUCED,SAME_GOAL_LOWER_LOAD_ROM_EASIER_VARIANT,"{""alternative_target_muscle_code"": ""BACK"", ""body_area_code"": ""UPPER_BACK"", ""score_band_code"": ""NRS_1_3"", ""selection_basis"": ""DOMAIN_APPROVED_SCORE_BAND_AND_TARGET_MUSCLE_POLICY"", ""source_path"": ""normalized/v2_discomfort_alternative_mapping.csv"", ""source_target_muscle_code"": ""BACK""}",mapping:UPPER_BACK:NRS_1_3:REX-000008:REX-000046:DISCOMFORT
bodyweight_back_extension_hip_dominant_bodyweight,barbell_deadlift_hip_dominant_barbell,REX-000008,REX-000004,LOCATION,POSTERIOR_CHAIN_STRENGTH,-1,"[""LOWER_BACK""]","[""HIP"",""UPPER_BACK""]","[""HIP""]","[""KNEE"",""LOWER_BACK""]",BARBELL,GYM,alternative-rule-v2.0.0,alternative-set-v2.0.0,DOMAIN_APPROVED,false,A_TO_B,,,,,"{""legacy_relationship_type"": ""CONSTRAINT"", ""selection_basis"": ""REX_ENDPOINT_AND_V2_CATALOG_RECHECK"", ""source_path"": ""generated/exercise-alternatives-v0.3.0/alternative_relationships.csv""}",NEX-000064:NEX-000192:CONSTRAINT
bodyweight_back_extension_hip_dominant_bodyweight,barbell_straight_leg_deadlift_hip_dominant_barbell,REX-000008,REX-000007,LOCATION,POSTERIOR_CHAIN_STRENGTH,0,"[""LOWER_BACK""]","[""HIP"",""UPPER_BACK""]","[""HIP""]","[""KNEE"",""LOWER_BACK""]",BARBELL,GYM,alternative-rule-v2.0.0,alternative-set-v2.0.0,DOMAIN_APPROVED,false,A_TO_B,,,,,"{""legacy_relationship_type"": ""CONSTRAINT"", ""selection_basis"": ""REX_ENDPOINT_AND_V2_CATALOG_RECHECK"", ""source_path"": ""generated/exercise-alternatives-v0.3.0/alternative_relationships.csv""}",NEX-000064:NEX-000193:CONSTRAINT
bodyweight_crunch_core_brace_bodyweight,bodyweight_reverse_crunch_core_brace_bodyweight,REX-000009,REX-000013,DIFFICULTY,CORE_STABILITY,-1,"[""ABDOMEN""]","[""LOWER_BACK""]","[""ABDOMEN""]","[""LOWER_BACK""]",BODYWEIGHT,HOME|GYM,alternative-rule-v2.0.0,alternative-set-v2.0.0,DOMAIN_APPROVED,false,A_TO_B,,,,,"{""legacy_relationship_type"": ""CONSTRAINT"", ""selection_basis"": ""REX_ENDPOINT_AND_V2_CATALOG_RECHECK"", ""source_path"": ""generated/exercise-alternatives-v0.3.0/alternative_relationships.csv""}",NEX-000031:NEX-000094:CONSTRAINT
bodyweight_crunch_core_brace_bodyweight,bodyweight_reverse_crunch_core_brace_bodyweight,REX-000009,REX-000013,DISCOMFORT,SAME_GOAL,0,"[""ABDOMEN""]","[""LOWER_BACK""]","[""ABDOMEN""]","[""LOWER_BACK""]",BODYWEIGHT,HOME|GYM,alternative-rule-v2.0.0,alternative-set-v2.0.0,DOMAIN_APPROVED,false,A_TO_B,1,3,LOAD_REDUCED,SAME_GOAL_LOWER_LOAD_ROM_EASIER_VARIANT,"{""alternative_target_muscle_code"": ""CORE"", ""body_area_code"": ""ABDOMEN"", ""score_band_code"": ""NRS_1_3"", ""selection_basis"": ""DOMAIN_APPROVED_SCORE_BAND_AND_TARGET_MUSCLE_POLICY"", ""source_path"": ""normalized/v2_discomfort_alternative_mapping.csv"", ""source_target_muscle_code"": ""CORE""}",mapping:ABDOMEN:NRS_1_3:REX-000009:REX-000013:DISCOMFORT
bodyweight_crunch_core_brace_bodyweight,bodyweight_reverse_crunch_core_brace_bodyweight,REX-000009,REX-000013,DISCOMFORT,SAME_GOAL,0,"[""ABDOMEN""]","[""LOWER_BACK""]","[""ABDOMEN""]","[""LOWER_BACK""]",BODYWEIGHT,HOME|GYM,alternative-rule-v2.0.0,alternative-set-v2.0.0,DOMAIN_APPROVED,false,A_TO_B,1,3,LOAD_REDUCED,SAME_GOAL_LOWER_LOAD_ROM_EASIER_VARIANT,"{""alternative_target_muscle_code"": ""CORE"", ""body_area_code"": ""LOWER_BACK"", ""score_band_code"": ""NRS_1_3"", ""selection_basis"": ""DOMAIN_APPROVED_SCORE_BAND_AND_TARGET_MUSCLE_POLICY"", ""source_path"": ""normalized/v2_discomfort_alternative_mapping.csv"", ""source_target_muscle_code"": ""CORE""}",mapping:LOWER_BACK:NRS_1_3:REX-000009:REX-000013:DISCOMFORT
bodyweight_crunch_core_brace_bodyweight,bodyweight_standing_calf_raise_isolation_bodyweight,REX-000009,REX-000016,DISCOMFORT,ACTIVE_RECOVERY,0,"[""ABDOMEN""]","[""LOWER_BACK""]","[""ANKLE_FOOT""]","[""KNEE""]",BODYWEIGHT,HOME|GYM,alternative-rule-v2.0.0,alternative-set-v2.0.0,DOMAIN_APPROVED,false,A_TO_B,4,6,SKIP_AFFECTED_AREA,AVOID_PAIN_AREA_ACTIVE_RECOVERY,"{""alternative_target_muscle_code"": ""CALVES"", ""body_area_code"": ""ABDOMEN"", ""score_band_code"": ""NRS_4_6"", ""selection_basis"": ""DOMAIN_APPROVED_SCORE_BAND_AND_TARGET_MUSCLE_POLICY"", ""source_path"": ""normalized/v2_discomfort_alternative_mapping.csv"", ""source_target_muscle_code"": ""CORE""}",mapping:ABDOMEN:NRS_4_6:REX-000009:REX-000016:DISCOMFORT
bodyweight_crunch_core_brace_bodyweight,bodyweight_standing_calf_raise_isolation_bodyweight,REX-000009,REX-000016,DISCOMFORT,ACTIVE_RECOVERY,0,"[""ABDOMEN""]","[""LOWER_BACK""]","[""ANKLE_FOOT""]","[""KNEE""]",BODYWEIGHT,HOME|GYM,alternative-rule-v2.0.0,alternative-set-v2.0.0,DOMAIN_APPROVED,false,A_TO_B,4,6,SKIP_AFFECTED_AREA,AVOID_PAIN_AREA_ACTIVE_RECOVERY,"{""alternative_target_muscle_code"": ""CALVES"", ""body_area_code"": ""LOWER_BACK"", ""score_band_code"": ""NRS_4_6"", ""selection_basis"": ""DOMAIN_APPROVED_SCORE_BAND_AND_TARGET_MUSCLE_POLICY"", ""source_path"": ""normalized/v2_discomfort_alternative_mapping.csv"", ""source_target_muscle_code"": ""CORE""}",mapping:LOWER_BACK:NRS_4_6:REX-000009:REX-000016:DISCOMFORT
bodyweight_forward_lunge_knee_dominant_bodyweight,bodyweight_crunch_core_brace_bodyweight,REX-000010,REX-000009,DISCOMFORT,ACTIVE_RECOVERY,-1,"[""HIP"",""KNEE""]","[""ANKLE_FOOT""]","[""ABDOMEN""]","[""LOWER_BACK""]",BODYWEIGHT,HOME|GYM,alternative-rule-v2.0.0,alternative-set-v2.0.0,DOMAIN_APPROVED,false,A_TO_B,4,6,SKIP_AFFECTED_AREA,AVOID_PAIN_AREA_ACTIVE_RECOVERY,"{""alternative_target_muscle_code"": ""CORE"", ""body_area_code"": ""ANKLE_FOOT"", ""score_band_code"": ""NRS_4_6"", ""selection_basis"": ""DOMAIN_APPROVED_SCORE_BAND_AND_TARGET_MUSCLE_POLICY"", ""source_path"": ""normalized/v2_discomfort_alternative_mapping.csv"", ""source_target_muscle_code"": ""GLUTES""}",mapping:ANKLE_FOOT:NRS_4_6:REX-000010:REX-000009:DISCOMFORT
bodyweight_forward_lunge_knee_dominant_bodyweight,bodyweight_crunch_core_brace_bodyweight,REX-000010,REX-000009,DISCOMFORT,ACTIVE_RECOVERY,-1,"[""HIP"",""KNEE""]","[""ANKLE_FOOT""]","[""ABDOMEN""]","[""LOWER_BACK""]",BODYWEIGHT,HOME|GYM,alternative-rule-v2.0.0,alternative-set-v2.0.0,DOMAIN_APPROVED,false,A_TO_B,4,6,SKIP_AFFECTED_AREA,AVOID_PAIN_AREA_ACTIVE_RECOVERY,"{""alternative_target_muscle_code"": ""CORE"", ""body_area_code"": ""HIP"", ""score_band_code"": ""NRS_4_6"", ""selection_basis"": ""DOMAIN_APPROVED_SCORE_BAND_AND_TARGET_MUSCLE_POLICY"", ""source_path"": ""normalized/v2_discomfort_alternative_mapping.csv"", ""source_target_muscle_code"": ""GLUTES""}",mapping:HIP:NRS_4_6:REX-000010:REX-000009:DISCOMFORT
bodyweight_forward_lunge_knee_dominant_bodyweight,bodyweight_crunch_core_brace_bodyweight,REX-000010,REX-000009,DISCOMFORT,ACTIVE_RECOVERY,-1,"[""HIP"",""KNEE""]","[""ANKLE_FOOT""]","[""ABDOMEN""]","[""LOWER_BACK""]",BODYWEIGHT,HOME|GYM,alternative-rule-v2.0.0,alternative-set-v2.0.0,DOMAIN_APPROVED,false,A_TO_B,4,6,SKIP_AFFECTED_AREA,AVOID_PAIN_AREA_ACTIVE_RECOVERY,"{""alternative_target_muscle_code"": ""CORE"", ""body_area_code"": ""KNEE"", ""score_band_code"": ""NRS_4_6"", ""selection_basis"": ""DOMAIN_APPROVED_SCORE_BAND_AND_TARGET_MUSCLE_POLICY"", ""source_path"": ""normalized/v2_discomfort_alternative_mapping.csv"", ""source_target_muscle_code"": ""GLUTES""}",mapping:KNEE:NRS_4_6:REX-000010:REX-000009:DISCOMFORT
bodyweight_forward_lunge_knee_dominant_bodyweight,mobility_balance_bodyweight,REX-000010,REX-000066,DISCOMFORT,SAME_GOAL,-1,"[""HIP"",""KNEE""]","[""ANKLE_FOOT""]","[""HIP""]","[""ANKLE_FOOT"",""KNEE""]",BODYWEIGHT,HOME|GYM,alternative-rule-v2.0.0,alternative-set-v2.0.0,DOMAIN_APPROVED,false,A_TO_B,1,3,LOAD_REDUCED,SAME_GOAL_LOWER_LOAD_ROM_EASIER_VARIANT,"{""alternative_target_muscle_code"": ""MOBILITY"", ""body_area_code"": ""ANKLE_FOOT"", ""score_band_code"": ""NRS_1_3"", ""selection_basis"": ""DOMAIN_APPROVED_SCORE_BAND_AND_TARGET_MUSCLE_POLICY"", ""source_path"": ""normalized/v2_discomfort_alternative_mapping.csv"", ""source_target_muscle_code"": ""GLUTES""}",mapping:ANKLE_FOOT:NRS_1_3:REX-000010:REX-000066:DISCOMFORT
bodyweight_forward_lunge_knee_dominant_bodyweight,mobility_balance_bodyweight,REX-000010,REX-000066,DISCOMFORT,SAME_GOAL,-1,"[""HIP"",""KNEE""]","[""ANKLE_FOOT""]","[""HIP""]","[""ANKLE_FOOT"",""KNEE""]",BODYWEIGHT,HOME|GYM,alternative-rule-v2.0.0,alternative-set-v2.0.0,DOMAIN_APPROVED,false,A_TO_B,1,3,LOAD_REDUCED,SAME_GOAL_LOWER_LOAD_ROM_EASIER_VARIANT,"{""alternative_target_muscle_code"": ""MOBILITY"", ""body_area_code"": ""HIP"", ""score_band_code"": ""NRS_1_3"", ""selection_basis"": ""DOMAIN_APPROVED_SCORE_BAND_AND_TARGET_MUSCLE_POLICY"", ""source_path"": ""normalized/v2_discomfort_alternative_mapping.csv"", ""source_target_muscle_code"": ""GLUTES""}",mapping:HIP:NRS_1_3:REX-000010:REX-000066:DISCOMFORT
bodyweight_forward_lunge_knee_dominant_bodyweight,mobility_balance_bodyweight,REX-000010,REX-000066,DISCOMFORT,SAME_GOAL,-1,"[""HIP"",""KNEE""]","[""ANKLE_FOOT""]","[""HIP""]","[""ANKLE_FOOT"",""KNEE""]",BODYWEIGHT,HOME|GYM,alternative-rule-v2.0.0,alternative-set-v2.0.0,DOMAIN_APPROVED,false,A_TO_B,1,3,LOAD_REDUCED,SAME_GOAL_LOWER_LOAD_ROM_EASIER_VARIANT,"{""alternative_target_muscle_code"": ""MOBILITY"", ""body_area_code"": ""KNEE"", ""score_band_code"": ""NRS_1_3"", ""selection_basis"": ""DOMAIN_APPROVED_SCORE_BAND_AND_TARGET_MUSCLE_POLICY"", ""source_path"": ""normalized/v2_discomfort_alternative_mapping.csv"", ""source_target_muscle_code"": ""GLUTES""}",mapping:KNEE:NRS_1_3:REX-000010:REX-000066:DISCOMFORT
bodyweight_glute_bridge_hip_dominant_bodyweight,bodyweight_crunch_core_brace_bodyweight,REX-000011,REX-000009,DISCOMFORT,ACTIVE_RECOVERY,0,"[""HIP""]","[""KNEE"",""LOWER_BACK""]","[""ABDOMEN""]","[""LOWER_BACK""]",BODYWEIGHT,HOME|GYM,alternative-rule-v2.0.0,alternative-set-v2.0.0,DOMAIN_APPROVED,false,A_TO_B,4,6,SKIP_AFFECTED_AREA,AVOID_PAIN_AREA_ACTIVE_RECOVERY,"{""alternative_target_muscle_code"": ""CORE"", ""body_area_code"": ""HIP"", ""score_band_code"": ""NRS_4_6"", ""selection_basis"": ""DOMAIN_APPROVED_SCORE_BAND_AND_TARGET_MUSCLE_POLICY"", ""source_path"": ""normalized/v2_discomfort_alternative_mapping.csv"", ""source_target_muscle_code"": ""GLUTES""}",mapping:HIP:NRS_4_6:REX-000011:REX-000009:DISCOMFORT
bodyweight_glute_bridge_hip_dominant_bodyweight,bodyweight_crunch_core_brace_bodyweight,REX-000011,REX-000009,DISCOMFORT,ACTIVE_RECOVERY,0,"[""HIP""]","[""KNEE"",""LOWER_BACK""]","[""ABDOMEN""]","[""LOWER_BACK""]",BODYWEIGHT,HOME|GYM,alternative-rule-v2.0.0,alternative-set-v2.0.0,DOMAIN_APPROVED,false,A_TO_B,4,6,SKIP_AFFECTED_AREA,AVOID_PAIN_AREA_ACTIVE_RECOVERY,"{""alternative_target_muscle_code"": ""CORE"", ""body_area_code"": ""KNEE"", ""score_band_code"": ""NRS_4_6"", ""selection_basis"": ""DOMAIN_APPROVED_SCORE_BAND_AND_TARGET_MUSCLE_POLICY"", ""source_path"": ""normalized/v2_discomfort_alternative_mapping.csv"", ""source_target_muscle_code"": ""GLUTES""}",mapping:KNEE:NRS_4_6:REX-000011:REX-000009:DISCOMFORT
bodyweight_glute_bridge_hip_dominant_bodyweight,bodyweight_standing_calf_raise_isolation_bodyweight,REX-000011,REX-000016,DISCOMFORT,ACTIVE_RECOVERY,0,"[""HIP""]","[""KNEE"",""LOWER_BACK""]","[""ANKLE_FOOT""]","[""KNEE""]",BODYWEIGHT,HOME|GYM,alternative-rule-v2.0.0,alternative-set-v2.0.0,DOMAIN_APPROVED,false,A_TO_B,4,6,SKIP_AFFECTED_AREA,AVOID_PAIN_AREA_ACTIVE_RECOVERY,"{""alternative_target_muscle_code"": ""CALVES"", ""body_area_code"": ""LOWER_BACK"", ""score_band_code"": ""NRS_4_6"", ""selection_basis"": ""DOMAIN_APPROVED_SCORE_BAND_AND_TARGET_MUSCLE_POLICY"", ""source_path"": ""normalized/v2_discomfort_alternative_mapping.csv"", ""source_target_muscle_code"": ""GLUTES""}",mapping:LOWER_BACK:NRS_4_6:REX-000011:REX-000016:DISCOMFORT
bodyweight_glute_bridge_hip_dominant_bodyweight,mobility_balance_bodyweight,REX-000011,REX-000066,DISCOMFORT,SAME_GOAL,0,"[""HIP""]","[""KNEE"",""LOWER_BACK""]","[""HIP""]","[""ANKLE_FOOT"",""KNEE""]",BODYWEIGHT,HOME|GYM,alternative-rule-v2.0.0,alternative-set-v2.0.0,DOMAIN_APPROVED,false,A_TO_B,1,3,LOAD_REDUCED,SAME_GOAL_LOWER_LOAD_ROM_EASIER_VARIANT,"{""alternative_target_muscle_code"": ""MOBILITY"", ""body_area_code"": ""HIP"", ""score_band_code"": ""NRS_1_3"", ""selection_basis"": ""DOMAIN_APPROVED_SCORE_BAND_AND_TARGET_MUSCLE_POLICY"", ""source_path"": ""normalized/v2_discomfort_alternative_mapping.csv"", ""source_target_muscle_code"": ""GLUTES""}",mapping:HIP:NRS_1_3:REX-000011:REX-000066:DISCOMFORT
bodyweight_glute_bridge_hip_dominant_bodyweight,mobility_balance_bodyweight,REX-000011,REX-000066,DISCOMFORT,SAME_GOAL,0,"[""HIP""]","[""KNEE"",""LOWER_BACK""]","[""HIP""]","[""ANKLE_FOOT"",""KNEE""]",BODYWEIGHT,HOME|GYM,alternative-rule-v2.0.0,alternative-set-v2.0.0,DOMAIN_APPROVED,false,A_TO_B,1,3,LOAD_REDUCED,SAME_GOAL_LOWER_LOAD_ROM_EASIER_VARIANT,"{""alternative_target_muscle_code"": ""MOBILITY"", ""body_area_code"": ""KNEE"", ""score_band_code"": ""NRS_1_3"", ""selection_basis"": ""DOMAIN_APPROVED_SCORE_BAND_AND_TARGET_MUSCLE_POLICY"", ""source_path"": ""normalized/v2_discomfort_alternative_mapping.csv"", ""source_target_muscle_code"": ""GLUTES""}",mapping:KNEE:NRS_1_3:REX-000011:REX-000066:DISCOMFORT
bodyweight_glute_bridge_hip_dominant_bodyweight,mobility_balance_bodyweight,REX-000011,REX-000066,DISCOMFORT,SAME_GOAL,0,"[""HIP""]","[""KNEE"",""LOWER_BACK""]","[""HIP""]","[""ANKLE_FOOT"",""KNEE""]",BODYWEIGHT,HOME|GYM,alternative-rule-v2.0.0,alternative-set-v2.0.0,DOMAIN_APPROVED,false,A_TO_B,1,3,LOAD_REDUCED,SAME_GOAL_LOWER_LOAD_ROM_EASIER_VARIANT,"{""alternative_target_muscle_code"": ""MOBILITY"", ""body_area_code"": ""LOWER_BACK"", ""score_band_code"": ""NRS_1_3"", ""selection_basis"": ""DOMAIN_APPROVED_SCORE_BAND_AND_TARGET_MUSCLE_POLICY"", ""source_path"": ""normalized/v2_discomfort_alternative_mapping.csv"", ""source_target_muscle_code"": ""GLUTES""}",mapping:LOWER_BACK:NRS_1_3:REX-000011:REX-000066:DISCOMFORT
bodyweight_pull_up_biceps_vertical_pull_bodyweight_pull_up_bar,bodyweight_crunch_core_brace_bodyweight,REX-000012,REX-000009,DISCOMFORT,ACTIVE_RECOVERY,-1,"[""ELBOW""]","[""UPPER_BACK"",""WRIST_HAND""]","[""ABDOMEN""]","[""LOWER_BACK""]",BODYWEIGHT,HOME|GYM,alternative-rule-v2.0.0,alternative-set-v2.0.0,DOMAIN_APPROVED,false,A_TO_B,4,6,SKIP_AFFECTED_AREA,AVOID_PAIN_AREA_ACTIVE_RECOVERY,"{""alternative_target_muscle_code"": ""CORE"", ""body_area_code"": ""ELBOW"", ""score_band_code"": ""NRS_4_6"", ""selection_basis"": ""DOMAIN_APPROVED_SCORE_BAND_AND_TARGET_MUSCLE_POLICY"", ""source_path"": ""normalized/v2_discomfort_alternative_mapping.csv"", ""source_target_muscle_code"": ""BICEPS""}",mapping:ELBOW:NRS_4_6:REX-000012:REX-000009:DISCOMFORT
bodyweight_pull_up_biceps_vertical_pull_bodyweight_pull_up_bar,bodyweight_crunch_core_brace_bodyweight,REX-000012,REX-000009,DISCOMFORT,ACTIVE_RECOVERY,-1,"[""ELBOW""]","[""UPPER_BACK"",""WRIST_HAND""]","[""ABDOMEN""]","[""LOWER_BACK""]",BODYWEIGHT,HOME|GYM,alternative-rule-v2.0.0,alternative-set-v2.0.0,DOMAIN_APPROVED,false,A_TO_B,4,6,SKIP_AFFECTED_AREA,AVOID_PAIN_AREA_ACTIVE_RECOVERY,"{""alternative_target_muscle_code"": ""CORE"", ""body_area_code"": ""UPPER_BACK"", ""score_band_code"": ""NRS_4_6"", ""selection_basis"": ""DOMAIN_APPROVED_SCORE_BAND_AND_TARGET_MUSCLE_POLICY"", ""source_path"": ""normalized/v2_discomfort_alternative_mapping.csv"", ""source_target_muscle_code"": ""BICEPS""}",mapping:UPPER_BACK:NRS_4_6:REX-000012:REX-000009:DISCOMFORT
bodyweight_pull_up_biceps_vertical_pull_bodyweight_pull_up_bar,bodyweight_crunch_core_brace_bodyweight,REX-000012,REX-000009,DISCOMFORT,ACTIVE_RECOVERY,-1,"[""ELBOW""]","[""UPPER_BACK"",""WRIST_HAND""]","[""ABDOMEN""]","[""LOWER_BACK""]",BODYWEIGHT,HOME|GYM,alternative-rule-v2.0.0,alternative-set-v2.0.0,DOMAIN_APPROVED,false,A_TO_B,4,6,SKIP_AFFECTED_AREA,AVOID_PAIN_AREA_ACTIVE_RECOVERY,"{""alternative_target_muscle_code"": ""CORE"", ""body_area_code"": ""WRIST_HAND"", ""score_band_code"": ""NRS_4_6"", ""selection_basis"": ""DOMAIN_APPROVED_SCORE_BAND_AND_TARGET_MUSCLE_POLICY"", ""source_path"": ""normalized/v2_discomfort_alternative_mapping.csv"", ""source_target_muscle_code"": ""BICEPS""}",mapping:WRIST_HAND:NRS_4_6:REX-000012:REX-000009:DISCOMFORT
bodyweight_pull_up_biceps_vertical_pull_bodyweight_pull_up_bar,dumbbell_preacher_curl_isolation_dumbbell,REX-000012,REX-000027,DISCOMFORT,SAME_GOAL,-1,"[""ELBOW""]","[""UPPER_BACK"",""WRIST_HAND""]","[""ELBOW""]","[""WRIST_HAND""]",DUMBBELL,HOME|GYM,alternative-rule-v2.0.0,alternative-set-v2.0.0,DOMAIN_APPROVED,false,A_TO_B,1,3,LOAD_REDUCED,SAME_GOAL_LOWER_LOAD_ROM_EASIER_VARIANT,"{""alternative_target_muscle_code"": ""BICEPS"", ""body_area_code"": ""ELBOW"", ""score_band_code"": ""NRS_1_3"", ""selection_basis"": ""DOMAIN_APPROVED_SCORE_BAND_AND_TARGET_MUSCLE_POLICY"", ""source_path"": ""normalized/v2_discomfort_alternative_mapping.csv"", ""source_target_muscle_code"": ""BICEPS""}",mapping:ELBOW:NRS_1_3:REX-000012:REX-000027:DISCOMFORT
bodyweight_pull_up_biceps_vertical_pull_bodyweight_pull_up_bar,dumbbell_preacher_curl_isolation_dumbbell,REX-000012,REX-000027,DISCOMFORT,SAME_GOAL,-1,"[""ELBOW""]","[""UPPER_BACK"",""WRIST_HAND""]","[""ELBOW""]","[""WRIST_HAND""]",DUMBBELL,HOME|GYM,alternative-rule-v2.0.0,alternative-set-v2.0.0,DOMAIN_APPROVED,false,A_TO_B,1,3,LOAD_REDUCED,SAME_GOAL_LOWER_LOAD_ROM_EASIER_VARIANT,"{""alternative_target_muscle_code"": ""BICEPS"", ""body_area_code"": ""UPPER_BACK"", ""score_band_code"": ""NRS_1_3"", ""selection_basis"": ""DOMAIN_APPROVED_SCORE_BAND_AND_TARGET_MUSCLE_POLICY"", ""source_path"": ""normalized/v2_discomfort_alternative_mapping.csv"", ""source_target_muscle_code"": ""BICEPS""}",mapping:UPPER_BACK:NRS_1_3:REX-000012:REX-000027:DISCOMFORT
bodyweight_pull_up_biceps_vertical_pull_bodyweight_pull_up_bar,dumbbell_preacher_curl_isolation_dumbbell,REX-000012,REX-000027,DISCOMFORT,SAME_GOAL,-1,"[""ELBOW""]","[""UPPER_BACK"",""WRIST_HAND""]","[""ELBOW""]","[""WRIST_HAND""]",DUMBBELL,HOME|GYM,alternative-rule-v2.0.0,alternative-set-v2.0.0,DOMAIN_APPROVED,false,A_TO_B,1,3,LOAD_REDUCED,SAME_GOAL_LOWER_LOAD_ROM_EASIER_VARIANT,"{""alternative_target_muscle_code"": ""BICEPS"", ""body_area_code"": ""WRIST_HAND"", ""score_band_code"": ""NRS_1_3"", ""selection_basis"": ""DOMAIN_APPROVED_SCORE_BAND_AND_TARGET_MUSCLE_POLICY"", ""source_path"": ""normalized/v2_discomfort_alternative_mapping.csv"", ""source_target_muscle_code"": ""BICEPS""}",mapping:WRIST_HAND:NRS_1_3:REX-000012:REX-000027:DISCOMFORT
bodyweight_pull_up_biceps_vertical_pull_bodyweight_pull_up_bar,lat_pulldown_vertical_pull_cable_machine,REX-000012,REX-000040,LOCATION,VERTICAL_PULL_STRENGTH,-1,"[""ELBOW""]","[""UPPER_BACK"",""WRIST_HAND""]","[""UPPER_BACK""]","[""ELBOW"",""SHOULDER""]",CABLE_MACHINE,GYM,alternative-rule-v2.0.0,alternative-set-v2.0.0,DOMAIN_APPROVED,false,A_TO_B,,,,,"{""legacy_relationship_type"": ""INTENSITY"", ""selection_basis"": ""REX_ENDPOINT_AND_V2_CATALOG_RECHECK"", ""source_path"": ""generated/exercise-alternatives-v0.3.0/alternative_relationships.csv""}",NEX-000011:NEX-000020:INTENSITY
bodyweight_reverse_crunch_core_brace_bodyweight,bodyweight_crunch_core_brace_bodyweight,REX-000013,REX-000009,DIFFICULTY,CORE_STABILITY,-1,"[""ABDOMEN""]","[""LOWER_BACK""]","[""ABDOMEN""]","[""LOWER_BACK""]",BODYWEIGHT,HOME|GYM,alternative-rule-v2.0.0,alternative-set-v2.0.0,DOMAIN_APPROVED,false,A_TO_B,,,,,"{""legacy_relationship_type"": ""CONSTRAINT"", ""selection_basis"": ""REX_ENDPOINT_AND_V2_CATALOG_RECHECK"", ""source_path"": ""generated/exercise-alternatives-v0.3.0/alternative_relationships.csv""}",NEX-000027:NEX-000029:CONSTRAINT
bodyweight_reverse_crunch_core_brace_bodyweight,bodyweight_crunch_core_brace_bodyweight,REX-000013,REX-000009,DISCOMFORT,SAME_GOAL,0,"[""ABDOMEN""]","[""LOWER_BACK""]","[""ABDOMEN""]","[""LOWER_BACK""]",BODYWEIGHT,HOME|GYM,alternative-rule-v2.0.0,alternative-set-v2.0.0,DOMAIN_APPROVED,false,A_TO_B,1,3,LOAD_REDUCED,SAME_GOAL_LOWER_LOAD_ROM_EASIER_VARIANT,"{""alternative_target_muscle_code"": ""CORE"", ""body_area_code"": ""ABDOMEN"", ""score_band_code"": ""NRS_1_3"", ""selection_basis"": ""DOMAIN_APPROVED_SCORE_BAND_AND_TARGET_MUSCLE_POLICY"", ""source_path"": ""normalized/v2_discomfort_alternative_mapping.csv"", ""source_target_muscle_code"": ""CORE""}",mapping:ABDOMEN:NRS_1_3:REX-000013:REX-000009:DISCOMFORT
bodyweight_reverse_crunch_core_brace_bodyweight,bodyweight_crunch_core_brace_bodyweight,REX-000013,REX-000009,DISCOMFORT,SAME_GOAL,0,"[""ABDOMEN""]","[""LOWER_BACK""]","[""ABDOMEN""]","[""LOWER_BACK""]",BODYWEIGHT,HOME|GYM,alternative-rule-v2.0.0,alternative-set-v2.0.0,DOMAIN_APPROVED,false,A_TO_B,1,3,LOAD_REDUCED,SAME_GOAL_LOWER_LOAD_ROM_EASIER_VARIANT,"{""alternative_target_muscle_code"": ""CORE"", ""body_area_code"": ""LOWER_BACK"", ""score_band_code"": ""NRS_1_3"", ""selection_basis"": ""DOMAIN_APPROVED_SCORE_BAND_AND_TARGET_MUSCLE_POLICY"", ""source_path"": ""normalized/v2_discomfort_alternative_mapping.csv"", ""source_target_muscle_code"": ""CORE""}",mapping:LOWER_BACK:NRS_1_3:REX-000013:REX-000009:DISCOMFORT
bodyweight_reverse_crunch_core_brace_bodyweight,bodyweight_standing_calf_raise_isolation_bodyweight,REX-000013,REX-000016,DISCOMFORT,ACTIVE_RECOVERY,0,"[""ABDOMEN""]","[""LOWER_BACK""]","[""ANKLE_FOOT""]","[""KNEE""]",BODYWEIGHT,HOME|GYM,alternative-rule-v2.0.0,alternative-set-v2.0.0,DOMAIN_APPROVED,false,A_TO_B,4,6,SKIP_AFFECTED_AREA,AVOID_PAIN_AREA_ACTIVE_RECOVERY,"{""alternative_target_muscle_code"": ""CALVES"", ""body_area_code"": ""ABDOMEN"", ""score_band_code"": ""NRS_4_6"", ""selection_basis"": ""DOMAIN_APPROVED_SCORE_BAND_AND_TARGET_MUSCLE_POLICY"", ""source_path"": ""normalized/v2_discomfort_alternative_mapping.csv"", ""source_target_muscle_code"": ""CORE""}",mapping:ABDOMEN:NRS_4_6:REX-000013:REX-000016:DISCOMFORT
bodyweight_reverse_crunch_core_brace_bodyweight,bodyweight_standing_calf_raise_isolation_bodyweight,REX-000013,REX-000016,DISCOMFORT,ACTIVE_RECOVERY,0,"[""ABDOMEN""]","[""LOWER_BACK""]","[""ANKLE_FOOT""]","[""KNEE""]",BODYWEIGHT,HOME|GYM,alternative-rule-v2.0.0,alternative-set-v2.0.0,DOMAIN_APPROVED,false,A_TO_B,4,6,SKIP_AFFECTED_AREA,AVOID_PAIN_AREA_ACTIVE_RECOVERY,"{""alternative_target_muscle_code"": ""CALVES"", ""body_area_code"": ""LOWER_BACK"", ""score_band_code"": ""NRS_4_6"", ""selection_basis"": ""DOMAIN_APPROVED_SCORE_BAND_AND_TARGET_MUSCLE_POLICY"", ""source_path"": ""normalized/v2_discomfort_alternative_mapping.csv"", ""source_target_muscle_code"": ""CORE""}",mapping:LOWER_BACK:NRS_4_6:REX-000013:REX-000016:DISCOMFORT
bodyweight_russian_twist_core_brace_bodyweight,bodyweight_reverse_crunch_core_brace_bodyweight,REX-000014,REX-000013,DIFFICULTY,CORE_STABILITY,-1,"[""ABDOMEN""]","[""LOWER_BACK""]","[""ABDOMEN""]","[""LOWER_BACK""]",BODYWEIGHT,HOME|GYM,alternative-rule-v2.0.0,alternative-set-v2.0.0,DOMAIN_APPROVED,false,A_TO_B,,,,,"{""legacy_relationship_type"": ""CONSTRAINT"", ""selection_basis"": ""REX_ENDPOINT_AND_V2_CATALOG_RECHECK"", ""source_path"": ""generated/exercise-alternatives-v0.3.0/alternative_relationships.csv""}",NEX-000023:NEX-000094:CONSTRAINT
bodyweight_russian_twist_core_brace_bodyweight,bodyweight_crunch_core_brace_bodyweight,REX-000014,REX-000009,DISCOMFORT,SAME_GOAL,-1,"[""ABDOMEN""]","[""LOWER_BACK""]","[""ABDOMEN""]","[""LOWER_BACK""]",BODYWEIGHT,HOME|GYM,alternative-rule-v2.0.0,alternative-set-v2.0.0,DOMAIN_APPROVED,false,A_TO_B,1,3,LOAD_REDUCED,SAME_GOAL_LOWER_LOAD_ROM_EASIER_VARIANT,"{""alternative_target_muscle_code"": ""CORE"", ""body_area_code"": ""ABDOMEN"", ""score_band_code"": ""NRS_1_3"", ""selection_basis"": ""DOMAIN_APPROVED_SCORE_BAND_AND_TARGET_MUSCLE_POLICY"", ""source_path"": ""normalized/v2_discomfort_alternative_mapping.csv"", ""source_target_muscle_code"": ""CORE""}",mapping:ABDOMEN:NRS_1_3:REX-000014:REX-000009:DISCOMFORT
bodyweight_russian_twist_core_brace_bodyweight,bodyweight_crunch_core_brace_bodyweight,REX-000014,REX-000009,DISCOMFORT,SAME_GOAL,-1,"[""ABDOMEN""]","[""LOWER_BACK""]","[""ABDOMEN""]","[""LOWER_BACK""]",BODYWEIGHT,HOME|GYM,alternative-rule-v2.0.0,alternative-set-v2.0.0,DOMAIN_APPROVED,false,A_TO_B,1,3,LOAD_REDUCED,SAME_GOAL_LOWER_LOAD_ROM_EASIER_VARIANT,"{""alternative_target_muscle_code"": ""CORE"", ""body_area_code"": ""LOWER_BACK"", ""score_band_code"": ""NRS_1_3"", ""selection_basis"": ""DOMAIN_APPROVED_SCORE_BAND_AND_TARGET_MUSCLE_POLICY"", ""source_path"": ""normalized/v2_discomfort_alternative_mapping.csv"", ""source_target_muscle_code"": ""CORE""}",mapping:LOWER_BACK:NRS_1_3:REX-000014:REX-000009:DISCOMFORT
bodyweight_russian_twist_core_brace_bodyweight,bodyweight_standing_calf_raise_isolation_bodyweight,REX-000014,REX-000016,DISCOMFORT,ACTIVE_RECOVERY,-1,"[""ABDOMEN""]","[""LOWER_BACK""]","[""ANKLE_FOOT""]","[""KNEE""]",BODYWEIGHT,HOME|GYM,alternative-rule-v2.0.0,alternative-set-v2.0.0,DOMAIN_APPROVED,false,A_TO_B,4,6,SKIP_AFFECTED_AREA,AVOID_PAIN_AREA_ACTIVE_RECOVERY,"{""alternative_target_muscle_code"": ""CALVES"", ""body_area_code"": ""ABDOMEN"", ""score_band_code"": ""NRS_4_6"", ""selection_basis"": ""DOMAIN_APPROVED_SCORE_BAND_AND_TARGET_MUSCLE_POLICY"", ""source_path"": ""normalized/v2_discomfort_alternative_mapping.csv"", ""source_target_muscle_code"": ""CORE""}",mapping:ABDOMEN:NRS_4_6:REX-000014:REX-000016:DISCOMFORT
bodyweight_russian_twist_core_brace_bodyweight,bodyweight_standing_calf_raise_isolation_bodyweight,REX-000014,REX-000016,DISCOMFORT,ACTIVE_RECOVERY,-1,"[""ABDOMEN""]","[""LOWER_BACK""]","[""ANKLE_FOOT""]","[""KNEE""]",BODYWEIGHT,HOME|GYM,alternative-rule-v2.0.0,alternative-set-v2.0.0,DOMAIN_APPROVED,false,A_TO_B,4,6,SKIP_AFFECTED_AREA,AVOID_PAIN_AREA_ACTIVE_RECOVERY,"{""alternative_target_muscle_code"": ""CALVES"", ""body_area_code"": ""LOWER_BACK"", ""score_band_code"": ""NRS_4_6"", ""selection_basis"": ""DOMAIN_APPROVED_SCORE_BAND_AND_TARGET_MUSCLE_POLICY"", ""source_path"": ""normalized/v2_discomfort_alternative_mapping.csv"", ""source_target_muscle_code"": ""CORE""}",mapping:LOWER_BACK:NRS_4_6:REX-000014:REX-000016:DISCOMFORT
bodyweight_split_squat_knee_dominant_bodyweight,bodyweight_crunch_core_brace_bodyweight,REX-000015,REX-000009,DISCOMFORT,ACTIVE_RECOVERY,-1,"[""KNEE"",""HIP""]","[""ANKLE_FOOT""]","[""ABDOMEN""]","[""LOWER_BACK""]",BODYWEIGHT,HOME|GYM,alternative-rule-v2.0.0,alternative-set-v2.0.0,DOMAIN_APPROVED,false,A_TO_B,4,6,SKIP_AFFECTED_AREA,AVOID_PAIN_AREA_ACTIVE_RECOVERY,"{""alternative_target_muscle_code"": ""CORE"", ""body_area_code"": ""ANKLE_FOOT"", ""score_band_code"": ""NRS_4_6"", ""selection_basis"": ""DOMAIN_APPROVED_SCORE_BAND_AND_TARGET_MUSCLE_POLICY"", ""source_path"": ""normalized/v2_discomfort_alternative_mapping.csv"", ""source_target_muscle_code"": ""QUADRICEPS""}",mapping:ANKLE_FOOT:NRS_4_6:REX-000015:REX-000009:DISCOMFORT
bodyweight_split_squat_knee_dominant_bodyweight,bodyweight_crunch_core_brace_bodyweight,REX-000015,REX-000009,DISCOMFORT,ACTIVE_RECOVERY,-1,"[""KNEE"",""HIP""]","[""ANKLE_FOOT""]","[""ABDOMEN""]","[""LOWER_BACK""]",BODYWEIGHT,HOME|GYM,alternative-rule-v2.0.0,alternative-set-v2.0.0,DOMAIN_APPROVED,false,A_TO_B,4,6,SKIP_AFFECTED_AREA,AVOID_PAIN_AREA_ACTIVE_RECOVERY,"{""alternative_target_muscle_code"": ""CORE"", ""body_area_code"": ""HIP"", ""score_band_code"": ""NRS_4_6"", ""selection_basis"": ""DOMAIN_APPROVED_SCORE_BAND_AND_TARGET_MUSCLE_POLICY"", ""source_path"": ""normalized/v2_discomfort_alternative_mapping.csv"", ""source_target_muscle_code"": ""QUADRICEPS""}",mapping:HIP:NRS_4_6:REX-000015:REX-000009:DISCOMFORT
bodyweight_split_squat_knee_dominant_bodyweight,bodyweight_crunch_core_brace_bodyweight,REX-000015,REX-000009,DISCOMFORT,ACTIVE_RECOVERY,-1,"[""KNEE"",""HIP""]","[""ANKLE_FOOT""]","[""ABDOMEN""]","[""LOWER_BACK""]",BODYWEIGHT,HOME|GYM,alternative-rule-v2.0.0,alternative-set-v2.0.0,DOMAIN_APPROVED,false,A_TO_B,4,6,SKIP_AFFECTED_AREA,AVOID_PAIN_AREA_ACTIVE_RECOVERY,"{""alternative_target_muscle_code"": ""CORE"", ""body_area_code"": ""KNEE"", ""score_band_code"": ""NRS_4_6"", ""selection_basis"": ""DOMAIN_APPROVED_SCORE_BAND_AND_TARGET_MUSCLE_POLICY"", ""source_path"": ""normalized/v2_discomfort_alternative_mapping.csv"", ""source_target_muscle_code"": ""QUADRICEPS""}",mapping:KNEE:NRS_4_6:REX-000015:REX-000009:DISCOMFORT
bodyweight_split_squat_knee_dominant_bodyweight,leg_press_knee_dominant_resistance_band,REX-000015,REX-000069,DISCOMFORT,SAME_GOAL,-1,"[""KNEE"",""HIP""]","[""ANKLE_FOOT""]","[""KNEE""]","[""HIP""]",RESISTANCE_BAND,HOME,alternative-rule-v2.0.0,alternative-set-v2.0.0,DOMAIN_APPROVED,false,A_TO_B,1,3,LOAD_REDUCED,SAME_GOAL_LOWER_LOAD_ROM_EASIER_VARIANT,"{""alternative_target_muscle_code"": ""QUADRICEPS"", ""body_area_code"": ""ANKLE_FOOT"", ""score_band_code"": ""NRS_1_3"", ""selection_basis"": ""DOMAIN_APPROVED_SCORE_BAND_AND_TARGET_MUSCLE_POLICY"", ""source_path"": ""normalized/v2_discomfort_alternative_mapping.csv"", ""source_target_muscle_code"": ""QUADRICEPS""}",mapping:ANKLE_FOOT:NRS_1_3:REX-000015:REX-000069:DISCOMFORT
bodyweight_split_squat_knee_dominant_bodyweight,leg_press_knee_dominant_resistance_band,REX-000015,REX-000069,DISCOMFORT,SAME_GOAL,-1,"[""KNEE"",""HIP""]","[""ANKLE_FOOT""]","[""KNEE""]","[""HIP""]",RESISTANCE_BAND,HOME,alternative-rule-v2.0.0,alternative-set-v2.0.0,DOMAIN_APPROVED,false,A_TO_B,1,3,LOAD_REDUCED,SAME_GOAL_LOWER_LOAD_ROM_EASIER_VARIANT,"{""alternative_target_muscle_code"": ""QUADRICEPS"", ""body_area_code"": ""HIP"", ""score_band_code"": ""NRS_1_3"", ""selection_basis"": ""DOMAIN_APPROVED_SCORE_BAND_AND_TARGET_MUSCLE_POLICY"", ""source_path"": ""normalized/v2_discomfort_alternative_mapping.csv"", ""source_target_muscle_code"": ""QUADRICEPS""}",mapping:HIP:NRS_1_3:REX-000015:REX-000069:DISCOMFORT
bodyweight_split_squat_knee_dominant_bodyweight,leg_press_knee_dominant_resistance_band,REX-000015,REX-000069,DISCOMFORT,SAME_GOAL,-1,"[""KNEE"",""HIP""]","[""ANKLE_FOOT""]","[""KNEE""]","[""HIP""]",RESISTANCE_BAND,HOME,alternative-rule-v2.0.0,alternative-set-v2.0.0,DOMAIN_APPROVED,false,A_TO_B,1,3,LOAD_REDUCED,SAME_GOAL_LOWER_LOAD_ROM_EASIER_VARIANT,"{""alternative_target_muscle_code"": ""QUADRICEPS"", ""body_area_code"": ""KNEE"", ""score_band_code"": ""NRS_1_3"", ""selection_basis"": ""DOMAIN_APPROVED_SCORE_BAND_AND_TARGET_MUSCLE_POLICY"", ""source_path"": ""normalized/v2_discomfort_alternative_mapping.csv"", ""source_target_muscle_code"": ""QUADRICEPS""}",mapping:KNEE:NRS_1_3:REX-000015:REX-000069:DISCOMFORT
bodyweight_split_squat_knee_dominant_bodyweight,dumbbell_step_up_lunge_knee_dominant_dumbbell_step_box,REX-000015,REX-000031,EQUIPMENT,KNEE_DOMINANT_STRENGTH,0,"[""KNEE"",""HIP""]","[""ANKLE_FOOT""]","[""KNEE"",""HIP""]","[""ANKLE_FOOT""]",DUMBBELL|STEP_BOX,HOME|GYM,alternative-rule-v2.0.0,alternative-set-v2.0.0,DOMAIN_APPROVED,false,A_TO_B,,,,,"{""legacy_relationship_type"": ""RECOVERY"", ""selection_basis"": ""REX_ENDPOINT_AND_V2_CATALOG_RECHECK"", ""source_path"": ""generated/exercise-alternatives-v0.3.0/alternative_relationships.csv""}",NEX-000154:NEX-000159:RECOVERY
bodyweight_standing_calf_raise_isolation_bodyweight,bodyweight_crunch_core_brace_bodyweight,REX-000016,REX-000009,DISCOMFORT,ACTIVE_RECOVERY,0,"[""ANKLE_FOOT""]","[""KNEE""]","[""ABDOMEN""]","[""LOWER_BACK""]",BODYWEIGHT,HOME|GYM,alternative-rule-v2.0.0,alternative-set-v2.0.0,DOMAIN_APPROVED,false,A_TO_B,4,6,SKIP_AFFECTED_AREA,AVOID_PAIN_AREA_ACTIVE_RECOVERY,"{""alternative_target_muscle_code"": ""CORE"", ""body_area_code"": ""ANKLE_FOOT"", ""score_band_code"": ""NRS_4_6"", ""selection_basis"": ""DOMAIN_APPROVED_SCORE_BAND_AND_TARGET_MUSCLE_POLICY"", ""source_path"": ""normalized/v2_discomfort_alternative_mapping.csv"", ""source_target_muscle_code"": ""CALVES""}",mapping:ANKLE_FOOT:NRS_4_6:REX-000016:REX-000009:DISCOMFORT
bodyweight_standing_calf_raise_isolation_bodyweight,bodyweight_crunch_core_brace_bodyweight,REX-000016,REX-000009,DISCOMFORT,ACTIVE_RECOVERY,0,"[""ANKLE_FOOT""]","[""KNEE""]","[""ABDOMEN""]","[""LOWER_BACK""]",BODYWEIGHT,HOME|GYM,alternative-rule-v2.0.0,alternative-set-v2.0.0,DOMAIN_APPROVED,false,A_TO_B,4,6,SKIP_AFFECTED_AREA,AVOID_PAIN_AREA_ACTIVE_RECOVERY,"{""alternative_target_muscle_code"": ""CORE"", ""body_area_code"": ""KNEE"", ""score_band_code"": ""NRS_4_6"", ""selection_basis"": ""DOMAIN_APPROVED_SCORE_BAND_AND_TARGET_MUSCLE_POLICY"", ""source_path"": ""normalized/v2_discomfort_alternative_mapping.csv"", ""source_target_muscle_code"": ""CALVES""}",mapping:KNEE:NRS_4_6:REX-000016:REX-000009:DISCOMFORT
bodyweight_standing_calf_raise_isolation_bodyweight,seated_calf_raise_isolation_barbell,REX-000016,REX-000080,DISCOMFORT,SAME_GOAL,0,"[""ANKLE_FOOT""]","[""KNEE""]","[""ANKLE_FOOT""]","[""KNEE""]",BARBELL,GYM,alternative-rule-v2.0.0,alternative-set-v2.0.0,DOMAIN_APPROVED,false,A_TO_B,1,3,LOAD_REDUCED,SAME_GOAL_LOWER_LOAD_ROM_EASIER_VARIANT,"{""alternative_target_muscle_code"": ""CALVES"", ""body_area_code"": ""ANKLE_FOOT"", ""score_band_code"": ""NRS_1_3"", ""selection_basis"": ""DOMAIN_APPROVED_SCORE_BAND_AND_TARGET_MUSCLE_POLICY"", ""source_path"": ""normalized/v2_discomfort_alternative_mapping.csv"", ""source_target_muscle_code"": ""CALVES""}",mapping:ANKLE_FOOT:NRS_1_3:REX-000016:REX-000080:DISCOMFORT
bodyweight_standing_calf_raise_isolation_bodyweight,seated_calf_raise_isolation_barbell,REX-000016,REX-000080,DISCOMFORT,SAME_GOAL,0,"[""ANKLE_FOOT""]","[""KNEE""]","[""ANKLE_FOOT""]","[""KNEE""]",BARBELL,GYM,alternative-rule-v2.0.0,alternative-set-v2.0.0,DOMAIN_APPROVED,false,A_TO_B,1,3,LOAD_REDUCED,SAME_GOAL_LOWER_LOAD_ROM_EASIER_VARIANT,"{""alternative_target_muscle_code"": ""CALVES"", ""body_area_code"": ""KNEE"", ""score_band_code"": ""NRS_1_3"", ""selection_basis"": ""DOMAIN_APPROVED_SCORE_BAND_AND_TARGET_MUSCLE_POLICY"", ""source_path"": ""normalized/v2_discomfort_alternative_mapping.csv"", ""source_target_muscle_code"": ""CALVES""}",mapping:KNEE:NRS_1_3:REX-000016:REX-000080:DISCOMFORT
bodyweight_standing_calf_raise_isolation_bodyweight,reverse_calf_raise_isolation_resistance_band,REX-000016,REX-000054,EQUIPMENT,ISOLATION_CALF_RAISE,0,"[""ANKLE_FOOT""]","[""KNEE""]","[""ANKLE_FOOT""]","[""KNEE""]",RESISTANCE_BAND,HOME|GYM,alternative-rule-v2.0.0,alternative-set-v2.0.0,DOMAIN_APPROVED,false,A_TO_B,,,,,"{""legacy_relationship_type"": ""CONSTRAINT"", ""selection_basis"": ""REX_ENDPOINT_AND_V2_CATALOG_RECHECK"", ""source_path"": ""generated/exercise-alternatives-v0.3.0/alternative_relationships.csv""}",NEX-000058:NEX-000103:CONSTRAINT
butterfly_adductor_stretch_mobility_stretch_bodyweight,ankle_circles_mobility_stretch_bodyweight,REX-000017,REX-000003,DISCOMFORT,SAME_GOAL,0,"[""HIP""]","[""KNEE""]","[""ANKLE_FOOT""]","[""KNEE""]",BODYWEIGHT,HOME|GYM,alternative-rule-v2.0.0,alternative-set-v2.0.0,DOMAIN_APPROVED,false,A_TO_B,1,3,LOAD_REDUCED,SAME_GOAL_LOWER_LOAD_ROM_EASIER_VARIANT,"{""alternative_target_muscle_code"": ""MOBILITY"", ""body_area_code"": ""HIP"", ""score_band_code"": ""NRS_1_3"", ""selection_basis"": ""DOMAIN_APPROVED_SCORE_BAND_AND_TARGET_MUSCLE_POLICY"", ""source_path"": ""normalized/v2_discomfort_alternative_mapping.csv"", ""source_target_muscle_code"": ""MOBILITY""}",mapping:HIP:NRS_1_3:REX-000017:REX-000003:DISCOMFORT
butterfly_adductor_stretch_mobility_stretch_bodyweight,ankle_circles_mobility_stretch_bodyweight,REX-000017,REX-000003,DISCOMFORT,SAME_GOAL,0,"[""HIP""]","[""KNEE""]","[""ANKLE_FOOT""]","[""KNEE""]",BODYWEIGHT,HOME|GYM,alternative-rule-v2.0.0,alternative-set-v2.0.0,DOMAIN_APPROVED,false,A_TO_B,1,3,LOAD_REDUCED,SAME_GOAL_LOWER_LOAD_ROM_EASIER_VARIANT,"{""alternative_target_muscle_code"": ""MOBILITY"", ""body_area_code"": ""KNEE"", ""score_band_code"": ""NRS_1_3"", ""selection_basis"": ""DOMAIN_APPROVED_SCORE_BAND_AND_TARGET_MUSCLE_POLICY"", ""source_path"": ""normalized/v2_discomfort_alternative_mapping.csv"", ""source_target_muscle_code"": ""MOBILITY""}",mapping:KNEE:NRS_1_3:REX-000017:REX-000003:DISCOMFORT
butterfly_adductor_stretch_mobility_stretch_bodyweight,bodyweight_crunch_core_brace_bodyweight,REX-000017,REX-000009,DISCOMFORT,ACTIVE_RECOVERY,0,"[""HIP""]","[""KNEE""]","[""ABDOMEN""]","[""LOWER_BACK""]",BODYWEIGHT,HOME|GYM,alternative-rule-v2.0.0,alternative-set-v2.0.0,DOMAIN_APPROVED,false,A_TO_B,4,6,SKIP_AFFECTED_AREA,AVOID_PAIN_AREA_ACTIVE_RECOVERY,"{""alternative_target_muscle_code"": ""CORE"", ""body_area_code"": ""HIP"", ""score_band_code"": ""NRS_4_6"", ""selection_basis"": ""DOMAIN_APPROVED_SCORE_BAND_AND_TARGET_MUSCLE_POLICY"", ""source_path"": ""normalized/v2_discomfort_alternative_mapping.csv"", ""source_target_muscle_code"": ""MOBILITY""}",mapping:HIP:NRS_4_6:REX-000017:REX-000009:DISCOMFORT
butterfly_adductor_stretch_mobility_stretch_bodyweight,bodyweight_crunch_core_brace_bodyweight,REX-000017,REX-000009,DISCOMFORT,ACTIVE_RECOVERY,0,"[""HIP""]","[""KNEE""]","[""ABDOMEN""]","[""LOWER_BACK""]",BODYWEIGHT,HOME|GYM,alternative-rule-v2.0.0,alternative-set-v2.0.0,DOMAIN_APPROVED,false,A_TO_B,4,6,SKIP_AFFECTED_AREA,AVOID_PAIN_AREA_ACTIVE_RECOVERY,"{""alternative_target_muscle_code"": ""CORE"", ""body_area_code"": ""KNEE"", ""score_band_code"": ""NRS_4_6"", ""selection_basis"": ""DOMAIN_APPROVED_SCORE_BAND_AND_TARGET_MUSCLE_POLICY"", ""source_path"": ""normalized/v2_discomfort_alternative_mapping.csv"", ""source_target_muscle_code"": ""MOBILITY""}",mapping:KNEE:NRS_4_6:REX-000017:REX-000009:DISCOMFORT
cable_fly_isolation_cable_machine,bodyweight_crunch_core_brace_bodyweight,REX-000018,REX-000009,DISCOMFORT,ACTIVE_RECOVERY,0,"[""CHEST""]","[""SHOULDER""]","[""ABDOMEN""]","[""LOWER_BACK""]",BODYWEIGHT,HOME|GYM,alternative-rule-v2.0.0,alternative-set-v2.0.0,DOMAIN_APPROVED,false,A_TO_B,4,6,SKIP_AFFECTED_AREA,AVOID_PAIN_AREA_ACTIVE_RECOVERY,"{""alternative_target_muscle_code"": ""CORE"", ""body_area_code"": ""CHEST"", ""score_band_code"": ""NRS_4_6"", ""selection_basis"": ""DOMAIN_APPROVED_SCORE_BAND_AND_TARGET_MUSCLE_POLICY"", ""source_path"": ""normalized/v2_discomfort_alternative_mapping.csv"", ""source_target_muscle_code"": ""CHEST""}",mapping:CHEST:NRS_4_6:REX-000018:REX-000009:DISCOMFORT
cable_fly_isolation_cable_machine,bodyweight_crunch_core_brace_bodyweight,REX-000018,REX-000009,DISCOMFORT,ACTIVE_RECOVERY,0,"[""CHEST""]","[""SHOULDER""]","[""ABDOMEN""]","[""LOWER_BACK""]",BODYWEIGHT,HOME|GYM,alternative-rule-v2.0.0,alternative-set-v2.0.0,DOMAIN_APPROVED,false,A_TO_B,4,6,SKIP_AFFECTED_AREA,AVOID_PAIN_AREA_ACTIVE_RECOVERY,"{""alternative_target_muscle_code"": ""CORE"", ""body_area_code"": ""SHOULDER"", ""score_band_code"": ""NRS_4_6"", ""selection_basis"": ""DOMAIN_APPROVED_SCORE_BAND_AND_TARGET_MUSCLE_POLICY"", ""source_path"": ""normalized/v2_discomfort_alternative_mapping.csv"", ""source_target_muscle_code"": ""CHEST""}",mapping:SHOULDER:NRS_4_6:REX-000018:REX-000009:DISCOMFORT
cable_fly_isolation_cable_machine,push_up_horizontal_push_bodyweight,REX-000018,REX-000052,DISCOMFORT,SAME_GOAL,0,"[""CHEST""]","[""SHOULDER""]","[""CHEST""]","[""SHOULDER"",""ELBOW""]",BODYWEIGHT,HOME|GYM,alternative-rule-v2.0.0,alternative-set-v2.0.0,DOMAIN_APPROVED,false,A_TO_B,1,3,LOAD_REDUCED,SAME_GOAL_LOWER_LOAD_ROM_EASIER_VARIANT,"{""alternative_target_muscle_code"": ""CHEST"", ""body_area_code"": ""CHEST"", ""score_band_code"": ""NRS_1_3"", ""selection_basis"": ""DOMAIN_APPROVED_SCORE_BAND_AND_TARGET_MUSCLE_POLICY"", ""source_path"": ""normalized/v2_discomfort_alternative_mapping.csv"", ""source_target_muscle_code"": ""CHEST""}",mapping:CHEST:NRS_1_3:REX-000018:REX-000052:DISCOMFORT
cable_fly_isolation_cable_machine,push_up_horizontal_push_bodyweight,REX-000018,REX-000052,DISCOMFORT,SAME_GOAL,0,"[""CHEST""]","[""SHOULDER""]","[""CHEST""]","[""SHOULDER"",""ELBOW""]",BODYWEIGHT,HOME|GYM,alternative-rule-v2.0.0,alternative-set-v2.0.0,DOMAIN_APPROVED,false,A_TO_B,1,3,LOAD_REDUCED,SAME_GOAL_LOWER_LOAD_ROM_EASIER_VARIANT,"{""alternative_target_muscle_code"": ""CHEST"", ""body_area_code"": ""SHOULDER"", ""score_band_code"": ""NRS_1_3"", ""selection_basis"": ""DOMAIN_APPROVED_SCORE_BAND_AND_TARGET_MUSCLE_POLICY"", ""source_path"": ""normalized/v2_discomfort_alternative_mapping.csv"", ""source_target_muscle_code"": ""CHEST""}",mapping:SHOULDER:NRS_1_3:REX-000018:REX-000052:DISCOMFORT
cable_triceps_pushdown_isolation_cable_machine,bodyweight_crunch_core_brace_bodyweight,REX-000019,REX-000009,DISCOMFORT,ACTIVE_RECOVERY,0,"[""ELBOW""]","[""SHOULDER""]","[""ABDOMEN""]","[""LOWER_BACK""]",BODYWEIGHT,HOME|GYM,alternative-rule-v2.0.0,alternative-set-v2.0.0,DOMAIN_APPROVED,false,A_TO_B,4,6,SKIP_AFFECTED_AREA,AVOID_PAIN_AREA_ACTIVE_RECOVERY,"{""alternative_target_muscle_code"": ""CORE"", ""body_area_code"": ""ELBOW"", ""score_band_code"": ""NRS_4_6"", ""selection_basis"": ""DOMAIN_APPROVED_SCORE_BAND_AND_TARGET_MUSCLE_POLICY"", ""source_path"": ""normalized/v2_discomfort_alternative_mapping.csv"", ""source_target_muscle_code"": ""TRICEPS""}",mapping:ELBOW:NRS_4_6:REX-000019:REX-000009:DISCOMFORT
cable_triceps_pushdown_isolation_cable_machine,bodyweight_crunch_core_brace_bodyweight,REX-000019,REX-000009,DISCOMFORT,ACTIVE_RECOVERY,0,"[""ELBOW""]","[""SHOULDER""]","[""ABDOMEN""]","[""LOWER_BACK""]",BODYWEIGHT,HOME|GYM,alternative-rule-v2.0.0,alternative-set-v2.0.0,DOMAIN_APPROVED,false,A_TO_B,4,6,SKIP_AFFECTED_AREA,AVOID_PAIN_AREA_ACTIVE_RECOVERY,"{""alternative_target_muscle_code"": ""CORE"", ""body_area_code"": ""SHOULDER"", ""score_band_code"": ""NRS_4_6"", ""selection_basis"": ""DOMAIN_APPROVED_SCORE_BAND_AND_TARGET_MUSCLE_POLICY"", ""source_path"": ""normalized/v2_discomfort_alternative_mapping.csv"", ""source_target_muscle_code"": ""TRICEPS""}",mapping:SHOULDER:NRS_4_6:REX-000019:REX-000009:DISCOMFORT
cable_triceps_pushdown_isolation_cable_machine,overhead_triceps_extension_isolation_barbell,REX-000019,REX-000047,DISCOMFORT,SAME_GOAL,0,"[""ELBOW""]","[""SHOULDER""]","[""ELBOW""]","[""SHOULDER""]",BARBELL,GYM,alternative-rule-v2.0.0,alternative-set-v2.0.0,DOMAIN_APPROVED,false,A_TO_B,1,3,LOAD_REDUCED,SAME_GOAL_LOWER_LOAD_ROM_EASIER_VARIANT,"{""alternative_target_muscle_code"": ""TRICEPS"", ""body_area_code"": ""ELBOW"", ""score_band_code"": ""NRS_1_3"", ""selection_basis"": ""DOMAIN_APPROVED_SCORE_BAND_AND_TARGET_MUSCLE_POLICY"", ""source_path"": ""normalized/v2_discomfort_alternative_mapping.csv"", ""source_target_muscle_code"": ""TRICEPS""}",mapping:ELBOW:NRS_1_3:REX-000019:REX-000047:DISCOMFORT
cable_triceps_pushdown_isolation_cable_machine,overhead_triceps_extension_isolation_barbell,REX-000019,REX-000047,DISCOMFORT,SAME_GOAL,0,"[""ELBOW""]","[""SHOULDER""]","[""ELBOW""]","[""SHOULDER""]",BARBELL,GYM,alternative-rule-v2.0.0,alternative-set-v2.0.0,DOMAIN_APPROVED,false,A_TO_B,1,3,LOAD_REDUCED,SAME_GOAL_LOWER_LOAD_ROM_EASIER_VARIANT,"{""alternative_target_muscle_code"": ""TRICEPS"", ""body_area_code"": ""SHOULDER"", ""score_band_code"": ""NRS_1_3"", ""selection_basis"": ""DOMAIN_APPROVED_SCORE_BAND_AND_TARGET_MUSCLE_POLICY"", ""source_path"": ""normalized/v2_discomfort_alternative_mapping.csv"", ""source_target_muscle_code"": ""TRICEPS""}",mapping:SHOULDER:NRS_1_3:REX-000019:REX-000047:DISCOMFORT
cable_triceps_pushdown_isolation_cable_machine,overhead_triceps_extension_isolation_barbell,REX-000019,REX-000047,EQUIPMENT,ISOLATION_ELBOW_EXTENSION,0,"[""ELBOW""]","[""SHOULDER""]","[""ELBOW""]","[""SHOULDER""]",BARBELL,GYM,alternative-rule-v2.0.0,alternative-set-v2.0.0,DOMAIN_APPROVED,false,A_TO_B,,,,,"{""legacy_relationship_type"": ""RECOVERY"", ""selection_basis"": ""REX_ENDPOINT_AND_V2_CATALOG_RECHECK"", ""source_path"": ""generated/exercise-alternatives-v0.3.0/alternative_relationships.csv""}",NEX-000021:NEX-000008:RECOVERY
chair_leg_extended_stretch_mobility_stretch_bodyweight,ankle_circles_mobility_stretch_bodyweight,REX-000020,REX-000003,DISCOMFORT,SAME_GOAL,0,"[""KNEE""]","[""HIP""]","[""ANKLE_FOOT""]","[""KNEE""]",BODYWEIGHT,HOME|GYM,alternative-rule-v2.0.0,alternative-set-v2.0.0,DOMAIN_APPROVED,false,A_TO_B,1,3,LOAD_REDUCED,SAME_GOAL_LOWER_LOAD_ROM_EASIER_VARIANT,"{""alternative_target_muscle_code"": ""MOBILITY"", ""body_area_code"": ""HIP"", ""score_band_code"": ""NRS_1_3"", ""selection_basis"": ""DOMAIN_APPROVED_SCORE_BAND_AND_TARGET_MUSCLE_POLICY"", ""source_path"": ""normalized/v2_discomfort_alternative_mapping.csv"", ""source_target_muscle_code"": ""MOBILITY""}",mapping:HIP:NRS_1_3:REX-000020:REX-000003:DISCOMFORT
chair_leg_extended_stretch_mobility_stretch_bodyweight,ankle_circles_mobility_stretch_bodyweight,REX-000020,REX-000003,DISCOMFORT,SAME_GOAL,0,"[""KNEE""]","[""HIP""]","[""ANKLE_FOOT""]","[""KNEE""]",BODYWEIGHT,HOME|GYM,alternative-rule-v2.0.0,alternative-set-v2.0.0,DOMAIN_APPROVED,false,A_TO_B,1,3,LOAD_REDUCED,SAME_GOAL_LOWER_LOAD_ROM_EASIER_VARIANT,"{""alternative_target_muscle_code"": ""MOBILITY"", ""body_area_code"": ""KNEE"", ""score_band_code"": ""NRS_1_3"", ""selection_basis"": ""DOMAIN_APPROVED_SCORE_BAND_AND_TARGET_MUSCLE_POLICY"", ""source_path"": ""normalized/v2_discomfort_alternative_mapping.csv"", ""source_target_muscle_code"": ""MOBILITY""}",mapping:KNEE:NRS_1_3:REX-000020:REX-000003:DISCOMFORT
chair_leg_extended_stretch_mobility_stretch_bodyweight,bodyweight_crunch_core_brace_bodyweight,REX-000020,REX-000009,DISCOMFORT,ACTIVE_RECOVERY,0,"[""KNEE""]","[""HIP""]","[""ABDOMEN""]","[""LOWER_BACK""]",BODYWEIGHT,HOME|GYM,alternative-rule-v2.0.0,alternative-set-v2.0.0,DOMAIN_APPROVED,false,A_TO_B,4,6,SKIP_AFFECTED_AREA,AVOID_PAIN_AREA_ACTIVE_RECOVERY,"{""alternative_target_muscle_code"": ""CORE"", ""body_area_code"": ""HIP"", ""score_band_code"": ""NRS_4_6"", ""selection_basis"": ""DOMAIN_APPROVED_SCORE_BAND_AND_TARGET_MUSCLE_POLICY"", ""source_path"": ""normalized/v2_discomfort_alternative_mapping.csv"", ""source_target_muscle_code"": ""MOBILITY""}",mapping:HIP:NRS_4_6:REX-000020:REX-000009:DISCOMFORT
chair_leg_extended_stretch_mobility_stretch_bodyweight,bodyweight_crunch_core_brace_bodyweight,REX-000020,REX-000009,DISCOMFORT,ACTIVE_RECOVERY,0,"[""KNEE""]","[""HIP""]","[""ABDOMEN""]","[""LOWER_BACK""]",BODYWEIGHT,HOME|GYM,alternative-rule-v2.0.0,alternative-set-v2.0.0,DOMAIN_APPROVED,false,A_TO_B,4,6,SKIP_AFFECTED_AREA,AVOID_PAIN_AREA_ACTIVE_RECOVERY,"{""alternative_target_muscle_code"": ""CORE"", ""body_area_code"": ""KNEE"", ""score_band_code"": ""NRS_4_6"", ""selection_basis"": ""DOMAIN_APPROVED_SCORE_BAND_AND_TARGET_MUSCLE_POLICY"", ""source_path"": ""normalized/v2_discomfort_alternative_mapping.csv"", ""source_target_muscle_code"": ""MOBILITY""}",mapping:KNEE:NRS_4_6:REX-000020:REX-000009:DISCOMFORT
chest_front_shoulder_stretch_mobility_stretch_bodyweight,ankle_circles_mobility_stretch_bodyweight,REX-000021,REX-000003,DISCOMFORT,SAME_GOAL,0,"[""CHEST"",""SHOULDER""]","[""UPPER_BACK""]","[""ANKLE_FOOT""]","[""KNEE""]",BODYWEIGHT,HOME|GYM,alternative-rule-v2.0.0,alternative-set-v2.0.0,DOMAIN_APPROVED,false,A_TO_B,1,3,LOAD_REDUCED,SAME_GOAL_LOWER_LOAD_ROM_EASIER_VARIANT,"{""alternative_target_muscle_code"": ""MOBILITY"", ""body_area_code"": ""CHEST"", ""score_band_code"": ""NRS_1_3"", ""selection_basis"": ""DOMAIN_APPROVED_SCORE_BAND_AND_TARGET_MUSCLE_POLICY"", ""source_path"": ""normalized/v2_discomfort_alternative_mapping.csv"", ""source_target_muscle_code"": ""MOBILITY""}",mapping:CHEST:NRS_1_3:REX-000021:REX-000003:DISCOMFORT
chest_front_shoulder_stretch_mobility_stretch_bodyweight,ankle_circles_mobility_stretch_bodyweight,REX-000021,REX-000003,DISCOMFORT,SAME_GOAL,0,"[""CHEST"",""SHOULDER""]","[""UPPER_BACK""]","[""ANKLE_FOOT""]","[""KNEE""]",BODYWEIGHT,HOME|GYM,alternative-rule-v2.0.0,alternative-set-v2.0.0,DOMAIN_APPROVED,false,A_TO_B,1,3,LOAD_REDUCED,SAME_GOAL_LOWER_LOAD_ROM_EASIER_VARIANT,"{""alternative_target_muscle_code"": ""MOBILITY"", ""body_area_code"": ""SHOULDER"", ""score_band_code"": ""NRS_1_3"", ""selection_basis"": ""DOMAIN_APPROVED_SCORE_BAND_AND_TARGET_MUSCLE_POLICY"", ""source_path"": ""normalized/v2_discomfort_alternative_mapping.csv"", ""source_target_muscle_code"": ""MOBILITY""}",mapping:SHOULDER:NRS_1_3:REX-000021:REX-000003:DISCOMFORT
chest_front_shoulder_stretch_mobility_stretch_bodyweight,ankle_circles_mobility_stretch_bodyweight,REX-000021,REX-000003,DISCOMFORT,SAME_GOAL,0,"[""CHEST"",""SHOULDER""]","[""UPPER_BACK""]","[""ANKLE_FOOT""]","[""KNEE""]",BODYWEIGHT,HOME|GYM,alternative-rule-v2.0.0,alternative-set-v2.0.0,DOMAIN_APPROVED,false,A_TO_B,1,3,LOAD_REDUCED,SAME_GOAL_LOWER_LOAD_ROM_EASIER_VARIANT,"{""alternative_target_muscle_code"": ""MOBILITY"", ""body_area_code"": ""UPPER_BACK"", ""score_band_code"": ""NRS_1_3"", ""selection_basis"": ""DOMAIN_APPROVED_SCORE_BAND_AND_TARGET_MUSCLE_POLICY"", ""source_path"": ""normalized/v2_discomfort_alternative_mapping.csv"", ""source_target_muscle_code"": ""MOBILITY""}",mapping:UPPER_BACK:NRS_1_3:REX-000021:REX-000003:DISCOMFORT
chest_front_shoulder_stretch_mobility_stretch_bodyweight,bodyweight_crunch_core_brace_bodyweight,REX-000021,REX-000009,DISCOMFORT,ACTIVE_RECOVERY,0,"[""CHEST"",""SHOULDER""]","[""UPPER_BACK""]","[""ABDOMEN""]","[""LOWER_BACK""]",BODYWEIGHT,HOME|GYM,alternative-rule-v2.0.0,alternative-set-v2.0.0,DOMAIN_APPROVED,false,A_TO_B,4,6,SKIP_AFFECTED_AREA,AVOID_PAIN_AREA_ACTIVE_RECOVERY,"{""alternative_target_muscle_code"": ""CORE"", ""body_area_code"": ""CHEST"", ""score_band_code"": ""NRS_4_6"", ""selection_basis"": ""DOMAIN_APPROVED_SCORE_BAND_AND_TARGET_MUSCLE_POLICY"", ""source_path"": ""normalized/v2_discomfort_alternative_mapping.csv"", ""source_target_muscle_code"": ""MOBILITY""}",mapping:CHEST:NRS_4_6:REX-000021:REX-000009:DISCOMFORT
chest_front_shoulder_stretch_mobility_stretch_bodyweight,bodyweight_crunch_core_brace_bodyweight,REX-000021,REX-000009,DISCOMFORT,ACTIVE_RECOVERY,0,"[""CHEST"",""SHOULDER""]","[""UPPER_BACK""]","[""ABDOMEN""]","[""LOWER_BACK""]",BODYWEIGHT,HOME|GYM,alternative-rule-v2.0.0,alternative-set-v2.0.0,DOMAIN_APPROVED,false,A_TO_B,4,6,SKIP_AFFECTED_AREA,AVOID_PAIN_AREA_ACTIVE_RECOVERY,"{""alternative_target_muscle_code"": ""CORE"", ""body_area_code"": ""SHOULDER"", ""score_band_code"": ""NRS_4_6"", ""selection_basis"": ""DOMAIN_APPROVED_SCORE_BAND_AND_TARGET_MUSCLE_POLICY"", ""source_path"": ""normalized/v2_discomfort_alternative_mapping.csv"", ""source_target_muscle_code"": ""MOBILITY""}",mapping:SHOULDER:NRS_4_6:REX-000021:REX-000009:DISCOMFORT
chest_front_shoulder_stretch_mobility_stretch_bodyweight,bodyweight_crunch_core_brace_bodyweight,REX-000021,REX-000009,DISCOMFORT,ACTIVE_RECOVERY,0,"[""CHEST"",""SHOULDER""]","[""UPPER_BACK""]","[""ABDOMEN""]","[""LOWER_BACK""]",BODYWEIGHT,HOME|GYM,alternative-rule-v2.0.0,alternative-set-v2.0.0,DOMAIN_APPROVED,false,A_TO_B,4,6,SKIP_AFFECTED_AREA,AVOID_PAIN_AREA_ACTIVE_RECOVERY,"{""alternative_target_muscle_code"": ""CORE"", ""body_area_code"": ""UPPER_BACK"", ""score_band_code"": ""NRS_4_6"", ""selection_basis"": ""DOMAIN_APPROVED_SCORE_BAND_AND_TARGET_MUSCLE_POLICY"", ""source_path"": ""normalized/v2_discomfort_alternative_mapping.csv"", ""source_target_muscle_code"": ""MOBILITY""}",mapping:UPPER_BACK:NRS_4_6:REX-000021:REX-000009:DISCOMFORT
close_grip_push_up_horizontal_push_bodyweight,bodyweight_crunch_core_brace_bodyweight,REX-000022,REX-000009,DISCOMFORT,ACTIVE_RECOVERY,0,"[""ELBOW"",""CHEST""]","[""SHOULDER"",""ABDOMEN""]","[""ABDOMEN""]","[""LOWER_BACK""]",BODYWEIGHT,HOME|GYM,alternative-rule-v2.0.0,alternative-set-v2.0.0,DOMAIN_APPROVED,false,A_TO_B,4,6,SKIP_AFFECTED_AREA,AVOID_PAIN_AREA_ACTIVE_RECOVERY,"{""alternative_target_muscle_code"": ""CORE"", ""body_area_code"": ""CHEST"", ""score_band_code"": ""NRS_4_6"", ""selection_basis"": ""DOMAIN_APPROVED_SCORE_BAND_AND_TARGET_MUSCLE_POLICY"", ""source_path"": ""normalized/v2_discomfort_alternative_mapping.csv"", ""source_target_muscle_code"": ""TRICEPS""}",mapping:CHEST:NRS_4_6:REX-000022:REX-000009:DISCOMFORT
close_grip_push_up_horizontal_push_bodyweight,bodyweight_crunch_core_brace_bodyweight,REX-000022,REX-000009,DISCOMFORT,ACTIVE_RECOVERY,0,"[""ELBOW"",""CHEST""]","[""SHOULDER"",""ABDOMEN""]","[""ABDOMEN""]","[""LOWER_BACK""]",BODYWEIGHT,HOME|GYM,alternative-rule-v2.0.0,alternative-set-v2.0.0,DOMAIN_APPROVED,false,A_TO_B,4,6,SKIP_AFFECTED_AREA,AVOID_PAIN_AREA_ACTIVE_RECOVERY,"{""alternative_target_muscle_code"": ""CORE"", ""body_area_code"": ""ELBOW"", ""score_band_code"": ""NRS_4_6"", ""selection_basis"": ""DOMAIN_APPROVED_SCORE_BAND_AND_TARGET_MUSCLE_POLICY"", ""source_path"": ""normalized/v2_discomfort_alternative_mapping.csv"", ""source_target_muscle_code"": ""TRICEPS""}",mapping:ELBOW:NRS_4_6:REX-000022:REX-000009:DISCOMFORT
close_grip_push_up_horizontal_push_bodyweight,bodyweight_crunch_core_brace_bodyweight,REX-000022,REX-000009,DISCOMFORT,ACTIVE_RECOVERY,0,"[""ELBOW"",""CHEST""]","[""SHOULDER"",""ABDOMEN""]","[""ABDOMEN""]","[""LOWER_BACK""]",BODYWEIGHT,HOME|GYM,alternative-rule-v2.0.0,alternative-set-v2.0.0,DOMAIN_APPROVED,false,A_TO_B,4,6,SKIP_AFFECTED_AREA,AVOID_PAIN_AREA_ACTIVE_RECOVERY,"{""alternative_target_muscle_code"": ""CORE"", ""body_area_code"": ""SHOULDER"", ""score_band_code"": ""NRS_4_6"", ""selection_basis"": ""DOMAIN_APPROVED_SCORE_BAND_AND_TARGET_MUSCLE_POLICY"", ""source_path"": ""normalized/v2_discomfort_alternative_mapping.csv"", ""source_target_muscle_code"": ""TRICEPS""}",mapping:SHOULDER:NRS_4_6:REX-000022:REX-000009:DISCOMFORT
close_grip_push_up_horizontal_push_bodyweight,bodyweight_standing_calf_raise_isolation_bodyweight,REX-000022,REX-000016,DISCOMFORT,ACTIVE_RECOVERY,0,"[""ELBOW"",""CHEST""]","[""SHOULDER"",""ABDOMEN""]","[""ANKLE_FOOT""]","[""KNEE""]",BODYWEIGHT,HOME|GYM,alternative-rule-v2.0.0,alternative-set-v2.0.0,DOMAIN_APPROVED,false,A_TO_B,4,6,SKIP_AFFECTED_AREA,AVOID_PAIN_AREA_ACTIVE_RECOVERY,"{""alternative_target_muscle_code"": ""CALVES"", ""body_area_code"": ""ABDOMEN"", ""score_band_code"": ""NRS_4_6"", ""selection_basis"": ""DOMAIN_APPROVED_SCORE_BAND_AND_TARGET_MUSCLE_POLICY"", ""source_path"": ""normalized/v2_discomfort_alternative_mapping.csv"", ""source_target_muscle_code"": ""TRICEPS""}",mapping:ABDOMEN:NRS_4_6:REX-000022:REX-000016:DISCOMFORT
close_grip_push_up_horizontal_push_bodyweight,overhead_triceps_extension_isolation_barbell,REX-000022,REX-000047,DISCOMFORT,SAME_GOAL,0,"[""ELBOW"",""CHEST""]","[""SHOULDER"",""ABDOMEN""]","[""ELBOW""]","[""SHOULDER""]",BARBELL,GYM,alternative-rule-v2.0.0,alternative-set-v2.0.0,DOMAIN_APPROVED,false,A_TO_B,1,3,LOAD_REDUCED,SAME_GOAL_LOWER_LOAD_ROM_EASIER_VARIANT,"{""alternative_target_muscle_code"": ""TRICEPS"", ""body_area_code"": ""ABDOMEN"", ""score_band_code"": ""NRS_1_3"", ""selection_basis"": ""DOMAIN_APPROVED_SCORE_BAND_AND_TARGET_MUSCLE_POLICY"", ""source_path"": ""normalized/v2_discomfort_alternative_mapping.csv"", ""source_target_muscle_code"": ""TRICEPS""}",mapping:ABDOMEN:NRS_1_3:REX-000022:REX-000047:DISCOMFORT
close_grip_push_up_horizontal_push_bodyweight,overhead_triceps_extension_isolation_barbell,REX-000022,REX-000047,DISCOMFORT,SAME_GOAL,0,"[""ELBOW"",""CHEST""]","[""SHOULDER"",""ABDOMEN""]","[""ELBOW""]","[""SHOULDER""]",BARBELL,GYM,alternative-rule-v2.0.0,alternative-set-v2.0.0,DOMAIN_APPROVED,false,A_TO_B,1,3,LOAD_REDUCED,SAME_GOAL_LOWER_LOAD_ROM_EASIER_VARIANT,"{""alternative_target_muscle_code"": ""TRICEPS"", ""body_area_code"": ""CHEST"", ""score_band_code"": ""NRS_1_3"", ""selection_basis"": ""DOMAIN_APPROVED_SCORE_BAND_AND_TARGET_MUSCLE_POLICY"", ""source_path"": ""normalized/v2_discomfort_alternative_mapping.csv"", ""source_target_muscle_code"": ""TRICEPS""}",mapping:CHEST:NRS_1_3:REX-000022:REX-000047:DISCOMFORT
close_grip_push_up_horizontal_push_bodyweight,overhead_triceps_extension_isolation_barbell,REX-000022,REX-000047,DISCOMFORT,SAME_GOAL,0,"[""ELBOW"",""CHEST""]","[""SHOULDER"",""ABDOMEN""]","[""ELBOW""]","[""SHOULDER""]",BARBELL,GYM,alternative-rule-v2.0.0,alternative-set-v2.0.0,DOMAIN_APPROVED,false,A_TO_B,1,3,LOAD_REDUCED,SAME_GOAL_LOWER_LOAD_ROM_EASIER_VARIANT,"{""alternative_target_muscle_code"": ""TRICEPS"", ""body_area_code"": ""ELBOW"", ""score_band_code"": ""NRS_1_3"", ""selection_basis"": ""DOMAIN_APPROVED_SCORE_BAND_AND_TARGET_MUSCLE_POLICY"", ""source_path"": ""normalized/v2_discomfort_alternative_mapping.csv"", ""source_target_muscle_code"": ""TRICEPS""}",mapping:ELBOW:NRS_1_3:REX-000022:REX-000047:DISCOMFORT
close_grip_push_up_horizontal_push_bodyweight,overhead_triceps_extension_isolation_barbell,REX-000022,REX-000047,DISCOMFORT,SAME_GOAL,0,"[""ELBOW"",""CHEST""]","[""SHOULDER"",""ABDOMEN""]","[""ELBOW""]","[""SHOULDER""]",BARBELL,GYM,alternative-rule-v2.0.0,alternative-set-v2.0.0,DOMAIN_APPROVED,false,A_TO_B,1,3,LOAD_REDUCED,SAME_GOAL_LOWER_LOAD_ROM_EASIER_VARIANT,"{""alternative_target_muscle_code"": ""TRICEPS"", ""body_area_code"": ""SHOULDER"", ""score_band_code"": ""NRS_1_3"", ""selection_basis"": ""DOMAIN_APPROVED_SCORE_BAND_AND_TARGET_MUSCLE_POLICY"", ""source_path"": ""normalized/v2_discomfort_alternative_mapping.csv"", ""source_target_muscle_code"": ""TRICEPS""}",mapping:SHOULDER:NRS_1_3:REX-000022:REX-000047:DISCOMFORT
crunch_variant_core_brace_bodyweight,bodyweight_crunch_core_brace_bodyweight,REX-000023,REX-000009,DISCOMFORT,SAME_GOAL,0,"[""ABDOMEN""]","[""LOWER_BACK""]","[""ABDOMEN""]","[""LOWER_BACK""]",BODYWEIGHT,HOME|GYM,alternative-rule-v2.0.0,alternative-set-v2.0.0,DOMAIN_APPROVED,false,A_TO_B,1,3,LOAD_REDUCED,SAME_GOAL_LOWER_LOAD_ROM_EASIER_VARIANT,"{""alternative_target_muscle_code"": ""CORE"", ""body_area_code"": ""ABDOMEN"", ""score_band_code"": ""NRS_1_3"", ""selection_basis"": ""DOMAIN_APPROVED_SCORE_BAND_AND_TARGET_MUSCLE_POLICY"", ""source_path"": ""normalized/v2_discomfort_alternative_mapping.csv"", ""source_target_muscle_code"": ""CORE""}",mapping:ABDOMEN:NRS_1_3:REX-000023:REX-000009:DISCOMFORT
crunch_variant_core_brace_bodyweight,bodyweight_crunch_core_brace_bodyweight,REX-000023,REX-000009,DISCOMFORT,SAME_GOAL,0,"[""ABDOMEN""]","[""LOWER_BACK""]","[""ABDOMEN""]","[""LOWER_BACK""]",BODYWEIGHT,HOME|GYM,alternative-rule-v2.0.0,alternative-set-v2.0.0,DOMAIN_APPROVED,false,A_TO_B,1,3,LOAD_REDUCED,SAME_GOAL_LOWER_LOAD_ROM_EASIER_VARIANT,"{""alternative_target_muscle_code"": ""CORE"", ""body_area_code"": ""LOWER_BACK"", ""score_band_code"": ""NRS_1_3"", ""selection_basis"": ""DOMAIN_APPROVED_SCORE_BAND_AND_TARGET_MUSCLE_POLICY"", ""source_path"": ""normalized/v2_discomfort_alternative_mapping.csv"", ""source_target_muscle_code"": ""CORE""}",mapping:LOWER_BACK:NRS_1_3:REX-000023:REX-000009:DISCOMFORT
crunch_variant_core_brace_bodyweight,bodyweight_standing_calf_raise_isolation_bodyweight,REX-000023,REX-000016,DISCOMFORT,ACTIVE_RECOVERY,0,"[""ABDOMEN""]","[""LOWER_BACK""]","[""ANKLE_FOOT""]","[""KNEE""]",BODYWEIGHT,HOME|GYM,alternative-rule-v2.0.0,alternative-set-v2.0.0,DOMAIN_APPROVED,false,A_TO_B,4,6,SKIP_AFFECTED_AREA,AVOID_PAIN_AREA_ACTIVE_RECOVERY,"{""alternative_target_muscle_code"": ""CALVES"", ""body_area_code"": ""ABDOMEN"", ""score_band_code"": ""NRS_4_6"", ""selection_basis"": ""DOMAIN_APPROVED_SCORE_BAND_AND_TARGET_MUSCLE_POLICY"", ""source_path"": ""normalized/v2_discomfort_alternative_mapping.csv"", ""source_target_muscle_code"": ""CORE""}",mapping:ABDOMEN:NRS_4_6:REX-000023:REX-000016:DISCOMFORT
crunch_variant_core_brace_bodyweight,bodyweight_standing_calf_raise_isolation_bodyweight,REX-000023,REX-000016,DISCOMFORT,ACTIVE_RECOVERY,0,"[""ABDOMEN""]","[""LOWER_BACK""]","[""ANKLE_FOOT""]","[""KNEE""]",BODYWEIGHT,HOME|GYM,alternative-rule-v2.0.0,alternative-set-v2.0.0,DOMAIN_APPROVED,false,A_TO_B,4,6,SKIP_AFFECTED_AREA,AVOID_PAIN_AREA_ACTIVE_RECOVERY,"{""alternative_target_muscle_code"": ""CALVES"", ""body_area_code"": ""LOWER_BACK"", ""score_band_code"": ""NRS_4_6"", ""selection_basis"": ""DOMAIN_APPROVED_SCORE_BAND_AND_TARGET_MUSCLE_POLICY"", ""source_path"": ""normalized/v2_discomfort_alternative_mapping.csv"", ""source_target_muscle_code"": ""CORE""}",mapping:LOWER_BACK:NRS_4_6:REX-000023:REX-000016:DISCOMFORT
dead_bug_core_brace_bodyweight,bodyweight_crunch_core_brace_bodyweight,REX-000024,REX-000009,DISCOMFORT,SAME_GOAL,0,"[""ABDOMEN""]","[""LOWER_BACK""]","[""ABDOMEN""]","[""LOWER_BACK""]",BODYWEIGHT,HOME|GYM,alternative-rule-v2.0.0,alternative-set-v2.0.0,DOMAIN_APPROVED,false,A_TO_B,1,3,LOAD_REDUCED,SAME_GOAL_LOWER_LOAD_ROM_EASIER_VARIANT,"{""alternative_target_muscle_code"": ""CORE"", ""body_area_code"": ""ABDOMEN"", ""score_band_code"": ""NRS_1_3"", ""selection_basis"": ""DOMAIN_APPROVED_SCORE_BAND_AND_TARGET_MUSCLE_POLICY"", ""source_path"": ""normalized/v2_discomfort_alternative_mapping.csv"", ""source_target_muscle_code"": ""CORE""}",mapping:ABDOMEN:NRS_1_3:REX-000024:REX-000009:DISCOMFORT
dead_bug_core_brace_bodyweight,bodyweight_crunch_core_brace_bodyweight,REX-000024,REX-000009,DISCOMFORT,SAME_GOAL,0,"[""ABDOMEN""]","[""LOWER_BACK""]","[""ABDOMEN""]","[""LOWER_BACK""]",BODYWEIGHT,HOME|GYM,alternative-rule-v2.0.0,alternative-set-v2.0.0,DOMAIN_APPROVED,false,A_TO_B,1,3,LOAD_REDUCED,SAME_GOAL_LOWER_LOAD_ROM_EASIER_VARIANT,"{""alternative_target_muscle_code"": ""CORE"", ""body_area_code"": ""LOWER_BACK"", ""score_band_code"": ""NRS_1_3"", ""selection_basis"": ""DOMAIN_APPROVED_SCORE_BAND_AND_TARGET_MUSCLE_POLICY"", ""source_path"": ""normalized/v2_discomfort_alternative_mapping.csv"", ""source_target_muscle_code"": ""CORE""}",mapping:LOWER_BACK:NRS_1_3:REX-000024:REX-000009:DISCOMFORT
dead_bug_core_brace_bodyweight,bodyweight_standing_calf_raise_isolation_bodyweight,REX-000024,REX-000016,DISCOMFORT,ACTIVE_RECOVERY,0,"[""ABDOMEN""]","[""LOWER_BACK""]","[""ANKLE_FOOT""]","[""KNEE""]",BODYWEIGHT,HOME|GYM,alternative-rule-v2.0.0,alternative-set-v2.0.0,DOMAIN_APPROVED,false,A_TO_B,4,6,SKIP_AFFECTED_AREA,AVOID_PAIN_AREA_ACTIVE_RECOVERY,"{""alternative_target_muscle_code"": ""CALVES"", ""body_area_code"": ""ABDOMEN"", ""score_band_code"": ""NRS_4_6"", ""selection_basis"": ""DOMAIN_APPROVED_SCORE_BAND_AND_TARGET_MUSCLE_POLICY"", ""source_path"": ""normalized/v2_discomfort_alternative_mapping.csv"", ""source_target_muscle_code"": ""CORE""}",mapping:ABDOMEN:NRS_4_6:REX-000024:REX-000016:DISCOMFORT
dead_bug_core_brace_bodyweight,bodyweight_standing_calf_raise_isolation_bodyweight,REX-000024,REX-000016,DISCOMFORT,ACTIVE_RECOVERY,0,"[""ABDOMEN""]","[""LOWER_BACK""]","[""ANKLE_FOOT""]","[""KNEE""]",BODYWEIGHT,HOME|GYM,alternative-rule-v2.0.0,alternative-set-v2.0.0,DOMAIN_APPROVED,false,A_TO_B,4,6,SKIP_AFFECTED_AREA,AVOID_PAIN_AREA_ACTIVE_RECOVERY,"{""alternative_target_muscle_code"": ""CALVES"", ""body_area_code"": ""LOWER_BACK"", ""score_band_code"": ""NRS_4_6"", ""selection_basis"": ""DOMAIN_APPROVED_SCORE_BAND_AND_TARGET_MUSCLE_POLICY"", ""source_path"": ""normalized/v2_discomfort_alternative_mapping.csv"", ""source_target_muscle_code"": ""CORE""}",mapping:LOWER_BACK:NRS_4_6:REX-000024:REX-000016:DISCOMFORT
dumbbell_goblet_squat_knee_dominant_dumbbell,bodyweight_crunch_core_brace_bodyweight,REX-000025,REX-000009,DISCOMFORT,ACTIVE_RECOVERY,0,"[""KNEE"",""HIP""]","[""ANKLE_FOOT""]","[""ABDOMEN""]","[""LOWER_BACK""]",BODYWEIGHT,HOME|GYM,alternative-rule-v2.0.0,alternative-set-v2.0.0,DOMAIN_APPROVED,false,A_TO_B,4,6,SKIP_AFFECTED_AREA,AVOID_PAIN_AREA_ACTIVE_RECOVERY,"{""alternative_target_muscle_code"": ""CORE"", ""body_area_code"": ""ANKLE_FOOT"", ""score_band_code"": ""NRS_4_6"", ""selection_basis"": ""DOMAIN_APPROVED_SCORE_BAND_AND_TARGET_MUSCLE_POLICY"", ""source_path"": ""normalized/v2_discomfort_alternative_mapping.csv"", ""source_target_muscle_code"": ""QUADRICEPS""}",mapping:ANKLE_FOOT:NRS_4_6:REX-000025:REX-000009:DISCOMFORT
dumbbell_goblet_squat_knee_dominant_dumbbell,bodyweight_crunch_core_brace_bodyweight,REX-000025,REX-000009,DISCOMFORT,ACTIVE_RECOVERY,0,"[""KNEE"",""HIP""]","[""ANKLE_FOOT""]","[""ABDOMEN""]","[""LOWER_BACK""]",BODYWEIGHT,HOME|GYM,alternative-rule-v2.0.0,alternative-set-v2.0.0,DOMAIN_APPROVED,false,A_TO_B,4,6,SKIP_AFFECTED_AREA,AVOID_PAIN_AREA_ACTIVE_RECOVERY,"{""alternative_target_muscle_code"": ""CORE"", ""body_area_code"": ""HIP"", ""score_band_code"": ""NRS_4_6"", ""selection_basis"": ""DOMAIN_APPROVED_SCORE_BAND_AND_TARGET_MUSCLE_POLICY"", ""source_path"": ""normalized/v2_discomfort_alternative_mapping.csv"", ""source_target_muscle_code"": ""QUADRICEPS""}",mapping:HIP:NRS_4_6:REX-000025:REX-000009:DISCOMFORT
dumbbell_goblet_squat_knee_dominant_dumbbell,bodyweight_crunch_core_brace_bodyweight,REX-000025,REX-000009,DISCOMFORT,ACTIVE_RECOVERY,0,"[""KNEE"",""HIP""]","[""ANKLE_FOOT""]","[""ABDOMEN""]","[""LOWER_BACK""]",BODYWEIGHT,HOME|GYM,alternative-rule-v2.0.0,alternative-set-v2.0.0,DOMAIN_APPROVED,false,A_TO_B,4,6,SKIP_AFFECTED_AREA,AVOID_PAIN_AREA_ACTIVE_RECOVERY,"{""alternative_target_muscle_code"": ""CORE"", ""body_area_code"": ""KNEE"", ""score_band_code"": ""NRS_4_6"", ""selection_basis"": ""DOMAIN_APPROVED_SCORE_BAND_AND_TARGET_MUSCLE_POLICY"", ""source_path"": ""normalized/v2_discomfort_alternative_mapping.csv"", ""source_target_muscle_code"": ""QUADRICEPS""}",mapping:KNEE:NRS_4_6:REX-000025:REX-000009:DISCOMFORT
dumbbell_goblet_squat_knee_dominant_dumbbell,leg_press_knee_dominant_resistance_band,REX-000025,REX-000069,DISCOMFORT,SAME_GOAL,0,"[""KNEE"",""HIP""]","[""ANKLE_FOOT""]","[""KNEE""]","[""HIP""]",RESISTANCE_BAND,HOME,alternative-rule-v2.0.0,alternative-set-v2.0.0,DOMAIN_APPROVED,false,A_TO_B,1,3,LOAD_REDUCED,SAME_GOAL_LOWER_LOAD_ROM_EASIER_VARIANT,"{""alternative_target_muscle_code"": ""QUADRICEPS"", ""body_area_code"": ""ANKLE_FOOT"", ""score_band_code"": ""NRS_1_3"", ""selection_basis"": ""DOMAIN_APPROVED_SCORE_BAND_AND_TARGET_MUSCLE_POLICY"", ""source_path"": ""normalized/v2_discomfort_alternative_mapping.csv"", ""source_target_muscle_code"": ""QUADRICEPS""}",mapping:ANKLE_FOOT:NRS_1_3:REX-000025:REX-000069:DISCOMFORT
dumbbell_goblet_squat_knee_dominant_dumbbell,leg_press_knee_dominant_resistance_band,REX-000025,REX-000069,DISCOMFORT,SAME_GOAL,0,"[""KNEE"",""HIP""]","[""ANKLE_FOOT""]","[""KNEE""]","[""HIP""]",RESISTANCE_BAND,HOME,alternative-rule-v2.0.0,alternative-set-v2.0.0,DOMAIN_APPROVED,false,A_TO_B,1,3,LOAD_REDUCED,SAME_GOAL_LOWER_LOAD_ROM_EASIER_VARIANT,"{""alternative_target_muscle_code"": ""QUADRICEPS"", ""body_area_code"": ""HIP"", ""score_band_code"": ""NRS_1_3"", ""selection_basis"": ""DOMAIN_APPROVED_SCORE_BAND_AND_TARGET_MUSCLE_POLICY"", ""source_path"": ""normalized/v2_discomfort_alternative_mapping.csv"", ""source_target_muscle_code"": ""QUADRICEPS""}",mapping:HIP:NRS_1_3:REX-000025:REX-000069:DISCOMFORT
dumbbell_goblet_squat_knee_dominant_dumbbell,leg_press_knee_dominant_resistance_band,REX-000025,REX-000069,DISCOMFORT,SAME_GOAL,0,"[""KNEE"",""HIP""]","[""ANKLE_FOOT""]","[""KNEE""]","[""HIP""]",RESISTANCE_BAND,HOME,alternative-rule-v2.0.0,alternative-set-v2.0.0,DOMAIN_APPROVED,false,A_TO_B,1,3,LOAD_REDUCED,SAME_GOAL_LOWER_LOAD_ROM_EASIER_VARIANT,"{""alternative_target_muscle_code"": ""QUADRICEPS"", ""body_area_code"": ""KNEE"", ""score_band_code"": ""NRS_1_3"", ""selection_basis"": ""DOMAIN_APPROVED_SCORE_BAND_AND_TARGET_MUSCLE_POLICY"", ""source_path"": ""normalized/v2_discomfort_alternative_mapping.csv"", ""source_target_muscle_code"": ""QUADRICEPS""}",mapping:KNEE:NRS_1_3:REX-000025:REX-000069:DISCOMFORT
dumbbell_lateral_raise_isolation_dumbbell,bodyweight_crunch_core_brace_bodyweight,REX-000026,REX-000009,DISCOMFORT,ACTIVE_RECOVERY,0,"[""SHOULDER""]","[""ELBOW""]","[""ABDOMEN""]","[""LOWER_BACK""]",BODYWEIGHT,HOME|GYM,alternative-rule-v2.0.0,alternative-set-v2.0.0,DOMAIN_APPROVED,false,A_TO_B,4,6,SKIP_AFFECTED_AREA,AVOID_PAIN_AREA_ACTIVE_RECOVERY,"{""alternative_target_muscle_code"": ""CORE"", ""body_area_code"": ""ELBOW"", ""score_band_code"": ""NRS_4_6"", ""selection_basis"": ""DOMAIN_APPROVED_SCORE_BAND_AND_TARGET_MUSCLE_POLICY"", ""source_path"": ""normalized/v2_discomfort_alternative_mapping.csv"", ""source_target_muscle_code"": ""SHOULDERS""}",mapping:ELBOW:NRS_4_6:REX-000026:REX-000009:DISCOMFORT
dumbbell_lateral_raise_isolation_dumbbell,bodyweight_crunch_core_brace_bodyweight,REX-000026,REX-000009,DISCOMFORT,ACTIVE_RECOVERY,0,"[""SHOULDER""]","[""ELBOW""]","[""ABDOMEN""]","[""LOWER_BACK""]",BODYWEIGHT,HOME|GYM,alternative-rule-v2.0.0,alternative-set-v2.0.0,DOMAIN_APPROVED,false,A_TO_B,4,6,SKIP_AFFECTED_AREA,AVOID_PAIN_AREA_ACTIVE_RECOVERY,"{""alternative_target_muscle_code"": ""CORE"", ""body_area_code"": ""SHOULDER"", ""score_band_code"": ""NRS_4_6"", ""selection_basis"": ""DOMAIN_APPROVED_SCORE_BAND_AND_TARGET_MUSCLE_POLICY"", ""source_path"": ""normalized/v2_discomfort_alternative_mapping.csv"", ""source_target_muscle_code"": ""SHOULDERS""}",mapping:SHOULDER:NRS_4_6:REX-000026:REX-000009:DISCOMFORT
dumbbell_lateral_raise_isolation_dumbbell,dumbbell_rear_fly_isolation_dumbbell,REX-000026,REX-000028,DISCOMFORT,SAME_GOAL,0,"[""SHOULDER""]","[""ELBOW""]","[""SHOULDER""]","[""UPPER_BACK""]",DUMBBELL,HOME|GYM,alternative-rule-v2.0.0,alternative-set-v2.0.0,DOMAIN_APPROVED,false,A_TO_B,1,3,LOAD_REDUCED,SAME_GOAL_LOWER_LOAD_ROM_EASIER_VARIANT,"{""alternative_target_muscle_code"": ""SHOULDERS"", ""body_area_code"": ""ELBOW"", ""score_band_code"": ""NRS_1_3"", ""selection_basis"": ""DOMAIN_APPROVED_SCORE_BAND_AND_TARGET_MUSCLE_POLICY"", ""source_path"": ""normalized/v2_discomfort_alternative_mapping.csv"", ""source_target_muscle_code"": ""SHOULDERS""}",mapping:ELBOW:NRS_1_3:REX-000026:REX-000028:DISCOMFORT
dumbbell_lateral_raise_isolation_dumbbell,dumbbell_rear_fly_isolation_dumbbell,REX-000026,REX-000028,DISCOMFORT,SAME_GOAL,0,"[""SHOULDER""]","[""ELBOW""]","[""SHOULDER""]","[""UPPER_BACK""]",DUMBBELL,HOME|GYM,alternative-rule-v2.0.0,alternative-set-v2.0.0,DOMAIN_APPROVED,false,A_TO_B,1,3,LOAD_REDUCED,SAME_GOAL_LOWER_LOAD_ROM_EASIER_VARIANT,"{""alternative_target_muscle_code"": ""SHOULDERS"", ""body_area_code"": ""SHOULDER"", ""score_band_code"": ""NRS_1_3"", ""selection_basis"": ""DOMAIN_APPROVED_SCORE_BAND_AND_TARGET_MUSCLE_POLICY"", ""source_path"": ""normalized/v2_discomfort_alternative_mapping.csv"", ""source_target_muscle_code"": ""SHOULDERS""}",mapping:SHOULDER:NRS_1_3:REX-000026:REX-000028:DISCOMFORT
dumbbell_preacher_curl_isolation_dumbbell,dumbbell_standing_curl_isolation_dumbbell,REX-000027,REX-000030,DIFFICULTY,ISOLATION_ELBOW_FLEXION,-1,"[""ELBOW""]","[""WRIST_HAND""]","[""ELBOW""]","[""WRIST_HAND""]",DUMBBELL,HOME|GYM,alternative-rule-v2.0.0,alternative-set-v2.0.0,DOMAIN_APPROVED,false,A_TO_B,,,,,"{""legacy_relationship_type"": ""CONSTRAINT"", ""selection_basis"": ""REX_ENDPOINT_AND_V2_CATALOG_RECHECK"", ""source_path"": ""generated/exercise-alternatives-v0.3.0/alternative_relationships.csv""}",NEX-000149:NEX-000059:CONSTRAINT
dumbbell_preacher_curl_isolation_dumbbell,bodyweight_crunch_core_brace_bodyweight,REX-000027,REX-000009,DISCOMFORT,ACTIVE_RECOVERY,0,"[""ELBOW""]","[""WRIST_HAND""]","[""ABDOMEN""]","[""LOWER_BACK""]",BODYWEIGHT,HOME|GYM,alternative-rule-v2.0.0,alternative-set-v2.0.0,DOMAIN_APPROVED,false,A_TO_B,4,6,SKIP_AFFECTED_AREA,AVOID_PAIN_AREA_ACTIVE_RECOVERY,"{""alternative_target_muscle_code"": ""CORE"", ""body_area_code"": ""ELBOW"", ""score_band_code"": ""NRS_4_6"", ""selection_basis"": ""DOMAIN_APPROVED_SCORE_BAND_AND_TARGET_MUSCLE_POLICY"", ""source_path"": ""normalized/v2_discomfort_alternative_mapping.csv"", ""source_target_muscle_code"": ""BICEPS""}",mapping:ELBOW:NRS_4_6:REX-000027:REX-000009:DISCOMFORT
dumbbell_preacher_curl_isolation_dumbbell,bodyweight_crunch_core_brace_bodyweight,REX-000027,REX-000009,DISCOMFORT,ACTIVE_RECOVERY,0,"[""ELBOW""]","[""WRIST_HAND""]","[""ABDOMEN""]","[""LOWER_BACK""]",BODYWEIGHT,HOME|GYM,alternative-rule-v2.0.0,alternative-set-v2.0.0,DOMAIN_APPROVED,false,A_TO_B,4,6,SKIP_AFFECTED_AREA,AVOID_PAIN_AREA_ACTIVE_RECOVERY,"{""alternative_target_muscle_code"": ""CORE"", ""body_area_code"": ""WRIST_HAND"", ""score_band_code"": ""NRS_4_6"", ""selection_basis"": ""DOMAIN_APPROVED_SCORE_BAND_AND_TARGET_MUSCLE_POLICY"", ""source_path"": ""normalized/v2_discomfort_alternative_mapping.csv"", ""source_target_muscle_code"": ""BICEPS""}",mapping:WRIST_HAND:NRS_4_6:REX-000027:REX-000009:DISCOMFORT
dumbbell_preacher_curl_isolation_dumbbell,dumbbell_standing_curl_isolation_dumbbell,REX-000027,REX-000030,DISCOMFORT,SAME_GOAL,0,"[""ELBOW""]","[""WRIST_HAND""]","[""ELBOW""]","[""WRIST_HAND""]",DUMBBELL,HOME|GYM,alternative-rule-v2.0.0,alternative-set-v2.0.0,DOMAIN_APPROVED,false,A_TO_B,1,3,LOAD_REDUCED,SAME_GOAL_LOWER_LOAD_ROM_EASIER_VARIANT,"{""alternative_target_muscle_code"": ""BICEPS"", ""body_area_code"": ""ELBOW"", ""score_band_code"": ""NRS_1_3"", ""selection_basis"": ""DOMAIN_APPROVED_SCORE_BAND_AND_TARGET_MUSCLE_POLICY"", ""source_path"": ""normalized/v2_discomfort_alternative_mapping.csv"", ""source_target_muscle_code"": ""BICEPS""}",mapping:ELBOW:NRS_1_3:REX-000027:REX-000030:DISCOMFORT
dumbbell_preacher_curl_isolation_dumbbell,dumbbell_standing_curl_isolation_dumbbell,REX-000027,REX-000030,DISCOMFORT,SAME_GOAL,0,"[""ELBOW""]","[""WRIST_HAND""]","[""ELBOW""]","[""WRIST_HAND""]",DUMBBELL,HOME|GYM,alternative-rule-v2.0.0,alternative-set-v2.0.0,DOMAIN_APPROVED,false,A_TO_B,1,3,LOAD_REDUCED,SAME_GOAL_LOWER_LOAD_ROM_EASIER_VARIANT,"{""alternative_target_muscle_code"": ""BICEPS"", ""body_area_code"": ""WRIST_HAND"", ""score_band_code"": ""NRS_1_3"", ""selection_basis"": ""DOMAIN_APPROVED_SCORE_BAND_AND_TARGET_MUSCLE_POLICY"", ""source_path"": ""normalized/v2_discomfort_alternative_mapping.csv"", ""source_target_muscle_code"": ""BICEPS""}",mapping:WRIST_HAND:NRS_1_3:REX-000027:REX-000030:DISCOMFORT
dumbbell_preacher_curl_isolation_dumbbell,reverse_wrist_curl_isolation_barbell,REX-000027,REX-000055,LOCATION,ISOLATION_ELBOW_FLEXION,0,"[""ELBOW""]","[""WRIST_HAND""]","[""WRIST_HAND""]","[""ELBOW""]",BARBELL,GYM,alternative-rule-v2.0.0,alternative-set-v2.0.0,DOMAIN_APPROVED,false,A_TO_B,,,,,"{""legacy_relationship_type"": ""CONSTRAINT"", ""selection_basis"": ""REX_ENDPOINT_AND_V2_CATALOG_RECHECK"", ""source_path"": ""generated/exercise-alternatives-v0.3.0/alternative_relationships.csv""}",NEX-000047:NEX-000052:CONSTRAINT
dumbbell_rear_fly_isolation_dumbbell,bodyweight_crunch_core_brace_bodyweight,REX-000028,REX-000009,DISCOMFORT,ACTIVE_RECOVERY,0,"[""SHOULDER""]","[""UPPER_BACK""]","[""ABDOMEN""]","[""LOWER_BACK""]",BODYWEIGHT,HOME|GYM,alternative-rule-v2.0.0,alternative-set-v2.0.0,DOMAIN_APPROVED,false,A_TO_B,4,6,SKIP_AFFECTED_AREA,AVOID_PAIN_AREA_ACTIVE_RECOVERY,"{""alternative_target_muscle_code"": ""CORE"", ""body_area_code"": ""SHOULDER"", ""score_band_code"": ""NRS_4_6"", ""selection_basis"": ""DOMAIN_APPROVED_SCORE_BAND_AND_TARGET_MUSCLE_POLICY"", ""source_path"": ""normalized/v2_discomfort_alternative_mapping.csv"", ""source_target_muscle_code"": ""SHOULDERS""}",mapping:SHOULDER:NRS_4_6:REX-000028:REX-000009:DISCOMFORT
dumbbell_rear_fly_isolation_dumbbell,bodyweight_crunch_core_brace_bodyweight,REX-000028,REX-000009,DISCOMFORT,ACTIVE_RECOVERY,0,"[""SHOULDER""]","[""UPPER_BACK""]","[""ABDOMEN""]","[""LOWER_BACK""]",BODYWEIGHT,HOME|GYM,alternative-rule-v2.0.0,alternative-set-v2.0.0,DOMAIN_APPROVED,false,A_TO_B,4,6,SKIP_AFFECTED_AREA,AVOID_PAIN_AREA_ACTIVE_RECOVERY,"{""alternative_target_muscle_code"": ""CORE"", ""body_area_code"": ""UPPER_BACK"", ""score_band_code"": ""NRS_4_6"", ""selection_basis"": ""DOMAIN_APPROVED_SCORE_BAND_AND_TARGET_MUSCLE_POLICY"", ""source_path"": ""normalized/v2_discomfort_alternative_mapping.csv"", ""source_target_muscle_code"": ""SHOULDERS""}",mapping:UPPER_BACK:NRS_4_6:REX-000028:REX-000009:DISCOMFORT
dumbbell_rear_fly_isolation_dumbbell,dumbbell_lateral_raise_isolation_dumbbell,REX-000028,REX-000026,DISCOMFORT,SAME_GOAL,0,"[""SHOULDER""]","[""UPPER_BACK""]","[""SHOULDER""]","[""ELBOW""]",DUMBBELL,HOME|GYM,alternative-rule-v2.0.0,alternative-set-v2.0.0,DOMAIN_APPROVED,false,A_TO_B,1,3,LOAD_REDUCED,SAME_GOAL_LOWER_LOAD_ROM_EASIER_VARIANT,"{""alternative_target_muscle_code"": ""SHOULDERS"", ""body_area_code"": ""SHOULDER"", ""score_band_code"": ""NRS_1_3"", ""selection_basis"": ""DOMAIN_APPROVED_SCORE_BAND_AND_TARGET_MUSCLE_POLICY"", ""source_path"": ""normalized/v2_discomfort_alternative_mapping.csv"", ""source_target_muscle_code"": ""SHOULDERS""}",mapping:SHOULDER:NRS_1_3:REX-000028:REX-000026:DISCOMFORT
dumbbell_rear_fly_isolation_dumbbell,dumbbell_lateral_raise_isolation_dumbbell,REX-000028,REX-000026,DISCOMFORT,SAME_GOAL,0,"[""SHOULDER""]","[""UPPER_BACK""]","[""SHOULDER""]","[""ELBOW""]",DUMBBELL,HOME|GYM,alternative-rule-v2.0.0,alternative-set-v2.0.0,DOMAIN_APPROVED,false,A_TO_B,1,3,LOAD_REDUCED,SAME_GOAL_LOWER_LOAD_ROM_EASIER_VARIANT,"{""alternative_target_muscle_code"": ""SHOULDERS"", ""body_area_code"": ""UPPER_BACK"", ""score_band_code"": ""NRS_1_3"", ""selection_basis"": ""DOMAIN_APPROVED_SCORE_BAND_AND_TARGET_MUSCLE_POLICY"", ""source_path"": ""normalized/v2_discomfort_alternative_mapping.csv"", ""source_target_muscle_code"": ""SHOULDERS""}",mapping:UPPER_BACK:NRS_1_3:REX-000028:REX-000026:DISCOMFORT
dumbbell_shrug_isolation_dumbbell,bodyweight_crunch_core_brace_bodyweight,REX-000029,REX-000009,DISCOMFORT,ACTIVE_RECOVERY,0,"[""UPPER_BACK""]","[""SHOULDER""]","[""ABDOMEN""]","[""LOWER_BACK""]",BODYWEIGHT,HOME|GYM,alternative-rule-v2.0.0,alternative-set-v2.0.0,DOMAIN_APPROVED,false,A_TO_B,4,6,SKIP_AFFECTED_AREA,AVOID_PAIN_AREA_ACTIVE_RECOVERY,"{""alternative_target_muscle_code"": ""CORE"", ""body_area_code"": ""SHOULDER"", ""score_band_code"": ""NRS_4_6"", ""selection_basis"": ""DOMAIN_APPROVED_SCORE_BAND_AND_TARGET_MUSCLE_POLICY"", ""source_path"": ""normalized/v2_discomfort_alternative_mapping.csv"", ""source_target_muscle_code"": ""BACK""}",mapping:SHOULDER:NRS_4_6:REX-000029:REX-000009:DISCOMFORT
dumbbell_shrug_isolation_dumbbell,bodyweight_crunch_core_brace_bodyweight,REX-000029,REX-000009,DISCOMFORT,ACTIVE_RECOVERY,0,"[""UPPER_BACK""]","[""SHOULDER""]","[""ABDOMEN""]","[""LOWER_BACK""]",BODYWEIGHT,HOME|GYM,alternative-rule-v2.0.0,alternative-set-v2.0.0,DOMAIN_APPROVED,false,A_TO_B,4,6,SKIP_AFFECTED_AREA,AVOID_PAIN_AREA_ACTIVE_RECOVERY,"{""alternative_target_muscle_code"": ""CORE"", ""body_area_code"": ""UPPER_BACK"", ""score_band_code"": ""NRS_4_6"", ""selection_basis"": ""DOMAIN_APPROVED_SCORE_BAND_AND_TARGET_MUSCLE_POLICY"", ""source_path"": ""normalized/v2_discomfort_alternative_mapping.csv"", ""source_target_muscle_code"": ""BACK""}",mapping:UPPER_BACK:NRS_4_6:REX-000029:REX-000009:DISCOMFORT
dumbbell_shrug_isolation_dumbbell,one_arm_wall_lats_isolation_bodyweight,REX-000029,REX-000046,DISCOMFORT,SAME_GOAL,0,"[""UPPER_BACK""]","[""SHOULDER""]","[""UPPER_BACK""]","[""SHOULDER"",""ELBOW""]",BODYWEIGHT,HOME|GYM,alternative-rule-v2.0.0,alternative-set-v2.0.0,DOMAIN_APPROVED,false,A_TO_B,1,3,LOAD_REDUCED,SAME_GOAL_LOWER_LOAD_ROM_EASIER_VARIANT,"{""alternative_target_muscle_code"": ""BACK"", ""body_area_code"": ""SHOULDER"", ""score_band_code"": ""NRS_1_3"", ""selection_basis"": ""DOMAIN_APPROVED_SCORE_BAND_AND_TARGET_MUSCLE_POLICY"", ""source_path"": ""normalized/v2_discomfort_alternative_mapping.csv"", ""source_target_muscle_code"": ""BACK""}",mapping:SHOULDER:NRS_1_3:REX-000029:REX-000046:DISCOMFORT
dumbbell_shrug_isolation_dumbbell,one_arm_wall_lats_isolation_bodyweight,REX-000029,REX-000046,DISCOMFORT,SAME_GOAL,0,"[""UPPER_BACK""]","[""SHOULDER""]","[""UPPER_BACK""]","[""SHOULDER"",""ELBOW""]",BODYWEIGHT,HOME|GYM,alternative-rule-v2.0.0,alternative-set-v2.0.0,DOMAIN_APPROVED,false,A_TO_B,1,3,LOAD_REDUCED,SAME_GOAL_LOWER_LOAD_ROM_EASIER_VARIANT,"{""alternative_target_muscle_code"": ""BACK"", ""body_area_code"": ""UPPER_BACK"", ""score_band_code"": ""NRS_1_3"", ""selection_basis"": ""DOMAIN_APPROVED_SCORE_BAND_AND_TARGET_MUSCLE_POLICY"", ""source_path"": ""normalized/v2_discomfort_alternative_mapping.csv"", ""source_target_muscle_code"": ""BACK""}",mapping:UPPER_BACK:NRS_1_3:REX-000029:REX-000046:DISCOMFORT
dumbbell_standing_curl_isolation_dumbbell,bodyweight_crunch_core_brace_bodyweight,REX-000030,REX-000009,DISCOMFORT,ACTIVE_RECOVERY,0,"[""ELBOW""]","[""WRIST_HAND""]","[""ABDOMEN""]","[""LOWER_BACK""]",BODYWEIGHT,HOME|GYM,alternative-rule-v2.0.0,alternative-set-v2.0.0,DOMAIN_APPROVED,false,A_TO_B,4,6,SKIP_AFFECTED_AREA,AVOID_PAIN_AREA_ACTIVE_RECOVERY,"{""alternative_target_muscle_code"": ""CORE"", ""body_area_code"": ""ELBOW"", ""score_band_code"": ""NRS_4_6"", ""selection_basis"": ""DOMAIN_APPROVED_SCORE_BAND_AND_TARGET_MUSCLE_POLICY"", ""source_path"": ""normalized/v2_discomfort_alternative_mapping.csv"", ""source_target_muscle_code"": ""BICEPS""}",mapping:ELBOW:NRS_4_6:REX-000030:REX-000009:DISCOMFORT
dumbbell_standing_curl_isolation_dumbbell,bodyweight_crunch_core_brace_bodyweight,REX-000030,REX-000009,DISCOMFORT,ACTIVE_RECOVERY,0,"[""ELBOW""]","[""WRIST_HAND""]","[""ABDOMEN""]","[""LOWER_BACK""]",BODYWEIGHT,HOME|GYM,alternative-rule-v2.0.0,alternative-set-v2.0.0,DOMAIN_APPROVED,false,A_TO_B,4,6,SKIP_AFFECTED_AREA,AVOID_PAIN_AREA_ACTIVE_RECOVERY,"{""alternative_target_muscle_code"": ""CORE"", ""body_area_code"": ""WRIST_HAND"", ""score_band_code"": ""NRS_4_6"", ""selection_basis"": ""DOMAIN_APPROVED_SCORE_BAND_AND_TARGET_MUSCLE_POLICY"", ""source_path"": ""normalized/v2_discomfort_alternative_mapping.csv"", ""source_target_muscle_code"": ""BICEPS""}",mapping:WRIST_HAND:NRS_4_6:REX-000030:REX-000009:DISCOMFORT
dumbbell_standing_curl_isolation_dumbbell,dumbbell_preacher_curl_isolation_dumbbell,REX-000030,REX-000027,DISCOMFORT,SAME_GOAL,0,"[""ELBOW""]","[""WRIST_HAND""]","[""ELBOW""]","[""WRIST_HAND""]",DUMBBELL,HOME|GYM,alternative-rule-v2.0.0,alternative-set-v2.0.0,DOMAIN_APPROVED,false,A_TO_B,1,3,LOAD_REDUCED,SAME_GOAL_LOWER_LOAD_ROM_EASIER_VARIANT,"{""alternative_target_muscle_code"": ""BICEPS"", ""body_area_code"": ""ELBOW"", ""score_band_code"": ""NRS_1_3"", ""selection_basis"": ""DOMAIN_APPROVED_SCORE_BAND_AND_TARGET_MUSCLE_POLICY"", ""source_path"": ""normalized/v2_discomfort_alternative_mapping.csv"", ""source_target_muscle_code"": ""BICEPS""}",mapping:ELBOW:NRS_1_3:REX-000030:REX-000027:DISCOMFORT
dumbbell_standing_curl_isolation_dumbbell,dumbbell_preacher_curl_isolation_dumbbell,REX-000030,REX-000027,DISCOMFORT,SAME_GOAL,0,"[""ELBOW""]","[""WRIST_HAND""]","[""ELBOW""]","[""WRIST_HAND""]",DUMBBELL,HOME|GYM,alternative-rule-v2.0.0,alternative-set-v2.0.0,DOMAIN_APPROVED,false,A_TO_B,1,3,LOAD_REDUCED,SAME_GOAL_LOWER_LOAD_ROM_EASIER_VARIANT,"{""alternative_target_muscle_code"": ""BICEPS"", ""body_area_code"": ""WRIST_HAND"", ""score_band_code"": ""NRS_1_3"", ""selection_basis"": ""DOMAIN_APPROVED_SCORE_BAND_AND_TARGET_MUSCLE_POLICY"", ""source_path"": ""normalized/v2_discomfort_alternative_mapping.csv"", ""source_target_muscle_code"": ""BICEPS""}",mapping:WRIST_HAND:NRS_1_3:REX-000030:REX-000027:DISCOMFORT
dumbbell_standing_curl_isolation_dumbbell,reverse_wrist_curl_isolation_barbell,REX-000030,REX-000055,LOCATION,ISOLATION_ELBOW_FLEXION,0,"[""ELBOW""]","[""WRIST_HAND""]","[""WRIST_HAND""]","[""ELBOW""]",BARBELL,GYM,alternative-rule-v2.0.0,alternative-set-v2.0.0,DOMAIN_APPROVED,false,A_TO_B,,,,,"{""legacy_relationship_type"": ""CONSTRAINT"", ""selection_basis"": ""REX_ENDPOINT_AND_V2_CATALOG_RECHECK"", ""source_path"": ""generated/exercise-alternatives-v0.3.0/alternative_relationships.csv""}",NEX-000059:NEX-000100:CONSTRAINT
dumbbell_standing_curl_isolation_dumbbell,wrist_curl_isolation_barbell,REX-000030,REX-000102,LOCATION,ISOLATION_ELBOW_FLEXION,0,"[""ELBOW""]","[""WRIST_HAND""]","[""WRIST_HAND""]","[""ELBOW""]",BARBELL,GYM,alternative-rule-v2.0.0,alternative-set-v2.0.0,DOMAIN_APPROVED,false,A_TO_B,,,,,"{""legacy_relationship_type"": ""CONSTRAINT"", ""selection_basis"": ""REX_ENDPOINT_AND_V2_CATALOG_RECHECK"", ""source_path"": ""generated/exercise-alternatives-v0.3.0/alternative_relationships.csv""}",NEX-000059:NEX-000105:CONSTRAINT
dumbbell_step_up_lunge_knee_dominant_dumbbell_step_box,bodyweight_crunch_core_brace_bodyweight,REX-000031,REX-000009,DISCOMFORT,ACTIVE_RECOVERY,-1,"[""KNEE"",""HIP""]","[""ANKLE_FOOT""]","[""ABDOMEN""]","[""LOWER_BACK""]",BODYWEIGHT,HOME|GYM,alternative-rule-v2.0.0,alternative-set-v2.0.0,DOMAIN_APPROVED,false,A_TO_B,4,6,SKIP_AFFECTED_AREA,AVOID_PAIN_AREA_ACTIVE_RECOVERY,"{""alternative_target_muscle_code"": ""CORE"", ""body_area_code"": ""ANKLE_FOOT"", ""score_band_code"": ""NRS_4_6"", ""selection_basis"": ""DOMAIN_APPROVED_SCORE_BAND_AND_TARGET_MUSCLE_POLICY"", ""source_path"": ""normalized/v2_discomfort_alternative_mapping.csv"", ""source_target_muscle_code"": ""QUADRICEPS""}",mapping:ANKLE_FOOT:NRS_4_6:REX-000031:REX-000009:DISCOMFORT
dumbbell_step_up_lunge_knee_dominant_dumbbell_step_box,bodyweight_crunch_core_brace_bodyweight,REX-000031,REX-000009,DISCOMFORT,ACTIVE_RECOVERY,-1,"[""KNEE"",""HIP""]","[""ANKLE_FOOT""]","[""ABDOMEN""]","[""LOWER_BACK""]",BODYWEIGHT,HOME|GYM,alternative-rule-v2.0.0,alternative-set-v2.0.0,DOMAIN_APPROVED,false,A_TO_B,4,6,SKIP_AFFECTED_AREA,AVOID_PAIN_AREA_ACTIVE_RECOVERY,"{""alternative_target_muscle_code"": ""CORE"", ""body_area_code"": ""HIP"", ""score_band_code"": ""NRS_4_6"", ""selection_basis"": ""DOMAIN_APPROVED_SCORE_BAND_AND_TARGET_MUSCLE_POLICY"", ""source_path"": ""normalized/v2_discomfort_alternative_mapping.csv"", ""source_target_muscle_code"": ""QUADRICEPS""}",mapping:HIP:NRS_4_6:REX-000031:REX-000009:DISCOMFORT
dumbbell_step_up_lunge_knee_dominant_dumbbell_step_box,bodyweight_crunch_core_brace_bodyweight,REX-000031,REX-000009,DISCOMFORT,ACTIVE_RECOVERY,-1,"[""KNEE"",""HIP""]","[""ANKLE_FOOT""]","[""ABDOMEN""]","[""LOWER_BACK""]",BODYWEIGHT,HOME|GYM,alternative-rule-v2.0.0,alternative-set-v2.0.0,DOMAIN_APPROVED,false,A_TO_B,4,6,SKIP_AFFECTED_AREA,AVOID_PAIN_AREA_ACTIVE_RECOVERY,"{""alternative_target_muscle_code"": ""CORE"", ""body_area_code"": ""KNEE"", ""score_band_code"": ""NRS_4_6"", ""selection_basis"": ""DOMAIN_APPROVED_SCORE_BAND_AND_TARGET_MUSCLE_POLICY"", ""source_path"": ""normalized/v2_discomfort_alternative_mapping.csv"", ""source_target_muscle_code"": ""QUADRICEPS""}",mapping:KNEE:NRS_4_6:REX-000031:REX-000009:DISCOMFORT
dumbbell_step_up_lunge_knee_dominant_dumbbell_step_box,leg_press_knee_dominant_resistance_band,REX-000031,REX-000069,DISCOMFORT,SAME_GOAL,-1,"[""KNEE"",""HIP""]","[""ANKLE_FOOT""]","[""KNEE""]","[""HIP""]",RESISTANCE_BAND,HOME,alternative-rule-v2.0.0,alternative-set-v2.0.0,DOMAIN_APPROVED,false,A_TO_B,1,3,LOAD_REDUCED,SAME_GOAL_LOWER_LOAD_ROM_EASIER_VARIANT,"{""alternative_target_muscle_code"": ""QUADRICEPS"", ""body_area_code"": ""ANKLE_FOOT"", ""score_band_code"": ""NRS_1_3"", ""selection_basis"": ""DOMAIN_APPROVED_SCORE_BAND_AND_TARGET_MUSCLE_POLICY"", ""source_path"": ""normalized/v2_discomfort_alternative_mapping.csv"", ""source_target_muscle_code"": ""QUADRICEPS""}",mapping:ANKLE_FOOT:NRS_1_3:REX-000031:REX-000069:DISCOMFORT
dumbbell_step_up_lunge_knee_dominant_dumbbell_step_box,leg_press_knee_dominant_resistance_band,REX-000031,REX-000069,DISCOMFORT,SAME_GOAL,-1,"[""KNEE"",""HIP""]","[""ANKLE_FOOT""]","[""KNEE""]","[""HIP""]",RESISTANCE_BAND,HOME,alternative-rule-v2.0.0,alternative-set-v2.0.0,DOMAIN_APPROVED,false,A_TO_B,1,3,LOAD_REDUCED,SAME_GOAL_LOWER_LOAD_ROM_EASIER_VARIANT,"{""alternative_target_muscle_code"": ""QUADRICEPS"", ""body_area_code"": ""HIP"", ""score_band_code"": ""NRS_1_3"", ""selection_basis"": ""DOMAIN_APPROVED_SCORE_BAND_AND_TARGET_MUSCLE_POLICY"", ""source_path"": ""normalized/v2_discomfort_alternative_mapping.csv"", ""source_target_muscle_code"": ""QUADRICEPS""}",mapping:HIP:NRS_1_3:REX-000031:REX-000069:DISCOMFORT
dumbbell_step_up_lunge_knee_dominant_dumbbell_step_box,leg_press_knee_dominant_resistance_band,REX-000031,REX-000069,DISCOMFORT,SAME_GOAL,-1,"[""KNEE"",""HIP""]","[""ANKLE_FOOT""]","[""KNEE""]","[""HIP""]",RESISTANCE_BAND,HOME,alternative-rule-v2.0.0,alternative-set-v2.0.0,DOMAIN_APPROVED,false,A_TO_B,1,3,LOAD_REDUCED,SAME_GOAL_LOWER_LOAD_ROM_EASIER_VARIANT,"{""alternative_target_muscle_code"": ""QUADRICEPS"", ""body_area_code"": ""KNEE"", ""score_band_code"": ""NRS_1_3"", ""selection_basis"": ""DOMAIN_APPROVED_SCORE_BAND_AND_TARGET_MUSCLE_POLICY"", ""source_path"": ""normalized/v2_discomfort_alternative_mapping.csv"", ""source_target_muscle_code"": ""QUADRICEPS""}",mapping:KNEE:NRS_1_3:REX-000031:REX-000069:DISCOMFORT
dumbbell_step_up_lunge_knee_dominant_dumbbell_step_box,bodyweight_forward_lunge_knee_dominant_bodyweight,REX-000031,REX-000010,EQUIPMENT,KNEE_DOMINANT_STRENGTH,0,"[""KNEE"",""HIP""]","[""ANKLE_FOOT""]","[""HIP"",""KNEE""]","[""ANKLE_FOOT""]",BODYWEIGHT,HOME|GYM,alternative-rule-v2.0.0,alternative-set-v2.0.0,DOMAIN_APPROVED,false,A_TO_B,,,,,"{""legacy_relationship_type"": ""CONSTRAINT"", ""selection_basis"": ""REX_ENDPOINT_AND_V2_CATALOG_RECHECK"", ""source_path"": ""generated/exercise-alternatives-v0.3.0/alternative_relationships.csv""}",NEX-000159:NEX-000128:CONSTRAINT
dynamic_chest_stretch_mobility_stretch_bodyweight,ankle_circles_mobility_stretch_bodyweight,REX-000032,REX-000003,DISCOMFORT,SAME_GOAL,0,"[""CHEST""]","[""SHOULDER"",""UPPER_BACK""]","[""ANKLE_FOOT""]","[""KNEE""]",BODYWEIGHT,HOME|GYM,alternative-rule-v2.0.0,alternative-set-v2.0.0,DOMAIN_APPROVED,false,A_TO_B,1,3,LOAD_REDUCED,SAME_GOAL_LOWER_LOAD_ROM_EASIER_VARIANT,"{""alternative_target_muscle_code"": ""MOBILITY"", ""body_area_code"": ""CHEST"", ""score_band_code"": ""NRS_1_3"", ""selection_basis"": ""DOMAIN_APPROVED_SCORE_BAND_AND_TARGET_MUSCLE_POLICY"", ""source_path"": ""normalized/v2_discomfort_alternative_mapping.csv"", ""source_target_muscle_code"": ""MOBILITY""}",mapping:CHEST:NRS_1_3:REX-000032:REX-000003:DISCOMFORT
dynamic_chest_stretch_mobility_stretch_bodyweight,ankle_circles_mobility_stretch_bodyweight,REX-000032,REX-000003,DISCOMFORT,SAME_GOAL,0,"[""CHEST""]","[""SHOULDER"",""UPPER_BACK""]","[""ANKLE_FOOT""]","[""KNEE""]",BODYWEIGHT,HOME|GYM,alternative-rule-v2.0.0,alternative-set-v2.0.0,DOMAIN_APPROVED,false,A_TO_B,1,3,LOAD_REDUCED,SAME_GOAL_LOWER_LOAD_ROM_EASIER_VARIANT,"{""alternative_target_muscle_code"": ""MOBILITY"", ""body_area_code"": ""SHOULDER"", ""score_band_code"": ""NRS_1_3"", ""selection_basis"": ""DOMAIN_APPROVED_SCORE_BAND_AND_TARGET_MUSCLE_POLICY"", ""source_path"": ""normalized/v2_discomfort_alternative_mapping.csv"", ""source_target_muscle_code"": ""MOBILITY""}",mapping:SHOULDER:NRS_1_3:REX-000032:REX-000003:DISCOMFORT
dynamic_chest_stretch_mobility_stretch_bodyweight,ankle_circles_mobility_stretch_bodyweight,REX-000032,REX-000003,DISCOMFORT,SAME_GOAL,0,"[""CHEST""]","[""SHOULDER"",""UPPER_BACK""]","[""ANKLE_FOOT""]","[""KNEE""]",BODYWEIGHT,HOME|GYM,alternative-rule-v2.0.0,alternative-set-v2.0.0,DOMAIN_APPROVED,false,A_TO_B,1,3,LOAD_REDUCED,SAME_GOAL_LOWER_LOAD_ROM_EASIER_VARIANT,"{""alternative_target_muscle_code"": ""MOBILITY"", ""body_area_code"": ""UPPER_BACK"", ""score_band_code"": ""NRS_1_3"", ""selection_basis"": ""DOMAIN_APPROVED_SCORE_BAND_AND_TARGET_MUSCLE_POLICY"", ""source_path"": ""normalized/v2_discomfort_alternative_mapping.csv"", ""source_target_muscle_code"": ""MOBILITY""}",mapping:UPPER_BACK:NRS_1_3:REX-000032:REX-000003:DISCOMFORT
dynamic_chest_stretch_mobility_stretch_bodyweight,bodyweight_crunch_core_brace_bodyweight,REX-000032,REX-000009,DISCOMFORT,ACTIVE_RECOVERY,0,"[""CHEST""]","[""SHOULDER"",""UPPER_BACK""]","[""ABDOMEN""]","[""LOWER_BACK""]",BODYWEIGHT,HOME|GYM,alternative-rule-v2.0.0,alternative-set-v2.0.0,DOMAIN_APPROVED,false,A_TO_B,4,6,SKIP_AFFECTED_AREA,AVOID_PAIN_AREA_ACTIVE_RECOVERY,"{""alternative_target_muscle_code"": ""CORE"", ""body_area_code"": ""CHEST"", ""score_band_code"": ""NRS_4_6"", ""selection_basis"": ""DOMAIN_APPROVED_SCORE_BAND_AND_TARGET_MUSCLE_POLICY"", ""source_path"": ""normalized/v2_discomfort_alternative_mapping.csv"", ""source_target_muscle_code"": ""MOBILITY""}",mapping:CHEST:NRS_4_6:REX-000032:REX-000009:DISCOMFORT
dynamic_chest_stretch_mobility_stretch_bodyweight,bodyweight_crunch_core_brace_bodyweight,REX-000032,REX-000009,DISCOMFORT,ACTIVE_RECOVERY,0,"[""CHEST""]","[""SHOULDER"",""UPPER_BACK""]","[""ABDOMEN""]","[""LOWER_BACK""]",BODYWEIGHT,HOME|GYM,alternative-rule-v2.0.0,alternative-set-v2.0.0,DOMAIN_APPROVED,false,A_TO_B,4,6,SKIP_AFFECTED_AREA,AVOID_PAIN_AREA_ACTIVE_RECOVERY,"{""alternative_target_muscle_code"": ""CORE"", ""body_area_code"": ""SHOULDER"", ""score_band_code"": ""NRS_4_6"", ""selection_basis"": ""DOMAIN_APPROVED_SCORE_BAND_AND_TARGET_MUSCLE_POLICY"", ""source_path"": ""normalized/v2_discomfort_alternative_mapping.csv"", ""source_target_muscle_code"": ""MOBILITY""}",mapping:SHOULDER:NRS_4_6:REX-000032:REX-000009:DISCOMFORT
dynamic_chest_stretch_mobility_stretch_bodyweight,bodyweight_crunch_core_brace_bodyweight,REX-000032,REX-000009,DISCOMFORT,ACTIVE_RECOVERY,0,"[""CHEST""]","[""SHOULDER"",""UPPER_BACK""]","[""ABDOMEN""]","[""LOWER_BACK""]",BODYWEIGHT,HOME|GYM,alternative-rule-v2.0.0,alternative-set-v2.0.0,DOMAIN_APPROVED,false,A_TO_B,4,6,SKIP_AFFECTED_AREA,AVOID_PAIN_AREA_ACTIVE_RECOVERY,"{""alternative_target_muscle_code"": ""CORE"", ""body_area_code"": ""UPPER_BACK"", ""score_band_code"": ""NRS_4_6"", ""selection_basis"": ""DOMAIN_APPROVED_SCORE_BAND_AND_TARGET_MUSCLE_POLICY"", ""source_path"": ""normalized/v2_discomfort_alternative_mapping.csv"", ""source_target_muscle_code"": ""MOBILITY""}",mapping:UPPER_BACK:NRS_4_6:REX-000032:REX-000009:DISCOMFORT
exercise_ball_hip_flexor_stretch_mobility_stretch_stability_ball,ankle_circles_mobility_stretch_bodyweight,REX-000033,REX-000003,DISCOMFORT,SAME_GOAL,-1,"[""HIP""]","[""LOWER_BACK""]","[""ANKLE_FOOT""]","[""KNEE""]",BODYWEIGHT,HOME|GYM,alternative-rule-v2.0.0,alternative-set-v2.0.0,DOMAIN_APPROVED,false,A_TO_B,1,3,LOAD_REDUCED,SAME_GOAL_LOWER_LOAD_ROM_EASIER_VARIANT,"{""alternative_target_muscle_code"": ""MOBILITY"", ""body_area_code"": ""HIP"", ""score_band_code"": ""NRS_1_3"", ""selection_basis"": ""DOMAIN_APPROVED_SCORE_BAND_AND_TARGET_MUSCLE_POLICY"", ""source_path"": ""normalized/v2_discomfort_alternative_mapping.csv"", ""source_target_muscle_code"": ""MOBILITY""}",mapping:HIP:NRS_1_3:REX-000033:REX-000003:DISCOMFORT
exercise_ball_hip_flexor_stretch_mobility_stretch_stability_ball,ankle_circles_mobility_stretch_bodyweight,REX-000033,REX-000003,DISCOMFORT,SAME_GOAL,-1,"[""HIP""]","[""LOWER_BACK""]","[""ANKLE_FOOT""]","[""KNEE""]",BODYWEIGHT,HOME|GYM,alternative-rule-v2.0.0,alternative-set-v2.0.0,DOMAIN_APPROVED,false,A_TO_B,1,3,LOAD_REDUCED,SAME_GOAL_LOWER_LOAD_ROM_EASIER_VARIANT,"{""alternative_target_muscle_code"": ""MOBILITY"", ""body_area_code"": ""LOWER_BACK"", ""score_band_code"": ""NRS_1_3"", ""selection_basis"": ""DOMAIN_APPROVED_SCORE_BAND_AND_TARGET_MUSCLE_POLICY"", ""source_path"": ""normalized/v2_discomfort_alternative_mapping.csv"", ""source_target_muscle_code"": ""MOBILITY""}",mapping:LOWER_BACK:NRS_1_3:REX-000033:REX-000003:DISCOMFORT
exercise_ball_hip_flexor_stretch_mobility_stretch_stability_ball,bodyweight_crunch_core_brace_bodyweight,REX-000033,REX-000009,DISCOMFORT,ACTIVE_RECOVERY,-1,"[""HIP""]","[""LOWER_BACK""]","[""ABDOMEN""]","[""LOWER_BACK""]",BODYWEIGHT,HOME|GYM,alternative-rule-v2.0.0,alternative-set-v2.0.0,DOMAIN_APPROVED,false,A_TO_B,4,6,SKIP_AFFECTED_AREA,AVOID_PAIN_AREA_ACTIVE_RECOVERY,"{""alternative_target_muscle_code"": ""CORE"", ""body_area_code"": ""HIP"", ""score_band_code"": ""NRS_4_6"", ""selection_basis"": ""DOMAIN_APPROVED_SCORE_BAND_AND_TARGET_MUSCLE_POLICY"", ""source_path"": ""normalized/v2_discomfort_alternative_mapping.csv"", ""source_target_muscle_code"": ""MOBILITY""}",mapping:HIP:NRS_4_6:REX-000033:REX-000009:DISCOMFORT
exercise_ball_hip_flexor_stretch_mobility_stretch_stability_ball,bodyweight_standing_calf_raise_isolation_bodyweight,REX-000033,REX-000016,DISCOMFORT,ACTIVE_RECOVERY,-1,"[""HIP""]","[""LOWER_BACK""]","[""ANKLE_FOOT""]","[""KNEE""]",BODYWEIGHT,HOME|GYM,alternative-rule-v2.0.0,alternative-set-v2.0.0,DOMAIN_APPROVED,false,A_TO_B,4,6,SKIP_AFFECTED_AREA,AVOID_PAIN_AREA_ACTIVE_RECOVERY,"{""alternative_target_muscle_code"": ""CALVES"", ""body_area_code"": ""LOWER_BACK"", ""score_band_code"": ""NRS_4_6"", ""selection_basis"": ""DOMAIN_APPROVED_SCORE_BAND_AND_TARGET_MUSCLE_POLICY"", ""source_path"": ""normalized/v2_discomfort_alternative_mapping.csv"", ""source_target_muscle_code"": ""MOBILITY""}",mapping:LOWER_BACK:NRS_4_6:REX-000033:REX-000016:DISCOMFORT
exercise_ball_hip_flexor_stretch_mobility_stretch_stability_ball,seated_glute_stretch_mobility_stretch_bodyweight,REX-000033,REX-000082,EQUIPMENT,MOBILITY_GLUTE,-1,"[""HIP""]","[""LOWER_BACK""]","[""HIP""]","[""KNEE""]",BODYWEIGHT,HOME|GYM,alternative-rule-v2.0.0,alternative-set-v2.0.0,DOMAIN_APPROVED,false,A_TO_B,,,,,"{""legacy_relationship_type"": ""CONSTRAINT"", ""selection_basis"": ""REX_ENDPOINT_AND_V2_CATALOG_RECHECK"", ""source_path"": ""generated/exercise-alternatives-v0.3.0/alternative_relationships.csv""}",NEX-000133:NEX-000126:CONSTRAINT
exercise_ball_hip_flexor_stretch_mobility_stretch_stability_ball,seated_piriformis_stretch_mobility_stretch_bodyweight,REX-000033,REX-000085,EQUIPMENT,MOBILITY_GLUTE,-1,"[""HIP""]","[""LOWER_BACK""]","[""HIP""]","[""KNEE""]",BODYWEIGHT,HOME|GYM,alternative-rule-v2.0.0,alternative-set-v2.0.0,DOMAIN_APPROVED,false,A_TO_B,,,,,"{""legacy_relationship_type"": ""CONSTRAINT"", ""selection_basis"": ""REX_ENDPOINT_AND_V2_CATALOG_RECHECK"", ""source_path"": ""generated/exercise-alternatives-v0.3.0/alternative_relationships.csv""}",NEX-000133:NEX-000157:CONSTRAINT
hamstring_stretch_mobility_stretch_bodyweight,ankle_circles_mobility_stretch_bodyweight,REX-000034,REX-000003,DISCOMFORT,SAME_GOAL,0,"[""KNEE""]","[""HIP""]","[""ANKLE_FOOT""]","[""KNEE""]",BODYWEIGHT,HOME|GYM,alternative-rule-v2.0.0,alternative-set-v2.0.0,DOMAIN_APPROVED,false,A_TO_B,1,3,LOAD_REDUCED,SAME_GOAL_LOWER_LOAD_ROM_EASIER_VARIANT,"{""alternative_target_muscle_code"": ""MOBILITY"", ""body_area_code"": ""HIP"", ""score_band_code"": ""NRS_1_3"", ""selection_basis"": ""DOMAIN_APPROVED_SCORE_BAND_AND_TARGET_MUSCLE_POLICY"", ""source_path"": ""normalized/v2_discomfort_alternative_mapping.csv"", ""source_target_muscle_code"": ""MOBILITY""}",mapping:HIP:NRS_1_3:REX-000034:REX-000003:DISCOMFORT
hamstring_stretch_mobility_stretch_bodyweight,ankle_circles_mobility_stretch_bodyweight,REX-000034,REX-000003,DISCOMFORT,SAME_GOAL,0,"[""KNEE""]","[""HIP""]","[""ANKLE_FOOT""]","[""KNEE""]",BODYWEIGHT,HOME|GYM,alternative-rule-v2.0.0,alternative-set-v2.0.0,DOMAIN_APPROVED,false,A_TO_B,1,3,LOAD_REDUCED,SAME_GOAL_LOWER_LOAD_ROM_EASIER_VARIANT,"{""alternative_target_muscle_code"": ""MOBILITY"", ""body_area_code"": ""KNEE"", ""score_band_code"": ""NRS_1_3"", ""selection_basis"": ""DOMAIN_APPROVED_SCORE_BAND_AND_TARGET_MUSCLE_POLICY"", ""source_path"": ""normalized/v2_discomfort_alternative_mapping.csv"", ""source_target_muscle_code"": ""MOBILITY""}",mapping:KNEE:NRS_1_3:REX-000034:REX-000003:DISCOMFORT
hamstring_stretch_mobility_stretch_bodyweight,bodyweight_crunch_core_brace_bodyweight,REX-000034,REX-000009,DISCOMFORT,ACTIVE_RECOVERY,0,"[""KNEE""]","[""HIP""]","[""ABDOMEN""]","[""LOWER_BACK""]",BODYWEIGHT,HOME|GYM,alternative-rule-v2.0.0,alternative-set-v2.0.0,DOMAIN_APPROVED,false,A_TO_B,4,6,SKIP_AFFECTED_AREA,AVOID_PAIN_AREA_ACTIVE_RECOVERY,"{""alternative_target_muscle_code"": ""CORE"", ""body_area_code"": ""HIP"", ""score_band_code"": ""NRS_4_6"", ""selection_basis"": ""DOMAIN_APPROVED_SCORE_BAND_AND_TARGET_MUSCLE_POLICY"", ""source_path"": ""normalized/v2_discomfort_alternative_mapping.csv"", ""source_target_muscle_code"": ""MOBILITY""}",mapping:HIP:NRS_4_6:REX-000034:REX-000009:DISCOMFORT
hamstring_stretch_mobility_stretch_bodyweight,bodyweight_crunch_core_brace_bodyweight,REX-000034,REX-000009,DISCOMFORT,ACTIVE_RECOVERY,0,"[""KNEE""]","[""HIP""]","[""ABDOMEN""]","[""LOWER_BACK""]",BODYWEIGHT,HOME|GYM,alternative-rule-v2.0.0,alternative-set-v2.0.0,DOMAIN_APPROVED,false,A_TO_B,4,6,SKIP_AFFECTED_AREA,AVOID_PAIN_AREA_ACTIVE_RECOVERY,"{""alternative_target_muscle_code"": ""CORE"", ""body_area_code"": ""KNEE"", ""score_band_code"": ""NRS_4_6"", ""selection_basis"": ""DOMAIN_APPROVED_SCORE_BAND_AND_TARGET_MUSCLE_POLICY"", ""source_path"": ""normalized/v2_discomfort_alternative_mapping.csv"", ""source_target_muscle_code"": ""MOBILITY""}",mapping:KNEE:NRS_4_6:REX-000034:REX-000009:DISCOMFORT
hand_grip_squeeze_isolation_household_weight,bodyweight_crunch_core_brace_bodyweight,REX-000035,REX-000009,DISCOMFORT,ACTIVE_RECOVERY,0,"[""WRIST_HAND""]","[""ELBOW""]","[""ABDOMEN""]","[""LOWER_BACK""]",BODYWEIGHT,HOME|GYM,alternative-rule-v2.0.0,alternative-set-v2.0.0,DOMAIN_APPROVED,false,A_TO_B,4,6,SKIP_AFFECTED_AREA,AVOID_PAIN_AREA_ACTIVE_RECOVERY,"{""alternative_target_muscle_code"": ""CORE"", ""body_area_code"": ""ELBOW"", ""score_band_code"": ""NRS_4_6"", ""selection_basis"": ""DOMAIN_APPROVED_SCORE_BAND_AND_TARGET_MUSCLE_POLICY"", ""source_path"": ""normalized/v2_discomfort_alternative_mapping.csv"", ""source_target_muscle_code"": ""FOREARMS""}",mapping:ELBOW:NRS_4_6:REX-000035:REX-000009:DISCOMFORT
hand_grip_squeeze_isolation_household_weight,bodyweight_crunch_core_brace_bodyweight,REX-000035,REX-000009,DISCOMFORT,ACTIVE_RECOVERY,0,"[""WRIST_HAND""]","[""ELBOW""]","[""ABDOMEN""]","[""LOWER_BACK""]",BODYWEIGHT,HOME|GYM,alternative-rule-v2.0.0,alternative-set-v2.0.0,DOMAIN_APPROVED,false,A_TO_B,4,6,SKIP_AFFECTED_AREA,AVOID_PAIN_AREA_ACTIVE_RECOVERY,"{""alternative_target_muscle_code"": ""CORE"", ""body_area_code"": ""WRIST_HAND"", ""score_band_code"": ""NRS_4_6"", ""selection_basis"": ""DOMAIN_APPROVED_SCORE_BAND_AND_TARGET_MUSCLE_POLICY"", ""source_path"": ""normalized/v2_discomfort_alternative_mapping.csv"", ""source_target_muscle_code"": ""FOREARMS""}",mapping:WRIST_HAND:NRS_4_6:REX-000035:REX-000009:DISCOMFORT
hand_grip_squeeze_isolation_household_weight,reverse_wrist_curl_isolation_barbell,REX-000035,REX-000055,DISCOMFORT,SAME_GOAL,0,"[""WRIST_HAND""]","[""ELBOW""]","[""WRIST_HAND""]","[""ELBOW""]",BARBELL,GYM,alternative-rule-v2.0.0,alternative-set-v2.0.0,DOMAIN_APPROVED,false,A_TO_B,1,3,LOAD_REDUCED,SAME_GOAL_LOWER_LOAD_ROM_EASIER_VARIANT,"{""alternative_target_muscle_code"": ""FOREARMS"", ""body_area_code"": ""ELBOW"", ""score_band_code"": ""NRS_1_3"", ""selection_basis"": ""DOMAIN_APPROVED_SCORE_BAND_AND_TARGET_MUSCLE_POLICY"", ""source_path"": ""normalized/v2_discomfort_alternative_mapping.csv"", ""source_target_muscle_code"": ""FOREARMS""}",mapping:ELBOW:NRS_1_3:REX-000035:REX-000055:DISCOMFORT
hand_grip_squeeze_isolation_household_weight,reverse_wrist_curl_isolation_barbell,REX-000035,REX-000055,DISCOMFORT,SAME_GOAL,0,"[""WRIST_HAND""]","[""ELBOW""]","[""WRIST_HAND""]","[""ELBOW""]",BARBELL,GYM,alternative-rule-v2.0.0,alternative-set-v2.0.0,DOMAIN_APPROVED,false,A_TO_B,1,3,LOAD_REDUCED,SAME_GOAL_LOWER_LOAD_ROM_EASIER_VARIANT,"{""alternative_target_muscle_code"": ""FOREARMS"", ""body_area_code"": ""WRIST_HAND"", ""score_band_code"": ""NRS_1_3"", ""selection_basis"": ""DOMAIN_APPROVED_SCORE_BAND_AND_TARGET_MUSCLE_POLICY"", ""source_path"": ""normalized/v2_discomfort_alternative_mapping.csv"", ""source_target_muscle_code"": ""FOREARMS""}",mapping:WRIST_HAND:NRS_1_3:REX-000035:REX-000055:DISCOMFORT
hip_flexor_quadriceps_stretch_mobility_stretch_stretch_strap,ankle_circles_mobility_stretch_bodyweight,REX-000036,REX-000003,DISCOMFORT,SAME_GOAL,-1,"[""KNEE""]","[""HIP""]","[""ANKLE_FOOT""]","[""KNEE""]",BODYWEIGHT,HOME|GYM,alternative-rule-v2.0.0,alternative-set-v2.0.0,DOMAIN_APPROVED,false,A_TO_B,1,3,LOAD_REDUCED,SAME_GOAL_LOWER_LOAD_ROM_EASIER_VARIANT,"{""alternative_target_muscle_code"": ""MOBILITY"", ""body_area_code"": ""HIP"", ""score_band_code"": ""NRS_1_3"", ""selection_basis"": ""DOMAIN_APPROVED_SCORE_BAND_AND_TARGET_MUSCLE_POLICY"", ""source_path"": ""normalized/v2_discomfort_alternative_mapping.csv"", ""source_target_muscle_code"": ""MOBILITY""}",mapping:HIP:NRS_1_3:REX-000036:REX-000003:DISCOMFORT
hip_flexor_quadriceps_stretch_mobility_stretch_stretch_strap,ankle_circles_mobility_stretch_bodyweight,REX-000036,REX-000003,DISCOMFORT,SAME_GOAL,-1,"[""KNEE""]","[""HIP""]","[""ANKLE_FOOT""]","[""KNEE""]",BODYWEIGHT,HOME|GYM,alternative-rule-v2.0.0,alternative-set-v2.0.0,DOMAIN_APPROVED,false,A_TO_B,1,3,LOAD_REDUCED,SAME_GOAL_LOWER_LOAD_ROM_EASIER_VARIANT,"{""alternative_target_muscle_code"": ""MOBILITY"", ""body_area_code"": ""KNEE"", ""score_band_code"": ""NRS_1_3"", ""selection_basis"": ""DOMAIN_APPROVED_SCORE_BAND_AND_TARGET_MUSCLE_POLICY"", ""source_path"": ""normalized/v2_discomfort_alternative_mapping.csv"", ""source_target_muscle_code"": ""MOBILITY""}",mapping:KNEE:NRS_1_3:REX-000036:REX-000003:DISCOMFORT
hip_flexor_quadriceps_stretch_mobility_stretch_stretch_strap,bodyweight_crunch_core_brace_bodyweight,REX-000036,REX-000009,DISCOMFORT,ACTIVE_RECOVERY,-1,"[""KNEE""]","[""HIP""]","[""ABDOMEN""]","[""LOWER_BACK""]",BODYWEIGHT,HOME|GYM,alternative-rule-v2.0.0,alternative-set-v2.0.0,DOMAIN_APPROVED,false,A_TO_B,4,6,SKIP_AFFECTED_AREA,AVOID_PAIN_AREA_ACTIVE_RECOVERY,"{""alternative_target_muscle_code"": ""CORE"", ""body_area_code"": ""HIP"", ""score_band_code"": ""NRS_4_6"", ""selection_basis"": ""DOMAIN_APPROVED_SCORE_BAND_AND_TARGET_MUSCLE_POLICY"", ""source_path"": ""normalized/v2_discomfort_alternative_mapping.csv"", ""source_target_muscle_code"": ""MOBILITY""}",mapping:HIP:NRS_4_6:REX-000036:REX-000009:DISCOMFORT
hip_flexor_quadriceps_stretch_mobility_stretch_stretch_strap,bodyweight_crunch_core_brace_bodyweight,REX-000036,REX-000009,DISCOMFORT,ACTIVE_RECOVERY,-1,"[""KNEE""]","[""HIP""]","[""ABDOMEN""]","[""LOWER_BACK""]",BODYWEIGHT,HOME|GYM,alternative-rule-v2.0.0,alternative-set-v2.0.0,DOMAIN_APPROVED,false,A_TO_B,4,6,SKIP_AFFECTED_AREA,AVOID_PAIN_AREA_ACTIVE_RECOVERY,"{""alternative_target_muscle_code"": ""CORE"", ""body_area_code"": ""KNEE"", ""score_band_code"": ""NRS_4_6"", ""selection_basis"": ""DOMAIN_APPROVED_SCORE_BAND_AND_TARGET_MUSCLE_POLICY"", ""source_path"": ""normalized/v2_discomfort_alternative_mapping.csv"", ""source_target_muscle_code"": ""MOBILITY""}",mapping:KNEE:NRS_4_6:REX-000036:REX-000009:DISCOMFORT
hip_flexor_quadriceps_stretch_mobility_stretch_stretch_strap,all_fours_squat_stretch_mobility_stretch_bodyweight,REX-000036,REX-000002,EQUIPMENT,MOBILITY_QUAD,0,"[""KNEE""]","[""HIP""]","[""KNEE"",""HIP""]","[""ANKLE_FOOT""]",BODYWEIGHT,HOME|GYM,alternative-rule-v2.0.0,alternative-set-v2.0.0,DOMAIN_APPROVED,false,A_TO_B,,,,,"{""legacy_relationship_type"": ""CONSTRAINT"", ""selection_basis"": ""REX_ENDPOINT_AND_V2_CATALOG_RECHECK"", ""source_path"": ""generated/exercise-alternatives-v0.3.0/alternative_relationships.csv""}",NEX-000134:NEX-000131:CONSTRAINT
hip_flexor_quadriceps_stretch_mobility_stretch_stretch_strap,chair_leg_extended_stretch_mobility_stretch_bodyweight,REX-000036,REX-000020,EQUIPMENT,MOBILITY_QUAD,-1,"[""KNEE""]","[""HIP""]","[""KNEE""]","[""HIP""]",BODYWEIGHT,HOME|GYM,alternative-rule-v2.0.0,alternative-set-v2.0.0,DOMAIN_APPROVED,false,A_TO_B,,,,,"{""legacy_relationship_type"": ""CONSTRAINT"", ""selection_basis"": ""REX_ENDPOINT_AND_V2_CATALOG_RECHECK"", ""source_path"": ""generated/exercise-alternatives-v0.3.0/alternative_relationships.csv""}",NEX-000134:NEX-000132:CONSTRAINT
hip_flexor_quadriceps_stretch_mobility_stretch_stretch_strap,side_lying_quadriceps_stretch_mobility_stretch_bodyweight,REX-000036,REX-000088,EQUIPMENT,MOBILITY_QUAD,-1,"[""KNEE""]","[""HIP""]","[""KNEE""]","[""HIP""]",BODYWEIGHT,HOME|GYM,alternative-rule-v2.0.0,alternative-set-v2.0.0,DOMAIN_APPROVED,false,A_TO_B,,,,,"{""legacy_relationship_type"": ""INTENSITY"", ""selection_basis"": ""REX_ENDPOINT_AND_V2_CATALOG_RECHECK"", ""source_path"": ""generated/exercise-alternatives-v0.3.0/alternative_relationships.csv""}",NEX-000134:NEX-000072:INTENSITY
incline_y_raise_isolation_dumbbell,bodyweight_crunch_core_brace_bodyweight,REX-000037,REX-000009,DISCOMFORT,ACTIVE_RECOVERY,-1,"[""UPPER_BACK""]","[""SHOULDER"",""ELBOW""]","[""ABDOMEN""]","[""LOWER_BACK""]",BODYWEIGHT,HOME|GYM,alternative-rule-v2.0.0,alternative-set-v2.0.0,DOMAIN_APPROVED,false,A_TO_B,4,6,SKIP_AFFECTED_AREA,AVOID_PAIN_AREA_ACTIVE_RECOVERY,"{""alternative_target_muscle_code"": ""CORE"", ""body_area_code"": ""ELBOW"", ""score_band_code"": ""NRS_4_6"", ""selection_basis"": ""DOMAIN_APPROVED_SCORE_BAND_AND_TARGET_MUSCLE_POLICY"", ""source_path"": ""normalized/v2_discomfort_alternative_mapping.csv"", ""source_target_muscle_code"": ""BACK""}",mapping:ELBOW:NRS_4_6:REX-000037:REX-000009:DISCOMFORT
incline_y_raise_isolation_dumbbell,bodyweight_crunch_core_brace_bodyweight,REX-000037,REX-000009,DISCOMFORT,ACTIVE_RECOVERY,-1,"[""UPPER_BACK""]","[""SHOULDER"",""ELBOW""]","[""ABDOMEN""]","[""LOWER_BACK""]",BODYWEIGHT,HOME|GYM,alternative-rule-v2.0.0,alternative-set-v2.0.0,DOMAIN_APPROVED,false,A_TO_B,4,6,SKIP_AFFECTED_AREA,AVOID_PAIN_AREA_ACTIVE_RECOVERY,"{""alternative_target_muscle_code"": ""CORE"", ""body_area_code"": ""SHOULDER"", ""score_band_code"": ""NRS_4_6"", ""selection_basis"": ""DOMAIN_APPROVED_SCORE_BAND_AND_TARGET_MUSCLE_POLICY"", ""source_path"": ""normalized/v2_discomfort_alternative_mapping.csv"", ""source_target_muscle_code"": ""BACK""}",mapping:SHOULDER:NRS_4_6:REX-000037:REX-000009:DISCOMFORT
incline_y_raise_isolation_dumbbell,bodyweight_crunch_core_brace_bodyweight,REX-000037,REX-000009,DISCOMFORT,ACTIVE_RECOVERY,-1,"[""UPPER_BACK""]","[""SHOULDER"",""ELBOW""]","[""ABDOMEN""]","[""LOWER_BACK""]",BODYWEIGHT,HOME|GYM,alternative-rule-v2.0.0,alternative-set-v2.0.0,DOMAIN_APPROVED,false,A_TO_B,4,6,SKIP_AFFECTED_AREA,AVOID_PAIN_AREA_ACTIVE_RECOVERY,"{""alternative_target_muscle_code"": ""CORE"", ""body_area_code"": ""UPPER_BACK"", ""score_band_code"": ""NRS_4_6"", ""selection_basis"": ""DOMAIN_APPROVED_SCORE_BAND_AND_TARGET_MUSCLE_POLICY"", ""source_path"": ""normalized/v2_discomfort_alternative_mapping.csv"", ""source_target_muscle_code"": ""BACK""}",mapping:UPPER_BACK:NRS_4_6:REX-000037:REX-000009:DISCOMFORT
incline_y_raise_isolation_dumbbell,one_arm_wall_lats_isolation_bodyweight,REX-000037,REX-000046,DISCOMFORT,SAME_GOAL,-1,"[""UPPER_BACK""]","[""SHOULDER"",""ELBOW""]","[""UPPER_BACK""]","[""SHOULDER"",""ELBOW""]",BODYWEIGHT,HOME|GYM,alternative-rule-v2.0.0,alternative-set-v2.0.0,DOMAIN_APPROVED,false,A_TO_B,1,3,LOAD_REDUCED,SAME_GOAL_LOWER_LOAD_ROM_EASIER_VARIANT,"{""alternative_target_muscle_code"": ""BACK"", ""body_area_code"": ""ELBOW"", ""score_band_code"": ""NRS_1_3"", ""selection_basis"": ""DOMAIN_APPROVED_SCORE_BAND_AND_TARGET_MUSCLE_POLICY"", ""source_path"": ""normalized/v2_discomfort_alternative_mapping.csv"", ""source_target_muscle_code"": ""BACK""}",mapping:ELBOW:NRS_1_3:REX-000037:REX-000046:DISCOMFORT
incline_y_raise_isolation_dumbbell,one_arm_wall_lats_isolation_bodyweight,REX-000037,REX-000046,DISCOMFORT,SAME_GOAL,-1,"[""UPPER_BACK""]","[""SHOULDER"",""ELBOW""]","[""UPPER_BACK""]","[""SHOULDER"",""ELBOW""]",BODYWEIGHT,HOME|GYM,alternative-rule-v2.0.0,alternative-set-v2.0.0,DOMAIN_APPROVED,false,A_TO_B,1,3,LOAD_REDUCED,SAME_GOAL_LOWER_LOAD_ROM_EASIER_VARIANT,"{""alternative_target_muscle_code"": ""BACK"", ""body_area_code"": ""SHOULDER"", ""score_band_code"": ""NRS_1_3"", ""selection_basis"": ""DOMAIN_APPROVED_SCORE_BAND_AND_TARGET_MUSCLE_POLICY"", ""source_path"": ""normalized/v2_discomfort_alternative_mapping.csv"", ""source_target_muscle_code"": ""BACK""}",mapping:SHOULDER:NRS_1_3:REX-000037:REX-000046:DISCOMFORT
incline_y_raise_isolation_dumbbell,one_arm_wall_lats_isolation_bodyweight,REX-000037,REX-000046,DISCOMFORT,SAME_GOAL,-1,"[""UPPER_BACK""]","[""SHOULDER"",""ELBOW""]","[""UPPER_BACK""]","[""SHOULDER"",""ELBOW""]",BODYWEIGHT,HOME|GYM,alternative-rule-v2.0.0,alternative-set-v2.0.0,DOMAIN_APPROVED,false,A_TO_B,1,3,LOAD_REDUCED,SAME_GOAL_LOWER_LOAD_ROM_EASIER_VARIANT,"{""alternative_target_muscle_code"": ""BACK"", ""body_area_code"": ""UPPER_BACK"", ""score_band_code"": ""NRS_1_3"", ""selection_basis"": ""DOMAIN_APPROVED_SCORE_BAND_AND_TARGET_MUSCLE_POLICY"", ""source_path"": ""normalized/v2_discomfort_alternative_mapping.csv"", ""source_target_muscle_code"": ""BACK""}",mapping:UPPER_BACK:NRS_1_3:REX-000037:REX-000046:DISCOMFORT
inverted_row_horizontal_pull_bodyweight,bodyweight_crunch_core_brace_bodyweight,REX-000038,REX-000009,DISCOMFORT,ACTIVE_RECOVERY,-1,"[""UPPER_BACK""]","[""ELBOW"",""SHOULDER""]","[""ABDOMEN""]","[""LOWER_BACK""]",BODYWEIGHT,HOME|GYM,alternative-rule-v2.0.0,alternative-set-v2.0.0,DOMAIN_APPROVED,false,A_TO_B,4,6,SKIP_AFFECTED_AREA,AVOID_PAIN_AREA_ACTIVE_RECOVERY,"{""alternative_target_muscle_code"": ""CORE"", ""body_area_code"": ""ELBOW"", ""score_band_code"": ""NRS_4_6"", ""selection_basis"": ""DOMAIN_APPROVED_SCORE_BAND_AND_TARGET_MUSCLE_POLICY"", ""source_path"": ""normalized/v2_discomfort_alternative_mapping.csv"", ""source_target_muscle_code"": ""BACK""}",mapping:ELBOW:NRS_4_6:REX-000038:REX-000009:DISCOMFORT
inverted_row_horizontal_pull_bodyweight,bodyweight_crunch_core_brace_bodyweight,REX-000038,REX-000009,DISCOMFORT,ACTIVE_RECOVERY,-1,"[""UPPER_BACK""]","[""ELBOW"",""SHOULDER""]","[""ABDOMEN""]","[""LOWER_BACK""]",BODYWEIGHT,HOME|GYM,alternative-rule-v2.0.0,alternative-set-v2.0.0,DOMAIN_APPROVED,false,A_TO_B,4,6,SKIP_AFFECTED_AREA,AVOID_PAIN_AREA_ACTIVE_RECOVERY,"{""alternative_target_muscle_code"": ""CORE"", ""body_area_code"": ""SHOULDER"", ""score_band_code"": ""NRS_4_6"", ""selection_basis"": ""DOMAIN_APPROVED_SCORE_BAND_AND_TARGET_MUSCLE_POLICY"", ""source_path"": ""normalized/v2_discomfort_alternative_mapping.csv"", ""source_target_muscle_code"": ""BACK""}",mapping:SHOULDER:NRS_4_6:REX-000038:REX-000009:DISCOMFORT
inverted_row_horizontal_pull_bodyweight,bodyweight_crunch_core_brace_bodyweight,REX-000038,REX-000009,DISCOMFORT,ACTIVE_RECOVERY,-1,"[""UPPER_BACK""]","[""ELBOW"",""SHOULDER""]","[""ABDOMEN""]","[""LOWER_BACK""]",BODYWEIGHT,HOME|GYM,alternative-rule-v2.0.0,alternative-set-v2.0.0,DOMAIN_APPROVED,false,A_TO_B,4,6,SKIP_AFFECTED_AREA,AVOID_PAIN_AREA_ACTIVE_RECOVERY,"{""alternative_target_muscle_code"": ""CORE"", ""body_area_code"": ""UPPER_BACK"", ""score_band_code"": ""NRS_4_6"", ""selection_basis"": ""DOMAIN_APPROVED_SCORE_BAND_AND_TARGET_MUSCLE_POLICY"", ""source_path"": ""normalized/v2_discomfort_alternative_mapping.csv"", ""source_target_muscle_code"": ""BACK""}",mapping:UPPER_BACK:NRS_4_6:REX-000038:REX-000009:DISCOMFORT
inverted_row_horizontal_pull_bodyweight,row_variant_horizontal_pull_cable_machine,REX-000038,REX-000076,DISCOMFORT,SAME_GOAL,-1,"[""UPPER_BACK""]","[""ELBOW"",""SHOULDER""]","[""UPPER_BACK""]","[""ELBOW"",""SHOULDER""]",CABLE_MACHINE,GYM,alternative-rule-v2.0.0,alternative-set-v2.0.0,DOMAIN_APPROVED,false,A_TO_B,1,3,LOAD_REDUCED,SAME_GOAL_LOWER_LOAD_ROM_EASIER_VARIANT,"{""alternative_target_muscle_code"": ""BACK"", ""body_area_code"": ""ELBOW"", ""score_band_code"": ""NRS_1_3"", ""selection_basis"": ""DOMAIN_APPROVED_SCORE_BAND_AND_TARGET_MUSCLE_POLICY"", ""source_path"": ""normalized/v2_discomfort_alternative_mapping.csv"", ""source_target_muscle_code"": ""BACK""}",mapping:ELBOW:NRS_1_3:REX-000038:REX-000076:DISCOMFORT
inverted_row_horizontal_pull_bodyweight,row_variant_horizontal_pull_cable_machine,REX-000038,REX-000076,DISCOMFORT,SAME_GOAL,-1,"[""UPPER_BACK""]","[""ELBOW"",""SHOULDER""]","[""UPPER_BACK""]","[""ELBOW"",""SHOULDER""]",CABLE_MACHINE,GYM,alternative-rule-v2.0.0,alternative-set-v2.0.0,DOMAIN_APPROVED,false,A_TO_B,1,3,LOAD_REDUCED,SAME_GOAL_LOWER_LOAD_ROM_EASIER_VARIANT,"{""alternative_target_muscle_code"": ""BACK"", ""body_area_code"": ""SHOULDER"", ""score_band_code"": ""NRS_1_3"", ""selection_basis"": ""DOMAIN_APPROVED_SCORE_BAND_AND_TARGET_MUSCLE_POLICY"", ""source_path"": ""normalized/v2_discomfort_alternative_mapping.csv"", ""source_target_muscle_code"": ""BACK""}",mapping:SHOULDER:NRS_1_3:REX-000038:REX-000076:DISCOMFORT
inverted_row_horizontal_pull_bodyweight,row_variant_horizontal_pull_cable_machine,REX-000038,REX-000076,DISCOMFORT,SAME_GOAL,-1,"[""UPPER_BACK""]","[""ELBOW"",""SHOULDER""]","[""UPPER_BACK""]","[""ELBOW"",""SHOULDER""]",CABLE_MACHINE,GYM,alternative-rule-v2.0.0,alternative-set-v2.0.0,DOMAIN_APPROVED,false,A_TO_B,1,3,LOAD_REDUCED,SAME_GOAL_LOWER_LOAD_ROM_EASIER_VARIANT,"{""alternative_target_muscle_code"": ""BACK"", ""body_area_code"": ""UPPER_BACK"", ""score_band_code"": ""NRS_1_3"", ""selection_basis"": ""DOMAIN_APPROVED_SCORE_BAND_AND_TARGET_MUSCLE_POLICY"", ""source_path"": ""normalized/v2_discomfort_alternative_mapping.csv"", ""source_target_muscle_code"": ""BACK""}",mapping:UPPER_BACK:NRS_1_3:REX-000038:REX-000076:DISCOMFORT
inverted_row_horizontal_pull_bodyweight,row_variant_horizontal_pull_cable_machine,REX-000038,REX-000076,LOCATION,HORIZONTAL_PULL_STRENGTH,0,"[""UPPER_BACK""]","[""ELBOW"",""SHOULDER""]","[""UPPER_BACK""]","[""ELBOW"",""SHOULDER""]",CABLE_MACHINE,GYM,alternative-rule-v2.0.0,alternative-set-v2.0.0,DOMAIN_APPROVED,false,A_TO_B,,,,,"{""legacy_relationship_type"": ""CONSTRAINT"", ""selection_basis"": ""REX_ENDPOINT_AND_V2_CATALOG_RECHECK"", ""source_path"": ""generated/exercise-alternatives-v0.3.0/alternative_relationships.csv""}",NEX-000066:NEX-000184:CONSTRAINT
kneeling_lat_stretch_mobility_stretch_bodyweight,ankle_circles_mobility_stretch_bodyweight,REX-000039,REX-000003,DISCOMFORT,SAME_GOAL,0,"[""UPPER_BACK""]","[""SHOULDER"",""CHEST""]","[""ANKLE_FOOT""]","[""KNEE""]",BODYWEIGHT,HOME|GYM,alternative-rule-v2.0.0,alternative-set-v2.0.0,DOMAIN_APPROVED,false,A_TO_B,1,3,LOAD_REDUCED,SAME_GOAL_LOWER_LOAD_ROM_EASIER_VARIANT,"{""alternative_target_muscle_code"": ""MOBILITY"", ""body_area_code"": ""CHEST"", ""score_band_code"": ""NRS_1_3"", ""selection_basis"": ""DOMAIN_APPROVED_SCORE_BAND_AND_TARGET_MUSCLE_POLICY"", ""source_path"": ""normalized/v2_discomfort_alternative_mapping.csv"", ""source_target_muscle_code"": ""MOBILITY""}",mapping:CHEST:NRS_1_3:REX-000039:REX-000003:DISCOMFORT
kneeling_lat_stretch_mobility_stretch_bodyweight,ankle_circles_mobility_stretch_bodyweight,REX-000039,REX-000003,DISCOMFORT,SAME_GOAL,0,"[""UPPER_BACK""]","[""SHOULDER"",""CHEST""]","[""ANKLE_FOOT""]","[""KNEE""]",BODYWEIGHT,HOME|GYM,alternative-rule-v2.0.0,alternative-set-v2.0.0,DOMAIN_APPROVED,false,A_TO_B,1,3,LOAD_REDUCED,SAME_GOAL_LOWER_LOAD_ROM_EASIER_VARIANT,"{""alternative_target_muscle_code"": ""MOBILITY"", ""body_area_code"": ""SHOULDER"", ""score_band_code"": ""NRS_1_3"", ""selection_basis"": ""DOMAIN_APPROVED_SCORE_BAND_AND_TARGET_MUSCLE_POLICY"", ""source_path"": ""normalized/v2_discomfort_alternative_mapping.csv"", ""source_target_muscle_code"": ""MOBILITY""}",mapping:SHOULDER:NRS_1_3:REX-000039:REX-000003:DISCOMFORT
kneeling_lat_stretch_mobility_stretch_bodyweight,ankle_circles_mobility_stretch_bodyweight,REX-000039,REX-000003,DISCOMFORT,SAME_GOAL,0,"[""UPPER_BACK""]","[""SHOULDER"",""CHEST""]","[""ANKLE_FOOT""]","[""KNEE""]",BODYWEIGHT,HOME|GYM,alternative-rule-v2.0.0,alternative-set-v2.0.0,DOMAIN_APPROVED,false,A_TO_B,1,3,LOAD_REDUCED,SAME_GOAL_LOWER_LOAD_ROM_EASIER_VARIANT,"{""alternative_target_muscle_code"": ""MOBILITY"", ""body_area_code"": ""UPPER_BACK"", ""score_band_code"": ""NRS_1_3"", ""selection_basis"": ""DOMAIN_APPROVED_SCORE_BAND_AND_TARGET_MUSCLE_POLICY"", ""source_path"": ""normalized/v2_discomfort_alternative_mapping.csv"", ""source_target_muscle_code"": ""MOBILITY""}",mapping:UPPER_BACK:NRS_1_3:REX-000039:REX-000003:DISCOMFORT
kneeling_lat_stretch_mobility_stretch_bodyweight,bodyweight_crunch_core_brace_bodyweight,REX-000039,REX-000009,DISCOMFORT,ACTIVE_RECOVERY,0,"[""UPPER_BACK""]","[""SHOULDER"",""CHEST""]","[""ABDOMEN""]","[""LOWER_BACK""]",BODYWEIGHT,HOME|GYM,alternative-rule-v2.0.0,alternative-set-v2.0.0,DOMAIN_APPROVED,false,A_TO_B,4,6,SKIP_AFFECTED_AREA,AVOID_PAIN_AREA_ACTIVE_RECOVERY,"{""alternative_target_muscle_code"": ""CORE"", ""body_area_code"": ""CHEST"", ""score_band_code"": ""NRS_4_6"", ""selection_basis"": ""DOMAIN_APPROVED_SCORE_BAND_AND_TARGET_MUSCLE_POLICY"", ""source_path"": ""normalized/v2_discomfort_alternative_mapping.csv"", ""source_target_muscle_code"": ""MOBILITY""}",mapping:CHEST:NRS_4_6:REX-000039:REX-000009:DISCOMFORT
kneeling_lat_stretch_mobility_stretch_bodyweight,bodyweight_crunch_core_brace_bodyweight,REX-000039,REX-000009,DISCOMFORT,ACTIVE_RECOVERY,0,"[""UPPER_BACK""]","[""SHOULDER"",""CHEST""]","[""ABDOMEN""]","[""LOWER_BACK""]",BODYWEIGHT,HOME|GYM,alternative-rule-v2.0.0,alternative-set-v2.0.0,DOMAIN_APPROVED,false,A_TO_B,4,6,SKIP_AFFECTED_AREA,AVOID_PAIN_AREA_ACTIVE_RECOVERY,"{""alternative_target_muscle_code"": ""CORE"", ""body_area_code"": ""SHOULDER"", ""score_band_code"": ""NRS_4_6"", ""selection_basis"": ""DOMAIN_APPROVED_SCORE_BAND_AND_TARGET_MUSCLE_POLICY"", ""source_path"": ""normalized/v2_discomfort_alternative_mapping.csv"", ""source_target_muscle_code"": ""MOBILITY""}",mapping:SHOULDER:NRS_4_6:REX-000039:REX-000009:DISCOMFORT
kneeling_lat_stretch_mobility_stretch_bodyweight,bodyweight_crunch_core_brace_bodyweight,REX-000039,REX-000009,DISCOMFORT,ACTIVE_RECOVERY,0,"[""UPPER_BACK""]","[""SHOULDER"",""CHEST""]","[""ABDOMEN""]","[""LOWER_BACK""]",BODYWEIGHT,HOME|GYM,alternative-rule-v2.0.0,alternative-set-v2.0.0,DOMAIN_APPROVED,false,A_TO_B,4,6,SKIP_AFFECTED_AREA,AVOID_PAIN_AREA_ACTIVE_RECOVERY,"{""alternative_target_muscle_code"": ""CORE"", ""body_area_code"": ""UPPER_BACK"", ""score_band_code"": ""NRS_4_6"", ""selection_basis"": ""DOMAIN_APPROVED_SCORE_BAND_AND_TARGET_MUSCLE_POLICY"", ""source_path"": ""normalized/v2_discomfort_alternative_mapping.csv"", ""source_target_muscle_code"": ""MOBILITY""}",mapping:UPPER_BACK:NRS_4_6:REX-000039:REX-000009:DISCOMFORT
lat_pulldown_vertical_pull_cable_machine,bodyweight_crunch_core_brace_bodyweight,REX-000040,REX-000009,DISCOMFORT,ACTIVE_RECOVERY,0,"[""UPPER_BACK""]","[""ELBOW"",""SHOULDER""]","[""ABDOMEN""]","[""LOWER_BACK""]",BODYWEIGHT,HOME|GYM,alternative-rule-v2.0.0,alternative-set-v2.0.0,DOMAIN_APPROVED,false,A_TO_B,4,6,SKIP_AFFECTED_AREA,AVOID_PAIN_AREA_ACTIVE_RECOVERY,"{""alternative_target_muscle_code"": ""CORE"", ""body_area_code"": ""ELBOW"", ""score_band_code"": ""NRS_4_6"", ""selection_basis"": ""DOMAIN_APPROVED_SCORE_BAND_AND_TARGET_MUSCLE_POLICY"", ""source_path"": ""normalized/v2_discomfort_alternative_mapping.csv"", ""source_target_muscle_code"": ""BACK""}",mapping:ELBOW:NRS_4_6:REX-000040:REX-000009:DISCOMFORT
lat_pulldown_vertical_pull_cable_machine,bodyweight_crunch_core_brace_bodyweight,REX-000040,REX-000009,DISCOMFORT,ACTIVE_RECOVERY,0,"[""UPPER_BACK""]","[""ELBOW"",""SHOULDER""]","[""ABDOMEN""]","[""LOWER_BACK""]",BODYWEIGHT,HOME|GYM,alternative-rule-v2.0.0,alternative-set-v2.0.0,DOMAIN_APPROVED,false,A_TO_B,4,6,SKIP_AFFECTED_AREA,AVOID_PAIN_AREA_ACTIVE_RECOVERY,"{""alternative_target_muscle_code"": ""CORE"", ""body_area_code"": ""SHOULDER"", ""score_band_code"": ""NRS_4_6"", ""selection_basis"": ""DOMAIN_APPROVED_SCORE_BAND_AND_TARGET_MUSCLE_POLICY"", ""source_path"": ""normalized/v2_discomfort_alternative_mapping.csv"", ""source_target_muscle_code"": ""BACK""}",mapping:SHOULDER:NRS_4_6:REX-000040:REX-000009:DISCOMFORT
lat_pulldown_vertical_pull_cable_machine,bodyweight_crunch_core_brace_bodyweight,REX-000040,REX-000009,DISCOMFORT,ACTIVE_RECOVERY,0,"[""UPPER_BACK""]","[""ELBOW"",""SHOULDER""]","[""ABDOMEN""]","[""LOWER_BACK""]",BODYWEIGHT,HOME|GYM,alternative-rule-v2.0.0,alternative-set-v2.0.0,DOMAIN_APPROVED,false,A_TO_B,4,6,SKIP_AFFECTED_AREA,AVOID_PAIN_AREA_ACTIVE_RECOVERY,"{""alternative_target_muscle_code"": ""CORE"", ""body_area_code"": ""UPPER_BACK"", ""score_band_code"": ""NRS_4_6"", ""selection_basis"": ""DOMAIN_APPROVED_SCORE_BAND_AND_TARGET_MUSCLE_POLICY"", ""source_path"": ""normalized/v2_discomfort_alternative_mapping.csv"", ""source_target_muscle_code"": ""BACK""}",mapping:UPPER_BACK:NRS_4_6:REX-000040:REX-000009:DISCOMFORT
lat_pulldown_vertical_pull_cable_machine,one_arm_wall_lats_isolation_bodyweight,REX-000040,REX-000046,DISCOMFORT,SAME_GOAL,0,"[""UPPER_BACK""]","[""ELBOW"",""SHOULDER""]","[""UPPER_BACK""]","[""SHOULDER"",""ELBOW""]",BODYWEIGHT,HOME|GYM,alternative-rule-v2.0.0,alternative-set-v2.0.0,DOMAIN_APPROVED,false,A_TO_B,1,3,LOAD_REDUCED,SAME_GOAL_LOWER_LOAD_ROM_EASIER_VARIANT,"{""alternative_target_muscle_code"": ""BACK"", ""body_area_code"": ""ELBOW"", ""score_band_code"": ""NRS_1_3"", ""selection_basis"": ""DOMAIN_APPROVED_SCORE_BAND_AND_TARGET_MUSCLE_POLICY"", ""source_path"": ""normalized/v2_discomfort_alternative_mapping.csv"", ""source_target_muscle_code"": ""BACK""}",mapping:ELBOW:NRS_1_3:REX-000040:REX-000046:DISCOMFORT
lat_pulldown_vertical_pull_cable_machine,one_arm_wall_lats_isolation_bodyweight,REX-000040,REX-000046,DISCOMFORT,SAME_GOAL,0,"[""UPPER_BACK""]","[""ELBOW"",""SHOULDER""]","[""UPPER_BACK""]","[""SHOULDER"",""ELBOW""]",BODYWEIGHT,HOME|GYM,alternative-rule-v2.0.0,alternative-set-v2.0.0,DOMAIN_APPROVED,false,A_TO_B,1,3,LOAD_REDUCED,SAME_GOAL_LOWER_LOAD_ROM_EASIER_VARIANT,"{""alternative_target_muscle_code"": ""BACK"", ""body_area_code"": ""SHOULDER"", ""score_band_code"": ""NRS_1_3"", ""selection_basis"": ""DOMAIN_APPROVED_SCORE_BAND_AND_TARGET_MUSCLE_POLICY"", ""source_path"": ""normalized/v2_discomfort_alternative_mapping.csv"", ""source_target_muscle_code"": ""BACK""}",mapping:SHOULDER:NRS_1_3:REX-000040:REX-000046:DISCOMFORT
lat_pulldown_vertical_pull_cable_machine,one_arm_wall_lats_isolation_bodyweight,REX-000040,REX-000046,DISCOMFORT,SAME_GOAL,0,"[""UPPER_BACK""]","[""ELBOW"",""SHOULDER""]","[""UPPER_BACK""]","[""SHOULDER"",""ELBOW""]",BODYWEIGHT,HOME|GYM,alternative-rule-v2.0.0,alternative-set-v2.0.0,DOMAIN_APPROVED,false,A_TO_B,1,3,LOAD_REDUCED,SAME_GOAL_LOWER_LOAD_ROM_EASIER_VARIANT,"{""alternative_target_muscle_code"": ""BACK"", ""body_area_code"": ""UPPER_BACK"", ""score_band_code"": ""NRS_1_3"", ""selection_basis"": ""DOMAIN_APPROVED_SCORE_BAND_AND_TARGET_MUSCLE_POLICY"", ""source_path"": ""normalized/v2_discomfort_alternative_mapping.csv"", ""source_target_muscle_code"": ""BACK""}",mapping:UPPER_BACK:NRS_1_3:REX-000040:REX-000046:DISCOMFORT
leg_press_knee_dominant_machine,bodyweight_crunch_core_brace_bodyweight,REX-000041,REX-000009,DISCOMFORT,ACTIVE_RECOVERY,0,"[""KNEE"",""HIP""]","[""ANKLE_FOOT""]","[""ABDOMEN""]","[""LOWER_BACK""]",BODYWEIGHT,HOME|GYM,alternative-rule-v2.0.0,alternative-set-v2.0.0,DOMAIN_APPROVED,false,A_TO_B,4,6,SKIP_AFFECTED_AREA,AVOID_PAIN_AREA_ACTIVE_RECOVERY,"{""alternative_target_muscle_code"": ""CORE"", ""body_area_code"": ""ANKLE_FOOT"", ""score_band_code"": ""NRS_4_6"", ""selection_basis"": ""DOMAIN_APPROVED_SCORE_BAND_AND_TARGET_MUSCLE_POLICY"", ""source_path"": ""normalized/v2_discomfort_alternative_mapping.csv"", ""source_target_muscle_code"": ""QUADRICEPS""}",mapping:ANKLE_FOOT:NRS_4_6:REX-000041:REX-000009:DISCOMFORT
leg_press_knee_dominant_machine,bodyweight_crunch_core_brace_bodyweight,REX-000041,REX-000009,DISCOMFORT,ACTIVE_RECOVERY,0,"[""KNEE"",""HIP""]","[""ANKLE_FOOT""]","[""ABDOMEN""]","[""LOWER_BACK""]",BODYWEIGHT,HOME|GYM,alternative-rule-v2.0.0,alternative-set-v2.0.0,DOMAIN_APPROVED,false,A_TO_B,4,6,SKIP_AFFECTED_AREA,AVOID_PAIN_AREA_ACTIVE_RECOVERY,"{""alternative_target_muscle_code"": ""CORE"", ""body_area_code"": ""HIP"", ""score_band_code"": ""NRS_4_6"", ""selection_basis"": ""DOMAIN_APPROVED_SCORE_BAND_AND_TARGET_MUSCLE_POLICY"", ""source_path"": ""normalized/v2_discomfort_alternative_mapping.csv"", ""source_target_muscle_code"": ""QUADRICEPS""}",mapping:HIP:NRS_4_6:REX-000041:REX-000009:DISCOMFORT
leg_press_knee_dominant_machine,bodyweight_crunch_core_brace_bodyweight,REX-000041,REX-000009,DISCOMFORT,ACTIVE_RECOVERY,0,"[""KNEE"",""HIP""]","[""ANKLE_FOOT""]","[""ABDOMEN""]","[""LOWER_BACK""]",BODYWEIGHT,HOME|GYM,alternative-rule-v2.0.0,alternative-set-v2.0.0,DOMAIN_APPROVED,false,A_TO_B,4,6,SKIP_AFFECTED_AREA,AVOID_PAIN_AREA_ACTIVE_RECOVERY,"{""alternative_target_muscle_code"": ""CORE"", ""body_area_code"": ""KNEE"", ""score_band_code"": ""NRS_4_6"", ""selection_basis"": ""DOMAIN_APPROVED_SCORE_BAND_AND_TARGET_MUSCLE_POLICY"", ""source_path"": ""normalized/v2_discomfort_alternative_mapping.csv"", ""source_target_muscle_code"": ""QUADRICEPS""}",mapping:KNEE:NRS_4_6:REX-000041:REX-000009:DISCOMFORT
leg_press_knee_dominant_machine,leg_press_knee_dominant_resistance_band,REX-000041,REX-000069,DISCOMFORT,SAME_GOAL,0,"[""KNEE"",""HIP""]","[""ANKLE_FOOT""]","[""KNEE""]","[""HIP""]",RESISTANCE_BAND,HOME,alternative-rule-v2.0.0,alternative-set-v2.0.0,DOMAIN_APPROVED,false,A_TO_B,1,3,LOAD_REDUCED,SAME_GOAL_LOWER_LOAD_ROM_EASIER_VARIANT,"{""alternative_target_muscle_code"": ""QUADRICEPS"", ""body_area_code"": ""ANKLE_FOOT"", ""score_band_code"": ""NRS_1_3"", ""selection_basis"": ""DOMAIN_APPROVED_SCORE_BAND_AND_TARGET_MUSCLE_POLICY"", ""source_path"": ""normalized/v2_discomfort_alternative_mapping.csv"", ""source_target_muscle_code"": ""QUADRICEPS""}",mapping:ANKLE_FOOT:NRS_1_3:REX-000041:REX-000069:DISCOMFORT
leg_press_knee_dominant_machine,leg_press_knee_dominant_resistance_band,REX-000041,REX-000069,DISCOMFORT,SAME_GOAL,0,"[""KNEE"",""HIP""]","[""ANKLE_FOOT""]","[""KNEE""]","[""HIP""]",RESISTANCE_BAND,HOME,alternative-rule-v2.0.0,alternative-set-v2.0.0,DOMAIN_APPROVED,false,A_TO_B,1,3,LOAD_REDUCED,SAME_GOAL_LOWER_LOAD_ROM_EASIER_VARIANT,"{""alternative_target_muscle_code"": ""QUADRICEPS"", ""body_area_code"": ""HIP"", ""score_band_code"": ""NRS_1_3"", ""selection_basis"": ""DOMAIN_APPROVED_SCORE_BAND_AND_TARGET_MUSCLE_POLICY"", ""source_path"": ""normalized/v2_discomfort_alternative_mapping.csv"", ""source_target_muscle_code"": ""QUADRICEPS""}",mapping:HIP:NRS_1_3:REX-000041:REX-000069:DISCOMFORT
leg_press_knee_dominant_machine,leg_press_knee_dominant_resistance_band,REX-000041,REX-000069,DISCOMFORT,SAME_GOAL,0,"[""KNEE"",""HIP""]","[""ANKLE_FOOT""]","[""KNEE""]","[""HIP""]",RESISTANCE_BAND,HOME,alternative-rule-v2.0.0,alternative-set-v2.0.0,DOMAIN_APPROVED,false,A_TO_B,1,3,LOAD_REDUCED,SAME_GOAL_LOWER_LOAD_ROM_EASIER_VARIANT,"{""alternative_target_muscle_code"": ""QUADRICEPS"", ""body_area_code"": ""KNEE"", ""score_band_code"": ""NRS_1_3"", ""selection_basis"": ""DOMAIN_APPROVED_SCORE_BAND_AND_TARGET_MUSCLE_POLICY"", ""source_path"": ""normalized/v2_discomfort_alternative_mapping.csv"", ""source_target_muscle_code"": ""QUADRICEPS""}",mapping:KNEE:NRS_1_3:REX-000041:REX-000069:DISCOMFORT
leg_up_hamstring_stretch_mobility_stretch_bodyweight,ankle_circles_mobility_stretch_bodyweight,REX-000042,REX-000003,DISCOMFORT,SAME_GOAL,0,"[""KNEE""]","[""HIP""]","[""ANKLE_FOOT""]","[""KNEE""]",BODYWEIGHT,HOME|GYM,alternative-rule-v2.0.0,alternative-set-v2.0.0,DOMAIN_APPROVED,false,A_TO_B,1,3,LOAD_REDUCED,SAME_GOAL_LOWER_LOAD_ROM_EASIER_VARIANT,"{""alternative_target_muscle_code"": ""MOBILITY"", ""body_area_code"": ""HIP"", ""score_band_code"": ""NRS_1_3"", ""selection_basis"": ""DOMAIN_APPROVED_SCORE_BAND_AND_TARGET_MUSCLE_POLICY"", ""source_path"": ""normalized/v2_discomfort_alternative_mapping.csv"", ""source_target_muscle_code"": ""MOBILITY""}",mapping:HIP:NRS_1_3:REX-000042:REX-000003:DISCOMFORT
leg_up_hamstring_stretch_mobility_stretch_bodyweight,ankle_circles_mobility_stretch_bodyweight,REX-000042,REX-000003,DISCOMFORT,SAME_GOAL,0,"[""KNEE""]","[""HIP""]","[""ANKLE_FOOT""]","[""KNEE""]",BODYWEIGHT,HOME|GYM,alternative-rule-v2.0.0,alternative-set-v2.0.0,DOMAIN_APPROVED,false,A_TO_B,1,3,LOAD_REDUCED,SAME_GOAL_LOWER_LOAD_ROM_EASIER_VARIANT,"{""alternative_target_muscle_code"": ""MOBILITY"", ""body_area_code"": ""KNEE"", ""score_band_code"": ""NRS_1_3"", ""selection_basis"": ""DOMAIN_APPROVED_SCORE_BAND_AND_TARGET_MUSCLE_POLICY"", ""source_path"": ""normalized/v2_discomfort_alternative_mapping.csv"", ""source_target_muscle_code"": ""MOBILITY""}",mapping:KNEE:NRS_1_3:REX-000042:REX-000003:DISCOMFORT
leg_up_hamstring_stretch_mobility_stretch_bodyweight,bodyweight_crunch_core_brace_bodyweight,REX-000042,REX-000009,DISCOMFORT,ACTIVE_RECOVERY,0,"[""KNEE""]","[""HIP""]","[""ABDOMEN""]","[""LOWER_BACK""]",BODYWEIGHT,HOME|GYM,alternative-rule-v2.0.0,alternative-set-v2.0.0,DOMAIN_APPROVED,false,A_TO_B,4,6,SKIP_AFFECTED_AREA,AVOID_PAIN_AREA_ACTIVE_RECOVERY,"{""alternative_target_muscle_code"": ""CORE"", ""body_area_code"": ""HIP"", ""score_band_code"": ""NRS_4_6"", ""selection_basis"": ""DOMAIN_APPROVED_SCORE_BAND_AND_TARGET_MUSCLE_POLICY"", ""source_path"": ""normalized/v2_discomfort_alternative_mapping.csv"", ""source_target_muscle_code"": ""MOBILITY""}",mapping:HIP:NRS_4_6:REX-000042:REX-000009:DISCOMFORT
leg_up_hamstring_stretch_mobility_stretch_bodyweight,bodyweight_crunch_core_brace_bodyweight,REX-000042,REX-000009,DISCOMFORT,ACTIVE_RECOVERY,0,"[""KNEE""]","[""HIP""]","[""ABDOMEN""]","[""LOWER_BACK""]",BODYWEIGHT,HOME|GYM,alternative-rule-v2.0.0,alternative-set-v2.0.0,DOMAIN_APPROVED,false,A_TO_B,4,6,SKIP_AFFECTED_AREA,AVOID_PAIN_AREA_ACTIVE_RECOVERY,"{""alternative_target_muscle_code"": ""CORE"", ""body_area_code"": ""KNEE"", ""score_band_code"": ""NRS_4_6"", ""selection_basis"": ""DOMAIN_APPROVED_SCORE_BAND_AND_TARGET_MUSCLE_POLICY"", ""source_path"": ""normalized/v2_discomfort_alternative_mapping.csv"", ""source_target_muscle_code"": ""MOBILITY""}",mapping:KNEE:NRS_4_6:REX-000042:REX-000009:DISCOMFORT
lower_back_curl_core_brace_bodyweight,bodyweight_crunch_core_brace_bodyweight,REX-000043,REX-000009,DISCOMFORT,ACTIVE_RECOVERY,-1,"[""LOWER_BACK""]","[""UPPER_BACK""]","[""ABDOMEN""]","[""LOWER_BACK""]",BODYWEIGHT,HOME|GYM,alternative-rule-v2.0.0,alternative-set-v2.0.0,DOMAIN_APPROVED,false,A_TO_B,4,6,SKIP_AFFECTED_AREA,AVOID_PAIN_AREA_ACTIVE_RECOVERY,"{""alternative_target_muscle_code"": ""CORE"", ""body_area_code"": ""UPPER_BACK"", ""score_band_code"": ""NRS_4_6"", ""selection_basis"": ""DOMAIN_APPROVED_SCORE_BAND_AND_TARGET_MUSCLE_POLICY"", ""source_path"": ""normalized/v2_discomfort_alternative_mapping.csv"", ""source_target_muscle_code"": ""BACK""}",mapping:UPPER_BACK:NRS_4_6:REX-000043:REX-000009:DISCOMFORT
lower_back_curl_core_brace_bodyweight,bodyweight_standing_calf_raise_isolation_bodyweight,REX-000043,REX-000016,DISCOMFORT,ACTIVE_RECOVERY,-1,"[""LOWER_BACK""]","[""UPPER_BACK""]","[""ANKLE_FOOT""]","[""KNEE""]",BODYWEIGHT,HOME|GYM,alternative-rule-v2.0.0,alternative-set-v2.0.0,DOMAIN_APPROVED,false,A_TO_B,4,6,SKIP_AFFECTED_AREA,AVOID_PAIN_AREA_ACTIVE_RECOVERY,"{""alternative_target_muscle_code"": ""CALVES"", ""body_area_code"": ""LOWER_BACK"", ""score_band_code"": ""NRS_4_6"", ""selection_basis"": ""DOMAIN_APPROVED_SCORE_BAND_AND_TARGET_MUSCLE_POLICY"", ""source_path"": ""normalized/v2_discomfort_alternative_mapping.csv"", ""source_target_muscle_code"": ""BACK""}",mapping:LOWER_BACK:NRS_4_6:REX-000043:REX-000016:DISCOMFORT
lower_back_curl_core_brace_bodyweight,one_arm_wall_lats_isolation_bodyweight,REX-000043,REX-000046,DISCOMFORT,SAME_GOAL,-1,"[""LOWER_BACK""]","[""UPPER_BACK""]","[""UPPER_BACK""]","[""SHOULDER"",""ELBOW""]",BODYWEIGHT,HOME|GYM,alternative-rule-v2.0.0,alternative-set-v2.0.0,DOMAIN_APPROVED,false,A_TO_B,1,3,LOAD_REDUCED,SAME_GOAL_LOWER_LOAD_ROM_EASIER_VARIANT,"{""alternative_target_muscle_code"": ""BACK"", ""body_area_code"": ""LOWER_BACK"", ""score_band_code"": ""NRS_1_3"", ""selection_basis"": ""DOMAIN_APPROVED_SCORE_BAND_AND_TARGET_MUSCLE_POLICY"", ""source_path"": ""normalized/v2_discomfort_alternative_mapping.csv"", ""source_target_muscle_code"": ""BACK""}",mapping:LOWER_BACK:NRS_1_3:REX-000043:REX-000046:DISCOMFORT
lower_back_curl_core_brace_bodyweight,one_arm_wall_lats_isolation_bodyweight,REX-000043,REX-000046,DISCOMFORT,SAME_GOAL,-1,"[""LOWER_BACK""]","[""UPPER_BACK""]","[""UPPER_BACK""]","[""SHOULDER"",""ELBOW""]",BODYWEIGHT,HOME|GYM,alternative-rule-v2.0.0,alternative-set-v2.0.0,DOMAIN_APPROVED,false,A_TO_B,1,3,LOAD_REDUCED,SAME_GOAL_LOWER_LOAD_ROM_EASIER_VARIANT,"{""alternative_target_muscle_code"": ""BACK"", ""body_area_code"": ""UPPER_BACK"", ""score_band_code"": ""NRS_1_3"", ""selection_basis"": ""DOMAIN_APPROVED_SCORE_BAND_AND_TARGET_MUSCLE_POLICY"", ""source_path"": ""normalized/v2_discomfort_alternative_mapping.csv"", ""source_target_muscle_code"": ""BACK""}",mapping:UPPER_BACK:NRS_1_3:REX-000043:REX-000046:DISCOMFORT
machine_leg_extension_isolation_machine,bodyweight_crunch_core_brace_bodyweight,REX-000044,REX-000009,DISCOMFORT,ACTIVE_RECOVERY,0,"[""KNEE""]","[""HIP""]","[""ABDOMEN""]","[""LOWER_BACK""]",BODYWEIGHT,HOME|GYM,alternative-rule-v2.0.0,alternative-set-v2.0.0,DOMAIN_APPROVED,false,A_TO_B,4,6,SKIP_AFFECTED_AREA,AVOID_PAIN_AREA_ACTIVE_RECOVERY,"{""alternative_target_muscle_code"": ""CORE"", ""body_area_code"": ""HIP"", ""score_band_code"": ""NRS_4_6"", ""selection_basis"": ""DOMAIN_APPROVED_SCORE_BAND_AND_TARGET_MUSCLE_POLICY"", ""source_path"": ""normalized/v2_discomfort_alternative_mapping.csv"", ""source_target_muscle_code"": ""QUADRICEPS""}",mapping:HIP:NRS_4_6:REX-000044:REX-000009:DISCOMFORT
machine_leg_extension_isolation_machine,bodyweight_crunch_core_brace_bodyweight,REX-000044,REX-000009,DISCOMFORT,ACTIVE_RECOVERY,0,"[""KNEE""]","[""HIP""]","[""ABDOMEN""]","[""LOWER_BACK""]",BODYWEIGHT,HOME|GYM,alternative-rule-v2.0.0,alternative-set-v2.0.0,DOMAIN_APPROVED,false,A_TO_B,4,6,SKIP_AFFECTED_AREA,AVOID_PAIN_AREA_ACTIVE_RECOVERY,"{""alternative_target_muscle_code"": ""CORE"", ""body_area_code"": ""KNEE"", ""score_band_code"": ""NRS_4_6"", ""selection_basis"": ""DOMAIN_APPROVED_SCORE_BAND_AND_TARGET_MUSCLE_POLICY"", ""source_path"": ""normalized/v2_discomfort_alternative_mapping.csv"", ""source_target_muscle_code"": ""QUADRICEPS""}",mapping:KNEE:NRS_4_6:REX-000044:REX-000009:DISCOMFORT
machine_leg_extension_isolation_machine,hip_flexion_isolation_bodyweight,REX-000044,REX-000057,DISCOMFORT,SAME_GOAL,0,"[""KNEE""]","[""HIP""]","[""KNEE""]","[""HIP"",""ANKLE_FOOT""]",BODYWEIGHT,HOME,alternative-rule-v2.0.0,alternative-set-v2.0.0,DOMAIN_APPROVED,false,A_TO_B,1,3,LOAD_REDUCED,SAME_GOAL_LOWER_LOAD_ROM_EASIER_VARIANT,"{""alternative_target_muscle_code"": ""QUADRICEPS"", ""body_area_code"": ""HIP"", ""score_band_code"": ""NRS_1_3"", ""selection_basis"": ""DOMAIN_APPROVED_SCORE_BAND_AND_TARGET_MUSCLE_POLICY"", ""source_path"": ""normalized/v2_discomfort_alternative_mapping.csv"", ""source_target_muscle_code"": ""QUADRICEPS""}",mapping:HIP:NRS_1_3:REX-000044:REX-000057:DISCOMFORT
machine_leg_extension_isolation_machine,hip_flexion_isolation_bodyweight,REX-000044,REX-000057,DISCOMFORT,SAME_GOAL,0,"[""KNEE""]","[""HIP""]","[""KNEE""]","[""HIP"",""ANKLE_FOOT""]",BODYWEIGHT,HOME,alternative-rule-v2.0.0,alternative-set-v2.0.0,DOMAIN_APPROVED,false,A_TO_B,1,3,LOAD_REDUCED,SAME_GOAL_LOWER_LOAD_ROM_EASIER_VARIANT,"{""alternative_target_muscle_code"": ""QUADRICEPS"", ""body_area_code"": ""KNEE"", ""score_band_code"": ""NRS_1_3"", ""selection_basis"": ""DOMAIN_APPROVED_SCORE_BAND_AND_TARGET_MUSCLE_POLICY"", ""source_path"": ""normalized/v2_discomfort_alternative_mapping.csv"", ""source_target_muscle_code"": ""QUADRICEPS""}",mapping:KNEE:NRS_1_3:REX-000044:REX-000057:DISCOMFORT
neck_lateral_stretch_mobility_stretch_bodyweight,ankle_circles_mobility_stretch_bodyweight,REX-000045,REX-000003,DISCOMFORT,SAME_GOAL,0,"[""NECK""]","[""SHOULDER""]","[""ANKLE_FOOT""]","[""KNEE""]",BODYWEIGHT,HOME|GYM,alternative-rule-v2.0.0,alternative-set-v2.0.0,DOMAIN_APPROVED,false,A_TO_B,1,3,LOAD_REDUCED,SAME_GOAL_LOWER_LOAD_ROM_EASIER_VARIANT,"{""alternative_target_muscle_code"": ""MOBILITY"", ""body_area_code"": ""NECK"", ""score_band_code"": ""NRS_1_3"", ""selection_basis"": ""DOMAIN_APPROVED_SCORE_BAND_AND_TARGET_MUSCLE_POLICY"", ""source_path"": ""normalized/v2_discomfort_alternative_mapping.csv"", ""source_target_muscle_code"": ""MOBILITY""}",mapping:NECK:NRS_1_3:REX-000045:REX-000003:DISCOMFORT
neck_lateral_stretch_mobility_stretch_bodyweight,ankle_circles_mobility_stretch_bodyweight,REX-000045,REX-000003,DISCOMFORT,SAME_GOAL,0,"[""NECK""]","[""SHOULDER""]","[""ANKLE_FOOT""]","[""KNEE""]",BODYWEIGHT,HOME|GYM,alternative-rule-v2.0.0,alternative-set-v2.0.0,DOMAIN_APPROVED,false,A_TO_B,1,3,LOAD_REDUCED,SAME_GOAL_LOWER_LOAD_ROM_EASIER_VARIANT,"{""alternative_target_muscle_code"": ""MOBILITY"", ""body_area_code"": ""SHOULDER"", ""score_band_code"": ""NRS_1_3"", ""selection_basis"": ""DOMAIN_APPROVED_SCORE_BAND_AND_TARGET_MUSCLE_POLICY"", ""source_path"": ""normalized/v2_discomfort_alternative_mapping.csv"", ""source_target_muscle_code"": ""MOBILITY""}",mapping:SHOULDER:NRS_1_3:REX-000045:REX-000003:DISCOMFORT
neck_lateral_stretch_mobility_stretch_bodyweight,bodyweight_crunch_core_brace_bodyweight,REX-000045,REX-000009,DISCOMFORT,ACTIVE_RECOVERY,0,"[""NECK""]","[""SHOULDER""]","[""ABDOMEN""]","[""LOWER_BACK""]",BODYWEIGHT,HOME|GYM,alternative-rule-v2.0.0,alternative-set-v2.0.0,DOMAIN_APPROVED,false,A_TO_B,4,6,SKIP_AFFECTED_AREA,AVOID_PAIN_AREA_ACTIVE_RECOVERY,"{""alternative_target_muscle_code"": ""CORE"", ""body_area_code"": ""NECK"", ""score_band_code"": ""NRS_4_6"", ""selection_basis"": ""DOMAIN_APPROVED_SCORE_BAND_AND_TARGET_MUSCLE_POLICY"", ""source_path"": ""normalized/v2_discomfort_alternative_mapping.csv"", ""source_target_muscle_code"": ""MOBILITY""}",mapping:NECK:NRS_4_6:REX-000045:REX-000009:DISCOMFORT
neck_lateral_stretch_mobility_stretch_bodyweight,bodyweight_crunch_core_brace_bodyweight,REX-000045,REX-000009,DISCOMFORT,ACTIVE_RECOVERY,0,"[""NECK""]","[""SHOULDER""]","[""ABDOMEN""]","[""LOWER_BACK""]",BODYWEIGHT,HOME|GYM,alternative-rule-v2.0.0,alternative-set-v2.0.0,DOMAIN_APPROVED,false,A_TO_B,4,6,SKIP_AFFECTED_AREA,AVOID_PAIN_AREA_ACTIVE_RECOVERY,"{""alternative_target_muscle_code"": ""CORE"", ""body_area_code"": ""SHOULDER"", ""score_band_code"": ""NRS_4_6"", ""selection_basis"": ""DOMAIN_APPROVED_SCORE_BAND_AND_TARGET_MUSCLE_POLICY"", ""source_path"": ""normalized/v2_discomfort_alternative_mapping.csv"", ""source_target_muscle_code"": ""MOBILITY""}",mapping:SHOULDER:NRS_4_6:REX-000045:REX-000009:DISCOMFORT
one_arm_wall_lats_isolation_bodyweight,bodyweight_crunch_core_brace_bodyweight,REX-000046,REX-000009,DISCOMFORT,ACTIVE_RECOVERY,0,"[""UPPER_BACK""]","[""SHOULDER"",""ELBOW""]","[""ABDOMEN""]","[""LOWER_BACK""]",BODYWEIGHT,HOME|GYM,alternative-rule-v2.0.0,alternative-set-v2.0.0,DOMAIN_APPROVED,false,A_TO_B,4,6,SKIP_AFFECTED_AREA,AVOID_PAIN_AREA_ACTIVE_RECOVERY,"{""alternative_target_muscle_code"": ""CORE"", ""body_area_code"": ""ELBOW"", ""score_band_code"": ""NRS_4_6"", ""selection_basis"": ""DOMAIN_APPROVED_SCORE_BAND_AND_TARGET_MUSCLE_POLICY"", ""source_path"": ""normalized/v2_discomfort_alternative_mapping.csv"", ""source_target_muscle_code"": ""BACK""}",mapping:ELBOW:NRS_4_6:REX-000046:REX-000009:DISCOMFORT
one_arm_wall_lats_isolation_bodyweight,bodyweight_crunch_core_brace_bodyweight,REX-000046,REX-000009,DISCOMFORT,ACTIVE_RECOVERY,0,"[""UPPER_BACK""]","[""SHOULDER"",""ELBOW""]","[""ABDOMEN""]","[""LOWER_BACK""]",BODYWEIGHT,HOME|GYM,alternative-rule-v2.0.0,alternative-set-v2.0.0,DOMAIN_APPROVED,false,A_TO_B,4,6,SKIP_AFFECTED_AREA,AVOID_PAIN_AREA_ACTIVE_RECOVERY,"{""alternative_target_muscle_code"": ""CORE"", ""body_area_code"": ""SHOULDER"", ""score_band_code"": ""NRS_4_6"", ""selection_basis"": ""DOMAIN_APPROVED_SCORE_BAND_AND_TARGET_MUSCLE_POLICY"", ""source_path"": ""normalized/v2_discomfort_alternative_mapping.csv"", ""source_target_muscle_code"": ""BACK""}",mapping:SHOULDER:NRS_4_6:REX-000046:REX-000009:DISCOMFORT
one_arm_wall_lats_isolation_bodyweight,bodyweight_crunch_core_brace_bodyweight,REX-000046,REX-000009,DISCOMFORT,ACTIVE_RECOVERY,0,"[""UPPER_BACK""]","[""SHOULDER"",""ELBOW""]","[""ABDOMEN""]","[""LOWER_BACK""]",BODYWEIGHT,HOME|GYM,alternative-rule-v2.0.0,alternative-set-v2.0.0,DOMAIN_APPROVED,false,A_TO_B,4,6,SKIP_AFFECTED_AREA,AVOID_PAIN_AREA_ACTIVE_RECOVERY,"{""alternative_target_muscle_code"": ""CORE"", ""body_area_code"": ""UPPER_BACK"", ""score_band_code"": ""NRS_4_6"", ""selection_basis"": ""DOMAIN_APPROVED_SCORE_BAND_AND_TARGET_MUSCLE_POLICY"", ""source_path"": ""normalized/v2_discomfort_alternative_mapping.csv"", ""source_target_muscle_code"": ""BACK""}",mapping:UPPER_BACK:NRS_4_6:REX-000046:REX-000009:DISCOMFORT
one_arm_wall_lats_isolation_bodyweight,upper_back_isolation_isolation_resistance_band,REX-000046,REX-000097,DISCOMFORT,SAME_GOAL,0,"[""UPPER_BACK""]","[""SHOULDER"",""ELBOW""]","[""UPPER_BACK""]","[""SHOULDER"",""ELBOW""]",RESISTANCE_BAND,HOME,alternative-rule-v2.0.0,alternative-set-v2.0.0,DOMAIN_APPROVED,false,A_TO_B,1,3,LOAD_REDUCED,SAME_GOAL_LOWER_LOAD_ROM_EASIER_VARIANT,"{""alternative_target_muscle_code"": ""BACK"", ""body_area_code"": ""ELBOW"", ""score_band_code"": ""NRS_1_3"", ""selection_basis"": ""DOMAIN_APPROVED_SCORE_BAND_AND_TARGET_MUSCLE_POLICY"", ""source_path"": ""normalized/v2_discomfort_alternative_mapping.csv"", ""source_target_muscle_code"": ""BACK""}",mapping:ELBOW:NRS_1_3:REX-000046:REX-000097:DISCOMFORT
one_arm_wall_lats_isolation_bodyweight,upper_back_isolation_isolation_resistance_band,REX-000046,REX-000097,DISCOMFORT,SAME_GOAL,0,"[""UPPER_BACK""]","[""SHOULDER"",""ELBOW""]","[""UPPER_BACK""]","[""SHOULDER"",""ELBOW""]",RESISTANCE_BAND,HOME,alternative-rule-v2.0.0,alternative-set-v2.0.0,DOMAIN_APPROVED,false,A_TO_B,1,3,LOAD_REDUCED,SAME_GOAL_LOWER_LOAD_ROM_EASIER_VARIANT,"{""alternative_target_muscle_code"": ""BACK"", ""body_area_code"": ""SHOULDER"", ""score_band_code"": ""NRS_1_3"", ""selection_basis"": ""DOMAIN_APPROVED_SCORE_BAND_AND_TARGET_MUSCLE_POLICY"", ""source_path"": ""normalized/v2_discomfort_alternative_mapping.csv"", ""source_target_muscle_code"": ""BACK""}",mapping:SHOULDER:NRS_1_3:REX-000046:REX-000097:DISCOMFORT
one_arm_wall_lats_isolation_bodyweight,upper_back_isolation_isolation_resistance_band,REX-000046,REX-000097,DISCOMFORT,SAME_GOAL,0,"[""UPPER_BACK""]","[""SHOULDER"",""ELBOW""]","[""UPPER_BACK""]","[""SHOULDER"",""ELBOW""]",RESISTANCE_BAND,HOME,alternative-rule-v2.0.0,alternative-set-v2.0.0,DOMAIN_APPROVED,false,A_TO_B,1,3,LOAD_REDUCED,SAME_GOAL_LOWER_LOAD_ROM_EASIER_VARIANT,"{""alternative_target_muscle_code"": ""BACK"", ""body_area_code"": ""UPPER_BACK"", ""score_band_code"": ""NRS_1_3"", ""selection_basis"": ""DOMAIN_APPROVED_SCORE_BAND_AND_TARGET_MUSCLE_POLICY"", ""source_path"": ""normalized/v2_discomfort_alternative_mapping.csv"", ""source_target_muscle_code"": ""BACK""}",mapping:UPPER_BACK:NRS_1_3:REX-000046:REX-000097:DISCOMFORT
overhead_triceps_extension_isolation_barbell,bodyweight_crunch_core_brace_bodyweight,REX-000047,REX-000009,DISCOMFORT,ACTIVE_RECOVERY,0,"[""ELBOW""]","[""SHOULDER""]","[""ABDOMEN""]","[""LOWER_BACK""]",BODYWEIGHT,HOME|GYM,alternative-rule-v2.0.0,alternative-set-v2.0.0,DOMAIN_APPROVED,false,A_TO_B,4,6,SKIP_AFFECTED_AREA,AVOID_PAIN_AREA_ACTIVE_RECOVERY,"{""alternative_target_muscle_code"": ""CORE"", ""body_area_code"": ""ELBOW"", ""score_band_code"": ""NRS_4_6"", ""selection_basis"": ""DOMAIN_APPROVED_SCORE_BAND_AND_TARGET_MUSCLE_POLICY"", ""source_path"": ""normalized/v2_discomfort_alternative_mapping.csv"", ""source_target_muscle_code"": ""TRICEPS""}",mapping:ELBOW:NRS_4_6:REX-000047:REX-000009:DISCOMFORT
overhead_triceps_extension_isolation_barbell,bodyweight_crunch_core_brace_bodyweight,REX-000047,REX-000009,DISCOMFORT,ACTIVE_RECOVERY,0,"[""ELBOW""]","[""SHOULDER""]","[""ABDOMEN""]","[""LOWER_BACK""]",BODYWEIGHT,HOME|GYM,alternative-rule-v2.0.0,alternative-set-v2.0.0,DOMAIN_APPROVED,false,A_TO_B,4,6,SKIP_AFFECTED_AREA,AVOID_PAIN_AREA_ACTIVE_RECOVERY,"{""alternative_target_muscle_code"": ""CORE"", ""body_area_code"": ""SHOULDER"", ""score_band_code"": ""NRS_4_6"", ""selection_basis"": ""DOMAIN_APPROVED_SCORE_BAND_AND_TARGET_MUSCLE_POLICY"", ""source_path"": ""normalized/v2_discomfort_alternative_mapping.csv"", ""source_target_muscle_code"": ""TRICEPS""}",mapping:SHOULDER:NRS_4_6:REX-000047:REX-000009:DISCOMFORT
overhead_triceps_extension_isolation_barbell,cable_triceps_pushdown_isolation_cable_machine,REX-000047,REX-000019,DISCOMFORT,SAME_GOAL,0,"[""ELBOW""]","[""SHOULDER""]","[""ELBOW""]","[""SHOULDER""]",CABLE_MACHINE,GYM,alternative-rule-v2.0.0,alternative-set-v2.0.0,DOMAIN_APPROVED,false,A_TO_B,1,3,LOAD_REDUCED,SAME_GOAL_LOWER_LOAD_ROM_EASIER_VARIANT,"{""alternative_target_muscle_code"": ""TRICEPS"", ""body_area_code"": ""ELBOW"", ""score_band_code"": ""NRS_1_3"", ""selection_basis"": ""DOMAIN_APPROVED_SCORE_BAND_AND_TARGET_MUSCLE_POLICY"", ""source_path"": ""normalized/v2_discomfort_alternative_mapping.csv"", ""source_target_muscle_code"": ""TRICEPS""}",mapping:ELBOW:NRS_1_3:REX-000047:REX-000019:DISCOMFORT
overhead_triceps_extension_isolation_barbell,cable_triceps_pushdown_isolation_cable_machine,REX-000047,REX-000019,DISCOMFORT,SAME_GOAL,0,"[""ELBOW""]","[""SHOULDER""]","[""ELBOW""]","[""SHOULDER""]",CABLE_MACHINE,GYM,alternative-rule-v2.0.0,alternative-set-v2.0.0,DOMAIN_APPROVED,false,A_TO_B,1,3,LOAD_REDUCED,SAME_GOAL_LOWER_LOAD_ROM_EASIER_VARIANT,"{""alternative_target_muscle_code"": ""TRICEPS"", ""body_area_code"": ""SHOULDER"", ""score_band_code"": ""NRS_1_3"", ""selection_basis"": ""DOMAIN_APPROVED_SCORE_BAND_AND_TARGET_MUSCLE_POLICY"", ""source_path"": ""normalized/v2_discomfort_alternative_mapping.csv"", ""source_target_muscle_code"": ""TRICEPS""}",mapping:SHOULDER:NRS_1_3:REX-000047:REX-000019:DISCOMFORT
overhead_triceps_stretch_mobility_stretch_bodyweight,ankle_circles_mobility_stretch_bodyweight,REX-000048,REX-000003,DISCOMFORT,SAME_GOAL,0,"[""ELBOW""]","[""SHOULDER"",""WRIST_HAND""]","[""ANKLE_FOOT""]","[""KNEE""]",BODYWEIGHT,HOME|GYM,alternative-rule-v2.0.0,alternative-set-v2.0.0,DOMAIN_APPROVED,false,A_TO_B,1,3,LOAD_REDUCED,SAME_GOAL_LOWER_LOAD_ROM_EASIER_VARIANT,"{""alternative_target_muscle_code"": ""MOBILITY"", ""body_area_code"": ""ELBOW"", ""score_band_code"": ""NRS_1_3"", ""selection_basis"": ""DOMAIN_APPROVED_SCORE_BAND_AND_TARGET_MUSCLE_POLICY"", ""source_path"": ""normalized/v2_discomfort_alternative_mapping.csv"", ""source_target_muscle_code"": ""MOBILITY""}",mapping:ELBOW:NRS_1_3:REX-000048:REX-000003:DISCOMFORT
overhead_triceps_stretch_mobility_stretch_bodyweight,ankle_circles_mobility_stretch_bodyweight,REX-000048,REX-000003,DISCOMFORT,SAME_GOAL,0,"[""ELBOW""]","[""SHOULDER"",""WRIST_HAND""]","[""ANKLE_FOOT""]","[""KNEE""]",BODYWEIGHT,HOME|GYM,alternative-rule-v2.0.0,alternative-set-v2.0.0,DOMAIN_APPROVED,false,A_TO_B,1,3,LOAD_REDUCED,SAME_GOAL_LOWER_LOAD_ROM_EASIER_VARIANT,"{""alternative_target_muscle_code"": ""MOBILITY"", ""body_area_code"": ""SHOULDER"", ""score_band_code"": ""NRS_1_3"", ""selection_basis"": ""DOMAIN_APPROVED_SCORE_BAND_AND_TARGET_MUSCLE_POLICY"", ""source_path"": ""normalized/v2_discomfort_alternative_mapping.csv"", ""source_target_muscle_code"": ""MOBILITY""}",mapping:SHOULDER:NRS_1_3:REX-000048:REX-000003:DISCOMFORT
overhead_triceps_stretch_mobility_stretch_bodyweight,ankle_circles_mobility_stretch_bodyweight,REX-000048,REX-000003,DISCOMFORT,SAME_GOAL,0,"[""ELBOW""]","[""SHOULDER"",""WRIST_HAND""]","[""ANKLE_FOOT""]","[""KNEE""]",BODYWEIGHT,HOME|GYM,alternative-rule-v2.0.0,alternative-set-v2.0.0,DOMAIN_APPROVED,false,A_TO_B,1,3,LOAD_REDUCED,SAME_GOAL_LOWER_LOAD_ROM_EASIER_VARIANT,"{""alternative_target_muscle_code"": ""MOBILITY"", ""body_area_code"": ""WRIST_HAND"", ""score_band_code"": ""NRS_1_3"", ""selection_basis"": ""DOMAIN_APPROVED_SCORE_BAND_AND_TARGET_MUSCLE_POLICY"", ""source_path"": ""normalized/v2_discomfort_alternative_mapping.csv"", ""source_target_muscle_code"": ""MOBILITY""}",mapping:WRIST_HAND:NRS_1_3:REX-000048:REX-000003:DISCOMFORT
overhead_triceps_stretch_mobility_stretch_bodyweight,bodyweight_crunch_core_brace_bodyweight,REX-000048,REX-000009,DISCOMFORT,ACTIVE_RECOVERY,0,"[""ELBOW""]","[""SHOULDER"",""WRIST_HAND""]","[""ABDOMEN""]","[""LOWER_BACK""]",BODYWEIGHT,HOME|GYM,alternative-rule-v2.0.0,alternative-set-v2.0.0,DOMAIN_APPROVED,false,A_TO_B,4,6,SKIP_AFFECTED_AREA,AVOID_PAIN_AREA_ACTIVE_RECOVERY,"{""alternative_target_muscle_code"": ""CORE"", ""body_area_code"": ""ELBOW"", ""score_band_code"": ""NRS_4_6"", ""selection_basis"": ""DOMAIN_APPROVED_SCORE_BAND_AND_TARGET_MUSCLE_POLICY"", ""source_path"": ""normalized/v2_discomfort_alternative_mapping.csv"", ""source_target_muscle_code"": ""MOBILITY""}",mapping:ELBOW:NRS_4_6:REX-000048:REX-000009:DISCOMFORT
overhead_triceps_stretch_mobility_stretch_bodyweight,bodyweight_crunch_core_brace_bodyweight,REX-000048,REX-000009,DISCOMFORT,ACTIVE_RECOVERY,0,"[""ELBOW""]","[""SHOULDER"",""WRIST_HAND""]","[""ABDOMEN""]","[""LOWER_BACK""]",BODYWEIGHT,HOME|GYM,alternative-rule-v2.0.0,alternative-set-v2.0.0,DOMAIN_APPROVED,false,A_TO_B,4,6,SKIP_AFFECTED_AREA,AVOID_PAIN_AREA_ACTIVE_RECOVERY,"{""alternative_target_muscle_code"": ""CORE"", ""body_area_code"": ""SHOULDER"", ""score_band_code"": ""NRS_4_6"", ""selection_basis"": ""DOMAIN_APPROVED_SCORE_BAND_AND_TARGET_MUSCLE_POLICY"", ""source_path"": ""normalized/v2_discomfort_alternative_mapping.csv"", ""source_target_muscle_code"": ""MOBILITY""}",mapping:SHOULDER:NRS_4_6:REX-000048:REX-000009:DISCOMFORT
overhead_triceps_stretch_mobility_stretch_bodyweight,bodyweight_crunch_core_brace_bodyweight,REX-000048,REX-000009,DISCOMFORT,ACTIVE_RECOVERY,0,"[""ELBOW""]","[""SHOULDER"",""WRIST_HAND""]","[""ABDOMEN""]","[""LOWER_BACK""]",BODYWEIGHT,HOME|GYM,alternative-rule-v2.0.0,alternative-set-v2.0.0,DOMAIN_APPROVED,false,A_TO_B,4,6,SKIP_AFFECTED_AREA,AVOID_PAIN_AREA_ACTIVE_RECOVERY,"{""alternative_target_muscle_code"": ""CORE"", ""body_area_code"": ""WRIST_HAND"", ""score_band_code"": ""NRS_4_6"", ""selection_basis"": ""DOMAIN_APPROVED_SCORE_BAND_AND_TARGET_MUSCLE_POLICY"", ""source_path"": ""normalized/v2_discomfort_alternative_mapping.csv"", ""source_target_muscle_code"": ""MOBILITY""}",mapping:WRIST_HAND:NRS_4_6:REX-000048:REX-000009:DISCOMFORT
pectorals_horizontal_push_horizontal_push_machine,bodyweight_crunch_core_brace_bodyweight,REX-000049,REX-000009,DISCOMFORT,ACTIVE_RECOVERY,0,"[""CHEST""]","[""SHOULDER"",""ELBOW""]","[""ABDOMEN""]","[""LOWER_BACK""]",BODYWEIGHT,HOME|GYM,alternative-rule-v2.0.0,alternative-set-v2.0.0,DOMAIN_APPROVED,false,A_TO_B,4,6,SKIP_AFFECTED_AREA,AVOID_PAIN_AREA_ACTIVE_RECOVERY,"{""alternative_target_muscle_code"": ""CORE"", ""body_area_code"": ""CHEST"", ""score_band_code"": ""NRS_4_6"", ""selection_basis"": ""DOMAIN_APPROVED_SCORE_BAND_AND_TARGET_MUSCLE_POLICY"", ""source_path"": ""normalized/v2_discomfort_alternative_mapping.csv"", ""source_target_muscle_code"": ""CHEST""}",mapping:CHEST:NRS_4_6:REX-000049:REX-000009:DISCOMFORT
pectorals_horizontal_push_horizontal_push_machine,bodyweight_crunch_core_brace_bodyweight,REX-000049,REX-000009,DISCOMFORT,ACTIVE_RECOVERY,0,"[""CHEST""]","[""SHOULDER"",""ELBOW""]","[""ABDOMEN""]","[""LOWER_BACK""]",BODYWEIGHT,HOME|GYM,alternative-rule-v2.0.0,alternative-set-v2.0.0,DOMAIN_APPROVED,false,A_TO_B,4,6,SKIP_AFFECTED_AREA,AVOID_PAIN_AREA_ACTIVE_RECOVERY,"{""alternative_target_muscle_code"": ""CORE"", ""body_area_code"": ""ELBOW"", ""score_band_code"": ""NRS_4_6"", ""selection_basis"": ""DOMAIN_APPROVED_SCORE_BAND_AND_TARGET_MUSCLE_POLICY"", ""source_path"": ""normalized/v2_discomfort_alternative_mapping.csv"", ""source_target_muscle_code"": ""CHEST""}",mapping:ELBOW:NRS_4_6:REX-000049:REX-000009:DISCOMFORT
pectorals_horizontal_push_horizontal_push_machine,bodyweight_crunch_core_brace_bodyweight,REX-000049,REX-000009,DISCOMFORT,ACTIVE_RECOVERY,0,"[""CHEST""]","[""SHOULDER"",""ELBOW""]","[""ABDOMEN""]","[""LOWER_BACK""]",BODYWEIGHT,HOME|GYM,alternative-rule-v2.0.0,alternative-set-v2.0.0,DOMAIN_APPROVED,false,A_TO_B,4,6,SKIP_AFFECTED_AREA,AVOID_PAIN_AREA_ACTIVE_RECOVERY,"{""alternative_target_muscle_code"": ""CORE"", ""body_area_code"": ""SHOULDER"", ""score_band_code"": ""NRS_4_6"", ""selection_basis"": ""DOMAIN_APPROVED_SCORE_BAND_AND_TARGET_MUSCLE_POLICY"", ""source_path"": ""normalized/v2_discomfort_alternative_mapping.csv"", ""source_target_muscle_code"": ""CHEST""}",mapping:SHOULDER:NRS_4_6:REX-000049:REX-000009:DISCOMFORT
pectorals_horizontal_push_horizontal_push_machine,push_up_horizontal_push_bodyweight,REX-000049,REX-000052,DISCOMFORT,SAME_GOAL,0,"[""CHEST""]","[""SHOULDER"",""ELBOW""]","[""CHEST""]","[""SHOULDER"",""ELBOW""]",BODYWEIGHT,HOME|GYM,alternative-rule-v2.0.0,alternative-set-v2.0.0,DOMAIN_APPROVED,false,A_TO_B,1,3,LOAD_REDUCED,SAME_GOAL_LOWER_LOAD_ROM_EASIER_VARIANT,"{""alternative_target_muscle_code"": ""CHEST"", ""body_area_code"": ""CHEST"", ""score_band_code"": ""NRS_1_3"", ""selection_basis"": ""DOMAIN_APPROVED_SCORE_BAND_AND_TARGET_MUSCLE_POLICY"", ""source_path"": ""normalized/v2_discomfort_alternative_mapping.csv"", ""source_target_muscle_code"": ""CHEST""}",mapping:CHEST:NRS_1_3:REX-000049:REX-000052:DISCOMFORT
pectorals_horizontal_push_horizontal_push_machine,push_up_horizontal_push_bodyweight,REX-000049,REX-000052,DISCOMFORT,SAME_GOAL,0,"[""CHEST""]","[""SHOULDER"",""ELBOW""]","[""CHEST""]","[""SHOULDER"",""ELBOW""]",BODYWEIGHT,HOME|GYM,alternative-rule-v2.0.0,alternative-set-v2.0.0,DOMAIN_APPROVED,false,A_TO_B,1,3,LOAD_REDUCED,SAME_GOAL_LOWER_LOAD_ROM_EASIER_VARIANT,"{""alternative_target_muscle_code"": ""CHEST"", ""body_area_code"": ""ELBOW"", ""score_band_code"": ""NRS_1_3"", ""selection_basis"": ""DOMAIN_APPROVED_SCORE_BAND_AND_TARGET_MUSCLE_POLICY"", ""source_path"": ""normalized/v2_discomfort_alternative_mapping.csv"", ""source_target_muscle_code"": ""CHEST""}",mapping:ELBOW:NRS_1_3:REX-000049:REX-000052:DISCOMFORT
pectorals_horizontal_push_horizontal_push_machine,push_up_horizontal_push_bodyweight,REX-000049,REX-000052,DISCOMFORT,SAME_GOAL,0,"[""CHEST""]","[""SHOULDER"",""ELBOW""]","[""CHEST""]","[""SHOULDER"",""ELBOW""]",BODYWEIGHT,HOME|GYM,alternative-rule-v2.0.0,alternative-set-v2.0.0,DOMAIN_APPROVED,false,A_TO_B,1,3,LOAD_REDUCED,SAME_GOAL_LOWER_LOAD_ROM_EASIER_VARIANT,"{""alternative_target_muscle_code"": ""CHEST"", ""body_area_code"": ""SHOULDER"", ""score_band_code"": ""NRS_1_3"", ""selection_basis"": ""DOMAIN_APPROVED_SCORE_BAND_AND_TARGET_MUSCLE_POLICY"", ""source_path"": ""normalized/v2_discomfort_alternative_mapping.csv"", ""source_target_muscle_code"": ""CHEST""}",mapping:SHOULDER:NRS_1_3:REX-000049:REX-000052:DISCOMFORT
pectorals_horizontal_push_horizontal_push_machine,close_grip_push_up_horizontal_push_bodyweight,REX-000049,REX-000022,LOCATION,HORIZONTAL_PUSH_STRENGTH,0,"[""CHEST""]","[""SHOULDER"",""ELBOW""]","[""ELBOW"",""CHEST""]","[""SHOULDER"",""ABDOMEN""]",BODYWEIGHT,HOME|GYM,alternative-rule-v2.0.0,alternative-set-v2.0.0,DOMAIN_APPROVED,false,A_TO_B,,,,,"{""legacy_relationship_type"": ""CONSTRAINT"", ""selection_basis"": ""REX_ENDPOINT_AND_V2_CATALOG_RECHECK"", ""source_path"": ""generated/exercise-alternatives-v0.3.0/alternative_relationships.csv""}",NEX-000182:NEX-000028:CONSTRAINT
pectorals_horizontal_push_horizontal_push_machine,push_up_horizontal_push_bodyweight,REX-000049,REX-000052,LOCATION,HORIZONTAL_PUSH_STRENGTH,0,"[""CHEST""]","[""SHOULDER"",""ELBOW""]","[""CHEST""]","[""SHOULDER"",""ELBOW""]",BODYWEIGHT,HOME|GYM,alternative-rule-v2.0.0,alternative-set-v2.0.0,DOMAIN_APPROVED,false,A_TO_B,,,,,"{""legacy_relationship_type"": ""CONSTRAINT"", ""selection_basis"": ""REX_ENDPOINT_AND_V2_CATALOG_RECHECK"", ""source_path"": ""generated/exercise-alternatives-v0.3.0/alternative_relationships.csv""}",NEX-000182:NEX-000074:CONSTRAINT
peroneal_stretch_mobility_stretch_stretch_strap,ankle_circles_mobility_stretch_bodyweight,REX-000050,REX-000003,DISCOMFORT,SAME_GOAL,-1,"[""ANKLE_FOOT""]","[""KNEE""]","[""ANKLE_FOOT""]","[""KNEE""]",BODYWEIGHT,HOME|GYM,alternative-rule-v2.0.0,alternative-set-v2.0.0,DOMAIN_APPROVED,false,A_TO_B,1,3,LOAD_REDUCED,SAME_GOAL_LOWER_LOAD_ROM_EASIER_VARIANT,"{""alternative_target_muscle_code"": ""MOBILITY"", ""body_area_code"": ""ANKLE_FOOT"", ""score_band_code"": ""NRS_1_3"", ""selection_basis"": ""DOMAIN_APPROVED_SCORE_BAND_AND_TARGET_MUSCLE_POLICY"", ""source_path"": ""normalized/v2_discomfort_alternative_mapping.csv"", ""source_target_muscle_code"": ""MOBILITY""}",mapping:ANKLE_FOOT:NRS_1_3:REX-000050:REX-000003:DISCOMFORT
peroneal_stretch_mobility_stretch_stretch_strap,ankle_circles_mobility_stretch_bodyweight,REX-000050,REX-000003,DISCOMFORT,SAME_GOAL,-1,"[""ANKLE_FOOT""]","[""KNEE""]","[""ANKLE_FOOT""]","[""KNEE""]",BODYWEIGHT,HOME|GYM,alternative-rule-v2.0.0,alternative-set-v2.0.0,DOMAIN_APPROVED,false,A_TO_B,1,3,LOAD_REDUCED,SAME_GOAL_LOWER_LOAD_ROM_EASIER_VARIANT,"{""alternative_target_muscle_code"": ""MOBILITY"", ""body_area_code"": ""KNEE"", ""score_band_code"": ""NRS_1_3"", ""selection_basis"": ""DOMAIN_APPROVED_SCORE_BAND_AND_TARGET_MUSCLE_POLICY"", ""source_path"": ""normalized/v2_discomfort_alternative_mapping.csv"", ""source_target_muscle_code"": ""MOBILITY""}",mapping:KNEE:NRS_1_3:REX-000050:REX-000003:DISCOMFORT
peroneal_stretch_mobility_stretch_stretch_strap,bodyweight_crunch_core_brace_bodyweight,REX-000050,REX-000009,DISCOMFORT,ACTIVE_RECOVERY,-1,"[""ANKLE_FOOT""]","[""KNEE""]","[""ABDOMEN""]","[""LOWER_BACK""]",BODYWEIGHT,HOME|GYM,alternative-rule-v2.0.0,alternative-set-v2.0.0,DOMAIN_APPROVED,false,A_TO_B,4,6,SKIP_AFFECTED_AREA,AVOID_PAIN_AREA_ACTIVE_RECOVERY,"{""alternative_target_muscle_code"": ""CORE"", ""body_area_code"": ""ANKLE_FOOT"", ""score_band_code"": ""NRS_4_6"", ""selection_basis"": ""DOMAIN_APPROVED_SCORE_BAND_AND_TARGET_MUSCLE_POLICY"", ""source_path"": ""normalized/v2_discomfort_alternative_mapping.csv"", ""source_target_muscle_code"": ""MOBILITY""}",mapping:ANKLE_FOOT:NRS_4_6:REX-000050:REX-000009:DISCOMFORT
peroneal_stretch_mobility_stretch_stretch_strap,bodyweight_crunch_core_brace_bodyweight,REX-000050,REX-000009,DISCOMFORT,ACTIVE_RECOVERY,-1,"[""ANKLE_FOOT""]","[""KNEE""]","[""ABDOMEN""]","[""LOWER_BACK""]",BODYWEIGHT,HOME|GYM,alternative-rule-v2.0.0,alternative-set-v2.0.0,DOMAIN_APPROVED,false,A_TO_B,4,6,SKIP_AFFECTED_AREA,AVOID_PAIN_AREA_ACTIVE_RECOVERY,"{""alternative_target_muscle_code"": ""CORE"", ""body_area_code"": ""KNEE"", ""score_band_code"": ""NRS_4_6"", ""selection_basis"": ""DOMAIN_APPROVED_SCORE_BAND_AND_TARGET_MUSCLE_POLICY"", ""source_path"": ""normalized/v2_discomfort_alternative_mapping.csv"", ""source_target_muscle_code"": ""MOBILITY""}",mapping:KNEE:NRS_4_6:REX-000050:REX-000009:DISCOMFORT
peroneal_stretch_mobility_stretch_stretch_strap,seated_calf_stretch_mobility_stretch_bodyweight,REX-000050,REX-000081,EQUIPMENT,MOBILITY_CALF,-1,"[""ANKLE_FOOT""]","[""KNEE""]","[""ANKLE_FOOT""]","[""KNEE""]",BODYWEIGHT,HOME|GYM,alternative-rule-v2.0.0,alternative-set-v2.0.0,DOMAIN_APPROVED,false,A_TO_B,,,,,"{""legacy_relationship_type"": ""CONSTRAINT"", ""selection_basis"": ""REX_ENDPOINT_AND_V2_CATALOG_RECHECK"", ""source_path"": ""generated/exercise-alternatives-v0.3.0/alternative_relationships.csv""}",NEX-000123:NEX-000124:CONSTRAINT
peroneal_stretch_mobility_stretch_stretch_strap,wall_calf_stretch_mobility_stretch_bodyweight,REX-000050,REX-000099,EQUIPMENT,MOBILITY_CALF,-1,"[""ANKLE_FOOT""]","[""KNEE""]","[""ANKLE_FOOT""]","[""KNEE""]",BODYWEIGHT,HOME|GYM,alternative-rule-v2.0.0,alternative-set-v2.0.0,DOMAIN_APPROVED,false,A_TO_B,,,,,"{""legacy_relationship_type"": ""CONSTRAINT"", ""selection_basis"": ""REX_ENDPOINT_AND_V2_CATALOG_RECHECK"", ""source_path"": ""generated/exercise-alternatives-v0.3.0/alternative_relationships.csv""}",NEX-000123:NEX-000119:CONSTRAINT
plank_rotation_core_brace_bodyweight,bodyweight_crunch_core_brace_bodyweight,REX-000051,REX-000009,DISCOMFORT,SAME_GOAL,-1,"[""ABDOMEN""]","[""LOWER_BACK""]","[""ABDOMEN""]","[""LOWER_BACK""]",BODYWEIGHT,HOME|GYM,alternative-rule-v2.0.0,alternative-set-v2.0.0,DOMAIN_APPROVED,false,A_TO_B,1,3,LOAD_REDUCED,SAME_GOAL_LOWER_LOAD_ROM_EASIER_VARIANT,"{""alternative_target_muscle_code"": ""CORE"", ""body_area_code"": ""ABDOMEN"", ""score_band_code"": ""NRS_1_3"", ""selection_basis"": ""DOMAIN_APPROVED_SCORE_BAND_AND_TARGET_MUSCLE_POLICY"", ""source_path"": ""normalized/v2_discomfort_alternative_mapping.csv"", ""source_target_muscle_code"": ""CORE""}",mapping:ABDOMEN:NRS_1_3:REX-000051:REX-000009:DISCOMFORT
plank_rotation_core_brace_bodyweight,bodyweight_crunch_core_brace_bodyweight,REX-000051,REX-000009,DISCOMFORT,SAME_GOAL,-1,"[""ABDOMEN""]","[""LOWER_BACK""]","[""ABDOMEN""]","[""LOWER_BACK""]",BODYWEIGHT,HOME|GYM,alternative-rule-v2.0.0,alternative-set-v2.0.0,DOMAIN_APPROVED,false,A_TO_B,1,3,LOAD_REDUCED,SAME_GOAL_LOWER_LOAD_ROM_EASIER_VARIANT,"{""alternative_target_muscle_code"": ""CORE"", ""body_area_code"": ""LOWER_BACK"", ""score_band_code"": ""NRS_1_3"", ""selection_basis"": ""DOMAIN_APPROVED_SCORE_BAND_AND_TARGET_MUSCLE_POLICY"", ""source_path"": ""normalized/v2_discomfort_alternative_mapping.csv"", ""source_target_muscle_code"": ""CORE""}",mapping:LOWER_BACK:NRS_1_3:REX-000051:REX-000009:DISCOMFORT
plank_rotation_core_brace_bodyweight,bodyweight_standing_calf_raise_isolation_bodyweight,REX-000051,REX-000016,DISCOMFORT,ACTIVE_RECOVERY,-1,"[""ABDOMEN""]","[""LOWER_BACK""]","[""ANKLE_FOOT""]","[""KNEE""]",BODYWEIGHT,HOME|GYM,alternative-rule-v2.0.0,alternative-set-v2.0.0,DOMAIN_APPROVED,false,A_TO_B,4,6,SKIP_AFFECTED_AREA,AVOID_PAIN_AREA_ACTIVE_RECOVERY,"{""alternative_target_muscle_code"": ""CALVES"", ""body_area_code"": ""ABDOMEN"", ""score_band_code"": ""NRS_4_6"", ""selection_basis"": ""DOMAIN_APPROVED_SCORE_BAND_AND_TARGET_MUSCLE_POLICY"", ""source_path"": ""normalized/v2_discomfort_alternative_mapping.csv"", ""source_target_muscle_code"": ""CORE""}",mapping:ABDOMEN:NRS_4_6:REX-000051:REX-000016:DISCOMFORT
plank_rotation_core_brace_bodyweight,bodyweight_standing_calf_raise_isolation_bodyweight,REX-000051,REX-000016,DISCOMFORT,ACTIVE_RECOVERY,-1,"[""ABDOMEN""]","[""LOWER_BACK""]","[""ANKLE_FOOT""]","[""KNEE""]",BODYWEIGHT,HOME|GYM,alternative-rule-v2.0.0,alternative-set-v2.0.0,DOMAIN_APPROVED,false,A_TO_B,4,6,SKIP_AFFECTED_AREA,AVOID_PAIN_AREA_ACTIVE_RECOVERY,"{""alternative_target_muscle_code"": ""CALVES"", ""body_area_code"": ""LOWER_BACK"", ""score_band_code"": ""NRS_4_6"", ""selection_basis"": ""DOMAIN_APPROVED_SCORE_BAND_AND_TARGET_MUSCLE_POLICY"", ""source_path"": ""normalized/v2_discomfort_alternative_mapping.csv"", ""source_target_muscle_code"": ""CORE""}",mapping:LOWER_BACK:NRS_4_6:REX-000051:REX-000016:DISCOMFORT
push_up_horizontal_push_bodyweight,bodyweight_crunch_core_brace_bodyweight,REX-000052,REX-000009,DISCOMFORT,ACTIVE_RECOVERY,0,"[""CHEST""]","[""SHOULDER"",""ELBOW""]","[""ABDOMEN""]","[""LOWER_BACK""]",BODYWEIGHT,HOME|GYM,alternative-rule-v2.0.0,alternative-set-v2.0.0,DOMAIN_APPROVED,false,A_TO_B,4,6,SKIP_AFFECTED_AREA,AVOID_PAIN_AREA_ACTIVE_RECOVERY,"{""alternative_target_muscle_code"": ""CORE"", ""body_area_code"": ""CHEST"", ""score_band_code"": ""NRS_4_6"", ""selection_basis"": ""DOMAIN_APPROVED_SCORE_BAND_AND_TARGET_MUSCLE_POLICY"", ""source_path"": ""normalized/v2_discomfort_alternative_mapping.csv"", ""source_target_muscle_code"": ""CHEST""}",mapping:CHEST:NRS_4_6:REX-000052:REX-000009:DISCOMFORT
push_up_horizontal_push_bodyweight,bodyweight_crunch_core_brace_bodyweight,REX-000052,REX-000009,DISCOMFORT,ACTIVE_RECOVERY,0,"[""CHEST""]","[""SHOULDER"",""ELBOW""]","[""ABDOMEN""]","[""LOWER_BACK""]",BODYWEIGHT,HOME|GYM,alternative-rule-v2.0.0,alternative-set-v2.0.0,DOMAIN_APPROVED,false,A_TO_B,4,6,SKIP_AFFECTED_AREA,AVOID_PAIN_AREA_ACTIVE_RECOVERY,"{""alternative_target_muscle_code"": ""CORE"", ""body_area_code"": ""ELBOW"", ""score_band_code"": ""NRS_4_6"", ""selection_basis"": ""DOMAIN_APPROVED_SCORE_BAND_AND_TARGET_MUSCLE_POLICY"", ""source_path"": ""normalized/v2_discomfort_alternative_mapping.csv"", ""source_target_muscle_code"": ""CHEST""}",mapping:ELBOW:NRS_4_6:REX-000052:REX-000009:DISCOMFORT
push_up_horizontal_push_bodyweight,bodyweight_crunch_core_brace_bodyweight,REX-000052,REX-000009,DISCOMFORT,ACTIVE_RECOVERY,0,"[""CHEST""]","[""SHOULDER"",""ELBOW""]","[""ABDOMEN""]","[""LOWER_BACK""]",BODYWEIGHT,HOME|GYM,alternative-rule-v2.0.0,alternative-set-v2.0.0,DOMAIN_APPROVED,false,A_TO_B,4,6,SKIP_AFFECTED_AREA,AVOID_PAIN_AREA_ACTIVE_RECOVERY,"{""alternative_target_muscle_code"": ""CORE"", ""body_area_code"": ""SHOULDER"", ""score_band_code"": ""NRS_4_6"", ""selection_basis"": ""DOMAIN_APPROVED_SCORE_BAND_AND_TARGET_MUSCLE_POLICY"", ""source_path"": ""normalized/v2_discomfort_alternative_mapping.csv"", ""source_target_muscle_code"": ""CHEST""}",mapping:SHOULDER:NRS_4_6:REX-000052:REX-000009:DISCOMFORT
push_up_horizontal_push_bodyweight,pectorals_horizontal_push_horizontal_push_machine,REX-000052,REX-000049,DISCOMFORT,SAME_GOAL,0,"[""CHEST""]","[""SHOULDER"",""ELBOW""]","[""CHEST""]","[""SHOULDER"",""ELBOW""]",MACHINE,GYM,alternative-rule-v2.0.0,alternative-set-v2.0.0,DOMAIN_APPROVED,false,A_TO_B,1,3,LOAD_REDUCED,SAME_GOAL_LOWER_LOAD_ROM_EASIER_VARIANT,"{""alternative_target_muscle_code"": ""CHEST"", ""body_area_code"": ""CHEST"", ""score_band_code"": ""NRS_1_3"", ""selection_basis"": ""DOMAIN_APPROVED_SCORE_BAND_AND_TARGET_MUSCLE_POLICY"", ""source_path"": ""normalized/v2_discomfort_alternative_mapping.csv"", ""source_target_muscle_code"": ""CHEST""}",mapping:CHEST:NRS_1_3:REX-000052:REX-000049:DISCOMFORT
push_up_horizontal_push_bodyweight,pectorals_horizontal_push_horizontal_push_machine,REX-000052,REX-000049,DISCOMFORT,SAME_GOAL,0,"[""CHEST""]","[""SHOULDER"",""ELBOW""]","[""CHEST""]","[""SHOULDER"",""ELBOW""]",MACHINE,GYM,alternative-rule-v2.0.0,alternative-set-v2.0.0,DOMAIN_APPROVED,false,A_TO_B,1,3,LOAD_REDUCED,SAME_GOAL_LOWER_LOAD_ROM_EASIER_VARIANT,"{""alternative_target_muscle_code"": ""CHEST"", ""body_area_code"": ""ELBOW"", ""score_band_code"": ""NRS_1_3"", ""selection_basis"": ""DOMAIN_APPROVED_SCORE_BAND_AND_TARGET_MUSCLE_POLICY"", ""source_path"": ""normalized/v2_discomfort_alternative_mapping.csv"", ""source_target_muscle_code"": ""CHEST""}",mapping:ELBOW:NRS_1_3:REX-000052:REX-000049:DISCOMFORT
push_up_horizontal_push_bodyweight,pectorals_horizontal_push_horizontal_push_machine,REX-000052,REX-000049,DISCOMFORT,SAME_GOAL,0,"[""CHEST""]","[""SHOULDER"",""ELBOW""]","[""CHEST""]","[""SHOULDER"",""ELBOW""]",MACHINE,GYM,alternative-rule-v2.0.0,alternative-set-v2.0.0,DOMAIN_APPROVED,false,A_TO_B,1,3,LOAD_REDUCED,SAME_GOAL_LOWER_LOAD_ROM_EASIER_VARIANT,"{""alternative_target_muscle_code"": ""CHEST"", ""body_area_code"": ""SHOULDER"", ""score_band_code"": ""NRS_1_3"", ""selection_basis"": ""DOMAIN_APPROVED_SCORE_BAND_AND_TARGET_MUSCLE_POLICY"", ""source_path"": ""normalized/v2_discomfort_alternative_mapping.csv"", ""source_target_muscle_code"": ""CHEST""}",mapping:SHOULDER:NRS_1_3:REX-000052:REX-000049:DISCOMFORT
rear_deltoid_stretch_mobility_stretch_bodyweight,ankle_circles_mobility_stretch_bodyweight,REX-000053,REX-000003,DISCOMFORT,SAME_GOAL,0,"[""SHOULDER""]","[""UPPER_BACK""]","[""ANKLE_FOOT""]","[""KNEE""]",BODYWEIGHT,HOME|GYM,alternative-rule-v2.0.0,alternative-set-v2.0.0,DOMAIN_APPROVED,false,A_TO_B,1,3,LOAD_REDUCED,SAME_GOAL_LOWER_LOAD_ROM_EASIER_VARIANT,"{""alternative_target_muscle_code"": ""MOBILITY"", ""body_area_code"": ""SHOULDER"", ""score_band_code"": ""NRS_1_3"", ""selection_basis"": ""DOMAIN_APPROVED_SCORE_BAND_AND_TARGET_MUSCLE_POLICY"", ""source_path"": ""normalized/v2_discomfort_alternative_mapping.csv"", ""source_target_muscle_code"": ""MOBILITY""}",mapping:SHOULDER:NRS_1_3:REX-000053:REX-000003:DISCOMFORT
rear_deltoid_stretch_mobility_stretch_bodyweight,ankle_circles_mobility_stretch_bodyweight,REX-000053,REX-000003,DISCOMFORT,SAME_GOAL,0,"[""SHOULDER""]","[""UPPER_BACK""]","[""ANKLE_FOOT""]","[""KNEE""]",BODYWEIGHT,HOME|GYM,alternative-rule-v2.0.0,alternative-set-v2.0.0,DOMAIN_APPROVED,false,A_TO_B,1,3,LOAD_REDUCED,SAME_GOAL_LOWER_LOAD_ROM_EASIER_VARIANT,"{""alternative_target_muscle_code"": ""MOBILITY"", ""body_area_code"": ""UPPER_BACK"", ""score_band_code"": ""NRS_1_3"", ""selection_basis"": ""DOMAIN_APPROVED_SCORE_BAND_AND_TARGET_MUSCLE_POLICY"", ""source_path"": ""normalized/v2_discomfort_alternative_mapping.csv"", ""source_target_muscle_code"": ""MOBILITY""}",mapping:UPPER_BACK:NRS_1_3:REX-000053:REX-000003:DISCOMFORT
rear_deltoid_stretch_mobility_stretch_bodyweight,bodyweight_crunch_core_brace_bodyweight,REX-000053,REX-000009,DISCOMFORT,ACTIVE_RECOVERY,0,"[""SHOULDER""]","[""UPPER_BACK""]","[""ABDOMEN""]","[""LOWER_BACK""]",BODYWEIGHT,HOME|GYM,alternative-rule-v2.0.0,alternative-set-v2.0.0,DOMAIN_APPROVED,false,A_TO_B,4,6,SKIP_AFFECTED_AREA,AVOID_PAIN_AREA_ACTIVE_RECOVERY,"{""alternative_target_muscle_code"": ""CORE"", ""body_area_code"": ""SHOULDER"", ""score_band_code"": ""NRS_4_6"", ""selection_basis"": ""DOMAIN_APPROVED_SCORE_BAND_AND_TARGET_MUSCLE_POLICY"", ""source_path"": ""normalized/v2_discomfort_alternative_mapping.csv"", ""source_target_muscle_code"": ""MOBILITY""}",mapping:SHOULDER:NRS_4_6:REX-000053:REX-000009:DISCOMFORT
rear_deltoid_stretch_mobility_stretch_bodyweight,bodyweight_crunch_core_brace_bodyweight,REX-000053,REX-000009,DISCOMFORT,ACTIVE_RECOVERY,0,"[""SHOULDER""]","[""UPPER_BACK""]","[""ABDOMEN""]","[""LOWER_BACK""]",BODYWEIGHT,HOME|GYM,alternative-rule-v2.0.0,alternative-set-v2.0.0,DOMAIN_APPROVED,false,A_TO_B,4,6,SKIP_AFFECTED_AREA,AVOID_PAIN_AREA_ACTIVE_RECOVERY,"{""alternative_target_muscle_code"": ""CORE"", ""body_area_code"": ""UPPER_BACK"", ""score_band_code"": ""NRS_4_6"", ""selection_basis"": ""DOMAIN_APPROVED_SCORE_BAND_AND_TARGET_MUSCLE_POLICY"", ""source_path"": ""normalized/v2_discomfort_alternative_mapping.csv"", ""source_target_muscle_code"": ""MOBILITY""}",mapping:UPPER_BACK:NRS_4_6:REX-000053:REX-000009:DISCOMFORT
reverse_calf_raise_isolation_resistance_band,bodyweight_crunch_core_brace_bodyweight,REX-000054,REX-000009,DISCOMFORT,ACTIVE_RECOVERY,-1,"[""ANKLE_FOOT""]","[""KNEE""]","[""ABDOMEN""]","[""LOWER_BACK""]",BODYWEIGHT,HOME|GYM,alternative-rule-v2.0.0,alternative-set-v2.0.0,DOMAIN_APPROVED,false,A_TO_B,4,6,SKIP_AFFECTED_AREA,AVOID_PAIN_AREA_ACTIVE_RECOVERY,"{""alternative_target_muscle_code"": ""CORE"", ""body_area_code"": ""ANKLE_FOOT"", ""score_band_code"": ""NRS_4_6"", ""selection_basis"": ""DOMAIN_APPROVED_SCORE_BAND_AND_TARGET_MUSCLE_POLICY"", ""source_path"": ""normalized/v2_discomfort_alternative_mapping.csv"", ""source_target_muscle_code"": ""CALVES""}",mapping:ANKLE_FOOT:NRS_4_6:REX-000054:REX-000009:DISCOMFORT
reverse_calf_raise_isolation_resistance_band,bodyweight_crunch_core_brace_bodyweight,REX-000054,REX-000009,DISCOMFORT,ACTIVE_RECOVERY,-1,"[""ANKLE_FOOT""]","[""KNEE""]","[""ABDOMEN""]","[""LOWER_BACK""]",BODYWEIGHT,HOME|GYM,alternative-rule-v2.0.0,alternative-set-v2.0.0,DOMAIN_APPROVED,false,A_TO_B,4,6,SKIP_AFFECTED_AREA,AVOID_PAIN_AREA_ACTIVE_RECOVERY,"{""alternative_target_muscle_code"": ""CORE"", ""body_area_code"": ""KNEE"", ""score_band_code"": ""NRS_4_6"", ""selection_basis"": ""DOMAIN_APPROVED_SCORE_BAND_AND_TARGET_MUSCLE_POLICY"", ""source_path"": ""normalized/v2_discomfort_alternative_mapping.csv"", ""source_target_muscle_code"": ""CALVES""}",mapping:KNEE:NRS_4_6:REX-000054:REX-000009:DISCOMFORT
reverse_calf_raise_isolation_resistance_band,bodyweight_standing_calf_raise_isolation_bodyweight,REX-000054,REX-000016,DISCOMFORT,SAME_GOAL,-1,"[""ANKLE_FOOT""]","[""KNEE""]","[""ANKLE_FOOT""]","[""KNEE""]",BODYWEIGHT,HOME|GYM,alternative-rule-v2.0.0,alternative-set-v2.0.0,DOMAIN_APPROVED,false,A_TO_B,1,3,LOAD_REDUCED,SAME_GOAL_LOWER_LOAD_ROM_EASIER_VARIANT,"{""alternative_target_muscle_code"": ""CALVES"", ""body_area_code"": ""ANKLE_FOOT"", ""score_band_code"": ""NRS_1_3"", ""selection_basis"": ""DOMAIN_APPROVED_SCORE_BAND_AND_TARGET_MUSCLE_POLICY"", ""source_path"": ""normalized/v2_discomfort_alternative_mapping.csv"", ""source_target_muscle_code"": ""CALVES""}",mapping:ANKLE_FOOT:NRS_1_3:REX-000054:REX-000016:DISCOMFORT
reverse_calf_raise_isolation_resistance_band,bodyweight_standing_calf_raise_isolation_bodyweight,REX-000054,REX-000016,DISCOMFORT,SAME_GOAL,-1,"[""ANKLE_FOOT""]","[""KNEE""]","[""ANKLE_FOOT""]","[""KNEE""]",BODYWEIGHT,HOME|GYM,alternative-rule-v2.0.0,alternative-set-v2.0.0,DOMAIN_APPROVED,false,A_TO_B,1,3,LOAD_REDUCED,SAME_GOAL_LOWER_LOAD_ROM_EASIER_VARIANT,"{""alternative_target_muscle_code"": ""CALVES"", ""body_area_code"": ""KNEE"", ""score_band_code"": ""NRS_1_3"", ""selection_basis"": ""DOMAIN_APPROVED_SCORE_BAND_AND_TARGET_MUSCLE_POLICY"", ""source_path"": ""normalized/v2_discomfort_alternative_mapping.csv"", ""source_target_muscle_code"": ""CALVES""}",mapping:KNEE:NRS_1_3:REX-000054:REX-000016:DISCOMFORT
reverse_calf_raise_isolation_resistance_band,bodyweight_standing_calf_raise_isolation_bodyweight,REX-000054,REX-000016,EQUIPMENT,ISOLATION_CALF_RAISE,0,"[""ANKLE_FOOT""]","[""KNEE""]","[""ANKLE_FOOT""]","[""KNEE""]",BODYWEIGHT,HOME|GYM,alternative-rule-v2.0.0,alternative-set-v2.0.0,DOMAIN_APPROVED,false,A_TO_B,,,,,"{""legacy_relationship_type"": ""CONSTRAINT"", ""selection_basis"": ""REX_ENDPOINT_AND_V2_CATALOG_RECHECK"", ""source_path"": ""generated/exercise-alternatives-v0.3.0/alternative_relationships.csv""}",NEX-000085:NEX-000058:CONSTRAINT
reverse_calf_raise_isolation_resistance_band,seated_calf_raise_isolation_barbell,REX-000054,REX-000080,LOCATION,ISOLATION_CALF_RAISE,-1,"[""ANKLE_FOOT""]","[""KNEE""]","[""ANKLE_FOOT""]","[""KNEE""]",BARBELL,GYM,alternative-rule-v2.0.0,alternative-set-v2.0.0,DOMAIN_APPROVED,false,A_TO_B,,,,,"{""legacy_relationship_type"": ""CONSTRAINT"", ""selection_basis"": ""REX_ENDPOINT_AND_V2_CATALOG_RECHECK"", ""source_path"": ""generated/exercise-alternatives-v0.3.0/alternative_relationships.csv""}",NEX-000085:NEX-000120:CONSTRAINT
reverse_wrist_curl_isolation_barbell,bodyweight_crunch_core_brace_bodyweight,REX-000055,REX-000009,DISCOMFORT,ACTIVE_RECOVERY,0,"[""WRIST_HAND""]","[""ELBOW""]","[""ABDOMEN""]","[""LOWER_BACK""]",BODYWEIGHT,HOME|GYM,alternative-rule-v2.0.0,alternative-set-v2.0.0,DOMAIN_APPROVED,false,A_TO_B,4,6,SKIP_AFFECTED_AREA,AVOID_PAIN_AREA_ACTIVE_RECOVERY,"{""alternative_target_muscle_code"": ""CORE"", ""body_area_code"": ""ELBOW"", ""score_band_code"": ""NRS_4_6"", ""selection_basis"": ""DOMAIN_APPROVED_SCORE_BAND_AND_TARGET_MUSCLE_POLICY"", ""source_path"": ""normalized/v2_discomfort_alternative_mapping.csv"", ""source_target_muscle_code"": ""FOREARMS""}",mapping:ELBOW:NRS_4_6:REX-000055:REX-000009:DISCOMFORT
reverse_wrist_curl_isolation_barbell,bodyweight_crunch_core_brace_bodyweight,REX-000055,REX-000009,DISCOMFORT,ACTIVE_RECOVERY,0,"[""WRIST_HAND""]","[""ELBOW""]","[""ABDOMEN""]","[""LOWER_BACK""]",BODYWEIGHT,HOME|GYM,alternative-rule-v2.0.0,alternative-set-v2.0.0,DOMAIN_APPROVED,false,A_TO_B,4,6,SKIP_AFFECTED_AREA,AVOID_PAIN_AREA_ACTIVE_RECOVERY,"{""alternative_target_muscle_code"": ""CORE"", ""body_area_code"": ""WRIST_HAND"", ""score_band_code"": ""NRS_4_6"", ""selection_basis"": ""DOMAIN_APPROVED_SCORE_BAND_AND_TARGET_MUSCLE_POLICY"", ""source_path"": ""normalized/v2_discomfort_alternative_mapping.csv"", ""source_target_muscle_code"": ""FOREARMS""}",mapping:WRIST_HAND:NRS_4_6:REX-000055:REX-000009:DISCOMFORT
reverse_wrist_curl_isolation_barbell,hand_grip_squeeze_isolation_household_weight,REX-000055,REX-000035,DISCOMFORT,SAME_GOAL,0,"[""WRIST_HAND""]","[""ELBOW""]","[""WRIST_HAND""]","[""ELBOW""]",HOUSEHOLD_WEIGHT,HOME|GYM,alternative-rule-v2.0.0,alternative-set-v2.0.0,DOMAIN_APPROVED,false,A_TO_B,1,3,LOAD_REDUCED,SAME_GOAL_LOWER_LOAD_ROM_EASIER_VARIANT,"{""alternative_target_muscle_code"": ""FOREARMS"", ""body_area_code"": ""ELBOW"", ""score_band_code"": ""NRS_1_3"", ""selection_basis"": ""DOMAIN_APPROVED_SCORE_BAND_AND_TARGET_MUSCLE_POLICY"", ""source_path"": ""normalized/v2_discomfort_alternative_mapping.csv"", ""source_target_muscle_code"": ""FOREARMS""}",mapping:ELBOW:NRS_1_3:REX-000055:REX-000035:DISCOMFORT
reverse_wrist_curl_isolation_barbell,hand_grip_squeeze_isolation_household_weight,REX-000055,REX-000035,DISCOMFORT,SAME_GOAL,0,"[""WRIST_HAND""]","[""ELBOW""]","[""WRIST_HAND""]","[""ELBOW""]",HOUSEHOLD_WEIGHT,HOME|GYM,alternative-rule-v2.0.0,alternative-set-v2.0.0,DOMAIN_APPROVED,false,A_TO_B,1,3,LOAD_REDUCED,SAME_GOAL_LOWER_LOAD_ROM_EASIER_VARIANT,"{""alternative_target_muscle_code"": ""FOREARMS"", ""body_area_code"": ""WRIST_HAND"", ""score_band_code"": ""NRS_1_3"", ""selection_basis"": ""DOMAIN_APPROVED_SCORE_BAND_AND_TARGET_MUSCLE_POLICY"", ""source_path"": ""normalized/v2_discomfort_alternative_mapping.csv"", ""source_target_muscle_code"": ""FOREARMS""}",mapping:WRIST_HAND:NRS_1_3:REX-000055:REX-000035:DISCOMFORT
reverse_wrist_curl_isolation_barbell,dumbbell_preacher_curl_isolation_dumbbell,REX-000055,REX-000027,LOCATION,ISOLATION_ELBOW_FLEXION,0,"[""WRIST_HAND""]","[""ELBOW""]","[""ELBOW""]","[""WRIST_HAND""]",DUMBBELL,HOME|GYM,alternative-rule-v2.0.0,alternative-set-v2.0.0,DOMAIN_APPROVED,false,A_TO_B,,,,,"{""legacy_relationship_type"": ""CONSTRAINT"", ""selection_basis"": ""REX_ENDPOINT_AND_V2_CATALOG_RECHECK"", ""source_path"": ""generated/exercise-alternatives-v0.3.0/alternative_relationships.csv""}",NEX-000006:NEX-000141:CONSTRAINT
reverse_wrist_curl_isolation_barbell,dumbbell_standing_curl_isolation_dumbbell,REX-000055,REX-000030,LOCATION,ISOLATION_ELBOW_FLEXION,0,"[""WRIST_HAND""]","[""ELBOW""]","[""ELBOW""]","[""WRIST_HAND""]",DUMBBELL,HOME|GYM,alternative-rule-v2.0.0,alternative-set-v2.0.0,DOMAIN_APPROVED,false,A_TO_B,,,,,"{""legacy_relationship_type"": ""CONSTRAINT"", ""selection_basis"": ""REX_ENDPOINT_AND_V2_CATALOG_RECHECK"", ""source_path"": ""generated/exercise-alternatives-v0.3.0/alternative_relationships.csv""}",NEX-000045:NEX-000059:CONSTRAINT
cardio_gait_bodyweight,bodyweight_crunch_core_brace_bodyweight,REX-000056,REX-000009,DISCOMFORT,ACTIVE_RECOVERY,0,"[""ANKLE_FOOT"",""KNEE""]","[""HIP""]","[""ABDOMEN""]","[""LOWER_BACK""]",BODYWEIGHT,HOME|GYM,alternative-rule-v2.0.0,alternative-set-v2.0.0,DOMAIN_APPROVED,false,A_TO_B,4,6,SKIP_AFFECTED_AREA,AVOID_PAIN_AREA_ACTIVE_RECOVERY,"{""alternative_target_muscle_code"": ""CORE"", ""body_area_code"": ""ANKLE_FOOT"", ""score_band_code"": ""NRS_4_6"", ""selection_basis"": ""DOMAIN_APPROVED_SCORE_BAND_AND_TARGET_MUSCLE_POLICY"", ""source_path"": ""normalized/v2_discomfort_alternative_mapping.csv"", ""source_target_muscle_code"": ""CARDIO""}",mapping:ANKLE_FOOT:NRS_4_6:REX-000056:REX-000009:DISCOMFORT
cardio_gait_bodyweight,bodyweight_crunch_core_brace_bodyweight,REX-000056,REX-000009,DISCOMFORT,ACTIVE_RECOVERY,0,"[""ANKLE_FOOT"",""KNEE""]","[""HIP""]","[""ABDOMEN""]","[""LOWER_BACK""]",BODYWEIGHT,HOME|GYM,alternative-rule-v2.0.0,alternative-set-v2.0.0,DOMAIN_APPROVED,false,A_TO_B,4,6,SKIP_AFFECTED_AREA,AVOID_PAIN_AREA_ACTIVE_RECOVERY,"{""alternative_target_muscle_code"": ""CORE"", ""body_area_code"": ""HIP"", ""score_band_code"": ""NRS_4_6"", ""selection_basis"": ""DOMAIN_APPROVED_SCORE_BAND_AND_TARGET_MUSCLE_POLICY"", ""source_path"": ""normalized/v2_discomfort_alternative_mapping.csv"", ""source_target_muscle_code"": ""CARDIO""}",mapping:HIP:NRS_4_6:REX-000056:REX-000009:DISCOMFORT
cardio_gait_bodyweight,bodyweight_crunch_core_brace_bodyweight,REX-000056,REX-000009,DISCOMFORT,ACTIVE_RECOVERY,0,"[""ANKLE_FOOT"",""KNEE""]","[""HIP""]","[""ABDOMEN""]","[""LOWER_BACK""]",BODYWEIGHT,HOME|GYM,alternative-rule-v2.0.0,alternative-set-v2.0.0,DOMAIN_APPROVED,false,A_TO_B,4,6,SKIP_AFFECTED_AREA,AVOID_PAIN_AREA_ACTIVE_RECOVERY,"{""alternative_target_muscle_code"": ""CORE"", ""body_area_code"": ""KNEE"", ""score_band_code"": ""NRS_4_6"", ""selection_basis"": ""DOMAIN_APPROVED_SCORE_BAND_AND_TARGET_MUSCLE_POLICY"", ""source_path"": ""normalized/v2_discomfort_alternative_mapping.csv"", ""source_target_muscle_code"": ""CARDIO""}",mapping:KNEE:NRS_4_6:REX-000056:REX-000009:DISCOMFORT
cardio_gait_bodyweight,cardio_gait_bodyweight_rex_000058,REX-000056,REX-000058,DISCOMFORT,SAME_GOAL,0,"[""ANKLE_FOOT"",""KNEE""]","[""HIP""]","[""KNEE"",""HIP""]","[""ANKLE_FOOT""]",BODYWEIGHT,HOME,alternative-rule-v2.0.0,alternative-set-v2.0.0,DOMAIN_APPROVED,false,A_TO_B,1,3,LOAD_REDUCED,SAME_GOAL_LOWER_LOAD_ROM_EASIER_VARIANT,"{""alternative_target_muscle_code"": ""CARDIO"", ""body_area_code"": ""ANKLE_FOOT"", ""score_band_code"": ""NRS_1_3"", ""selection_basis"": ""DOMAIN_APPROVED_SCORE_BAND_AND_TARGET_MUSCLE_POLICY"", ""source_path"": ""normalized/v2_discomfort_alternative_mapping.csv"", ""source_target_muscle_code"": ""CARDIO""}",mapping:ANKLE_FOOT:NRS_1_3:REX-000056:REX-000058:DISCOMFORT
cardio_gait_bodyweight,cardio_gait_bodyweight_rex_000058,REX-000056,REX-000058,DISCOMFORT,SAME_GOAL,0,"[""ANKLE_FOOT"",""KNEE""]","[""HIP""]","[""KNEE"",""HIP""]","[""ANKLE_FOOT""]",BODYWEIGHT,HOME,alternative-rule-v2.0.0,alternative-set-v2.0.0,DOMAIN_APPROVED,false,A_TO_B,1,3,LOAD_REDUCED,SAME_GOAL_LOWER_LOAD_ROM_EASIER_VARIANT,"{""alternative_target_muscle_code"": ""CARDIO"", ""body_area_code"": ""HIP"", ""score_band_code"": ""NRS_1_3"", ""selection_basis"": ""DOMAIN_APPROVED_SCORE_BAND_AND_TARGET_MUSCLE_POLICY"", ""source_path"": ""normalized/v2_discomfort_alternative_mapping.csv"", ""source_target_muscle_code"": ""CARDIO""}",mapping:HIP:NRS_1_3:REX-000056:REX-000058:DISCOMFORT
cardio_gait_bodyweight,cardio_gait_bodyweight_rex_000058,REX-000056,REX-000058,DISCOMFORT,SAME_GOAL,0,"[""ANKLE_FOOT"",""KNEE""]","[""HIP""]","[""KNEE"",""HIP""]","[""ANKLE_FOOT""]",BODYWEIGHT,HOME,alternative-rule-v2.0.0,alternative-set-v2.0.0,DOMAIN_APPROVED,false,A_TO_B,1,3,LOAD_REDUCED,SAME_GOAL_LOWER_LOAD_ROM_EASIER_VARIANT,"{""alternative_target_muscle_code"": ""CARDIO"", ""body_area_code"": ""KNEE"", ""score_band_code"": ""NRS_1_3"", ""selection_basis"": ""DOMAIN_APPROVED_SCORE_BAND_AND_TARGET_MUSCLE_POLICY"", ""source_path"": ""normalized/v2_discomfort_alternative_mapping.csv"", ""source_target_muscle_code"": ""CARDIO""}",mapping:KNEE:NRS_1_3:REX-000056:REX-000058:DISCOMFORT
hip_flexion_isolation_bodyweight,bodyweight_crunch_core_brace_bodyweight,REX-000057,REX-000009,DISCOMFORT,ACTIVE_RECOVERY,0,"[""KNEE""]","[""HIP"",""ANKLE_FOOT""]","[""ABDOMEN""]","[""LOWER_BACK""]",BODYWEIGHT,HOME|GYM,alternative-rule-v2.0.0,alternative-set-v2.0.0,DOMAIN_APPROVED,false,A_TO_B,4,6,SKIP_AFFECTED_AREA,AVOID_PAIN_AREA_ACTIVE_RECOVERY,"{""alternative_target_muscle_code"": ""CORE"", ""body_area_code"": ""ANKLE_FOOT"", ""score_band_code"": ""NRS_4_6"", ""selection_basis"": ""DOMAIN_APPROVED_SCORE_BAND_AND_TARGET_MUSCLE_POLICY"", ""source_path"": ""normalized/v2_discomfort_alternative_mapping.csv"", ""source_target_muscle_code"": ""QUADRICEPS""}",mapping:ANKLE_FOOT:NRS_4_6:REX-000057:REX-000009:DISCOMFORT
hip_flexion_isolation_bodyweight,bodyweight_crunch_core_brace_bodyweight,REX-000057,REX-000009,DISCOMFORT,ACTIVE_RECOVERY,0,"[""KNEE""]","[""HIP"",""ANKLE_FOOT""]","[""ABDOMEN""]","[""LOWER_BACK""]",BODYWEIGHT,HOME|GYM,alternative-rule-v2.0.0,alternative-set-v2.0.0,DOMAIN_APPROVED,false,A_TO_B,4,6,SKIP_AFFECTED_AREA,AVOID_PAIN_AREA_ACTIVE_RECOVERY,"{""alternative_target_muscle_code"": ""CORE"", ""body_area_code"": ""HIP"", ""score_band_code"": ""NRS_4_6"", ""selection_basis"": ""DOMAIN_APPROVED_SCORE_BAND_AND_TARGET_MUSCLE_POLICY"", ""source_path"": ""normalized/v2_discomfort_alternative_mapping.csv"", ""source_target_muscle_code"": ""QUADRICEPS""}",mapping:HIP:NRS_4_6:REX-000057:REX-000009:DISCOMFORT
hip_flexion_isolation_bodyweight,bodyweight_crunch_core_brace_bodyweight,REX-000057,REX-000009,DISCOMFORT,ACTIVE_RECOVERY,0,"[""KNEE""]","[""HIP"",""ANKLE_FOOT""]","[""ABDOMEN""]","[""LOWER_BACK""]",BODYWEIGHT,HOME|GYM,alternative-rule-v2.0.0,alternative-set-v2.0.0,DOMAIN_APPROVED,false,A_TO_B,4,6,SKIP_AFFECTED_AREA,AVOID_PAIN_AREA_ACTIVE_RECOVERY,"{""alternative_target_muscle_code"": ""CORE"", ""body_area_code"": ""KNEE"", ""score_band_code"": ""NRS_4_6"", ""selection_basis"": ""DOMAIN_APPROVED_SCORE_BAND_AND_TARGET_MUSCLE_POLICY"", ""source_path"": ""normalized/v2_discomfort_alternative_mapping.csv"", ""source_target_muscle_code"": ""QUADRICEPS""}",mapping:KNEE:NRS_4_6:REX-000057:REX-000009:DISCOMFORT
hip_flexion_isolation_bodyweight,hip_flexion_isolation_bodyweight_rex_000064,REX-000057,REX-000064,DISCOMFORT,SAME_GOAL,0,"[""KNEE""]","[""HIP"",""ANKLE_FOOT""]","[""KNEE""]","[""HIP""]",BODYWEIGHT,HOME,alternative-rule-v2.0.0,alternative-set-v2.0.0,DOMAIN_APPROVED,false,A_TO_B,1,3,LOAD_REDUCED,SAME_GOAL_LOWER_LOAD_ROM_EASIER_VARIANT,"{""alternative_target_muscle_code"": ""QUADRICEPS"", ""body_area_code"": ""ANKLE_FOOT"", ""score_band_code"": ""NRS_1_3"", ""selection_basis"": ""DOMAIN_APPROVED_SCORE_BAND_AND_TARGET_MUSCLE_POLICY"", ""source_path"": ""normalized/v2_discomfort_alternative_mapping.csv"", ""source_target_muscle_code"": ""QUADRICEPS""}",mapping:ANKLE_FOOT:NRS_1_3:REX-000057:REX-000064:DISCOMFORT
hip_flexion_isolation_bodyweight,hip_flexion_isolation_bodyweight_rex_000064,REX-000057,REX-000064,DISCOMFORT,SAME_GOAL,0,"[""KNEE""]","[""HIP"",""ANKLE_FOOT""]","[""KNEE""]","[""HIP""]",BODYWEIGHT,HOME,alternative-rule-v2.0.0,alternative-set-v2.0.0,DOMAIN_APPROVED,false,A_TO_B,1,3,LOAD_REDUCED,SAME_GOAL_LOWER_LOAD_ROM_EASIER_VARIANT,"{""alternative_target_muscle_code"": ""QUADRICEPS"", ""body_area_code"": ""HIP"", ""score_band_code"": ""NRS_1_3"", ""selection_basis"": ""DOMAIN_APPROVED_SCORE_BAND_AND_TARGET_MUSCLE_POLICY"", ""source_path"": ""normalized/v2_discomfort_alternative_mapping.csv"", ""source_target_muscle_code"": ""QUADRICEPS""}",mapping:HIP:NRS_1_3:REX-000057:REX-000064:DISCOMFORT
hip_flexion_isolation_bodyweight,hip_flexion_isolation_bodyweight_rex_000064,REX-000057,REX-000064,DISCOMFORT,SAME_GOAL,0,"[""KNEE""]","[""HIP"",""ANKLE_FOOT""]","[""KNEE""]","[""HIP""]",BODYWEIGHT,HOME,alternative-rule-v2.0.0,alternative-set-v2.0.0,DOMAIN_APPROVED,false,A_TO_B,1,3,LOAD_REDUCED,SAME_GOAL_LOWER_LOAD_ROM_EASIER_VARIANT,"{""alternative_target_muscle_code"": ""QUADRICEPS"", ""body_area_code"": ""KNEE"", ""score_band_code"": ""NRS_1_3"", ""selection_basis"": ""DOMAIN_APPROVED_SCORE_BAND_AND_TARGET_MUSCLE_POLICY"", ""source_path"": ""normalized/v2_discomfort_alternative_mapping.csv"", ""source_target_muscle_code"": ""QUADRICEPS""}",mapping:KNEE:NRS_1_3:REX-000057:REX-000064:DISCOMFORT
cardio_gait_bodyweight_rex_000058,bodyweight_crunch_core_brace_bodyweight,REX-000058,REX-000009,DISCOMFORT,ACTIVE_RECOVERY,0,"[""KNEE"",""HIP""]","[""ANKLE_FOOT""]","[""ABDOMEN""]","[""LOWER_BACK""]",BODYWEIGHT,HOME|GYM,alternative-rule-v2.0.0,alternative-set-v2.0.0,DOMAIN_APPROVED,false,A_TO_B,4,6,SKIP_AFFECTED_AREA,AVOID_PAIN_AREA_ACTIVE_RECOVERY,"{""alternative_target_muscle_code"": ""CORE"", ""body_area_code"": ""ANKLE_FOOT"", ""score_band_code"": ""NRS_4_6"", ""selection_basis"": ""DOMAIN_APPROVED_SCORE_BAND_AND_TARGET_MUSCLE_POLICY"", ""source_path"": ""normalized/v2_discomfort_alternative_mapping.csv"", ""source_target_muscle_code"": ""CARDIO""}",mapping:ANKLE_FOOT:NRS_4_6:REX-000058:REX-000009:DISCOMFORT
cardio_gait_bodyweight_rex_000058,bodyweight_crunch_core_brace_bodyweight,REX-000058,REX-000009,DISCOMFORT,ACTIVE_RECOVERY,0,"[""KNEE"",""HIP""]","[""ANKLE_FOOT""]","[""ABDOMEN""]","[""LOWER_BACK""]",BODYWEIGHT,HOME|GYM,alternative-rule-v2.0.0,alternative-set-v2.0.0,DOMAIN_APPROVED,false,A_TO_B,4,6,SKIP_AFFECTED_AREA,AVOID_PAIN_AREA_ACTIVE_RECOVERY,"{""alternative_target_muscle_code"": ""CORE"", ""body_area_code"": ""HIP"", ""score_band_code"": ""NRS_4_6"", ""selection_basis"": ""DOMAIN_APPROVED_SCORE_BAND_AND_TARGET_MUSCLE_POLICY"", ""source_path"": ""normalized/v2_discomfort_alternative_mapping.csv"", ""source_target_muscle_code"": ""CARDIO""}",mapping:HIP:NRS_4_6:REX-000058:REX-000009:DISCOMFORT
cardio_gait_bodyweight_rex_000058,bodyweight_crunch_core_brace_bodyweight,REX-000058,REX-000009,DISCOMFORT,ACTIVE_RECOVERY,0,"[""KNEE"",""HIP""]","[""ANKLE_FOOT""]","[""ABDOMEN""]","[""LOWER_BACK""]",BODYWEIGHT,HOME|GYM,alternative-rule-v2.0.0,alternative-set-v2.0.0,DOMAIN_APPROVED,false,A_TO_B,4,6,SKIP_AFFECTED_AREA,AVOID_PAIN_AREA_ACTIVE_RECOVERY,"{""alternative_target_muscle_code"": ""CORE"", ""body_area_code"": ""KNEE"", ""score_band_code"": ""NRS_4_6"", ""selection_basis"": ""DOMAIN_APPROVED_SCORE_BAND_AND_TARGET_MUSCLE_POLICY"", ""source_path"": ""normalized/v2_discomfort_alternative_mapping.csv"", ""source_target_muscle_code"": ""CARDIO""}",mapping:KNEE:NRS_4_6:REX-000058:REX-000009:DISCOMFORT
cardio_gait_bodyweight_rex_000058,cardio_gait_bodyweight,REX-000058,REX-000056,DISCOMFORT,SAME_GOAL,0,"[""KNEE"",""HIP""]","[""ANKLE_FOOT""]","[""ANKLE_FOOT"",""KNEE""]","[""HIP""]",BODYWEIGHT,HOME,alternative-rule-v2.0.0,alternative-set-v2.0.0,DOMAIN_APPROVED,false,A_TO_B,1,3,LOAD_REDUCED,SAME_GOAL_LOWER_LOAD_ROM_EASIER_VARIANT,"{""alternative_target_muscle_code"": ""CARDIO"", ""body_area_code"": ""ANKLE_FOOT"", ""score_band_code"": ""NRS_1_3"", ""selection_basis"": ""DOMAIN_APPROVED_SCORE_BAND_AND_TARGET_MUSCLE_POLICY"", ""source_path"": ""normalized/v2_discomfort_alternative_mapping.csv"", ""source_target_muscle_code"": ""CARDIO""}",mapping:ANKLE_FOOT:NRS_1_3:REX-000058:REX-000056:DISCOMFORT
cardio_gait_bodyweight_rex_000058,cardio_gait_bodyweight,REX-000058,REX-000056,DISCOMFORT,SAME_GOAL,0,"[""KNEE"",""HIP""]","[""ANKLE_FOOT""]","[""ANKLE_FOOT"",""KNEE""]","[""HIP""]",BODYWEIGHT,HOME,alternative-rule-v2.0.0,alternative-set-v2.0.0,DOMAIN_APPROVED,false,A_TO_B,1,3,LOAD_REDUCED,SAME_GOAL_LOWER_LOAD_ROM_EASIER_VARIANT,"{""alternative_target_muscle_code"": ""CARDIO"", ""body_area_code"": ""HIP"", ""score_band_code"": ""NRS_1_3"", ""selection_basis"": ""DOMAIN_APPROVED_SCORE_BAND_AND_TARGET_MUSCLE_POLICY"", ""source_path"": ""normalized/v2_discomfort_alternative_mapping.csv"", ""source_target_muscle_code"": ""CARDIO""}",mapping:HIP:NRS_1_3:REX-000058:REX-000056:DISCOMFORT
cardio_gait_bodyweight_rex_000058,cardio_gait_bodyweight,REX-000058,REX-000056,DISCOMFORT,SAME_GOAL,0,"[""KNEE"",""HIP""]","[""ANKLE_FOOT""]","[""ANKLE_FOOT"",""KNEE""]","[""HIP""]",BODYWEIGHT,HOME,alternative-rule-v2.0.0,alternative-set-v2.0.0,DOMAIN_APPROVED,false,A_TO_B,1,3,LOAD_REDUCED,SAME_GOAL_LOWER_LOAD_ROM_EASIER_VARIANT,"{""alternative_target_muscle_code"": ""CARDIO"", ""body_area_code"": ""KNEE"", ""score_band_code"": ""NRS_1_3"", ""selection_basis"": ""DOMAIN_APPROVED_SCORE_BAND_AND_TARGET_MUSCLE_POLICY"", ""source_path"": ""normalized/v2_discomfort_alternative_mapping.csv"", ""source_target_muscle_code"": ""CARDIO""}",mapping:KNEE:NRS_1_3:REX-000058:REX-000056:DISCOMFORT
cardio_gait_bodyweight_rex_000058,cardio_gait_machine,REX-000058,REX-000070,LOCATION,CARDIO_ENDURANCE,0,"[""KNEE"",""HIP""]","[""ANKLE_FOOT""]","[""ANKLE_FOOT"",""KNEE""]","[""HIP""]",MACHINE,GYM,alternative-rule-v2.0.0,alternative-set-v2.0.0,DOMAIN_APPROVED,false,A_TO_B,,,,,"{""legacy_relationship_type"": ""RECOVERY"", ""selection_basis"": ""REX_ENDPOINT_AND_V2_CATALOG_RECHECK"", ""source_path"": ""generated/exercise-alternatives-v0.3.0/alternative_relationships.csv""}",NEX-000168:NEX-000170:RECOVERY
cardio_jump_plyometric_bodyweight,bodyweight_crunch_core_brace_bodyweight,REX-000059,REX-000009,DISCOMFORT,ACTIVE_RECOVERY,0,"[""ANKLE_FOOT"",""KNEE""]","[""HIP"",""SHOULDER""]","[""ABDOMEN""]","[""LOWER_BACK""]",BODYWEIGHT,HOME|GYM,alternative-rule-v2.0.0,alternative-set-v2.0.0,DOMAIN_APPROVED,false,A_TO_B,4,6,SKIP_AFFECTED_AREA,AVOID_PAIN_AREA_ACTIVE_RECOVERY,"{""alternative_target_muscle_code"": ""CORE"", ""body_area_code"": ""ANKLE_FOOT"", ""score_band_code"": ""NRS_4_6"", ""selection_basis"": ""DOMAIN_APPROVED_SCORE_BAND_AND_TARGET_MUSCLE_POLICY"", ""source_path"": ""normalized/v2_discomfort_alternative_mapping.csv"", ""source_target_muscle_code"": ""CARDIO""}",mapping:ANKLE_FOOT:NRS_4_6:REX-000059:REX-000009:DISCOMFORT
cardio_jump_plyometric_bodyweight,bodyweight_crunch_core_brace_bodyweight,REX-000059,REX-000009,DISCOMFORT,ACTIVE_RECOVERY,0,"[""ANKLE_FOOT"",""KNEE""]","[""HIP"",""SHOULDER""]","[""ABDOMEN""]","[""LOWER_BACK""]",BODYWEIGHT,HOME|GYM,alternative-rule-v2.0.0,alternative-set-v2.0.0,DOMAIN_APPROVED,false,A_TO_B,4,6,SKIP_AFFECTED_AREA,AVOID_PAIN_AREA_ACTIVE_RECOVERY,"{""alternative_target_muscle_code"": ""CORE"", ""body_area_code"": ""HIP"", ""score_band_code"": ""NRS_4_6"", ""selection_basis"": ""DOMAIN_APPROVED_SCORE_BAND_AND_TARGET_MUSCLE_POLICY"", ""source_path"": ""normalized/v2_discomfort_alternative_mapping.csv"", ""source_target_muscle_code"": ""CARDIO""}",mapping:HIP:NRS_4_6:REX-000059:REX-000009:DISCOMFORT
cardio_jump_plyometric_bodyweight,bodyweight_crunch_core_brace_bodyweight,REX-000059,REX-000009,DISCOMFORT,ACTIVE_RECOVERY,0,"[""ANKLE_FOOT"",""KNEE""]","[""HIP"",""SHOULDER""]","[""ABDOMEN""]","[""LOWER_BACK""]",BODYWEIGHT,HOME|GYM,alternative-rule-v2.0.0,alternative-set-v2.0.0,DOMAIN_APPROVED,false,A_TO_B,4,6,SKIP_AFFECTED_AREA,AVOID_PAIN_AREA_ACTIVE_RECOVERY,"{""alternative_target_muscle_code"": ""CORE"", ""body_area_code"": ""KNEE"", ""score_band_code"": ""NRS_4_6"", ""selection_basis"": ""DOMAIN_APPROVED_SCORE_BAND_AND_TARGET_MUSCLE_POLICY"", ""source_path"": ""normalized/v2_discomfort_alternative_mapping.csv"", ""source_target_muscle_code"": ""CARDIO""}",mapping:KNEE:NRS_4_6:REX-000059:REX-000009:DISCOMFORT
cardio_jump_plyometric_bodyweight,bodyweight_crunch_core_brace_bodyweight,REX-000059,REX-000009,DISCOMFORT,ACTIVE_RECOVERY,0,"[""ANKLE_FOOT"",""KNEE""]","[""HIP"",""SHOULDER""]","[""ABDOMEN""]","[""LOWER_BACK""]",BODYWEIGHT,HOME|GYM,alternative-rule-v2.0.0,alternative-set-v2.0.0,DOMAIN_APPROVED,false,A_TO_B,4,6,SKIP_AFFECTED_AREA,AVOID_PAIN_AREA_ACTIVE_RECOVERY,"{""alternative_target_muscle_code"": ""CORE"", ""body_area_code"": ""SHOULDER"", ""score_band_code"": ""NRS_4_6"", ""selection_basis"": ""DOMAIN_APPROVED_SCORE_BAND_AND_TARGET_MUSCLE_POLICY"", ""source_path"": ""normalized/v2_discomfort_alternative_mapping.csv"", ""source_target_muscle_code"": ""CARDIO""}",mapping:SHOULDER:NRS_4_6:REX-000059:REX-000009:DISCOMFORT
cardio_jump_plyometric_bodyweight,cardio_gait_bodyweight,REX-000059,REX-000056,DISCOMFORT,SAME_GOAL,0,"[""ANKLE_FOOT"",""KNEE""]","[""HIP"",""SHOULDER""]","[""ANKLE_FOOT"",""KNEE""]","[""HIP""]",BODYWEIGHT,HOME,alternative-rule-v2.0.0,alternative-set-v2.0.0,DOMAIN_APPROVED,false,A_TO_B,1,3,LOAD_REDUCED,SAME_GOAL_LOWER_LOAD_ROM_EASIER_VARIANT,"{""alternative_target_muscle_code"": ""CARDIO"", ""body_area_code"": ""ANKLE_FOOT"", ""score_band_code"": ""NRS_1_3"", ""selection_basis"": ""DOMAIN_APPROVED_SCORE_BAND_AND_TARGET_MUSCLE_POLICY"", ""source_path"": ""normalized/v2_discomfort_alternative_mapping.csv"", ""source_target_muscle_code"": ""CARDIO""}",mapping:ANKLE_FOOT:NRS_1_3:REX-000059:REX-000056:DISCOMFORT
cardio_jump_plyometric_bodyweight,cardio_gait_bodyweight,REX-000059,REX-000056,DISCOMFORT,SAME_GOAL,0,"[""ANKLE_FOOT"",""KNEE""]","[""HIP"",""SHOULDER""]","[""ANKLE_FOOT"",""KNEE""]","[""HIP""]",BODYWEIGHT,HOME,alternative-rule-v2.0.0,alternative-set-v2.0.0,DOMAIN_APPROVED,false,A_TO_B,1,3,LOAD_REDUCED,SAME_GOAL_LOWER_LOAD_ROM_EASIER_VARIANT,"{""alternative_target_muscle_code"": ""CARDIO"", ""body_area_code"": ""HIP"", ""score_band_code"": ""NRS_1_3"", ""selection_basis"": ""DOMAIN_APPROVED_SCORE_BAND_AND_TARGET_MUSCLE_POLICY"", ""source_path"": ""normalized/v2_discomfort_alternative_mapping.csv"", ""source_target_muscle_code"": ""CARDIO""}",mapping:HIP:NRS_1_3:REX-000059:REX-000056:DISCOMFORT
cardio_jump_plyometric_bodyweight,cardio_gait_bodyweight,REX-000059,REX-000056,DISCOMFORT,SAME_GOAL,0,"[""ANKLE_FOOT"",""KNEE""]","[""HIP"",""SHOULDER""]","[""ANKLE_FOOT"",""KNEE""]","[""HIP""]",BODYWEIGHT,HOME,alternative-rule-v2.0.0,alternative-set-v2.0.0,DOMAIN_APPROVED,false,A_TO_B,1,3,LOAD_REDUCED,SAME_GOAL_LOWER_LOAD_ROM_EASIER_VARIANT,"{""alternative_target_muscle_code"": ""CARDIO"", ""body_area_code"": ""KNEE"", ""score_band_code"": ""NRS_1_3"", ""selection_basis"": ""DOMAIN_APPROVED_SCORE_BAND_AND_TARGET_MUSCLE_POLICY"", ""source_path"": ""normalized/v2_discomfort_alternative_mapping.csv"", ""source_target_muscle_code"": ""CARDIO""}",mapping:KNEE:NRS_1_3:REX-000059:REX-000056:DISCOMFORT
cardio_jump_plyometric_bodyweight,cardio_gait_bodyweight,REX-000059,REX-000056,DISCOMFORT,SAME_GOAL,0,"[""ANKLE_FOOT"",""KNEE""]","[""HIP"",""SHOULDER""]","[""ANKLE_FOOT"",""KNEE""]","[""HIP""]",BODYWEIGHT,HOME,alternative-rule-v2.0.0,alternative-set-v2.0.0,DOMAIN_APPROVED,false,A_TO_B,1,3,LOAD_REDUCED,SAME_GOAL_LOWER_LOAD_ROM_EASIER_VARIANT,"{""alternative_target_muscle_code"": ""CARDIO"", ""body_area_code"": ""SHOULDER"", ""score_band_code"": ""NRS_1_3"", ""selection_basis"": ""DOMAIN_APPROVED_SCORE_BAND_AND_TARGET_MUSCLE_POLICY"", ""source_path"": ""normalized/v2_discomfort_alternative_mapping.csv"", ""source_target_muscle_code"": ""CARDIO""}",mapping:SHOULDER:NRS_1_3:REX-000059:REX-000056:DISCOMFORT
cardio_jump_plyometric_jump_rope,bodyweight_crunch_core_brace_bodyweight,REX-000060,REX-000009,DISCOMFORT,ACTIVE_RECOVERY,-1,"[""ANKLE_FOOT"",""KNEE""]","[""HIP""]","[""ABDOMEN""]","[""LOWER_BACK""]",BODYWEIGHT,HOME|GYM,alternative-rule-v2.0.0,alternative-set-v2.0.0,DOMAIN_APPROVED,false,A_TO_B,4,6,SKIP_AFFECTED_AREA,AVOID_PAIN_AREA_ACTIVE_RECOVERY,"{""alternative_target_muscle_code"": ""CORE"", ""body_area_code"": ""ANKLE_FOOT"", ""score_band_code"": ""NRS_4_6"", ""selection_basis"": ""DOMAIN_APPROVED_SCORE_BAND_AND_TARGET_MUSCLE_POLICY"", ""source_path"": ""normalized/v2_discomfort_alternative_mapping.csv"", ""source_target_muscle_code"": ""CARDIO""}",mapping:ANKLE_FOOT:NRS_4_6:REX-000060:REX-000009:DISCOMFORT
cardio_jump_plyometric_jump_rope,bodyweight_crunch_core_brace_bodyweight,REX-000060,REX-000009,DISCOMFORT,ACTIVE_RECOVERY,-1,"[""ANKLE_FOOT"",""KNEE""]","[""HIP""]","[""ABDOMEN""]","[""LOWER_BACK""]",BODYWEIGHT,HOME|GYM,alternative-rule-v2.0.0,alternative-set-v2.0.0,DOMAIN_APPROVED,false,A_TO_B,4,6,SKIP_AFFECTED_AREA,AVOID_PAIN_AREA_ACTIVE_RECOVERY,"{""alternative_target_muscle_code"": ""CORE"", ""body_area_code"": ""HIP"", ""score_band_code"": ""NRS_4_6"", ""selection_basis"": ""DOMAIN_APPROVED_SCORE_BAND_AND_TARGET_MUSCLE_POLICY"", ""source_path"": ""normalized/v2_discomfort_alternative_mapping.csv"", ""source_target_muscle_code"": ""CARDIO""}",mapping:HIP:NRS_4_6:REX-000060:REX-000009:DISCOMFORT
cardio_jump_plyometric_jump_rope,bodyweight_crunch_core_brace_bodyweight,REX-000060,REX-000009,DISCOMFORT,ACTIVE_RECOVERY,-1,"[""ANKLE_FOOT"",""KNEE""]","[""HIP""]","[""ABDOMEN""]","[""LOWER_BACK""]",BODYWEIGHT,HOME|GYM,alternative-rule-v2.0.0,alternative-set-v2.0.0,DOMAIN_APPROVED,false,A_TO_B,4,6,SKIP_AFFECTED_AREA,AVOID_PAIN_AREA_ACTIVE_RECOVERY,"{""alternative_target_muscle_code"": ""CORE"", ""body_area_code"": ""KNEE"", ""score_band_code"": ""NRS_4_6"", ""selection_basis"": ""DOMAIN_APPROVED_SCORE_BAND_AND_TARGET_MUSCLE_POLICY"", ""source_path"": ""normalized/v2_discomfort_alternative_mapping.csv"", ""source_target_muscle_code"": ""CARDIO""}",mapping:KNEE:NRS_4_6:REX-000060:REX-000009:DISCOMFORT
cardio_jump_plyometric_jump_rope,cardio_jump_plyometric_bodyweight,REX-000060,REX-000059,DISCOMFORT,SAME_GOAL,-1,"[""ANKLE_FOOT"",""KNEE""]","[""HIP""]","[""ANKLE_FOOT"",""KNEE""]","[""HIP"",""SHOULDER""]",BODYWEIGHT,HOME|GYM,alternative-rule-v2.0.0,alternative-set-v2.0.0,DOMAIN_APPROVED,false,A_TO_B,1,3,LOAD_REDUCED,SAME_GOAL_LOWER_LOAD_ROM_EASIER_VARIANT,"{""alternative_target_muscle_code"": ""CARDIO"", ""body_area_code"": ""ANKLE_FOOT"", ""score_band_code"": ""NRS_1_3"", ""selection_basis"": ""DOMAIN_APPROVED_SCORE_BAND_AND_TARGET_MUSCLE_POLICY"", ""source_path"": ""normalized/v2_discomfort_alternative_mapping.csv"", ""source_target_muscle_code"": ""CARDIO""}",mapping:ANKLE_FOOT:NRS_1_3:REX-000060:REX-000059:DISCOMFORT
cardio_jump_plyometric_jump_rope,cardio_jump_plyometric_bodyweight,REX-000060,REX-000059,DISCOMFORT,SAME_GOAL,-1,"[""ANKLE_FOOT"",""KNEE""]","[""HIP""]","[""ANKLE_FOOT"",""KNEE""]","[""HIP"",""SHOULDER""]",BODYWEIGHT,HOME|GYM,alternative-rule-v2.0.0,alternative-set-v2.0.0,DOMAIN_APPROVED,false,A_TO_B,1,3,LOAD_REDUCED,SAME_GOAL_LOWER_LOAD_ROM_EASIER_VARIANT,"{""alternative_target_muscle_code"": ""CARDIO"", ""body_area_code"": ""HIP"", ""score_band_code"": ""NRS_1_3"", ""selection_basis"": ""DOMAIN_APPROVED_SCORE_BAND_AND_TARGET_MUSCLE_POLICY"", ""source_path"": ""normalized/v2_discomfort_alternative_mapping.csv"", ""source_target_muscle_code"": ""CARDIO""}",mapping:HIP:NRS_1_3:REX-000060:REX-000059:DISCOMFORT
cardio_jump_plyometric_jump_rope,cardio_jump_plyometric_bodyweight,REX-000060,REX-000059,DISCOMFORT,SAME_GOAL,-1,"[""ANKLE_FOOT"",""KNEE""]","[""HIP""]","[""ANKLE_FOOT"",""KNEE""]","[""HIP"",""SHOULDER""]",BODYWEIGHT,HOME|GYM,alternative-rule-v2.0.0,alternative-set-v2.0.0,DOMAIN_APPROVED,false,A_TO_B,1,3,LOAD_REDUCED,SAME_GOAL_LOWER_LOAD_ROM_EASIER_VARIANT,"{""alternative_target_muscle_code"": ""CARDIO"", ""body_area_code"": ""KNEE"", ""score_band_code"": ""NRS_1_3"", ""selection_basis"": ""DOMAIN_APPROVED_SCORE_BAND_AND_TARGET_MUSCLE_POLICY"", ""source_path"": ""normalized/v2_discomfort_alternative_mapping.csv"", ""source_target_muscle_code"": ""CARDIO""}",mapping:KNEE:NRS_1_3:REX-000060:REX-000059:DISCOMFORT
kettlebell_swing_hip_dominant_kettlebell,bodyweight_crunch_core_brace_bodyweight,REX-000061,REX-000009,DISCOMFORT,ACTIVE_RECOVERY,-1,"[""HIP""]","[""KNEE"",""LOWER_BACK""]","[""ABDOMEN""]","[""LOWER_BACK""]",BODYWEIGHT,HOME|GYM,alternative-rule-v2.0.0,alternative-set-v2.0.0,DOMAIN_APPROVED,false,A_TO_B,4,6,SKIP_AFFECTED_AREA,AVOID_PAIN_AREA_ACTIVE_RECOVERY,"{""alternative_target_muscle_code"": ""CORE"", ""body_area_code"": ""HIP"", ""score_band_code"": ""NRS_4_6"", ""selection_basis"": ""DOMAIN_APPROVED_SCORE_BAND_AND_TARGET_MUSCLE_POLICY"", ""source_path"": ""normalized/v2_discomfort_alternative_mapping.csv"", ""source_target_muscle_code"": ""GLUTES""}",mapping:HIP:NRS_4_6:REX-000061:REX-000009:DISCOMFORT
kettlebell_swing_hip_dominant_kettlebell,bodyweight_crunch_core_brace_bodyweight,REX-000061,REX-000009,DISCOMFORT,ACTIVE_RECOVERY,-1,"[""HIP""]","[""KNEE"",""LOWER_BACK""]","[""ABDOMEN""]","[""LOWER_BACK""]",BODYWEIGHT,HOME|GYM,alternative-rule-v2.0.0,alternative-set-v2.0.0,DOMAIN_APPROVED,false,A_TO_B,4,6,SKIP_AFFECTED_AREA,AVOID_PAIN_AREA_ACTIVE_RECOVERY,"{""alternative_target_muscle_code"": ""CORE"", ""body_area_code"": ""KNEE"", ""score_band_code"": ""NRS_4_6"", ""selection_basis"": ""DOMAIN_APPROVED_SCORE_BAND_AND_TARGET_MUSCLE_POLICY"", ""source_path"": ""normalized/v2_discomfort_alternative_mapping.csv"", ""source_target_muscle_code"": ""GLUTES""}",mapping:KNEE:NRS_4_6:REX-000061:REX-000009:DISCOMFORT
kettlebell_swing_hip_dominant_kettlebell,bodyweight_glute_bridge_hip_dominant_bodyweight,REX-000061,REX-000011,DISCOMFORT,SAME_GOAL,-1,"[""HIP""]","[""KNEE"",""LOWER_BACK""]","[""HIP""]","[""KNEE"",""LOWER_BACK""]",BODYWEIGHT,HOME|GYM,alternative-rule-v2.0.0,alternative-set-v2.0.0,DOMAIN_APPROVED,false,A_TO_B,1,3,LOAD_REDUCED,SAME_GOAL_LOWER_LOAD_ROM_EASIER_VARIANT,"{""alternative_target_muscle_code"": ""GLUTES"", ""body_area_code"": ""HIP"", ""score_band_code"": ""NRS_1_3"", ""selection_basis"": ""DOMAIN_APPROVED_SCORE_BAND_AND_TARGET_MUSCLE_POLICY"", ""source_path"": ""normalized/v2_discomfort_alternative_mapping.csv"", ""source_target_muscle_code"": ""GLUTES""}",mapping:HIP:NRS_1_3:REX-000061:REX-000011:DISCOMFORT
kettlebell_swing_hip_dominant_kettlebell,bodyweight_glute_bridge_hip_dominant_bodyweight,REX-000061,REX-000011,DISCOMFORT,SAME_GOAL,-1,"[""HIP""]","[""KNEE"",""LOWER_BACK""]","[""HIP""]","[""KNEE"",""LOWER_BACK""]",BODYWEIGHT,HOME|GYM,alternative-rule-v2.0.0,alternative-set-v2.0.0,DOMAIN_APPROVED,false,A_TO_B,1,3,LOAD_REDUCED,SAME_GOAL_LOWER_LOAD_ROM_EASIER_VARIANT,"{""alternative_target_muscle_code"": ""GLUTES"", ""body_area_code"": ""KNEE"", ""score_band_code"": ""NRS_1_3"", ""selection_basis"": ""DOMAIN_APPROVED_SCORE_BAND_AND_TARGET_MUSCLE_POLICY"", ""source_path"": ""normalized/v2_discomfort_alternative_mapping.csv"", ""source_target_muscle_code"": ""GLUTES""}",mapping:KNEE:NRS_1_3:REX-000061:REX-000011:DISCOMFORT
kettlebell_swing_hip_dominant_kettlebell,bodyweight_glute_bridge_hip_dominant_bodyweight,REX-000061,REX-000011,DISCOMFORT,SAME_GOAL,-1,"[""HIP""]","[""KNEE"",""LOWER_BACK""]","[""HIP""]","[""KNEE"",""LOWER_BACK""]",BODYWEIGHT,HOME|GYM,alternative-rule-v2.0.0,alternative-set-v2.0.0,DOMAIN_APPROVED,false,A_TO_B,1,3,LOAD_REDUCED,SAME_GOAL_LOWER_LOAD_ROM_EASIER_VARIANT,"{""alternative_target_muscle_code"": ""GLUTES"", ""body_area_code"": ""LOWER_BACK"", ""score_band_code"": ""NRS_1_3"", ""selection_basis"": ""DOMAIN_APPROVED_SCORE_BAND_AND_TARGET_MUSCLE_POLICY"", ""source_path"": ""normalized/v2_discomfort_alternative_mapping.csv"", ""source_target_muscle_code"": ""GLUTES""}",mapping:LOWER_BACK:NRS_1_3:REX-000061:REX-000011:DISCOMFORT
kettlebell_swing_hip_dominant_kettlebell,bodyweight_standing_calf_raise_isolation_bodyweight,REX-000061,REX-000016,DISCOMFORT,ACTIVE_RECOVERY,-1,"[""HIP""]","[""KNEE"",""LOWER_BACK""]","[""ANKLE_FOOT""]","[""KNEE""]",BODYWEIGHT,HOME|GYM,alternative-rule-v2.0.0,alternative-set-v2.0.0,DOMAIN_APPROVED,false,A_TO_B,4,6,SKIP_AFFECTED_AREA,AVOID_PAIN_AREA_ACTIVE_RECOVERY,"{""alternative_target_muscle_code"": ""CALVES"", ""body_area_code"": ""LOWER_BACK"", ""score_band_code"": ""NRS_4_6"", ""selection_basis"": ""DOMAIN_APPROVED_SCORE_BAND_AND_TARGET_MUSCLE_POLICY"", ""source_path"": ""normalized/v2_discomfort_alternative_mapping.csv"", ""source_target_muscle_code"": ""GLUTES""}",mapping:LOWER_BACK:NRS_4_6:REX-000061:REX-000016:DISCOMFORT
kettlebell_swing_hip_dominant_kettlebell,barbell_straight_leg_deadlift_hip_dominant_barbell,REX-000061,REX-000007,EQUIPMENT,POSTERIOR_CHAIN_STRENGTH,0,"[""HIP""]","[""KNEE"",""LOWER_BACK""]","[""HIP""]","[""KNEE"",""LOWER_BACK""]",BARBELL,GYM,alternative-rule-v2.0.0,alternative-set-v2.0.0,DOMAIN_APPROVED,false,A_TO_B,,,,,"{""legacy_relationship_type"": ""CONSTRAINT"", ""selection_basis"": ""REX_ENDPOINT_AND_V2_CATALOG_RECHECK"", ""source_path"": ""generated/exercise-alternatives-v0.3.0/alternative_relationships.csv""}",NEX-000208:NEX-000104:CONSTRAINT
kettlebell_swing_hip_dominant_kettlebell,bodyweight_back_extension_hip_dominant_bodyweight,REX-000061,REX-000008,LOCATION,POSTERIOR_CHAIN_STRENGTH,0,"[""HIP""]","[""KNEE"",""LOWER_BACK""]","[""LOWER_BACK""]","[""HIP"",""UPPER_BACK""]",BODYWEIGHT,HOME|GYM,alternative-rule-v2.0.0,alternative-set-v2.0.0,DOMAIN_APPROVED,false,A_TO_B,,,,,"{""legacy_relationship_type"": ""RECOVERY"", ""selection_basis"": ""REX_ENDPOINT_AND_V2_CATALOG_RECHECK"", ""source_path"": ""generated/exercise-alternatives-v0.3.0/alternative_relationships.csv""}",NEX-000208:NEX-000064:RECOVERY
cardio_gait_bodyweight_rex_000062,bodyweight_crunch_core_brace_bodyweight,REX-000062,REX-000009,DISCOMFORT,ACTIVE_RECOVERY,0,"[""ANKLE_FOOT"",""KNEE""]","[""HIP""]","[""ABDOMEN""]","[""LOWER_BACK""]",BODYWEIGHT,HOME|GYM,alternative-rule-v2.0.0,alternative-set-v2.0.0,DOMAIN_APPROVED,false,A_TO_B,4,6,SKIP_AFFECTED_AREA,AVOID_PAIN_AREA_ACTIVE_RECOVERY,"{""alternative_target_muscle_code"": ""CORE"", ""body_area_code"": ""ANKLE_FOOT"", ""score_band_code"": ""NRS_4_6"", ""selection_basis"": ""DOMAIN_APPROVED_SCORE_BAND_AND_TARGET_MUSCLE_POLICY"", ""source_path"": ""normalized/v2_discomfort_alternative_mapping.csv"", ""source_target_muscle_code"": ""CARDIO""}",mapping:ANKLE_FOOT:NRS_4_6:REX-000062:REX-000009:DISCOMFORT
cardio_gait_bodyweight_rex_000062,bodyweight_crunch_core_brace_bodyweight,REX-000062,REX-000009,DISCOMFORT,ACTIVE_RECOVERY,0,"[""ANKLE_FOOT"",""KNEE""]","[""HIP""]","[""ABDOMEN""]","[""LOWER_BACK""]",BODYWEIGHT,HOME|GYM,alternative-rule-v2.0.0,alternative-set-v2.0.0,DOMAIN_APPROVED,false,A_TO_B,4,6,SKIP_AFFECTED_AREA,AVOID_PAIN_AREA_ACTIVE_RECOVERY,"{""alternative_target_muscle_code"": ""CORE"", ""body_area_code"": ""HIP"", ""score_band_code"": ""NRS_4_6"", ""selection_basis"": ""DOMAIN_APPROVED_SCORE_BAND_AND_TARGET_MUSCLE_POLICY"", ""source_path"": ""normalized/v2_discomfort_alternative_mapping.csv"", ""source_target_muscle_code"": ""CARDIO""}",mapping:HIP:NRS_4_6:REX-000062:REX-000009:DISCOMFORT
cardio_gait_bodyweight_rex_000062,bodyweight_crunch_core_brace_bodyweight,REX-000062,REX-000009,DISCOMFORT,ACTIVE_RECOVERY,0,"[""ANKLE_FOOT"",""KNEE""]","[""HIP""]","[""ABDOMEN""]","[""LOWER_BACK""]",BODYWEIGHT,HOME|GYM,alternative-rule-v2.0.0,alternative-set-v2.0.0,DOMAIN_APPROVED,false,A_TO_B,4,6,SKIP_AFFECTED_AREA,AVOID_PAIN_AREA_ACTIVE_RECOVERY,"{""alternative_target_muscle_code"": ""CORE"", ""body_area_code"": ""KNEE"", ""score_band_code"": ""NRS_4_6"", ""selection_basis"": ""DOMAIN_APPROVED_SCORE_BAND_AND_TARGET_MUSCLE_POLICY"", ""source_path"": ""normalized/v2_discomfort_alternative_mapping.csv"", ""source_target_muscle_code"": ""CARDIO""}",mapping:KNEE:NRS_4_6:REX-000062:REX-000009:DISCOMFORT
cardio_gait_bodyweight_rex_000062,cardio_gait_bodyweight,REX-000062,REX-000056,DISCOMFORT,SAME_GOAL,0,"[""ANKLE_FOOT"",""KNEE""]","[""HIP""]","[""ANKLE_FOOT"",""KNEE""]","[""HIP""]",BODYWEIGHT,HOME,alternative-rule-v2.0.0,alternative-set-v2.0.0,DOMAIN_APPROVED,false,A_TO_B,1,3,LOAD_REDUCED,SAME_GOAL_LOWER_LOAD_ROM_EASIER_VARIANT,"{""alternative_target_muscle_code"": ""CARDIO"", ""body_area_code"": ""ANKLE_FOOT"", ""score_band_code"": ""NRS_1_3"", ""selection_basis"": ""DOMAIN_APPROVED_SCORE_BAND_AND_TARGET_MUSCLE_POLICY"", ""source_path"": ""normalized/v2_discomfort_alternative_mapping.csv"", ""source_target_muscle_code"": ""CARDIO""}",mapping:ANKLE_FOOT:NRS_1_3:REX-000062:REX-000056:DISCOMFORT
cardio_gait_bodyweight_rex_000062,cardio_gait_bodyweight,REX-000062,REX-000056,DISCOMFORT,SAME_GOAL,0,"[""ANKLE_FOOT"",""KNEE""]","[""HIP""]","[""ANKLE_FOOT"",""KNEE""]","[""HIP""]",BODYWEIGHT,HOME,alternative-rule-v2.0.0,alternative-set-v2.0.0,DOMAIN_APPROVED,false,A_TO_B,1,3,LOAD_REDUCED,SAME_GOAL_LOWER_LOAD_ROM_EASIER_VARIANT,"{""alternative_target_muscle_code"": ""CARDIO"", ""body_area_code"": ""HIP"", ""score_band_code"": ""NRS_1_3"", ""selection_basis"": ""DOMAIN_APPROVED_SCORE_BAND_AND_TARGET_MUSCLE_POLICY"", ""source_path"": ""normalized/v2_discomfort_alternative_mapping.csv"", ""source_target_muscle_code"": ""CARDIO""}",mapping:HIP:NRS_1_3:REX-000062:REX-000056:DISCOMFORT
cardio_gait_bodyweight_rex_000062,cardio_gait_bodyweight,REX-000062,REX-000056,DISCOMFORT,SAME_GOAL,0,"[""ANKLE_FOOT"",""KNEE""]","[""HIP""]","[""ANKLE_FOOT"",""KNEE""]","[""HIP""]",BODYWEIGHT,HOME,alternative-rule-v2.0.0,alternative-set-v2.0.0,DOMAIN_APPROVED,false,A_TO_B,1,3,LOAD_REDUCED,SAME_GOAL_LOWER_LOAD_ROM_EASIER_VARIANT,"{""alternative_target_muscle_code"": ""CARDIO"", ""body_area_code"": ""KNEE"", ""score_band_code"": ""NRS_1_3"", ""selection_basis"": ""DOMAIN_APPROVED_SCORE_BAND_AND_TARGET_MUSCLE_POLICY"", ""source_path"": ""normalized/v2_discomfort_alternative_mapping.csv"", ""source_target_muscle_code"": ""CARDIO""}",mapping:KNEE:NRS_1_3:REX-000062:REX-000056:DISCOMFORT
cardio_gait_bodyweight_rex_000062,cardio_gait_machine,REX-000062,REX-000070,LOCATION,CARDIO_ENDURANCE,0,"[""ANKLE_FOOT"",""KNEE""]","[""HIP""]","[""ANKLE_FOOT"",""KNEE""]","[""HIP""]",MACHINE,GYM,alternative-rule-v2.0.0,alternative-set-v2.0.0,DOMAIN_APPROVED,false,A_TO_B,,,,,"{""legacy_relationship_type"": ""RECOVERY"", ""selection_basis"": ""REX_ENDPOINT_AND_V2_CATALOG_RECHECK"", ""source_path"": ""generated/exercise-alternatives-v0.3.0/alternative_relationships.csv""}",NEX-000076:NEX-000170:RECOVERY
hip_adduction_isolation_stability_ball,bodyweight_crunch_core_brace_bodyweight,REX-000063,REX-000009,DISCOMFORT,ACTIVE_RECOVERY,0,"[""KNEE""]","[""HIP""]","[""ABDOMEN""]","[""LOWER_BACK""]",BODYWEIGHT,HOME|GYM,alternative-rule-v2.0.0,alternative-set-v2.0.0,DOMAIN_APPROVED,false,A_TO_B,4,6,SKIP_AFFECTED_AREA,AVOID_PAIN_AREA_ACTIVE_RECOVERY,"{""alternative_target_muscle_code"": ""CORE"", ""body_area_code"": ""HIP"", ""score_band_code"": ""NRS_4_6"", ""selection_basis"": ""DOMAIN_APPROVED_SCORE_BAND_AND_TARGET_MUSCLE_POLICY"", ""source_path"": ""normalized/v2_discomfort_alternative_mapping.csv"", ""source_target_muscle_code"": ""QUADRICEPS""}",mapping:HIP:NRS_4_6:REX-000063:REX-000009:DISCOMFORT
hip_adduction_isolation_stability_ball,bodyweight_crunch_core_brace_bodyweight,REX-000063,REX-000009,DISCOMFORT,ACTIVE_RECOVERY,0,"[""KNEE""]","[""HIP""]","[""ABDOMEN""]","[""LOWER_BACK""]",BODYWEIGHT,HOME|GYM,alternative-rule-v2.0.0,alternative-set-v2.0.0,DOMAIN_APPROVED,false,A_TO_B,4,6,SKIP_AFFECTED_AREA,AVOID_PAIN_AREA_ACTIVE_RECOVERY,"{""alternative_target_muscle_code"": ""CORE"", ""body_area_code"": ""KNEE"", ""score_band_code"": ""NRS_4_6"", ""selection_basis"": ""DOMAIN_APPROVED_SCORE_BAND_AND_TARGET_MUSCLE_POLICY"", ""source_path"": ""normalized/v2_discomfort_alternative_mapping.csv"", ""source_target_muscle_code"": ""QUADRICEPS""}",mapping:KNEE:NRS_4_6:REX-000063:REX-000009:DISCOMFORT
hip_adduction_isolation_stability_ball,hip_flexion_isolation_bodyweight,REX-000063,REX-000057,DISCOMFORT,SAME_GOAL,0,"[""KNEE""]","[""HIP""]","[""KNEE""]","[""HIP"",""ANKLE_FOOT""]",BODYWEIGHT,HOME,alternative-rule-v2.0.0,alternative-set-v2.0.0,DOMAIN_APPROVED,false,A_TO_B,1,3,LOAD_REDUCED,SAME_GOAL_LOWER_LOAD_ROM_EASIER_VARIANT,"{""alternative_target_muscle_code"": ""QUADRICEPS"", ""body_area_code"": ""HIP"", ""score_band_code"": ""NRS_1_3"", ""selection_basis"": ""DOMAIN_APPROVED_SCORE_BAND_AND_TARGET_MUSCLE_POLICY"", ""source_path"": ""normalized/v2_discomfort_alternative_mapping.csv"", ""source_target_muscle_code"": ""QUADRICEPS""}",mapping:HIP:NRS_1_3:REX-000063:REX-000057:DISCOMFORT
hip_adduction_isolation_stability_ball,hip_flexion_isolation_bodyweight,REX-000063,REX-000057,DISCOMFORT,SAME_GOAL,0,"[""KNEE""]","[""HIP""]","[""KNEE""]","[""HIP"",""ANKLE_FOOT""]",BODYWEIGHT,HOME,alternative-rule-v2.0.0,alternative-set-v2.0.0,DOMAIN_APPROVED,false,A_TO_B,1,3,LOAD_REDUCED,SAME_GOAL_LOWER_LOAD_ROM_EASIER_VARIANT,"{""alternative_target_muscle_code"": ""QUADRICEPS"", ""body_area_code"": ""KNEE"", ""score_band_code"": ""NRS_1_3"", ""selection_basis"": ""DOMAIN_APPROVED_SCORE_BAND_AND_TARGET_MUSCLE_POLICY"", ""source_path"": ""normalized/v2_discomfort_alternative_mapping.csv"", ""source_target_muscle_code"": ""QUADRICEPS""}",mapping:KNEE:NRS_1_3:REX-000063:REX-000057:DISCOMFORT
hip_flexion_isolation_bodyweight_rex_000064,bodyweight_crunch_core_brace_bodyweight,REX-000064,REX-000009,DISCOMFORT,ACTIVE_RECOVERY,0,"[""KNEE""]","[""HIP""]","[""ABDOMEN""]","[""LOWER_BACK""]",BODYWEIGHT,HOME|GYM,alternative-rule-v2.0.0,alternative-set-v2.0.0,DOMAIN_APPROVED,false,A_TO_B,4,6,SKIP_AFFECTED_AREA,AVOID_PAIN_AREA_ACTIVE_RECOVERY,"{""alternative_target_muscle_code"": ""CORE"", ""body_area_code"": ""HIP"", ""score_band_code"": ""NRS_4_6"", ""selection_basis"": ""DOMAIN_APPROVED_SCORE_BAND_AND_TARGET_MUSCLE_POLICY"", ""source_path"": ""normalized/v2_discomfort_alternative_mapping.csv"", ""source_target_muscle_code"": ""QUADRICEPS""}",mapping:HIP:NRS_4_6:REX-000064:REX-000009:DISCOMFORT
hip_flexion_isolation_bodyweight_rex_000064,bodyweight_crunch_core_brace_bodyweight,REX-000064,REX-000009,DISCOMFORT,ACTIVE_RECOVERY,0,"[""KNEE""]","[""HIP""]","[""ABDOMEN""]","[""LOWER_BACK""]",BODYWEIGHT,HOME|GYM,alternative-rule-v2.0.0,alternative-set-v2.0.0,DOMAIN_APPROVED,false,A_TO_B,4,6,SKIP_AFFECTED_AREA,AVOID_PAIN_AREA_ACTIVE_RECOVERY,"{""alternative_target_muscle_code"": ""CORE"", ""body_area_code"": ""KNEE"", ""score_band_code"": ""NRS_4_6"", ""selection_basis"": ""DOMAIN_APPROVED_SCORE_BAND_AND_TARGET_MUSCLE_POLICY"", ""source_path"": ""normalized/v2_discomfort_alternative_mapping.csv"", ""source_target_muscle_code"": ""QUADRICEPS""}",mapping:KNEE:NRS_4_6:REX-000064:REX-000009:DISCOMFORT
hip_flexion_isolation_bodyweight_rex_000064,hip_flexion_isolation_bodyweight,REX-000064,REX-000057,DISCOMFORT,SAME_GOAL,0,"[""KNEE""]","[""HIP""]","[""KNEE""]","[""HIP"",""ANKLE_FOOT""]",BODYWEIGHT,HOME,alternative-rule-v2.0.0,alternative-set-v2.0.0,DOMAIN_APPROVED,false,A_TO_B,1,3,LOAD_REDUCED,SAME_GOAL_LOWER_LOAD_ROM_EASIER_VARIANT,"{""alternative_target_muscle_code"": ""QUADRICEPS"", ""body_area_code"": ""HIP"", ""score_band_code"": ""NRS_1_3"", ""selection_basis"": ""DOMAIN_APPROVED_SCORE_BAND_AND_TARGET_MUSCLE_POLICY"", ""source_path"": ""normalized/v2_discomfort_alternative_mapping.csv"", ""source_target_muscle_code"": ""QUADRICEPS""}",mapping:HIP:NRS_1_3:REX-000064:REX-000057:DISCOMFORT
hip_flexion_isolation_bodyweight_rex_000064,hip_flexion_isolation_bodyweight,REX-000064,REX-000057,DISCOMFORT,SAME_GOAL,0,"[""KNEE""]","[""HIP""]","[""KNEE""]","[""HIP"",""ANKLE_FOOT""]",BODYWEIGHT,HOME,alternative-rule-v2.0.0,alternative-set-v2.0.0,DOMAIN_APPROVED,false,A_TO_B,1,3,LOAD_REDUCED,SAME_GOAL_LOWER_LOAD_ROM_EASIER_VARIANT,"{""alternative_target_muscle_code"": ""QUADRICEPS"", ""body_area_code"": ""KNEE"", ""score_band_code"": ""NRS_1_3"", ""selection_basis"": ""DOMAIN_APPROVED_SCORE_BAND_AND_TARGET_MUSCLE_POLICY"", ""source_path"": ""normalized/v2_discomfort_alternative_mapping.csv"", ""source_target_muscle_code"": ""QUADRICEPS""}",mapping:KNEE:NRS_1_3:REX-000064:REX-000057:DISCOMFORT
cardio_gait_bodyweight_rex_000065,bodyweight_crunch_core_brace_bodyweight,REX-000065,REX-000009,DISCOMFORT,ACTIVE_RECOVERY,0,"[""ANKLE_FOOT"",""KNEE""]","[""HIP""]","[""ABDOMEN""]","[""LOWER_BACK""]",BODYWEIGHT,HOME|GYM,alternative-rule-v2.0.0,alternative-set-v2.0.0,DOMAIN_APPROVED,false,A_TO_B,4,6,SKIP_AFFECTED_AREA,AVOID_PAIN_AREA_ACTIVE_RECOVERY,"{""alternative_target_muscle_code"": ""CORE"", ""body_area_code"": ""ANKLE_FOOT"", ""score_band_code"": ""NRS_4_6"", ""selection_basis"": ""DOMAIN_APPROVED_SCORE_BAND_AND_TARGET_MUSCLE_POLICY"", ""source_path"": ""normalized/v2_discomfort_alternative_mapping.csv"", ""source_target_muscle_code"": ""CARDIO""}",mapping:ANKLE_FOOT:NRS_4_6:REX-000065:REX-000009:DISCOMFORT
cardio_gait_bodyweight_rex_000065,bodyweight_crunch_core_brace_bodyweight,REX-000065,REX-000009,DISCOMFORT,ACTIVE_RECOVERY,0,"[""ANKLE_FOOT"",""KNEE""]","[""HIP""]","[""ABDOMEN""]","[""LOWER_BACK""]",BODYWEIGHT,HOME|GYM,alternative-rule-v2.0.0,alternative-set-v2.0.0,DOMAIN_APPROVED,false,A_TO_B,4,6,SKIP_AFFECTED_AREA,AVOID_PAIN_AREA_ACTIVE_RECOVERY,"{""alternative_target_muscle_code"": ""CORE"", ""body_area_code"": ""HIP"", ""score_band_code"": ""NRS_4_6"", ""selection_basis"": ""DOMAIN_APPROVED_SCORE_BAND_AND_TARGET_MUSCLE_POLICY"", ""source_path"": ""normalized/v2_discomfort_alternative_mapping.csv"", ""source_target_muscle_code"": ""CARDIO""}",mapping:HIP:NRS_4_6:REX-000065:REX-000009:DISCOMFORT
cardio_gait_bodyweight_rex_000065,bodyweight_crunch_core_brace_bodyweight,REX-000065,REX-000009,DISCOMFORT,ACTIVE_RECOVERY,0,"[""ANKLE_FOOT"",""KNEE""]","[""HIP""]","[""ABDOMEN""]","[""LOWER_BACK""]",BODYWEIGHT,HOME|GYM,alternative-rule-v2.0.0,alternative-set-v2.0.0,DOMAIN_APPROVED,false,A_TO_B,4,6,SKIP_AFFECTED_AREA,AVOID_PAIN_AREA_ACTIVE_RECOVERY,"{""alternative_target_muscle_code"": ""CORE"", ""body_area_code"": ""KNEE"", ""score_band_code"": ""NRS_4_6"", ""selection_basis"": ""DOMAIN_APPROVED_SCORE_BAND_AND_TARGET_MUSCLE_POLICY"", ""source_path"": ""normalized/v2_discomfort_alternative_mapping.csv"", ""source_target_muscle_code"": ""CARDIO""}",mapping:KNEE:NRS_4_6:REX-000065:REX-000009:DISCOMFORT
cardio_gait_bodyweight_rex_000065,cardio_gait_bodyweight,REX-000065,REX-000056,DISCOMFORT,SAME_GOAL,0,"[""ANKLE_FOOT"",""KNEE""]","[""HIP""]","[""ANKLE_FOOT"",""KNEE""]","[""HIP""]",BODYWEIGHT,HOME,alternative-rule-v2.0.0,alternative-set-v2.0.0,DOMAIN_APPROVED,false,A_TO_B,1,3,LOAD_REDUCED,SAME_GOAL_LOWER_LOAD_ROM_EASIER_VARIANT,"{""alternative_target_muscle_code"": ""CARDIO"", ""body_area_code"": ""ANKLE_FOOT"", ""score_band_code"": ""NRS_1_3"", ""selection_basis"": ""DOMAIN_APPROVED_SCORE_BAND_AND_TARGET_MUSCLE_POLICY"", ""source_path"": ""normalized/v2_discomfort_alternative_mapping.csv"", ""source_target_muscle_code"": ""CARDIO""}",mapping:ANKLE_FOOT:NRS_1_3:REX-000065:REX-000056:DISCOMFORT
cardio_gait_bodyweight_rex_000065,cardio_gait_bodyweight,REX-000065,REX-000056,DISCOMFORT,SAME_GOAL,0,"[""ANKLE_FOOT"",""KNEE""]","[""HIP""]","[""ANKLE_FOOT"",""KNEE""]","[""HIP""]",BODYWEIGHT,HOME,alternative-rule-v2.0.0,alternative-set-v2.0.0,DOMAIN_APPROVED,false,A_TO_B,1,3,LOAD_REDUCED,SAME_GOAL_LOWER_LOAD_ROM_EASIER_VARIANT,"{""alternative_target_muscle_code"": ""CARDIO"", ""body_area_code"": ""HIP"", ""score_band_code"": ""NRS_1_3"", ""selection_basis"": ""DOMAIN_APPROVED_SCORE_BAND_AND_TARGET_MUSCLE_POLICY"", ""source_path"": ""normalized/v2_discomfort_alternative_mapping.csv"", ""source_target_muscle_code"": ""CARDIO""}",mapping:HIP:NRS_1_3:REX-000065:REX-000056:DISCOMFORT
cardio_gait_bodyweight_rex_000065,cardio_gait_bodyweight,REX-000065,REX-000056,DISCOMFORT,SAME_GOAL,0,"[""ANKLE_FOOT"",""KNEE""]","[""HIP""]","[""ANKLE_FOOT"",""KNEE""]","[""HIP""]",BODYWEIGHT,HOME,alternative-rule-v2.0.0,alternative-set-v2.0.0,DOMAIN_APPROVED,false,A_TO_B,1,3,LOAD_REDUCED,SAME_GOAL_LOWER_LOAD_ROM_EASIER_VARIANT,"{""alternative_target_muscle_code"": ""CARDIO"", ""body_area_code"": ""KNEE"", ""score_band_code"": ""NRS_1_3"", ""selection_basis"": ""DOMAIN_APPROVED_SCORE_BAND_AND_TARGET_MUSCLE_POLICY"", ""source_path"": ""normalized/v2_discomfort_alternative_mapping.csv"", ""source_target_muscle_code"": ""CARDIO""}",mapping:KNEE:NRS_1_3:REX-000065:REX-000056:DISCOMFORT
cardio_gait_bodyweight_rex_000065,cardio_gait_machine,REX-000065,REX-000070,EQUIPMENT,CARDIO_ENDURANCE,0,"[""ANKLE_FOOT"",""KNEE""]","[""HIP""]","[""ANKLE_FOOT"",""KNEE""]","[""HIP""]",MACHINE,GYM,alternative-rule-v2.0.0,alternative-set-v2.0.0,DOMAIN_APPROVED,false,A_TO_B,,,,,"{""legacy_relationship_type"": ""RECOVERY"", ""selection_basis"": ""REX_ENDPOINT_AND_V2_CATALOG_RECHECK"", ""source_path"": ""generated/exercise-alternatives-v0.3.0/alternative_relationships.csv""}",NEX-000169:NEX-000170:RECOVERY
cardio_gait_bodyweight_rex_000065,cardio_gait_bodyweight,REX-000065,REX-000056,LOCATION,CARDIO_ENDURANCE,0,"[""ANKLE_FOOT"",""KNEE""]","[""HIP""]","[""ANKLE_FOOT"",""KNEE""]","[""HIP""]",BODYWEIGHT,HOME,alternative-rule-v2.0.0,alternative-set-v2.0.0,DOMAIN_APPROVED,false,A_TO_B,,,,,"{""legacy_relationship_type"": ""RECOVERY"", ""selection_basis"": ""REX_ENDPOINT_AND_V2_CATALOG_RECHECK"", ""source_path"": ""generated/exercise-alternatives-v0.3.0/alternative_relationships.csv""}",NEX-000169:NEX-000171:RECOVERY
mobility_balance_bodyweight,bodyweight_crunch_core_brace_bodyweight,REX-000066,REX-000009,DISCOMFORT,ACTIVE_RECOVERY,0,"[""HIP""]","[""ANKLE_FOOT"",""KNEE""]","[""ABDOMEN""]","[""LOWER_BACK""]",BODYWEIGHT,HOME|GYM,alternative-rule-v2.0.0,alternative-set-v2.0.0,DOMAIN_APPROVED,false,A_TO_B,4,6,SKIP_AFFECTED_AREA,AVOID_PAIN_AREA_ACTIVE_RECOVERY,"{""alternative_target_muscle_code"": ""CORE"", ""body_area_code"": ""ANKLE_FOOT"", ""score_band_code"": ""NRS_4_6"", ""selection_basis"": ""DOMAIN_APPROVED_SCORE_BAND_AND_TARGET_MUSCLE_POLICY"", ""source_path"": ""normalized/v2_discomfort_alternative_mapping.csv"", ""source_target_muscle_code"": ""MOBILITY""}",mapping:ANKLE_FOOT:NRS_4_6:REX-000066:REX-000009:DISCOMFORT
mobility_balance_bodyweight,bodyweight_crunch_core_brace_bodyweight,REX-000066,REX-000009,DISCOMFORT,ACTIVE_RECOVERY,0,"[""HIP""]","[""ANKLE_FOOT"",""KNEE""]","[""ABDOMEN""]","[""LOWER_BACK""]",BODYWEIGHT,HOME|GYM,alternative-rule-v2.0.0,alternative-set-v2.0.0,DOMAIN_APPROVED,false,A_TO_B,4,6,SKIP_AFFECTED_AREA,AVOID_PAIN_AREA_ACTIVE_RECOVERY,"{""alternative_target_muscle_code"": ""CORE"", ""body_area_code"": ""HIP"", ""score_band_code"": ""NRS_4_6"", ""selection_basis"": ""DOMAIN_APPROVED_SCORE_BAND_AND_TARGET_MUSCLE_POLICY"", ""source_path"": ""normalized/v2_discomfort_alternative_mapping.csv"", ""source_target_muscle_code"": ""MOBILITY""}",mapping:HIP:NRS_4_6:REX-000066:REX-000009:DISCOMFORT
mobility_balance_bodyweight,bodyweight_crunch_core_brace_bodyweight,REX-000066,REX-000009,DISCOMFORT,ACTIVE_RECOVERY,0,"[""HIP""]","[""ANKLE_FOOT"",""KNEE""]","[""ABDOMEN""]","[""LOWER_BACK""]",BODYWEIGHT,HOME|GYM,alternative-rule-v2.0.0,alternative-set-v2.0.0,DOMAIN_APPROVED,false,A_TO_B,4,6,SKIP_AFFECTED_AREA,AVOID_PAIN_AREA_ACTIVE_RECOVERY,"{""alternative_target_muscle_code"": ""CORE"", ""body_area_code"": ""KNEE"", ""score_band_code"": ""NRS_4_6"", ""selection_basis"": ""DOMAIN_APPROVED_SCORE_BAND_AND_TARGET_MUSCLE_POLICY"", ""source_path"": ""normalized/v2_discomfort_alternative_mapping.csv"", ""source_target_muscle_code"": ""MOBILITY""}",mapping:KNEE:NRS_4_6:REX-000066:REX-000009:DISCOMFORT
mobility_balance_bodyweight,bodyweight_glute_bridge_hip_dominant_bodyweight,REX-000066,REX-000011,DISCOMFORT,SAME_GOAL,0,"[""HIP""]","[""ANKLE_FOOT"",""KNEE""]","[""HIP""]","[""KNEE"",""LOWER_BACK""]",BODYWEIGHT,HOME|GYM,alternative-rule-v2.0.0,alternative-set-v2.0.0,DOMAIN_APPROVED,false,A_TO_B,1,3,LOAD_REDUCED,SAME_GOAL_LOWER_LOAD_ROM_EASIER_VARIANT,"{""alternative_target_muscle_code"": ""GLUTES"", ""body_area_code"": ""ANKLE_FOOT"", ""score_band_code"": ""NRS_1_3"", ""selection_basis"": ""DOMAIN_APPROVED_SCORE_BAND_AND_TARGET_MUSCLE_POLICY"", ""source_path"": ""normalized/v2_discomfort_alternative_mapping.csv"", ""source_target_muscle_code"": ""MOBILITY""}",mapping:ANKLE_FOOT:NRS_1_3:REX-000066:REX-000011:DISCOMFORT
mobility_balance_bodyweight,bodyweight_glute_bridge_hip_dominant_bodyweight,REX-000066,REX-000011,DISCOMFORT,SAME_GOAL,0,"[""HIP""]","[""ANKLE_FOOT"",""KNEE""]","[""HIP""]","[""KNEE"",""LOWER_BACK""]",BODYWEIGHT,HOME|GYM,alternative-rule-v2.0.0,alternative-set-v2.0.0,DOMAIN_APPROVED,false,A_TO_B,1,3,LOAD_REDUCED,SAME_GOAL_LOWER_LOAD_ROM_EASIER_VARIANT,"{""alternative_target_muscle_code"": ""GLUTES"", ""body_area_code"": ""HIP"", ""score_band_code"": ""NRS_1_3"", ""selection_basis"": ""DOMAIN_APPROVED_SCORE_BAND_AND_TARGET_MUSCLE_POLICY"", ""source_path"": ""normalized/v2_discomfort_alternative_mapping.csv"", ""source_target_muscle_code"": ""MOBILITY""}",mapping:HIP:NRS_1_3:REX-000066:REX-000011:DISCOMFORT
mobility_balance_bodyweight,bodyweight_glute_bridge_hip_dominant_bodyweight,REX-000066,REX-000011,DISCOMFORT,SAME_GOAL,0,"[""HIP""]","[""ANKLE_FOOT"",""KNEE""]","[""HIP""]","[""KNEE"",""LOWER_BACK""]",BODYWEIGHT,HOME|GYM,alternative-rule-v2.0.0,alternative-set-v2.0.0,DOMAIN_APPROVED,false,A_TO_B,1,3,LOAD_REDUCED,SAME_GOAL_LOWER_LOAD_ROM_EASIER_VARIANT,"{""alternative_target_muscle_code"": ""GLUTES"", ""body_area_code"": ""KNEE"", ""score_band_code"": ""NRS_1_3"", ""selection_basis"": ""DOMAIN_APPROVED_SCORE_BAND_AND_TARGET_MUSCLE_POLICY"", ""source_path"": ""normalized/v2_discomfort_alternative_mapping.csv"", ""source_target_muscle_code"": ""MOBILITY""}",mapping:KNEE:NRS_1_3:REX-000066:REX-000011:DISCOMFORT
cardio_cycling_stationary_bike,bodyweight_crunch_core_brace_bodyweight,REX-000067,REX-000009,DISCOMFORT,ACTIVE_RECOVERY,0,"[""KNEE"",""HIP""]","[""ANKLE_FOOT""]","[""ABDOMEN""]","[""LOWER_BACK""]",BODYWEIGHT,HOME|GYM,alternative-rule-v2.0.0,alternative-set-v2.0.0,DOMAIN_APPROVED,false,A_TO_B,4,6,SKIP_AFFECTED_AREA,AVOID_PAIN_AREA_ACTIVE_RECOVERY,"{""alternative_target_muscle_code"": ""CORE"", ""body_area_code"": ""ANKLE_FOOT"", ""score_band_code"": ""NRS_4_6"", ""selection_basis"": ""DOMAIN_APPROVED_SCORE_BAND_AND_TARGET_MUSCLE_POLICY"", ""source_path"": ""normalized/v2_discomfort_alternative_mapping.csv"", ""source_target_muscle_code"": ""CARDIO""}",mapping:ANKLE_FOOT:NRS_4_6:REX-000067:REX-000009:DISCOMFORT
cardio_cycling_stationary_bike,bodyweight_crunch_core_brace_bodyweight,REX-000067,REX-000009,DISCOMFORT,ACTIVE_RECOVERY,0,"[""KNEE"",""HIP""]","[""ANKLE_FOOT""]","[""ABDOMEN""]","[""LOWER_BACK""]",BODYWEIGHT,HOME|GYM,alternative-rule-v2.0.0,alternative-set-v2.0.0,DOMAIN_APPROVED,false,A_TO_B,4,6,SKIP_AFFECTED_AREA,AVOID_PAIN_AREA_ACTIVE_RECOVERY,"{""alternative_target_muscle_code"": ""CORE"", ""body_area_code"": ""HIP"", ""score_band_code"": ""NRS_4_6"", ""selection_basis"": ""DOMAIN_APPROVED_SCORE_BAND_AND_TARGET_MUSCLE_POLICY"", ""source_path"": ""normalized/v2_discomfort_alternative_mapping.csv"", ""source_target_muscle_code"": ""CARDIO""}",mapping:HIP:NRS_4_6:REX-000067:REX-000009:DISCOMFORT
cardio_cycling_stationary_bike,bodyweight_crunch_core_brace_bodyweight,REX-000067,REX-000009,DISCOMFORT,ACTIVE_RECOVERY,0,"[""KNEE"",""HIP""]","[""ANKLE_FOOT""]","[""ABDOMEN""]","[""LOWER_BACK""]",BODYWEIGHT,HOME|GYM,alternative-rule-v2.0.0,alternative-set-v2.0.0,DOMAIN_APPROVED,false,A_TO_B,4,6,SKIP_AFFECTED_AREA,AVOID_PAIN_AREA_ACTIVE_RECOVERY,"{""alternative_target_muscle_code"": ""CORE"", ""body_area_code"": ""KNEE"", ""score_band_code"": ""NRS_4_6"", ""selection_basis"": ""DOMAIN_APPROVED_SCORE_BAND_AND_TARGET_MUSCLE_POLICY"", ""source_path"": ""normalized/v2_discomfort_alternative_mapping.csv"", ""source_target_muscle_code"": ""CARDIO""}",mapping:KNEE:NRS_4_6:REX-000067:REX-000009:DISCOMFORT
cardio_cycling_stationary_bike,cardio_gait_bodyweight,REX-000067,REX-000056,DISCOMFORT,SAME_GOAL,0,"[""KNEE"",""HIP""]","[""ANKLE_FOOT""]","[""ANKLE_FOOT"",""KNEE""]","[""HIP""]",BODYWEIGHT,HOME,alternative-rule-v2.0.0,alternative-set-v2.0.0,DOMAIN_APPROVED,false,A_TO_B,1,3,LOAD_REDUCED,SAME_GOAL_LOWER_LOAD_ROM_EASIER_VARIANT,"{""alternative_target_muscle_code"": ""CARDIO"", ""body_area_code"": ""ANKLE_FOOT"", ""score_band_code"": ""NRS_1_3"", ""selection_basis"": ""DOMAIN_APPROVED_SCORE_BAND_AND_TARGET_MUSCLE_POLICY"", ""source_path"": ""normalized/v2_discomfort_alternative_mapping.csv"", ""source_target_muscle_code"": ""CARDIO""}",mapping:ANKLE_FOOT:NRS_1_3:REX-000067:REX-000056:DISCOMFORT
cardio_cycling_stationary_bike,cardio_gait_bodyweight,REX-000067,REX-000056,DISCOMFORT,SAME_GOAL,0,"[""KNEE"",""HIP""]","[""ANKLE_FOOT""]","[""ANKLE_FOOT"",""KNEE""]","[""HIP""]",BODYWEIGHT,HOME,alternative-rule-v2.0.0,alternative-set-v2.0.0,DOMAIN_APPROVED,false,A_TO_B,1,3,LOAD_REDUCED,SAME_GOAL_LOWER_LOAD_ROM_EASIER_VARIANT,"{""alternative_target_muscle_code"": ""CARDIO"", ""body_area_code"": ""HIP"", ""score_band_code"": ""NRS_1_3"", ""selection_basis"": ""DOMAIN_APPROVED_SCORE_BAND_AND_TARGET_MUSCLE_POLICY"", ""source_path"": ""normalized/v2_discomfort_alternative_mapping.csv"", ""source_target_muscle_code"": ""CARDIO""}",mapping:HIP:NRS_1_3:REX-000067:REX-000056:DISCOMFORT
cardio_cycling_stationary_bike,cardio_gait_bodyweight,REX-000067,REX-000056,DISCOMFORT,SAME_GOAL,0,"[""KNEE"",""HIP""]","[""ANKLE_FOOT""]","[""ANKLE_FOOT"",""KNEE""]","[""HIP""]",BODYWEIGHT,HOME,alternative-rule-v2.0.0,alternative-set-v2.0.0,DOMAIN_APPROVED,false,A_TO_B,1,3,LOAD_REDUCED,SAME_GOAL_LOWER_LOAD_ROM_EASIER_VARIANT,"{""alternative_target_muscle_code"": ""CARDIO"", ""body_area_code"": ""KNEE"", ""score_band_code"": ""NRS_1_3"", ""selection_basis"": ""DOMAIN_APPROVED_SCORE_BAND_AND_TARGET_MUSCLE_POLICY"", ""source_path"": ""normalized/v2_discomfort_alternative_mapping.csv"", ""source_target_muscle_code"": ""CARDIO""}",mapping:KNEE:NRS_1_3:REX-000067:REX-000056:DISCOMFORT
cardio_gait_step_box,bodyweight_crunch_core_brace_bodyweight,REX-000068,REX-000009,DISCOMFORT,ACTIVE_RECOVERY,0,"[""ANKLE_FOOT"",""KNEE""]","[""HIP""]","[""ABDOMEN""]","[""LOWER_BACK""]",BODYWEIGHT,HOME|GYM,alternative-rule-v2.0.0,alternative-set-v2.0.0,DOMAIN_APPROVED,false,A_TO_B,4,6,SKIP_AFFECTED_AREA,AVOID_PAIN_AREA_ACTIVE_RECOVERY,"{""alternative_target_muscle_code"": ""CORE"", ""body_area_code"": ""ANKLE_FOOT"", ""score_band_code"": ""NRS_4_6"", ""selection_basis"": ""DOMAIN_APPROVED_SCORE_BAND_AND_TARGET_MUSCLE_POLICY"", ""source_path"": ""normalized/v2_discomfort_alternative_mapping.csv"", ""source_target_muscle_code"": ""CARDIO""}",mapping:ANKLE_FOOT:NRS_4_6:REX-000068:REX-000009:DISCOMFORT
cardio_gait_step_box,bodyweight_crunch_core_brace_bodyweight,REX-000068,REX-000009,DISCOMFORT,ACTIVE_RECOVERY,0,"[""ANKLE_FOOT"",""KNEE""]","[""HIP""]","[""ABDOMEN""]","[""LOWER_BACK""]",BODYWEIGHT,HOME|GYM,alternative-rule-v2.0.0,alternative-set-v2.0.0,DOMAIN_APPROVED,false,A_TO_B,4,6,SKIP_AFFECTED_AREA,AVOID_PAIN_AREA_ACTIVE_RECOVERY,"{""alternative_target_muscle_code"": ""CORE"", ""body_area_code"": ""HIP"", ""score_band_code"": ""NRS_4_6"", ""selection_basis"": ""DOMAIN_APPROVED_SCORE_BAND_AND_TARGET_MUSCLE_POLICY"", ""source_path"": ""normalized/v2_discomfort_alternative_mapping.csv"", ""source_target_muscle_code"": ""CARDIO""}",mapping:HIP:NRS_4_6:REX-000068:REX-000009:DISCOMFORT
cardio_gait_step_box,bodyweight_crunch_core_brace_bodyweight,REX-000068,REX-000009,DISCOMFORT,ACTIVE_RECOVERY,0,"[""ANKLE_FOOT"",""KNEE""]","[""HIP""]","[""ABDOMEN""]","[""LOWER_BACK""]",BODYWEIGHT,HOME|GYM,alternative-rule-v2.0.0,alternative-set-v2.0.0,DOMAIN_APPROVED,false,A_TO_B,4,6,SKIP_AFFECTED_AREA,AVOID_PAIN_AREA_ACTIVE_RECOVERY,"{""alternative_target_muscle_code"": ""CORE"", ""body_area_code"": ""KNEE"", ""score_band_code"": ""NRS_4_6"", ""selection_basis"": ""DOMAIN_APPROVED_SCORE_BAND_AND_TARGET_MUSCLE_POLICY"", ""source_path"": ""normalized/v2_discomfort_alternative_mapping.csv"", ""source_target_muscle_code"": ""CARDIO""}",mapping:KNEE:NRS_4_6:REX-000068:REX-000009:DISCOMFORT
cardio_gait_step_box,cardio_gait_bodyweight,REX-000068,REX-000056,DISCOMFORT,SAME_GOAL,0,"[""ANKLE_FOOT"",""KNEE""]","[""HIP""]","[""ANKLE_FOOT"",""KNEE""]","[""HIP""]",BODYWEIGHT,HOME,alternative-rule-v2.0.0,alternative-set-v2.0.0,DOMAIN_APPROVED,false,A_TO_B,1,3,LOAD_REDUCED,SAME_GOAL_LOWER_LOAD_ROM_EASIER_VARIANT,"{""alternative_target_muscle_code"": ""CARDIO"", ""body_area_code"": ""ANKLE_FOOT"", ""score_band_code"": ""NRS_1_3"", ""selection_basis"": ""DOMAIN_APPROVED_SCORE_BAND_AND_TARGET_MUSCLE_POLICY"", ""source_path"": ""normalized/v2_discomfort_alternative_mapping.csv"", ""source_target_muscle_code"": ""CARDIO""}",mapping:ANKLE_FOOT:NRS_1_3:REX-000068:REX-000056:DISCOMFORT
cardio_gait_step_box,cardio_gait_bodyweight,REX-000068,REX-000056,DISCOMFORT,SAME_GOAL,0,"[""ANKLE_FOOT"",""KNEE""]","[""HIP""]","[""ANKLE_FOOT"",""KNEE""]","[""HIP""]",BODYWEIGHT,HOME,alternative-rule-v2.0.0,alternative-set-v2.0.0,DOMAIN_APPROVED,false,A_TO_B,1,3,LOAD_REDUCED,SAME_GOAL_LOWER_LOAD_ROM_EASIER_VARIANT,"{""alternative_target_muscle_code"": ""CARDIO"", ""body_area_code"": ""HIP"", ""score_band_code"": ""NRS_1_3"", ""selection_basis"": ""DOMAIN_APPROVED_SCORE_BAND_AND_TARGET_MUSCLE_POLICY"", ""source_path"": ""normalized/v2_discomfort_alternative_mapping.csv"", ""source_target_muscle_code"": ""CARDIO""}",mapping:HIP:NRS_1_3:REX-000068:REX-000056:DISCOMFORT
cardio_gait_step_box,cardio_gait_bodyweight,REX-000068,REX-000056,DISCOMFORT,SAME_GOAL,0,"[""ANKLE_FOOT"",""KNEE""]","[""HIP""]","[""ANKLE_FOOT"",""KNEE""]","[""HIP""]",BODYWEIGHT,HOME,alternative-rule-v2.0.0,alternative-set-v2.0.0,DOMAIN_APPROVED,false,A_TO_B,1,3,LOAD_REDUCED,SAME_GOAL_LOWER_LOAD_ROM_EASIER_VARIANT,"{""alternative_target_muscle_code"": ""CARDIO"", ""body_area_code"": ""KNEE"", ""score_band_code"": ""NRS_1_3"", ""selection_basis"": ""DOMAIN_APPROVED_SCORE_BAND_AND_TARGET_MUSCLE_POLICY"", ""source_path"": ""normalized/v2_discomfort_alternative_mapping.csv"", ""source_target_muscle_code"": ""CARDIO""}",mapping:KNEE:NRS_1_3:REX-000068:REX-000056:DISCOMFORT
cardio_gait_step_box,cardio_gait_bodyweight,REX-000068,REX-000056,EQUIPMENT,CARDIO_ENDURANCE,0,"[""ANKLE_FOOT"",""KNEE""]","[""HIP""]","[""ANKLE_FOOT"",""KNEE""]","[""HIP""]",BODYWEIGHT,HOME,alternative-rule-v2.0.0,alternative-set-v2.0.0,DOMAIN_APPROVED,false,A_TO_B,,,,,"{""legacy_relationship_type"": ""CONSTRAINT"", ""selection_basis"": ""REX_ENDPOINT_AND_V2_CATALOG_RECHECK"", ""source_path"": ""generated/exercise-alternatives-v0.3.0/alternative_relationships.csv""}",NEX-000172:NEX-000171:CONSTRAINT
leg_press_knee_dominant_resistance_band,bodyweight_crunch_core_brace_bodyweight,REX-000069,REX-000009,DISCOMFORT,ACTIVE_RECOVERY,0,"[""KNEE""]","[""HIP""]","[""ABDOMEN""]","[""LOWER_BACK""]",BODYWEIGHT,HOME|GYM,alternative-rule-v2.0.0,alternative-set-v2.0.0,DOMAIN_APPROVED,false,A_TO_B,4,6,SKIP_AFFECTED_AREA,AVOID_PAIN_AREA_ACTIVE_RECOVERY,"{""alternative_target_muscle_code"": ""CORE"", ""body_area_code"": ""HIP"", ""score_band_code"": ""NRS_4_6"", ""selection_basis"": ""DOMAIN_APPROVED_SCORE_BAND_AND_TARGET_MUSCLE_POLICY"", ""source_path"": ""normalized/v2_discomfort_alternative_mapping.csv"", ""source_target_muscle_code"": ""QUADRICEPS""}",mapping:HIP:NRS_4_6:REX-000069:REX-000009:DISCOMFORT
leg_press_knee_dominant_resistance_band,bodyweight_crunch_core_brace_bodyweight,REX-000069,REX-000009,DISCOMFORT,ACTIVE_RECOVERY,0,"[""KNEE""]","[""HIP""]","[""ABDOMEN""]","[""LOWER_BACK""]",BODYWEIGHT,HOME|GYM,alternative-rule-v2.0.0,alternative-set-v2.0.0,DOMAIN_APPROVED,false,A_TO_B,4,6,SKIP_AFFECTED_AREA,AVOID_PAIN_AREA_ACTIVE_RECOVERY,"{""alternative_target_muscle_code"": ""CORE"", ""body_area_code"": ""KNEE"", ""score_band_code"": ""NRS_4_6"", ""selection_basis"": ""DOMAIN_APPROVED_SCORE_BAND_AND_TARGET_MUSCLE_POLICY"", ""source_path"": ""normalized/v2_discomfort_alternative_mapping.csv"", ""source_target_muscle_code"": ""QUADRICEPS""}",mapping:KNEE:NRS_4_6:REX-000069:REX-000009:DISCOMFORT
leg_press_knee_dominant_resistance_band,dumbbell_goblet_squat_knee_dominant_dumbbell,REX-000069,REX-000025,DISCOMFORT,SAME_GOAL,0,"[""KNEE""]","[""HIP""]","[""KNEE"",""HIP""]","[""ANKLE_FOOT""]",DUMBBELL,HOME|GYM,alternative-rule-v2.0.0,alternative-set-v2.0.0,DOMAIN_APPROVED,false,A_TO_B,1,3,LOAD_REDUCED,SAME_GOAL_LOWER_LOAD_ROM_EASIER_VARIANT,"{""alternative_target_muscle_code"": ""QUADRICEPS"", ""body_area_code"": ""HIP"", ""score_band_code"": ""NRS_1_3"", ""selection_basis"": ""DOMAIN_APPROVED_SCORE_BAND_AND_TARGET_MUSCLE_POLICY"", ""source_path"": ""normalized/v2_discomfort_alternative_mapping.csv"", ""source_target_muscle_code"": ""QUADRICEPS""}",mapping:HIP:NRS_1_3:REX-000069:REX-000025:DISCOMFORT
leg_press_knee_dominant_resistance_band,dumbbell_goblet_squat_knee_dominant_dumbbell,REX-000069,REX-000025,DISCOMFORT,SAME_GOAL,0,"[""KNEE""]","[""HIP""]","[""KNEE"",""HIP""]","[""ANKLE_FOOT""]",DUMBBELL,HOME|GYM,alternative-rule-v2.0.0,alternative-set-v2.0.0,DOMAIN_APPROVED,false,A_TO_B,1,3,LOAD_REDUCED,SAME_GOAL_LOWER_LOAD_ROM_EASIER_VARIANT,"{""alternative_target_muscle_code"": ""QUADRICEPS"", ""body_area_code"": ""KNEE"", ""score_band_code"": ""NRS_1_3"", ""selection_basis"": ""DOMAIN_APPROVED_SCORE_BAND_AND_TARGET_MUSCLE_POLICY"", ""source_path"": ""normalized/v2_discomfort_alternative_mapping.csv"", ""source_target_muscle_code"": ""QUADRICEPS""}",mapping:KNEE:NRS_1_3:REX-000069:REX-000025:DISCOMFORT
cardio_gait_machine,bodyweight_crunch_core_brace_bodyweight,REX-000070,REX-000009,DISCOMFORT,ACTIVE_RECOVERY,0,"[""ANKLE_FOOT"",""KNEE""]","[""HIP""]","[""ABDOMEN""]","[""LOWER_BACK""]",BODYWEIGHT,HOME|GYM,alternative-rule-v2.0.0,alternative-set-v2.0.0,DOMAIN_APPROVED,false,A_TO_B,4,6,SKIP_AFFECTED_AREA,AVOID_PAIN_AREA_ACTIVE_RECOVERY,"{""alternative_target_muscle_code"": ""CORE"", ""body_area_code"": ""ANKLE_FOOT"", ""score_band_code"": ""NRS_4_6"", ""selection_basis"": ""DOMAIN_APPROVED_SCORE_BAND_AND_TARGET_MUSCLE_POLICY"", ""source_path"": ""normalized/v2_discomfort_alternative_mapping.csv"", ""source_target_muscle_code"": ""CARDIO""}",mapping:ANKLE_FOOT:NRS_4_6:REX-000070:REX-000009:DISCOMFORT
cardio_gait_machine,bodyweight_crunch_core_brace_bodyweight,REX-000070,REX-000009,DISCOMFORT,ACTIVE_RECOVERY,0,"[""ANKLE_FOOT"",""KNEE""]","[""HIP""]","[""ABDOMEN""]","[""LOWER_BACK""]",BODYWEIGHT,HOME|GYM,alternative-rule-v2.0.0,alternative-set-v2.0.0,DOMAIN_APPROVED,false,A_TO_B,4,6,SKIP_AFFECTED_AREA,AVOID_PAIN_AREA_ACTIVE_RECOVERY,"{""alternative_target_muscle_code"": ""CORE"", ""body_area_code"": ""HIP"", ""score_band_code"": ""NRS_4_6"", ""selection_basis"": ""DOMAIN_APPROVED_SCORE_BAND_AND_TARGET_MUSCLE_POLICY"", ""source_path"": ""normalized/v2_discomfort_alternative_mapping.csv"", ""source_target_muscle_code"": ""CARDIO""}",mapping:HIP:NRS_4_6:REX-000070:REX-000009:DISCOMFORT
cardio_gait_machine,bodyweight_crunch_core_brace_bodyweight,REX-000070,REX-000009,DISCOMFORT,ACTIVE_RECOVERY,0,"[""ANKLE_FOOT"",""KNEE""]","[""HIP""]","[""ABDOMEN""]","[""LOWER_BACK""]",BODYWEIGHT,HOME|GYM,alternative-rule-v2.0.0,alternative-set-v2.0.0,DOMAIN_APPROVED,false,A_TO_B,4,6,SKIP_AFFECTED_AREA,AVOID_PAIN_AREA_ACTIVE_RECOVERY,"{""alternative_target_muscle_code"": ""CORE"", ""body_area_code"": ""KNEE"", ""score_band_code"": ""NRS_4_6"", ""selection_basis"": ""DOMAIN_APPROVED_SCORE_BAND_AND_TARGET_MUSCLE_POLICY"", ""source_path"": ""normalized/v2_discomfort_alternative_mapping.csv"", ""source_target_muscle_code"": ""CARDIO""}",mapping:KNEE:NRS_4_6:REX-000070:REX-000009:DISCOMFORT
cardio_gait_machine,cardio_gait_bodyweight,REX-000070,REX-000056,DISCOMFORT,SAME_GOAL,0,"[""ANKLE_FOOT"",""KNEE""]","[""HIP""]","[""ANKLE_FOOT"",""KNEE""]","[""HIP""]",BODYWEIGHT,HOME,alternative-rule-v2.0.0,alternative-set-v2.0.0,DOMAIN_APPROVED,false,A_TO_B,1,3,LOAD_REDUCED,SAME_GOAL_LOWER_LOAD_ROM_EASIER_VARIANT,"{""alternative_target_muscle_code"": ""CARDIO"", ""body_area_code"": ""ANKLE_FOOT"", ""score_band_code"": ""NRS_1_3"", ""selection_basis"": ""DOMAIN_APPROVED_SCORE_BAND_AND_TARGET_MUSCLE_POLICY"", ""source_path"": ""normalized/v2_discomfort_alternative_mapping.csv"", ""source_target_muscle_code"": ""CARDIO""}",mapping:ANKLE_FOOT:NRS_1_3:REX-000070:REX-000056:DISCOMFORT
cardio_gait_machine,cardio_gait_bodyweight,REX-000070,REX-000056,DISCOMFORT,SAME_GOAL,0,"[""ANKLE_FOOT"",""KNEE""]","[""HIP""]","[""ANKLE_FOOT"",""KNEE""]","[""HIP""]",BODYWEIGHT,HOME,alternative-rule-v2.0.0,alternative-set-v2.0.0,DOMAIN_APPROVED,false,A_TO_B,1,3,LOAD_REDUCED,SAME_GOAL_LOWER_LOAD_ROM_EASIER_VARIANT,"{""alternative_target_muscle_code"": ""CARDIO"", ""body_area_code"": ""HIP"", ""score_band_code"": ""NRS_1_3"", ""selection_basis"": ""DOMAIN_APPROVED_SCORE_BAND_AND_TARGET_MUSCLE_POLICY"", ""source_path"": ""normalized/v2_discomfort_alternative_mapping.csv"", ""source_target_muscle_code"": ""CARDIO""}",mapping:HIP:NRS_1_3:REX-000070:REX-000056:DISCOMFORT
cardio_gait_machine,cardio_gait_bodyweight,REX-000070,REX-000056,DISCOMFORT,SAME_GOAL,0,"[""ANKLE_FOOT"",""KNEE""]","[""HIP""]","[""ANKLE_FOOT"",""KNEE""]","[""HIP""]",BODYWEIGHT,HOME,alternative-rule-v2.0.0,alternative-set-v2.0.0,DOMAIN_APPROVED,false,A_TO_B,1,3,LOAD_REDUCED,SAME_GOAL_LOWER_LOAD_ROM_EASIER_VARIANT,"{""alternative_target_muscle_code"": ""CARDIO"", ""body_area_code"": ""KNEE"", ""score_band_code"": ""NRS_1_3"", ""selection_basis"": ""DOMAIN_APPROVED_SCORE_BAND_AND_TARGET_MUSCLE_POLICY"", ""source_path"": ""normalized/v2_discomfort_alternative_mapping.csv"", ""source_target_muscle_code"": ""CARDIO""}",mapping:KNEE:NRS_1_3:REX-000070:REX-000056:DISCOMFORT
cardio_gait_machine,cardio_gait_bodyweight,REX-000070,REX-000056,LOCATION,CARDIO_ENDURANCE,0,"[""ANKLE_FOOT"",""KNEE""]","[""HIP""]","[""ANKLE_FOOT"",""KNEE""]","[""HIP""]",BODYWEIGHT,HOME,alternative-rule-v2.0.0,alternative-set-v2.0.0,DOMAIN_APPROVED,false,A_TO_B,,,,,"{""legacy_relationship_type"": ""CONSTRAINT"", ""selection_basis"": ""REX_ENDPOINT_AND_V2_CATALOG_RECHECK"", ""source_path"": ""generated/exercise-alternatives-v0.3.0/alternative_relationships.csv""}",NEX-000170:NEX-000171:CONSTRAINT
cardio_gait_machine_rex_000071,cardio_gait_machine,REX-000071,REX-000070,DIFFICULTY,CARDIO_ENDURANCE,-1,"[""ANKLE_FOOT"",""KNEE""]","[""HIP""]","[""ANKLE_FOOT"",""KNEE""]","[""HIP""]",MACHINE,GYM,alternative-rule-v2.0.0,alternative-set-v2.0.0,DOMAIN_APPROVED,false,A_TO_B,,,,,"{""legacy_relationship_type"": ""INTENSITY"", ""selection_basis"": ""REX_ENDPOINT_AND_V2_CATALOG_RECHECK"", ""source_path"": ""generated/exercise-alternatives-v0.3.0/alternative_relationships.csv""}",NEX-000151:NEX-000170:INTENSITY
cardio_gait_machine_rex_000071,bodyweight_crunch_core_brace_bodyweight,REX-000071,REX-000009,DISCOMFORT,ACTIVE_RECOVERY,-1,"[""ANKLE_FOOT"",""KNEE""]","[""HIP""]","[""ABDOMEN""]","[""LOWER_BACK""]",BODYWEIGHT,HOME|GYM,alternative-rule-v2.0.0,alternative-set-v2.0.0,DOMAIN_APPROVED,false,A_TO_B,4,6,SKIP_AFFECTED_AREA,AVOID_PAIN_AREA_ACTIVE_RECOVERY,"{""alternative_target_muscle_code"": ""CORE"", ""body_area_code"": ""ANKLE_FOOT"", ""score_band_code"": ""NRS_4_6"", ""selection_basis"": ""DOMAIN_APPROVED_SCORE_BAND_AND_TARGET_MUSCLE_POLICY"", ""source_path"": ""normalized/v2_discomfort_alternative_mapping.csv"", ""source_target_muscle_code"": ""CARDIO""}",mapping:ANKLE_FOOT:NRS_4_6:REX-000071:REX-000009:DISCOMFORT
cardio_gait_machine_rex_000071,bodyweight_crunch_core_brace_bodyweight,REX-000071,REX-000009,DISCOMFORT,ACTIVE_RECOVERY,-1,"[""ANKLE_FOOT"",""KNEE""]","[""HIP""]","[""ABDOMEN""]","[""LOWER_BACK""]",BODYWEIGHT,HOME|GYM,alternative-rule-v2.0.0,alternative-set-v2.0.0,DOMAIN_APPROVED,false,A_TO_B,4,6,SKIP_AFFECTED_AREA,AVOID_PAIN_AREA_ACTIVE_RECOVERY,"{""alternative_target_muscle_code"": ""CORE"", ""body_area_code"": ""HIP"", ""score_band_code"": ""NRS_4_6"", ""selection_basis"": ""DOMAIN_APPROVED_SCORE_BAND_AND_TARGET_MUSCLE_POLICY"", ""source_path"": ""normalized/v2_discomfort_alternative_mapping.csv"", ""source_target_muscle_code"": ""CARDIO""}",mapping:HIP:NRS_4_6:REX-000071:REX-000009:DISCOMFORT
cardio_gait_machine_rex_000071,bodyweight_crunch_core_brace_bodyweight,REX-000071,REX-000009,DISCOMFORT,ACTIVE_RECOVERY,-1,"[""ANKLE_FOOT"",""KNEE""]","[""HIP""]","[""ABDOMEN""]","[""LOWER_BACK""]",BODYWEIGHT,HOME|GYM,alternative-rule-v2.0.0,alternative-set-v2.0.0,DOMAIN_APPROVED,false,A_TO_B,4,6,SKIP_AFFECTED_AREA,AVOID_PAIN_AREA_ACTIVE_RECOVERY,"{""alternative_target_muscle_code"": ""CORE"", ""body_area_code"": ""KNEE"", ""score_band_code"": ""NRS_4_6"", ""selection_basis"": ""DOMAIN_APPROVED_SCORE_BAND_AND_TARGET_MUSCLE_POLICY"", ""source_path"": ""normalized/v2_discomfort_alternative_mapping.csv"", ""source_target_muscle_code"": ""CARDIO""}",mapping:KNEE:NRS_4_6:REX-000071:REX-000009:DISCOMFORT
cardio_gait_machine_rex_000071,cardio_gait_bodyweight,REX-000071,REX-000056,DISCOMFORT,SAME_GOAL,-1,"[""ANKLE_FOOT"",""KNEE""]","[""HIP""]","[""ANKLE_FOOT"",""KNEE""]","[""HIP""]",BODYWEIGHT,HOME,alternative-rule-v2.0.0,alternative-set-v2.0.0,DOMAIN_APPROVED,false,A_TO_B,1,3,LOAD_REDUCED,SAME_GOAL_LOWER_LOAD_ROM_EASIER_VARIANT,"{""alternative_target_muscle_code"": ""CARDIO"", ""body_area_code"": ""ANKLE_FOOT"", ""score_band_code"": ""NRS_1_3"", ""selection_basis"": ""DOMAIN_APPROVED_SCORE_BAND_AND_TARGET_MUSCLE_POLICY"", ""source_path"": ""normalized/v2_discomfort_alternative_mapping.csv"", ""source_target_muscle_code"": ""CARDIO""}",mapping:ANKLE_FOOT:NRS_1_3:REX-000071:REX-000056:DISCOMFORT
cardio_gait_machine_rex_000071,cardio_gait_bodyweight,REX-000071,REX-000056,DISCOMFORT,SAME_GOAL,-1,"[""ANKLE_FOOT"",""KNEE""]","[""HIP""]","[""ANKLE_FOOT"",""KNEE""]","[""HIP""]",BODYWEIGHT,HOME,alternative-rule-v2.0.0,alternative-set-v2.0.0,DOMAIN_APPROVED,false,A_TO_B,1,3,LOAD_REDUCED,SAME_GOAL_LOWER_LOAD_ROM_EASIER_VARIANT,"{""alternative_target_muscle_code"": ""CARDIO"", ""body_area_code"": ""HIP"", ""score_band_code"": ""NRS_1_3"", ""selection_basis"": ""DOMAIN_APPROVED_SCORE_BAND_AND_TARGET_MUSCLE_POLICY"", ""source_path"": ""normalized/v2_discomfort_alternative_mapping.csv"", ""source_target_muscle_code"": ""CARDIO""}",mapping:HIP:NRS_1_3:REX-000071:REX-000056:DISCOMFORT
cardio_gait_machine_rex_000071,cardio_gait_bodyweight,REX-000071,REX-000056,DISCOMFORT,SAME_GOAL,-1,"[""ANKLE_FOOT"",""KNEE""]","[""HIP""]","[""ANKLE_FOOT"",""KNEE""]","[""HIP""]",BODYWEIGHT,HOME,alternative-rule-v2.0.0,alternative-set-v2.0.0,DOMAIN_APPROVED,false,A_TO_B,1,3,LOAD_REDUCED,SAME_GOAL_LOWER_LOAD_ROM_EASIER_VARIANT,"{""alternative_target_muscle_code"": ""CARDIO"", ""body_area_code"": ""KNEE"", ""score_band_code"": ""NRS_1_3"", ""selection_basis"": ""DOMAIN_APPROVED_SCORE_BAND_AND_TARGET_MUSCLE_POLICY"", ""source_path"": ""normalized/v2_discomfort_alternative_mapping.csv"", ""source_target_muscle_code"": ""CARDIO""}",mapping:KNEE:NRS_1_3:REX-000071:REX-000056:DISCOMFORT
cardio_gait_machine_rex_000071,cardio_gait_bodyweight,REX-000071,REX-000056,LOCATION,CARDIO_ENDURANCE,-1,"[""ANKLE_FOOT"",""KNEE""]","[""HIP""]","[""ANKLE_FOOT"",""KNEE""]","[""HIP""]",BODYWEIGHT,HOME,alternative-rule-v2.0.0,alternative-set-v2.0.0,DOMAIN_APPROVED,false,A_TO_B,,,,,"{""legacy_relationship_type"": ""CONSTRAINT"", ""selection_basis"": ""REX_ENDPOINT_AND_V2_CATALOG_RECHECK"", ""source_path"": ""generated/exercise-alternatives-v0.3.0/alternative_relationships.csv""}",NEX-000151:NEX-000171:CONSTRAINT
cardio_gait_machine_rex_000071,cardio_gait_step_box,REX-000071,REX-000068,LOCATION,CARDIO_ENDURANCE,-1,"[""ANKLE_FOOT"",""KNEE""]","[""HIP""]","[""ANKLE_FOOT"",""KNEE""]","[""HIP""]",STEP_BOX,HOME,alternative-rule-v2.0.0,alternative-set-v2.0.0,DOMAIN_APPROVED,false,A_TO_B,,,,,"{""legacy_relationship_type"": ""CONSTRAINT"", ""selection_basis"": ""REX_ENDPOINT_AND_V2_CATALOG_RECHECK"", ""source_path"": ""generated/exercise-alternatives-v0.3.0/alternative_relationships.csv""}",NEX-000151:NEX-000172:CONSTRAINT
cardio_elliptical_elliptical_machine,bodyweight_crunch_core_brace_bodyweight,REX-000072,REX-000009,DISCOMFORT,ACTIVE_RECOVERY,0,"[""KNEE"",""HIP""]","[""ANKLE_FOOT""]","[""ABDOMEN""]","[""LOWER_BACK""]",BODYWEIGHT,HOME|GYM,alternative-rule-v2.0.0,alternative-set-v2.0.0,DOMAIN_APPROVED,false,A_TO_B,4,6,SKIP_AFFECTED_AREA,AVOID_PAIN_AREA_ACTIVE_RECOVERY,"{""alternative_target_muscle_code"": ""CORE"", ""body_area_code"": ""ANKLE_FOOT"", ""score_band_code"": ""NRS_4_6"", ""selection_basis"": ""DOMAIN_APPROVED_SCORE_BAND_AND_TARGET_MUSCLE_POLICY"", ""source_path"": ""normalized/v2_discomfort_alternative_mapping.csv"", ""source_target_muscle_code"": ""CARDIO""}",mapping:ANKLE_FOOT:NRS_4_6:REX-000072:REX-000009:DISCOMFORT
cardio_elliptical_elliptical_machine,bodyweight_crunch_core_brace_bodyweight,REX-000072,REX-000009,DISCOMFORT,ACTIVE_RECOVERY,0,"[""KNEE"",""HIP""]","[""ANKLE_FOOT""]","[""ABDOMEN""]","[""LOWER_BACK""]",BODYWEIGHT,HOME|GYM,alternative-rule-v2.0.0,alternative-set-v2.0.0,DOMAIN_APPROVED,false,A_TO_B,4,6,SKIP_AFFECTED_AREA,AVOID_PAIN_AREA_ACTIVE_RECOVERY,"{""alternative_target_muscle_code"": ""CORE"", ""body_area_code"": ""HIP"", ""score_band_code"": ""NRS_4_6"", ""selection_basis"": ""DOMAIN_APPROVED_SCORE_BAND_AND_TARGET_MUSCLE_POLICY"", ""source_path"": ""normalized/v2_discomfort_alternative_mapping.csv"", ""source_target_muscle_code"": ""CARDIO""}",mapping:HIP:NRS_4_6:REX-000072:REX-000009:DISCOMFORT
cardio_elliptical_elliptical_machine,bodyweight_crunch_core_brace_bodyweight,REX-000072,REX-000009,DISCOMFORT,ACTIVE_RECOVERY,0,"[""KNEE"",""HIP""]","[""ANKLE_FOOT""]","[""ABDOMEN""]","[""LOWER_BACK""]",BODYWEIGHT,HOME|GYM,alternative-rule-v2.0.0,alternative-set-v2.0.0,DOMAIN_APPROVED,false,A_TO_B,4,6,SKIP_AFFECTED_AREA,AVOID_PAIN_AREA_ACTIVE_RECOVERY,"{""alternative_target_muscle_code"": ""CORE"", ""body_area_code"": ""KNEE"", ""score_band_code"": ""NRS_4_6"", ""selection_basis"": ""DOMAIN_APPROVED_SCORE_BAND_AND_TARGET_MUSCLE_POLICY"", ""source_path"": ""normalized/v2_discomfort_alternative_mapping.csv"", ""source_target_muscle_code"": ""CARDIO""}",mapping:KNEE:NRS_4_6:REX-000072:REX-000009:DISCOMFORT
cardio_elliptical_elliptical_machine,cardio_gait_bodyweight,REX-000072,REX-000056,DISCOMFORT,SAME_GOAL,0,"[""KNEE"",""HIP""]","[""ANKLE_FOOT""]","[""ANKLE_FOOT"",""KNEE""]","[""HIP""]",BODYWEIGHT,HOME,alternative-rule-v2.0.0,alternative-set-v2.0.0,DOMAIN_APPROVED,false,A_TO_B,1,3,LOAD_REDUCED,SAME_GOAL_LOWER_LOAD_ROM_EASIER_VARIANT,"{""alternative_target_muscle_code"": ""CARDIO"", ""body_area_code"": ""ANKLE_FOOT"", ""score_band_code"": ""NRS_1_3"", ""selection_basis"": ""DOMAIN_APPROVED_SCORE_BAND_AND_TARGET_MUSCLE_POLICY"", ""source_path"": ""normalized/v2_discomfort_alternative_mapping.csv"", ""source_target_muscle_code"": ""CARDIO""}",mapping:ANKLE_FOOT:NRS_1_3:REX-000072:REX-000056:DISCOMFORT
cardio_elliptical_elliptical_machine,cardio_gait_bodyweight,REX-000072,REX-000056,DISCOMFORT,SAME_GOAL,0,"[""KNEE"",""HIP""]","[""ANKLE_FOOT""]","[""ANKLE_FOOT"",""KNEE""]","[""HIP""]",BODYWEIGHT,HOME,alternative-rule-v2.0.0,alternative-set-v2.0.0,DOMAIN_APPROVED,false,A_TO_B,1,3,LOAD_REDUCED,SAME_GOAL_LOWER_LOAD_ROM_EASIER_VARIANT,"{""alternative_target_muscle_code"": ""CARDIO"", ""body_area_code"": ""HIP"", ""score_band_code"": ""NRS_1_3"", ""selection_basis"": ""DOMAIN_APPROVED_SCORE_BAND_AND_TARGET_MUSCLE_POLICY"", ""source_path"": ""normalized/v2_discomfort_alternative_mapping.csv"", ""source_target_muscle_code"": ""CARDIO""}",mapping:HIP:NRS_1_3:REX-000072:REX-000056:DISCOMFORT
cardio_elliptical_elliptical_machine,cardio_gait_bodyweight,REX-000072,REX-000056,DISCOMFORT,SAME_GOAL,0,"[""KNEE"",""HIP""]","[""ANKLE_FOOT""]","[""ANKLE_FOOT"",""KNEE""]","[""HIP""]",BODYWEIGHT,HOME,alternative-rule-v2.0.0,alternative-set-v2.0.0,DOMAIN_APPROVED,false,A_TO_B,1,3,LOAD_REDUCED,SAME_GOAL_LOWER_LOAD_ROM_EASIER_VARIANT,"{""alternative_target_muscle_code"": ""CARDIO"", ""body_area_code"": ""KNEE"", ""score_band_code"": ""NRS_1_3"", ""selection_basis"": ""DOMAIN_APPROVED_SCORE_BAND_AND_TARGET_MUSCLE_POLICY"", ""source_path"": ""normalized/v2_discomfort_alternative_mapping.csv"", ""source_target_muscle_code"": ""CARDIO""}",mapping:KNEE:NRS_1_3:REX-000072:REX-000056:DISCOMFORT
roller_back_stretch_mobility_stretch_foam_roller,ankle_circles_mobility_stretch_bodyweight,REX-000073,REX-000003,DISCOMFORT,SAME_GOAL,-1,"[""UPPER_BACK""]","[""LOWER_BACK""]","[""ANKLE_FOOT""]","[""KNEE""]",BODYWEIGHT,HOME|GYM,alternative-rule-v2.0.0,alternative-set-v2.0.0,DOMAIN_APPROVED,false,A_TO_B,1,3,LOAD_REDUCED,SAME_GOAL_LOWER_LOAD_ROM_EASIER_VARIANT,"{""alternative_target_muscle_code"": ""MOBILITY"", ""body_area_code"": ""LOWER_BACK"", ""score_band_code"": ""NRS_1_3"", ""selection_basis"": ""DOMAIN_APPROVED_SCORE_BAND_AND_TARGET_MUSCLE_POLICY"", ""source_path"": ""normalized/v2_discomfort_alternative_mapping.csv"", ""source_target_muscle_code"": ""MOBILITY""}",mapping:LOWER_BACK:NRS_1_3:REX-000073:REX-000003:DISCOMFORT
roller_back_stretch_mobility_stretch_foam_roller,ankle_circles_mobility_stretch_bodyweight,REX-000073,REX-000003,DISCOMFORT,SAME_GOAL,-1,"[""UPPER_BACK""]","[""LOWER_BACK""]","[""ANKLE_FOOT""]","[""KNEE""]",BODYWEIGHT,HOME|GYM,alternative-rule-v2.0.0,alternative-set-v2.0.0,DOMAIN_APPROVED,false,A_TO_B,1,3,LOAD_REDUCED,SAME_GOAL_LOWER_LOAD_ROM_EASIER_VARIANT,"{""alternative_target_muscle_code"": ""MOBILITY"", ""body_area_code"": ""UPPER_BACK"", ""score_band_code"": ""NRS_1_3"", ""selection_basis"": ""DOMAIN_APPROVED_SCORE_BAND_AND_TARGET_MUSCLE_POLICY"", ""source_path"": ""normalized/v2_discomfort_alternative_mapping.csv"", ""source_target_muscle_code"": ""MOBILITY""}",mapping:UPPER_BACK:NRS_1_3:REX-000073:REX-000003:DISCOMFORT
roller_back_stretch_mobility_stretch_foam_roller,bodyweight_crunch_core_brace_bodyweight,REX-000073,REX-000009,DISCOMFORT,ACTIVE_RECOVERY,-1,"[""UPPER_BACK""]","[""LOWER_BACK""]","[""ABDOMEN""]","[""LOWER_BACK""]",BODYWEIGHT,HOME|GYM,alternative-rule-v2.0.0,alternative-set-v2.0.0,DOMAIN_APPROVED,false,A_TO_B,4,6,SKIP_AFFECTED_AREA,AVOID_PAIN_AREA_ACTIVE_RECOVERY,"{""alternative_target_muscle_code"": ""CORE"", ""body_area_code"": ""UPPER_BACK"", ""score_band_code"": ""NRS_4_6"", ""selection_basis"": ""DOMAIN_APPROVED_SCORE_BAND_AND_TARGET_MUSCLE_POLICY"", ""source_path"": ""normalized/v2_discomfort_alternative_mapping.csv"", ""source_target_muscle_code"": ""MOBILITY""}",mapping:UPPER_BACK:NRS_4_6:REX-000073:REX-000009:DISCOMFORT
roller_back_stretch_mobility_stretch_foam_roller,bodyweight_standing_calf_raise_isolation_bodyweight,REX-000073,REX-000016,DISCOMFORT,ACTIVE_RECOVERY,-1,"[""UPPER_BACK""]","[""LOWER_BACK""]","[""ANKLE_FOOT""]","[""KNEE""]",BODYWEIGHT,HOME|GYM,alternative-rule-v2.0.0,alternative-set-v2.0.0,DOMAIN_APPROVED,false,A_TO_B,4,6,SKIP_AFFECTED_AREA,AVOID_PAIN_AREA_ACTIVE_RECOVERY,"{""alternative_target_muscle_code"": ""CALVES"", ""body_area_code"": ""LOWER_BACK"", ""score_band_code"": ""NRS_4_6"", ""selection_basis"": ""DOMAIN_APPROVED_SCORE_BAND_AND_TARGET_MUSCLE_POLICY"", ""source_path"": ""normalized/v2_discomfort_alternative_mapping.csv"", ""source_target_muscle_code"": ""MOBILITY""}",mapping:LOWER_BACK:NRS_4_6:REX-000073:REX-000016:DISCOMFORT
roller_back_stretch_mobility_stretch_foam_roller,spine_stretch_mobility_stretch_bodyweight,REX-000073,REX-000091,EQUIPMENT,MOBILITY_SPINE,-1,"[""UPPER_BACK""]","[""LOWER_BACK""]","[""UPPER_BACK"",""LOWER_BACK""]","[""ABDOMEN""]",BODYWEIGHT,HOME|GYM,alternative-rule-v2.0.0,alternative-set-v2.0.0,DOMAIN_APPROVED,false,A_TO_B,,,,,"{""legacy_relationship_type"": ""CONSTRAINT"", ""selection_basis"": ""REX_ENDPOINT_AND_V2_CATALOG_RECHECK"", ""source_path"": ""generated/exercise-alternatives-v0.3.0/alternative_relationships.csv""}",NEX-000147:NEX-000114:CONSTRAINT
roller_hip_stretch_mobility_stretch_foam_roller,ankle_circles_mobility_stretch_bodyweight,REX-000074,REX-000003,DISCOMFORT,SAME_GOAL,-1,"[""HIP""]","[""LOWER_BACK""]","[""ANKLE_FOOT""]","[""KNEE""]",BODYWEIGHT,HOME|GYM,alternative-rule-v2.0.0,alternative-set-v2.0.0,DOMAIN_APPROVED,false,A_TO_B,1,3,LOAD_REDUCED,SAME_GOAL_LOWER_LOAD_ROM_EASIER_VARIANT,"{""alternative_target_muscle_code"": ""MOBILITY"", ""body_area_code"": ""HIP"", ""score_band_code"": ""NRS_1_3"", ""selection_basis"": ""DOMAIN_APPROVED_SCORE_BAND_AND_TARGET_MUSCLE_POLICY"", ""source_path"": ""normalized/v2_discomfort_alternative_mapping.csv"", ""source_target_muscle_code"": ""MOBILITY""}",mapping:HIP:NRS_1_3:REX-000074:REX-000003:DISCOMFORT
roller_hip_stretch_mobility_stretch_foam_roller,ankle_circles_mobility_stretch_bodyweight,REX-000074,REX-000003,DISCOMFORT,SAME_GOAL,-1,"[""HIP""]","[""LOWER_BACK""]","[""ANKLE_FOOT""]","[""KNEE""]",BODYWEIGHT,HOME|GYM,alternative-rule-v2.0.0,alternative-set-v2.0.0,DOMAIN_APPROVED,false,A_TO_B,1,3,LOAD_REDUCED,SAME_GOAL_LOWER_LOAD_ROM_EASIER_VARIANT,"{""alternative_target_muscle_code"": ""MOBILITY"", ""body_area_code"": ""LOWER_BACK"", ""score_band_code"": ""NRS_1_3"", ""selection_basis"": ""DOMAIN_APPROVED_SCORE_BAND_AND_TARGET_MUSCLE_POLICY"", ""source_path"": ""normalized/v2_discomfort_alternative_mapping.csv"", ""source_target_muscle_code"": ""MOBILITY""}",mapping:LOWER_BACK:NRS_1_3:REX-000074:REX-000003:DISCOMFORT
roller_hip_stretch_mobility_stretch_foam_roller,bodyweight_crunch_core_brace_bodyweight,REX-000074,REX-000009,DISCOMFORT,ACTIVE_RECOVERY,-1,"[""HIP""]","[""LOWER_BACK""]","[""ABDOMEN""]","[""LOWER_BACK""]",BODYWEIGHT,HOME|GYM,alternative-rule-v2.0.0,alternative-set-v2.0.0,DOMAIN_APPROVED,false,A_TO_B,4,6,SKIP_AFFECTED_AREA,AVOID_PAIN_AREA_ACTIVE_RECOVERY,"{""alternative_target_muscle_code"": ""CORE"", ""body_area_code"": ""HIP"", ""score_band_code"": ""NRS_4_6"", ""selection_basis"": ""DOMAIN_APPROVED_SCORE_BAND_AND_TARGET_MUSCLE_POLICY"", ""source_path"": ""normalized/v2_discomfort_alternative_mapping.csv"", ""source_target_muscle_code"": ""MOBILITY""}",mapping:HIP:NRS_4_6:REX-000074:REX-000009:DISCOMFORT
roller_hip_stretch_mobility_stretch_foam_roller,bodyweight_standing_calf_raise_isolation_bodyweight,REX-000074,REX-000016,DISCOMFORT,ACTIVE_RECOVERY,-1,"[""HIP""]","[""LOWER_BACK""]","[""ANKLE_FOOT""]","[""KNEE""]",BODYWEIGHT,HOME|GYM,alternative-rule-v2.0.0,alternative-set-v2.0.0,DOMAIN_APPROVED,false,A_TO_B,4,6,SKIP_AFFECTED_AREA,AVOID_PAIN_AREA_ACTIVE_RECOVERY,"{""alternative_target_muscle_code"": ""CALVES"", ""body_area_code"": ""LOWER_BACK"", ""score_band_code"": ""NRS_4_6"", ""selection_basis"": ""DOMAIN_APPROVED_SCORE_BAND_AND_TARGET_MUSCLE_POLICY"", ""source_path"": ""normalized/v2_discomfort_alternative_mapping.csv"", ""source_target_muscle_code"": ""MOBILITY""}",mapping:LOWER_BACK:NRS_4_6:REX-000074:REX-000016:DISCOMFORT
roller_hip_stretch_mobility_stretch_foam_roller,seated_glute_stretch_mobility_stretch_bodyweight,REX-000074,REX-000082,EQUIPMENT,MOBILITY_GLUTE,-1,"[""HIP""]","[""LOWER_BACK""]","[""HIP""]","[""KNEE""]",BODYWEIGHT,HOME|GYM,alternative-rule-v2.0.0,alternative-set-v2.0.0,DOMAIN_APPROVED,false,A_TO_B,,,,,"{""legacy_relationship_type"": ""CONSTRAINT"", ""selection_basis"": ""REX_ENDPOINT_AND_V2_CATALOG_RECHECK"", ""source_path"": ""generated/exercise-alternatives-v0.3.0/alternative_relationships.csv""}",NEX-000145:NEX-000126:CONSTRAINT
roller_hip_stretch_mobility_stretch_foam_roller,seated_piriformis_stretch_mobility_stretch_bodyweight,REX-000074,REX-000085,EQUIPMENT,MOBILITY_GLUTE,-1,"[""HIP""]","[""LOWER_BACK""]","[""HIP""]","[""KNEE""]",BODYWEIGHT,HOME|GYM,alternative-rule-v2.0.0,alternative-set-v2.0.0,DOMAIN_APPROVED,false,A_TO_B,,,,,"{""legacy_relationship_type"": ""CONSTRAINT"", ""selection_basis"": ""REX_ENDPOINT_AND_V2_CATALOG_RECHECK"", ""source_path"": ""generated/exercise-alternatives-v0.3.0/alternative_relationships.csv""}",NEX-000145:NEX-000157:CONSTRAINT
rotation_variant_core_brace_cable_machine,bodyweight_crunch_core_brace_bodyweight,REX-000075,REX-000009,DISCOMFORT,SAME_GOAL,-1,"[""ABDOMEN""]","[""LOWER_BACK"",""SHOULDER""]","[""ABDOMEN""]","[""LOWER_BACK""]",BODYWEIGHT,HOME|GYM,alternative-rule-v2.0.0,alternative-set-v2.0.0,DOMAIN_APPROVED,false,A_TO_B,1,3,LOAD_REDUCED,SAME_GOAL_LOWER_LOAD_ROM_EASIER_VARIANT,"{""alternative_target_muscle_code"": ""CORE"", ""body_area_code"": ""ABDOMEN"", ""score_band_code"": ""NRS_1_3"", ""selection_basis"": ""DOMAIN_APPROVED_SCORE_BAND_AND_TARGET_MUSCLE_POLICY"", ""source_path"": ""normalized/v2_discomfort_alternative_mapping.csv"", ""source_target_muscle_code"": ""CORE""}",mapping:ABDOMEN:NRS_1_3:REX-000075:REX-000009:DISCOMFORT
rotation_variant_core_brace_cable_machine,bodyweight_crunch_core_brace_bodyweight,REX-000075,REX-000009,DISCOMFORT,SAME_GOAL,-1,"[""ABDOMEN""]","[""LOWER_BACK"",""SHOULDER""]","[""ABDOMEN""]","[""LOWER_BACK""]",BODYWEIGHT,HOME|GYM,alternative-rule-v2.0.0,alternative-set-v2.0.0,DOMAIN_APPROVED,false,A_TO_B,1,3,LOAD_REDUCED,SAME_GOAL_LOWER_LOAD_ROM_EASIER_VARIANT,"{""alternative_target_muscle_code"": ""CORE"", ""body_area_code"": ""LOWER_BACK"", ""score_band_code"": ""NRS_1_3"", ""selection_basis"": ""DOMAIN_APPROVED_SCORE_BAND_AND_TARGET_MUSCLE_POLICY"", ""source_path"": ""normalized/v2_discomfort_alternative_mapping.csv"", ""source_target_muscle_code"": ""CORE""}",mapping:LOWER_BACK:NRS_1_3:REX-000075:REX-000009:DISCOMFORT
rotation_variant_core_brace_cable_machine,bodyweight_crunch_core_brace_bodyweight,REX-000075,REX-000009,DISCOMFORT,SAME_GOAL,-1,"[""ABDOMEN""]","[""LOWER_BACK"",""SHOULDER""]","[""ABDOMEN""]","[""LOWER_BACK""]",BODYWEIGHT,HOME|GYM,alternative-rule-v2.0.0,alternative-set-v2.0.0,DOMAIN_APPROVED,false,A_TO_B,1,3,LOAD_REDUCED,SAME_GOAL_LOWER_LOAD_ROM_EASIER_VARIANT,"{""alternative_target_muscle_code"": ""CORE"", ""body_area_code"": ""SHOULDER"", ""score_band_code"": ""NRS_1_3"", ""selection_basis"": ""DOMAIN_APPROVED_SCORE_BAND_AND_TARGET_MUSCLE_POLICY"", ""source_path"": ""normalized/v2_discomfort_alternative_mapping.csv"", ""source_target_muscle_code"": ""CORE""}",mapping:SHOULDER:NRS_1_3:REX-000075:REX-000009:DISCOMFORT
rotation_variant_core_brace_cable_machine,bodyweight_crunch_core_brace_bodyweight,REX-000075,REX-000009,DISCOMFORT,ACTIVE_RECOVERY,-1,"[""ABDOMEN""]","[""LOWER_BACK"",""SHOULDER""]","[""ABDOMEN""]","[""LOWER_BACK""]",BODYWEIGHT,HOME|GYM,alternative-rule-v2.0.0,alternative-set-v2.0.0,DOMAIN_APPROVED,false,A_TO_B,4,6,SKIP_AFFECTED_AREA,AVOID_PAIN_AREA_ACTIVE_RECOVERY,"{""alternative_target_muscle_code"": ""CORE"", ""body_area_code"": ""SHOULDER"", ""score_band_code"": ""NRS_4_6"", ""selection_basis"": ""DOMAIN_APPROVED_SCORE_BAND_AND_TARGET_MUSCLE_POLICY"", ""source_path"": ""normalized/v2_discomfort_alternative_mapping.csv"", ""source_target_muscle_code"": ""CORE""}",mapping:SHOULDER:NRS_4_6:REX-000075:REX-000009:DISCOMFORT
rotation_variant_core_brace_cable_machine,bodyweight_standing_calf_raise_isolation_bodyweight,REX-000075,REX-000016,DISCOMFORT,ACTIVE_RECOVERY,-1,"[""ABDOMEN""]","[""LOWER_BACK"",""SHOULDER""]","[""ANKLE_FOOT""]","[""KNEE""]",BODYWEIGHT,HOME|GYM,alternative-rule-v2.0.0,alternative-set-v2.0.0,DOMAIN_APPROVED,false,A_TO_B,4,6,SKIP_AFFECTED_AREA,AVOID_PAIN_AREA_ACTIVE_RECOVERY,"{""alternative_target_muscle_code"": ""CALVES"", ""body_area_code"": ""ABDOMEN"", ""score_band_code"": ""NRS_4_6"", ""selection_basis"": ""DOMAIN_APPROVED_SCORE_BAND_AND_TARGET_MUSCLE_POLICY"", ""source_path"": ""normalized/v2_discomfort_alternative_mapping.csv"", ""source_target_muscle_code"": ""CORE""}",mapping:ABDOMEN:NRS_4_6:REX-000075:REX-000016:DISCOMFORT
rotation_variant_core_brace_cable_machine,bodyweight_standing_calf_raise_isolation_bodyweight,REX-000075,REX-000016,DISCOMFORT,ACTIVE_RECOVERY,-1,"[""ABDOMEN""]","[""LOWER_BACK"",""SHOULDER""]","[""ANKLE_FOOT""]","[""KNEE""]",BODYWEIGHT,HOME|GYM,alternative-rule-v2.0.0,alternative-set-v2.0.0,DOMAIN_APPROVED,false,A_TO_B,4,6,SKIP_AFFECTED_AREA,AVOID_PAIN_AREA_ACTIVE_RECOVERY,"{""alternative_target_muscle_code"": ""CALVES"", ""body_area_code"": ""LOWER_BACK"", ""score_band_code"": ""NRS_4_6"", ""selection_basis"": ""DOMAIN_APPROVED_SCORE_BAND_AND_TARGET_MUSCLE_POLICY"", ""source_path"": ""normalized/v2_discomfort_alternative_mapping.csv"", ""source_target_muscle_code"": ""CORE""}",mapping:LOWER_BACK:NRS_4_6:REX-000075:REX-000016:DISCOMFORT
rotation_variant_core_brace_cable_machine,bodyweight_reverse_crunch_core_brace_bodyweight,REX-000075,REX-000013,LOCATION,CORE_STABILITY,0,"[""ABDOMEN""]","[""LOWER_BACK"",""SHOULDER""]","[""ABDOMEN""]","[""LOWER_BACK""]",BODYWEIGHT,HOME|GYM,alternative-rule-v2.0.0,alternative-set-v2.0.0,DOMAIN_APPROVED,false,A_TO_B,,,,,"{""legacy_relationship_type"": ""CONSTRAINT"", ""selection_basis"": ""REX_ENDPOINT_AND_V2_CATALOG_RECHECK"", ""source_path"": ""generated/exercise-alternatives-v0.3.0/alternative_relationships.csv""}",NEX-000096:NEX-000094:CONSTRAINT
rotation_variant_core_brace_cable_machine,lower_back_curl_core_brace_bodyweight,REX-000075,REX-000043,LOCATION,CORE_STABILITY,0,"[""ABDOMEN""]","[""LOWER_BACK"",""SHOULDER""]","[""LOWER_BACK""]","[""UPPER_BACK""]",BODYWEIGHT,HOME|GYM,alternative-rule-v2.0.0,alternative-set-v2.0.0,DOMAIN_APPROVED,false,A_TO_B,,,,,"{""legacy_relationship_type"": ""CONSTRAINT"", ""selection_basis"": ""REX_ENDPOINT_AND_V2_CATALOG_RECHECK"", ""source_path"": ""generated/exercise-alternatives-v0.3.0/alternative_relationships.csv""}",NEX-000187:NEX-000112:CONSTRAINT
row_variant_horizontal_pull_cable_machine,bodyweight_crunch_core_brace_bodyweight,REX-000076,REX-000009,DISCOMFORT,ACTIVE_RECOVERY,0,"[""UPPER_BACK""]","[""ELBOW"",""SHOULDER""]","[""ABDOMEN""]","[""LOWER_BACK""]",BODYWEIGHT,HOME|GYM,alternative-rule-v2.0.0,alternative-set-v2.0.0,DOMAIN_APPROVED,false,A_TO_B,4,6,SKIP_AFFECTED_AREA,AVOID_PAIN_AREA_ACTIVE_RECOVERY,"{""alternative_target_muscle_code"": ""CORE"", ""body_area_code"": ""ELBOW"", ""score_band_code"": ""NRS_4_6"", ""selection_basis"": ""DOMAIN_APPROVED_SCORE_BAND_AND_TARGET_MUSCLE_POLICY"", ""source_path"": ""normalized/v2_discomfort_alternative_mapping.csv"", ""source_target_muscle_code"": ""BACK""}",mapping:ELBOW:NRS_4_6:REX-000076:REX-000009:DISCOMFORT
row_variant_horizontal_pull_cable_machine,bodyweight_crunch_core_brace_bodyweight,REX-000076,REX-000009,DISCOMFORT,ACTIVE_RECOVERY,0,"[""UPPER_BACK""]","[""ELBOW"",""SHOULDER""]","[""ABDOMEN""]","[""LOWER_BACK""]",BODYWEIGHT,HOME|GYM,alternative-rule-v2.0.0,alternative-set-v2.0.0,DOMAIN_APPROVED,false,A_TO_B,4,6,SKIP_AFFECTED_AREA,AVOID_PAIN_AREA_ACTIVE_RECOVERY,"{""alternative_target_muscle_code"": ""CORE"", ""body_area_code"": ""SHOULDER"", ""score_band_code"": ""NRS_4_6"", ""selection_basis"": ""DOMAIN_APPROVED_SCORE_BAND_AND_TARGET_MUSCLE_POLICY"", ""source_path"": ""normalized/v2_discomfort_alternative_mapping.csv"", ""source_target_muscle_code"": ""BACK""}",mapping:SHOULDER:NRS_4_6:REX-000076:REX-000009:DISCOMFORT
row_variant_horizontal_pull_cable_machine,bodyweight_crunch_core_brace_bodyweight,REX-000076,REX-000009,DISCOMFORT,ACTIVE_RECOVERY,0,"[""UPPER_BACK""]","[""ELBOW"",""SHOULDER""]","[""ABDOMEN""]","[""LOWER_BACK""]",BODYWEIGHT,HOME|GYM,alternative-rule-v2.0.0,alternative-set-v2.0.0,DOMAIN_APPROVED,false,A_TO_B,4,6,SKIP_AFFECTED_AREA,AVOID_PAIN_AREA_ACTIVE_RECOVERY,"{""alternative_target_muscle_code"": ""CORE"", ""body_area_code"": ""UPPER_BACK"", ""score_band_code"": ""NRS_4_6"", ""selection_basis"": ""DOMAIN_APPROVED_SCORE_BAND_AND_TARGET_MUSCLE_POLICY"", ""source_path"": ""normalized/v2_discomfort_alternative_mapping.csv"", ""source_target_muscle_code"": ""BACK""}",mapping:UPPER_BACK:NRS_4_6:REX-000076:REX-000009:DISCOMFORT
row_variant_horizontal_pull_cable_machine,seated_cable_row_horizontal_pull_cable_machine,REX-000076,REX-000079,DISCOMFORT,SAME_GOAL,0,"[""UPPER_BACK""]","[""ELBOW"",""SHOULDER""]","[""UPPER_BACK""]","[""SHOULDER"",""ELBOW""]",CABLE_MACHINE,GYM,alternative-rule-v2.0.0,alternative-set-v2.0.0,DOMAIN_APPROVED,false,A_TO_B,1,3,LOAD_REDUCED,SAME_GOAL_LOWER_LOAD_ROM_EASIER_VARIANT,"{""alternative_target_muscle_code"": ""BACK"", ""body_area_code"": ""ELBOW"", ""score_band_code"": ""NRS_1_3"", ""selection_basis"": ""DOMAIN_APPROVED_SCORE_BAND_AND_TARGET_MUSCLE_POLICY"", ""source_path"": ""normalized/v2_discomfort_alternative_mapping.csv"", ""source_target_muscle_code"": ""BACK""}",mapping:ELBOW:NRS_1_3:REX-000076:REX-000079:DISCOMFORT
row_variant_horizontal_pull_cable_machine,seated_cable_row_horizontal_pull_cable_machine,REX-000076,REX-000079,DISCOMFORT,SAME_GOAL,0,"[""UPPER_BACK""]","[""ELBOW"",""SHOULDER""]","[""UPPER_BACK""]","[""SHOULDER"",""ELBOW""]",CABLE_MACHINE,GYM,alternative-rule-v2.0.0,alternative-set-v2.0.0,DOMAIN_APPROVED,false,A_TO_B,1,3,LOAD_REDUCED,SAME_GOAL_LOWER_LOAD_ROM_EASIER_VARIANT,"{""alternative_target_muscle_code"": ""BACK"", ""body_area_code"": ""SHOULDER"", ""score_band_code"": ""NRS_1_3"", ""selection_basis"": ""DOMAIN_APPROVED_SCORE_BAND_AND_TARGET_MUSCLE_POLICY"", ""source_path"": ""normalized/v2_discomfort_alternative_mapping.csv"", ""source_target_muscle_code"": ""BACK""}",mapping:SHOULDER:NRS_1_3:REX-000076:REX-000079:DISCOMFORT
row_variant_horizontal_pull_cable_machine,seated_cable_row_horizontal_pull_cable_machine,REX-000076,REX-000079,DISCOMFORT,SAME_GOAL,0,"[""UPPER_BACK""]","[""ELBOW"",""SHOULDER""]","[""UPPER_BACK""]","[""SHOULDER"",""ELBOW""]",CABLE_MACHINE,GYM,alternative-rule-v2.0.0,alternative-set-v2.0.0,DOMAIN_APPROVED,false,A_TO_B,1,3,LOAD_REDUCED,SAME_GOAL_LOWER_LOAD_ROM_EASIER_VARIANT,"{""alternative_target_muscle_code"": ""BACK"", ""body_area_code"": ""UPPER_BACK"", ""score_band_code"": ""NRS_1_3"", ""selection_basis"": ""DOMAIN_APPROVED_SCORE_BAND_AND_TARGET_MUSCLE_POLICY"", ""source_path"": ""normalized/v2_discomfort_alternative_mapping.csv"", ""source_target_muscle_code"": ""BACK""}",mapping:UPPER_BACK:NRS_1_3:REX-000076:REX-000079:DISCOMFORT
row_variant_horizontal_pull_cable_machine,inverted_row_horizontal_pull_bodyweight,REX-000076,REX-000038,LOCATION,HORIZONTAL_PULL_STRENGTH,0,"[""UPPER_BACK""]","[""ELBOW"",""SHOULDER""]","[""UPPER_BACK""]","[""ELBOW"",""SHOULDER""]",BODYWEIGHT,HOME|GYM,alternative-rule-v2.0.0,alternative-set-v2.0.0,DOMAIN_APPROVED,false,A_TO_B,,,,,"{""legacy_relationship_type"": ""CONSTRAINT"", ""selection_basis"": ""REX_ENDPOINT_AND_V2_CATALOG_RECHECK"", ""source_path"": ""generated/exercise-alternatives-v0.3.0/alternative_relationships.csv""}",NEX-000184:NEX-000067:CONSTRAINT
runners_stretch_mobility_stretch_bodyweight,ankle_circles_mobility_stretch_bodyweight,REX-000077,REX-000003,DISCOMFORT,SAME_GOAL,0,"[""ANKLE_FOOT"",""KNEE""]","[""HIP""]","[""ANKLE_FOOT""]","[""KNEE""]",BODYWEIGHT,HOME|GYM,alternative-rule-v2.0.0,alternative-set-v2.0.0,DOMAIN_APPROVED,false,A_TO_B,1,3,LOAD_REDUCED,SAME_GOAL_LOWER_LOAD_ROM_EASIER_VARIANT,"{""alternative_target_muscle_code"": ""MOBILITY"", ""body_area_code"": ""ANKLE_FOOT"", ""score_band_code"": ""NRS_1_3"", ""selection_basis"": ""DOMAIN_APPROVED_SCORE_BAND_AND_TARGET_MUSCLE_POLICY"", ""source_path"": ""normalized/v2_discomfort_alternative_mapping.csv"", ""source_target_muscle_code"": ""MOBILITY""}",mapping:ANKLE_FOOT:NRS_1_3:REX-000077:REX-000003:DISCOMFORT
runners_stretch_mobility_stretch_bodyweight,ankle_circles_mobility_stretch_bodyweight,REX-000077,REX-000003,DISCOMFORT,SAME_GOAL,0,"[""ANKLE_FOOT"",""KNEE""]","[""HIP""]","[""ANKLE_FOOT""]","[""KNEE""]",BODYWEIGHT,HOME|GYM,alternative-rule-v2.0.0,alternative-set-v2.0.0,DOMAIN_APPROVED,false,A_TO_B,1,3,LOAD_REDUCED,SAME_GOAL_LOWER_LOAD_ROM_EASIER_VARIANT,"{""alternative_target_muscle_code"": ""MOBILITY"", ""body_area_code"": ""HIP"", ""score_band_code"": ""NRS_1_3"", ""selection_basis"": ""DOMAIN_APPROVED_SCORE_BAND_AND_TARGET_MUSCLE_POLICY"", ""source_path"": ""normalized/v2_discomfort_alternative_mapping.csv"", ""source_target_muscle_code"": ""MOBILITY""}",mapping:HIP:NRS_1_3:REX-000077:REX-000003:DISCOMFORT
runners_stretch_mobility_stretch_bodyweight,ankle_circles_mobility_stretch_bodyweight,REX-000077,REX-000003,DISCOMFORT,SAME_GOAL,0,"[""ANKLE_FOOT"",""KNEE""]","[""HIP""]","[""ANKLE_FOOT""]","[""KNEE""]",BODYWEIGHT,HOME|GYM,alternative-rule-v2.0.0,alternative-set-v2.0.0,DOMAIN_APPROVED,false,A_TO_B,1,3,LOAD_REDUCED,SAME_GOAL_LOWER_LOAD_ROM_EASIER_VARIANT,"{""alternative_target_muscle_code"": ""MOBILITY"", ""body_area_code"": ""KNEE"", ""score_band_code"": ""NRS_1_3"", ""selection_basis"": ""DOMAIN_APPROVED_SCORE_BAND_AND_TARGET_MUSCLE_POLICY"", ""source_path"": ""normalized/v2_discomfort_alternative_mapping.csv"", ""source_target_muscle_code"": ""MOBILITY""}",mapping:KNEE:NRS_1_3:REX-000077:REX-000003:DISCOMFORT
runners_stretch_mobility_stretch_bodyweight,bodyweight_crunch_core_brace_bodyweight,REX-000077,REX-000009,DISCOMFORT,ACTIVE_RECOVERY,0,"[""ANKLE_FOOT"",""KNEE""]","[""HIP""]","[""ABDOMEN""]","[""LOWER_BACK""]",BODYWEIGHT,HOME|GYM,alternative-rule-v2.0.0,alternative-set-v2.0.0,DOMAIN_APPROVED,false,A_TO_B,4,6,SKIP_AFFECTED_AREA,AVOID_PAIN_AREA_ACTIVE_RECOVERY,"{""alternative_target_muscle_code"": ""CORE"", ""body_area_code"": ""ANKLE_FOOT"", ""score_band_code"": ""NRS_4_6"", ""selection_basis"": ""DOMAIN_APPROVED_SCORE_BAND_AND_TARGET_MUSCLE_POLICY"", ""source_path"": ""normalized/v2_discomfort_alternative_mapping.csv"", ""source_target_muscle_code"": ""MOBILITY""}",mapping:ANKLE_FOOT:NRS_4_6:REX-000077:REX-000009:DISCOMFORT
runners_stretch_mobility_stretch_bodyweight,bodyweight_crunch_core_brace_bodyweight,REX-000077,REX-000009,DISCOMFORT,ACTIVE_RECOVERY,0,"[""ANKLE_FOOT"",""KNEE""]","[""HIP""]","[""ABDOMEN""]","[""LOWER_BACK""]",BODYWEIGHT,HOME|GYM,alternative-rule-v2.0.0,alternative-set-v2.0.0,DOMAIN_APPROVED,false,A_TO_B,4,6,SKIP_AFFECTED_AREA,AVOID_PAIN_AREA_ACTIVE_RECOVERY,"{""alternative_target_muscle_code"": ""CORE"", ""body_area_code"": ""HIP"", ""score_band_code"": ""NRS_4_6"", ""selection_basis"": ""DOMAIN_APPROVED_SCORE_BAND_AND_TARGET_MUSCLE_POLICY"", ""source_path"": ""normalized/v2_discomfort_alternative_mapping.csv"", ""source_target_muscle_code"": ""MOBILITY""}",mapping:HIP:NRS_4_6:REX-000077:REX-000009:DISCOMFORT
runners_stretch_mobility_stretch_bodyweight,bodyweight_crunch_core_brace_bodyweight,REX-000077,REX-000009,DISCOMFORT,ACTIVE_RECOVERY,0,"[""ANKLE_FOOT"",""KNEE""]","[""HIP""]","[""ABDOMEN""]","[""LOWER_BACK""]",BODYWEIGHT,HOME|GYM,alternative-rule-v2.0.0,alternative-set-v2.0.0,DOMAIN_APPROVED,false,A_TO_B,4,6,SKIP_AFFECTED_AREA,AVOID_PAIN_AREA_ACTIVE_RECOVERY,"{""alternative_target_muscle_code"": ""CORE"", ""body_area_code"": ""KNEE"", ""score_band_code"": ""NRS_4_6"", ""selection_basis"": ""DOMAIN_APPROVED_SCORE_BAND_AND_TARGET_MUSCLE_POLICY"", ""source_path"": ""normalized/v2_discomfort_alternative_mapping.csv"", ""source_target_muscle_code"": ""MOBILITY""}",mapping:KNEE:NRS_4_6:REX-000077:REX-000009:DISCOMFORT
scapular_pull_up_vertical_pull_bodyweight_pull_up_bar,bodyweight_crunch_core_brace_bodyweight,REX-000078,REX-000009,DISCOMFORT,ACTIVE_RECOVERY,-1,"[""UPPER_BACK""]","[""SHOULDER"",""ELBOW""]","[""ABDOMEN""]","[""LOWER_BACK""]",BODYWEIGHT,HOME|GYM,alternative-rule-v2.0.0,alternative-set-v2.0.0,DOMAIN_APPROVED,false,A_TO_B,4,6,SKIP_AFFECTED_AREA,AVOID_PAIN_AREA_ACTIVE_RECOVERY,"{""alternative_target_muscle_code"": ""CORE"", ""body_area_code"": ""ELBOW"", ""score_band_code"": ""NRS_4_6"", ""selection_basis"": ""DOMAIN_APPROVED_SCORE_BAND_AND_TARGET_MUSCLE_POLICY"", ""source_path"": ""normalized/v2_discomfort_alternative_mapping.csv"", ""source_target_muscle_code"": ""BACK""}",mapping:ELBOW:NRS_4_6:REX-000078:REX-000009:DISCOMFORT
scapular_pull_up_vertical_pull_bodyweight_pull_up_bar,bodyweight_crunch_core_brace_bodyweight,REX-000078,REX-000009,DISCOMFORT,ACTIVE_RECOVERY,-1,"[""UPPER_BACK""]","[""SHOULDER"",""ELBOW""]","[""ABDOMEN""]","[""LOWER_BACK""]",BODYWEIGHT,HOME|GYM,alternative-rule-v2.0.0,alternative-set-v2.0.0,DOMAIN_APPROVED,false,A_TO_B,4,6,SKIP_AFFECTED_AREA,AVOID_PAIN_AREA_ACTIVE_RECOVERY,"{""alternative_target_muscle_code"": ""CORE"", ""body_area_code"": ""SHOULDER"", ""score_band_code"": ""NRS_4_6"", ""selection_basis"": ""DOMAIN_APPROVED_SCORE_BAND_AND_TARGET_MUSCLE_POLICY"", ""source_path"": ""normalized/v2_discomfort_alternative_mapping.csv"", ""source_target_muscle_code"": ""BACK""}",mapping:SHOULDER:NRS_4_6:REX-000078:REX-000009:DISCOMFORT
scapular_pull_up_vertical_pull_bodyweight_pull_up_bar,bodyweight_crunch_core_brace_bodyweight,REX-000078,REX-000009,DISCOMFORT,ACTIVE_RECOVERY,-1,"[""UPPER_BACK""]","[""SHOULDER"",""ELBOW""]","[""ABDOMEN""]","[""LOWER_BACK""]",BODYWEIGHT,HOME|GYM,alternative-rule-v2.0.0,alternative-set-v2.0.0,DOMAIN_APPROVED,false,A_TO_B,4,6,SKIP_AFFECTED_AREA,AVOID_PAIN_AREA_ACTIVE_RECOVERY,"{""alternative_target_muscle_code"": ""CORE"", ""body_area_code"": ""UPPER_BACK"", ""score_band_code"": ""NRS_4_6"", ""selection_basis"": ""DOMAIN_APPROVED_SCORE_BAND_AND_TARGET_MUSCLE_POLICY"", ""source_path"": ""normalized/v2_discomfort_alternative_mapping.csv"", ""source_target_muscle_code"": ""BACK""}",mapping:UPPER_BACK:NRS_4_6:REX-000078:REX-000009:DISCOMFORT
scapular_pull_up_vertical_pull_bodyweight_pull_up_bar,lat_pulldown_vertical_pull_cable_machine,REX-000078,REX-000040,DISCOMFORT,SAME_GOAL,-1,"[""UPPER_BACK""]","[""SHOULDER"",""ELBOW""]","[""UPPER_BACK""]","[""ELBOW"",""SHOULDER""]",CABLE_MACHINE,GYM,alternative-rule-v2.0.0,alternative-set-v2.0.0,DOMAIN_APPROVED,false,A_TO_B,1,3,LOAD_REDUCED,SAME_GOAL_LOWER_LOAD_ROM_EASIER_VARIANT,"{""alternative_target_muscle_code"": ""BACK"", ""body_area_code"": ""ELBOW"", ""score_band_code"": ""NRS_1_3"", ""selection_basis"": ""DOMAIN_APPROVED_SCORE_BAND_AND_TARGET_MUSCLE_POLICY"", ""source_path"": ""normalized/v2_discomfort_alternative_mapping.csv"", ""source_target_muscle_code"": ""BACK""}",mapping:ELBOW:NRS_1_3:REX-000078:REX-000040:DISCOMFORT
scapular_pull_up_vertical_pull_bodyweight_pull_up_bar,lat_pulldown_vertical_pull_cable_machine,REX-000078,REX-000040,DISCOMFORT,SAME_GOAL,-1,"[""UPPER_BACK""]","[""SHOULDER"",""ELBOW""]","[""UPPER_BACK""]","[""ELBOW"",""SHOULDER""]",CABLE_MACHINE,GYM,alternative-rule-v2.0.0,alternative-set-v2.0.0,DOMAIN_APPROVED,false,A_TO_B,1,3,LOAD_REDUCED,SAME_GOAL_LOWER_LOAD_ROM_EASIER_VARIANT,"{""alternative_target_muscle_code"": ""BACK"", ""body_area_code"": ""SHOULDER"", ""score_band_code"": ""NRS_1_3"", ""selection_basis"": ""DOMAIN_APPROVED_SCORE_BAND_AND_TARGET_MUSCLE_POLICY"", ""source_path"": ""normalized/v2_discomfort_alternative_mapping.csv"", ""source_target_muscle_code"": ""BACK""}",mapping:SHOULDER:NRS_1_3:REX-000078:REX-000040:DISCOMFORT
scapular_pull_up_vertical_pull_bodyweight_pull_up_bar,lat_pulldown_vertical_pull_cable_machine,REX-000078,REX-000040,DISCOMFORT,SAME_GOAL,-1,"[""UPPER_BACK""]","[""SHOULDER"",""ELBOW""]","[""UPPER_BACK""]","[""ELBOW"",""SHOULDER""]",CABLE_MACHINE,GYM,alternative-rule-v2.0.0,alternative-set-v2.0.0,DOMAIN_APPROVED,false,A_TO_B,1,3,LOAD_REDUCED,SAME_GOAL_LOWER_LOAD_ROM_EASIER_VARIANT,"{""alternative_target_muscle_code"": ""BACK"", ""body_area_code"": ""UPPER_BACK"", ""score_band_code"": ""NRS_1_3"", ""selection_basis"": ""DOMAIN_APPROVED_SCORE_BAND_AND_TARGET_MUSCLE_POLICY"", ""source_path"": ""normalized/v2_discomfort_alternative_mapping.csv"", ""source_target_muscle_code"": ""BACK""}",mapping:UPPER_BACK:NRS_1_3:REX-000078:REX-000040:DISCOMFORT
scapular_pull_up_vertical_pull_bodyweight_pull_up_bar,lat_pulldown_vertical_pull_cable_machine,REX-000078,REX-000040,LOCATION,VERTICAL_PULL_STRENGTH,-1,"[""UPPER_BACK""]","[""SHOULDER"",""ELBOW""]","[""UPPER_BACK""]","[""ELBOW"",""SHOULDER""]",CABLE_MACHINE,GYM,alternative-rule-v2.0.0,alternative-set-v2.0.0,DOMAIN_APPROVED,false,A_TO_B,,,,,"{""legacy_relationship_type"": ""INTENSITY"", ""selection_basis"": ""REX_ENDPOINT_AND_V2_CATALOG_RECHECK"", ""source_path"": ""generated/exercise-alternatives-v0.3.0/alternative_relationships.csv""}",NEX-000078:NEX-000020:INTENSITY
seated_cable_row_horizontal_pull_cable_machine,bodyweight_crunch_core_brace_bodyweight,REX-000079,REX-000009,DISCOMFORT,ACTIVE_RECOVERY,0,"[""UPPER_BACK""]","[""SHOULDER"",""ELBOW""]","[""ABDOMEN""]","[""LOWER_BACK""]",BODYWEIGHT,HOME|GYM,alternative-rule-v2.0.0,alternative-set-v2.0.0,DOMAIN_APPROVED,false,A_TO_B,4,6,SKIP_AFFECTED_AREA,AVOID_PAIN_AREA_ACTIVE_RECOVERY,"{""alternative_target_muscle_code"": ""CORE"", ""body_area_code"": ""ELBOW"", ""score_band_code"": ""NRS_4_6"", ""selection_basis"": ""DOMAIN_APPROVED_SCORE_BAND_AND_TARGET_MUSCLE_POLICY"", ""source_path"": ""normalized/v2_discomfort_alternative_mapping.csv"", ""source_target_muscle_code"": ""BACK""}",mapping:ELBOW:NRS_4_6:REX-000079:REX-000009:DISCOMFORT
seated_cable_row_horizontal_pull_cable_machine,bodyweight_crunch_core_brace_bodyweight,REX-000079,REX-000009,DISCOMFORT,ACTIVE_RECOVERY,0,"[""UPPER_BACK""]","[""SHOULDER"",""ELBOW""]","[""ABDOMEN""]","[""LOWER_BACK""]",BODYWEIGHT,HOME|GYM,alternative-rule-v2.0.0,alternative-set-v2.0.0,DOMAIN_APPROVED,false,A_TO_B,4,6,SKIP_AFFECTED_AREA,AVOID_PAIN_AREA_ACTIVE_RECOVERY,"{""alternative_target_muscle_code"": ""CORE"", ""body_area_code"": ""SHOULDER"", ""score_band_code"": ""NRS_4_6"", ""selection_basis"": ""DOMAIN_APPROVED_SCORE_BAND_AND_TARGET_MUSCLE_POLICY"", ""source_path"": ""normalized/v2_discomfort_alternative_mapping.csv"", ""source_target_muscle_code"": ""BACK""}",mapping:SHOULDER:NRS_4_6:REX-000079:REX-000009:DISCOMFORT
seated_cable_row_horizontal_pull_cable_machine,bodyweight_crunch_core_brace_bodyweight,REX-000079,REX-000009,DISCOMFORT,ACTIVE_RECOVERY,0,"[""UPPER_BACK""]","[""SHOULDER"",""ELBOW""]","[""ABDOMEN""]","[""LOWER_BACK""]",BODYWEIGHT,HOME|GYM,alternative-rule-v2.0.0,alternative-set-v2.0.0,DOMAIN_APPROVED,false,A_TO_B,4,6,SKIP_AFFECTED_AREA,AVOID_PAIN_AREA_ACTIVE_RECOVERY,"{""alternative_target_muscle_code"": ""CORE"", ""body_area_code"": ""UPPER_BACK"", ""score_band_code"": ""NRS_4_6"", ""selection_basis"": ""DOMAIN_APPROVED_SCORE_BAND_AND_TARGET_MUSCLE_POLICY"", ""source_path"": ""normalized/v2_discomfort_alternative_mapping.csv"", ""source_target_muscle_code"": ""BACK""}",mapping:UPPER_BACK:NRS_4_6:REX-000079:REX-000009:DISCOMFORT
seated_cable_row_horizontal_pull_cable_machine,row_variant_horizontal_pull_cable_machine,REX-000079,REX-000076,DISCOMFORT,SAME_GOAL,0,"[""UPPER_BACK""]","[""SHOULDER"",""ELBOW""]","[""UPPER_BACK""]","[""ELBOW"",""SHOULDER""]",CABLE_MACHINE,GYM,alternative-rule-v2.0.0,alternative-set-v2.0.0,DOMAIN_APPROVED,false,A_TO_B,1,3,LOAD_REDUCED,SAME_GOAL_LOWER_LOAD_ROM_EASIER_VARIANT,"{""alternative_target_muscle_code"": ""BACK"", ""body_area_code"": ""ELBOW"", ""score_band_code"": ""NRS_1_3"", ""selection_basis"": ""DOMAIN_APPROVED_SCORE_BAND_AND_TARGET_MUSCLE_POLICY"", ""source_path"": ""normalized/v2_discomfort_alternative_mapping.csv"", ""source_target_muscle_code"": ""BACK""}",mapping:ELBOW:NRS_1_3:REX-000079:REX-000076:DISCOMFORT
seated_cable_row_horizontal_pull_cable_machine,row_variant_horizontal_pull_cable_machine,REX-000079,REX-000076,DISCOMFORT,SAME_GOAL,0,"[""UPPER_BACK""]","[""SHOULDER"",""ELBOW""]","[""UPPER_BACK""]","[""ELBOW"",""SHOULDER""]",CABLE_MACHINE,GYM,alternative-rule-v2.0.0,alternative-set-v2.0.0,DOMAIN_APPROVED,false,A_TO_B,1,3,LOAD_REDUCED,SAME_GOAL_LOWER_LOAD_ROM_EASIER_VARIANT,"{""alternative_target_muscle_code"": ""BACK"", ""body_area_code"": ""SHOULDER"", ""score_band_code"": ""NRS_1_3"", ""selection_basis"": ""DOMAIN_APPROVED_SCORE_BAND_AND_TARGET_MUSCLE_POLICY"", ""source_path"": ""normalized/v2_discomfort_alternative_mapping.csv"", ""source_target_muscle_code"": ""BACK""}",mapping:SHOULDER:NRS_1_3:REX-000079:REX-000076:DISCOMFORT
seated_cable_row_horizontal_pull_cable_machine,row_variant_horizontal_pull_cable_machine,REX-000079,REX-000076,DISCOMFORT,SAME_GOAL,0,"[""UPPER_BACK""]","[""SHOULDER"",""ELBOW""]","[""UPPER_BACK""]","[""ELBOW"",""SHOULDER""]",CABLE_MACHINE,GYM,alternative-rule-v2.0.0,alternative-set-v2.0.0,DOMAIN_APPROVED,false,A_TO_B,1,3,LOAD_REDUCED,SAME_GOAL_LOWER_LOAD_ROM_EASIER_VARIANT,"{""alternative_target_muscle_code"": ""BACK"", ""body_area_code"": ""UPPER_BACK"", ""score_band_code"": ""NRS_1_3"", ""selection_basis"": ""DOMAIN_APPROVED_SCORE_BAND_AND_TARGET_MUSCLE_POLICY"", ""source_path"": ""normalized/v2_discomfort_alternative_mapping.csv"", ""source_target_muscle_code"": ""BACK""}",mapping:UPPER_BACK:NRS_1_3:REX-000079:REX-000076:DISCOMFORT
seated_calf_raise_isolation_barbell,bodyweight_crunch_core_brace_bodyweight,REX-000080,REX-000009,DISCOMFORT,ACTIVE_RECOVERY,0,"[""ANKLE_FOOT""]","[""KNEE""]","[""ABDOMEN""]","[""LOWER_BACK""]",BODYWEIGHT,HOME|GYM,alternative-rule-v2.0.0,alternative-set-v2.0.0,DOMAIN_APPROVED,false,A_TO_B,4,6,SKIP_AFFECTED_AREA,AVOID_PAIN_AREA_ACTIVE_RECOVERY,"{""alternative_target_muscle_code"": ""CORE"", ""body_area_code"": ""ANKLE_FOOT"", ""score_band_code"": ""NRS_4_6"", ""selection_basis"": ""DOMAIN_APPROVED_SCORE_BAND_AND_TARGET_MUSCLE_POLICY"", ""source_path"": ""normalized/v2_discomfort_alternative_mapping.csv"", ""source_target_muscle_code"": ""CALVES""}",mapping:ANKLE_FOOT:NRS_4_6:REX-000080:REX-000009:DISCOMFORT
seated_calf_raise_isolation_barbell,bodyweight_crunch_core_brace_bodyweight,REX-000080,REX-000009,DISCOMFORT,ACTIVE_RECOVERY,0,"[""ANKLE_FOOT""]","[""KNEE""]","[""ABDOMEN""]","[""LOWER_BACK""]",BODYWEIGHT,HOME|GYM,alternative-rule-v2.0.0,alternative-set-v2.0.0,DOMAIN_APPROVED,false,A_TO_B,4,6,SKIP_AFFECTED_AREA,AVOID_PAIN_AREA_ACTIVE_RECOVERY,"{""alternative_target_muscle_code"": ""CORE"", ""body_area_code"": ""KNEE"", ""score_band_code"": ""NRS_4_6"", ""selection_basis"": ""DOMAIN_APPROVED_SCORE_BAND_AND_TARGET_MUSCLE_POLICY"", ""source_path"": ""normalized/v2_discomfort_alternative_mapping.csv"", ""source_target_muscle_code"": ""CALVES""}",mapping:KNEE:NRS_4_6:REX-000080:REX-000009:DISCOMFORT
seated_calf_raise_isolation_barbell,bodyweight_standing_calf_raise_isolation_bodyweight,REX-000080,REX-000016,DISCOMFORT,SAME_GOAL,0,"[""ANKLE_FOOT""]","[""KNEE""]","[""ANKLE_FOOT""]","[""KNEE""]",BODYWEIGHT,HOME|GYM,alternative-rule-v2.0.0,alternative-set-v2.0.0,DOMAIN_APPROVED,false,A_TO_B,1,3,LOAD_REDUCED,SAME_GOAL_LOWER_LOAD_ROM_EASIER_VARIANT,"{""alternative_target_muscle_code"": ""CALVES"", ""body_area_code"": ""ANKLE_FOOT"", ""score_band_code"": ""NRS_1_3"", ""selection_basis"": ""DOMAIN_APPROVED_SCORE_BAND_AND_TARGET_MUSCLE_POLICY"", ""source_path"": ""normalized/v2_discomfort_alternative_mapping.csv"", ""source_target_muscle_code"": ""CALVES""}",mapping:ANKLE_FOOT:NRS_1_3:REX-000080:REX-000016:DISCOMFORT
seated_calf_raise_isolation_barbell,bodyweight_standing_calf_raise_isolation_bodyweight,REX-000080,REX-000016,DISCOMFORT,SAME_GOAL,0,"[""ANKLE_FOOT""]","[""KNEE""]","[""ANKLE_FOOT""]","[""KNEE""]",BODYWEIGHT,HOME|GYM,alternative-rule-v2.0.0,alternative-set-v2.0.0,DOMAIN_APPROVED,false,A_TO_B,1,3,LOAD_REDUCED,SAME_GOAL_LOWER_LOAD_ROM_EASIER_VARIANT,"{""alternative_target_muscle_code"": ""CALVES"", ""body_area_code"": ""KNEE"", ""score_band_code"": ""NRS_1_3"", ""selection_basis"": ""DOMAIN_APPROVED_SCORE_BAND_AND_TARGET_MUSCLE_POLICY"", ""source_path"": ""normalized/v2_discomfort_alternative_mapping.csv"", ""source_target_muscle_code"": ""CALVES""}",mapping:KNEE:NRS_1_3:REX-000080:REX-000016:DISCOMFORT
seated_calf_raise_isolation_barbell,bodyweight_standing_calf_raise_isolation_bodyweight,REX-000080,REX-000016,LOCATION,ISOLATION_CALF_RAISE,0,"[""ANKLE_FOOT""]","[""KNEE""]","[""ANKLE_FOOT""]","[""KNEE""]",BODYWEIGHT,HOME|GYM,alternative-rule-v2.0.0,alternative-set-v2.0.0,DOMAIN_APPROVED,false,A_TO_B,,,,,"{""legacy_relationship_type"": ""CONSTRAINT"", ""selection_basis"": ""REX_ENDPOINT_AND_V2_CATALOG_RECHECK"", ""source_path"": ""generated/exercise-alternatives-v0.3.0/alternative_relationships.csv""}",NEX-000007:NEX-000117:CONSTRAINT
seated_calf_stretch_mobility_stretch_bodyweight,ankle_circles_mobility_stretch_bodyweight,REX-000081,REX-000003,DISCOMFORT,SAME_GOAL,0,"[""ANKLE_FOOT""]","[""KNEE""]","[""ANKLE_FOOT""]","[""KNEE""]",BODYWEIGHT,HOME|GYM,alternative-rule-v2.0.0,alternative-set-v2.0.0,DOMAIN_APPROVED,false,A_TO_B,1,3,LOAD_REDUCED,SAME_GOAL_LOWER_LOAD_ROM_EASIER_VARIANT,"{""alternative_target_muscle_code"": ""MOBILITY"", ""body_area_code"": ""ANKLE_FOOT"", ""score_band_code"": ""NRS_1_3"", ""selection_basis"": ""DOMAIN_APPROVED_SCORE_BAND_AND_TARGET_MUSCLE_POLICY"", ""source_path"": ""normalized/v2_discomfort_alternative_mapping.csv"", ""source_target_muscle_code"": ""MOBILITY""}",mapping:ANKLE_FOOT:NRS_1_3:REX-000081:REX-000003:DISCOMFORT
seated_calf_stretch_mobility_stretch_bodyweight,ankle_circles_mobility_stretch_bodyweight,REX-000081,REX-000003,DISCOMFORT,SAME_GOAL,0,"[""ANKLE_FOOT""]","[""KNEE""]","[""ANKLE_FOOT""]","[""KNEE""]",BODYWEIGHT,HOME|GYM,alternative-rule-v2.0.0,alternative-set-v2.0.0,DOMAIN_APPROVED,false,A_TO_B,1,3,LOAD_REDUCED,SAME_GOAL_LOWER_LOAD_ROM_EASIER_VARIANT,"{""alternative_target_muscle_code"": ""MOBILITY"", ""body_area_code"": ""KNEE"", ""score_band_code"": ""NRS_1_3"", ""selection_basis"": ""DOMAIN_APPROVED_SCORE_BAND_AND_TARGET_MUSCLE_POLICY"", ""source_path"": ""normalized/v2_discomfort_alternative_mapping.csv"", ""source_target_muscle_code"": ""MOBILITY""}",mapping:KNEE:NRS_1_3:REX-000081:REX-000003:DISCOMFORT
seated_calf_stretch_mobility_stretch_bodyweight,bodyweight_crunch_core_brace_bodyweight,REX-000081,REX-000009,DISCOMFORT,ACTIVE_RECOVERY,0,"[""ANKLE_FOOT""]","[""KNEE""]","[""ABDOMEN""]","[""LOWER_BACK""]",BODYWEIGHT,HOME|GYM,alternative-rule-v2.0.0,alternative-set-v2.0.0,DOMAIN_APPROVED,false,A_TO_B,4,6,SKIP_AFFECTED_AREA,AVOID_PAIN_AREA_ACTIVE_RECOVERY,"{""alternative_target_muscle_code"": ""CORE"", ""body_area_code"": ""ANKLE_FOOT"", ""score_band_code"": ""NRS_4_6"", ""selection_basis"": ""DOMAIN_APPROVED_SCORE_BAND_AND_TARGET_MUSCLE_POLICY"", ""source_path"": ""normalized/v2_discomfort_alternative_mapping.csv"", ""source_target_muscle_code"": ""MOBILITY""}",mapping:ANKLE_FOOT:NRS_4_6:REX-000081:REX-000009:DISCOMFORT
seated_calf_stretch_mobility_stretch_bodyweight,bodyweight_crunch_core_brace_bodyweight,REX-000081,REX-000009,DISCOMFORT,ACTIVE_RECOVERY,0,"[""ANKLE_FOOT""]","[""KNEE""]","[""ABDOMEN""]","[""LOWER_BACK""]",BODYWEIGHT,HOME|GYM,alternative-rule-v2.0.0,alternative-set-v2.0.0,DOMAIN_APPROVED,false,A_TO_B,4,6,SKIP_AFFECTED_AREA,AVOID_PAIN_AREA_ACTIVE_RECOVERY,"{""alternative_target_muscle_code"": ""CORE"", ""body_area_code"": ""KNEE"", ""score_band_code"": ""NRS_4_6"", ""selection_basis"": ""DOMAIN_APPROVED_SCORE_BAND_AND_TARGET_MUSCLE_POLICY"", ""source_path"": ""normalized/v2_discomfort_alternative_mapping.csv"", ""source_target_muscle_code"": ""MOBILITY""}",mapping:KNEE:NRS_4_6:REX-000081:REX-000009:DISCOMFORT
seated_glute_stretch_mobility_stretch_bodyweight,ankle_circles_mobility_stretch_bodyweight,REX-000082,REX-000003,DISCOMFORT,SAME_GOAL,0,"[""HIP""]","[""KNEE""]","[""ANKLE_FOOT""]","[""KNEE""]",BODYWEIGHT,HOME|GYM,alternative-rule-v2.0.0,alternative-set-v2.0.0,DOMAIN_APPROVED,false,A_TO_B,1,3,LOAD_REDUCED,SAME_GOAL_LOWER_LOAD_ROM_EASIER_VARIANT,"{""alternative_target_muscle_code"": ""MOBILITY"", ""body_area_code"": ""HIP"", ""score_band_code"": ""NRS_1_3"", ""selection_basis"": ""DOMAIN_APPROVED_SCORE_BAND_AND_TARGET_MUSCLE_POLICY"", ""source_path"": ""normalized/v2_discomfort_alternative_mapping.csv"", ""source_target_muscle_code"": ""MOBILITY""}",mapping:HIP:NRS_1_3:REX-000082:REX-000003:DISCOMFORT
seated_glute_stretch_mobility_stretch_bodyweight,ankle_circles_mobility_stretch_bodyweight,REX-000082,REX-000003,DISCOMFORT,SAME_GOAL,0,"[""HIP""]","[""KNEE""]","[""ANKLE_FOOT""]","[""KNEE""]",BODYWEIGHT,HOME|GYM,alternative-rule-v2.0.0,alternative-set-v2.0.0,DOMAIN_APPROVED,false,A_TO_B,1,3,LOAD_REDUCED,SAME_GOAL_LOWER_LOAD_ROM_EASIER_VARIANT,"{""alternative_target_muscle_code"": ""MOBILITY"", ""body_area_code"": ""KNEE"", ""score_band_code"": ""NRS_1_3"", ""selection_basis"": ""DOMAIN_APPROVED_SCORE_BAND_AND_TARGET_MUSCLE_POLICY"", ""source_path"": ""normalized/v2_discomfort_alternative_mapping.csv"", ""source_target_muscle_code"": ""MOBILITY""}",mapping:KNEE:NRS_1_3:REX-000082:REX-000003:DISCOMFORT
seated_glute_stretch_mobility_stretch_bodyweight,bodyweight_crunch_core_brace_bodyweight,REX-000082,REX-000009,DISCOMFORT,ACTIVE_RECOVERY,0,"[""HIP""]","[""KNEE""]","[""ABDOMEN""]","[""LOWER_BACK""]",BODYWEIGHT,HOME|GYM,alternative-rule-v2.0.0,alternative-set-v2.0.0,DOMAIN_APPROVED,false,A_TO_B,4,6,SKIP_AFFECTED_AREA,AVOID_PAIN_AREA_ACTIVE_RECOVERY,"{""alternative_target_muscle_code"": ""CORE"", ""body_area_code"": ""HIP"", ""score_band_code"": ""NRS_4_6"", ""selection_basis"": ""DOMAIN_APPROVED_SCORE_BAND_AND_TARGET_MUSCLE_POLICY"", ""source_path"": ""normalized/v2_discomfort_alternative_mapping.csv"", ""source_target_muscle_code"": ""MOBILITY""}",mapping:HIP:NRS_4_6:REX-000082:REX-000009:DISCOMFORT
seated_glute_stretch_mobility_stretch_bodyweight,bodyweight_crunch_core_brace_bodyweight,REX-000082,REX-000009,DISCOMFORT,ACTIVE_RECOVERY,0,"[""HIP""]","[""KNEE""]","[""ABDOMEN""]","[""LOWER_BACK""]",BODYWEIGHT,HOME|GYM,alternative-rule-v2.0.0,alternative-set-v2.0.0,DOMAIN_APPROVED,false,A_TO_B,4,6,SKIP_AFFECTED_AREA,AVOID_PAIN_AREA_ACTIVE_RECOVERY,"{""alternative_target_muscle_code"": ""CORE"", ""body_area_code"": ""KNEE"", ""score_band_code"": ""NRS_4_6"", ""selection_basis"": ""DOMAIN_APPROVED_SCORE_BAND_AND_TARGET_MUSCLE_POLICY"", ""source_path"": ""normalized/v2_discomfort_alternative_mapping.csv"", ""source_target_muscle_code"": ""MOBILITY""}",mapping:KNEE:NRS_4_6:REX-000082:REX-000009:DISCOMFORT
seated_leg_curl_knee_flexion_machine,bodyweight_crunch_core_brace_bodyweight,REX-000083,REX-000009,DISCOMFORT,ACTIVE_RECOVERY,0,"[""KNEE""]","[""HIP""]","[""ABDOMEN""]","[""LOWER_BACK""]",BODYWEIGHT,HOME|GYM,alternative-rule-v2.0.0,alternative-set-v2.0.0,DOMAIN_APPROVED,false,A_TO_B,4,6,SKIP_AFFECTED_AREA,AVOID_PAIN_AREA_ACTIVE_RECOVERY,"{""alternative_target_muscle_code"": ""CORE"", ""body_area_code"": ""HIP"", ""score_band_code"": ""NRS_4_6"", ""selection_basis"": ""DOMAIN_APPROVED_SCORE_BAND_AND_TARGET_MUSCLE_POLICY"", ""source_path"": ""normalized/v2_discomfort_alternative_mapping.csv"", ""source_target_muscle_code"": ""HAMSTRINGS""}",mapping:HIP:NRS_4_6:REX-000083:REX-000009:DISCOMFORT
seated_leg_curl_knee_flexion_machine,bodyweight_crunch_core_brace_bodyweight,REX-000083,REX-000009,DISCOMFORT,ACTIVE_RECOVERY,0,"[""KNEE""]","[""HIP""]","[""ABDOMEN""]","[""LOWER_BACK""]",BODYWEIGHT,HOME|GYM,alternative-rule-v2.0.0,alternative-set-v2.0.0,DOMAIN_APPROVED,false,A_TO_B,4,6,SKIP_AFFECTED_AREA,AVOID_PAIN_AREA_ACTIVE_RECOVERY,"{""alternative_target_muscle_code"": ""CORE"", ""body_area_code"": ""KNEE"", ""score_band_code"": ""NRS_4_6"", ""selection_basis"": ""DOMAIN_APPROVED_SCORE_BAND_AND_TARGET_MUSCLE_POLICY"", ""source_path"": ""normalized/v2_discomfort_alternative_mapping.csv"", ""source_target_muscle_code"": ""HAMSTRINGS""}",mapping:KNEE:NRS_4_6:REX-000083:REX-000009:DISCOMFORT
seated_lower_back_stretch_mobility_stretch_bodyweight,ankle_circles_mobility_stretch_bodyweight,REX-000084,REX-000003,DISCOMFORT,SAME_GOAL,0,"[""LOWER_BACK""]","[""UPPER_BACK"",""ABDOMEN""]","[""ANKLE_FOOT""]","[""KNEE""]",BODYWEIGHT,HOME|GYM,alternative-rule-v2.0.0,alternative-set-v2.0.0,DOMAIN_APPROVED,false,A_TO_B,1,3,LOAD_REDUCED,SAME_GOAL_LOWER_LOAD_ROM_EASIER_VARIANT,"{""alternative_target_muscle_code"": ""MOBILITY"", ""body_area_code"": ""ABDOMEN"", ""score_band_code"": ""NRS_1_3"", ""selection_basis"": ""DOMAIN_APPROVED_SCORE_BAND_AND_TARGET_MUSCLE_POLICY"", ""source_path"": ""normalized/v2_discomfort_alternative_mapping.csv"", ""source_target_muscle_code"": ""MOBILITY""}",mapping:ABDOMEN:NRS_1_3:REX-000084:REX-000003:DISCOMFORT
seated_lower_back_stretch_mobility_stretch_bodyweight,ankle_circles_mobility_stretch_bodyweight,REX-000084,REX-000003,DISCOMFORT,SAME_GOAL,0,"[""LOWER_BACK""]","[""UPPER_BACK"",""ABDOMEN""]","[""ANKLE_FOOT""]","[""KNEE""]",BODYWEIGHT,HOME|GYM,alternative-rule-v2.0.0,alternative-set-v2.0.0,DOMAIN_APPROVED,false,A_TO_B,1,3,LOAD_REDUCED,SAME_GOAL_LOWER_LOAD_ROM_EASIER_VARIANT,"{""alternative_target_muscle_code"": ""MOBILITY"", ""body_area_code"": ""LOWER_BACK"", ""score_band_code"": ""NRS_1_3"", ""selection_basis"": ""DOMAIN_APPROVED_SCORE_BAND_AND_TARGET_MUSCLE_POLICY"", ""source_path"": ""normalized/v2_discomfort_alternative_mapping.csv"", ""source_target_muscle_code"": ""MOBILITY""}",mapping:LOWER_BACK:NRS_1_3:REX-000084:REX-000003:DISCOMFORT
seated_lower_back_stretch_mobility_stretch_bodyweight,ankle_circles_mobility_stretch_bodyweight,REX-000084,REX-000003,DISCOMFORT,SAME_GOAL,0,"[""LOWER_BACK""]","[""UPPER_BACK"",""ABDOMEN""]","[""ANKLE_FOOT""]","[""KNEE""]",BODYWEIGHT,HOME|GYM,alternative-rule-v2.0.0,alternative-set-v2.0.0,DOMAIN_APPROVED,false,A_TO_B,1,3,LOAD_REDUCED,SAME_GOAL_LOWER_LOAD_ROM_EASIER_VARIANT,"{""alternative_target_muscle_code"": ""MOBILITY"", ""body_area_code"": ""UPPER_BACK"", ""score_band_code"": ""NRS_1_3"", ""selection_basis"": ""DOMAIN_APPROVED_SCORE_BAND_AND_TARGET_MUSCLE_POLICY"", ""source_path"": ""normalized/v2_discomfort_alternative_mapping.csv"", ""source_target_muscle_code"": ""MOBILITY""}",mapping:UPPER_BACK:NRS_1_3:REX-000084:REX-000003:DISCOMFORT
seated_lower_back_stretch_mobility_stretch_bodyweight,bodyweight_crunch_core_brace_bodyweight,REX-000084,REX-000009,DISCOMFORT,ACTIVE_RECOVERY,0,"[""LOWER_BACK""]","[""UPPER_BACK"",""ABDOMEN""]","[""ABDOMEN""]","[""LOWER_BACK""]",BODYWEIGHT,HOME|GYM,alternative-rule-v2.0.0,alternative-set-v2.0.0,DOMAIN_APPROVED,false,A_TO_B,4,6,SKIP_AFFECTED_AREA,AVOID_PAIN_AREA_ACTIVE_RECOVERY,"{""alternative_target_muscle_code"": ""CORE"", ""body_area_code"": ""UPPER_BACK"", ""score_band_code"": ""NRS_4_6"", ""selection_basis"": ""DOMAIN_APPROVED_SCORE_BAND_AND_TARGET_MUSCLE_POLICY"", ""source_path"": ""normalized/v2_discomfort_alternative_mapping.csv"", ""source_target_muscle_code"": ""MOBILITY""}",mapping:UPPER_BACK:NRS_4_6:REX-000084:REX-000009:DISCOMFORT
seated_lower_back_stretch_mobility_stretch_bodyweight,bodyweight_standing_calf_raise_isolation_bodyweight,REX-000084,REX-000016,DISCOMFORT,ACTIVE_RECOVERY,0,"[""LOWER_BACK""]","[""UPPER_BACK"",""ABDOMEN""]","[""ANKLE_FOOT""]","[""KNEE""]",BODYWEIGHT,HOME|GYM,alternative-rule-v2.0.0,alternative-set-v2.0.0,DOMAIN_APPROVED,false,A_TO_B,4,6,SKIP_AFFECTED_AREA,AVOID_PAIN_AREA_ACTIVE_RECOVERY,"{""alternative_target_muscle_code"": ""CALVES"", ""body_area_code"": ""ABDOMEN"", ""score_band_code"": ""NRS_4_6"", ""selection_basis"": ""DOMAIN_APPROVED_SCORE_BAND_AND_TARGET_MUSCLE_POLICY"", ""source_path"": ""normalized/v2_discomfort_alternative_mapping.csv"", ""source_target_muscle_code"": ""MOBILITY""}",mapping:ABDOMEN:NRS_4_6:REX-000084:REX-000016:DISCOMFORT
seated_lower_back_stretch_mobility_stretch_bodyweight,bodyweight_standing_calf_raise_isolation_bodyweight,REX-000084,REX-000016,DISCOMFORT,ACTIVE_RECOVERY,0,"[""LOWER_BACK""]","[""UPPER_BACK"",""ABDOMEN""]","[""ANKLE_FOOT""]","[""KNEE""]",BODYWEIGHT,HOME|GYM,alternative-rule-v2.0.0,alternative-set-v2.0.0,DOMAIN_APPROVED,false,A_TO_B,4,6,SKIP_AFFECTED_AREA,AVOID_PAIN_AREA_ACTIVE_RECOVERY,"{""alternative_target_muscle_code"": ""CALVES"", ""body_area_code"": ""LOWER_BACK"", ""score_band_code"": ""NRS_4_6"", ""selection_basis"": ""DOMAIN_APPROVED_SCORE_BAND_AND_TARGET_MUSCLE_POLICY"", ""source_path"": ""normalized/v2_discomfort_alternative_mapping.csv"", ""source_target_muscle_code"": ""MOBILITY""}",mapping:LOWER_BACK:NRS_4_6:REX-000084:REX-000016:DISCOMFORT
seated_piriformis_stretch_mobility_stretch_bodyweight,ankle_circles_mobility_stretch_bodyweight,REX-000085,REX-000003,DISCOMFORT,SAME_GOAL,0,"[""HIP""]","[""KNEE""]","[""ANKLE_FOOT""]","[""KNEE""]",BODYWEIGHT,HOME|GYM,alternative-rule-v2.0.0,alternative-set-v2.0.0,DOMAIN_APPROVED,false,A_TO_B,1,3,LOAD_REDUCED,SAME_GOAL_LOWER_LOAD_ROM_EASIER_VARIANT,"{""alternative_target_muscle_code"": ""MOBILITY"", ""body_area_code"": ""HIP"", ""score_band_code"": ""NRS_1_3"", ""selection_basis"": ""DOMAIN_APPROVED_SCORE_BAND_AND_TARGET_MUSCLE_POLICY"", ""source_path"": ""normalized/v2_discomfort_alternative_mapping.csv"", ""source_target_muscle_code"": ""MOBILITY""}",mapping:HIP:NRS_1_3:REX-000085:REX-000003:DISCOMFORT
seated_piriformis_stretch_mobility_stretch_bodyweight,ankle_circles_mobility_stretch_bodyweight,REX-000085,REX-000003,DISCOMFORT,SAME_GOAL,0,"[""HIP""]","[""KNEE""]","[""ANKLE_FOOT""]","[""KNEE""]",BODYWEIGHT,HOME|GYM,alternative-rule-v2.0.0,alternative-set-v2.0.0,DOMAIN_APPROVED,false,A_TO_B,1,3,LOAD_REDUCED,SAME_GOAL_LOWER_LOAD_ROM_EASIER_VARIANT,"{""alternative_target_muscle_code"": ""MOBILITY"", ""body_area_code"": ""KNEE"", ""score_band_code"": ""NRS_1_3"", ""selection_basis"": ""DOMAIN_APPROVED_SCORE_BAND_AND_TARGET_MUSCLE_POLICY"", ""source_path"": ""normalized/v2_discomfort_alternative_mapping.csv"", ""source_target_muscle_code"": ""MOBILITY""}",mapping:KNEE:NRS_1_3:REX-000085:REX-000003:DISCOMFORT
seated_piriformis_stretch_mobility_stretch_bodyweight,bodyweight_crunch_core_brace_bodyweight,REX-000085,REX-000009,DISCOMFORT,ACTIVE_RECOVERY,0,"[""HIP""]","[""KNEE""]","[""ABDOMEN""]","[""LOWER_BACK""]",BODYWEIGHT,HOME|GYM,alternative-rule-v2.0.0,alternative-set-v2.0.0,DOMAIN_APPROVED,false,A_TO_B,4,6,SKIP_AFFECTED_AREA,AVOID_PAIN_AREA_ACTIVE_RECOVERY,"{""alternative_target_muscle_code"": ""CORE"", ""body_area_code"": ""HIP"", ""score_band_code"": ""NRS_4_6"", ""selection_basis"": ""DOMAIN_APPROVED_SCORE_BAND_AND_TARGET_MUSCLE_POLICY"", ""source_path"": ""normalized/v2_discomfort_alternative_mapping.csv"", ""source_target_muscle_code"": ""MOBILITY""}",mapping:HIP:NRS_4_6:REX-000085:REX-000009:DISCOMFORT
seated_piriformis_stretch_mobility_stretch_bodyweight,bodyweight_crunch_core_brace_bodyweight,REX-000085,REX-000009,DISCOMFORT,ACTIVE_RECOVERY,0,"[""HIP""]","[""KNEE""]","[""ABDOMEN""]","[""LOWER_BACK""]",BODYWEIGHT,HOME|GYM,alternative-rule-v2.0.0,alternative-set-v2.0.0,DOMAIN_APPROVED,false,A_TO_B,4,6,SKIP_AFFECTED_AREA,AVOID_PAIN_AREA_ACTIVE_RECOVERY,"{""alternative_target_muscle_code"": ""CORE"", ""body_area_code"": ""KNEE"", ""score_band_code"": ""NRS_4_6"", ""selection_basis"": ""DOMAIN_APPROVED_SCORE_BAND_AND_TARGET_MUSCLE_POLICY"", ""source_path"": ""normalized/v2_discomfort_alternative_mapping.csv"", ""source_target_muscle_code"": ""MOBILITY""}",mapping:KNEE:NRS_4_6:REX-000085:REX-000009:DISCOMFORT
seated_shoulder_press_vertical_push_dumbbell,bodyweight_crunch_core_brace_bodyweight,REX-000086,REX-000009,DISCOMFORT,ACTIVE_RECOVERY,-1,"[""SHOULDER""]","[""ELBOW""]","[""ABDOMEN""]","[""LOWER_BACK""]",BODYWEIGHT,HOME|GYM,alternative-rule-v2.0.0,alternative-set-v2.0.0,DOMAIN_APPROVED,false,A_TO_B,4,6,SKIP_AFFECTED_AREA,AVOID_PAIN_AREA_ACTIVE_RECOVERY,"{""alternative_target_muscle_code"": ""CORE"", ""body_area_code"": ""ELBOW"", ""score_band_code"": ""NRS_4_6"", ""selection_basis"": ""DOMAIN_APPROVED_SCORE_BAND_AND_TARGET_MUSCLE_POLICY"", ""source_path"": ""normalized/v2_discomfort_alternative_mapping.csv"", ""source_target_muscle_code"": ""SHOULDERS""}",mapping:ELBOW:NRS_4_6:REX-000086:REX-000009:DISCOMFORT
seated_shoulder_press_vertical_push_dumbbell,bodyweight_crunch_core_brace_bodyweight,REX-000086,REX-000009,DISCOMFORT,ACTIVE_RECOVERY,-1,"[""SHOULDER""]","[""ELBOW""]","[""ABDOMEN""]","[""LOWER_BACK""]",BODYWEIGHT,HOME|GYM,alternative-rule-v2.0.0,alternative-set-v2.0.0,DOMAIN_APPROVED,false,A_TO_B,4,6,SKIP_AFFECTED_AREA,AVOID_PAIN_AREA_ACTIVE_RECOVERY,"{""alternative_target_muscle_code"": ""CORE"", ""body_area_code"": ""SHOULDER"", ""score_band_code"": ""NRS_4_6"", ""selection_basis"": ""DOMAIN_APPROVED_SCORE_BAND_AND_TARGET_MUSCLE_POLICY"", ""source_path"": ""normalized/v2_discomfort_alternative_mapping.csv"", ""source_target_muscle_code"": ""SHOULDERS""}",mapping:SHOULDER:NRS_4_6:REX-000086:REX-000009:DISCOMFORT
seated_shoulder_press_vertical_push_dumbbell,dumbbell_lateral_raise_isolation_dumbbell,REX-000086,REX-000026,DISCOMFORT,SAME_GOAL,-1,"[""SHOULDER""]","[""ELBOW""]","[""SHOULDER""]","[""ELBOW""]",DUMBBELL,HOME|GYM,alternative-rule-v2.0.0,alternative-set-v2.0.0,DOMAIN_APPROVED,false,A_TO_B,1,3,LOAD_REDUCED,SAME_GOAL_LOWER_LOAD_ROM_EASIER_VARIANT,"{""alternative_target_muscle_code"": ""SHOULDERS"", ""body_area_code"": ""ELBOW"", ""score_band_code"": ""NRS_1_3"", ""selection_basis"": ""DOMAIN_APPROVED_SCORE_BAND_AND_TARGET_MUSCLE_POLICY"", ""source_path"": ""normalized/v2_discomfort_alternative_mapping.csv"", ""source_target_muscle_code"": ""SHOULDERS""}",mapping:ELBOW:NRS_1_3:REX-000086:REX-000026:DISCOMFORT
seated_shoulder_press_vertical_push_dumbbell,dumbbell_lateral_raise_isolation_dumbbell,REX-000086,REX-000026,DISCOMFORT,SAME_GOAL,-1,"[""SHOULDER""]","[""ELBOW""]","[""SHOULDER""]","[""ELBOW""]",DUMBBELL,HOME|GYM,alternative-rule-v2.0.0,alternative-set-v2.0.0,DOMAIN_APPROVED,false,A_TO_B,1,3,LOAD_REDUCED,SAME_GOAL_LOWER_LOAD_ROM_EASIER_VARIANT,"{""alternative_target_muscle_code"": ""SHOULDERS"", ""body_area_code"": ""SHOULDER"", ""score_band_code"": ""NRS_1_3"", ""selection_basis"": ""DOMAIN_APPROVED_SCORE_BAND_AND_TARGET_MUSCLE_POLICY"", ""source_path"": ""normalized/v2_discomfort_alternative_mapping.csv"", ""source_target_muscle_code"": ""SHOULDERS""}",mapping:SHOULDER:NRS_1_3:REX-000086:REX-000026:DISCOMFORT
seated_wide_angle_stretch_mobility_stretch_bodyweight,runners_stretch_mobility_stretch_bodyweight,REX-000087,REX-000077,DIFFICULTY,MOBILITY_HAMSTRING,-1,"[""HIP"",""KNEE""]",[],"[""ANKLE_FOOT"",""KNEE""]","[""HIP""]",BODYWEIGHT,HOME|GYM,alternative-rule-v2.0.0,alternative-set-v2.0.0,DOMAIN_APPROVED,false,A_TO_B,,,,,"{""legacy_relationship_type"": ""INTENSITY"", ""selection_basis"": ""REX_ENDPOINT_AND_V2_CATALOG_RECHECK"", ""source_path"": ""generated/exercise-alternatives-v0.3.0/alternative_relationships.csv""}",NEX-000137:NEX-000136:INTENSITY
seated_wide_angle_stretch_mobility_stretch_bodyweight,ankle_circles_mobility_stretch_bodyweight,REX-000087,REX-000003,DISCOMFORT,SAME_GOAL,-1,"[""HIP"",""KNEE""]",[],"[""ANKLE_FOOT""]","[""KNEE""]",BODYWEIGHT,HOME|GYM,alternative-rule-v2.0.0,alternative-set-v2.0.0,DOMAIN_APPROVED,false,A_TO_B,1,3,LOAD_REDUCED,SAME_GOAL_LOWER_LOAD_ROM_EASIER_VARIANT,"{""alternative_target_muscle_code"": ""MOBILITY"", ""body_area_code"": ""HIP"", ""score_band_code"": ""NRS_1_3"", ""selection_basis"": ""DOMAIN_APPROVED_SCORE_BAND_AND_TARGET_MUSCLE_POLICY"", ""source_path"": ""normalized/v2_discomfort_alternative_mapping.csv"", ""source_target_muscle_code"": ""MOBILITY""}",mapping:HIP:NRS_1_3:REX-000087:REX-000003:DISCOMFORT
seated_wide_angle_stretch_mobility_stretch_bodyweight,ankle_circles_mobility_stretch_bodyweight,REX-000087,REX-000003,DISCOMFORT,SAME_GOAL,-1,"[""HIP"",""KNEE""]",[],"[""ANKLE_FOOT""]","[""KNEE""]",BODYWEIGHT,HOME|GYM,alternative-rule-v2.0.0,alternative-set-v2.0.0,DOMAIN_APPROVED,false,A_TO_B,1,3,LOAD_REDUCED,SAME_GOAL_LOWER_LOAD_ROM_EASIER_VARIANT,"{""alternative_target_muscle_code"": ""MOBILITY"", ""body_area_code"": ""KNEE"", ""score_band_code"": ""NRS_1_3"", ""selection_basis"": ""DOMAIN_APPROVED_SCORE_BAND_AND_TARGET_MUSCLE_POLICY"", ""source_path"": ""normalized/v2_discomfort_alternative_mapping.csv"", ""source_target_muscle_code"": ""MOBILITY""}",mapping:KNEE:NRS_1_3:REX-000087:REX-000003:DISCOMFORT
seated_wide_angle_stretch_mobility_stretch_bodyweight,bodyweight_crunch_core_brace_bodyweight,REX-000087,REX-000009,DISCOMFORT,ACTIVE_RECOVERY,-1,"[""HIP"",""KNEE""]",[],"[""ABDOMEN""]","[""LOWER_BACK""]",BODYWEIGHT,HOME|GYM,alternative-rule-v2.0.0,alternative-set-v2.0.0,DOMAIN_APPROVED,false,A_TO_B,4,6,SKIP_AFFECTED_AREA,AVOID_PAIN_AREA_ACTIVE_RECOVERY,"{""alternative_target_muscle_code"": ""CORE"", ""body_area_code"": ""HIP"", ""score_band_code"": ""NRS_4_6"", ""selection_basis"": ""DOMAIN_APPROVED_SCORE_BAND_AND_TARGET_MUSCLE_POLICY"", ""source_path"": ""normalized/v2_discomfort_alternative_mapping.csv"", ""source_target_muscle_code"": ""MOBILITY""}",mapping:HIP:NRS_4_6:REX-000087:REX-000009:DISCOMFORT
seated_wide_angle_stretch_mobility_stretch_bodyweight,bodyweight_crunch_core_brace_bodyweight,REX-000087,REX-000009,DISCOMFORT,ACTIVE_RECOVERY,-1,"[""HIP"",""KNEE""]",[],"[""ABDOMEN""]","[""LOWER_BACK""]",BODYWEIGHT,HOME|GYM,alternative-rule-v2.0.0,alternative-set-v2.0.0,DOMAIN_APPROVED,false,A_TO_B,4,6,SKIP_AFFECTED_AREA,AVOID_PAIN_AREA_ACTIVE_RECOVERY,"{""alternative_target_muscle_code"": ""CORE"", ""body_area_code"": ""KNEE"", ""score_band_code"": ""NRS_4_6"", ""selection_basis"": ""DOMAIN_APPROVED_SCORE_BAND_AND_TARGET_MUSCLE_POLICY"", ""source_path"": ""normalized/v2_discomfort_alternative_mapping.csv"", ""source_target_muscle_code"": ""MOBILITY""}",mapping:KNEE:NRS_4_6:REX-000087:REX-000009:DISCOMFORT
seated_wide_angle_stretch_mobility_stretch_bodyweight,standing_hamstring_calf_strap_stretch_mobility_stretch_stretch_strap,REX-000087,REX-000094,EQUIPMENT,MOBILITY_HAMSTRING,-1,"[""HIP"",""KNEE""]",[],"[""KNEE"",""ANKLE_FOOT""]","[""HIP""]",STRETCH_STRAP,HOME|GYM,alternative-rule-v2.0.0,alternative-set-v2.0.0,DOMAIN_APPROVED,false,A_TO_B,,,,,"{""legacy_relationship_type"": ""INTENSITY"", ""selection_basis"": ""REX_ENDPOINT_AND_V2_CATALOG_RECHECK"", ""source_path"": ""generated/exercise-alternatives-v0.3.0/alternative_relationships.csv""}",NEX-000137:NEX-000138:INTENSITY
side_lying_quadriceps_stretch_mobility_stretch_bodyweight,ankle_circles_mobility_stretch_bodyweight,REX-000088,REX-000003,DISCOMFORT,SAME_GOAL,0,"[""KNEE""]","[""HIP""]","[""ANKLE_FOOT""]","[""KNEE""]",BODYWEIGHT,HOME|GYM,alternative-rule-v2.0.0,alternative-set-v2.0.0,DOMAIN_APPROVED,false,A_TO_B,1,3,LOAD_REDUCED,SAME_GOAL_LOWER_LOAD_ROM_EASIER_VARIANT,"{""alternative_target_muscle_code"": ""MOBILITY"", ""body_area_code"": ""HIP"", ""score_band_code"": ""NRS_1_3"", ""selection_basis"": ""DOMAIN_APPROVED_SCORE_BAND_AND_TARGET_MUSCLE_POLICY"", ""source_path"": ""normalized/v2_discomfort_alternative_mapping.csv"", ""source_target_muscle_code"": ""MOBILITY""}",mapping:HIP:NRS_1_3:REX-000088:REX-000003:DISCOMFORT
side_lying_quadriceps_stretch_mobility_stretch_bodyweight,ankle_circles_mobility_stretch_bodyweight,REX-000088,REX-000003,DISCOMFORT,SAME_GOAL,0,"[""KNEE""]","[""HIP""]","[""ANKLE_FOOT""]","[""KNEE""]",BODYWEIGHT,HOME|GYM,alternative-rule-v2.0.0,alternative-set-v2.0.0,DOMAIN_APPROVED,false,A_TO_B,1,3,LOAD_REDUCED,SAME_GOAL_LOWER_LOAD_ROM_EASIER_VARIANT,"{""alternative_target_muscle_code"": ""MOBILITY"", ""body_area_code"": ""KNEE"", ""score_band_code"": ""NRS_1_3"", ""selection_basis"": ""DOMAIN_APPROVED_SCORE_BAND_AND_TARGET_MUSCLE_POLICY"", ""source_path"": ""normalized/v2_discomfort_alternative_mapping.csv"", ""source_target_muscle_code"": ""MOBILITY""}",mapping:KNEE:NRS_1_3:REX-000088:REX-000003:DISCOMFORT
side_lying_quadriceps_stretch_mobility_stretch_bodyweight,bodyweight_crunch_core_brace_bodyweight,REX-000088,REX-000009,DISCOMFORT,ACTIVE_RECOVERY,0,"[""KNEE""]","[""HIP""]","[""ABDOMEN""]","[""LOWER_BACK""]",BODYWEIGHT,HOME|GYM,alternative-rule-v2.0.0,alternative-set-v2.0.0,DOMAIN_APPROVED,false,A_TO_B,4,6,SKIP_AFFECTED_AREA,AVOID_PAIN_AREA_ACTIVE_RECOVERY,"{""alternative_target_muscle_code"": ""CORE"", ""body_area_code"": ""HIP"", ""score_band_code"": ""NRS_4_6"", ""selection_basis"": ""DOMAIN_APPROVED_SCORE_BAND_AND_TARGET_MUSCLE_POLICY"", ""source_path"": ""normalized/v2_discomfort_alternative_mapping.csv"", ""source_target_muscle_code"": ""MOBILITY""}",mapping:HIP:NRS_4_6:REX-000088:REX-000009:DISCOMFORT
side_lying_quadriceps_stretch_mobility_stretch_bodyweight,bodyweight_crunch_core_brace_bodyweight,REX-000088,REX-000009,DISCOMFORT,ACTIVE_RECOVERY,0,"[""KNEE""]","[""HIP""]","[""ABDOMEN""]","[""LOWER_BACK""]",BODYWEIGHT,HOME|GYM,alternative-rule-v2.0.0,alternative-set-v2.0.0,DOMAIN_APPROVED,false,A_TO_B,4,6,SKIP_AFFECTED_AREA,AVOID_PAIN_AREA_ACTIVE_RECOVERY,"{""alternative_target_muscle_code"": ""CORE"", ""body_area_code"": ""KNEE"", ""score_band_code"": ""NRS_4_6"", ""selection_basis"": ""DOMAIN_APPROVED_SCORE_BAND_AND_TARGET_MUSCLE_POLICY"", ""source_path"": ""normalized/v2_discomfort_alternative_mapping.csv"", ""source_target_muscle_code"": ""MOBILITY""}",mapping:KNEE:NRS_4_6:REX-000088:REX-000009:DISCOMFORT
side_wrist_pull_stretch_mobility_stretch_bodyweight,ankle_circles_mobility_stretch_bodyweight,REX-000089,REX-000003,DISCOMFORT,SAME_GOAL,0,"[""WRIST_HAND""]","[""ELBOW""]","[""ANKLE_FOOT""]","[""KNEE""]",BODYWEIGHT,HOME|GYM,alternative-rule-v2.0.0,alternative-set-v2.0.0,DOMAIN_APPROVED,false,A_TO_B,1,3,LOAD_REDUCED,SAME_GOAL_LOWER_LOAD_ROM_EASIER_VARIANT,"{""alternative_target_muscle_code"": ""MOBILITY"", ""body_area_code"": ""ELBOW"", ""score_band_code"": ""NRS_1_3"", ""selection_basis"": ""DOMAIN_APPROVED_SCORE_BAND_AND_TARGET_MUSCLE_POLICY"", ""source_path"": ""normalized/v2_discomfort_alternative_mapping.csv"", ""source_target_muscle_code"": ""MOBILITY""}",mapping:ELBOW:NRS_1_3:REX-000089:REX-000003:DISCOMFORT
side_wrist_pull_stretch_mobility_stretch_bodyweight,ankle_circles_mobility_stretch_bodyweight,REX-000089,REX-000003,DISCOMFORT,SAME_GOAL,0,"[""WRIST_HAND""]","[""ELBOW""]","[""ANKLE_FOOT""]","[""KNEE""]",BODYWEIGHT,HOME|GYM,alternative-rule-v2.0.0,alternative-set-v2.0.0,DOMAIN_APPROVED,false,A_TO_B,1,3,LOAD_REDUCED,SAME_GOAL_LOWER_LOAD_ROM_EASIER_VARIANT,"{""alternative_target_muscle_code"": ""MOBILITY"", ""body_area_code"": ""WRIST_HAND"", ""score_band_code"": ""NRS_1_3"", ""selection_basis"": ""DOMAIN_APPROVED_SCORE_BAND_AND_TARGET_MUSCLE_POLICY"", ""source_path"": ""normalized/v2_discomfort_alternative_mapping.csv"", ""source_target_muscle_code"": ""MOBILITY""}",mapping:WRIST_HAND:NRS_1_3:REX-000089:REX-000003:DISCOMFORT
side_wrist_pull_stretch_mobility_stretch_bodyweight,bodyweight_crunch_core_brace_bodyweight,REX-000089,REX-000009,DISCOMFORT,ACTIVE_RECOVERY,0,"[""WRIST_HAND""]","[""ELBOW""]","[""ABDOMEN""]","[""LOWER_BACK""]",BODYWEIGHT,HOME|GYM,alternative-rule-v2.0.0,alternative-set-v2.0.0,DOMAIN_APPROVED,false,A_TO_B,4,6,SKIP_AFFECTED_AREA,AVOID_PAIN_AREA_ACTIVE_RECOVERY,"{""alternative_target_muscle_code"": ""CORE"", ""body_area_code"": ""ELBOW"", ""score_band_code"": ""NRS_4_6"", ""selection_basis"": ""DOMAIN_APPROVED_SCORE_BAND_AND_TARGET_MUSCLE_POLICY"", ""source_path"": ""normalized/v2_discomfort_alternative_mapping.csv"", ""source_target_muscle_code"": ""MOBILITY""}",mapping:ELBOW:NRS_4_6:REX-000089:REX-000009:DISCOMFORT
side_wrist_pull_stretch_mobility_stretch_bodyweight,bodyweight_crunch_core_brace_bodyweight,REX-000089,REX-000009,DISCOMFORT,ACTIVE_RECOVERY,0,"[""WRIST_HAND""]","[""ELBOW""]","[""ABDOMEN""]","[""LOWER_BACK""]",BODYWEIGHT,HOME|GYM,alternative-rule-v2.0.0,alternative-set-v2.0.0,DOMAIN_APPROVED,false,A_TO_B,4,6,SKIP_AFFECTED_AREA,AVOID_PAIN_AREA_ACTIVE_RECOVERY,"{""alternative_target_muscle_code"": ""CORE"", ""body_area_code"": ""WRIST_HAND"", ""score_band_code"": ""NRS_4_6"", ""selection_basis"": ""DOMAIN_APPROVED_SCORE_BAND_AND_TARGET_MUSCLE_POLICY"", ""source_path"": ""normalized/v2_discomfort_alternative_mapping.csv"", ""source_target_muscle_code"": ""MOBILITY""}",mapping:WRIST_HAND:NRS_4_6:REX-000089:REX-000009:DISCOMFORT
spine_core_brace_core_brace_mat,bodyweight_crunch_core_brace_bodyweight,REX-000090,REX-000009,DISCOMFORT,SAME_GOAL,0,"[""ABDOMEN""]","[""LOWER_BACK"",""HIP"",""SHOULDER""]","[""ABDOMEN""]","[""LOWER_BACK""]",BODYWEIGHT,HOME|GYM,alternative-rule-v2.0.0,alternative-set-v2.0.0,DOMAIN_APPROVED,false,A_TO_B,1,3,LOAD_REDUCED,SAME_GOAL_LOWER_LOAD_ROM_EASIER_VARIANT,"{""alternative_target_muscle_code"": ""CORE"", ""body_area_code"": ""ABDOMEN"", ""score_band_code"": ""NRS_1_3"", ""selection_basis"": ""DOMAIN_APPROVED_SCORE_BAND_AND_TARGET_MUSCLE_POLICY"", ""source_path"": ""normalized/v2_discomfort_alternative_mapping.csv"", ""source_target_muscle_code"": ""CORE""}",mapping:ABDOMEN:NRS_1_3:REX-000090:REX-000009:DISCOMFORT
spine_core_brace_core_brace_mat,bodyweight_crunch_core_brace_bodyweight,REX-000090,REX-000009,DISCOMFORT,SAME_GOAL,0,"[""ABDOMEN""]","[""LOWER_BACK"",""HIP"",""SHOULDER""]","[""ABDOMEN""]","[""LOWER_BACK""]",BODYWEIGHT,HOME|GYM,alternative-rule-v2.0.0,alternative-set-v2.0.0,DOMAIN_APPROVED,false,A_TO_B,1,3,LOAD_REDUCED,SAME_GOAL_LOWER_LOAD_ROM_EASIER_VARIANT,"{""alternative_target_muscle_code"": ""CORE"", ""body_area_code"": ""HIP"", ""score_band_code"": ""NRS_1_3"", ""selection_basis"": ""DOMAIN_APPROVED_SCORE_BAND_AND_TARGET_MUSCLE_POLICY"", ""source_path"": ""normalized/v2_discomfort_alternative_mapping.csv"", ""source_target_muscle_code"": ""CORE""}",mapping:HIP:NRS_1_3:REX-000090:REX-000009:DISCOMFORT
spine_core_brace_core_brace_mat,bodyweight_crunch_core_brace_bodyweight,REX-000090,REX-000009,DISCOMFORT,ACTIVE_RECOVERY,0,"[""ABDOMEN""]","[""LOWER_BACK"",""HIP"",""SHOULDER""]","[""ABDOMEN""]","[""LOWER_BACK""]",BODYWEIGHT,HOME|GYM,alternative-rule-v2.0.0,alternative-set-v2.0.0,DOMAIN_APPROVED,false,A_TO_B,4,6,SKIP_AFFECTED_AREA,AVOID_PAIN_AREA_ACTIVE_RECOVERY,"{""alternative_target_muscle_code"": ""CORE"", ""body_area_code"": ""HIP"", ""score_band_code"": ""NRS_4_6"", ""selection_basis"": ""DOMAIN_APPROVED_SCORE_BAND_AND_TARGET_MUSCLE_POLICY"", ""source_path"": ""normalized/v2_discomfort_alternative_mapping.csv"", ""source_target_muscle_code"": ""CORE""}",mapping:HIP:NRS_4_6:REX-000090:REX-000009:DISCOMFORT
spine_core_brace_core_brace_mat,bodyweight_crunch_core_brace_bodyweight,REX-000090,REX-000009,DISCOMFORT,SAME_GOAL,0,"[""ABDOMEN""]","[""LOWER_BACK"",""HIP"",""SHOULDER""]","[""ABDOMEN""]","[""LOWER_BACK""]",BODYWEIGHT,HOME|GYM,alternative-rule-v2.0.0,alternative-set-v2.0.0,DOMAIN_APPROVED,false,A_TO_B,1,3,LOAD_REDUCED,SAME_GOAL_LOWER_LOAD_ROM_EASIER_VARIANT,"{""alternative_target_muscle_code"": ""CORE"", ""body_area_code"": ""LOWER_BACK"", ""score_band_code"": ""NRS_1_3"", ""selection_basis"": ""DOMAIN_APPROVED_SCORE_BAND_AND_TARGET_MUSCLE_POLICY"", ""source_path"": ""normalized/v2_discomfort_alternative_mapping.csv"", ""source_target_muscle_code"": ""CORE""}",mapping:LOWER_BACK:NRS_1_3:REX-000090:REX-000009:DISCOMFORT
spine_core_brace_core_brace_mat,bodyweight_crunch_core_brace_bodyweight,REX-000090,REX-000009,DISCOMFORT,SAME_GOAL,0,"[""ABDOMEN""]","[""LOWER_BACK"",""HIP"",""SHOULDER""]","[""ABDOMEN""]","[""LOWER_BACK""]",BODYWEIGHT,HOME|GYM,alternative-rule-v2.0.0,alternative-set-v2.0.0,DOMAIN_APPROVED,false,A_TO_B,1,3,LOAD_REDUCED,SAME_GOAL_LOWER_LOAD_ROM_EASIER_VARIANT,"{""alternative_target_muscle_code"": ""CORE"", ""body_area_code"": ""SHOULDER"", ""score_band_code"": ""NRS_1_3"", ""selection_basis"": ""DOMAIN_APPROVED_SCORE_BAND_AND_TARGET_MUSCLE_POLICY"", ""source_path"": ""normalized/v2_discomfort_alternative_mapping.csv"", ""source_target_muscle_code"": ""CORE""}",mapping:SHOULDER:NRS_1_3:REX-000090:REX-000009:DISCOMFORT
spine_core_brace_core_brace_mat,bodyweight_crunch_core_brace_bodyweight,REX-000090,REX-000009,DISCOMFORT,ACTIVE_RECOVERY,0,"[""ABDOMEN""]","[""LOWER_BACK"",""HIP"",""SHOULDER""]","[""ABDOMEN""]","[""LOWER_BACK""]",BODYWEIGHT,HOME|GYM,alternative-rule-v2.0.0,alternative-set-v2.0.0,DOMAIN_APPROVED,false,A_TO_B,4,6,SKIP_AFFECTED_AREA,AVOID_PAIN_AREA_ACTIVE_RECOVERY,"{""alternative_target_muscle_code"": ""CORE"", ""body_area_code"": ""SHOULDER"", ""score_band_code"": ""NRS_4_6"", ""selection_basis"": ""DOMAIN_APPROVED_SCORE_BAND_AND_TARGET_MUSCLE_POLICY"", ""source_path"": ""normalized/v2_discomfort_alternative_mapping.csv"", ""source_target_muscle_code"": ""CORE""}",mapping:SHOULDER:NRS_4_6:REX-000090:REX-000009:DISCOMFORT
spine_core_brace_core_brace_mat,bodyweight_standing_calf_raise_isolation_bodyweight,REX-000090,REX-000016,DISCOMFORT,ACTIVE_RECOVERY,0,"[""ABDOMEN""]","[""LOWER_BACK"",""HIP"",""SHOULDER""]","[""ANKLE_FOOT""]","[""KNEE""]",BODYWEIGHT,HOME|GYM,alternative-rule-v2.0.0,alternative-set-v2.0.0,DOMAIN_APPROVED,false,A_TO_B,4,6,SKIP_AFFECTED_AREA,AVOID_PAIN_AREA_ACTIVE_RECOVERY,"{""alternative_target_muscle_code"": ""CALVES"", ""body_area_code"": ""ABDOMEN"", ""score_band_code"": ""NRS_4_6"", ""selection_basis"": ""DOMAIN_APPROVED_SCORE_BAND_AND_TARGET_MUSCLE_POLICY"", ""source_path"": ""normalized/v2_discomfort_alternative_mapping.csv"", ""source_target_muscle_code"": ""CORE""}",mapping:ABDOMEN:NRS_4_6:REX-000090:REX-000016:DISCOMFORT
spine_core_brace_core_brace_mat,bodyweight_standing_calf_raise_isolation_bodyweight,REX-000090,REX-000016,DISCOMFORT,ACTIVE_RECOVERY,0,"[""ABDOMEN""]","[""LOWER_BACK"",""HIP"",""SHOULDER""]","[""ANKLE_FOOT""]","[""KNEE""]",BODYWEIGHT,HOME|GYM,alternative-rule-v2.0.0,alternative-set-v2.0.0,DOMAIN_APPROVED,false,A_TO_B,4,6,SKIP_AFFECTED_AREA,AVOID_PAIN_AREA_ACTIVE_RECOVERY,"{""alternative_target_muscle_code"": ""CALVES"", ""body_area_code"": ""LOWER_BACK"", ""score_band_code"": ""NRS_4_6"", ""selection_basis"": ""DOMAIN_APPROVED_SCORE_BAND_AND_TARGET_MUSCLE_POLICY"", ""source_path"": ""normalized/v2_discomfort_alternative_mapping.csv"", ""source_target_muscle_code"": ""CORE""}",mapping:LOWER_BACK:NRS_4_6:REX-000090:REX-000016:DISCOMFORT
spine_core_brace_core_brace_mat,bodyweight_reverse_crunch_core_brace_bodyweight,REX-000090,REX-000013,LOCATION,CORE_STABILITY,0,"[""ABDOMEN""]","[""LOWER_BACK"",""HIP"",""SHOULDER""]","[""ABDOMEN""]","[""LOWER_BACK""]",BODYWEIGHT,HOME|GYM,alternative-rule-v2.0.0,alternative-set-v2.0.0,DOMAIN_APPROVED,false,A_TO_B,,,,,"{""legacy_relationship_type"": ""RECOVERY"", ""selection_basis"": ""REX_ENDPOINT_AND_V2_CATALOG_RECHECK"", ""source_path"": ""generated/exercise-alternatives-v0.3.0/alternative_relationships.csv""}",NEX-000179:NEX-000094:RECOVERY
spine_stretch_mobility_stretch_bodyweight,ankle_circles_mobility_stretch_bodyweight,REX-000091,REX-000003,DISCOMFORT,SAME_GOAL,0,"[""UPPER_BACK"",""LOWER_BACK""]","[""ABDOMEN""]","[""ANKLE_FOOT""]","[""KNEE""]",BODYWEIGHT,HOME|GYM,alternative-rule-v2.0.0,alternative-set-v2.0.0,DOMAIN_APPROVED,false,A_TO_B,1,3,LOAD_REDUCED,SAME_GOAL_LOWER_LOAD_ROM_EASIER_VARIANT,"{""alternative_target_muscle_code"": ""MOBILITY"", ""body_area_code"": ""ABDOMEN"", ""score_band_code"": ""NRS_1_3"", ""selection_basis"": ""DOMAIN_APPROVED_SCORE_BAND_AND_TARGET_MUSCLE_POLICY"", ""source_path"": ""normalized/v2_discomfort_alternative_mapping.csv"", ""source_target_muscle_code"": ""MOBILITY""}",mapping:ABDOMEN:NRS_1_3:REX-000091:REX-000003:DISCOMFORT
spine_stretch_mobility_stretch_bodyweight,ankle_circles_mobility_stretch_bodyweight,REX-000091,REX-000003,DISCOMFORT,SAME_GOAL,0,"[""UPPER_BACK"",""LOWER_BACK""]","[""ABDOMEN""]","[""ANKLE_FOOT""]","[""KNEE""]",BODYWEIGHT,HOME|GYM,alternative-rule-v2.0.0,alternative-set-v2.0.0,DOMAIN_APPROVED,false,A_TO_B,1,3,LOAD_REDUCED,SAME_GOAL_LOWER_LOAD_ROM_EASIER_VARIANT,"{""alternative_target_muscle_code"": ""MOBILITY"", ""body_area_code"": ""LOWER_BACK"", ""score_band_code"": ""NRS_1_3"", ""selection_basis"": ""DOMAIN_APPROVED_SCORE_BAND_AND_TARGET_MUSCLE_POLICY"", ""source_path"": ""normalized/v2_discomfort_alternative_mapping.csv"", ""source_target_muscle_code"": ""MOBILITY""}",mapping:LOWER_BACK:NRS_1_3:REX-000091:REX-000003:DISCOMFORT
spine_stretch_mobility_stretch_bodyweight,ankle_circles_mobility_stretch_bodyweight,REX-000091,REX-000003,DISCOMFORT,SAME_GOAL,0,"[""UPPER_BACK"",""LOWER_BACK""]","[""ABDOMEN""]","[""ANKLE_FOOT""]","[""KNEE""]",BODYWEIGHT,HOME|GYM,alternative-rule-v2.0.0,alternative-set-v2.0.0,DOMAIN_APPROVED,false,A_TO_B,1,3,LOAD_REDUCED,SAME_GOAL_LOWER_LOAD_ROM_EASIER_VARIANT,"{""alternative_target_muscle_code"": ""MOBILITY"", ""body_area_code"": ""UPPER_BACK"", ""score_band_code"": ""NRS_1_3"", ""selection_basis"": ""DOMAIN_APPROVED_SCORE_BAND_AND_TARGET_MUSCLE_POLICY"", ""source_path"": ""normalized/v2_discomfort_alternative_mapping.csv"", ""source_target_muscle_code"": ""MOBILITY""}",mapping:UPPER_BACK:NRS_1_3:REX-000091:REX-000003:DISCOMFORT
spine_stretch_mobility_stretch_bodyweight,bodyweight_crunch_core_brace_bodyweight,REX-000091,REX-000009,DISCOMFORT,ACTIVE_RECOVERY,0,"[""UPPER_BACK"",""LOWER_BACK""]","[""ABDOMEN""]","[""ABDOMEN""]","[""LOWER_BACK""]",BODYWEIGHT,HOME|GYM,alternative-rule-v2.0.0,alternative-set-v2.0.0,DOMAIN_APPROVED,false,A_TO_B,4,6,SKIP_AFFECTED_AREA,AVOID_PAIN_AREA_ACTIVE_RECOVERY,"{""alternative_target_muscle_code"": ""CORE"", ""body_area_code"": ""UPPER_BACK"", ""score_band_code"": ""NRS_4_6"", ""selection_basis"": ""DOMAIN_APPROVED_SCORE_BAND_AND_TARGET_MUSCLE_POLICY"", ""source_path"": ""normalized/v2_discomfort_alternative_mapping.csv"", ""source_target_muscle_code"": ""MOBILITY""}",mapping:UPPER_BACK:NRS_4_6:REX-000091:REX-000009:DISCOMFORT
spine_stretch_mobility_stretch_bodyweight,bodyweight_standing_calf_raise_isolation_bodyweight,REX-000091,REX-000016,DISCOMFORT,ACTIVE_RECOVERY,0,"[""UPPER_BACK"",""LOWER_BACK""]","[""ABDOMEN""]","[""ANKLE_FOOT""]","[""KNEE""]",BODYWEIGHT,HOME|GYM,alternative-rule-v2.0.0,alternative-set-v2.0.0,DOMAIN_APPROVED,false,A_TO_B,4,6,SKIP_AFFECTED_AREA,AVOID_PAIN_AREA_ACTIVE_RECOVERY,"{""alternative_target_muscle_code"": ""CALVES"", ""body_area_code"": ""ABDOMEN"", ""score_band_code"": ""NRS_4_6"", ""selection_basis"": ""DOMAIN_APPROVED_SCORE_BAND_AND_TARGET_MUSCLE_POLICY"", ""source_path"": ""normalized/v2_discomfort_alternative_mapping.csv"", ""source_target_muscle_code"": ""MOBILITY""}",mapping:ABDOMEN:NRS_4_6:REX-000091:REX-000016:DISCOMFORT
spine_stretch_mobility_stretch_bodyweight,bodyweight_standing_calf_raise_isolation_bodyweight,REX-000091,REX-000016,DISCOMFORT,ACTIVE_RECOVERY,0,"[""UPPER_BACK"",""LOWER_BACK""]","[""ABDOMEN""]","[""ANKLE_FOOT""]","[""KNEE""]",BODYWEIGHT,HOME|GYM,alternative-rule-v2.0.0,alternative-set-v2.0.0,DOMAIN_APPROVED,false,A_TO_B,4,6,SKIP_AFFECTED_AREA,AVOID_PAIN_AREA_ACTIVE_RECOVERY,"{""alternative_target_muscle_code"": ""CALVES"", ""body_area_code"": ""LOWER_BACK"", ""score_band_code"": ""NRS_4_6"", ""selection_basis"": ""DOMAIN_APPROVED_SCORE_BAND_AND_TARGET_MUSCLE_POLICY"", ""source_path"": ""normalized/v2_discomfort_alternative_mapping.csv"", ""source_target_muscle_code"": ""MOBILITY""}",mapping:LOWER_BACK:NRS_4_6:REX-000091:REX-000016:DISCOMFORT
spine_twist_mobility_stretch_bodyweight,ankle_circles_mobility_stretch_bodyweight,REX-000092,REX-000003,DISCOMFORT,SAME_GOAL,0,"[""UPPER_BACK"",""LOWER_BACK""]","[""ABDOMEN""]","[""ANKLE_FOOT""]","[""KNEE""]",BODYWEIGHT,HOME|GYM,alternative-rule-v2.0.0,alternative-set-v2.0.0,DOMAIN_APPROVED,false,A_TO_B,1,3,LOAD_REDUCED,SAME_GOAL_LOWER_LOAD_ROM_EASIER_VARIANT,"{""alternative_target_muscle_code"": ""MOBILITY"", ""body_area_code"": ""ABDOMEN"", ""score_band_code"": ""NRS_1_3"", ""selection_basis"": ""DOMAIN_APPROVED_SCORE_BAND_AND_TARGET_MUSCLE_POLICY"", ""source_path"": ""normalized/v2_discomfort_alternative_mapping.csv"", ""source_target_muscle_code"": ""MOBILITY""}",mapping:ABDOMEN:NRS_1_3:REX-000092:REX-000003:DISCOMFORT
spine_twist_mobility_stretch_bodyweight,ankle_circles_mobility_stretch_bodyweight,REX-000092,REX-000003,DISCOMFORT,SAME_GOAL,0,"[""UPPER_BACK"",""LOWER_BACK""]","[""ABDOMEN""]","[""ANKLE_FOOT""]","[""KNEE""]",BODYWEIGHT,HOME|GYM,alternative-rule-v2.0.0,alternative-set-v2.0.0,DOMAIN_APPROVED,false,A_TO_B,1,3,LOAD_REDUCED,SAME_GOAL_LOWER_LOAD_ROM_EASIER_VARIANT,"{""alternative_target_muscle_code"": ""MOBILITY"", ""body_area_code"": ""LOWER_BACK"", ""score_band_code"": ""NRS_1_3"", ""selection_basis"": ""DOMAIN_APPROVED_SCORE_BAND_AND_TARGET_MUSCLE_POLICY"", ""source_path"": ""normalized/v2_discomfort_alternative_mapping.csv"", ""source_target_muscle_code"": ""MOBILITY""}",mapping:LOWER_BACK:NRS_1_3:REX-000092:REX-000003:DISCOMFORT
spine_twist_mobility_stretch_bodyweight,ankle_circles_mobility_stretch_bodyweight,REX-000092,REX-000003,DISCOMFORT,SAME_GOAL,0,"[""UPPER_BACK"",""LOWER_BACK""]","[""ABDOMEN""]","[""ANKLE_FOOT""]","[""KNEE""]",BODYWEIGHT,HOME|GYM,alternative-rule-v2.0.0,alternative-set-v2.0.0,DOMAIN_APPROVED,false,A_TO_B,1,3,LOAD_REDUCED,SAME_GOAL_LOWER_LOAD_ROM_EASIER_VARIANT,"{""alternative_target_muscle_code"": ""MOBILITY"", ""body_area_code"": ""UPPER_BACK"", ""score_band_code"": ""NRS_1_3"", ""selection_basis"": ""DOMAIN_APPROVED_SCORE_BAND_AND_TARGET_MUSCLE_POLICY"", ""source_path"": ""normalized/v2_discomfort_alternative_mapping.csv"", ""source_target_muscle_code"": ""MOBILITY""}",mapping:UPPER_BACK:NRS_1_3:REX-000092:REX-000003:DISCOMFORT
spine_twist_mobility_stretch_bodyweight,bodyweight_crunch_core_brace_bodyweight,REX-000092,REX-000009,DISCOMFORT,ACTIVE_RECOVERY,0,"[""UPPER_BACK"",""LOWER_BACK""]","[""ABDOMEN""]","[""ABDOMEN""]","[""LOWER_BACK""]",BODYWEIGHT,HOME|GYM,alternative-rule-v2.0.0,alternative-set-v2.0.0,DOMAIN_APPROVED,false,A_TO_B,4,6,SKIP_AFFECTED_AREA,AVOID_PAIN_AREA_ACTIVE_RECOVERY,"{""alternative_target_muscle_code"": ""CORE"", ""body_area_code"": ""UPPER_BACK"", ""score_band_code"": ""NRS_4_6"", ""selection_basis"": ""DOMAIN_APPROVED_SCORE_BAND_AND_TARGET_MUSCLE_POLICY"", ""source_path"": ""normalized/v2_discomfort_alternative_mapping.csv"", ""source_target_muscle_code"": ""MOBILITY""}",mapping:UPPER_BACK:NRS_4_6:REX-000092:REX-000009:DISCOMFORT
spine_twist_mobility_stretch_bodyweight,bodyweight_standing_calf_raise_isolation_bodyweight,REX-000092,REX-000016,DISCOMFORT,ACTIVE_RECOVERY,0,"[""UPPER_BACK"",""LOWER_BACK""]","[""ABDOMEN""]","[""ANKLE_FOOT""]","[""KNEE""]",BODYWEIGHT,HOME|GYM,alternative-rule-v2.0.0,alternative-set-v2.0.0,DOMAIN_APPROVED,false,A_TO_B,4,6,SKIP_AFFECTED_AREA,AVOID_PAIN_AREA_ACTIVE_RECOVERY,"{""alternative_target_muscle_code"": ""CALVES"", ""body_area_code"": ""ABDOMEN"", ""score_band_code"": ""NRS_4_6"", ""selection_basis"": ""DOMAIN_APPROVED_SCORE_BAND_AND_TARGET_MUSCLE_POLICY"", ""source_path"": ""normalized/v2_discomfort_alternative_mapping.csv"", ""source_target_muscle_code"": ""MOBILITY""}",mapping:ABDOMEN:NRS_4_6:REX-000092:REX-000016:DISCOMFORT
spine_twist_mobility_stretch_bodyweight,bodyweight_standing_calf_raise_isolation_bodyweight,REX-000092,REX-000016,DISCOMFORT,ACTIVE_RECOVERY,0,"[""UPPER_BACK"",""LOWER_BACK""]","[""ABDOMEN""]","[""ANKLE_FOOT""]","[""KNEE""]",BODYWEIGHT,HOME|GYM,alternative-rule-v2.0.0,alternative-set-v2.0.0,DOMAIN_APPROVED,false,A_TO_B,4,6,SKIP_AFFECTED_AREA,AVOID_PAIN_AREA_ACTIVE_RECOVERY,"{""alternative_target_muscle_code"": ""CALVES"", ""body_area_code"": ""LOWER_BACK"", ""score_band_code"": ""NRS_4_6"", ""selection_basis"": ""DOMAIN_APPROVED_SCORE_BAND_AND_TARGET_MUSCLE_POLICY"", ""source_path"": ""normalized/v2_discomfort_alternative_mapping.csv"", ""source_target_muscle_code"": ""MOBILITY""}",mapping:LOWER_BACK:NRS_4_6:REX-000092:REX-000016:DISCOMFORT
squat_variant_knee_dominant_barbell,bodyweight_crunch_core_brace_bodyweight,REX-000093,REX-000009,DISCOMFORT,ACTIVE_RECOVERY,-1,"[""KNEE"",""HIP""]","[""LOWER_BACK"",""ANKLE_FOOT""]","[""ABDOMEN""]","[""LOWER_BACK""]",BODYWEIGHT,HOME|GYM,alternative-rule-v2.0.0,alternative-set-v2.0.0,DOMAIN_APPROVED,false,A_TO_B,4,6,SKIP_AFFECTED_AREA,AVOID_PAIN_AREA_ACTIVE_RECOVERY,"{""alternative_target_muscle_code"": ""CORE"", ""body_area_code"": ""ANKLE_FOOT"", ""score_band_code"": ""NRS_4_6"", ""selection_basis"": ""DOMAIN_APPROVED_SCORE_BAND_AND_TARGET_MUSCLE_POLICY"", ""source_path"": ""normalized/v2_discomfort_alternative_mapping.csv"", ""source_target_muscle_code"": ""QUADRICEPS""}",mapping:ANKLE_FOOT:NRS_4_6:REX-000093:REX-000009:DISCOMFORT
squat_variant_knee_dominant_barbell,bodyweight_crunch_core_brace_bodyweight,REX-000093,REX-000009,DISCOMFORT,ACTIVE_RECOVERY,-1,"[""KNEE"",""HIP""]","[""LOWER_BACK"",""ANKLE_FOOT""]","[""ABDOMEN""]","[""LOWER_BACK""]",BODYWEIGHT,HOME|GYM,alternative-rule-v2.0.0,alternative-set-v2.0.0,DOMAIN_APPROVED,false,A_TO_B,4,6,SKIP_AFFECTED_AREA,AVOID_PAIN_AREA_ACTIVE_RECOVERY,"{""alternative_target_muscle_code"": ""CORE"", ""body_area_code"": ""HIP"", ""score_band_code"": ""NRS_4_6"", ""selection_basis"": ""DOMAIN_APPROVED_SCORE_BAND_AND_TARGET_MUSCLE_POLICY"", ""source_path"": ""normalized/v2_discomfort_alternative_mapping.csv"", ""source_target_muscle_code"": ""QUADRICEPS""}",mapping:HIP:NRS_4_6:REX-000093:REX-000009:DISCOMFORT
squat_variant_knee_dominant_barbell,bodyweight_crunch_core_brace_bodyweight,REX-000093,REX-000009,DISCOMFORT,ACTIVE_RECOVERY,-1,"[""KNEE"",""HIP""]","[""LOWER_BACK"",""ANKLE_FOOT""]","[""ABDOMEN""]","[""LOWER_BACK""]",BODYWEIGHT,HOME|GYM,alternative-rule-v2.0.0,alternative-set-v2.0.0,DOMAIN_APPROVED,false,A_TO_B,4,6,SKIP_AFFECTED_AREA,AVOID_PAIN_AREA_ACTIVE_RECOVERY,"{""alternative_target_muscle_code"": ""CORE"", ""body_area_code"": ""KNEE"", ""score_band_code"": ""NRS_4_6"", ""selection_basis"": ""DOMAIN_APPROVED_SCORE_BAND_AND_TARGET_MUSCLE_POLICY"", ""source_path"": ""normalized/v2_discomfort_alternative_mapping.csv"", ""source_target_muscle_code"": ""QUADRICEPS""}",mapping:KNEE:NRS_4_6:REX-000093:REX-000009:DISCOMFORT
squat_variant_knee_dominant_barbell,bodyweight_standing_calf_raise_isolation_bodyweight,REX-000093,REX-000016,DISCOMFORT,ACTIVE_RECOVERY,-1,"[""KNEE"",""HIP""]","[""LOWER_BACK"",""ANKLE_FOOT""]","[""ANKLE_FOOT""]","[""KNEE""]",BODYWEIGHT,HOME|GYM,alternative-rule-v2.0.0,alternative-set-v2.0.0,DOMAIN_APPROVED,false,A_TO_B,4,6,SKIP_AFFECTED_AREA,AVOID_PAIN_AREA_ACTIVE_RECOVERY,"{""alternative_target_muscle_code"": ""CALVES"", ""body_area_code"": ""LOWER_BACK"", ""score_band_code"": ""NRS_4_6"", ""selection_basis"": ""DOMAIN_APPROVED_SCORE_BAND_AND_TARGET_MUSCLE_POLICY"", ""source_path"": ""normalized/v2_discomfort_alternative_mapping.csv"", ""source_target_muscle_code"": ""QUADRICEPS""}",mapping:LOWER_BACK:NRS_4_6:REX-000093:REX-000016:DISCOMFORT
squat_variant_knee_dominant_barbell,leg_press_knee_dominant_resistance_band,REX-000093,REX-000069,DISCOMFORT,SAME_GOAL,-1,"[""KNEE"",""HIP""]","[""LOWER_BACK"",""ANKLE_FOOT""]","[""KNEE""]","[""HIP""]",RESISTANCE_BAND,HOME,alternative-rule-v2.0.0,alternative-set-v2.0.0,DOMAIN_APPROVED,false,A_TO_B,1,3,LOAD_REDUCED,SAME_GOAL_LOWER_LOAD_ROM_EASIER_VARIANT,"{""alternative_target_muscle_code"": ""QUADRICEPS"", ""body_area_code"": ""ANKLE_FOOT"", ""score_band_code"": ""NRS_1_3"", ""selection_basis"": ""DOMAIN_APPROVED_SCORE_BAND_AND_TARGET_MUSCLE_POLICY"", ""source_path"": ""normalized/v2_discomfort_alternative_mapping.csv"", ""source_target_muscle_code"": ""QUADRICEPS""}",mapping:ANKLE_FOOT:NRS_1_3:REX-000093:REX-000069:DISCOMFORT
squat_variant_knee_dominant_barbell,leg_press_knee_dominant_resistance_band,REX-000093,REX-000069,DISCOMFORT,SAME_GOAL,-1,"[""KNEE"",""HIP""]","[""LOWER_BACK"",""ANKLE_FOOT""]","[""KNEE""]","[""HIP""]",RESISTANCE_BAND,HOME,alternative-rule-v2.0.0,alternative-set-v2.0.0,DOMAIN_APPROVED,false,A_TO_B,1,3,LOAD_REDUCED,SAME_GOAL_LOWER_LOAD_ROM_EASIER_VARIANT,"{""alternative_target_muscle_code"": ""QUADRICEPS"", ""body_area_code"": ""HIP"", ""score_band_code"": ""NRS_1_3"", ""selection_basis"": ""DOMAIN_APPROVED_SCORE_BAND_AND_TARGET_MUSCLE_POLICY"", ""source_path"": ""normalized/v2_discomfort_alternative_mapping.csv"", ""source_target_muscle_code"": ""QUADRICEPS""}",mapping:HIP:NRS_1_3:REX-000093:REX-000069:DISCOMFORT
squat_variant_knee_dominant_barbell,leg_press_knee_dominant_resistance_band,REX-000093,REX-000069,DISCOMFORT,SAME_GOAL,-1,"[""KNEE"",""HIP""]","[""LOWER_BACK"",""ANKLE_FOOT""]","[""KNEE""]","[""HIP""]",RESISTANCE_BAND,HOME,alternative-rule-v2.0.0,alternative-set-v2.0.0,DOMAIN_APPROVED,false,A_TO_B,1,3,LOAD_REDUCED,SAME_GOAL_LOWER_LOAD_ROM_EASIER_VARIANT,"{""alternative_target_muscle_code"": ""QUADRICEPS"", ""body_area_code"": ""KNEE"", ""score_band_code"": ""NRS_1_3"", ""selection_basis"": ""DOMAIN_APPROVED_SCORE_BAND_AND_TARGET_MUSCLE_POLICY"", ""source_path"": ""normalized/v2_discomfort_alternative_mapping.csv"", ""source_target_muscle_code"": ""QUADRICEPS""}",mapping:KNEE:NRS_1_3:REX-000093:REX-000069:DISCOMFORT
squat_variant_knee_dominant_barbell,leg_press_knee_dominant_resistance_band,REX-000093,REX-000069,DISCOMFORT,SAME_GOAL,-1,"[""KNEE"",""HIP""]","[""LOWER_BACK"",""ANKLE_FOOT""]","[""KNEE""]","[""HIP""]",RESISTANCE_BAND,HOME,alternative-rule-v2.0.0,alternative-set-v2.0.0,DOMAIN_APPROVED,false,A_TO_B,1,3,LOAD_REDUCED,SAME_GOAL_LOWER_LOAD_ROM_EASIER_VARIANT,"{""alternative_target_muscle_code"": ""QUADRICEPS"", ""body_area_code"": ""LOWER_BACK"", ""score_band_code"": ""NRS_1_3"", ""selection_basis"": ""DOMAIN_APPROVED_SCORE_BAND_AND_TARGET_MUSCLE_POLICY"", ""source_path"": ""normalized/v2_discomfort_alternative_mapping.csv"", ""source_target_muscle_code"": ""QUADRICEPS""}",mapping:LOWER_BACK:NRS_1_3:REX-000093:REX-000069:DISCOMFORT
squat_variant_knee_dominant_barbell,bodyweight_forward_lunge_knee_dominant_bodyweight,REX-000093,REX-000010,LOCATION,KNEE_DOMINANT_STRENGTH,0,"[""KNEE"",""HIP""]","[""LOWER_BACK"",""ANKLE_FOOT""]","[""HIP"",""KNEE""]","[""ANKLE_FOOT""]",BODYWEIGHT,HOME|GYM,alternative-rule-v2.0.0,alternative-set-v2.0.0,DOMAIN_APPROVED,false,A_TO_B,,,,,"{""legacy_relationship_type"": ""CONSTRAINT"", ""selection_basis"": ""REX_ENDPOINT_AND_V2_CATALOG_RECHECK"", ""source_path"": ""generated/exercise-alternatives-v0.3.0/alternative_relationships.csv""}",NEX-000197:NEX-000167:CONSTRAINT
squat_variant_knee_dominant_barbell,dumbbell_step_up_lunge_knee_dominant_dumbbell_step_box,REX-000093,REX-000031,LOCATION,KNEE_DOMINANT_STRENGTH,0,"[""KNEE"",""HIP""]","[""LOWER_BACK"",""ANKLE_FOOT""]","[""KNEE"",""HIP""]","[""ANKLE_FOOT""]",DUMBBELL|STEP_BOX,HOME|GYM,alternative-rule-v2.0.0,alternative-set-v2.0.0,DOMAIN_APPROVED,false,A_TO_B,,,,,"{""legacy_relationship_type"": ""CONSTRAINT"", ""selection_basis"": ""REX_ENDPOINT_AND_V2_CATALOG_RECHECK"", ""source_path"": ""generated/exercise-alternatives-v0.3.0/alternative_relationships.csv""}",NEX-000197:NEX-000159:CONSTRAINT
standing_hamstring_calf_strap_stretch_mobility_stretch_stretch_strap,ankle_circles_mobility_stretch_bodyweight,REX-000094,REX-000003,DISCOMFORT,SAME_GOAL,0,"[""KNEE"",""ANKLE_FOOT""]","[""HIP""]","[""ANKLE_FOOT""]","[""KNEE""]",BODYWEIGHT,HOME|GYM,alternative-rule-v2.0.0,alternative-set-v2.0.0,DOMAIN_APPROVED,false,A_TO_B,1,3,LOAD_REDUCED,SAME_GOAL_LOWER_LOAD_ROM_EASIER_VARIANT,"{""alternative_target_muscle_code"": ""MOBILITY"", ""body_area_code"": ""ANKLE_FOOT"", ""score_band_code"": ""NRS_1_3"", ""selection_basis"": ""DOMAIN_APPROVED_SCORE_BAND_AND_TARGET_MUSCLE_POLICY"", ""source_path"": ""normalized/v2_discomfort_alternative_mapping.csv"", ""source_target_muscle_code"": ""MOBILITY""}",mapping:ANKLE_FOOT:NRS_1_3:REX-000094:REX-000003:DISCOMFORT
standing_hamstring_calf_strap_stretch_mobility_stretch_stretch_strap,ankle_circles_mobility_stretch_bodyweight,REX-000094,REX-000003,DISCOMFORT,SAME_GOAL,0,"[""KNEE"",""ANKLE_FOOT""]","[""HIP""]","[""ANKLE_FOOT""]","[""KNEE""]",BODYWEIGHT,HOME|GYM,alternative-rule-v2.0.0,alternative-set-v2.0.0,DOMAIN_APPROVED,false,A_TO_B,1,3,LOAD_REDUCED,SAME_GOAL_LOWER_LOAD_ROM_EASIER_VARIANT,"{""alternative_target_muscle_code"": ""MOBILITY"", ""body_area_code"": ""HIP"", ""score_band_code"": ""NRS_1_3"", ""selection_basis"": ""DOMAIN_APPROVED_SCORE_BAND_AND_TARGET_MUSCLE_POLICY"", ""source_path"": ""normalized/v2_discomfort_alternative_mapping.csv"", ""source_target_muscle_code"": ""MOBILITY""}",mapping:HIP:NRS_1_3:REX-000094:REX-000003:DISCOMFORT
standing_hamstring_calf_strap_stretch_mobility_stretch_stretch_strap,ankle_circles_mobility_stretch_bodyweight,REX-000094,REX-000003,DISCOMFORT,SAME_GOAL,0,"[""KNEE"",""ANKLE_FOOT""]","[""HIP""]","[""ANKLE_FOOT""]","[""KNEE""]",BODYWEIGHT,HOME|GYM,alternative-rule-v2.0.0,alternative-set-v2.0.0,DOMAIN_APPROVED,false,A_TO_B,1,3,LOAD_REDUCED,SAME_GOAL_LOWER_LOAD_ROM_EASIER_VARIANT,"{""alternative_target_muscle_code"": ""MOBILITY"", ""body_area_code"": ""KNEE"", ""score_band_code"": ""NRS_1_3"", ""selection_basis"": ""DOMAIN_APPROVED_SCORE_BAND_AND_TARGET_MUSCLE_POLICY"", ""source_path"": ""normalized/v2_discomfort_alternative_mapping.csv"", ""source_target_muscle_code"": ""MOBILITY""}",mapping:KNEE:NRS_1_3:REX-000094:REX-000003:DISCOMFORT
standing_hamstring_calf_strap_stretch_mobility_stretch_stretch_strap,bodyweight_crunch_core_brace_bodyweight,REX-000094,REX-000009,DISCOMFORT,ACTIVE_RECOVERY,0,"[""KNEE"",""ANKLE_FOOT""]","[""HIP""]","[""ABDOMEN""]","[""LOWER_BACK""]",BODYWEIGHT,HOME|GYM,alternative-rule-v2.0.0,alternative-set-v2.0.0,DOMAIN_APPROVED,false,A_TO_B,4,6,SKIP_AFFECTED_AREA,AVOID_PAIN_AREA_ACTIVE_RECOVERY,"{""alternative_target_muscle_code"": ""CORE"", ""body_area_code"": ""ANKLE_FOOT"", ""score_band_code"": ""NRS_4_6"", ""selection_basis"": ""DOMAIN_APPROVED_SCORE_BAND_AND_TARGET_MUSCLE_POLICY"", ""source_path"": ""normalized/v2_discomfort_alternative_mapping.csv"", ""source_target_muscle_code"": ""MOBILITY""}",mapping:ANKLE_FOOT:NRS_4_6:REX-000094:REX-000009:DISCOMFORT
standing_hamstring_calf_strap_stretch_mobility_stretch_stretch_strap,bodyweight_crunch_core_brace_bodyweight,REX-000094,REX-000009,DISCOMFORT,ACTIVE_RECOVERY,0,"[""KNEE"",""ANKLE_FOOT""]","[""HIP""]","[""ABDOMEN""]","[""LOWER_BACK""]",BODYWEIGHT,HOME|GYM,alternative-rule-v2.0.0,alternative-set-v2.0.0,DOMAIN_APPROVED,false,A_TO_B,4,6,SKIP_AFFECTED_AREA,AVOID_PAIN_AREA_ACTIVE_RECOVERY,"{""alternative_target_muscle_code"": ""CORE"", ""body_area_code"": ""HIP"", ""score_band_code"": ""NRS_4_6"", ""selection_basis"": ""DOMAIN_APPROVED_SCORE_BAND_AND_TARGET_MUSCLE_POLICY"", ""source_path"": ""normalized/v2_discomfort_alternative_mapping.csv"", ""source_target_muscle_code"": ""MOBILITY""}",mapping:HIP:NRS_4_6:REX-000094:REX-000009:DISCOMFORT
standing_hamstring_calf_strap_stretch_mobility_stretch_stretch_strap,bodyweight_crunch_core_brace_bodyweight,REX-000094,REX-000009,DISCOMFORT,ACTIVE_RECOVERY,0,"[""KNEE"",""ANKLE_FOOT""]","[""HIP""]","[""ABDOMEN""]","[""LOWER_BACK""]",BODYWEIGHT,HOME|GYM,alternative-rule-v2.0.0,alternative-set-v2.0.0,DOMAIN_APPROVED,false,A_TO_B,4,6,SKIP_AFFECTED_AREA,AVOID_PAIN_AREA_ACTIVE_RECOVERY,"{""alternative_target_muscle_code"": ""CORE"", ""body_area_code"": ""KNEE"", ""score_band_code"": ""NRS_4_6"", ""selection_basis"": ""DOMAIN_APPROVED_SCORE_BAND_AND_TARGET_MUSCLE_POLICY"", ""source_path"": ""normalized/v2_discomfort_alternative_mapping.csv"", ""source_target_muscle_code"": ""MOBILITY""}",mapping:KNEE:NRS_4_6:REX-000094:REX-000009:DISCOMFORT
standing_hamstring_calf_strap_stretch_mobility_stretch_stretch_strap,hamstring_stretch_mobility_stretch_bodyweight,REX-000094,REX-000034,EQUIPMENT,MOBILITY_HAMSTRING,0,"[""KNEE"",""ANKLE_FOOT""]","[""HIP""]","[""KNEE""]","[""HIP""]",BODYWEIGHT,HOME|GYM,alternative-rule-v2.0.0,alternative-set-v2.0.0,DOMAIN_APPROVED,false,A_TO_B,,,,,"{""selection_basis"": ""APPROVED_STRETCH_STRAP_TO_BODYWEIGHT_RELATION"", ""source_path"": ""normalized/v2_representative_decisions.json""}",policy:REX-000094:REX-000034:EQUIPMENT
standing_lateral_stretch_mobility_stretch_bodyweight,ankle_circles_mobility_stretch_bodyweight,REX-000095,REX-000003,DISCOMFORT,SAME_GOAL,0,"[""UPPER_BACK""]","[""LOWER_BACK"",""ABDOMEN""]","[""ANKLE_FOOT""]","[""KNEE""]",BODYWEIGHT,HOME|GYM,alternative-rule-v2.0.0,alternative-set-v2.0.0,DOMAIN_APPROVED,false,A_TO_B,1,3,LOAD_REDUCED,SAME_GOAL_LOWER_LOAD_ROM_EASIER_VARIANT,"{""alternative_target_muscle_code"": ""MOBILITY"", ""body_area_code"": ""ABDOMEN"", ""score_band_code"": ""NRS_1_3"", ""selection_basis"": ""DOMAIN_APPROVED_SCORE_BAND_AND_TARGET_MUSCLE_POLICY"", ""source_path"": ""normalized/v2_discomfort_alternative_mapping.csv"", ""source_target_muscle_code"": ""MOBILITY""}",mapping:ABDOMEN:NRS_1_3:REX-000095:REX-000003:DISCOMFORT
standing_lateral_stretch_mobility_stretch_bodyweight,ankle_circles_mobility_stretch_bodyweight,REX-000095,REX-000003,DISCOMFORT,SAME_GOAL,0,"[""UPPER_BACK""]","[""LOWER_BACK"",""ABDOMEN""]","[""ANKLE_FOOT""]","[""KNEE""]",BODYWEIGHT,HOME|GYM,alternative-rule-v2.0.0,alternative-set-v2.0.0,DOMAIN_APPROVED,false,A_TO_B,1,3,LOAD_REDUCED,SAME_GOAL_LOWER_LOAD_ROM_EASIER_VARIANT,"{""alternative_target_muscle_code"": ""MOBILITY"", ""body_area_code"": ""LOWER_BACK"", ""score_band_code"": ""NRS_1_3"", ""selection_basis"": ""DOMAIN_APPROVED_SCORE_BAND_AND_TARGET_MUSCLE_POLICY"", ""source_path"": ""normalized/v2_discomfort_alternative_mapping.csv"", ""source_target_muscle_code"": ""MOBILITY""}",mapping:LOWER_BACK:NRS_1_3:REX-000095:REX-000003:DISCOMFORT
standing_lateral_stretch_mobility_stretch_bodyweight,ankle_circles_mobility_stretch_bodyweight,REX-000095,REX-000003,DISCOMFORT,SAME_GOAL,0,"[""UPPER_BACK""]","[""LOWER_BACK"",""ABDOMEN""]","[""ANKLE_FOOT""]","[""KNEE""]",BODYWEIGHT,HOME|GYM,alternative-rule-v2.0.0,alternative-set-v2.0.0,DOMAIN_APPROVED,false,A_TO_B,1,3,LOAD_REDUCED,SAME_GOAL_LOWER_LOAD_ROM_EASIER_VARIANT,"{""alternative_target_muscle_code"": ""MOBILITY"", ""body_area_code"": ""UPPER_BACK"", ""score_band_code"": ""NRS_1_3"", ""selection_basis"": ""DOMAIN_APPROVED_SCORE_BAND_AND_TARGET_MUSCLE_POLICY"", ""source_path"": ""normalized/v2_discomfort_alternative_mapping.csv"", ""source_target_muscle_code"": ""MOBILITY""}",mapping:UPPER_BACK:NRS_1_3:REX-000095:REX-000003:DISCOMFORT
standing_lateral_stretch_mobility_stretch_bodyweight,bodyweight_crunch_core_brace_bodyweight,REX-000095,REX-000009,DISCOMFORT,ACTIVE_RECOVERY,0,"[""UPPER_BACK""]","[""LOWER_BACK"",""ABDOMEN""]","[""ABDOMEN""]","[""LOWER_BACK""]",BODYWEIGHT,HOME|GYM,alternative-rule-v2.0.0,alternative-set-v2.0.0,DOMAIN_APPROVED,false,A_TO_B,4,6,SKIP_AFFECTED_AREA,AVOID_PAIN_AREA_ACTIVE_RECOVERY,"{""alternative_target_muscle_code"": ""CORE"", ""body_area_code"": ""UPPER_BACK"", ""score_band_code"": ""NRS_4_6"", ""selection_basis"": ""DOMAIN_APPROVED_SCORE_BAND_AND_TARGET_MUSCLE_POLICY"", ""source_path"": ""normalized/v2_discomfort_alternative_mapping.csv"", ""source_target_muscle_code"": ""MOBILITY""}",mapping:UPPER_BACK:NRS_4_6:REX-000095:REX-000009:DISCOMFORT
standing_lateral_stretch_mobility_stretch_bodyweight,bodyweight_standing_calf_raise_isolation_bodyweight,REX-000095,REX-000016,DISCOMFORT,ACTIVE_RECOVERY,0,"[""UPPER_BACK""]","[""LOWER_BACK"",""ABDOMEN""]","[""ANKLE_FOOT""]","[""KNEE""]",BODYWEIGHT,HOME|GYM,alternative-rule-v2.0.0,alternative-set-v2.0.0,DOMAIN_APPROVED,false,A_TO_B,4,6,SKIP_AFFECTED_AREA,AVOID_PAIN_AREA_ACTIVE_RECOVERY,"{""alternative_target_muscle_code"": ""CALVES"", ""body_area_code"": ""ABDOMEN"", ""score_band_code"": ""NRS_4_6"", ""selection_basis"": ""DOMAIN_APPROVED_SCORE_BAND_AND_TARGET_MUSCLE_POLICY"", ""source_path"": ""normalized/v2_discomfort_alternative_mapping.csv"", ""source_target_muscle_code"": ""MOBILITY""}",mapping:ABDOMEN:NRS_4_6:REX-000095:REX-000016:DISCOMFORT
standing_lateral_stretch_mobility_stretch_bodyweight,bodyweight_standing_calf_raise_isolation_bodyweight,REX-000095,REX-000016,DISCOMFORT,ACTIVE_RECOVERY,0,"[""UPPER_BACK""]","[""LOWER_BACK"",""ABDOMEN""]","[""ANKLE_FOOT""]","[""KNEE""]",BODYWEIGHT,HOME|GYM,alternative-rule-v2.0.0,alternative-set-v2.0.0,DOMAIN_APPROVED,false,A_TO_B,4,6,SKIP_AFFECTED_AREA,AVOID_PAIN_AREA_ACTIVE_RECOVERY,"{""alternative_target_muscle_code"": ""CALVES"", ""body_area_code"": ""LOWER_BACK"", ""score_band_code"": ""NRS_4_6"", ""selection_basis"": ""DOMAIN_APPROVED_SCORE_BAND_AND_TARGET_MUSCLE_POLICY"", ""source_path"": ""normalized/v2_discomfort_alternative_mapping.csv"", ""source_target_muscle_code"": ""MOBILITY""}",mapping:LOWER_BACK:NRS_4_6:REX-000095:REX-000016:DISCOMFORT
triceps_stretch_mobility_stretch_bodyweight,ankle_circles_mobility_stretch_bodyweight,REX-000096,REX-000003,DISCOMFORT,SAME_GOAL,0,"[""ELBOW""]","[""SHOULDER"",""WRIST_HAND""]","[""ANKLE_FOOT""]","[""KNEE""]",BODYWEIGHT,HOME|GYM,alternative-rule-v2.0.0,alternative-set-v2.0.0,DOMAIN_APPROVED,false,A_TO_B,1,3,LOAD_REDUCED,SAME_GOAL_LOWER_LOAD_ROM_EASIER_VARIANT,"{""alternative_target_muscle_code"": ""MOBILITY"", ""body_area_code"": ""ELBOW"", ""score_band_code"": ""NRS_1_3"", ""selection_basis"": ""DOMAIN_APPROVED_SCORE_BAND_AND_TARGET_MUSCLE_POLICY"", ""source_path"": ""normalized/v2_discomfort_alternative_mapping.csv"", ""source_target_muscle_code"": ""MOBILITY""}",mapping:ELBOW:NRS_1_3:REX-000096:REX-000003:DISCOMFORT
triceps_stretch_mobility_stretch_bodyweight,ankle_circles_mobility_stretch_bodyweight,REX-000096,REX-000003,DISCOMFORT,SAME_GOAL,0,"[""ELBOW""]","[""SHOULDER"",""WRIST_HAND""]","[""ANKLE_FOOT""]","[""KNEE""]",BODYWEIGHT,HOME|GYM,alternative-rule-v2.0.0,alternative-set-v2.0.0,DOMAIN_APPROVED,false,A_TO_B,1,3,LOAD_REDUCED,SAME_GOAL_LOWER_LOAD_ROM_EASIER_VARIANT,"{""alternative_target_muscle_code"": ""MOBILITY"", ""body_area_code"": ""SHOULDER"", ""score_band_code"": ""NRS_1_3"", ""selection_basis"": ""DOMAIN_APPROVED_SCORE_BAND_AND_TARGET_MUSCLE_POLICY"", ""source_path"": ""normalized/v2_discomfort_alternative_mapping.csv"", ""source_target_muscle_code"": ""MOBILITY""}",mapping:SHOULDER:NRS_1_3:REX-000096:REX-000003:DISCOMFORT
triceps_stretch_mobility_stretch_bodyweight,ankle_circles_mobility_stretch_bodyweight,REX-000096,REX-000003,DISCOMFORT,SAME_GOAL,0,"[""ELBOW""]","[""SHOULDER"",""WRIST_HAND""]","[""ANKLE_FOOT""]","[""KNEE""]",BODYWEIGHT,HOME|GYM,alternative-rule-v2.0.0,alternative-set-v2.0.0,DOMAIN_APPROVED,false,A_TO_B,1,3,LOAD_REDUCED,SAME_GOAL_LOWER_LOAD_ROM_EASIER_VARIANT,"{""alternative_target_muscle_code"": ""MOBILITY"", ""body_area_code"": ""WRIST_HAND"", ""score_band_code"": ""NRS_1_3"", ""selection_basis"": ""DOMAIN_APPROVED_SCORE_BAND_AND_TARGET_MUSCLE_POLICY"", ""source_path"": ""normalized/v2_discomfort_alternative_mapping.csv"", ""source_target_muscle_code"": ""MOBILITY""}",mapping:WRIST_HAND:NRS_1_3:REX-000096:REX-000003:DISCOMFORT
triceps_stretch_mobility_stretch_bodyweight,bodyweight_crunch_core_brace_bodyweight,REX-000096,REX-000009,DISCOMFORT,ACTIVE_RECOVERY,0,"[""ELBOW""]","[""SHOULDER"",""WRIST_HAND""]","[""ABDOMEN""]","[""LOWER_BACK""]",BODYWEIGHT,HOME|GYM,alternative-rule-v2.0.0,alternative-set-v2.0.0,DOMAIN_APPROVED,false,A_TO_B,4,6,SKIP_AFFECTED_AREA,AVOID_PAIN_AREA_ACTIVE_RECOVERY,"{""alternative_target_muscle_code"": ""CORE"", ""body_area_code"": ""ELBOW"", ""score_band_code"": ""NRS_4_6"", ""selection_basis"": ""DOMAIN_APPROVED_SCORE_BAND_AND_TARGET_MUSCLE_POLICY"", ""source_path"": ""normalized/v2_discomfort_alternative_mapping.csv"", ""source_target_muscle_code"": ""MOBILITY""}",mapping:ELBOW:NRS_4_6:REX-000096:REX-000009:DISCOMFORT
triceps_stretch_mobility_stretch_bodyweight,bodyweight_crunch_core_brace_bodyweight,REX-000096,REX-000009,DISCOMFORT,ACTIVE_RECOVERY,0,"[""ELBOW""]","[""SHOULDER"",""WRIST_HAND""]","[""ABDOMEN""]","[""LOWER_BACK""]",BODYWEIGHT,HOME|GYM,alternative-rule-v2.0.0,alternative-set-v2.0.0,DOMAIN_APPROVED,false,A_TO_B,4,6,SKIP_AFFECTED_AREA,AVOID_PAIN_AREA_ACTIVE_RECOVERY,"{""alternative_target_muscle_code"": ""CORE"", ""body_area_code"": ""SHOULDER"", ""score_band_code"": ""NRS_4_6"", ""selection_basis"": ""DOMAIN_APPROVED_SCORE_BAND_AND_TARGET_MUSCLE_POLICY"", ""source_path"": ""normalized/v2_discomfort_alternative_mapping.csv"", ""source_target_muscle_code"": ""MOBILITY""}",mapping:SHOULDER:NRS_4_6:REX-000096:REX-000009:DISCOMFORT
triceps_stretch_mobility_stretch_bodyweight,bodyweight_crunch_core_brace_bodyweight,REX-000096,REX-000009,DISCOMFORT,ACTIVE_RECOVERY,0,"[""ELBOW""]","[""SHOULDER"",""WRIST_HAND""]","[""ABDOMEN""]","[""LOWER_BACK""]",BODYWEIGHT,HOME|GYM,alternative-rule-v2.0.0,alternative-set-v2.0.0,DOMAIN_APPROVED,false,A_TO_B,4,6,SKIP_AFFECTED_AREA,AVOID_PAIN_AREA_ACTIVE_RECOVERY,"{""alternative_target_muscle_code"": ""CORE"", ""body_area_code"": ""WRIST_HAND"", ""score_band_code"": ""NRS_4_6"", ""selection_basis"": ""DOMAIN_APPROVED_SCORE_BAND_AND_TARGET_MUSCLE_POLICY"", ""source_path"": ""normalized/v2_discomfort_alternative_mapping.csv"", ""source_target_muscle_code"": ""MOBILITY""}",mapping:WRIST_HAND:NRS_4_6:REX-000096:REX-000009:DISCOMFORT
upper_back_isolation_isolation_resistance_band,bodyweight_crunch_core_brace_bodyweight,REX-000097,REX-000009,DISCOMFORT,ACTIVE_RECOVERY,0,"[""UPPER_BACK""]","[""SHOULDER"",""ELBOW""]","[""ABDOMEN""]","[""LOWER_BACK""]",BODYWEIGHT,HOME|GYM,alternative-rule-v2.0.0,alternative-set-v2.0.0,DOMAIN_APPROVED,false,A_TO_B,4,6,SKIP_AFFECTED_AREA,AVOID_PAIN_AREA_ACTIVE_RECOVERY,"{""alternative_target_muscle_code"": ""CORE"", ""body_area_code"": ""ELBOW"", ""score_band_code"": ""NRS_4_6"", ""selection_basis"": ""DOMAIN_APPROVED_SCORE_BAND_AND_TARGET_MUSCLE_POLICY"", ""source_path"": ""normalized/v2_discomfort_alternative_mapping.csv"", ""source_target_muscle_code"": ""BACK""}",mapping:ELBOW:NRS_4_6:REX-000097:REX-000009:DISCOMFORT
upper_back_isolation_isolation_resistance_band,bodyweight_crunch_core_brace_bodyweight,REX-000097,REX-000009,DISCOMFORT,ACTIVE_RECOVERY,0,"[""UPPER_BACK""]","[""SHOULDER"",""ELBOW""]","[""ABDOMEN""]","[""LOWER_BACK""]",BODYWEIGHT,HOME|GYM,alternative-rule-v2.0.0,alternative-set-v2.0.0,DOMAIN_APPROVED,false,A_TO_B,4,6,SKIP_AFFECTED_AREA,AVOID_PAIN_AREA_ACTIVE_RECOVERY,"{""alternative_target_muscle_code"": ""CORE"", ""body_area_code"": ""SHOULDER"", ""score_band_code"": ""NRS_4_6"", ""selection_basis"": ""DOMAIN_APPROVED_SCORE_BAND_AND_TARGET_MUSCLE_POLICY"", ""source_path"": ""normalized/v2_discomfort_alternative_mapping.csv"", ""source_target_muscle_code"": ""BACK""}",mapping:SHOULDER:NRS_4_6:REX-000097:REX-000009:DISCOMFORT
upper_back_isolation_isolation_resistance_band,bodyweight_crunch_core_brace_bodyweight,REX-000097,REX-000009,DISCOMFORT,ACTIVE_RECOVERY,0,"[""UPPER_BACK""]","[""SHOULDER"",""ELBOW""]","[""ABDOMEN""]","[""LOWER_BACK""]",BODYWEIGHT,HOME|GYM,alternative-rule-v2.0.0,alternative-set-v2.0.0,DOMAIN_APPROVED,false,A_TO_B,4,6,SKIP_AFFECTED_AREA,AVOID_PAIN_AREA_ACTIVE_RECOVERY,"{""alternative_target_muscle_code"": ""CORE"", ""body_area_code"": ""UPPER_BACK"", ""score_band_code"": ""NRS_4_6"", ""selection_basis"": ""DOMAIN_APPROVED_SCORE_BAND_AND_TARGET_MUSCLE_POLICY"", ""source_path"": ""normalized/v2_discomfort_alternative_mapping.csv"", ""source_target_muscle_code"": ""BACK""}",mapping:UPPER_BACK:NRS_4_6:REX-000097:REX-000009:DISCOMFORT
upper_back_isolation_isolation_resistance_band,one_arm_wall_lats_isolation_bodyweight,REX-000097,REX-000046,DISCOMFORT,SAME_GOAL,0,"[""UPPER_BACK""]","[""SHOULDER"",""ELBOW""]","[""UPPER_BACK""]","[""SHOULDER"",""ELBOW""]",BODYWEIGHT,HOME|GYM,alternative-rule-v2.0.0,alternative-set-v2.0.0,DOMAIN_APPROVED,false,A_TO_B,1,3,LOAD_REDUCED,SAME_GOAL_LOWER_LOAD_ROM_EASIER_VARIANT,"{""alternative_target_muscle_code"": ""BACK"", ""body_area_code"": ""ELBOW"", ""score_band_code"": ""NRS_1_3"", ""selection_basis"": ""DOMAIN_APPROVED_SCORE_BAND_AND_TARGET_MUSCLE_POLICY"", ""source_path"": ""normalized/v2_discomfort_alternative_mapping.csv"", ""source_target_muscle_code"": ""BACK""}",mapping:ELBOW:NRS_1_3:REX-000097:REX-000046:DISCOMFORT
upper_back_isolation_isolation_resistance_band,one_arm_wall_lats_isolation_bodyweight,REX-000097,REX-000046,DISCOMFORT,SAME_GOAL,0,"[""UPPER_BACK""]","[""SHOULDER"",""ELBOW""]","[""UPPER_BACK""]","[""SHOULDER"",""ELBOW""]",BODYWEIGHT,HOME|GYM,alternative-rule-v2.0.0,alternative-set-v2.0.0,DOMAIN_APPROVED,false,A_TO_B,1,3,LOAD_REDUCED,SAME_GOAL_LOWER_LOAD_ROM_EASIER_VARIANT,"{""alternative_target_muscle_code"": ""BACK"", ""body_area_code"": ""SHOULDER"", ""score_band_code"": ""NRS_1_3"", ""selection_basis"": ""DOMAIN_APPROVED_SCORE_BAND_AND_TARGET_MUSCLE_POLICY"", ""source_path"": ""normalized/v2_discomfort_alternative_mapping.csv"", ""source_target_muscle_code"": ""BACK""}",mapping:SHOULDER:NRS_1_3:REX-000097:REX-000046:DISCOMFORT
upper_back_isolation_isolation_resistance_band,one_arm_wall_lats_isolation_bodyweight,REX-000097,REX-000046,DISCOMFORT,SAME_GOAL,0,"[""UPPER_BACK""]","[""SHOULDER"",""ELBOW""]","[""UPPER_BACK""]","[""SHOULDER"",""ELBOW""]",BODYWEIGHT,HOME|GYM,alternative-rule-v2.0.0,alternative-set-v2.0.0,DOMAIN_APPROVED,false,A_TO_B,1,3,LOAD_REDUCED,SAME_GOAL_LOWER_LOAD_ROM_EASIER_VARIANT,"{""alternative_target_muscle_code"": ""BACK"", ""body_area_code"": ""UPPER_BACK"", ""score_band_code"": ""NRS_1_3"", ""selection_basis"": ""DOMAIN_APPROVED_SCORE_BAND_AND_TARGET_MUSCLE_POLICY"", ""source_path"": ""normalized/v2_discomfort_alternative_mapping.csv"", ""source_target_muscle_code"": ""BACK""}",mapping:UPPER_BACK:NRS_1_3:REX-000097:REX-000046:DISCOMFORT
upper_back_stretch_mobility_stretch_bodyweight,ankle_circles_mobility_stretch_bodyweight,REX-000098,REX-000003,DISCOMFORT,SAME_GOAL,0,"[""UPPER_BACK""]","[""SHOULDER"",""CHEST""]","[""ANKLE_FOOT""]","[""KNEE""]",BODYWEIGHT,HOME|GYM,alternative-rule-v2.0.0,alternative-set-v2.0.0,DOMAIN_APPROVED,false,A_TO_B,1,3,LOAD_REDUCED,SAME_GOAL_LOWER_LOAD_ROM_EASIER_VARIANT,"{""alternative_target_muscle_code"": ""MOBILITY"", ""body_area_code"": ""CHEST"", ""score_band_code"": ""NRS_1_3"", ""selection_basis"": ""DOMAIN_APPROVED_SCORE_BAND_AND_TARGET_MUSCLE_POLICY"", ""source_path"": ""normalized/v2_discomfort_alternative_mapping.csv"", ""source_target_muscle_code"": ""MOBILITY""}",mapping:CHEST:NRS_1_3:REX-000098:REX-000003:DISCOMFORT
upper_back_stretch_mobility_stretch_bodyweight,ankle_circles_mobility_stretch_bodyweight,REX-000098,REX-000003,DISCOMFORT,SAME_GOAL,0,"[""UPPER_BACK""]","[""SHOULDER"",""CHEST""]","[""ANKLE_FOOT""]","[""KNEE""]",BODYWEIGHT,HOME|GYM,alternative-rule-v2.0.0,alternative-set-v2.0.0,DOMAIN_APPROVED,false,A_TO_B,1,3,LOAD_REDUCED,SAME_GOAL_LOWER_LOAD_ROM_EASIER_VARIANT,"{""alternative_target_muscle_code"": ""MOBILITY"", ""body_area_code"": ""SHOULDER"", ""score_band_code"": ""NRS_1_3"", ""selection_basis"": ""DOMAIN_APPROVED_SCORE_BAND_AND_TARGET_MUSCLE_POLICY"", ""source_path"": ""normalized/v2_discomfort_alternative_mapping.csv"", ""source_target_muscle_code"": ""MOBILITY""}",mapping:SHOULDER:NRS_1_3:REX-000098:REX-000003:DISCOMFORT
upper_back_stretch_mobility_stretch_bodyweight,ankle_circles_mobility_stretch_bodyweight,REX-000098,REX-000003,DISCOMFORT,SAME_GOAL,0,"[""UPPER_BACK""]","[""SHOULDER"",""CHEST""]","[""ANKLE_FOOT""]","[""KNEE""]",BODYWEIGHT,HOME|GYM,alternative-rule-v2.0.0,alternative-set-v2.0.0,DOMAIN_APPROVED,false,A_TO_B,1,3,LOAD_REDUCED,SAME_GOAL_LOWER_LOAD_ROM_EASIER_VARIANT,"{""alternative_target_muscle_code"": ""MOBILITY"", ""body_area_code"": ""UPPER_BACK"", ""score_band_code"": ""NRS_1_3"", ""selection_basis"": ""DOMAIN_APPROVED_SCORE_BAND_AND_TARGET_MUSCLE_POLICY"", ""source_path"": ""normalized/v2_discomfort_alternative_mapping.csv"", ""source_target_muscle_code"": ""MOBILITY""}",mapping:UPPER_BACK:NRS_1_3:REX-000098:REX-000003:DISCOMFORT
upper_back_stretch_mobility_stretch_bodyweight,bodyweight_crunch_core_brace_bodyweight,REX-000098,REX-000009,DISCOMFORT,ACTIVE_RECOVERY,0,"[""UPPER_BACK""]","[""SHOULDER"",""CHEST""]","[""ABDOMEN""]","[""LOWER_BACK""]",BODYWEIGHT,HOME|GYM,alternative-rule-v2.0.0,alternative-set-v2.0.0,DOMAIN_APPROVED,false,A_TO_B,4,6,SKIP_AFFECTED_AREA,AVOID_PAIN_AREA_ACTIVE_RECOVERY,"{""alternative_target_muscle_code"": ""CORE"", ""body_area_code"": ""CHEST"", ""score_band_code"": ""NRS_4_6"", ""selection_basis"": ""DOMAIN_APPROVED_SCORE_BAND_AND_TARGET_MUSCLE_POLICY"", ""source_path"": ""normalized/v2_discomfort_alternative_mapping.csv"", ""source_target_muscle_code"": ""MOBILITY""}",mapping:CHEST:NRS_4_6:REX-000098:REX-000009:DISCOMFORT
upper_back_stretch_mobility_stretch_bodyweight,bodyweight_crunch_core_brace_bodyweight,REX-000098,REX-000009,DISCOMFORT,ACTIVE_RECOVERY,0,"[""UPPER_BACK""]","[""SHOULDER"",""CHEST""]","[""ABDOMEN""]","[""LOWER_BACK""]",BODYWEIGHT,HOME|GYM,alternative-rule-v2.0.0,alternative-set-v2.0.0,DOMAIN_APPROVED,false,A_TO_B,4,6,SKIP_AFFECTED_AREA,AVOID_PAIN_AREA_ACTIVE_RECOVERY,"{""alternative_target_muscle_code"": ""CORE"", ""body_area_code"": ""SHOULDER"", ""score_band_code"": ""NRS_4_6"", ""selection_basis"": ""DOMAIN_APPROVED_SCORE_BAND_AND_TARGET_MUSCLE_POLICY"", ""source_path"": ""normalized/v2_discomfort_alternative_mapping.csv"", ""source_target_muscle_code"": ""MOBILITY""}",mapping:SHOULDER:NRS_4_6:REX-000098:REX-000009:DISCOMFORT
upper_back_stretch_mobility_stretch_bodyweight,bodyweight_crunch_core_brace_bodyweight,REX-000098,REX-000009,DISCOMFORT,ACTIVE_RECOVERY,0,"[""UPPER_BACK""]","[""SHOULDER"",""CHEST""]","[""ABDOMEN""]","[""LOWER_BACK""]",BODYWEIGHT,HOME|GYM,alternative-rule-v2.0.0,alternative-set-v2.0.0,DOMAIN_APPROVED,false,A_TO_B,4,6,SKIP_AFFECTED_AREA,AVOID_PAIN_AREA_ACTIVE_RECOVERY,"{""alternative_target_muscle_code"": ""CORE"", ""body_area_code"": ""UPPER_BACK"", ""score_band_code"": ""NRS_4_6"", ""selection_basis"": ""DOMAIN_APPROVED_SCORE_BAND_AND_TARGET_MUSCLE_POLICY"", ""source_path"": ""normalized/v2_discomfort_alternative_mapping.csv"", ""source_target_muscle_code"": ""MOBILITY""}",mapping:UPPER_BACK:NRS_4_6:REX-000098:REX-000009:DISCOMFORT
wall_calf_stretch_mobility_stretch_bodyweight,ankle_circles_mobility_stretch_bodyweight,REX-000099,REX-000003,DISCOMFORT,SAME_GOAL,0,"[""ANKLE_FOOT""]","[""KNEE""]","[""ANKLE_FOOT""]","[""KNEE""]",BODYWEIGHT,HOME|GYM,alternative-rule-v2.0.0,alternative-set-v2.0.0,DOMAIN_APPROVED,false,A_TO_B,1,3,LOAD_REDUCED,SAME_GOAL_LOWER_LOAD_ROM_EASIER_VARIANT,"{""alternative_target_muscle_code"": ""MOBILITY"", ""body_area_code"": ""ANKLE_FOOT"", ""score_band_code"": ""NRS_1_3"", ""selection_basis"": ""DOMAIN_APPROVED_SCORE_BAND_AND_TARGET_MUSCLE_POLICY"", ""source_path"": ""normalized/v2_discomfort_alternative_mapping.csv"", ""source_target_muscle_code"": ""MOBILITY""}",mapping:ANKLE_FOOT:NRS_1_3:REX-000099:REX-000003:DISCOMFORT
wall_calf_stretch_mobility_stretch_bodyweight,ankle_circles_mobility_stretch_bodyweight,REX-000099,REX-000003,DISCOMFORT,SAME_GOAL,0,"[""ANKLE_FOOT""]","[""KNEE""]","[""ANKLE_FOOT""]","[""KNEE""]",BODYWEIGHT,HOME|GYM,alternative-rule-v2.0.0,alternative-set-v2.0.0,DOMAIN_APPROVED,false,A_TO_B,1,3,LOAD_REDUCED,SAME_GOAL_LOWER_LOAD_ROM_EASIER_VARIANT,"{""alternative_target_muscle_code"": ""MOBILITY"", ""body_area_code"": ""KNEE"", ""score_band_code"": ""NRS_1_3"", ""selection_basis"": ""DOMAIN_APPROVED_SCORE_BAND_AND_TARGET_MUSCLE_POLICY"", ""source_path"": ""normalized/v2_discomfort_alternative_mapping.csv"", ""source_target_muscle_code"": ""MOBILITY""}",mapping:KNEE:NRS_1_3:REX-000099:REX-000003:DISCOMFORT
wall_calf_stretch_mobility_stretch_bodyweight,bodyweight_crunch_core_brace_bodyweight,REX-000099,REX-000009,DISCOMFORT,ACTIVE_RECOVERY,0,"[""ANKLE_FOOT""]","[""KNEE""]","[""ABDOMEN""]","[""LOWER_BACK""]",BODYWEIGHT,HOME|GYM,alternative-rule-v2.0.0,alternative-set-v2.0.0,DOMAIN_APPROVED,false,A_TO_B,4,6,SKIP_AFFECTED_AREA,AVOID_PAIN_AREA_ACTIVE_RECOVERY,"{""alternative_target_muscle_code"": ""CORE"", ""body_area_code"": ""ANKLE_FOOT"", ""score_band_code"": ""NRS_4_6"", ""selection_basis"": ""DOMAIN_APPROVED_SCORE_BAND_AND_TARGET_MUSCLE_POLICY"", ""source_path"": ""normalized/v2_discomfort_alternative_mapping.csv"", ""source_target_muscle_code"": ""MOBILITY""}",mapping:ANKLE_FOOT:NRS_4_6:REX-000099:REX-000009:DISCOMFORT
wall_calf_stretch_mobility_stretch_bodyweight,bodyweight_crunch_core_brace_bodyweight,REX-000099,REX-000009,DISCOMFORT,ACTIVE_RECOVERY,0,"[""ANKLE_FOOT""]","[""KNEE""]","[""ABDOMEN""]","[""LOWER_BACK""]",BODYWEIGHT,HOME|GYM,alternative-rule-v2.0.0,alternative-set-v2.0.0,DOMAIN_APPROVED,false,A_TO_B,4,6,SKIP_AFFECTED_AREA,AVOID_PAIN_AREA_ACTIVE_RECOVERY,"{""alternative_target_muscle_code"": ""CORE"", ""body_area_code"": ""KNEE"", ""score_band_code"": ""NRS_4_6"", ""selection_basis"": ""DOMAIN_APPROVED_SCORE_BAND_AND_TARGET_MUSCLE_POLICY"", ""source_path"": ""normalized/v2_discomfort_alternative_mapping.csv"", ""source_target_muscle_code"": ""MOBILITY""}",mapping:KNEE:NRS_4_6:REX-000099:REX-000009:DISCOMFORT
world_greatest_stretch_mobility_stretch_bodyweight,runners_stretch_mobility_stretch_bodyweight,REX-000100,REX-000077,DIFFICULTY,MOBILITY_HAMSTRING,-1,"[""HIP"",""KNEE""]","[""ANKLE_FOOT""]","[""ANKLE_FOOT"",""KNEE""]","[""HIP""]",BODYWEIGHT,HOME|GYM,alternative-rule-v2.0.0,alternative-set-v2.0.0,DOMAIN_APPROVED,false,A_TO_B,,,,,"{""legacy_relationship_type"": ""INTENSITY"", ""selection_basis"": ""REX_ENDPOINT_AND_V2_CATALOG_RECHECK"", ""source_path"": ""generated/exercise-alternatives-v0.3.0/alternative_relationships.csv""}",NEX-000139:NEX-000136:INTENSITY
world_greatest_stretch_mobility_stretch_bodyweight,ankle_circles_mobility_stretch_bodyweight,REX-000100,REX-000003,DISCOMFORT,SAME_GOAL,-1,"[""HIP"",""KNEE""]","[""ANKLE_FOOT""]","[""ANKLE_FOOT""]","[""KNEE""]",BODYWEIGHT,HOME|GYM,alternative-rule-v2.0.0,alternative-set-v2.0.0,DOMAIN_APPROVED,false,A_TO_B,1,3,LOAD_REDUCED,SAME_GOAL_LOWER_LOAD_ROM_EASIER_VARIANT,"{""alternative_target_muscle_code"": ""MOBILITY"", ""body_area_code"": ""ANKLE_FOOT"", ""score_band_code"": ""NRS_1_3"", ""selection_basis"": ""DOMAIN_APPROVED_SCORE_BAND_AND_TARGET_MUSCLE_POLICY"", ""source_path"": ""normalized/v2_discomfort_alternative_mapping.csv"", ""source_target_muscle_code"": ""MOBILITY""}",mapping:ANKLE_FOOT:NRS_1_3:REX-000100:REX-000003:DISCOMFORT
world_greatest_stretch_mobility_stretch_bodyweight,ankle_circles_mobility_stretch_bodyweight,REX-000100,REX-000003,DISCOMFORT,SAME_GOAL,-1,"[""HIP"",""KNEE""]","[""ANKLE_FOOT""]","[""ANKLE_FOOT""]","[""KNEE""]",BODYWEIGHT,HOME|GYM,alternative-rule-v2.0.0,alternative-set-v2.0.0,DOMAIN_APPROVED,false,A_TO_B,1,3,LOAD_REDUCED,SAME_GOAL_LOWER_LOAD_ROM_EASIER_VARIANT,"{""alternative_target_muscle_code"": ""MOBILITY"", ""body_area_code"": ""HIP"", ""score_band_code"": ""NRS_1_3"", ""selection_basis"": ""DOMAIN_APPROVED_SCORE_BAND_AND_TARGET_MUSCLE_POLICY"", ""source_path"": ""normalized/v2_discomfort_alternative_mapping.csv"", ""source_target_muscle_code"": ""MOBILITY""}",mapping:HIP:NRS_1_3:REX-000100:REX-000003:DISCOMFORT
world_greatest_stretch_mobility_stretch_bodyweight,ankle_circles_mobility_stretch_bodyweight,REX-000100,REX-000003,DISCOMFORT,SAME_GOAL,-1,"[""HIP"",""KNEE""]","[""ANKLE_FOOT""]","[""ANKLE_FOOT""]","[""KNEE""]",BODYWEIGHT,HOME|GYM,alternative-rule-v2.0.0,alternative-set-v2.0.0,DOMAIN_APPROVED,false,A_TO_B,1,3,LOAD_REDUCED,SAME_GOAL_LOWER_LOAD_ROM_EASIER_VARIANT,"{""alternative_target_muscle_code"": ""MOBILITY"", ""body_area_code"": ""KNEE"", ""score_band_code"": ""NRS_1_3"", ""selection_basis"": ""DOMAIN_APPROVED_SCORE_BAND_AND_TARGET_MUSCLE_POLICY"", ""source_path"": ""normalized/v2_discomfort_alternative_mapping.csv"", ""source_target_muscle_code"": ""MOBILITY""}",mapping:KNEE:NRS_1_3:REX-000100:REX-000003:DISCOMFORT
world_greatest_stretch_mobility_stretch_bodyweight,bodyweight_crunch_core_brace_bodyweight,REX-000100,REX-000009,DISCOMFORT,ACTIVE_RECOVERY,-1,"[""HIP"",""KNEE""]","[""ANKLE_FOOT""]","[""ABDOMEN""]","[""LOWER_BACK""]",BODYWEIGHT,HOME|GYM,alternative-rule-v2.0.0,alternative-set-v2.0.0,DOMAIN_APPROVED,false,A_TO_B,4,6,SKIP_AFFECTED_AREA,AVOID_PAIN_AREA_ACTIVE_RECOVERY,"{""alternative_target_muscle_code"": ""CORE"", ""body_area_code"": ""ANKLE_FOOT"", ""score_band_code"": ""NRS_4_6"", ""selection_basis"": ""DOMAIN_APPROVED_SCORE_BAND_AND_TARGET_MUSCLE_POLICY"", ""source_path"": ""normalized/v2_discomfort_alternative_mapping.csv"", ""source_target_muscle_code"": ""MOBILITY""}",mapping:ANKLE_FOOT:NRS_4_6:REX-000100:REX-000009:DISCOMFORT
world_greatest_stretch_mobility_stretch_bodyweight,bodyweight_crunch_core_brace_bodyweight,REX-000100,REX-000009,DISCOMFORT,ACTIVE_RECOVERY,-1,"[""HIP"",""KNEE""]","[""ANKLE_FOOT""]","[""ABDOMEN""]","[""LOWER_BACK""]",BODYWEIGHT,HOME|GYM,alternative-rule-v2.0.0,alternative-set-v2.0.0,DOMAIN_APPROVED,false,A_TO_B,4,6,SKIP_AFFECTED_AREA,AVOID_PAIN_AREA_ACTIVE_RECOVERY,"{""alternative_target_muscle_code"": ""CORE"", ""body_area_code"": ""HIP"", ""score_band_code"": ""NRS_4_6"", ""selection_basis"": ""DOMAIN_APPROVED_SCORE_BAND_AND_TARGET_MUSCLE_POLICY"", ""source_path"": ""normalized/v2_discomfort_alternative_mapping.csv"", ""source_target_muscle_code"": ""MOBILITY""}",mapping:HIP:NRS_4_6:REX-000100:REX-000009:DISCOMFORT
world_greatest_stretch_mobility_stretch_bodyweight,bodyweight_crunch_core_brace_bodyweight,REX-000100,REX-000009,DISCOMFORT,ACTIVE_RECOVERY,-1,"[""HIP"",""KNEE""]","[""ANKLE_FOOT""]","[""ABDOMEN""]","[""LOWER_BACK""]",BODYWEIGHT,HOME|GYM,alternative-rule-v2.0.0,alternative-set-v2.0.0,DOMAIN_APPROVED,false,A_TO_B,4,6,SKIP_AFFECTED_AREA,AVOID_PAIN_AREA_ACTIVE_RECOVERY,"{""alternative_target_muscle_code"": ""CORE"", ""body_area_code"": ""KNEE"", ""score_band_code"": ""NRS_4_6"", ""selection_basis"": ""DOMAIN_APPROVED_SCORE_BAND_AND_TARGET_MUSCLE_POLICY"", ""source_path"": ""normalized/v2_discomfort_alternative_mapping.csv"", ""source_target_muscle_code"": ""MOBILITY""}",mapping:KNEE:NRS_4_6:REX-000100:REX-000009:DISCOMFORT
wrist_circles_mobility_stretch_bodyweight,ankle_circles_mobility_stretch_bodyweight,REX-000101,REX-000003,DISCOMFORT,SAME_GOAL,0,"[""WRIST_HAND""]","[""ELBOW""]","[""ANKLE_FOOT""]","[""KNEE""]",BODYWEIGHT,HOME|GYM,alternative-rule-v2.0.0,alternative-set-v2.0.0,DOMAIN_APPROVED,false,A_TO_B,1,3,LOAD_REDUCED,SAME_GOAL_LOWER_LOAD_ROM_EASIER_VARIANT,"{""alternative_target_muscle_code"": ""MOBILITY"", ""body_area_code"": ""ELBOW"", ""score_band_code"": ""NRS_1_3"", ""selection_basis"": ""DOMAIN_APPROVED_SCORE_BAND_AND_TARGET_MUSCLE_POLICY"", ""source_path"": ""normalized/v2_discomfort_alternative_mapping.csv"", ""source_target_muscle_code"": ""MOBILITY""}",mapping:ELBOW:NRS_1_3:REX-000101:REX-000003:DISCOMFORT
wrist_circles_mobility_stretch_bodyweight,ankle_circles_mobility_stretch_bodyweight,REX-000101,REX-000003,DISCOMFORT,SAME_GOAL,0,"[""WRIST_HAND""]","[""ELBOW""]","[""ANKLE_FOOT""]","[""KNEE""]",BODYWEIGHT,HOME|GYM,alternative-rule-v2.0.0,alternative-set-v2.0.0,DOMAIN_APPROVED,false,A_TO_B,1,3,LOAD_REDUCED,SAME_GOAL_LOWER_LOAD_ROM_EASIER_VARIANT,"{""alternative_target_muscle_code"": ""MOBILITY"", ""body_area_code"": ""WRIST_HAND"", ""score_band_code"": ""NRS_1_3"", ""selection_basis"": ""DOMAIN_APPROVED_SCORE_BAND_AND_TARGET_MUSCLE_POLICY"", ""source_path"": ""normalized/v2_discomfort_alternative_mapping.csv"", ""source_target_muscle_code"": ""MOBILITY""}",mapping:WRIST_HAND:NRS_1_3:REX-000101:REX-000003:DISCOMFORT
wrist_circles_mobility_stretch_bodyweight,bodyweight_crunch_core_brace_bodyweight,REX-000101,REX-000009,DISCOMFORT,ACTIVE_RECOVERY,0,"[""WRIST_HAND""]","[""ELBOW""]","[""ABDOMEN""]","[""LOWER_BACK""]",BODYWEIGHT,HOME|GYM,alternative-rule-v2.0.0,alternative-set-v2.0.0,DOMAIN_APPROVED,false,A_TO_B,4,6,SKIP_AFFECTED_AREA,AVOID_PAIN_AREA_ACTIVE_RECOVERY,"{""alternative_target_muscle_code"": ""CORE"", ""body_area_code"": ""ELBOW"", ""score_band_code"": ""NRS_4_6"", ""selection_basis"": ""DOMAIN_APPROVED_SCORE_BAND_AND_TARGET_MUSCLE_POLICY"", ""source_path"": ""normalized/v2_discomfort_alternative_mapping.csv"", ""source_target_muscle_code"": ""MOBILITY""}",mapping:ELBOW:NRS_4_6:REX-000101:REX-000009:DISCOMFORT
wrist_circles_mobility_stretch_bodyweight,bodyweight_crunch_core_brace_bodyweight,REX-000101,REX-000009,DISCOMFORT,ACTIVE_RECOVERY,0,"[""WRIST_HAND""]","[""ELBOW""]","[""ABDOMEN""]","[""LOWER_BACK""]",BODYWEIGHT,HOME|GYM,alternative-rule-v2.0.0,alternative-set-v2.0.0,DOMAIN_APPROVED,false,A_TO_B,4,6,SKIP_AFFECTED_AREA,AVOID_PAIN_AREA_ACTIVE_RECOVERY,"{""alternative_target_muscle_code"": ""CORE"", ""body_area_code"": ""WRIST_HAND"", ""score_band_code"": ""NRS_4_6"", ""selection_basis"": ""DOMAIN_APPROVED_SCORE_BAND_AND_TARGET_MUSCLE_POLICY"", ""source_path"": ""normalized/v2_discomfort_alternative_mapping.csv"", ""source_target_muscle_code"": ""MOBILITY""}",mapping:WRIST_HAND:NRS_4_6:REX-000101:REX-000009:DISCOMFORT
wrist_curl_isolation_barbell,bodyweight_crunch_core_brace_bodyweight,REX-000102,REX-000009,DISCOMFORT,ACTIVE_RECOVERY,0,"[""WRIST_HAND""]","[""ELBOW""]","[""ABDOMEN""]","[""LOWER_BACK""]",BODYWEIGHT,HOME|GYM,alternative-rule-v2.0.0,alternative-set-v2.0.0,DOMAIN_APPROVED,false,A_TO_B,4,6,SKIP_AFFECTED_AREA,AVOID_PAIN_AREA_ACTIVE_RECOVERY,"{""alternative_target_muscle_code"": ""CORE"", ""body_area_code"": ""ELBOW"", ""score_band_code"": ""NRS_4_6"", ""selection_basis"": ""DOMAIN_APPROVED_SCORE_BAND_AND_TARGET_MUSCLE_POLICY"", ""source_path"": ""normalized/v2_discomfort_alternative_mapping.csv"", ""source_target_muscle_code"": ""FOREARMS""}",mapping:ELBOW:NRS_4_6:REX-000102:REX-000009:DISCOMFORT
wrist_curl_isolation_barbell,bodyweight_crunch_core_brace_bodyweight,REX-000102,REX-000009,DISCOMFORT,ACTIVE_RECOVERY,0,"[""WRIST_HAND""]","[""ELBOW""]","[""ABDOMEN""]","[""LOWER_BACK""]",BODYWEIGHT,HOME|GYM,alternative-rule-v2.0.0,alternative-set-v2.0.0,DOMAIN_APPROVED,false,A_TO_B,4,6,SKIP_AFFECTED_AREA,AVOID_PAIN_AREA_ACTIVE_RECOVERY,"{""alternative_target_muscle_code"": ""CORE"", ""body_area_code"": ""WRIST_HAND"", ""score_band_code"": ""NRS_4_6"", ""selection_basis"": ""DOMAIN_APPROVED_SCORE_BAND_AND_TARGET_MUSCLE_POLICY"", ""source_path"": ""normalized/v2_discomfort_alternative_mapping.csv"", ""source_target_muscle_code"": ""FOREARMS""}",mapping:WRIST_HAND:NRS_4_6:REX-000102:REX-000009:DISCOMFORT
wrist_curl_isolation_barbell,hand_grip_squeeze_isolation_household_weight,REX-000102,REX-000035,DISCOMFORT,SAME_GOAL,0,"[""WRIST_HAND""]","[""ELBOW""]","[""WRIST_HAND""]","[""ELBOW""]",HOUSEHOLD_WEIGHT,HOME|GYM,alternative-rule-v2.0.0,alternative-set-v2.0.0,DOMAIN_APPROVED,false,A_TO_B,1,3,LOAD_REDUCED,SAME_GOAL_LOWER_LOAD_ROM_EASIER_VARIANT,"{""alternative_target_muscle_code"": ""FOREARMS"", ""body_area_code"": ""ELBOW"", ""score_band_code"": ""NRS_1_3"", ""selection_basis"": ""DOMAIN_APPROVED_SCORE_BAND_AND_TARGET_MUSCLE_POLICY"", ""source_path"": ""normalized/v2_discomfort_alternative_mapping.csv"", ""source_target_muscle_code"": ""FOREARMS""}",mapping:ELBOW:NRS_1_3:REX-000102:REX-000035:DISCOMFORT
wrist_curl_isolation_barbell,hand_grip_squeeze_isolation_household_weight,REX-000102,REX-000035,DISCOMFORT,SAME_GOAL,0,"[""WRIST_HAND""]","[""ELBOW""]","[""WRIST_HAND""]","[""ELBOW""]",HOUSEHOLD_WEIGHT,HOME|GYM,alternative-rule-v2.0.0,alternative-set-v2.0.0,DOMAIN_APPROVED,false,A_TO_B,1,3,LOAD_REDUCED,SAME_GOAL_LOWER_LOAD_ROM_EASIER_VARIANT,"{""alternative_target_muscle_code"": ""FOREARMS"", ""body_area_code"": ""WRIST_HAND"", ""score_band_code"": ""NRS_1_3"", ""selection_basis"": ""DOMAIN_APPROVED_SCORE_BAND_AND_TARGET_MUSCLE_POLICY"", ""source_path"": ""normalized/v2_discomfort_alternative_mapping.csv"", ""source_target_muscle_code"": ""FOREARMS""}",mapping:WRIST_HAND:NRS_1_3:REX-000102:REX-000035:DISCOMFORT
wrist_curl_isolation_barbell,dumbbell_preacher_curl_isolation_dumbbell,REX-000102,REX-000027,LOCATION,ISOLATION_ELBOW_FLEXION,0,"[""WRIST_HAND""]","[""ELBOW""]","[""ELBOW""]","[""WRIST_HAND""]",DUMBBELL,HOME|GYM,alternative-rule-v2.0.0,alternative-set-v2.0.0,DOMAIN_APPROVED,false,A_TO_B,,,,,"{""legacy_relationship_type"": ""CONSTRAINT"", ""selection_basis"": ""REX_ENDPOINT_AND_V2_CATALOG_RECHECK"", ""source_path"": ""generated/exercise-alternatives-v0.3.0/alternative_relationships.csv""}",NEX-000010:NEX-000141:CONSTRAINT
wrist_curl_isolation_barbell,dumbbell_standing_curl_isolation_dumbbell,REX-000102,REX-000030,LOCATION,ISOLATION_ELBOW_FLEXION,0,"[""WRIST_HAND""]","[""ELBOW""]","[""ELBOW""]","[""WRIST_HAND""]",DUMBBELL,HOME|GYM,alternative-rule-v2.0.0,alternative-set-v2.0.0,DOMAIN_APPROVED,false,A_TO_B,,,,,"{""legacy_relationship_type"": ""CONSTRAINT"", ""selection_basis"": ""REX_ENDPOINT_AND_V2_CATALOG_RECHECK"", ""source_path"": ""generated/exercise-alternatives-v0.3.0/alternative_relationships.csv""}",NEX-000046:NEX-000059:CONSTRAINT
