review_record_id,legacy_record_number,legacy_relation_identity,legacy_reason_code,legacy_goal_preservation_code,legacy_relation_type,source_exercise_stable_code_legacy,source_exercise_stable_code,source_exercise_id,source_record_type,source_exercise_name_ko,source_primary_movement_pattern_code,source_primary_body_area_codes,source_secondary_body_area_codes,source_equipment_codes,source_location_codes,source_difficulty_code,target_exercise_stable_code_legacy,target_exercise_stable_code,target_exercise_id,target_record_type,target_exercise_name_ko,target_primary_movement_pattern_code,target_primary_body_area_codes,target_secondary_body_area_codes,target_equipment_codes,target_location_codes,target_difficulty_code,candidate_origin_code,pain_discomfort_area_code,condition_code,pain_score_min,pain_score_max,severity_code,service_action_code,source_load_to_avoid_code,source_load_to_avoid_detail,source_load_pain_area_overlap,target_load_reduction_basis_code,target_pain_area_overlap,target_difficulty_not_higher,source_target_same_family,source_target_same_movement_pattern,variant_relation_overlap,variant_type_code,direction_code,directionality_check_code,decision,decision_code,reclassification_code,review_reason_code,review_reason_ko,area_specific_safety_review_code,area_specific_safety_guard_codes,evidence_source,evidence_reviewer,evidence_reviewed_at,legacy_review_method_code,legacy_review_status_code,legacy_source_catalog_version_code,legacy_source_manifest_hash,legacy_source_relation_key,legacy_source_metadata,decision_source_code,decision_reviewer_code,review_status_code,production_eligible
ALT-LEGACY-5cbcc6a84aa9f707,1,exercise-catalog-v2.0.2-draft|d2ff054350b7904b3cb99affb6e656a4a30acba82f81d889a98951928aeb725f|mapping:ABDOMEN:NRS_1_3:REX-000001:REX-000009:DISCOMFORT,DISCOMFORT,SAME_GOAL,,abs_core_brace_core_brace_mat,abs_core_brace_core_brace_mat,REX-000001,REPRESENTATIVE,누워서 복부 수축하기,CORE_BRACE,"[""ABDOMEN""]","[""LOWER_BACK""]","[""MAT""]","[""HOME"",""GYM""]",BEGINNER,bodyweight_crunch_core_brace_bodyweight,bodyweight_crunch_core_brace_bodyweight,REX-000009,REPRESENTATIVE,크런치,CORE_BRACE,"[""ABDOMEN""]","[""LOWER_BACK""]","[""BODYWEIGHT""]","[""HOME"",""GYM""]",BEGINNER,LEGACY_ALTERNATIVE,ABDOMEN,NRS_1_3,1,3,MILD,LOAD_REDUCED,PAIN_AREA_INVOLVEMENT_IN_SOURCE_MOVEMENT,"{""discomfort_area_code"":""ABDOMEN"",""source_body_area_codes"":[""ABDOMEN"",""LOWER_BACK""],""source_equipment_codes"":[""MAT""],""source_primary_movement_pattern_code"":""CORE_BRACE""}",true,UNCONFIRMED,true,true,false,true,false,,A_TO_B,NOT_APPLICABLE,REMOVE_RECLASSIFY,REMOVE_UNSAFE_SAME_AREA_TARGET,REMOVE_TARGET_RETAINS_DISCOMFORT_AREA,TARGET_RETAINS_DISCOMFORT_AREA,NRS 점수가 1~3인 경미한 조건이어도 target이 보고된 불편 부위를 포함하므로 동일 부담·위험을 남길 수 있어 Alternative에서 삭제한다.,,[],normalized/v2_discomfort_alternative_mapping.csv,DOMAIN_REVIEWER,2026-08-24T00:00:00+09:00,DOMAIN_REVIEWER,DOMAIN_APPROVED,exercise-catalog-v2.0.2-draft,d2ff054350b7904b3cb99affb6e656a4a30acba82f81d889a98951928aeb725f,mapping:ABDOMEN:NRS_1_3:REX-000001:REX-000009:DISCOMFORT,"{""alternative_target_muscle_code"":""CORE"",""body_area_code"":""ABDOMEN"",""materialization_version"":""v2-representative-decisions-2026-08-24"",""score_band_code"":""NRS_1_3"",""selection_basis"":""DOMAIN_APPROVED_SCORE_BAND_AND_TARGET_MUSCLE_POLICY"",""source_path"":""normalized/v2_discomfort_alternative_mapping.csv"",""source_relation_key"":""mapping:ABDOMEN:NRS_1_3:REX-000001:REX-000009:DISCOMFORT"",""source_target_muscle_code"":""CORE""}",DETERMINISTIC_POLICY_V2_0_2,DATA_REVIEW_PIPELINE,REVIEW_REQUIRED,false
ALT-LEGACY-5bcedf40c65ebc56,2,exercise-catalog-v2.0.2-draft|d2ff054350b7904b3cb99affb6e656a4a30acba82f81d889a98951928aeb725f|NEX-000177:NEX-000094:RECOVERY,LOCATION,CORE_STABILITY,RECOVERY,abs_core_brace_core_brace_mat,abs_core_brace_core_brace_mat,REX-000001,REPRESENTATIVE,누워서 복부 수축하기,CORE_BRACE,"[""ABDOMEN""]","[""LOWER_BACK""]","[""MAT""]","[""HOME"",""GYM""]",BEGINNER,bodyweight_reverse_crunch_core_brace_bodyweight,bodyweight_reverse_crunch_core_brace_bodyweight,REX-000013,REPRESENTATIVE,리버스 크런치,CORE_BRACE,"[""ABDOMEN""]","[""LOWER_BACK""]","[""BODYWEIGHT""]","[""HOME"",""GYM""]",INTERMEDIATE,LEGACY_ALTERNATIVE,,,,,,,PAIN_AREA_INVOLVEMENT_IN_SOURCE_MOVEMENT,"{""discomfort_area_code"":"""",""source_body_area_codes"":[""ABDOMEN"",""LOWER_BACK""],""source_equipment_codes"":[""MAT""],""source_primary_movement_pattern_code"":""CORE_BRACE""}",false,TARGET_EXCLUDES_DISCOMFORT_AREA,false,false,false,true,false,,A_TO_B,NOT_APPLICABLE,REMOVE_RECLASSIFY,REMOVE_FROM_ALTERNATIVE_SET,RECLASSIFY_CONTEXT_DEFAULT,NO_DISCOMFORT_CONDITION,통증·불편 조건이 없는 관계이므로 Alternative에서 제거하고 다른 관계 체계로 보낸다.,,[],generated/exercise-alternatives-v0.3.0/alternative_relationships.csv,DOMAIN_REVIEWER,2026-08-24T00:00:00+09:00,DOMAIN_REVIEWER,DOMAIN_APPROVED,exercise-catalog-v2.0.2-draft,d2ff054350b7904b3cb99affb6e656a4a30acba82f81d889a98951928aeb725f,NEX-000177:NEX-000094:RECOVERY,"{""legacy_relationship_type"":""RECOVERY"",""materialization_version"":""v2-representative-decisions-2026-08-24"",""selection_basis"":""REX_ENDPOINT_AND_V2_CATALOG_RECHECK"",""source_path"":""generated/exercise-alternatives-v0.3.0/alternative_relationships.csv"",""source_relation_key"":""NEX-000177:NEX-000094:RECOVERY""}",DETERMINISTIC_POLICY_V2_0_2,DATA_REVIEW_PIPELINE,REVIEW_REQUIRED,false
ALT-LEGACY-0613eb89e21cbd4f,4,exercise-catalog-v2.0.2-draft|d2ff054350b7904b3cb99affb6e656a4a30acba82f81d889a98951928aeb725f|mapping:ANKLE_FOOT:NRS_1_3:REX-000002:REX-000003:DISCOMFORT,DISCOMFORT,SAME_GOAL,,all_fours_squat_stretch_mobility_stretch_bodyweight,quadruped_quadriceps_stretch_mobility_stretch_bodyweight,REX-000002,REPRESENTATIVE,네발기기 대퇴사두근 스트레칭,MOBILITY_STRETCH,"[""KNEE"",""HIP""]","[""ANKLE_FOOT""]","[""BODYWEIGHT""]","[""HOME"",""GYM""]",INTERMEDIATE,ankle_circles_mobility_stretch_bodyweight,ankle_circles_mobility_stretch_bodyweight,REX-000003,REPRESENTATIVE,발목 돌리기,MOBILITY_STRETCH,"[""ANKLE_FOOT""]","[""KNEE""]","[""BODYWEIGHT""]","[""HOME"",""GYM""]",BEGINNER,LEGACY_ALTERNATIVE,ANKLE_FOOT,NRS_1_3,1,3,MILD,LOAD_REDUCED,PAIN_AREA_INVOLVEMENT_IN_SOURCE_MOVEMENT,"{""discomfort_area_code"":""ANKLE_FOOT"",""source_body_area_codes"":[""ANKLE_FOOT"",""HIP"",""KNEE""],""source_equipment_codes"":[""BODYWEIGHT""],""source_primary_movement_pattern_code"":""MOBILITY_STRETCH""}",true,UNCONFIRMED,true,true,false,true,false,,A_TO_B,NOT_APPLICABLE,REMOVE_RECLASSIFY,REMOVE_UNSAFE_SAME_AREA_TARGET,REMOVE_TARGET_RETAINS_DISCOMFORT_AREA,TARGET_RETAINS_DISCOMFORT_AREA,NRS 점수가 1~3인 경미한 조건이어도 target이 보고된 불편 부위를 포함하므로 동일 부담·위험을 남길 수 있어 Alternative에서 삭제한다.,,[],normalized/v2_discomfort_alternative_mapping.csv,DOMAIN_REVIEWER,2026-08-24T00:00:00+09:00,DOMAIN_REVIEWER,DOMAIN_APPROVED,exercise-catalog-v2.0.2-draft,d2ff054350b7904b3cb99affb6e656a4a30acba82f81d889a98951928aeb725f,mapping:ANKLE_FOOT:NRS_1_3:REX-000002:REX-000003:DISCOMFORT,"{""alternative_target_muscle_code"":""MOBILITY"",""body_area_code"":""ANKLE_FOOT"",""materialization_version"":""v2-representative-decisions-2026-08-24"",""score_band_code"":""NRS_1_3"",""selection_basis"":""DOMAIN_APPROVED_SCORE_BAND_AND_TARGET_MUSCLE_POLICY"",""source_path"":""normalized/v2_discomfort_alternative_mapping.csv"",""source_relation_key"":""mapping:ANKLE_FOOT:NRS_1_3:REX-000002:REX-000003:DISCOMFORT"",""source_target_muscle_code"":""MOBILITY""}",DETERMINISTIC_POLICY_V2_0_2,DATA_REVIEW_PIPELINE,REVIEW_REQUIRED,false
ALT-LEGACY-29c3f406dc9c0bda,6,exercise-catalog-v2.0.2-draft|d2ff054350b7904b3cb99affb6e656a4a30acba82f81d889a98951928aeb725f|NEX-000131:NEX-000132:INTENSITY,DIFFICULTY,MOBILITY_QUAD,INTENSITY,all_fours_squat_stretch_mobility_stretch_bodyweight,quadruped_quadriceps_stretch_mobility_stretch_bodyweight,REX-000002,REPRESENTATIVE,네발기기 대퇴사두근 스트레칭,MOBILITY_STRETCH,"[""KNEE"",""HIP""]","[""ANKLE_FOOT""]","[""BODYWEIGHT""]","[""HOME"",""GYM""]",INTERMEDIATE,chair_leg_extended_stretch_mobility_stretch_bodyweight,chair_leg_extended_stretch_mobility_stretch_bodyweight,REX-000020,REPRESENTATIVE,시티드 레그 익스텐션 스트레칭,MOBILITY_STRETCH,"[""KNEE""]","[""HIP""]","[""BODYWEIGHT""]","[""HOME"",""GYM""]",BEGINNER,LEGACY_ALTERNATIVE,,,,,,,PAIN_AREA_INVOLVEMENT_IN_SOURCE_MOVEMENT,"{""discomfort_area_code"":"""",""source_body_area_codes"":[""ANKLE_FOOT"",""HIP"",""KNEE""],""source_equipment_codes"":[""BODYWEIGHT""],""source_primary_movement_pattern_code"":""MOBILITY_STRETCH""}",false,TARGET_EXCLUDES_DISCOMFORT_AREA,false,true,false,true,false,,A_TO_B,NOT_APPLICABLE,REMOVE_RECLASSIFY,REMOVE_FROM_ALTERNATIVE_SET,RECLASSIFY_DIFFICULTY_VARIANT,NO_DISCOMFORT_CONDITION,통증·불편 조건이 없는 관계이므로 Alternative에서 제거하고 다른 관계 체계로 보낸다.,,[],generated/exercise-alternatives-v0.3.0/alternative_relationships.csv,DOMAIN_REVIEWER,2026-08-24T00:00:00+09:00,DOMAIN_REVIEWER,DOMAIN_APPROVED,exercise-catalog-v2.0.2-draft,d2ff054350b7904b3cb99affb6e656a4a30acba82f81d889a98951928aeb725f,NEX-000131:NEX-000132:INTENSITY,"{""legacy_relationship_type"":""INTENSITY"",""materialization_version"":""v2-representative-decisions-2026-08-24"",""selection_basis"":""REX_ENDPOINT_AND_V2_CATALOG_RECHECK"",""source_path"":""generated/exercise-alternatives-v0.3.0/alternative_relationships.csv"",""source_relation_key"":""NEX-000131:NEX-000132:INTENSITY""}",DETERMINISTIC_POLICY_V2_0_2,DATA_REVIEW_PIPELINE,REVIEW_REQUIRED,false
ALT-LEGACY-9590eb170eeec1ed,7,exercise-catalog-v2.0.2-draft|d2ff054350b7904b3cb99affb6e656a4a30acba82f81d889a98951928aeb725f|NEX-000131:NEX-000072:INTENSITY,DIFFICULTY,MOBILITY_QUAD,INTENSITY,all_fours_squat_stretch_mobility_stretch_bodyweight,quadruped_quadriceps_stretch_mobility_stretch_bodyweight,REX-000002,REPRESENTATIVE,네발기기 대퇴사두근 스트레칭,MOBILITY_STRETCH,"[""KNEE"",""HIP""]","[""ANKLE_FOOT""]","[""BODYWEIGHT""]","[""HOME"",""GYM""]",INTERMEDIATE,side_lying_quadriceps_stretch_mobility_stretch_bodyweight,side_lying_quadriceps_stretch_mobility_stretch_bodyweight,REX-000088,REPRESENTATIVE,옆으로 누워 대퇴사두근 스트레칭,MOBILITY_STRETCH,"[""KNEE""]","[""HIP""]","[""BODYWEIGHT""]","[""HOME"",""GYM""]",BEGINNER,LEGACY_ALTERNATIVE,,,,,,,PAIN_AREA_INVOLVEMENT_IN_SOURCE_MOVEMENT,"{""discomfort_area_code"":"""",""source_body_area_codes"":[""ANKLE_FOOT"",""HIP"",""KNEE""],""source_equipment_codes"":[""BODYWEIGHT""],""source_primary_movement_pattern_code"":""MOBILITY_STRETCH""}",false,TARGET_EXCLUDES_DISCOMFORT_AREA,false,true,false,true,false,,A_TO_B,NOT_APPLICABLE,REMOVE_RECLASSIFY,REMOVE_FROM_ALTERNATIVE_SET,RECLASSIFY_DIFFICULTY_VARIANT,NO_DISCOMFORT_CONDITION,통증·불편 조건이 없는 관계이므로 Alternative에서 제거하고 다른 관계 체계로 보낸다.,,[],generated/exercise-alternatives-v0.3.0/alternative_relationships.csv,DOMAIN_REVIEWER,2026-08-24T00:00:00+09:00,DOMAIN_REVIEWER,DOMAIN_APPROVED,exercise-catalog-v2.0.2-draft,d2ff054350b7904b3cb99affb6e656a4a30acba82f81d889a98951928aeb725f,NEX-000131:NEX-000072:INTENSITY,"{""legacy_relationship_type"":""INTENSITY"",""materialization_version"":""v2-representative-decisions-2026-08-24"",""selection_basis"":""REX_ENDPOINT_AND_V2_CATALOG_RECHECK"",""source_path"":""generated/exercise-alternatives-v0.3.0/alternative_relationships.csv"",""source_relation_key"":""NEX-000131:NEX-000072:INTENSITY""}",DETERMINISTIC_POLICY_V2_0_2,DATA_REVIEW_PIPELINE,REVIEW_REQUIRED,false
ALT-LEGACY-825373dc9d9b716c,10,exercise-catalog-v2.0.2-draft|d2ff054350b7904b3cb99affb6e656a4a30acba82f81d889a98951928aeb725f|NEX-000001:NEX-000064:CONSTRAINT,LOCATION,POSTERIOR_CHAIN_STRENGTH,CONSTRAINT,barbell_deadlift_hip_dominant_barbell,barbell_deadlift_hip_dominant_barbell,REX-000004,REPRESENTATIVE,데드리프트,HIP_DOMINANT,"[""HIP""]","[""KNEE"",""LOWER_BACK""]","[""BARBELL""]","[""GYM""]",INTERMEDIATE,bodyweight_back_extension_hip_dominant_bodyweight,bodyweight_back_extension_hip_dominant_bodyweight,REX-000008,REPRESENTATIVE,백 익스텐션,HIP_DOMINANT,"[""LOWER_BACK""]","[""HIP"",""UPPER_BACK""]","[""BODYWEIGHT""]","[""HOME"",""GYM""]",INTERMEDIATE,LEGACY_ALTERNATIVE,,,,,,,PAIN_AREA_INVOLVEMENT_IN_SOURCE_MOVEMENT,"{""discomfort_area_code"":"""",""source_body_area_codes"":[""HIP"",""KNEE"",""LOWER_BACK""],""source_equipment_codes"":[""BARBELL""],""source_primary_movement_pattern_code"":""HIP_DOMINANT""}",false,TARGET_EXCLUDES_DISCOMFORT_AREA,false,true,false,true,false,,A_TO_B,NOT_APPLICABLE,REMOVE_RECLASSIFY,REMOVE_FROM_ALTERNATIVE_SET,RECLASSIFY_CONTEXT_DEFAULT,NO_DISCOMFORT_CONDITION,통증·불편 조건이 없는 관계이므로 Alternative에서 제거하고 다른 관계 체계로 보낸다.,,[],generated/exercise-alternatives-v0.3.0/alternative_relationships.csv,DOMAIN_REVIEWER,2026-08-24T00:00:00+09:00,DOMAIN_REVIEWER,DOMAIN_APPROVED,exercise-catalog-v2.0.2-draft,d2ff054350b7904b3cb99affb6e656a4a30acba82f81d889a98951928aeb725f,NEX-000001:NEX-000064:CONSTRAINT,"{""legacy_relationship_type"":""CONSTRAINT"",""materialization_version"":""v2-representative-decisions-2026-08-24"",""selection_basis"":""REX_ENDPOINT_AND_V2_CATALOG_RECHECK"",""source_path"":""generated/exercise-alternatives-v0.3.0/alternative_relationships.csv"",""source_relation_key"":""NEX-000001:NEX-000064:CONSTRAINT""}",DETERMINISTIC_POLICY_V2_0_2,DATA_REVIEW_PIPELINE,REVIEW_REQUIRED,false
ALT-LEGACY-c28440cb5319086d,12,exercise-catalog-v2.0.2-draft|d2ff054350b7904b3cb99affb6e656a4a30acba82f81d889a98951928aeb725f|mapping:HIP:NRS_1_3:REX-000004:REX-000011:DISCOMFORT,DISCOMFORT,SAME_GOAL,,barbell_deadlift_hip_dominant_barbell,barbell_deadlift_hip_dominant_barbell,REX-000004,REPRESENTATIVE,데드리프트,HIP_DOMINANT,"[""HIP""]","[""KNEE"",""LOWER_BACK""]","[""BARBELL""]","[""GYM""]",INTERMEDIATE,bodyweight_glute_bridge_hip_dominant_bodyweight,bodyweight_glute_bridge_hip_dominant_bodyweight,REX-000011,REPRESENTATIVE,글루트 브리지,HIP_DOMINANT,"[""HIP""]","[""KNEE"",""LOWER_BACK""]","[""BODYWEIGHT""]","[""HOME"",""GYM""]",BEGINNER,LEGACY_ALTERNATIVE,HIP,NRS_1_3,1,3,MILD,LOAD_REDUCED,PAIN_AREA_INVOLVEMENT_IN_SOURCE_MOVEMENT,"{""discomfort_area_code"":""HIP"",""source_body_area_codes"":[""HIP"",""KNEE"",""LOWER_BACK""],""source_equipment_codes"":[""BARBELL""],""source_primary_movement_pattern_code"":""HIP_DOMINANT""}",true,UNCONFIRMED,true,true,false,true,false,,A_TO_B,NOT_APPLICABLE,REMOVE_RECLASSIFY,REMOVE_UNSAFE_SAME_AREA_TARGET,REMOVE_TARGET_RETAINS_DISCOMFORT_AREA,TARGET_RETAINS_DISCOMFORT_AREA,NRS 점수가 1~3인 경미한 조건이어도 target이 보고된 불편 부위를 포함하므로 동일 부담·위험을 남길 수 있어 Alternative에서 삭제한다.,,[],normalized/v2_discomfort_alternative_mapping.csv,DOMAIN_REVIEWER,2026-08-24T00:00:00+09:00,DOMAIN_REVIEWER,DOMAIN_APPROVED,exercise-catalog-v2.0.2-draft,d2ff054350b7904b3cb99affb6e656a4a30acba82f81d889a98951928aeb725f,mapping:HIP:NRS_1_3:REX-000004:REX-000011:DISCOMFORT,"{""alternative_target_muscle_code"":""GLUTES"",""body_area_code"":""HIP"",""materialization_version"":""v2-representative-decisions-2026-08-24"",""score_band_code"":""NRS_1_3"",""selection_basis"":""DOMAIN_APPROVED_SCORE_BAND_AND_TARGET_MUSCLE_POLICY"",""source_path"":""normalized/v2_discomfort_alternative_mapping.csv"",""source_relation_key"":""mapping:HIP:NRS_1_3:REX-000004:REX-000011:DISCOMFORT"",""source_target_muscle_code"":""GLUTES""}",DETERMINISTIC_POLICY_V2_0_2,DATA_REVIEW_PIPELINE,REVIEW_REQUIRED,false
ALT-LEGACY-4461ef97f65e8d52,13,exercise-catalog-v2.0.2-draft|d2ff054350b7904b3cb99affb6e656a4a30acba82f81d889a98951928aeb725f|NEX-000001:NEX-000162:INTENSITY,LOCATION,POSTERIOR_CHAIN_STRENGTH,INTENSITY,barbell_deadlift_hip_dominant_barbell,barbell_deadlift_hip_dominant_barbell,REX-000004,REPRESENTATIVE,데드리프트,HIP_DOMINANT,"[""HIP""]","[""KNEE"",""LOWER_BACK""]","[""BARBELL""]","[""GYM""]",INTERMEDIATE,bodyweight_glute_bridge_hip_dominant_bodyweight,bodyweight_glute_bridge_hip_dominant_bodyweight,REX-000011,REPRESENTATIVE,글루트 브리지,HIP_DOMINANT,"[""HIP""]","[""KNEE"",""LOWER_BACK""]","[""BODYWEIGHT""]","[""HOME"",""GYM""]",BEGINNER,LEGACY_ALTERNATIVE,,,,,,,PAIN_AREA_INVOLVEMENT_IN_SOURCE_MOVEMENT,"{""discomfort_area_code"":"""",""source_body_area_codes"":[""HIP"",""KNEE"",""LOWER_BACK""],""source_equipment_codes"":[""BARBELL""],""source_primary_movement_pattern_code"":""HIP_DOMINANT""}",false,TARGET_EXCLUDES_DISCOMFORT_AREA,false,true,false,true,false,,A_TO_B,NOT_APPLICABLE,REMOVE_RECLASSIFY,REMOVE_FROM_ALTERNATIVE_SET,RECLASSIFY_CONTEXT_DEFAULT,NO_DISCOMFORT_CONDITION,통증·불편 조건이 없는 관계이므로 Alternative에서 제거하고 다른 관계 체계로 보낸다.,,[],generated/exercise-alternatives-v0.3.0/alternative_relationships.csv,DOMAIN_REVIEWER,2026-08-24T00:00:00+09:00,DOMAIN_REVIEWER,DOMAIN_APPROVED,exercise-catalog-v2.0.2-draft,d2ff054350b7904b3cb99affb6e656a4a30acba82f81d889a98951928aeb725f,NEX-000001:NEX-000162:INTENSITY,"{""legacy_relationship_type"":""INTENSITY"",""materialization_version"":""v2-representative-decisions-2026-08-24"",""selection_basis"":""REX_ENDPOINT_AND_V2_CATALOG_RECHECK"",""source_path"":""generated/exercise-alternatives-v0.3.0/alternative_relationships.csv"",""source_relation_key"":""NEX-000001:NEX-000162:INTENSITY""}",DETERMINISTIC_POLICY_V2_0_2,DATA_REVIEW_PIPELINE,REVIEW_REQUIRED,false
ALT-LEGACY-651d576585702b40,16,exercise-catalog-v2.0.2-draft|d2ff054350b7904b3cb99affb6e656a4a30acba82f81d889a98951928aeb725f|mapping:ELBOW:NRS_1_3:REX-000005:REX-000026:DISCOMFORT,DISCOMFORT,SAME_GOAL,,barbell_front_raise_isolation_barbell,barbell_front_raise_isolation_barbell,REX-000005,REPRESENTATIVE,프론트 레이즈,ISOLATION,"[""SHOULDER""]","[""ELBOW""]","[""BARBELL""]","[""GYM""]",BEGINNER,dumbbell_lateral_raise_isolation_dumbbell,dumbbell_lateral_raise_isolation_dumbbell,REX-000026,REPRESENTATIVE,레터럴 레이즈,ISOLATION,"[""SHOULDER""]","[""ELBOW""]","[""DUMBBELL""]","[""HOME"",""GYM""]",BEGINNER,LEGACY_ALTERNATIVE,ELBOW,NRS_1_3,1,3,MILD,LOAD_REDUCED,PAIN_AREA_INVOLVEMENT_IN_SOURCE_MOVEMENT,"{""discomfort_area_code"":""ELBOW"",""source_body_area_codes"":[""ELBOW"",""SHOULDER""],""source_equipment_codes"":[""BARBELL""],""source_primary_movement_pattern_code"":""ISOLATION""}",true,UNCONFIRMED,true,true,false,true,false,,A_TO_B,NOT_APPLICABLE,REMOVE_RECLASSIFY,REMOVE_UNSAFE_SAME_AREA_TARGET,REMOVE_TARGET_RETAINS_DISCOMFORT_AREA,TARGET_RETAINS_DISCOMFORT_AREA,NRS 점수가 1~3인 경미한 조건이어도 target이 보고된 불편 부위를 포함하므로 동일 부담·위험을 남길 수 있어 Alternative에서 삭제한다.,,[],normalized/v2_discomfort_alternative_mapping.csv,DOMAIN_REVIEWER,2026-08-24T00:00:00+09:00,DOMAIN_REVIEWER,DOMAIN_APPROVED,exercise-catalog-v2.0.2-draft,d2ff054350b7904b3cb99affb6e656a4a30acba82f81d889a98951928aeb725f,mapping:ELBOW:NRS_1_3:REX-000005:REX-000026:DISCOMFORT,"{""alternative_target_muscle_code"":""SHOULDERS"",""body_area_code"":""ELBOW"",""materialization_version"":""v2-representative-decisions-2026-08-24"",""score_band_code"":""NRS_1_3"",""selection_basis"":""DOMAIN_APPROVED_SCORE_BAND_AND_TARGET_MUSCLE_POLICY"",""source_path"":""normalized/v2_discomfort_alternative_mapping.csv"",""source_relation_key"":""mapping:ELBOW:NRS_1_3:REX-000005:REX-000026:DISCOMFORT"",""source_target_muscle_code"":""SHOULDERS""}",DETERMINISTIC_POLICY_V2_0_2,DATA_REVIEW_PIPELINE,REVIEW_REQUIRED,false
ALT-LEGACY-22f5553fc13f059d,19,exercise-catalog-v2.0.2-draft|d2ff054350b7904b3cb99affb6e656a4a30acba82f81d889a98951928aeb725f|NEX-000002:NEX-000113:CONSTRAINT,LOCATION,ISOLATION_LAT_PULL,CONSTRAINT,barbell_pullover_isolation_barbell,barbell_pullover_isolation_barbell,REX-000006,REPRESENTATIVE,풀오버,ISOLATION,"[""UPPER_BACK""]","[""CHEST"",""ELBOW""]","[""BARBELL""]","[""GYM""]",INTERMEDIATE,one_arm_wall_lats_isolation_bodyweight,one_arm_wall_lats_isolation_bodyweight,REX-000046,REPRESENTATIVE,벽 짚고 한 팔 광배근 스트레칭,ISOLATION,"[""UPPER_BACK""]","[""SHOULDER"",""ELBOW""]","[""BODYWEIGHT""]","[""HOME"",""GYM""]",BEGINNER,LEGACY_ALTERNATIVE,,,,,,,PAIN_AREA_INVOLVEMENT_IN_SOURCE_MOVEMENT,"{""discomfort_area_code"":"""",""source_body_area_codes"":[""CHEST"",""ELBOW"",""UPPER_BACK""],""source_equipment_codes"":[""BARBELL""],""source_primary_movement_pattern_code"":""ISOLATION""}",false,TARGET_EXCLUDES_DISCOMFORT_AREA,false,true,false,true,false,,A_TO_B,NOT_APPLICABLE,REMOVE_RECLASSIFY,REMOVE_FROM_ALTERNATIVE_SET,RECLASSIFY_CONTEXT_DEFAULT,NO_DISCOMFORT_CONDITION,통증·불편 조건이 없는 관계이므로 Alternative에서 제거하고 다른 관계 체계로 보낸다.,,[],generated/exercise-alternatives-v0.3.0/alternative_relationships.csv,DOMAIN_REVIEWER,2026-08-24T00:00:00+09:00,DOMAIN_REVIEWER,DOMAIN_APPROVED,exercise-catalog-v2.0.2-draft,d2ff054350b7904b3cb99affb6e656a4a30acba82f81d889a98951928aeb725f,NEX-000002:NEX-000113:CONSTRAINT,"{""legacy_relationship_type"":""CONSTRAINT"",""materialization_version"":""v2-representative-decisions-2026-08-24"",""selection_basis"":""REX_ENDPOINT_AND_V2_CATALOG_RECHECK"",""source_path"":""generated/exercise-alternatives-v0.3.0/alternative_relationships.csv"",""source_relation_key"":""NEX-000002:NEX-000113:CONSTRAINT""}",DETERMINISTIC_POLICY_V2_0_2,DATA_REVIEW_PIPELINE,REVIEW_REQUIRED,false
ALT-LEGACY-9edaac4cd612e193,20,exercise-catalog-v2.0.2-draft|d2ff054350b7904b3cb99affb6e656a4a30acba82f81d889a98951928aeb725f|NEX-000009:NEX-000064:CONSTRAINT,LOCATION,POSTERIOR_CHAIN_STRENGTH,CONSTRAINT,barbell_straight_leg_deadlift_hip_dominant_barbell,barbell_straight_leg_deadlift_hip_dominant_barbell,REX-000007,REPRESENTATIVE,루마니안 데드리프트,HIP_DOMINANT,"[""HIP""]","[""KNEE"",""LOWER_BACK""]","[""BARBELL""]","[""GYM""]",INTERMEDIATE,bodyweight_back_extension_hip_dominant_bodyweight,bodyweight_back_extension_hip_dominant_bodyweight,REX-000008,REPRESENTATIVE,백 익스텐션,HIP_DOMINANT,"[""LOWER_BACK""]","[""HIP"",""UPPER_BACK""]","[""BODYWEIGHT""]","[""HOME"",""GYM""]",INTERMEDIATE,LEGACY_ALTERNATIVE,,,,,,,PAIN_AREA_INVOLVEMENT_IN_SOURCE_MOVEMENT,"{""discomfort_area_code"":"""",""source_body_area_codes"":[""HIP"",""KNEE"",""LOWER_BACK""],""source_equipment_codes"":[""BARBELL""],""source_primary_movement_pattern_code"":""HIP_DOMINANT""}",false,TARGET_EXCLUDES_DISCOMFORT_AREA,false,true,false,true,false,,A_TO_B,NOT_APPLICABLE,REMOVE_RECLASSIFY,REMOVE_FROM_ALTERNATIVE_SET,RECLASSIFY_CONTEXT_DEFAULT,NO_DISCOMFORT_CONDITION,통증·불편 조건이 없는 관계이므로 Alternative에서 제거하고 다른 관계 체계로 보낸다.,,[],generated/exercise-alternatives-v0.3.0/alternative_relationships.csv,DOMAIN_REVIEWER,2026-08-24T00:00:00+09:00,DOMAIN_REVIEWER,DOMAIN_APPROVED,exercise-catalog-v2.0.2-draft,d2ff054350b7904b3cb99affb6e656a4a30acba82f81d889a98951928aeb725f,NEX-000009:NEX-000064:CONSTRAINT,"{""legacy_relationship_type"":""CONSTRAINT"",""materialization_version"":""v2-representative-decisions-2026-08-24"",""selection_basis"":""REX_ENDPOINT_AND_V2_CATALOG_RECHECK"",""source_path"":""generated/exercise-alternatives-v0.3.0/alternative_relationships.csv"",""source_relation_key"":""NEX-000009:NEX-000064:CONSTRAINT""}",DETERMINISTIC_POLICY_V2_0_2,DATA_REVIEW_PIPELINE,REVIEW_REQUIRED,false
ALT-LEGACY-1cd418829a497609,22,exercise-catalog-v2.0.2-draft|d2ff054350b7904b3cb99affb6e656a4a30acba82f81d889a98951928aeb725f|NEX-000009:NEX-000162:INTENSITY,LOCATION,POSTERIOR_CHAIN_STRENGTH,INTENSITY,barbell_straight_leg_deadlift_hip_dominant_barbell,barbell_straight_leg_deadlift_hip_dominant_barbell,REX-000007,REPRESENTATIVE,루마니안 데드리프트,HIP_DOMINANT,"[""HIP""]","[""KNEE"",""LOWER_BACK""]","[""BARBELL""]","[""GYM""]",INTERMEDIATE,bodyweight_glute_bridge_hip_dominant_bodyweight,bodyweight_glute_bridge_hip_dominant_bodyweight,REX-000011,REPRESENTATIVE,글루트 브리지,HIP_DOMINANT,"[""HIP""]","[""KNEE"",""LOWER_BACK""]","[""BODYWEIGHT""]","[""HOME"",""GYM""]",BEGINNER,LEGACY_ALTERNATIVE,,,,,,,PAIN_AREA_INVOLVEMENT_IN_SOURCE_MOVEMENT,"{""discomfort_area_code"":"""",""source_body_area_codes"":[""HIP"",""KNEE"",""LOWER_BACK""],""source_equipment_codes"":[""BARBELL""],""source_primary_movement_pattern_code"":""HIP_DOMINANT""}",false,TARGET_EXCLUDES_DISCOMFORT_AREA,false,true,false,true,false,,A_TO_B,NOT_APPLICABLE,REMOVE_RECLASSIFY,REMOVE_FROM_ALTERNATIVE_SET,RECLASSIFY_CONTEXT_DEFAULT,NO_DISCOMFORT_CONDITION,통증·불편 조건이 없는 관계이므로 Alternative에서 제거하고 다른 관계 체계로 보낸다.,,[],generated/exercise-alternatives-v0.3.0/alternative_relationships.csv,DOMAIN_REVIEWER,2026-08-24T00:00:00+09:00,DOMAIN_REVIEWER,DOMAIN_APPROVED,exercise-catalog-v2.0.2-draft,d2ff054350b7904b3cb99affb6e656a4a30acba82f81d889a98951928aeb725f,NEX-000009:NEX-000162:INTENSITY,"{""legacy_relationship_type"":""INTENSITY"",""materialization_version"":""v2-representative-decisions-2026-08-24"",""selection_basis"":""REX_ENDPOINT_AND_V2_CATALOG_RECHECK"",""source_path"":""generated/exercise-alternatives-v0.3.0/alternative_relationships.csv"",""source_relation_key"":""NEX-000009:NEX-000162:INTENSITY""}",DETERMINISTIC_POLICY_V2_0_2,DATA_REVIEW_PIPELINE,REVIEW_REQUIRED,false
ALT-LEGACY-532e5846c580600b,24,exercise-catalog-v2.0.2-draft|d2ff054350b7904b3cb99affb6e656a4a30acba82f81d889a98951928aeb725f|mapping:HIP:NRS_1_3:REX-000007:REX-000083:DISCOMFORT,DISCOMFORT,SAME_GOAL,,barbell_straight_leg_deadlift_hip_dominant_barbell,barbell_straight_leg_deadlift_hip_dominant_barbell,REX-000007,REPRESENTATIVE,루마니안 데드리프트,HIP_DOMINANT,"[""HIP""]","[""KNEE"",""LOWER_BACK""]","[""BARBELL""]","[""GYM""]",INTERMEDIATE,seated_leg_curl_knee_flexion_machine,seated_leg_curl_knee_flexion_machine,REX-000083,REPRESENTATIVE,레그 컬,KNEE_FLEXION,"[""KNEE""]","[""HIP""]","[""MACHINE""]","[""GYM""]",BEGINNER,LEGACY_ALTERNATIVE,HIP,NRS_1_3,1,3,MILD,LOAD_REDUCED,PAIN_AREA_INVOLVEMENT_IN_SOURCE_MOVEMENT,"{""discomfort_area_code"":""HIP"",""source_body_area_codes"":[""HIP"",""KNEE"",""LOWER_BACK""],""source_equipment_codes"":[""BARBELL""],""source_primary_movement_pattern_code"":""HIP_DOMINANT""}",true,UNCONFIRMED,true,true,false,false,false,,A_TO_B,NOT_APPLICABLE,REMOVE_RECLASSIFY,REMOVE_UNSAFE_SAME_AREA_TARGET,REMOVE_TARGET_RETAINS_DISCOMFORT_AREA,TARGET_RETAINS_DISCOMFORT_AREA,NRS 점수가 1~3인 경미한 조건이어도 target이 보고된 불편 부위를 포함하므로 동일 부담·위험을 남길 수 있어 Alternative에서 삭제한다.,,[],normalized/v2_discomfort_alternative_mapping.csv,DOMAIN_REVIEWER,2026-08-24T00:00:00+09:00,DOMAIN_REVIEWER,DOMAIN_APPROVED,exercise-catalog-v2.0.2-draft,d2ff054350b7904b3cb99affb6e656a4a30acba82f81d889a98951928aeb725f,mapping:HIP:NRS_1_3:REX-000007:REX-000083:DISCOMFORT,"{""alternative_target_muscle_code"":""HAMSTRINGS"",""body_area_code"":""HIP"",""materialization_version"":""v2-representative-decisions-2026-08-24"",""score_band_code"":""NRS_1_3"",""selection_basis"":""DOMAIN_APPROVED_SCORE_BAND_AND_TARGET_MUSCLE_POLICY"",""source_path"":""normalized/v2_discomfort_alternative_mapping.csv"",""source_relation_key"":""mapping:HIP:NRS_1_3:REX-000007:REX-000083:DISCOMFORT"",""source_target_muscle_code"":""HAMSTRINGS""}",DETERMINISTIC_POLICY_V2_0_2,DATA_REVIEW_PIPELINE,REVIEW_REQUIRED,false
ALT-LEGACY-30e0a341a4e5ef8c,25,exercise-catalog-v2.0.2-draft|d2ff054350b7904b3cb99affb6e656a4a30acba82f81d889a98951928aeb725f|NEX-000064:NEX-000192:CONSTRAINT,LOCATION,POSTERIOR_CHAIN_STRENGTH,CONSTRAINT,bodyweight_back_extension_hip_dominant_bodyweight,bodyweight_back_extension_hip_dominant_bodyweight,REX-000008,REPRESENTATIVE,백 익스텐션,HIP_DOMINANT,"[""LOWER_BACK""]","[""HIP"",""UPPER_BACK""]","[""BODYWEIGHT""]","[""HOME"",""GYM""]",INTERMEDIATE,barbell_deadlift_hip_dominant_barbell,barbell_deadlift_hip_dominant_barbell,REX-000004,REPRESENTATIVE,데드리프트,HIP_DOMINANT,"[""HIP""]","[""KNEE"",""LOWER_BACK""]","[""BARBELL""]","[""GYM""]",INTERMEDIATE,LEGACY_ALTERNATIVE,,,,,,,PAIN_AREA_INVOLVEMENT_IN_SOURCE_MOVEMENT,"{""discomfort_area_code"":"""",""source_body_area_codes"":[""HIP"",""LOWER_BACK"",""UPPER_BACK""],""source_equipment_codes"":[""BODYWEIGHT""],""source_primary_movement_pattern_code"":""HIP_DOMINANT""}",false,TARGET_EXCLUDES_DISCOMFORT_AREA,false,true,false,true,false,,A_TO_B,NOT_APPLICABLE,REMOVE_RECLASSIFY,REMOVE_FROM_ALTERNATIVE_SET,RECLASSIFY_CONTEXT_DEFAULT,NO_DISCOMFORT_CONDITION,통증·불편 조건이 없는 관계이므로 Alternative에서 제거하고 다른 관계 체계로 보낸다.,,[],generated/exercise-alternatives-v0.3.0/alternative_relationships.csv,DOMAIN_REVIEWER,2026-08-24T00:00:00+09:00,DOMAIN_REVIEWER,DOMAIN_APPROVED,exercise-catalog-v2.0.2-draft,d2ff054350b7904b3cb99affb6e656a4a30acba82f81d889a98951928aeb725f,NEX-000064:NEX-000192:CONSTRAINT,"{""legacy_relationship_type"":""CONSTRAINT"",""materialization_version"":""v2-representative-decisions-2026-08-24"",""selection_basis"":""REX_ENDPOINT_AND_V2_CATALOG_RECHECK"",""source_path"":""generated/exercise-alternatives-v0.3.0/alternative_relationships.csv"",""source_relation_key"":""NEX-000064:NEX-000192:CONSTRAINT""}",DETERMINISTIC_POLICY_V2_0_2,DATA_REVIEW_PIPELINE,REVIEW_REQUIRED,false
ALT-LEGACY-c0e4b07ef7b6da92,26,exercise-catalog-v2.0.2-draft|d2ff054350b7904b3cb99affb6e656a4a30acba82f81d889a98951928aeb725f|NEX-000064:NEX-000193:CONSTRAINT,LOCATION,POSTERIOR_CHAIN_STRENGTH,CONSTRAINT,bodyweight_back_extension_hip_dominant_bodyweight,bodyweight_back_extension_hip_dominant_bodyweight,REX-000008,REPRESENTATIVE,백 익스텐션,HIP_DOMINANT,"[""LOWER_BACK""]","[""HIP"",""UPPER_BACK""]","[""BODYWEIGHT""]","[""HOME"",""GYM""]",INTERMEDIATE,barbell_straight_leg_deadlift_hip_dominant_barbell,barbell_straight_leg_deadlift_hip_dominant_barbell,REX-000007,REPRESENTATIVE,루마니안 데드리프트,HIP_DOMINANT,"[""HIP""]","[""KNEE"",""LOWER_BACK""]","[""BARBELL""]","[""GYM""]",INTERMEDIATE,LEGACY_ALTERNATIVE,,,,,,,PAIN_AREA_INVOLVEMENT_IN_SOURCE_MOVEMENT,"{""discomfort_area_code"":"""",""source_body_area_codes"":[""HIP"",""LOWER_BACK"",""UPPER_BACK""],""source_equipment_codes"":[""BODYWEIGHT""],""source_primary_movement_pattern_code"":""HIP_DOMINANT""}",false,TARGET_EXCLUDES_DISCOMFORT_AREA,false,true,false,true,false,,A_TO_B,NOT_APPLICABLE,REMOVE_RECLASSIFY,REMOVE_FROM_ALTERNATIVE_SET,RECLASSIFY_CONTEXT_DEFAULT,NO_DISCOMFORT_CONDITION,통증·불편 조건이 없는 관계이므로 Alternative에서 제거하고 다른 관계 체계로 보낸다.,,[],generated/exercise-alternatives-v0.3.0/alternative_relationships.csv,DOMAIN_REVIEWER,2026-08-24T00:00:00+09:00,DOMAIN_REVIEWER,DOMAIN_APPROVED,exercise-catalog-v2.0.2-draft,d2ff054350b7904b3cb99affb6e656a4a30acba82f81d889a98951928aeb725f,NEX-000064:NEX-000193:CONSTRAINT,"{""legacy_relationship_type"":""CONSTRAINT"",""materialization_version"":""v2-representative-decisions-2026-08-24"",""selection_basis"":""REX_ENDPOINT_AND_V2_CATALOG_RECHECK"",""source_path"":""generated/exercise-alternatives-v0.3.0/alternative_relationships.csv"",""source_relation_key"":""NEX-000064:NEX-000193:CONSTRAINT""}",DETERMINISTIC_POLICY_V2_0_2,DATA_REVIEW_PIPELINE,REVIEW_REQUIRED,false
ALT-LEGACY-f546aad7c123794b,30,exercise-catalog-v2.0.2-draft|d2ff054350b7904b3cb99affb6e656a4a30acba82f81d889a98951928aeb725f|mapping:ABDOMEN:NRS_1_3:REX-000009:REX-000013:DISCOMFORT,DISCOMFORT,SAME_GOAL,,bodyweight_crunch_core_brace_bodyweight,bodyweight_crunch_core_brace_bodyweight,REX-000009,REPRESENTATIVE,크런치,CORE_BRACE,"[""ABDOMEN""]","[""LOWER_BACK""]","[""BODYWEIGHT""]","[""HOME"",""GYM""]",BEGINNER,bodyweight_reverse_crunch_core_brace_bodyweight,bodyweight_reverse_crunch_core_brace_bodyweight,REX-000013,REPRESENTATIVE,리버스 크런치,CORE_BRACE,"[""ABDOMEN""]","[""LOWER_BACK""]","[""BODYWEIGHT""]","[""HOME"",""GYM""]",INTERMEDIATE,LEGACY_ALTERNATIVE,ABDOMEN,NRS_1_3,1,3,MILD,LOAD_REDUCED,PAIN_AREA_INVOLVEMENT_IN_SOURCE_MOVEMENT,"{""discomfort_area_code"":""ABDOMEN"",""source_body_area_codes"":[""ABDOMEN"",""LOWER_BACK""],""source_equipment_codes"":[""BODYWEIGHT""],""source_primary_movement_pattern_code"":""CORE_BRACE""}",true,UNCONFIRMED,true,false,false,true,false,,A_TO_B,NOT_APPLICABLE,REMOVE_RECLASSIFY,REMOVE_UNSAFE_SAME_AREA_TARGET,REMOVE_TARGET_RETAINS_DISCOMFORT_AREA,TARGET_RETAINS_DISCOMFORT_AREA,NRS 점수가 1~3인 경미한 조건이어도 target이 보고된 불편 부위를 포함하므로 동일 부담·위험을 남길 수 있어 Alternative에서 삭제한다.,,[],normalized/v2_discomfort_alternative_mapping.csv,DOMAIN_REVIEWER,2026-08-24T00:00:00+09:00,DOMAIN_REVIEWER,DOMAIN_APPROVED,exercise-catalog-v2.0.2-draft,d2ff054350b7904b3cb99affb6e656a4a30acba82f81d889a98951928aeb725f,mapping:ABDOMEN:NRS_1_3:REX-000009:REX-000013:DISCOMFORT,"{""alternative_target_muscle_code"":""CORE"",""body_area_code"":""ABDOMEN"",""materialization_version"":""v2-representative-decisions-2026-08-24"",""score_band_code"":""NRS_1_3"",""selection_basis"":""DOMAIN_APPROVED_SCORE_BAND_AND_TARGET_MUSCLE_POLICY"",""source_path"":""normalized/v2_discomfort_alternative_mapping.csv"",""source_relation_key"":""mapping:ABDOMEN:NRS_1_3:REX-000009:REX-000013:DISCOMFORT"",""source_target_muscle_code"":""CORE""}",DETERMINISTIC_POLICY_V2_0_2,DATA_REVIEW_PIPELINE,REVIEW_REQUIRED,false
ALT-LEGACY-fed4406b70c6901f,33,exercise-catalog-v2.0.2-draft|d2ff054350b7904b3cb99affb6e656a4a30acba82f81d889a98951928aeb725f|mapping:ANKLE_FOOT:NRS_1_3:REX-000010:REX-000066:DISCOMFORT,DISCOMFORT,SAME_GOAL,,bodyweight_forward_lunge_knee_dominant_bodyweight,bodyweight_forward_lunge_knee_dominant_bodyweight,REX-000010,REPRESENTATIVE,포워드 런지,KNEE_DOMINANT,"[""HIP"",""KNEE""]","[""ANKLE_FOOT""]","[""BODYWEIGHT""]","[""HOME"",""GYM""]",BEGINNER,mobility_balance_bodyweight,mobility_balance_bodyweight,REX-000066,REPRESENTATIVE,한발 서기 균형,BALANCE,"[""HIP""]","[""ANKLE_FOOT"",""KNEE""]","[""BODYWEIGHT""]","[""HOME"",""GYM""]",BEGINNER,LEGACY_ALTERNATIVE,ANKLE_FOOT,NRS_1_3,1,3,MILD,LOAD_REDUCED,PAIN_AREA_INVOLVEMENT_IN_SOURCE_MOVEMENT,"{""discomfort_area_code"":""ANKLE_FOOT"",""source_body_area_codes"":[""ANKLE_FOOT"",""HIP"",""KNEE""],""source_equipment_codes"":[""BODYWEIGHT""],""source_primary_movement_pattern_code"":""KNEE_DOMINANT""}",true,UNCONFIRMED,true,true,false,false,false,,A_TO_B,NOT_APPLICABLE,REMOVE_RECLASSIFY,REMOVE_UNSAFE_SAME_AREA_TARGET,REMOVE_TARGET_RETAINS_DISCOMFORT_AREA,TARGET_RETAINS_DISCOMFORT_AREA,NRS 점수가 1~3인 경미한 조건이어도 target이 보고된 불편 부위를 포함하므로 동일 부담·위험을 남길 수 있어 Alternative에서 삭제한다.,,[],normalized/v2_discomfort_alternative_mapping.csv,DOMAIN_REVIEWER,2026-08-24T00:00:00+09:00,DOMAIN_REVIEWER,DOMAIN_APPROVED,exercise-catalog-v2.0.2-draft,d2ff054350b7904b3cb99affb6e656a4a30acba82f81d889a98951928aeb725f,mapping:ANKLE_FOOT:NRS_1_3:REX-000010:REX-000066:DISCOMFORT,"{""alternative_target_muscle_code"":""MOBILITY"",""body_area_code"":""ANKLE_FOOT"",""materialization_version"":""v2-representative-decisions-2026-08-24"",""score_band_code"":""NRS_1_3"",""selection_basis"":""DOMAIN_APPROVED_SCORE_BAND_AND_TARGET_MUSCLE_POLICY"",""source_path"":""normalized/v2_discomfort_alternative_mapping.csv"",""source_relation_key"":""mapping:ANKLE_FOOT:NRS_1_3:REX-000010:REX-000066:DISCOMFORT"",""source_target_muscle_code"":""GLUTES""}",DETERMINISTIC_POLICY_V2_0_2,DATA_REVIEW_PIPELINE,REVIEW_REQUIRED,false
ALT-LEGACY-32875b6f3121369d,36,exercise-catalog-v2.0.2-draft|d2ff054350b7904b3cb99affb6e656a4a30acba82f81d889a98951928aeb725f|mapping:HIP:NRS_1_3:REX-000011:REX-000066:DISCOMFORT,DISCOMFORT,SAME_GOAL,,bodyweight_glute_bridge_hip_dominant_bodyweight,bodyweight_glute_bridge_hip_dominant_bodyweight,REX-000011,REPRESENTATIVE,글루트 브리지,HIP_DOMINANT,"[""HIP""]","[""KNEE"",""LOWER_BACK""]","[""BODYWEIGHT""]","[""HOME"",""GYM""]",BEGINNER,mobility_balance_bodyweight,mobility_balance_bodyweight,REX-000066,REPRESENTATIVE,한발 서기 균형,BALANCE,"[""HIP""]","[""ANKLE_FOOT"",""KNEE""]","[""BODYWEIGHT""]","[""HOME"",""GYM""]",BEGINNER,LEGACY_ALTERNATIVE,HIP,NRS_1_3,1,3,MILD,LOAD_REDUCED,PAIN_AREA_INVOLVEMENT_IN_SOURCE_MOVEMENT,"{""discomfort_area_code"":""HIP"",""source_body_area_codes"":[""HIP"",""KNEE"",""LOWER_BACK""],""source_equipment_codes"":[""BODYWEIGHT""],""source_primary_movement_pattern_code"":""HIP_DOMINANT""}",true,UNCONFIRMED,true,true,false,false,false,,A_TO_B,NOT_APPLICABLE,REMOVE_RECLASSIFY,REMOVE_UNSAFE_SAME_AREA_TARGET,REMOVE_TARGET_RETAINS_DISCOMFORT_AREA,TARGET_RETAINS_DISCOMFORT_AREA,NRS 점수가 1~3인 경미한 조건이어도 target이 보고된 불편 부위를 포함하므로 동일 부담·위험을 남길 수 있어 Alternative에서 삭제한다.,,[],normalized/v2_discomfort_alternative_mapping.csv,DOMAIN_REVIEWER,2026-08-24T00:00:00+09:00,DOMAIN_REVIEWER,DOMAIN_APPROVED,exercise-catalog-v2.0.2-draft,d2ff054350b7904b3cb99affb6e656a4a30acba82f81d889a98951928aeb725f,mapping:HIP:NRS_1_3:REX-000011:REX-000066:DISCOMFORT,"{""alternative_target_muscle_code"":""MOBILITY"",""body_area_code"":""HIP"",""materialization_version"":""v2-representative-decisions-2026-08-24"",""score_band_code"":""NRS_1_3"",""selection_basis"":""DOMAIN_APPROVED_SCORE_BAND_AND_TARGET_MUSCLE_POLICY"",""source_path"":""normalized/v2_discomfort_alternative_mapping.csv"",""source_relation_key"":""mapping:HIP:NRS_1_3:REX-000011:REX-000066:DISCOMFORT"",""source_target_muscle_code"":""GLUTES""}",DETERMINISTIC_POLICY_V2_0_2,DATA_REVIEW_PIPELINE,REVIEW_REQUIRED,false
ALT-LEGACY-30fa4ce331457adc,38,exercise-catalog-v2.0.2-draft|d2ff054350b7904b3cb99affb6e656a4a30acba82f81d889a98951928aeb725f|mapping:ELBOW:NRS_1_3:REX-000012:REX-000027:DISCOMFORT,DISCOMFORT,SAME_GOAL,,bodyweight_pull_up_biceps_vertical_pull_bodyweight_pull_up_bar,bodyweight_pull_up_biceps_vertical_pull_bodyweight_pull_up_bar,REX-000012,REPRESENTATIVE,풀업,VERTICAL_PULL,"[""ELBOW""]","[""UPPER_BACK"",""WRIST_HAND""]","[""BODYWEIGHT"",""PULL_UP_BAR""]","[""GYM""]",INTERMEDIATE,dumbbell_preacher_curl_isolation_dumbbell,dumbbell_preacher_curl_isolation_dumbbell,REX-000027,REPRESENTATIVE,프리처 컬,ISOLATION,"[""ELBOW""]","[""WRIST_HAND""]","[""DUMBBELL""]","[""HOME"",""GYM""]",BEGINNER,LEGACY_ALTERNATIVE,ELBOW,NRS_1_3,1,3,MILD,LOAD_REDUCED,PAIN_AREA_INVOLVEMENT_IN_SOURCE_MOVEMENT,"{""discomfort_area_code"":""ELBOW"",""source_body_area_codes"":[""ELBOW"",""UPPER_BACK"",""WRIST_HAND""],""source_equipment_codes"":[""BODYWEIGHT"",""PULL_UP_BAR""],""source_primary_movement_pattern_code"":""VERTICAL_PULL""}",true,UNCONFIRMED,true,true,false,false,false,,A_TO_B,NOT_APPLICABLE,REMOVE_RECLASSIFY,REMOVE_UNSAFE_SAME_AREA_TARGET,REMOVE_TARGET_RETAINS_DISCOMFORT_AREA,TARGET_RETAINS_DISCOMFORT_AREA,NRS 점수가 1~3인 경미한 조건이어도 target이 보고된 불편 부위를 포함하므로 동일 부담·위험을 남길 수 있어 Alternative에서 삭제한다.,,[],normalized/v2_discomfort_alternative_mapping.csv,DOMAIN_REVIEWER,2026-08-24T00:00:00+09:00,DOMAIN_REVIEWER,DOMAIN_APPROVED,exercise-catalog-v2.0.2-draft,d2ff054350b7904b3cb99affb6e656a4a30acba82f81d889a98951928aeb725f,mapping:ELBOW:NRS_1_3:REX-000012:REX-000027:DISCOMFORT,"{""alternative_target_muscle_code"":""BICEPS"",""body_area_code"":""ELBOW"",""materialization_version"":""v2-representative-decisions-2026-08-24"",""score_band_code"":""NRS_1_3"",""selection_basis"":""DOMAIN_APPROVED_SCORE_BAND_AND_TARGET_MUSCLE_POLICY"",""source_path"":""normalized/v2_discomfort_alternative_mapping.csv"",""source_relation_key"":""mapping:ELBOW:NRS_1_3:REX-000012:REX-000027:DISCOMFORT"",""source_target_muscle_code"":""BICEPS""}",DETERMINISTIC_POLICY_V2_0_2,DATA_REVIEW_PIPELINE,REVIEW_REQUIRED,false
ALT-LEGACY-f01b9dadad810919,39,exercise-catalog-v2.0.2-draft|d2ff054350b7904b3cb99affb6e656a4a30acba82f81d889a98951928aeb725f|NEX-000011:NEX-000020:INTENSITY,LOCATION,VERTICAL_PULL_STRENGTH,INTENSITY,bodyweight_pull_up_biceps_vertical_pull_bodyweight_pull_up_bar,bodyweight_pull_up_biceps_vertical_pull_bodyweight_pull_up_bar,REX-000012,REPRESENTATIVE,풀업,VERTICAL_PULL,"[""ELBOW""]","[""UPPER_BACK"",""WRIST_HAND""]","[""BODYWEIGHT"",""PULL_UP_BAR""]","[""GYM""]",INTERMEDIATE,lat_pulldown_vertical_pull_cable_machine,lat_pulldown_vertical_pull_cable_machine,REX-000040,REPRESENTATIVE,랫풀다운,VERTICAL_PULL,"[""UPPER_BACK""]","[""ELBOW"",""SHOULDER""]","[""CABLE_MACHINE""]","[""GYM""]",INTERMEDIATE,LEGACY_ALTERNATIVE,,,,,,,PAIN_AREA_INVOLVEMENT_IN_SOURCE_MOVEMENT,"{""discomfort_area_code"":"""",""source_body_area_codes"":[""ELBOW"",""UPPER_BACK"",""WRIST_HAND""],""source_equipment_codes"":[""BODYWEIGHT"",""PULL_UP_BAR""],""source_primary_movement_pattern_code"":""VERTICAL_PULL""}",false,TARGET_EXCLUDES_DISCOMFORT_AREA,false,true,false,true,false,,A_TO_B,NOT_APPLICABLE,REMOVE_RECLASSIFY,REMOVE_FROM_ALTERNATIVE_SET,RECLASSIFY_CONTEXT_DEFAULT,NO_DISCOMFORT_CONDITION,통증·불편 조건이 없는 관계이므로 Alternative에서 제거하고 다른 관계 체계로 보낸다.,,[],generated/exercise-alternatives-v0.3.0/alternative_relationships.csv,DOMAIN_REVIEWER,2026-08-24T00:00:00+09:00,DOMAIN_REVIEWER,DOMAIN_APPROVED,exercise-catalog-v2.0.2-draft,d2ff054350b7904b3cb99affb6e656a4a30acba82f81d889a98951928aeb725f,NEX-000011:NEX-000020:INTENSITY,"{""legacy_relationship_type"":""INTENSITY"",""materialization_version"":""v2-representative-decisions-2026-08-24"",""selection_basis"":""REX_ENDPOINT_AND_V2_CATALOG_RECHECK"",""source_path"":""generated/exercise-alternatives-v0.3.0/alternative_relationships.csv"",""source_relation_key"":""NEX-000011:NEX-000020:INTENSITY""}",DETERMINISTIC_POLICY_V2_0_2,DATA_REVIEW_PIPELINE,REVIEW_REQUIRED,false
ALT-LEGACY-874998c4aab7dd2e,40,exercise-catalog-v2.0.2-draft|d2ff054350b7904b3cb99affb6e656a4a30acba82f81d889a98951928aeb725f|mapping:ABDOMEN:NRS_1_3:REX-000013:REX-000009:DISCOMFORT,DISCOMFORT,SAME_GOAL,,bodyweight_reverse_crunch_core_brace_bodyweight,bodyweight_reverse_crunch_core_brace_bodyweight,REX-000013,REPRESENTATIVE,리버스 크런치,CORE_BRACE,"[""ABDOMEN""]","[""LOWER_BACK""]","[""BODYWEIGHT""]","[""HOME"",""GYM""]",INTERMEDIATE,bodyweight_crunch_core_brace_bodyweight,bodyweight_crunch_core_brace_bodyweight,REX-000009,REPRESENTATIVE,크런치,CORE_BRACE,"[""ABDOMEN""]","[""LOWER_BACK""]","[""BODYWEIGHT""]","[""HOME"",""GYM""]",BEGINNER,LEGACY_ALTERNATIVE,ABDOMEN,NRS_1_3,1,3,MILD,LOAD_REDUCED,PAIN_AREA_INVOLVEMENT_IN_SOURCE_MOVEMENT,"{""discomfort_area_code"":""ABDOMEN"",""source_body_area_codes"":[""ABDOMEN"",""LOWER_BACK""],""source_equipment_codes"":[""BODYWEIGHT""],""source_primary_movement_pattern_code"":""CORE_BRACE""}",true,UNCONFIRMED,true,true,false,true,false,,A_TO_B,NOT_APPLICABLE,REMOVE_RECLASSIFY,REMOVE_UNSAFE_SAME_AREA_TARGET,REMOVE_TARGET_RETAINS_DISCOMFORT_AREA,TARGET_RETAINS_DISCOMFORT_AREA,NRS 점수가 1~3인 경미한 조건이어도 target이 보고된 불편 부위를 포함하므로 동일 부담·위험을 남길 수 있어 Alternative에서 삭제한다.,,[],normalized/v2_discomfort_alternative_mapping.csv,DOMAIN_REVIEWER,2026-08-24T00:00:00+09:00,DOMAIN_REVIEWER,DOMAIN_APPROVED,exercise-catalog-v2.0.2-draft,d2ff054350b7904b3cb99affb6e656a4a30acba82f81d889a98951928aeb725f,mapping:ABDOMEN:NRS_1_3:REX-000013:REX-000009:DISCOMFORT,"{""alternative_target_muscle_code"":""CORE"",""body_area_code"":""ABDOMEN"",""materialization_version"":""v2-representative-decisions-2026-08-24"",""score_band_code"":""NRS_1_3"",""selection_basis"":""DOMAIN_APPROVED_SCORE_BAND_AND_TARGET_MUSCLE_POLICY"",""source_path"":""normalized/v2_discomfort_alternative_mapping.csv"",""source_relation_key"":""mapping:ABDOMEN:NRS_1_3:REX-000013:REX-000009:DISCOMFORT"",""source_target_muscle_code"":""CORE""}",DETERMINISTIC_POLICY_V2_0_2,DATA_REVIEW_PIPELINE,REVIEW_REQUIRED,false
ALT-LEGACY-a5b51d441f45aa12,42,exercise-catalog-v2.0.2-draft|d2ff054350b7904b3cb99affb6e656a4a30acba82f81d889a98951928aeb725f|mapping:ABDOMEN:NRS_1_3:REX-000014:REX-000009:DISCOMFORT,DISCOMFORT,SAME_GOAL,,bodyweight_russian_twist_core_brace_bodyweight,bodyweight_russian_twist_core_brace_bodyweight,REX-000014,REPRESENTATIVE,러시안 트위스트,CORE_BRACE,"[""ABDOMEN""]","[""LOWER_BACK""]","[""BODYWEIGHT""]","[""HOME"",""GYM""]",INTERMEDIATE,bodyweight_crunch_core_brace_bodyweight,bodyweight_crunch_core_brace_bodyweight,REX-000009,REPRESENTATIVE,크런치,CORE_BRACE,"[""ABDOMEN""]","[""LOWER_BACK""]","[""BODYWEIGHT""]","[""HOME"",""GYM""]",BEGINNER,LEGACY_ALTERNATIVE,ABDOMEN,NRS_1_3,1,3,MILD,LOAD_REDUCED,PAIN_AREA_INVOLVEMENT_IN_SOURCE_MOVEMENT,"{""discomfort_area_code"":""ABDOMEN"",""source_body_area_codes"":[""ABDOMEN"",""LOWER_BACK""],""source_equipment_codes"":[""BODYWEIGHT""],""source_primary_movement_pattern_code"":""CORE_BRACE""}",true,UNCONFIRMED,true,true,false,true,false,,A_TO_B,NOT_APPLICABLE,REMOVE_RECLASSIFY,REMOVE_UNSAFE_SAME_AREA_TARGET,REMOVE_TARGET_RETAINS_DISCOMFORT_AREA,TARGET_RETAINS_DISCOMFORT_AREA,NRS 점수가 1~3인 경미한 조건이어도 target이 보고된 불편 부위를 포함하므로 동일 부담·위험을 남길 수 있어 Alternative에서 삭제한다.,,[],normalized/v2_discomfort_alternative_mapping.csv,DOMAIN_REVIEWER,2026-08-24T00:00:00+09:00,DOMAIN_REVIEWER,DOMAIN_APPROVED,exercise-catalog-v2.0.2-draft,d2ff054350b7904b3cb99affb6e656a4a30acba82f81d889a98951928aeb725f,mapping:ABDOMEN:NRS_1_3:REX-000014:REX-000009:DISCOMFORT,"{""alternative_target_muscle_code"":""CORE"",""body_area_code"":""ABDOMEN"",""materialization_version"":""v2-representative-decisions-2026-08-24"",""score_band_code"":""NRS_1_3"",""selection_basis"":""DOMAIN_APPROVED_SCORE_BAND_AND_TARGET_MUSCLE_POLICY"",""source_path"":""normalized/v2_discomfort_alternative_mapping.csv"",""source_relation_key"":""mapping:ABDOMEN:NRS_1_3:REX-000014:REX-000009:DISCOMFORT"",""source_target_muscle_code"":""CORE""}",DETERMINISTIC_POLICY_V2_0_2,DATA_REVIEW_PIPELINE,REVIEW_REQUIRED,false
ALT-LEGACY-b5fc42e0264dd178,43,exercise-catalog-v2.0.2-draft|d2ff054350b7904b3cb99affb6e656a4a30acba82f81d889a98951928aeb725f|NEX-000023:NEX-000094:CONSTRAINT,DIFFICULTY,CORE_STABILITY,CONSTRAINT,bodyweight_russian_twist_core_brace_bodyweight,bodyweight_russian_twist_core_brace_bodyweight,REX-000014,REPRESENTATIVE,러시안 트위스트,CORE_BRACE,"[""ABDOMEN""]","[""LOWER_BACK""]","[""BODYWEIGHT""]","[""HOME"",""GYM""]",INTERMEDIATE,bodyweight_reverse_crunch_core_brace_bodyweight,bodyweight_reverse_crunch_core_brace_bodyweight,REX-000013,REPRESENTATIVE,리버스 크런치,CORE_BRACE,"[""ABDOMEN""]","[""LOWER_BACK""]","[""BODYWEIGHT""]","[""HOME"",""GYM""]",INTERMEDIATE,LEGACY_ALTERNATIVE,,,,,,,PAIN_AREA_INVOLVEMENT_IN_SOURCE_MOVEMENT,"{""discomfort_area_code"":"""",""source_body_area_codes"":[""ABDOMEN"",""LOWER_BACK""],""source_equipment_codes"":[""BODYWEIGHT""],""source_primary_movement_pattern_code"":""CORE_BRACE""}",false,TARGET_EXCLUDES_DISCOMFORT_AREA,false,true,false,true,false,,A_TO_B,NOT_APPLICABLE,REMOVE_RECLASSIFY,REMOVE_FROM_ALTERNATIVE_SET,RECLASSIFY_DIFFICULTY_VARIANT,NO_DISCOMFORT_CONDITION,통증·불편 조건이 없는 관계이므로 Alternative에서 제거하고 다른 관계 체계로 보낸다.,,[],generated/exercise-alternatives-v0.3.0/alternative_relationships.csv,DOMAIN_REVIEWER,2026-08-24T00:00:00+09:00,DOMAIN_REVIEWER,DOMAIN_APPROVED,exercise-catalog-v2.0.2-draft,d2ff054350b7904b3cb99affb6e656a4a30acba82f81d889a98951928aeb725f,NEX-000023:NEX-000094:CONSTRAINT,"{""legacy_relationship_type"":""CONSTRAINT"",""materialization_version"":""v2-representative-decisions-2026-08-24"",""selection_basis"":""REX_ENDPOINT_AND_V2_CATALOG_RECHECK"",""source_path"":""generated/exercise-alternatives-v0.3.0/alternative_relationships.csv"",""source_relation_key"":""NEX-000023:NEX-000094:CONSTRAINT""}",DETERMINISTIC_POLICY_V2_0_2,DATA_REVIEW_PIPELINE,REVIEW_REQUIRED,false
ALT-LEGACY-ca6faa65eed95060,46,exercise-catalog-v2.0.2-draft|d2ff054350b7904b3cb99affb6e656a4a30acba82f81d889a98951928aeb725f|NEX-000154:NEX-000159:RECOVERY,EQUIPMENT,KNEE_DOMINANT_STRENGTH,RECOVERY,bodyweight_split_squat_knee_dominant_bodyweight,bodyweight_split_squat_knee_dominant_bodyweight,REX-000015,REPRESENTATIVE,스플릿 스쿼트,KNEE_DOMINANT,"[""KNEE"",""HIP""]","[""ANKLE_FOOT""]","[""BODYWEIGHT""]","[""HOME"",""GYM""]",INTERMEDIATE,dumbbell_step_up_lunge_knee_dominant_dumbbell_step_box,dumbbell_step_up_lunge_knee_dominant_dumbbell_step_box,REX-000031,REPRESENTATIVE,덤벨 스텝업 런지,KNEE_DOMINANT,"[""KNEE"",""HIP""]","[""ANKLE_FOOT""]","[""DUMBBELL"",""STEP_BOX""]","[""GYM""]",INTERMEDIATE,LEGACY_ALTERNATIVE,,,,,,,PAIN_AREA_INVOLVEMENT_IN_SOURCE_MOVEMENT,"{""discomfort_area_code"":"""",""source_body_area_codes"":[""ANKLE_FOOT"",""HIP"",""KNEE""],""source_equipment_codes"":[""BODYWEIGHT""],""source_primary_movement_pattern_code"":""KNEE_DOMINANT""}",false,TARGET_EXCLUDES_DISCOMFORT_AREA,false,true,false,true,false,,A_TO_B,NOT_APPLICABLE,REMOVE_RECLASSIFY,REMOVE_FROM_ALTERNATIVE_SET,RECLASSIFY_VARIANT,NO_DISCOMFORT_CONDITION,통증·불편 조건이 없는 관계이므로 Alternative에서 제거하고 다른 관계 체계로 보낸다.,,[],generated/exercise-alternatives-v0.3.0/alternative_relationships.csv,DOMAIN_REVIEWER,2026-08-24T00:00:00+09:00,DOMAIN_REVIEWER,DOMAIN_APPROVED,exercise-catalog-v2.0.2-draft,d2ff054350b7904b3cb99affb6e656a4a30acba82f81d889a98951928aeb725f,NEX-000154:NEX-000159:RECOVERY,"{""legacy_relationship_type"":""RECOVERY"",""materialization_version"":""v2-representative-decisions-2026-08-24"",""selection_basis"":""REX_ENDPOINT_AND_V2_CATALOG_RECHECK"",""source_path"":""generated/exercise-alternatives-v0.3.0/alternative_relationships.csv"",""source_relation_key"":""NEX-000154:NEX-000159:RECOVERY""}",DETERMINISTIC_POLICY_V2_0_2,DATA_REVIEW_PIPELINE,REVIEW_REQUIRED,false
ALT-LEGACY-e6bcc912b21bafde,49,exercise-catalog-v2.0.2-draft|d2ff054350b7904b3cb99affb6e656a4a30acba82f81d889a98951928aeb725f|mapping:ANKLE_FOOT:NRS_1_3:REX-000016:REX-000080:DISCOMFORT,DISCOMFORT,SAME_GOAL,,bodyweight_standing_calf_raise_isolation_bodyweight,bodyweight_standing_calf_raise_isolation_bodyweight,REX-000016,REPRESENTATIVE,스탠딩 카프 레이즈,ISOLATION,"[""ANKLE_FOOT""]","[""KNEE""]","[""BODYWEIGHT""]","[""HOME"",""GYM""]",BEGINNER,seated_calf_raise_isolation_barbell,seated_calf_raise_isolation_barbell,REX-000080,REPRESENTATIVE,시티드 카프 레이즈,ISOLATION,"[""ANKLE_FOOT""]","[""KNEE""]","[""BARBELL""]","[""GYM""]",BEGINNER,LEGACY_ALTERNATIVE,ANKLE_FOOT,NRS_1_3,1,3,MILD,LOAD_REDUCED,PAIN_AREA_INVOLVEMENT_IN_SOURCE_MOVEMENT,"{""discomfort_area_code"":""ANKLE_FOOT"",""source_body_area_codes"":[""ANKLE_FOOT"",""KNEE""],""source_equipment_codes"":[""BODYWEIGHT""],""source_primary_movement_pattern_code"":""ISOLATION""}",true,UNCONFIRMED,true,true,false,true,false,,A_TO_B,NOT_APPLICABLE,REMOVE_RECLASSIFY,REMOVE_UNSAFE_SAME_AREA_TARGET,REMOVE_TARGET_RETAINS_DISCOMFORT_AREA,TARGET_RETAINS_DISCOMFORT_AREA,NRS 점수가 1~3인 경미한 조건이어도 target이 보고된 불편 부위를 포함하므로 동일 부담·위험을 남길 수 있어 Alternative에서 삭제한다.,,[],normalized/v2_discomfort_alternative_mapping.csv,DOMAIN_REVIEWER,2026-08-24T00:00:00+09:00,DOMAIN_REVIEWER,DOMAIN_APPROVED,exercise-catalog-v2.0.2-draft,d2ff054350b7904b3cb99affb6e656a4a30acba82f81d889a98951928aeb725f,mapping:ANKLE_FOOT:NRS_1_3:REX-000016:REX-000080:DISCOMFORT,"{""alternative_target_muscle_code"":""CALVES"",""body_area_code"":""ANKLE_FOOT"",""materialization_version"":""v2-representative-decisions-2026-08-24"",""score_band_code"":""NRS_1_3"",""selection_basis"":""DOMAIN_APPROVED_SCORE_BAND_AND_TARGET_MUSCLE_POLICY"",""source_path"":""normalized/v2_discomfort_alternative_mapping.csv"",""source_relation_key"":""mapping:ANKLE_FOOT:NRS_1_3:REX-000016:REX-000080:DISCOMFORT"",""source_target_muscle_code"":""CALVES""}",DETERMINISTIC_POLICY_V2_0_2,DATA_REVIEW_PIPELINE,REVIEW_REQUIRED,false
ALT-LEGACY-5db44316436db509,53,exercise-catalog-v2.0.2-draft|d2ff054350b7904b3cb99affb6e656a4a30acba82f81d889a98951928aeb725f|mapping:CHEST:NRS_1_3:REX-000018:REX-000052:DISCOMFORT,DISCOMFORT,SAME_GOAL,,cable_fly_isolation_cable_machine,cable_fly_isolation_cable_machine,REX-000018,REPRESENTATIVE,케이블 플라이,ISOLATION,"[""CHEST""]","[""SHOULDER""]","[""CABLE_MACHINE""]","[""GYM""]",INTERMEDIATE,push_up_horizontal_push_bodyweight,push_up_horizontal_push_bodyweight,REX-000052,REPRESENTATIVE,푸시업,HORIZONTAL_PUSH,"[""CHEST""]","[""SHOULDER"",""ELBOW""]","[""BODYWEIGHT""]","[""HOME"",""GYM""]",BEGINNER,LEGACY_ALTERNATIVE,CHEST,NRS_1_3,1,3,MILD,LOAD_REDUCED,PAIN_AREA_INVOLVEMENT_IN_SOURCE_MOVEMENT,"{""discomfort_area_code"":""CHEST"",""source_body_area_codes"":[""CHEST"",""SHOULDER""],""source_equipment_codes"":[""CABLE_MACHINE""],""source_primary_movement_pattern_code"":""ISOLATION""}",true,UNCONFIRMED,true,true,false,false,false,,A_TO_B,NOT_APPLICABLE,REMOVE_RECLASSIFY,REMOVE_UNSAFE_SAME_AREA_TARGET,REMOVE_TARGET_RETAINS_DISCOMFORT_AREA,TARGET_RETAINS_DISCOMFORT_AREA,NRS 점수가 1~3인 경미한 조건이어도 target이 보고된 불편 부위를 포함하므로 동일 부담·위험을 남길 수 있어 Alternative에서 삭제한다.,,[],normalized/v2_discomfort_alternative_mapping.csv,DOMAIN_REVIEWER,2026-08-24T00:00:00+09:00,DOMAIN_REVIEWER,DOMAIN_APPROVED,exercise-catalog-v2.0.2-draft,d2ff054350b7904b3cb99affb6e656a4a30acba82f81d889a98951928aeb725f,mapping:CHEST:NRS_1_3:REX-000018:REX-000052:DISCOMFORT,"{""alternative_target_muscle_code"":""CHEST"",""body_area_code"":""CHEST"",""materialization_version"":""v2-representative-decisions-2026-08-24"",""score_band_code"":""NRS_1_3"",""selection_basis"":""DOMAIN_APPROVED_SCORE_BAND_AND_TARGET_MUSCLE_POLICY"",""source_path"":""normalized/v2_discomfort_alternative_mapping.csv"",""source_relation_key"":""mapping:CHEST:NRS_1_3:REX-000018:REX-000052:DISCOMFORT"",""source_target_muscle_code"":""CHEST""}",DETERMINISTIC_POLICY_V2_0_2,DATA_REVIEW_PIPELINE,REVIEW_REQUIRED,false
ALT-LEGACY-f130579c152e5263,55,exercise-catalog-v2.0.2-draft|d2ff054350b7904b3cb99affb6e656a4a30acba82f81d889a98951928aeb725f|mapping:ELBOW:NRS_1_3:REX-000019:REX-000047:DISCOMFORT,DISCOMFORT,SAME_GOAL,,cable_triceps_pushdown_isolation_cable_machine,cable_triceps_pushdown_isolation_cable_machine,REX-000019,REPRESENTATIVE,케이블 트라이셉스 푸시다운,ISOLATION,"[""ELBOW""]","[""SHOULDER""]","[""CABLE_MACHINE""]","[""GYM""]",INTERMEDIATE,overhead_triceps_extension_isolation_barbell,overhead_triceps_extension_isolation_barbell,REX-000047,REPRESENTATIVE,오버헤드 트라이셉스 익스텐션,ISOLATION,"[""ELBOW""]","[""SHOULDER""]","[""BARBELL""]","[""GYM""]",BEGINNER,LEGACY_ALTERNATIVE,ELBOW,NRS_1_3,1,3,MILD,LOAD_REDUCED,PAIN_AREA_INVOLVEMENT_IN_SOURCE_MOVEMENT,"{""discomfort_area_code"":""ELBOW"",""source_body_area_codes"":[""ELBOW"",""SHOULDER""],""source_equipment_codes"":[""CABLE_MACHINE""],""source_primary_movement_pattern_code"":""ISOLATION""}",true,UNCONFIRMED,true,true,false,true,false,,A_TO_B,NOT_APPLICABLE,REMOVE_RECLASSIFY,REMOVE_UNSAFE_SAME_AREA_TARGET,REMOVE_TARGET_RETAINS_DISCOMFORT_AREA,TARGET_RETAINS_DISCOMFORT_AREA,NRS 점수가 1~3인 경미한 조건이어도 target이 보고된 불편 부위를 포함하므로 동일 부담·위험을 남길 수 있어 Alternative에서 삭제한다.,,[],normalized/v2_discomfort_alternative_mapping.csv,DOMAIN_REVIEWER,2026-08-24T00:00:00+09:00,DOMAIN_REVIEWER,DOMAIN_APPROVED,exercise-catalog-v2.0.2-draft,d2ff054350b7904b3cb99affb6e656a4a30acba82f81d889a98951928aeb725f,mapping:ELBOW:NRS_1_3:REX-000019:REX-000047:DISCOMFORT,"{""alternative_target_muscle_code"":""TRICEPS"",""body_area_code"":""ELBOW"",""materialization_version"":""v2-representative-decisions-2026-08-24"",""score_band_code"":""NRS_1_3"",""selection_basis"":""DOMAIN_APPROVED_SCORE_BAND_AND_TARGET_MUSCLE_POLICY"",""source_path"":""normalized/v2_discomfort_alternative_mapping.csv"",""source_relation_key"":""mapping:ELBOW:NRS_1_3:REX-000019:REX-000047:DISCOMFORT"",""source_target_muscle_code"":""TRICEPS""}",DETERMINISTIC_POLICY_V2_0_2,DATA_REVIEW_PIPELINE,REVIEW_REQUIRED,false
ALT-LEGACY-661c06a2a53d112c,56,exercise-catalog-v2.0.2-draft|d2ff054350b7904b3cb99affb6e656a4a30acba82f81d889a98951928aeb725f|NEX-000021:NEX-000008:RECOVERY,EQUIPMENT,ISOLATION_ELBOW_EXTENSION,RECOVERY,cable_triceps_pushdown_isolation_cable_machine,cable_triceps_pushdown_isolation_cable_machine,REX-000019,REPRESENTATIVE,케이블 트라이셉스 푸시다운,ISOLATION,"[""ELBOW""]","[""SHOULDER""]","[""CABLE_MACHINE""]","[""GYM""]",INTERMEDIATE,overhead_triceps_extension_isolation_barbell,overhead_triceps_extension_isolation_barbell,REX-000047,REPRESENTATIVE,오버헤드 트라이셉스 익스텐션,ISOLATION,"[""ELBOW""]","[""SHOULDER""]","[""BARBELL""]","[""GYM""]",BEGINNER,LEGACY_ALTERNATIVE,,,,,,,PAIN_AREA_INVOLVEMENT_IN_SOURCE_MOVEMENT,"{""discomfort_area_code"":"""",""source_body_area_codes"":[""ELBOW"",""SHOULDER""],""source_equipment_codes"":[""CABLE_MACHINE""],""source_primary_movement_pattern_code"":""ISOLATION""}",false,TARGET_EXCLUDES_DISCOMFORT_AREA,false,true,false,true,false,,A_TO_B,NOT_APPLICABLE,REMOVE_RECLASSIFY,REMOVE_FROM_ALTERNATIVE_SET,RECLASSIFY_VARIANT,NO_DISCOMFORT_CONDITION,통증·불편 조건이 없는 관계이므로 Alternative에서 제거하고 다른 관계 체계로 보낸다.,,[],generated/exercise-alternatives-v0.3.0/alternative_relationships.csv,DOMAIN_REVIEWER,2026-08-24T00:00:00+09:00,DOMAIN_REVIEWER,DOMAIN_APPROVED,exercise-catalog-v2.0.2-draft,d2ff054350b7904b3cb99affb6e656a4a30acba82f81d889a98951928aeb725f,NEX-000021:NEX-000008:RECOVERY,"{""legacy_relationship_type"":""RECOVERY"",""materialization_version"":""v2-representative-decisions-2026-08-24"",""selection_basis"":""REX_ENDPOINT_AND_V2_CATALOG_RECHECK"",""source_path"":""generated/exercise-alternatives-v0.3.0/alternative_relationships.csv"",""source_relation_key"":""NEX-000021:NEX-000008:RECOVERY""}",DETERMINISTIC_POLICY_V2_0_2,DATA_REVIEW_PIPELINE,REVIEW_REQUIRED,false
ALT-LEGACY-fea230d346b5160c,58,exercise-catalog-v2.0.2-draft|d2ff054350b7904b3cb99affb6e656a4a30acba82f81d889a98951928aeb725f|mapping:ANKLE_FOOT:NRS_1_3:REX-000067:REX-000056:DISCOMFORT,DISCOMFORT,SAME_GOAL,,cardio_cycling_stationary_bike,cardio_cycling_stationary_bike,REX-000067,REPRESENTATIVE,실내 자전거,CYCLING,"[""KNEE"",""HIP""]","[""ANKLE_FOOT""]","[""STATIONARY_BIKE""]","[""GYM""]",BEGINNER,cardio_gait_bodyweight,cardio_gait_bodyweight,REX-000056,REPRESENTATIVE,앞뒤 스텝,GAIT,"[""ANKLE_FOOT"",""KNEE""]","[""HIP""]","[""BODYWEIGHT""]","[""HOME"",""GYM""]",BEGINNER,LEGACY_ALTERNATIVE,ANKLE_FOOT,NRS_1_3,1,3,MILD,LOAD_REDUCED,PAIN_AREA_INVOLVEMENT_IN_SOURCE_MOVEMENT,"{""discomfort_area_code"":""ANKLE_FOOT"",""source_body_area_codes"":[""ANKLE_FOOT"",""HIP"",""KNEE""],""source_equipment_codes"":[""STATIONARY_BIKE""],""source_primary_movement_pattern_code"":""CYCLING""}",true,UNCONFIRMED,true,true,false,false,false,,A_TO_B,NOT_APPLICABLE,REMOVE_RECLASSIFY,REMOVE_UNSAFE_SAME_AREA_TARGET,REMOVE_TARGET_RETAINS_DISCOMFORT_AREA,TARGET_RETAINS_DISCOMFORT_AREA,NRS 점수가 1~3인 경미한 조건이어도 target이 보고된 불편 부위를 포함하므로 동일 부담·위험을 남길 수 있어 Alternative에서 삭제한다.,,[],normalized/v2_discomfort_alternative_mapping.csv,DOMAIN_REVIEWER,2026-08-24T00:00:00+09:00,DOMAIN_REVIEWER,DOMAIN_APPROVED,exercise-catalog-v2.0.2-draft,d2ff054350b7904b3cb99affb6e656a4a30acba82f81d889a98951928aeb725f,mapping:ANKLE_FOOT:NRS_1_3:REX-000067:REX-000056:DISCOMFORT,"{""alternative_target_muscle_code"":""CARDIO"",""body_area_code"":""ANKLE_FOOT"",""materialization_version"":""v2-representative-decisions-2026-08-24"",""score_band_code"":""NRS_1_3"",""selection_basis"":""DOMAIN_APPROVED_SCORE_BAND_AND_TARGET_MUSCLE_POLICY"",""source_path"":""normalized/v2_discomfort_alternative_mapping.csv"",""source_relation_key"":""mapping:ANKLE_FOOT:NRS_1_3:REX-000067:REX-000056:DISCOMFORT"",""source_target_muscle_code"":""CARDIO""}",DETERMINISTIC_POLICY_V2_0_2,DATA_REVIEW_PIPELINE,REVIEW_REQUIRED,false
ALT-LEGACY-91cb23c59161cf75,60,exercise-catalog-v2.0.2-draft|d2ff054350b7904b3cb99affb6e656a4a30acba82f81d889a98951928aeb725f|mapping:ANKLE_FOOT:NRS_1_3:REX-000072:REX-000056:DISCOMFORT,DISCOMFORT,SAME_GOAL,,cardio_elliptical_elliptical_machine,cardio_elliptical_elliptical_machine,REX-000072,REPRESENTATIVE,일립티컬,ELLIPTICAL,"[""KNEE"",""HIP""]","[""ANKLE_FOOT""]","[""ELLIPTICAL_MACHINE""]","[""GYM""]",BEGINNER,cardio_gait_bodyweight,cardio_gait_bodyweight,REX-000056,REPRESENTATIVE,앞뒤 스텝,GAIT,"[""ANKLE_FOOT"",""KNEE""]","[""HIP""]","[""BODYWEIGHT""]","[""HOME"",""GYM""]",BEGINNER,LEGACY_ALTERNATIVE,ANKLE_FOOT,NRS_1_3,1,3,MILD,LOAD_REDUCED,PAIN_AREA_INVOLVEMENT_IN_SOURCE_MOVEMENT,"{""discomfort_area_code"":""ANKLE_FOOT"",""source_body_area_codes"":[""ANKLE_FOOT"",""HIP"",""KNEE""],""source_equipment_codes"":[""ELLIPTICAL_MACHINE""],""source_primary_movement_pattern_code"":""ELLIPTICAL""}",true,UNCONFIRMED,true,true,false,false,false,,A_TO_B,NOT_APPLICABLE,REMOVE_RECLASSIFY,REMOVE_UNSAFE_SAME_AREA_TARGET,REMOVE_TARGET_RETAINS_DISCOMFORT_AREA,TARGET_RETAINS_DISCOMFORT_AREA,NRS 점수가 1~3인 경미한 조건이어도 target이 보고된 불편 부위를 포함하므로 동일 부담·위험을 남길 수 있어 Alternative에서 삭제한다.,,[],normalized/v2_discomfort_alternative_mapping.csv,DOMAIN_REVIEWER,2026-08-24T00:00:00+09:00,DOMAIN_REVIEWER,DOMAIN_APPROVED,exercise-catalog-v2.0.2-draft,d2ff054350b7904b3cb99affb6e656a4a30acba82f81d889a98951928aeb725f,mapping:ANKLE_FOOT:NRS_1_3:REX-000072:REX-000056:DISCOMFORT,"{""alternative_target_muscle_code"":""CARDIO"",""body_area_code"":""ANKLE_FOOT"",""materialization_version"":""v2-representative-decisions-2026-08-24"",""score_band_code"":""NRS_1_3"",""selection_basis"":""DOMAIN_APPROVED_SCORE_BAND_AND_TARGET_MUSCLE_POLICY"",""source_path"":""normalized/v2_discomfort_alternative_mapping.csv"",""source_relation_key"":""mapping:ANKLE_FOOT:NRS_1_3:REX-000072:REX-000056:DISCOMFORT"",""source_target_muscle_code"":""CARDIO""}",DETERMINISTIC_POLICY_V2_0_2,DATA_REVIEW_PIPELINE,REVIEW_REQUIRED,false
ALT-LEGACY-9f7ccd88ae64ccaa,62,exercise-catalog-v2.0.2-draft|d2ff054350b7904b3cb99affb6e656a4a30acba82f81d889a98951928aeb725f|mapping:ANKLE_FOOT:NRS_1_3:REX-000056:REX-000058:DISCOMFORT,DISCOMFORT,SAME_GOAL,,cardio_gait_bodyweight,cardio_gait_bodyweight,REX-000056,REPRESENTATIVE,앞뒤 스텝,GAIT,"[""ANKLE_FOOT"",""KNEE""]","[""HIP""]","[""BODYWEIGHT""]","[""HOME"",""GYM""]",BEGINNER,cardio_gait_bodyweight_rex_000058,cardio_gait_bodyweight_rex_000058,REX-000058,REPRESENTATIVE,하이니,GAIT,"[""KNEE"",""HIP""]","[""ANKLE_FOOT""]","[""BODYWEIGHT""]","[""HOME"",""GYM""]",BEGINNER,LEGACY_ALTERNATIVE,ANKLE_FOOT,NRS_1_3,1,3,MILD,LOAD_REDUCED,PAIN_AREA_INVOLVEMENT_IN_SOURCE_MOVEMENT,"{""discomfort_area_code"":""ANKLE_FOOT"",""source_body_area_codes"":[""ANKLE_FOOT"",""HIP"",""KNEE""],""source_equipment_codes"":[""BODYWEIGHT""],""source_primary_movement_pattern_code"":""GAIT""}",true,UNCONFIRMED,true,true,true,true,false,,A_TO_B,NOT_APPLICABLE,REMOVE_RECLASSIFY,REMOVE_SIMPLE_VARIANT_DUPLICATE,RECLASSIFY_VARIANT_OR_EXERCISE_IDENTITY,SIMPLE_VARIANT_RELATION_DUPLICATE,통증 조건에 따른 부담 감소 근거보다 동일 family·Variant 관계가 우선 확인되어 재분류한다.,,[],normalized/v2_discomfort_alternative_mapping.csv,DOMAIN_REVIEWER,2026-08-24T00:00:00+09:00,DOMAIN_REVIEWER,DOMAIN_APPROVED,exercise-catalog-v2.0.2-draft,d2ff054350b7904b3cb99affb6e656a4a30acba82f81d889a98951928aeb725f,mapping:ANKLE_FOOT:NRS_1_3:REX-000056:REX-000058:DISCOMFORT,"{""alternative_target_muscle_code"":""CARDIO"",""body_area_code"":""ANKLE_FOOT"",""materialization_version"":""v2-representative-decisions-2026-08-24"",""score_band_code"":""NRS_1_3"",""selection_basis"":""DOMAIN_APPROVED_SCORE_BAND_AND_TARGET_MUSCLE_POLICY"",""source_path"":""normalized/v2_discomfort_alternative_mapping.csv"",""source_relation_key"":""mapping:ANKLE_FOOT:NRS_1_3:REX-000056:REX-000058:DISCOMFORT"",""source_target_muscle_code"":""CARDIO""}",DETERMINISTIC_POLICY_V2_0_2,DATA_REVIEW_PIPELINE,REVIEW_REQUIRED,false
ALT-LEGACY-ac3a6452df362f64,64,exercise-catalog-v2.0.2-draft|d2ff054350b7904b3cb99affb6e656a4a30acba82f81d889a98951928aeb725f|mapping:ANKLE_FOOT:NRS_1_3:REX-000058:REX-000056:DISCOMFORT,DISCOMFORT,SAME_GOAL,,cardio_gait_bodyweight_rex_000058,cardio_gait_bodyweight_rex_000058,REX-000058,REPRESENTATIVE,하이니,GAIT,"[""KNEE"",""HIP""]","[""ANKLE_FOOT""]","[""BODYWEIGHT""]","[""HOME"",""GYM""]",BEGINNER,cardio_gait_bodyweight,cardio_gait_bodyweight,REX-000056,REPRESENTATIVE,앞뒤 스텝,GAIT,"[""ANKLE_FOOT"",""KNEE""]","[""HIP""]","[""BODYWEIGHT""]","[""HOME"",""GYM""]",BEGINNER,LEGACY_ALTERNATIVE,ANKLE_FOOT,NRS_1_3,1,3,MILD,LOAD_REDUCED,PAIN_AREA_INVOLVEMENT_IN_SOURCE_MOVEMENT,"{""discomfort_area_code"":""ANKLE_FOOT"",""source_body_area_codes"":[""ANKLE_FOOT"",""HIP"",""KNEE""],""source_equipment_codes"":[""BODYWEIGHT""],""source_primary_movement_pattern_code"":""GAIT""}",true,UNCONFIRMED,true,true,true,true,false,,A_TO_B,NOT_APPLICABLE,REMOVE_RECLASSIFY,REMOVE_SIMPLE_VARIANT_DUPLICATE,RECLASSIFY_VARIANT_OR_EXERCISE_IDENTITY,SIMPLE_VARIANT_RELATION_DUPLICATE,통증 조건에 따른 부담 감소 근거보다 동일 family·Variant 관계가 우선 확인되어 재분류한다.,,[],normalized/v2_discomfort_alternative_mapping.csv,DOMAIN_REVIEWER,2026-08-24T00:00:00+09:00,DOMAIN_REVIEWER,DOMAIN_APPROVED,exercise-catalog-v2.0.2-draft,d2ff054350b7904b3cb99affb6e656a4a30acba82f81d889a98951928aeb725f,mapping:ANKLE_FOOT:NRS_1_3:REX-000058:REX-000056:DISCOMFORT,"{""alternative_target_muscle_code"":""CARDIO"",""body_area_code"":""ANKLE_FOOT"",""materialization_version"":""v2-representative-decisions-2026-08-24"",""score_band_code"":""NRS_1_3"",""selection_basis"":""DOMAIN_APPROVED_SCORE_BAND_AND_TARGET_MUSCLE_POLICY"",""source_path"":""normalized/v2_discomfort_alternative_mapping.csv"",""source_relation_key"":""mapping:ANKLE_FOOT:NRS_1_3:REX-000058:REX-000056:DISCOMFORT"",""source_target_muscle_code"":""CARDIO""}",DETERMINISTIC_POLICY_V2_0_2,DATA_REVIEW_PIPELINE,REVIEW_REQUIRED,false
ALT-LEGACY-f17332d5f7a469d3,65,exercise-catalog-v2.0.2-draft|d2ff054350b7904b3cb99affb6e656a4a30acba82f81d889a98951928aeb725f|NEX-000168:NEX-000170:RECOVERY,LOCATION,CARDIO_ENDURANCE,RECOVERY,cardio_gait_bodyweight_rex_000058,cardio_gait_bodyweight_rex_000058,REX-000058,REPRESENTATIVE,하이니,GAIT,"[""KNEE"",""HIP""]","[""ANKLE_FOOT""]","[""BODYWEIGHT""]","[""HOME"",""GYM""]",BEGINNER,cardio_gait_machine,cardio_gait_machine,REX-000070,REPRESENTATIVE,경사 트레드밀 걷기,GAIT,"[""ANKLE_FOOT"",""KNEE""]","[""HIP""]","[""MACHINE""]","[""GYM""]",BEGINNER,LEGACY_ALTERNATIVE,,,,,,,PAIN_AREA_INVOLVEMENT_IN_SOURCE_MOVEMENT,"{""discomfort_area_code"":"""",""source_body_area_codes"":[""ANKLE_FOOT"",""HIP"",""KNEE""],""source_equipment_codes"":[""BODYWEIGHT""],""source_primary_movement_pattern_code"":""GAIT""}",false,TARGET_EXCLUDES_DISCOMFORT_AREA,false,true,true,true,false,,A_TO_B,NOT_APPLICABLE,REMOVE_RECLASSIFY,REMOVE_FROM_ALTERNATIVE_SET,RECLASSIFY_CONTEXT_DEFAULT,NO_DISCOMFORT_CONDITION,통증·불편 조건이 없는 관계이므로 Alternative에서 제거하고 다른 관계 체계로 보낸다.,,[],generated/exercise-alternatives-v0.3.0/alternative_relationships.csv,DOMAIN_REVIEWER,2026-08-24T00:00:00+09:00,DOMAIN_REVIEWER,DOMAIN_APPROVED,exercise-catalog-v2.0.2-draft,d2ff054350b7904b3cb99affb6e656a4a30acba82f81d889a98951928aeb725f,NEX-000168:NEX-000170:RECOVERY,"{""legacy_relationship_type"":""RECOVERY"",""materialization_version"":""v2-representative-decisions-2026-08-24"",""selection_basis"":""REX_ENDPOINT_AND_V2_CATALOG_RECHECK"",""source_path"":""generated/exercise-alternatives-v0.3.0/alternative_relationships.csv"",""source_relation_key"":""NEX-000168:NEX-000170:RECOVERY""}",DETERMINISTIC_POLICY_V2_0_2,DATA_REVIEW_PIPELINE,REVIEW_REQUIRED,false
ALT-LEGACY-624cee0e2b39b6ae,67,exercise-catalog-v2.0.2-draft|d2ff054350b7904b3cb99affb6e656a4a30acba82f81d889a98951928aeb725f|mapping:ANKLE_FOOT:NRS_1_3:REX-000062:REX-000056:DISCOMFORT,DISCOMFORT,SAME_GOAL,,cardio_gait_bodyweight_rex_000062,cardio_gait_bodyweight_rex_000062,REX-000062,REPRESENTATIVE,달리기,GAIT,"[""ANKLE_FOOT"",""KNEE""]","[""HIP""]","[""BODYWEIGHT""]","[""HOME"",""GYM""]",BEGINNER,cardio_gait_bodyweight,cardio_gait_bodyweight,REX-000056,REPRESENTATIVE,앞뒤 스텝,GAIT,"[""ANKLE_FOOT"",""KNEE""]","[""HIP""]","[""BODYWEIGHT""]","[""HOME"",""GYM""]",BEGINNER,LEGACY_ALTERNATIVE,ANKLE_FOOT,NRS_1_3,1,3,MILD,LOAD_REDUCED,PAIN_AREA_INVOLVEMENT_IN_SOURCE_MOVEMENT,"{""discomfort_area_code"":""ANKLE_FOOT"",""source_body_area_codes"":[""ANKLE_FOOT"",""HIP"",""KNEE""],""source_equipment_codes"":[""BODYWEIGHT""],""source_primary_movement_pattern_code"":""GAIT""}",true,UNCONFIRMED,true,true,true,true,false,,A_TO_B,NOT_APPLICABLE,REMOVE_RECLASSIFY,REMOVE_SIMPLE_VARIANT_DUPLICATE,RECLASSIFY_VARIANT_OR_EXERCISE_IDENTITY,SIMPLE_VARIANT_RELATION_DUPLICATE,통증 조건에 따른 부담 감소 근거보다 동일 family·Variant 관계가 우선 확인되어 재분류한다.,,[],normalized/v2_discomfort_alternative_mapping.csv,DOMAIN_REVIEWER,2026-08-24T00:00:00+09:00,DOMAIN_REVIEWER,DOMAIN_APPROVED,exercise-catalog-v2.0.2-draft,d2ff054350b7904b3cb99affb6e656a4a30acba82f81d889a98951928aeb725f,mapping:ANKLE_FOOT:NRS_1_3:REX-000062:REX-000056:DISCOMFORT,"{""alternative_target_muscle_code"":""CARDIO"",""body_area_code"":""ANKLE_FOOT"",""materialization_version"":""v2-representative-decisions-2026-08-24"",""score_band_code"":""NRS_1_3"",""selection_basis"":""DOMAIN_APPROVED_SCORE_BAND_AND_TARGET_MUSCLE_POLICY"",""source_path"":""normalized/v2_discomfort_alternative_mapping.csv"",""source_relation_key"":""mapping:ANKLE_FOOT:NRS_1_3:REX-000062:REX-000056:DISCOMFORT"",""source_target_muscle_code"":""CARDIO""}",DETERMINISTIC_POLICY_V2_0_2,DATA_REVIEW_PIPELINE,REVIEW_REQUIRED,false
ALT-LEGACY-9220f983067bb688,68,exercise-catalog-v2.0.2-draft|d2ff054350b7904b3cb99affb6e656a4a30acba82f81d889a98951928aeb725f|NEX-000076:NEX-000170:RECOVERY,LOCATION,CARDIO_ENDURANCE,RECOVERY,cardio_gait_bodyweight_rex_000062,cardio_gait_bodyweight_rex_000062,REX-000062,REPRESENTATIVE,달리기,GAIT,"[""ANKLE_FOOT"",""KNEE""]","[""HIP""]","[""BODYWEIGHT""]","[""HOME"",""GYM""]",BEGINNER,cardio_gait_machine,cardio_gait_machine,REX-000070,REPRESENTATIVE,경사 트레드밀 걷기,GAIT,"[""ANKLE_FOOT"",""KNEE""]","[""HIP""]","[""MACHINE""]","[""GYM""]",BEGINNER,LEGACY_ALTERNATIVE,,,,,,,PAIN_AREA_INVOLVEMENT_IN_SOURCE_MOVEMENT,"{""discomfort_area_code"":"""",""source_body_area_codes"":[""ANKLE_FOOT"",""HIP"",""KNEE""],""source_equipment_codes"":[""BODYWEIGHT""],""source_primary_movement_pattern_code"":""GAIT""}",false,TARGET_EXCLUDES_DISCOMFORT_AREA,false,true,true,true,false,,A_TO_B,NOT_APPLICABLE,REMOVE_RECLASSIFY,REMOVE_FROM_ALTERNATIVE_SET,RECLASSIFY_CONTEXT_DEFAULT,NO_DISCOMFORT_CONDITION,통증·불편 조건이 없는 관계이므로 Alternative에서 제거하고 다른 관계 체계로 보낸다.,,[],generated/exercise-alternatives-v0.3.0/alternative_relationships.csv,DOMAIN_REVIEWER,2026-08-24T00:00:00+09:00,DOMAIN_REVIEWER,DOMAIN_APPROVED,exercise-catalog-v2.0.2-draft,d2ff054350b7904b3cb99affb6e656a4a30acba82f81d889a98951928aeb725f,NEX-000076:NEX-000170:RECOVERY,"{""legacy_relationship_type"":""RECOVERY"",""materialization_version"":""v2-representative-decisions-2026-08-24"",""selection_basis"":""REX_ENDPOINT_AND_V2_CATALOG_RECHECK"",""source_path"":""generated/exercise-alternatives-v0.3.0/alternative_relationships.csv"",""source_relation_key"":""NEX-000076:NEX-000170:RECOVERY""}",DETERMINISTIC_POLICY_V2_0_2,DATA_REVIEW_PIPELINE,REVIEW_REQUIRED,false
ALT-LEGACY-e7ee69a8c0021eef,70,exercise-catalog-v2.0.2-draft|d2ff054350b7904b3cb99affb6e656a4a30acba82f81d889a98951928aeb725f|mapping:ANKLE_FOOT:NRS_1_3:REX-000065:REX-000056:DISCOMFORT,DISCOMFORT,SAME_GOAL,,cardio_gait_bodyweight_rex_000065,cardio_gait_bodyweight_rex_000065,REX-000065,REPRESENTATIVE,짧은 보폭 달리기,GAIT,"[""ANKLE_FOOT"",""KNEE""]","[""HIP""]","[""BODYWEIGHT""]","[""GYM""]",BEGINNER,cardio_gait_bodyweight,cardio_gait_bodyweight,REX-000056,REPRESENTATIVE,앞뒤 스텝,GAIT,"[""ANKLE_FOOT"",""KNEE""]","[""HIP""]","[""BODYWEIGHT""]","[""HOME"",""GYM""]",BEGINNER,LEGACY_ALTERNATIVE,ANKLE_FOOT,NRS_1_3,1,3,MILD,LOAD_REDUCED,PAIN_AREA_INVOLVEMENT_IN_SOURCE_MOVEMENT,"{""discomfort_area_code"":""ANKLE_FOOT"",""source_body_area_codes"":[""ANKLE_FOOT"",""HIP"",""KNEE""],""source_equipment_codes"":[""BODYWEIGHT""],""source_primary_movement_pattern_code"":""GAIT""}",true,UNCONFIRMED,true,true,true,true,false,,A_TO_B,NOT_APPLICABLE,REMOVE_RECLASSIFY,REMOVE_SIMPLE_VARIANT_DUPLICATE,RECLASSIFY_VARIANT_OR_EXERCISE_IDENTITY,SIMPLE_VARIANT_RELATION_DUPLICATE,통증 조건에 따른 부담 감소 근거보다 동일 family·Variant 관계가 우선 확인되어 재분류한다.,,[],normalized/v2_discomfort_alternative_mapping.csv,DOMAIN_REVIEWER,2026-08-24T00:00:00+09:00,DOMAIN_REVIEWER,DOMAIN_APPROVED,exercise-catalog-v2.0.2-draft,d2ff054350b7904b3cb99affb6e656a4a30acba82f81d889a98951928aeb725f,mapping:ANKLE_FOOT:NRS_1_3:REX-000065:REX-000056:DISCOMFORT,"{""alternative_target_muscle_code"":""CARDIO"",""body_area_code"":""ANKLE_FOOT"",""materialization_version"":""v2-representative-decisions-2026-08-24"",""score_band_code"":""NRS_1_3"",""selection_basis"":""DOMAIN_APPROVED_SCORE_BAND_AND_TARGET_MUSCLE_POLICY"",""source_path"":""normalized/v2_discomfort_alternative_mapping.csv"",""source_relation_key"":""mapping:ANKLE_FOOT:NRS_1_3:REX-000065:REX-000056:DISCOMFORT"",""source_target_muscle_code"":""CARDIO""}",DETERMINISTIC_POLICY_V2_0_2,DATA_REVIEW_PIPELINE,REVIEW_REQUIRED,false
ALT-LEGACY-5820e5d9596cb06d,71,exercise-catalog-v2.0.2-draft|d2ff054350b7904b3cb99affb6e656a4a30acba82f81d889a98951928aeb725f|NEX-000169:NEX-000171:RECOVERY,LOCATION,CARDIO_ENDURANCE,RECOVERY,cardio_gait_bodyweight_rex_000065,cardio_gait_bodyweight_rex_000065,REX-000065,REPRESENTATIVE,짧은 보폭 달리기,GAIT,"[""ANKLE_FOOT"",""KNEE""]","[""HIP""]","[""BODYWEIGHT""]","[""GYM""]",BEGINNER,cardio_gait_bodyweight,cardio_gait_bodyweight,REX-000056,REPRESENTATIVE,앞뒤 스텝,GAIT,"[""ANKLE_FOOT"",""KNEE""]","[""HIP""]","[""BODYWEIGHT""]","[""HOME"",""GYM""]",BEGINNER,LEGACY_ALTERNATIVE,,,,,,,PAIN_AREA_INVOLVEMENT_IN_SOURCE_MOVEMENT,"{""discomfort_area_code"":"""",""source_body_area_codes"":[""ANKLE_FOOT"",""HIP"",""KNEE""],""source_equipment_codes"":[""BODYWEIGHT""],""source_primary_movement_pattern_code"":""GAIT""}",false,TARGET_EXCLUDES_DISCOMFORT_AREA,false,true,true,true,false,,A_TO_B,NOT_APPLICABLE,REMOVE_RECLASSIFY,REMOVE_FROM_ALTERNATIVE_SET,RECLASSIFY_CONTEXT_DEFAULT,NO_DISCOMFORT_CONDITION,통증·불편 조건이 없는 관계이므로 Alternative에서 제거하고 다른 관계 체계로 보낸다.,,[],generated/exercise-alternatives-v0.3.0/alternative_relationships.csv,DOMAIN_REVIEWER,2026-08-24T00:00:00+09:00,DOMAIN_REVIEWER,DOMAIN_APPROVED,exercise-catalog-v2.0.2-draft,d2ff054350b7904b3cb99affb6e656a4a30acba82f81d889a98951928aeb725f,NEX-000169:NEX-000171:RECOVERY,"{""legacy_relationship_type"":""RECOVERY"",""materialization_version"":""v2-representative-decisions-2026-08-24"",""selection_basis"":""REX_ENDPOINT_AND_V2_CATALOG_RECHECK"",""source_path"":""generated/exercise-alternatives-v0.3.0/alternative_relationships.csv"",""source_relation_key"":""NEX-000169:NEX-000171:RECOVERY""}",DETERMINISTIC_POLICY_V2_0_2,DATA_REVIEW_PIPELINE,REVIEW_REQUIRED,false
ALT-LEGACY-97fe9f806407fbbd,72,exercise-catalog-v2.0.2-draft|d2ff054350b7904b3cb99affb6e656a4a30acba82f81d889a98951928aeb725f|NEX-000169:NEX-000170:RECOVERY,EQUIPMENT,CARDIO_ENDURANCE,RECOVERY,cardio_gait_bodyweight_rex_000065,cardio_gait_bodyweight_rex_000065,REX-000065,REPRESENTATIVE,짧은 보폭 달리기,GAIT,"[""ANKLE_FOOT"",""KNEE""]","[""HIP""]","[""BODYWEIGHT""]","[""GYM""]",BEGINNER,cardio_gait_machine,cardio_gait_machine,REX-000070,REPRESENTATIVE,경사 트레드밀 걷기,GAIT,"[""ANKLE_FOOT"",""KNEE""]","[""HIP""]","[""MACHINE""]","[""GYM""]",BEGINNER,LEGACY_ALTERNATIVE,,,,,,,PAIN_AREA_INVOLVEMENT_IN_SOURCE_MOVEMENT,"{""discomfort_area_code"":"""",""source_body_area_codes"":[""ANKLE_FOOT"",""HIP"",""KNEE""],""source_equipment_codes"":[""BODYWEIGHT""],""source_primary_movement_pattern_code"":""GAIT""}",false,TARGET_EXCLUDES_DISCOMFORT_AREA,false,true,true,true,false,,A_TO_B,NOT_APPLICABLE,REMOVE_RECLASSIFY,REMOVE_FROM_ALTERNATIVE_SET,RECLASSIFY_VARIANT,NO_DISCOMFORT_CONDITION,통증·불편 조건이 없는 관계이므로 Alternative에서 제거하고 다른 관계 체계로 보낸다.,,[],generated/exercise-alternatives-v0.3.0/alternative_relationships.csv,DOMAIN_REVIEWER,2026-08-24T00:00:00+09:00,DOMAIN_REVIEWER,DOMAIN_APPROVED,exercise-catalog-v2.0.2-draft,d2ff054350b7904b3cb99affb6e656a4a30acba82f81d889a98951928aeb725f,NEX-000169:NEX-000170:RECOVERY,"{""legacy_relationship_type"":""RECOVERY"",""materialization_version"":""v2-representative-decisions-2026-08-24"",""selection_basis"":""REX_ENDPOINT_AND_V2_CATALOG_RECHECK"",""source_path"":""generated/exercise-alternatives-v0.3.0/alternative_relationships.csv"",""source_relation_key"":""NEX-000169:NEX-000170:RECOVERY""}",DETERMINISTIC_POLICY_V2_0_2,DATA_REVIEW_PIPELINE,REVIEW_REQUIRED,false
ALT-LEGACY-eae8b46ce9fe164c,74,exercise-catalog-v2.0.2-draft|d2ff054350b7904b3cb99affb6e656a4a30acba82f81d889a98951928aeb725f|mapping:ANKLE_FOOT:NRS_1_3:REX-000070:REX-000056:DISCOMFORT,DISCOMFORT,SAME_GOAL,,cardio_gait_machine,cardio_gait_machine,REX-000070,REPRESENTATIVE,경사 트레드밀 걷기,GAIT,"[""ANKLE_FOOT"",""KNEE""]","[""HIP""]","[""MACHINE""]","[""GYM""]",BEGINNER,cardio_gait_bodyweight,cardio_gait_bodyweight,REX-000056,REPRESENTATIVE,앞뒤 스텝,GAIT,"[""ANKLE_FOOT"",""KNEE""]","[""HIP""]","[""BODYWEIGHT""]","[""HOME"",""GYM""]",BEGINNER,LEGACY_ALTERNATIVE,ANKLE_FOOT,NRS_1_3,1,3,MILD,LOAD_REDUCED,PAIN_AREA_INVOLVEMENT_IN_SOURCE_MOVEMENT,"{""discomfort_area_code"":""ANKLE_FOOT"",""source_body_area_codes"":[""ANKLE_FOOT"",""HIP"",""KNEE""],""source_equipment_codes"":[""MACHINE""],""source_primary_movement_pattern_code"":""GAIT""}",true,UNCONFIRMED,true,true,true,true,false,,A_TO_B,NOT_APPLICABLE,REMOVE_RECLASSIFY,REMOVE_SIMPLE_VARIANT_DUPLICATE,RECLASSIFY_VARIANT_OR_EXERCISE_IDENTITY,SIMPLE_VARIANT_RELATION_DUPLICATE,통증 조건에 따른 부담 감소 근거보다 동일 family·Variant 관계가 우선 확인되어 재분류한다.,,[],normalized/v2_discomfort_alternative_mapping.csv,DOMAIN_REVIEWER,2026-08-24T00:00:00+09:00,DOMAIN_REVIEWER,DOMAIN_APPROVED,exercise-catalog-v2.0.2-draft,d2ff054350b7904b3cb99affb6e656a4a30acba82f81d889a98951928aeb725f,mapping:ANKLE_FOOT:NRS_1_3:REX-000070:REX-000056:DISCOMFORT,"{""alternative_target_muscle_code"":""CARDIO"",""body_area_code"":""ANKLE_FOOT"",""materialization_version"":""v2-representative-decisions-2026-08-24"",""score_band_code"":""NRS_1_3"",""selection_basis"":""DOMAIN_APPROVED_SCORE_BAND_AND_TARGET_MUSCLE_POLICY"",""source_path"":""normalized/v2_discomfort_alternative_mapping.csv"",""source_relation_key"":""mapping:ANKLE_FOOT:NRS_1_3:REX-000070:REX-000056:DISCOMFORT"",""source_target_muscle_code"":""CARDIO""}",DETERMINISTIC_POLICY_V2_0_2,DATA_REVIEW_PIPELINE,REVIEW_REQUIRED,false
ALT-LEGACY-7998c77329f0c016,75,exercise-catalog-v2.0.2-draft|d2ff054350b7904b3cb99affb6e656a4a30acba82f81d889a98951928aeb725f|NEX-000170:NEX-000171:CONSTRAINT,LOCATION,CARDIO_ENDURANCE,CONSTRAINT,cardio_gait_machine,cardio_gait_machine,REX-000070,REPRESENTATIVE,경사 트레드밀 걷기,GAIT,"[""ANKLE_FOOT"",""KNEE""]","[""HIP""]","[""MACHINE""]","[""GYM""]",BEGINNER,cardio_gait_bodyweight,cardio_gait_bodyweight,REX-000056,REPRESENTATIVE,앞뒤 스텝,GAIT,"[""ANKLE_FOOT"",""KNEE""]","[""HIP""]","[""BODYWEIGHT""]","[""HOME"",""GYM""]",BEGINNER,LEGACY_ALTERNATIVE,,,,,,,PAIN_AREA_INVOLVEMENT_IN_SOURCE_MOVEMENT,"{""discomfort_area_code"":"""",""source_body_area_codes"":[""ANKLE_FOOT"",""HIP"",""KNEE""],""source_equipment_codes"":[""MACHINE""],""source_primary_movement_pattern_code"":""GAIT""}",false,TARGET_EXCLUDES_DISCOMFORT_AREA,false,true,true,true,false,,A_TO_B,NOT_APPLICABLE,REMOVE_RECLASSIFY,REMOVE_FROM_ALTERNATIVE_SET,RECLASSIFY_CONTEXT_DEFAULT,NO_DISCOMFORT_CONDITION,통증·불편 조건이 없는 관계이므로 Alternative에서 제거하고 다른 관계 체계로 보낸다.,,[],generated/exercise-alternatives-v0.3.0/alternative_relationships.csv,DOMAIN_REVIEWER,2026-08-24T00:00:00+09:00,DOMAIN_REVIEWER,DOMAIN_APPROVED,exercise-catalog-v2.0.2-draft,d2ff054350b7904b3cb99affb6e656a4a30acba82f81d889a98951928aeb725f,NEX-000170:NEX-000171:CONSTRAINT,"{""legacy_relationship_type"":""CONSTRAINT"",""materialization_version"":""v2-representative-decisions-2026-08-24"",""selection_basis"":""REX_ENDPOINT_AND_V2_CATALOG_RECHECK"",""source_path"":""generated/exercise-alternatives-v0.3.0/alternative_relationships.csv"",""source_relation_key"":""NEX-000170:NEX-000171:CONSTRAINT""}",DETERMINISTIC_POLICY_V2_0_2,DATA_REVIEW_PIPELINE,REVIEW_REQUIRED,false
ALT-LEGACY-c00d0d078d84da8d,77,exercise-catalog-v2.0.2-draft|d2ff054350b7904b3cb99affb6e656a4a30acba82f81d889a98951928aeb725f|mapping:ANKLE_FOOT:NRS_1_3:REX-000071:REX-000056:DISCOMFORT,DISCOMFORT,SAME_GOAL,,cardio_gait_machine_rex_000071,cardio_gait_machine_rex_000071,REX-000071,REPRESENTATIVE,스텝밀,GAIT,"[""ANKLE_FOOT"",""KNEE""]","[""HIP""]","[""MACHINE""]","[""GYM""]",INTERMEDIATE,cardio_gait_bodyweight,cardio_gait_bodyweight,REX-000056,REPRESENTATIVE,앞뒤 스텝,GAIT,"[""ANKLE_FOOT"",""KNEE""]","[""HIP""]","[""BODYWEIGHT""]","[""HOME"",""GYM""]",BEGINNER,LEGACY_ALTERNATIVE,ANKLE_FOOT,NRS_1_3,1,3,MILD,LOAD_REDUCED,PAIN_AREA_INVOLVEMENT_IN_SOURCE_MOVEMENT,"{""discomfort_area_code"":""ANKLE_FOOT"",""source_body_area_codes"":[""ANKLE_FOOT"",""HIP"",""KNEE""],""source_equipment_codes"":[""MACHINE""],""source_primary_movement_pattern_code"":""GAIT""}",true,UNCONFIRMED,true,true,true,true,false,,A_TO_B,NOT_APPLICABLE,REMOVE_RECLASSIFY,REMOVE_SIMPLE_VARIANT_DUPLICATE,RECLASSIFY_VARIANT_OR_EXERCISE_IDENTITY,SIMPLE_VARIANT_RELATION_DUPLICATE,통증 조건에 따른 부담 감소 근거보다 동일 family·Variant 관계가 우선 확인되어 재분류한다.,,[],normalized/v2_discomfort_alternative_mapping.csv,DOMAIN_REVIEWER,2026-08-24T00:00:00+09:00,DOMAIN_REVIEWER,DOMAIN_APPROVED,exercise-catalog-v2.0.2-draft,d2ff054350b7904b3cb99affb6e656a4a30acba82f81d889a98951928aeb725f,mapping:ANKLE_FOOT:NRS_1_3:REX-000071:REX-000056:DISCOMFORT,"{""alternative_target_muscle_code"":""CARDIO"",""body_area_code"":""ANKLE_FOOT"",""materialization_version"":""v2-representative-decisions-2026-08-24"",""score_band_code"":""NRS_1_3"",""selection_basis"":""DOMAIN_APPROVED_SCORE_BAND_AND_TARGET_MUSCLE_POLICY"",""source_path"":""normalized/v2_discomfort_alternative_mapping.csv"",""source_relation_key"":""mapping:ANKLE_FOOT:NRS_1_3:REX-000071:REX-000056:DISCOMFORT"",""source_target_muscle_code"":""CARDIO""}",DETERMINISTIC_POLICY_V2_0_2,DATA_REVIEW_PIPELINE,REVIEW_REQUIRED,false
ALT-LEGACY-0baee668ff525de3,78,exercise-catalog-v2.0.2-draft|d2ff054350b7904b3cb99affb6e656a4a30acba82f81d889a98951928aeb725f|NEX-000151:NEX-000171:CONSTRAINT,LOCATION,CARDIO_ENDURANCE,CONSTRAINT,cardio_gait_machine_rex_000071,cardio_gait_machine_rex_000071,REX-000071,REPRESENTATIVE,스텝밀,GAIT,"[""ANKLE_FOOT"",""KNEE""]","[""HIP""]","[""MACHINE""]","[""GYM""]",INTERMEDIATE,cardio_gait_bodyweight,cardio_gait_bodyweight,REX-000056,REPRESENTATIVE,앞뒤 스텝,GAIT,"[""ANKLE_FOOT"",""KNEE""]","[""HIP""]","[""BODYWEIGHT""]","[""HOME"",""GYM""]",BEGINNER,LEGACY_ALTERNATIVE,,,,,,,PAIN_AREA_INVOLVEMENT_IN_SOURCE_MOVEMENT,"{""discomfort_area_code"":"""",""source_body_area_codes"":[""ANKLE_FOOT"",""HIP"",""KNEE""],""source_equipment_codes"":[""MACHINE""],""source_primary_movement_pattern_code"":""GAIT""}",false,TARGET_EXCLUDES_DISCOMFORT_AREA,false,true,true,true,false,,A_TO_B,NOT_APPLICABLE,REMOVE_RECLASSIFY,REMOVE_FROM_ALTERNATIVE_SET,RECLASSIFY_CONTEXT_DEFAULT,NO_DISCOMFORT_CONDITION,통증·불편 조건이 없는 관계이므로 Alternative에서 제거하고 다른 관계 체계로 보낸다.,,[],generated/exercise-alternatives-v0.3.0/alternative_relationships.csv,DOMAIN_REVIEWER,2026-08-24T00:00:00+09:00,DOMAIN_REVIEWER,DOMAIN_APPROVED,exercise-catalog-v2.0.2-draft,d2ff054350b7904b3cb99affb6e656a4a30acba82f81d889a98951928aeb725f,NEX-000151:NEX-000171:CONSTRAINT,"{""legacy_relationship_type"":""CONSTRAINT"",""materialization_version"":""v2-representative-decisions-2026-08-24"",""selection_basis"":""REX_ENDPOINT_AND_V2_CATALOG_RECHECK"",""source_path"":""generated/exercise-alternatives-v0.3.0/alternative_relationships.csv"",""source_relation_key"":""NEX-000151:NEX-000171:CONSTRAINT""}",DETERMINISTIC_POLICY_V2_0_2,DATA_REVIEW_PIPELINE,REVIEW_REQUIRED,false
ALT-LEGACY-cd9e0e27db3409ec,79,exercise-catalog-v2.0.2-draft|d2ff054350b7904b3cb99affb6e656a4a30acba82f81d889a98951928aeb725f|NEX-000151:NEX-000170:INTENSITY,DIFFICULTY,CARDIO_ENDURANCE,INTENSITY,cardio_gait_machine_rex_000071,cardio_gait_machine_rex_000071,REX-000071,REPRESENTATIVE,스텝밀,GAIT,"[""ANKLE_FOOT"",""KNEE""]","[""HIP""]","[""MACHINE""]","[""GYM""]",INTERMEDIATE,cardio_gait_machine,cardio_gait_machine,REX-000070,REPRESENTATIVE,경사 트레드밀 걷기,GAIT,"[""ANKLE_FOOT"",""KNEE""]","[""HIP""]","[""MACHINE""]","[""GYM""]",BEGINNER,LEGACY_ALTERNATIVE,,,,,,,PAIN_AREA_INVOLVEMENT_IN_SOURCE_MOVEMENT,"{""discomfort_area_code"":"""",""source_body_area_codes"":[""ANKLE_FOOT"",""HIP"",""KNEE""],""source_equipment_codes"":[""MACHINE""],""source_primary_movement_pattern_code"":""GAIT""}",false,TARGET_EXCLUDES_DISCOMFORT_AREA,false,true,true,true,false,,A_TO_B,NOT_APPLICABLE,REMOVE_RECLASSIFY,REMOVE_FROM_ALTERNATIVE_SET,RECLASSIFY_DIFFICULTY_VARIANT,NO_DISCOMFORT_CONDITION,통증·불편 조건이 없는 관계이므로 Alternative에서 제거하고 다른 관계 체계로 보낸다.,,[],generated/exercise-alternatives-v0.3.0/alternative_relationships.csv,DOMAIN_REVIEWER,2026-08-24T00:00:00+09:00,DOMAIN_REVIEWER,DOMAIN_APPROVED,exercise-catalog-v2.0.2-draft,d2ff054350b7904b3cb99affb6e656a4a30acba82f81d889a98951928aeb725f,NEX-000151:NEX-000170:INTENSITY,"{""legacy_relationship_type"":""INTENSITY"",""materialization_version"":""v2-representative-decisions-2026-08-24"",""selection_basis"":""REX_ENDPOINT_AND_V2_CATALOG_RECHECK"",""source_path"":""generated/exercise-alternatives-v0.3.0/alternative_relationships.csv"",""source_relation_key"":""NEX-000151:NEX-000170:INTENSITY""}",DETERMINISTIC_POLICY_V2_0_2,DATA_REVIEW_PIPELINE,REVIEW_REQUIRED,false
ALT-LEGACY-69508af17d138b2f,80,exercise-catalog-v2.0.2-draft|d2ff054350b7904b3cb99affb6e656a4a30acba82f81d889a98951928aeb725f|NEX-000151:NEX-000172:CONSTRAINT,LOCATION,CARDIO_ENDURANCE,CONSTRAINT,cardio_gait_machine_rex_000071,cardio_gait_machine_rex_000071,REX-000071,REPRESENTATIVE,스텝밀,GAIT,"[""ANKLE_FOOT"",""KNEE""]","[""HIP""]","[""MACHINE""]","[""GYM""]",INTERMEDIATE,cardio_gait_step_box,cardio_gait_step_box,REX-000068,REPRESENTATIVE,스텝박스 오르내리기,GAIT,"[""ANKLE_FOOT"",""KNEE""]","[""HIP""]","[""STEP_BOX""]","[""GYM""]",BEGINNER,LEGACY_ALTERNATIVE,,,,,,,PAIN_AREA_INVOLVEMENT_IN_SOURCE_MOVEMENT,"{""discomfort_area_code"":"""",""source_body_area_codes"":[""ANKLE_FOOT"",""HIP"",""KNEE""],""source_equipment_codes"":[""MACHINE""],""source_primary_movement_pattern_code"":""GAIT""}",false,TARGET_EXCLUDES_DISCOMFORT_AREA,false,true,true,true,false,,A_TO_B,NOT_APPLICABLE,REMOVE_RECLASSIFY,REMOVE_FROM_ALTERNATIVE_SET,RECLASSIFY_CONTEXT_DEFAULT,NO_DISCOMFORT_CONDITION,통증·불편 조건이 없는 관계이므로 Alternative에서 제거하고 다른 관계 체계로 보낸다.,,[],generated/exercise-alternatives-v0.3.0/alternative_relationships.csv,DOMAIN_REVIEWER,2026-08-24T00:00:00+09:00,DOMAIN_REVIEWER,DOMAIN_APPROVED,exercise-catalog-v2.0.2-draft,d2ff054350b7904b3cb99affb6e656a4a30acba82f81d889a98951928aeb725f,NEX-000151:NEX-000172:CONSTRAINT,"{""legacy_relationship_type"":""CONSTRAINT"",""materialization_version"":""v2-representative-decisions-2026-08-24"",""selection_basis"":""REX_ENDPOINT_AND_V2_CATALOG_RECHECK"",""source_path"":""generated/exercise-alternatives-v0.3.0/alternative_relationships.csv"",""source_relation_key"":""NEX-000151:NEX-000172:CONSTRAINT""}",DETERMINISTIC_POLICY_V2_0_2,DATA_REVIEW_PIPELINE,REVIEW_REQUIRED,false
ALT-LEGACY-1863cf98c8d29bf3,82,exercise-catalog-v2.0.2-draft|d2ff054350b7904b3cb99affb6e656a4a30acba82f81d889a98951928aeb725f|mapping:ANKLE_FOOT:NRS_1_3:REX-000068:REX-000056:DISCOMFORT,DISCOMFORT,SAME_GOAL,,cardio_gait_step_box,cardio_gait_step_box,REX-000068,REPRESENTATIVE,스텝박스 오르내리기,GAIT,"[""ANKLE_FOOT"",""KNEE""]","[""HIP""]","[""STEP_BOX""]","[""GYM""]",BEGINNER,cardio_gait_bodyweight,cardio_gait_bodyweight,REX-000056,REPRESENTATIVE,앞뒤 스텝,GAIT,"[""ANKLE_FOOT"",""KNEE""]","[""HIP""]","[""BODYWEIGHT""]","[""HOME"",""GYM""]",BEGINNER,LEGACY_ALTERNATIVE,ANKLE_FOOT,NRS_1_3,1,3,MILD,LOAD_REDUCED,PAIN_AREA_INVOLVEMENT_IN_SOURCE_MOVEMENT,"{""discomfort_area_code"":""ANKLE_FOOT"",""source_body_area_codes"":[""ANKLE_FOOT"",""HIP"",""KNEE""],""source_equipment_codes"":[""STEP_BOX""],""source_primary_movement_pattern_code"":""GAIT""}",true,UNCONFIRMED,true,true,true,true,false,,A_TO_B,NOT_APPLICABLE,REMOVE_RECLASSIFY,REMOVE_SIMPLE_VARIANT_DUPLICATE,RECLASSIFY_VARIANT_OR_EXERCISE_IDENTITY,SIMPLE_VARIANT_RELATION_DUPLICATE,통증 조건에 따른 부담 감소 근거보다 동일 family·Variant 관계가 우선 확인되어 재분류한다.,,[],normalized/v2_discomfort_alternative_mapping.csv,DOMAIN_REVIEWER,2026-08-24T00:00:00+09:00,DOMAIN_REVIEWER,DOMAIN_APPROVED,exercise-catalog-v2.0.2-draft,d2ff054350b7904b3cb99affb6e656a4a30acba82f81d889a98951928aeb725f,mapping:ANKLE_FOOT:NRS_1_3:REX-000068:REX-000056:DISCOMFORT,"{""alternative_target_muscle_code"":""CARDIO"",""body_area_code"":""ANKLE_FOOT"",""materialization_version"":""v2-representative-decisions-2026-08-24"",""score_band_code"":""NRS_1_3"",""selection_basis"":""DOMAIN_APPROVED_SCORE_BAND_AND_TARGET_MUSCLE_POLICY"",""source_path"":""normalized/v2_discomfort_alternative_mapping.csv"",""source_relation_key"":""mapping:ANKLE_FOOT:NRS_1_3:REX-000068:REX-000056:DISCOMFORT"",""source_target_muscle_code"":""CARDIO""}",DETERMINISTIC_POLICY_V2_0_2,DATA_REVIEW_PIPELINE,REVIEW_REQUIRED,false
ALT-LEGACY-9bf59aa5d192dcba,83,exercise-catalog-v2.0.2-draft|d2ff054350b7904b3cb99affb6e656a4a30acba82f81d889a98951928aeb725f|NEX-000172:NEX-000171:CONSTRAINT,EQUIPMENT,CARDIO_ENDURANCE,CONSTRAINT,cardio_gait_step_box,cardio_gait_step_box,REX-000068,REPRESENTATIVE,스텝박스 오르내리기,GAIT,"[""ANKLE_FOOT"",""KNEE""]","[""HIP""]","[""STEP_BOX""]","[""GYM""]",BEGINNER,cardio_gait_bodyweight,cardio_gait_bodyweight,REX-000056,REPRESENTATIVE,앞뒤 스텝,GAIT,"[""ANKLE_FOOT"",""KNEE""]","[""HIP""]","[""BODYWEIGHT""]","[""HOME"",""GYM""]",BEGINNER,LEGACY_ALTERNATIVE,,,,,,,PAIN_AREA_INVOLVEMENT_IN_SOURCE_MOVEMENT,"{""discomfort_area_code"":"""",""source_body_area_codes"":[""ANKLE_FOOT"",""HIP"",""KNEE""],""source_equipment_codes"":[""STEP_BOX""],""source_primary_movement_pattern_code"":""GAIT""}",false,TARGET_EXCLUDES_DISCOMFORT_AREA,false,true,true,true,false,,A_TO_B,NOT_APPLICABLE,REMOVE_RECLASSIFY,REMOVE_FROM_ALTERNATIVE_SET,RECLASSIFY_VARIANT,NO_DISCOMFORT_CONDITION,통증·불편 조건이 없는 관계이므로 Alternative에서 제거하고 다른 관계 체계로 보낸다.,,[],generated/exercise-alternatives-v0.3.0/alternative_relationships.csv,DOMAIN_REVIEWER,2026-08-24T00:00:00+09:00,DOMAIN_REVIEWER,DOMAIN_APPROVED,exercise-catalog-v2.0.2-draft,d2ff054350b7904b3cb99affb6e656a4a30acba82f81d889a98951928aeb725f,NEX-000172:NEX-000171:CONSTRAINT,"{""legacy_relationship_type"":""CONSTRAINT"",""materialization_version"":""v2-representative-decisions-2026-08-24"",""selection_basis"":""REX_ENDPOINT_AND_V2_CATALOG_RECHECK"",""source_path"":""generated/exercise-alternatives-v0.3.0/alternative_relationships.csv"",""source_relation_key"":""NEX-000172:NEX-000171:CONSTRAINT""}",DETERMINISTIC_POLICY_V2_0_2,DATA_REVIEW_PIPELINE,REVIEW_REQUIRED,false
ALT-LEGACY-9d8601579fcc2f22,85,exercise-catalog-v2.0.2-draft|d2ff054350b7904b3cb99affb6e656a4a30acba82f81d889a98951928aeb725f|mapping:ANKLE_FOOT:NRS_1_3:REX-000059:REX-000056:DISCOMFORT,DISCOMFORT,SAME_GOAL,,cardio_jump_plyometric_bodyweight,cardio_jump_plyometric_bodyweight,REX-000059,REPRESENTATIVE,점핑잭,JUMP_PLYOMETRIC,"[""ANKLE_FOOT"",""KNEE""]","[""HIP"",""SHOULDER""]","[""BODYWEIGHT""]","[""HOME"",""GYM""]",BEGINNER,cardio_gait_bodyweight,cardio_gait_bodyweight,REX-000056,REPRESENTATIVE,앞뒤 스텝,GAIT,"[""ANKLE_FOOT"",""KNEE""]","[""HIP""]","[""BODYWEIGHT""]","[""HOME"",""GYM""]",BEGINNER,LEGACY_ALTERNATIVE,ANKLE_FOOT,NRS_1_3,1,3,MILD,LOAD_REDUCED,PAIN_AREA_INVOLVEMENT_IN_SOURCE_MOVEMENT,"{""discomfort_area_code"":""ANKLE_FOOT"",""source_body_area_codes"":[""ANKLE_FOOT"",""HIP"",""KNEE"",""SHOULDER""],""source_equipment_codes"":[""BODYWEIGHT""],""source_primary_movement_pattern_code"":""JUMP_PLYOMETRIC""}",true,UNCONFIRMED,true,true,false,false,false,,A_TO_B,NOT_APPLICABLE,REMOVE_RECLASSIFY,REMOVE_UNSAFE_SAME_AREA_TARGET,REMOVE_TARGET_RETAINS_DISCOMFORT_AREA,TARGET_RETAINS_DISCOMFORT_AREA,NRS 점수가 1~3인 경미한 조건이어도 target이 보고된 불편 부위를 포함하므로 동일 부담·위험을 남길 수 있어 Alternative에서 삭제한다.,,[],normalized/v2_discomfort_alternative_mapping.csv,DOMAIN_REVIEWER,2026-08-24T00:00:00+09:00,DOMAIN_REVIEWER,DOMAIN_APPROVED,exercise-catalog-v2.0.2-draft,d2ff054350b7904b3cb99affb6e656a4a30acba82f81d889a98951928aeb725f,mapping:ANKLE_FOOT:NRS_1_3:REX-000059:REX-000056:DISCOMFORT,"{""alternative_target_muscle_code"":""CARDIO"",""body_area_code"":""ANKLE_FOOT"",""materialization_version"":""v2-representative-decisions-2026-08-24"",""score_band_code"":""NRS_1_3"",""selection_basis"":""DOMAIN_APPROVED_SCORE_BAND_AND_TARGET_MUSCLE_POLICY"",""source_path"":""normalized/v2_discomfort_alternative_mapping.csv"",""source_relation_key"":""mapping:ANKLE_FOOT:NRS_1_3:REX-000059:REX-000056:DISCOMFORT"",""source_target_muscle_code"":""CARDIO""}",DETERMINISTIC_POLICY_V2_0_2,DATA_REVIEW_PIPELINE,REVIEW_REQUIRED,false
ALT-LEGACY-4c55cdc031fc59f1,87,exercise-catalog-v2.0.2-draft|d2ff054350b7904b3cb99affb6e656a4a30acba82f81d889a98951928aeb725f|mapping:ANKLE_FOOT:NRS_1_3:REX-000060:REX-000059:DISCOMFORT,DISCOMFORT,SAME_GOAL,,cardio_jump_plyometric_jump_rope,cardio_jump_plyometric_jump_rope,REX-000060,REPRESENTATIVE,줄넘기,JUMP_PLYOMETRIC,"[""ANKLE_FOOT"",""KNEE""]","[""HIP""]","[""JUMP_ROPE""]","[""HOME"",""GYM""]",INTERMEDIATE,cardio_jump_plyometric_bodyweight,cardio_jump_plyometric_bodyweight,REX-000059,REPRESENTATIVE,점핑잭,JUMP_PLYOMETRIC,"[""ANKLE_FOOT"",""KNEE""]","[""HIP"",""SHOULDER""]","[""BODYWEIGHT""]","[""HOME"",""GYM""]",BEGINNER,LEGACY_ALTERNATIVE,ANKLE_FOOT,NRS_1_3,1,3,MILD,LOAD_REDUCED,PAIN_AREA_INVOLVEMENT_IN_SOURCE_MOVEMENT,"{""discomfort_area_code"":""ANKLE_FOOT"",""source_body_area_codes"":[""ANKLE_FOOT"",""HIP"",""KNEE""],""source_equipment_codes"":[""JUMP_ROPE""],""source_primary_movement_pattern_code"":""JUMP_PLYOMETRIC""}",true,UNCONFIRMED,true,true,true,true,false,,A_TO_B,NOT_APPLICABLE,REMOVE_RECLASSIFY,REMOVE_SIMPLE_VARIANT_DUPLICATE,RECLASSIFY_VARIANT_OR_EXERCISE_IDENTITY,SIMPLE_VARIANT_RELATION_DUPLICATE,통증 조건에 따른 부담 감소 근거보다 동일 family·Variant 관계가 우선 확인되어 재분류한다.,,[],normalized/v2_discomfort_alternative_mapping.csv,DOMAIN_REVIEWER,2026-08-24T00:00:00+09:00,DOMAIN_REVIEWER,DOMAIN_APPROVED,exercise-catalog-v2.0.2-draft,d2ff054350b7904b3cb99affb6e656a4a30acba82f81d889a98951928aeb725f,mapping:ANKLE_FOOT:NRS_1_3:REX-000060:REX-000059:DISCOMFORT,"{""alternative_target_muscle_code"":""CARDIO"",""body_area_code"":""ANKLE_FOOT"",""materialization_version"":""v2-representative-decisions-2026-08-24"",""score_band_code"":""NRS_1_3"",""selection_basis"":""DOMAIN_APPROVED_SCORE_BAND_AND_TARGET_MUSCLE_POLICY"",""source_path"":""normalized/v2_discomfort_alternative_mapping.csv"",""source_relation_key"":""mapping:ANKLE_FOOT:NRS_1_3:REX-000060:REX-000059:DISCOMFORT"",""source_target_muscle_code"":""CARDIO""}",DETERMINISTIC_POLICY_V2_0_2,DATA_REVIEW_PIPELINE,REVIEW_REQUIRED,false
ALT-LEGACY-65b4f461d370445f,95,exercise-catalog-v2.0.2-draft|d2ff054350b7904b3cb99affb6e656a4a30acba82f81d889a98951928aeb725f|mapping:ABDOMEN:NRS_1_3:REX-000023:REX-000009:DISCOMFORT,DISCOMFORT,SAME_GOAL,,crunch_variant_core_brace_bodyweight,crunch_variant_core_brace_bodyweight,REX-000023,REPRESENTATIVE,사이드 크런치,CORE_BRACE,"[""ABDOMEN""]","[""LOWER_BACK""]","[""BODYWEIGHT""]","[""HOME"",""GYM""]",INTERMEDIATE,bodyweight_crunch_core_brace_bodyweight,bodyweight_crunch_core_brace_bodyweight,REX-000009,REPRESENTATIVE,크런치,CORE_BRACE,"[""ABDOMEN""]","[""LOWER_BACK""]","[""BODYWEIGHT""]","[""HOME"",""GYM""]",BEGINNER,LEGACY_ALTERNATIVE,ABDOMEN,NRS_1_3,1,3,MILD,LOAD_REDUCED,PAIN_AREA_INVOLVEMENT_IN_SOURCE_MOVEMENT,"{""discomfort_area_code"":""ABDOMEN"",""source_body_area_codes"":[""ABDOMEN"",""LOWER_BACK""],""source_equipment_codes"":[""BODYWEIGHT""],""source_primary_movement_pattern_code"":""CORE_BRACE""}",true,UNCONFIRMED,true,true,false,true,false,,A_TO_B,NOT_APPLICABLE,REMOVE_RECLASSIFY,REMOVE_UNSAFE_SAME_AREA_TARGET,REMOVE_TARGET_RETAINS_DISCOMFORT_AREA,TARGET_RETAINS_DISCOMFORT_AREA,NRS 점수가 1~3인 경미한 조건이어도 target이 보고된 불편 부위를 포함하므로 동일 부담·위험을 남길 수 있어 Alternative에서 삭제한다.,,[],normalized/v2_discomfort_alternative_mapping.csv,DOMAIN_REVIEWER,2026-08-24T00:00:00+09:00,DOMAIN_REVIEWER,DOMAIN_APPROVED,exercise-catalog-v2.0.2-draft,d2ff054350b7904b3cb99affb6e656a4a30acba82f81d889a98951928aeb725f,mapping:ABDOMEN:NRS_1_3:REX-000023:REX-000009:DISCOMFORT,"{""alternative_target_muscle_code"":""CORE"",""body_area_code"":""ABDOMEN"",""materialization_version"":""v2-representative-decisions-2026-08-24"",""score_band_code"":""NRS_1_3"",""selection_basis"":""DOMAIN_APPROVED_SCORE_BAND_AND_TARGET_MUSCLE_POLICY"",""source_path"":""normalized/v2_discomfort_alternative_mapping.csv"",""source_relation_key"":""mapping:ABDOMEN:NRS_1_3:REX-000023:REX-000009:DISCOMFORT"",""source_target_muscle_code"":""CORE""}",DETERMINISTIC_POLICY_V2_0_2,DATA_REVIEW_PIPELINE,REVIEW_REQUIRED,false
ALT-LEGACY-5238ab3695159114,97,exercise-catalog-v2.0.2-draft|d2ff054350b7904b3cb99affb6e656a4a30acba82f81d889a98951928aeb725f|mapping:ABDOMEN:NRS_1_3:REX-000024:REX-000009:DISCOMFORT,DISCOMFORT,SAME_GOAL,,dead_bug_core_brace_bodyweight,dead_bug_core_brace_bodyweight,REX-000024,REPRESENTATIVE,데드버그,CORE_BRACE,"[""ABDOMEN""]","[""LOWER_BACK""]","[""BODYWEIGHT""]","[""HOME"",""GYM""]",BEGINNER,bodyweight_crunch_core_brace_bodyweight,bodyweight_crunch_core_brace_bodyweight,REX-000009,REPRESENTATIVE,크런치,CORE_BRACE,"[""ABDOMEN""]","[""LOWER_BACK""]","[""BODYWEIGHT""]","[""HOME"",""GYM""]",BEGINNER,LEGACY_ALTERNATIVE,ABDOMEN,NRS_1_3,1,3,MILD,LOAD_REDUCED,PAIN_AREA_INVOLVEMENT_IN_SOURCE_MOVEMENT,"{""discomfort_area_code"":""ABDOMEN"",""source_body_area_codes"":[""ABDOMEN"",""LOWER_BACK""],""source_equipment_codes"":[""BODYWEIGHT""],""source_primary_movement_pattern_code"":""CORE_BRACE""}",true,UNCONFIRMED,true,true,false,true,false,,A_TO_B,NOT_APPLICABLE,REMOVE_RECLASSIFY,REMOVE_UNSAFE_SAME_AREA_TARGET,REMOVE_TARGET_RETAINS_DISCOMFORT_AREA,TARGET_RETAINS_DISCOMFORT_AREA,NRS 점수가 1~3인 경미한 조건이어도 target이 보고된 불편 부위를 포함하므로 동일 부담·위험을 남길 수 있어 Alternative에서 삭제한다.,,[],normalized/v2_discomfort_alternative_mapping.csv,DOMAIN_REVIEWER,2026-08-24T00:00:00+09:00,DOMAIN_REVIEWER,DOMAIN_APPROVED,exercise-catalog-v2.0.2-draft,d2ff054350b7904b3cb99affb6e656a4a30acba82f81d889a98951928aeb725f,mapping:ABDOMEN:NRS_1_3:REX-000024:REX-000009:DISCOMFORT,"{""alternative_target_muscle_code"":""CORE"",""body_area_code"":""ABDOMEN"",""materialization_version"":""v2-representative-decisions-2026-08-24"",""score_band_code"":""NRS_1_3"",""selection_basis"":""DOMAIN_APPROVED_SCORE_BAND_AND_TARGET_MUSCLE_POLICY"",""source_path"":""normalized/v2_discomfort_alternative_mapping.csv"",""source_relation_key"":""mapping:ABDOMEN:NRS_1_3:REX-000024:REX-000009:DISCOMFORT"",""source_target_muscle_code"":""CORE""}",DETERMINISTIC_POLICY_V2_0_2,DATA_REVIEW_PIPELINE,REVIEW_REQUIRED,false
ALT-LEGACY-c3c270969e385335,104,exercise-catalog-v2.0.2-draft|d2ff054350b7904b3cb99affb6e656a4a30acba82f81d889a98951928aeb725f|mapping:ELBOW:NRS_1_3:REX-000027:REX-000030:DISCOMFORT,DISCOMFORT,SAME_GOAL,,dumbbell_preacher_curl_isolation_dumbbell,dumbbell_preacher_curl_isolation_dumbbell,REX-000027,REPRESENTATIVE,프리처 컬,ISOLATION,"[""ELBOW""]","[""WRIST_HAND""]","[""DUMBBELL""]","[""HOME"",""GYM""]",BEGINNER,dumbbell_standing_curl_isolation_dumbbell,dumbbell_standing_curl_isolation_dumbbell,REX-000030,REPRESENTATIVE,덤벨 바이셉스 컬,ISOLATION,"[""ELBOW""]","[""WRIST_HAND""]","[""DUMBBELL""]","[""HOME"",""GYM""]",BEGINNER,LEGACY_ALTERNATIVE,ELBOW,NRS_1_3,1,3,MILD,LOAD_REDUCED,PAIN_AREA_INVOLVEMENT_IN_SOURCE_MOVEMENT,"{""discomfort_area_code"":""ELBOW"",""source_body_area_codes"":[""ELBOW"",""WRIST_HAND""],""source_equipment_codes"":[""DUMBBELL""],""source_primary_movement_pattern_code"":""ISOLATION""}",true,UNCONFIRMED,true,true,false,true,false,,A_TO_B,NOT_APPLICABLE,REMOVE_RECLASSIFY,REMOVE_UNSAFE_SAME_AREA_TARGET,REMOVE_TARGET_RETAINS_DISCOMFORT_AREA,TARGET_RETAINS_DISCOMFORT_AREA,NRS 점수가 1~3인 경미한 조건이어도 target이 보고된 불편 부위를 포함하므로 동일 부담·위험을 남길 수 있어 Alternative에서 삭제한다.,,[],normalized/v2_discomfort_alternative_mapping.csv,DOMAIN_REVIEWER,2026-08-24T00:00:00+09:00,DOMAIN_REVIEWER,DOMAIN_APPROVED,exercise-catalog-v2.0.2-draft,d2ff054350b7904b3cb99affb6e656a4a30acba82f81d889a98951928aeb725f,mapping:ELBOW:NRS_1_3:REX-000027:REX-000030:DISCOMFORT,"{""alternative_target_muscle_code"":""BICEPS"",""body_area_code"":""ELBOW"",""materialization_version"":""v2-representative-decisions-2026-08-24"",""score_band_code"":""NRS_1_3"",""selection_basis"":""DOMAIN_APPROVED_SCORE_BAND_AND_TARGET_MUSCLE_POLICY"",""source_path"":""normalized/v2_discomfort_alternative_mapping.csv"",""source_relation_key"":""mapping:ELBOW:NRS_1_3:REX-000027:REX-000030:DISCOMFORT"",""source_target_muscle_code"":""BICEPS""}",DETERMINISTIC_POLICY_V2_0_2,DATA_REVIEW_PIPELINE,REVIEW_REQUIRED,false
ALT-LEGACY-068435c6e80bdf86,105,exercise-catalog-v2.0.2-draft|d2ff054350b7904b3cb99affb6e656a4a30acba82f81d889a98951928aeb725f|NEX-000047:NEX-000052:CONSTRAINT,LOCATION,ISOLATION_ELBOW_FLEXION,CONSTRAINT,dumbbell_preacher_curl_isolation_dumbbell,dumbbell_preacher_curl_isolation_dumbbell,REX-000027,REPRESENTATIVE,프리처 컬,ISOLATION,"[""ELBOW""]","[""WRIST_HAND""]","[""DUMBBELL""]","[""HOME"",""GYM""]",BEGINNER,reverse_wrist_curl_isolation_barbell,reverse_wrist_curl_isolation_barbell,REX-000055,REPRESENTATIVE,리버스 리스트 컬,ISOLATION,"[""WRIST_HAND""]","[""ELBOW""]","[""BARBELL""]","[""GYM""]",BEGINNER,LEGACY_ALTERNATIVE,,,,,,,PAIN_AREA_INVOLVEMENT_IN_SOURCE_MOVEMENT,"{""discomfort_area_code"":"""",""source_body_area_codes"":[""ELBOW"",""WRIST_HAND""],""source_equipment_codes"":[""DUMBBELL""],""source_primary_movement_pattern_code"":""ISOLATION""}",false,TARGET_EXCLUDES_DISCOMFORT_AREA,false,true,false,true,false,,A_TO_B,NOT_APPLICABLE,REMOVE_RECLASSIFY,REMOVE_FROM_ALTERNATIVE_SET,RECLASSIFY_CONTEXT_DEFAULT,NO_DISCOMFORT_CONDITION,통증·불편 조건이 없는 관계이므로 Alternative에서 제거하고 다른 관계 체계로 보낸다.,,[],generated/exercise-alternatives-v0.3.0/alternative_relationships.csv,DOMAIN_REVIEWER,2026-08-24T00:00:00+09:00,DOMAIN_REVIEWER,DOMAIN_APPROVED,exercise-catalog-v2.0.2-draft,d2ff054350b7904b3cb99affb6e656a4a30acba82f81d889a98951928aeb725f,NEX-000047:NEX-000052:CONSTRAINT,"{""legacy_relationship_type"":""CONSTRAINT"",""materialization_version"":""v2-representative-decisions-2026-08-24"",""selection_basis"":""REX_ENDPOINT_AND_V2_CATALOG_RECHECK"",""source_path"":""generated/exercise-alternatives-v0.3.0/alternative_relationships.csv"",""source_relation_key"":""NEX-000047:NEX-000052:CONSTRAINT""}",DETERMINISTIC_POLICY_V2_0_2,DATA_REVIEW_PIPELINE,REVIEW_REQUIRED,false
ALT-LEGACY-2b5aa34250116c48,107,exercise-catalog-v2.0.2-draft|d2ff054350b7904b3cb99affb6e656a4a30acba82f81d889a98951928aeb725f|mapping:SHOULDER:NRS_1_3:REX-000028:REX-000026:DISCOMFORT,DISCOMFORT,SAME_GOAL,,dumbbell_rear_fly_isolation_dumbbell,dumbbell_rear_fly_isolation_dumbbell,REX-000028,REPRESENTATIVE,리어 델트 플라이,ISOLATION,"[""SHOULDER""]","[""UPPER_BACK""]","[""DUMBBELL""]","[""HOME"",""GYM""]",BEGINNER,dumbbell_lateral_raise_isolation_dumbbell,dumbbell_lateral_raise_isolation_dumbbell,REX-000026,REPRESENTATIVE,레터럴 레이즈,ISOLATION,"[""SHOULDER""]","[""ELBOW""]","[""DUMBBELL""]","[""HOME"",""GYM""]",BEGINNER,LEGACY_ALTERNATIVE,SHOULDER,NRS_1_3,1,3,MILD,LOAD_REDUCED,PAIN_AREA_INVOLVEMENT_IN_SOURCE_MOVEMENT,"{""discomfort_area_code"":""SHOULDER"",""source_body_area_codes"":[""SHOULDER"",""UPPER_BACK""],""source_equipment_codes"":[""DUMBBELL""],""source_primary_movement_pattern_code"":""ISOLATION""}",true,UNCONFIRMED,true,true,false,true,false,,A_TO_B,NOT_APPLICABLE,REMOVE_RECLASSIFY,REMOVE_UNSAFE_SAME_AREA_TARGET,REMOVE_TARGET_RETAINS_DISCOMFORT_AREA,TARGET_RETAINS_DISCOMFORT_AREA,NRS 점수가 1~3인 경미한 조건이어도 target이 보고된 불편 부위를 포함하므로 동일 부담·위험을 남길 수 있어 Alternative에서 삭제한다.,,[],normalized/v2_discomfort_alternative_mapping.csv,DOMAIN_REVIEWER,2026-08-24T00:00:00+09:00,DOMAIN_REVIEWER,DOMAIN_APPROVED,exercise-catalog-v2.0.2-draft,d2ff054350b7904b3cb99affb6e656a4a30acba82f81d889a98951928aeb725f,mapping:SHOULDER:NRS_1_3:REX-000028:REX-000026:DISCOMFORT,"{""alternative_target_muscle_code"":""SHOULDERS"",""body_area_code"":""SHOULDER"",""materialization_version"":""v2-representative-decisions-2026-08-24"",""score_band_code"":""NRS_1_3"",""selection_basis"":""DOMAIN_APPROVED_SCORE_BAND_AND_TARGET_MUSCLE_POLICY"",""source_path"":""normalized/v2_discomfort_alternative_mapping.csv"",""source_relation_key"":""mapping:SHOULDER:NRS_1_3:REX-000028:REX-000026:DISCOMFORT"",""source_target_muscle_code"":""SHOULDERS""}",DETERMINISTIC_POLICY_V2_0_2,DATA_REVIEW_PIPELINE,REVIEW_REQUIRED,false
ALT-LEGACY-ffac563c95ddbbc5,109,exercise-catalog-v2.0.2-draft|d2ff054350b7904b3cb99affb6e656a4a30acba82f81d889a98951928aeb725f|mapping:SHOULDER:NRS_1_3:REX-000029:REX-000046:DISCOMFORT,DISCOMFORT,SAME_GOAL,,dumbbell_shrug_isolation_dumbbell,dumbbell_shrug_isolation_dumbbell,REX-000029,REPRESENTATIVE,슈러그,ISOLATION,"[""UPPER_BACK""]","[""SHOULDER""]","[""DUMBBELL""]","[""HOME"",""GYM""]",BEGINNER,one_arm_wall_lats_isolation_bodyweight,one_arm_wall_lats_isolation_bodyweight,REX-000046,REPRESENTATIVE,벽 짚고 한 팔 광배근 스트레칭,ISOLATION,"[""UPPER_BACK""]","[""SHOULDER"",""ELBOW""]","[""BODYWEIGHT""]","[""HOME"",""GYM""]",BEGINNER,LEGACY_ALTERNATIVE,SHOULDER,NRS_1_3,1,3,MILD,LOAD_REDUCED,PAIN_AREA_INVOLVEMENT_IN_SOURCE_MOVEMENT,"{""discomfort_area_code"":""SHOULDER"",""source_body_area_codes"":[""SHOULDER"",""UPPER_BACK""],""source_equipment_codes"":[""DUMBBELL""],""source_primary_movement_pattern_code"":""ISOLATION""}",true,UNCONFIRMED,true,true,false,true,false,,A_TO_B,NOT_APPLICABLE,REMOVE_RECLASSIFY,REMOVE_UNSAFE_SAME_AREA_TARGET,REMOVE_TARGET_RETAINS_DISCOMFORT_AREA,TARGET_RETAINS_DISCOMFORT_AREA,NRS 점수가 1~3인 경미한 조건이어도 target이 보고된 불편 부위를 포함하므로 동일 부담·위험을 남길 수 있어 Alternative에서 삭제한다.,,[],normalized/v2_discomfort_alternative_mapping.csv,DOMAIN_REVIEWER,2026-08-24T00:00:00+09:00,DOMAIN_REVIEWER,DOMAIN_APPROVED,exercise-catalog-v2.0.2-draft,d2ff054350b7904b3cb99affb6e656a4a30acba82f81d889a98951928aeb725f,mapping:SHOULDER:NRS_1_3:REX-000029:REX-000046:DISCOMFORT,"{""alternative_target_muscle_code"":""BACK"",""body_area_code"":""SHOULDER"",""materialization_version"":""v2-representative-decisions-2026-08-24"",""score_band_code"":""NRS_1_3"",""selection_basis"":""DOMAIN_APPROVED_SCORE_BAND_AND_TARGET_MUSCLE_POLICY"",""source_path"":""normalized/v2_discomfort_alternative_mapping.csv"",""source_relation_key"":""mapping:SHOULDER:NRS_1_3:REX-000029:REX-000046:DISCOMFORT"",""source_target_muscle_code"":""BACK""}",DETERMINISTIC_POLICY_V2_0_2,DATA_REVIEW_PIPELINE,REVIEW_REQUIRED,false
ALT-LEGACY-14d10a834fbb4e72,111,exercise-catalog-v2.0.2-draft|d2ff054350b7904b3cb99affb6e656a4a30acba82f81d889a98951928aeb725f|mapping:ELBOW:NRS_1_3:REX-000030:REX-000027:DISCOMFORT,DISCOMFORT,SAME_GOAL,,dumbbell_standing_curl_isolation_dumbbell,dumbbell_standing_curl_isolation_dumbbell,REX-000030,REPRESENTATIVE,덤벨 바이셉스 컬,ISOLATION,"[""ELBOW""]","[""WRIST_HAND""]","[""DUMBBELL""]","[""HOME"",""GYM""]",BEGINNER,dumbbell_preacher_curl_isolation_dumbbell,dumbbell_preacher_curl_isolation_dumbbell,REX-000027,REPRESENTATIVE,프리처 컬,ISOLATION,"[""ELBOW""]","[""WRIST_HAND""]","[""DUMBBELL""]","[""HOME"",""GYM""]",BEGINNER,LEGACY_ALTERNATIVE,ELBOW,NRS_1_3,1,3,MILD,LOAD_REDUCED,PAIN_AREA_INVOLVEMENT_IN_SOURCE_MOVEMENT,"{""discomfort_area_code"":""ELBOW"",""source_body_area_codes"":[""ELBOW"",""WRIST_HAND""],""source_equipment_codes"":[""DUMBBELL""],""source_primary_movement_pattern_code"":""ISOLATION""}",true,UNCONFIRMED,true,true,false,true,false,,A_TO_B,NOT_APPLICABLE,REMOVE_RECLASSIFY,REMOVE_UNSAFE_SAME_AREA_TARGET,REMOVE_TARGET_RETAINS_DISCOMFORT_AREA,TARGET_RETAINS_DISCOMFORT_AREA,NRS 점수가 1~3인 경미한 조건이어도 target이 보고된 불편 부위를 포함하므로 동일 부담·위험을 남길 수 있어 Alternative에서 삭제한다.,,[],normalized/v2_discomfort_alternative_mapping.csv,DOMAIN_REVIEWER,2026-08-24T00:00:00+09:00,DOMAIN_REVIEWER,DOMAIN_APPROVED,exercise-catalog-v2.0.2-draft,d2ff054350b7904b3cb99affb6e656a4a30acba82f81d889a98951928aeb725f,mapping:ELBOW:NRS_1_3:REX-000030:REX-000027:DISCOMFORT,"{""alternative_target_muscle_code"":""BICEPS"",""body_area_code"":""ELBOW"",""materialization_version"":""v2-representative-decisions-2026-08-24"",""score_band_code"":""NRS_1_3"",""selection_basis"":""DOMAIN_APPROVED_SCORE_BAND_AND_TARGET_MUSCLE_POLICY"",""source_path"":""normalized/v2_discomfort_alternative_mapping.csv"",""source_relation_key"":""mapping:ELBOW:NRS_1_3:REX-000030:REX-000027:DISCOMFORT"",""source_target_muscle_code"":""BICEPS""}",DETERMINISTIC_POLICY_V2_0_2,DATA_REVIEW_PIPELINE,REVIEW_REQUIRED,false
ALT-LEGACY-f0ac6755d4d869c6,112,exercise-catalog-v2.0.2-draft|d2ff054350b7904b3cb99affb6e656a4a30acba82f81d889a98951928aeb725f|NEX-000059:NEX-000100:CONSTRAINT,LOCATION,ISOLATION_ELBOW_FLEXION,CONSTRAINT,dumbbell_standing_curl_isolation_dumbbell,dumbbell_standing_curl_isolation_dumbbell,REX-000030,REPRESENTATIVE,덤벨 바이셉스 컬,ISOLATION,"[""ELBOW""]","[""WRIST_HAND""]","[""DUMBBELL""]","[""HOME"",""GYM""]",BEGINNER,reverse_wrist_curl_isolation_barbell,reverse_wrist_curl_isolation_barbell,REX-000055,REPRESENTATIVE,리버스 리스트 컬,ISOLATION,"[""WRIST_HAND""]","[""ELBOW""]","[""BARBELL""]","[""GYM""]",BEGINNER,LEGACY_ALTERNATIVE,,,,,,,PAIN_AREA_INVOLVEMENT_IN_SOURCE_MOVEMENT,"{""discomfort_area_code"":"""",""source_body_area_codes"":[""ELBOW"",""WRIST_HAND""],""source_equipment_codes"":[""DUMBBELL""],""source_primary_movement_pattern_code"":""ISOLATION""}",false,TARGET_EXCLUDES_DISCOMFORT_AREA,false,true,false,true,false,,A_TO_B,NOT_APPLICABLE,REMOVE_RECLASSIFY,REMOVE_FROM_ALTERNATIVE_SET,RECLASSIFY_CONTEXT_DEFAULT,NO_DISCOMFORT_CONDITION,통증·불편 조건이 없는 관계이므로 Alternative에서 제거하고 다른 관계 체계로 보낸다.,,[],generated/exercise-alternatives-v0.3.0/alternative_relationships.csv,DOMAIN_REVIEWER,2026-08-24T00:00:00+09:00,DOMAIN_REVIEWER,DOMAIN_APPROVED,exercise-catalog-v2.0.2-draft,d2ff054350b7904b3cb99affb6e656a4a30acba82f81d889a98951928aeb725f,NEX-000059:NEX-000100:CONSTRAINT,"{""legacy_relationship_type"":""CONSTRAINT"",""materialization_version"":""v2-representative-decisions-2026-08-24"",""selection_basis"":""REX_ENDPOINT_AND_V2_CATALOG_RECHECK"",""source_path"":""generated/exercise-alternatives-v0.3.0/alternative_relationships.csv"",""source_relation_key"":""NEX-000059:NEX-000100:CONSTRAINT""}",DETERMINISTIC_POLICY_V2_0_2,DATA_REVIEW_PIPELINE,REVIEW_REQUIRED,false
ALT-LEGACY-370c3d81afbf9af2,113,exercise-catalog-v2.0.2-draft|d2ff054350b7904b3cb99affb6e656a4a30acba82f81d889a98951928aeb725f|NEX-000059:NEX-000105:CONSTRAINT,LOCATION,ISOLATION_ELBOW_FLEXION,CONSTRAINT,dumbbell_standing_curl_isolation_dumbbell,dumbbell_standing_curl_isolation_dumbbell,REX-000030,REPRESENTATIVE,덤벨 바이셉스 컬,ISOLATION,"[""ELBOW""]","[""WRIST_HAND""]","[""DUMBBELL""]","[""HOME"",""GYM""]",BEGINNER,wrist_curl_isolation_barbell,wrist_curl_isolation_barbell,REX-000102,REPRESENTATIVE,리스트 컬,ISOLATION,"[""WRIST_HAND""]","[""ELBOW""]","[""BARBELL""]","[""GYM""]",BEGINNER,LEGACY_ALTERNATIVE,,,,,,,PAIN_AREA_INVOLVEMENT_IN_SOURCE_MOVEMENT,"{""discomfort_area_code"":"""",""source_body_area_codes"":[""ELBOW"",""WRIST_HAND""],""source_equipment_codes"":[""DUMBBELL""],""source_primary_movement_pattern_code"":""ISOLATION""}",false,TARGET_EXCLUDES_DISCOMFORT_AREA,false,true,false,true,false,,A_TO_B,NOT_APPLICABLE,REMOVE_RECLASSIFY,REMOVE_FROM_ALTERNATIVE_SET,RECLASSIFY_CONTEXT_DEFAULT,NO_DISCOMFORT_CONDITION,통증·불편 조건이 없는 관계이므로 Alternative에서 제거하고 다른 관계 체계로 보낸다.,,[],generated/exercise-alternatives-v0.3.0/alternative_relationships.csv,DOMAIN_REVIEWER,2026-08-24T00:00:00+09:00,DOMAIN_REVIEWER,DOMAIN_APPROVED,exercise-catalog-v2.0.2-draft,d2ff054350b7904b3cb99affb6e656a4a30acba82f81d889a98951928aeb725f,NEX-000059:NEX-000105:CONSTRAINT,"{""legacy_relationship_type"":""CONSTRAINT"",""materialization_version"":""v2-representative-decisions-2026-08-24"",""selection_basis"":""REX_ENDPOINT_AND_V2_CATALOG_RECHECK"",""source_path"":""generated/exercise-alternatives-v0.3.0/alternative_relationships.csv"",""source_relation_key"":""NEX-000059:NEX-000105:CONSTRAINT""}",DETERMINISTIC_POLICY_V2_0_2,DATA_REVIEW_PIPELINE,REVIEW_REQUIRED,false
ALT-LEGACY-22a5c98eb4dbfc30,115,exercise-catalog-v2.0.2-draft|d2ff054350b7904b3cb99affb6e656a4a30acba82f81d889a98951928aeb725f|NEX-000159:NEX-000128:CONSTRAINT,EQUIPMENT,KNEE_DOMINANT_STRENGTH,CONSTRAINT,dumbbell_step_up_lunge_knee_dominant_dumbbell_step_box,dumbbell_step_up_lunge_knee_dominant_dumbbell_step_box,REX-000031,REPRESENTATIVE,덤벨 스텝업 런지,KNEE_DOMINANT,"[""KNEE"",""HIP""]","[""ANKLE_FOOT""]","[""DUMBBELL"",""STEP_BOX""]","[""GYM""]",INTERMEDIATE,bodyweight_forward_lunge_knee_dominant_bodyweight,bodyweight_forward_lunge_knee_dominant_bodyweight,REX-000010,REPRESENTATIVE,포워드 런지,KNEE_DOMINANT,"[""HIP"",""KNEE""]","[""ANKLE_FOOT""]","[""BODYWEIGHT""]","[""HOME"",""GYM""]",BEGINNER,LEGACY_ALTERNATIVE,,,,,,,PAIN_AREA_INVOLVEMENT_IN_SOURCE_MOVEMENT,"{""discomfort_area_code"":"""",""source_body_area_codes"":[""ANKLE_FOOT"",""HIP"",""KNEE""],""source_equipment_codes"":[""DUMBBELL"",""STEP_BOX""],""source_primary_movement_pattern_code"":""KNEE_DOMINANT""}",false,TARGET_EXCLUDES_DISCOMFORT_AREA,false,true,false,true,false,,A_TO_B,NOT_APPLICABLE,REMOVE_RECLASSIFY,REMOVE_FROM_ALTERNATIVE_SET,RECLASSIFY_VARIANT,NO_DISCOMFORT_CONDITION,통증·불편 조건이 없는 관계이므로 Alternative에서 제거하고 다른 관계 체계로 보낸다.,,[],generated/exercise-alternatives-v0.3.0/alternative_relationships.csv,DOMAIN_REVIEWER,2026-08-24T00:00:00+09:00,DOMAIN_REVIEWER,DOMAIN_APPROVED,exercise-catalog-v2.0.2-draft,d2ff054350b7904b3cb99affb6e656a4a30acba82f81d889a98951928aeb725f,NEX-000159:NEX-000128:CONSTRAINT,"{""legacy_relationship_type"":""CONSTRAINT"",""materialization_version"":""v2-representative-decisions-2026-08-24"",""selection_basis"":""REX_ENDPOINT_AND_V2_CATALOG_RECHECK"",""source_path"":""generated/exercise-alternatives-v0.3.0/alternative_relationships.csv"",""source_relation_key"":""NEX-000159:NEX-000128:CONSTRAINT""}",DETERMINISTIC_POLICY_V2_0_2,DATA_REVIEW_PIPELINE,REVIEW_REQUIRED,false
ALT-LEGACY-43fe4b90564a3fb0,122,exercise-catalog-v2.0.2-draft|d2ff054350b7904b3cb99affb6e656a4a30acba82f81d889a98951928aeb725f|NEX-000133:NEX-000126:CONSTRAINT,EQUIPMENT,MOBILITY_GLUTE,CONSTRAINT,exercise_ball_hip_flexor_stretch_mobility_stretch_stability_ball,exercise_ball_hip_flexor_stretch_mobility_stretch_stability_ball,REX-000033,REPRESENTATIVE,짐볼 고관절 스트레칭,MOBILITY_STRETCH,"[""HIP""]","[""LOWER_BACK""]","[""STABILITY_BALL""]","[""GYM""]",INTERMEDIATE,seated_glute_stretch_mobility_stretch_bodyweight,seated_glute_stretch_mobility_stretch_bodyweight,REX-000082,REPRESENTATIVE,앉아서 둔근 스트레칭,MOBILITY_STRETCH,"[""HIP""]","[""KNEE""]","[""BODYWEIGHT""]","[""HOME"",""GYM""]",BEGINNER,LEGACY_ALTERNATIVE,,,,,,,PAIN_AREA_INVOLVEMENT_IN_SOURCE_MOVEMENT,"{""discomfort_area_code"":"""",""source_body_area_codes"":[""HIP"",""LOWER_BACK""],""source_equipment_codes"":[""STABILITY_BALL""],""source_primary_movement_pattern_code"":""MOBILITY_STRETCH""}",false,TARGET_EXCLUDES_DISCOMFORT_AREA,false,true,false,true,false,,A_TO_B,NOT_APPLICABLE,REMOVE_RECLASSIFY,REMOVE_FROM_ALTERNATIVE_SET,RECLASSIFY_VARIANT,NO_DISCOMFORT_CONDITION,통증·불편 조건이 없는 관계이므로 Alternative에서 제거하고 다른 관계 체계로 보낸다.,,[],generated/exercise-alternatives-v0.3.0/alternative_relationships.csv,DOMAIN_REVIEWER,2026-08-24T00:00:00+09:00,DOMAIN_REVIEWER,DOMAIN_APPROVED,exercise-catalog-v2.0.2-draft,d2ff054350b7904b3cb99affb6e656a4a30acba82f81d889a98951928aeb725f,NEX-000133:NEX-000126:CONSTRAINT,"{""legacy_relationship_type"":""CONSTRAINT"",""materialization_version"":""v2-representative-decisions-2026-08-24"",""selection_basis"":""REX_ENDPOINT_AND_V2_CATALOG_RECHECK"",""source_path"":""generated/exercise-alternatives-v0.3.0/alternative_relationships.csv"",""source_relation_key"":""NEX-000133:NEX-000126:CONSTRAINT""}",DETERMINISTIC_POLICY_V2_0_2,DATA_REVIEW_PIPELINE,REVIEW_REQUIRED,false
ALT-LEGACY-db45fa9ed9fa3756,123,exercise-catalog-v2.0.2-draft|d2ff054350b7904b3cb99affb6e656a4a30acba82f81d889a98951928aeb725f|NEX-000133:NEX-000157:CONSTRAINT,EQUIPMENT,MOBILITY_GLUTE,CONSTRAINT,exercise_ball_hip_flexor_stretch_mobility_stretch_stability_ball,exercise_ball_hip_flexor_stretch_mobility_stretch_stability_ball,REX-000033,REPRESENTATIVE,짐볼 고관절 스트레칭,MOBILITY_STRETCH,"[""HIP""]","[""LOWER_BACK""]","[""STABILITY_BALL""]","[""GYM""]",INTERMEDIATE,seated_piriformis_stretch_mobility_stretch_bodyweight,seated_piriformis_stretch_mobility_stretch_bodyweight,REX-000085,REPRESENTATIVE,앉아서 이상근 스트레칭,MOBILITY_STRETCH,"[""HIP""]","[""KNEE""]","[""BODYWEIGHT""]","[""HOME"",""GYM""]",BEGINNER,LEGACY_ALTERNATIVE,,,,,,,PAIN_AREA_INVOLVEMENT_IN_SOURCE_MOVEMENT,"{""discomfort_area_code"":"""",""source_body_area_codes"":[""HIP"",""LOWER_BACK""],""source_equipment_codes"":[""STABILITY_BALL""],""source_primary_movement_pattern_code"":""MOBILITY_STRETCH""}",false,TARGET_EXCLUDES_DISCOMFORT_AREA,false,true,false,true,false,,A_TO_B,NOT_APPLICABLE,REMOVE_RECLASSIFY,REMOVE_FROM_ALTERNATIVE_SET,RECLASSIFY_VARIANT,NO_DISCOMFORT_CONDITION,통증·불편 조건이 없는 관계이므로 Alternative에서 제거하고 다른 관계 체계로 보낸다.,,[],generated/exercise-alternatives-v0.3.0/alternative_relationships.csv,DOMAIN_REVIEWER,2026-08-24T00:00:00+09:00,DOMAIN_REVIEWER,DOMAIN_APPROVED,exercise-catalog-v2.0.2-draft,d2ff054350b7904b3cb99affb6e656a4a30acba82f81d889a98951928aeb725f,NEX-000133:NEX-000157:CONSTRAINT,"{""legacy_relationship_type"":""CONSTRAINT"",""materialization_version"":""v2-representative-decisions-2026-08-24"",""selection_basis"":""REX_ENDPOINT_AND_V2_CATALOG_RECHECK"",""source_path"":""generated/exercise-alternatives-v0.3.0/alternative_relationships.csv"",""source_relation_key"":""NEX-000133:NEX-000157:CONSTRAINT""}",DETERMINISTIC_POLICY_V2_0_2,DATA_REVIEW_PIPELINE,REVIEW_REQUIRED,false
ALT-LEGACY-0e3b5943da04c3a4,127,exercise-catalog-v2.0.2-draft|d2ff054350b7904b3cb99affb6e656a4a30acba82f81d889a98951928aeb725f|mapping:ELBOW:NRS_1_3:REX-000035:REX-000055:DISCOMFORT,DISCOMFORT,SAME_GOAL,,hand_grip_squeeze_isolation_household_weight,hand_grip_squeeze_isolation_household_weight,REX-000035,REPRESENTATIVE,손 악력 쥐기,ISOLATION,"[""WRIST_HAND""]","[""ELBOW""]","[""HOUSEHOLD_WEIGHT""]","[""HOME"",""GYM""]",BEGINNER,reverse_wrist_curl_isolation_barbell,reverse_wrist_curl_isolation_barbell,REX-000055,REPRESENTATIVE,리버스 리스트 컬,ISOLATION,"[""WRIST_HAND""]","[""ELBOW""]","[""BARBELL""]","[""GYM""]",BEGINNER,LEGACY_ALTERNATIVE,ELBOW,NRS_1_3,1,3,MILD,LOAD_REDUCED,PAIN_AREA_INVOLVEMENT_IN_SOURCE_MOVEMENT,"{""discomfort_area_code"":""ELBOW"",""source_body_area_codes"":[""ELBOW"",""WRIST_HAND""],""source_equipment_codes"":[""HOUSEHOLD_WEIGHT""],""source_primary_movement_pattern_code"":""ISOLATION""}",true,UNCONFIRMED,true,true,false,true,false,,A_TO_B,NOT_APPLICABLE,REMOVE_RECLASSIFY,REMOVE_UNSAFE_SAME_AREA_TARGET,REMOVE_TARGET_RETAINS_DISCOMFORT_AREA,TARGET_RETAINS_DISCOMFORT_AREA,NRS 점수가 1~3인 경미한 조건이어도 target이 보고된 불편 부위를 포함하므로 동일 부담·위험을 남길 수 있어 Alternative에서 삭제한다.,,[],normalized/v2_discomfort_alternative_mapping.csv,DOMAIN_REVIEWER,2026-08-24T00:00:00+09:00,DOMAIN_REVIEWER,DOMAIN_APPROVED,exercise-catalog-v2.0.2-draft,d2ff054350b7904b3cb99affb6e656a4a30acba82f81d889a98951928aeb725f,mapping:ELBOW:NRS_1_3:REX-000035:REX-000055:DISCOMFORT,"{""alternative_target_muscle_code"":""FOREARMS"",""body_area_code"":""ELBOW"",""materialization_version"":""v2-representative-decisions-2026-08-24"",""score_band_code"":""NRS_1_3"",""selection_basis"":""DOMAIN_APPROVED_SCORE_BAND_AND_TARGET_MUSCLE_POLICY"",""source_path"":""normalized/v2_discomfort_alternative_mapping.csv"",""source_relation_key"":""mapping:ELBOW:NRS_1_3:REX-000035:REX-000055:DISCOMFORT"",""source_target_muscle_code"":""FOREARMS""}",DETERMINISTIC_POLICY_V2_0_2,DATA_REVIEW_PIPELINE,REVIEW_REQUIRED,false
ALT-LEGACY-8f4e521daccc8b6f,129,exercise-catalog-v2.0.2-draft|d2ff054350b7904b3cb99affb6e656a4a30acba82f81d889a98951928aeb725f|mapping:HIP:NRS_1_3:REX-000063:REX-000057:DISCOMFORT,DISCOMFORT,SAME_GOAL,,hip_adduction_isolation_stability_ball,hip_adduction_isolation_stability_ball,REX-000063,REPRESENTATIVE,앉아서 짐볼 조이기,ISOLATION,"[""KNEE""]","[""HIP""]","[""STABILITY_BALL""]","[""GYM""]",BEGINNER,hip_flexion_isolation_bodyweight,hip_flexion_isolation_bodyweight,REX-000057,REPRESENTATIVE,의자 잡고 무릎 들기,ISOLATION,"[""KNEE""]","[""HIP"",""ANKLE_FOOT""]","[""BODYWEIGHT""]","[""HOME"",""GYM""]",BEGINNER,LEGACY_ALTERNATIVE,HIP,NRS_1_3,1,3,MILD,LOAD_REDUCED,PAIN_AREA_INVOLVEMENT_IN_SOURCE_MOVEMENT,"{""discomfort_area_code"":""HIP"",""source_body_area_codes"":[""HIP"",""KNEE""],""source_equipment_codes"":[""STABILITY_BALL""],""source_primary_movement_pattern_code"":""ISOLATION""}",true,UNCONFIRMED,true,true,true,true,false,,A_TO_B,NOT_APPLICABLE,REMOVE_RECLASSIFY,REMOVE_SIMPLE_VARIANT_DUPLICATE,RECLASSIFY_VARIANT_OR_EXERCISE_IDENTITY,SIMPLE_VARIANT_RELATION_DUPLICATE,통증 조건에 따른 부담 감소 근거보다 동일 family·Variant 관계가 우선 확인되어 재분류한다.,,[],normalized/v2_discomfort_alternative_mapping.csv,DOMAIN_REVIEWER,2026-08-24T00:00:00+09:00,DOMAIN_REVIEWER,DOMAIN_APPROVED,exercise-catalog-v2.0.2-draft,d2ff054350b7904b3cb99affb6e656a4a30acba82f81d889a98951928aeb725f,mapping:HIP:NRS_1_3:REX-000063:REX-000057:DISCOMFORT,"{""alternative_target_muscle_code"":""QUADRICEPS"",""body_area_code"":""HIP"",""materialization_version"":""v2-representative-decisions-2026-08-24"",""score_band_code"":""NRS_1_3"",""selection_basis"":""DOMAIN_APPROVED_SCORE_BAND_AND_TARGET_MUSCLE_POLICY"",""source_path"":""normalized/v2_discomfort_alternative_mapping.csv"",""source_relation_key"":""mapping:HIP:NRS_1_3:REX-000063:REX-000057:DISCOMFORT"",""source_target_muscle_code"":""QUADRICEPS""}",DETERMINISTIC_POLICY_V2_0_2,DATA_REVIEW_PIPELINE,REVIEW_REQUIRED,false
ALT-LEGACY-3f27301177157b2c,133,exercise-catalog-v2.0.2-draft|d2ff054350b7904b3cb99affb6e656a4a30acba82f81d889a98951928aeb725f|mapping:HIP:NRS_1_3:REX-000064:REX-000057:DISCOMFORT,DISCOMFORT,SAME_GOAL,,hip_flexion_isolation_bodyweight_rex_000064,hip_flexion_isolation_bodyweight_rex_000064,REX-000064,REPRESENTATIVE,앉아서 고관절 굴곡,ISOLATION,"[""KNEE""]","[""HIP""]","[""BODYWEIGHT""]","[""HOME"",""GYM""]",BEGINNER,hip_flexion_isolation_bodyweight,hip_flexion_isolation_bodyweight,REX-000057,REPRESENTATIVE,의자 잡고 무릎 들기,ISOLATION,"[""KNEE""]","[""HIP"",""ANKLE_FOOT""]","[""BODYWEIGHT""]","[""HOME"",""GYM""]",BEGINNER,LEGACY_ALTERNATIVE,HIP,NRS_1_3,1,3,MILD,LOAD_REDUCED,PAIN_AREA_INVOLVEMENT_IN_SOURCE_MOVEMENT,"{""discomfort_area_code"":""HIP"",""source_body_area_codes"":[""HIP"",""KNEE""],""source_equipment_codes"":[""BODYWEIGHT""],""source_primary_movement_pattern_code"":""ISOLATION""}",true,UNCONFIRMED,true,true,true,true,false,,A_TO_B,NOT_APPLICABLE,REMOVE_RECLASSIFY,REMOVE_SIMPLE_VARIANT_DUPLICATE,RECLASSIFY_VARIANT_OR_EXERCISE_IDENTITY,SIMPLE_VARIANT_RELATION_DUPLICATE,통증 조건에 따른 부담 감소 근거보다 동일 family·Variant 관계가 우선 확인되어 재분류한다.,,[],normalized/v2_discomfort_alternative_mapping.csv,DOMAIN_REVIEWER,2026-08-24T00:00:00+09:00,DOMAIN_REVIEWER,DOMAIN_APPROVED,exercise-catalog-v2.0.2-draft,d2ff054350b7904b3cb99affb6e656a4a30acba82f81d889a98951928aeb725f,mapping:HIP:NRS_1_3:REX-000064:REX-000057:DISCOMFORT,"{""alternative_target_muscle_code"":""QUADRICEPS"",""body_area_code"":""HIP"",""materialization_version"":""v2-representative-decisions-2026-08-24"",""score_band_code"":""NRS_1_3"",""selection_basis"":""DOMAIN_APPROVED_SCORE_BAND_AND_TARGET_MUSCLE_POLICY"",""source_path"":""normalized/v2_discomfort_alternative_mapping.csv"",""source_relation_key"":""mapping:HIP:NRS_1_3:REX-000064:REX-000057:DISCOMFORT"",""source_target_muscle_code"":""QUADRICEPS""}",DETERMINISTIC_POLICY_V2_0_2,DATA_REVIEW_PIPELINE,REVIEW_REQUIRED,false
ALT-LEGACY-bc001ad8c1b30e38,134,exercise-catalog-v2.0.2-draft|d2ff054350b7904b3cb99affb6e656a4a30acba82f81d889a98951928aeb725f|NEX-000134:NEX-000131:CONSTRAINT,EQUIPMENT,MOBILITY_QUAD,CONSTRAINT,hip_flexor_quadriceps_stretch_mobility_stretch_stretch_strap,hip_flexor_quadriceps_stretch_mobility_stretch_stretch_strap,REX-000036,REPRESENTATIVE,고관절 굴근·대퇴사두근 스트레칭,MOBILITY_STRETCH,"[""KNEE""]","[""HIP""]","[""STRETCH_STRAP""]","[""GYM""]",INTERMEDIATE,all_fours_squat_stretch_mobility_stretch_bodyweight,quadruped_quadriceps_stretch_mobility_stretch_bodyweight,REX-000002,REPRESENTATIVE,네발기기 대퇴사두근 스트레칭,MOBILITY_STRETCH,"[""KNEE"",""HIP""]","[""ANKLE_FOOT""]","[""BODYWEIGHT""]","[""HOME"",""GYM""]",INTERMEDIATE,LEGACY_ALTERNATIVE,,,,,,,PAIN_AREA_INVOLVEMENT_IN_SOURCE_MOVEMENT,"{""discomfort_area_code"":"""",""source_body_area_codes"":[""HIP"",""KNEE""],""source_equipment_codes"":[""STRETCH_STRAP""],""source_primary_movement_pattern_code"":""MOBILITY_STRETCH""}",false,TARGET_EXCLUDES_DISCOMFORT_AREA,false,true,false,true,false,,A_TO_B,NOT_APPLICABLE,REMOVE_RECLASSIFY,REMOVE_FROM_ALTERNATIVE_SET,RECLASSIFY_VARIANT,NO_DISCOMFORT_CONDITION,통증·불편 조건이 없는 관계이므로 Alternative에서 제거하고 다른 관계 체계로 보낸다.,,[],generated/exercise-alternatives-v0.3.0/alternative_relationships.csv,DOMAIN_REVIEWER,2026-08-24T00:00:00+09:00,DOMAIN_REVIEWER,DOMAIN_APPROVED,exercise-catalog-v2.0.2-draft,d2ff054350b7904b3cb99affb6e656a4a30acba82f81d889a98951928aeb725f,NEX-000134:NEX-000131:CONSTRAINT,"{""legacy_relationship_type"":""CONSTRAINT"",""materialization_version"":""v2-representative-decisions-2026-08-24"",""selection_basis"":""REX_ENDPOINT_AND_V2_CATALOG_RECHECK"",""source_path"":""generated/exercise-alternatives-v0.3.0/alternative_relationships.csv"",""source_relation_key"":""NEX-000134:NEX-000131:CONSTRAINT""}",DETERMINISTIC_POLICY_V2_0_2,DATA_REVIEW_PIPELINE,REVIEW_REQUIRED,false
ALT-LEGACY-93bf9392decb6497,137,exercise-catalog-v2.0.2-draft|d2ff054350b7904b3cb99affb6e656a4a30acba82f81d889a98951928aeb725f|NEX-000134:NEX-000132:CONSTRAINT,EQUIPMENT,MOBILITY_QUAD,CONSTRAINT,hip_flexor_quadriceps_stretch_mobility_stretch_stretch_strap,hip_flexor_quadriceps_stretch_mobility_stretch_stretch_strap,REX-000036,REPRESENTATIVE,고관절 굴근·대퇴사두근 스트레칭,MOBILITY_STRETCH,"[""KNEE""]","[""HIP""]","[""STRETCH_STRAP""]","[""GYM""]",INTERMEDIATE,chair_leg_extended_stretch_mobility_stretch_bodyweight,chair_leg_extended_stretch_mobility_stretch_bodyweight,REX-000020,REPRESENTATIVE,시티드 레그 익스텐션 스트레칭,MOBILITY_STRETCH,"[""KNEE""]","[""HIP""]","[""BODYWEIGHT""]","[""HOME"",""GYM""]",BEGINNER,LEGACY_ALTERNATIVE,,,,,,,PAIN_AREA_INVOLVEMENT_IN_SOURCE_MOVEMENT,"{""discomfort_area_code"":"""",""source_body_area_codes"":[""HIP"",""KNEE""],""source_equipment_codes"":[""STRETCH_STRAP""],""source_primary_movement_pattern_code"":""MOBILITY_STRETCH""}",false,TARGET_EXCLUDES_DISCOMFORT_AREA,false,true,false,true,false,,A_TO_B,NOT_APPLICABLE,REMOVE_RECLASSIFY,REMOVE_FROM_ALTERNATIVE_SET,RECLASSIFY_VARIANT,NO_DISCOMFORT_CONDITION,통증·불편 조건이 없는 관계이므로 Alternative에서 제거하고 다른 관계 체계로 보낸다.,,[],generated/exercise-alternatives-v0.3.0/alternative_relationships.csv,DOMAIN_REVIEWER,2026-08-24T00:00:00+09:00,DOMAIN_REVIEWER,DOMAIN_APPROVED,exercise-catalog-v2.0.2-draft,d2ff054350b7904b3cb99affb6e656a4a30acba82f81d889a98951928aeb725f,NEX-000134:NEX-000132:CONSTRAINT,"{""legacy_relationship_type"":""CONSTRAINT"",""materialization_version"":""v2-representative-decisions-2026-08-24"",""selection_basis"":""REX_ENDPOINT_AND_V2_CATALOG_RECHECK"",""source_path"":""generated/exercise-alternatives-v0.3.0/alternative_relationships.csv"",""source_relation_key"":""NEX-000134:NEX-000132:CONSTRAINT""}",DETERMINISTIC_POLICY_V2_0_2,DATA_REVIEW_PIPELINE,REVIEW_REQUIRED,false
ALT-LEGACY-92fb544ec1f8ec1a,138,exercise-catalog-v2.0.2-draft|d2ff054350b7904b3cb99affb6e656a4a30acba82f81d889a98951928aeb725f|NEX-000134:NEX-000072:INTENSITY,EQUIPMENT,MOBILITY_QUAD,INTENSITY,hip_flexor_quadriceps_stretch_mobility_stretch_stretch_strap,hip_flexor_quadriceps_stretch_mobility_stretch_stretch_strap,REX-000036,REPRESENTATIVE,고관절 굴근·대퇴사두근 스트레칭,MOBILITY_STRETCH,"[""KNEE""]","[""HIP""]","[""STRETCH_STRAP""]","[""GYM""]",INTERMEDIATE,side_lying_quadriceps_stretch_mobility_stretch_bodyweight,side_lying_quadriceps_stretch_mobility_stretch_bodyweight,REX-000088,REPRESENTATIVE,옆으로 누워 대퇴사두근 스트레칭,MOBILITY_STRETCH,"[""KNEE""]","[""HIP""]","[""BODYWEIGHT""]","[""HOME"",""GYM""]",BEGINNER,LEGACY_ALTERNATIVE,,,,,,,PAIN_AREA_INVOLVEMENT_IN_SOURCE_MOVEMENT,"{""discomfort_area_code"":"""",""source_body_area_codes"":[""HIP"",""KNEE""],""source_equipment_codes"":[""STRETCH_STRAP""],""source_primary_movement_pattern_code"":""MOBILITY_STRETCH""}",false,TARGET_EXCLUDES_DISCOMFORT_AREA,false,true,false,true,false,,A_TO_B,NOT_APPLICABLE,REMOVE_RECLASSIFY,REMOVE_FROM_ALTERNATIVE_SET,RECLASSIFY_VARIANT,NO_DISCOMFORT_CONDITION,통증·불편 조건이 없는 관계이므로 Alternative에서 제거하고 다른 관계 체계로 보낸다.,,[],generated/exercise-alternatives-v0.3.0/alternative_relationships.csv,DOMAIN_REVIEWER,2026-08-24T00:00:00+09:00,DOMAIN_REVIEWER,DOMAIN_APPROVED,exercise-catalog-v2.0.2-draft,d2ff054350b7904b3cb99affb6e656a4a30acba82f81d889a98951928aeb725f,NEX-000134:NEX-000072:INTENSITY,"{""legacy_relationship_type"":""INTENSITY"",""materialization_version"":""v2-representative-decisions-2026-08-24"",""selection_basis"":""REX_ENDPOINT_AND_V2_CATALOG_RECHECK"",""source_path"":""generated/exercise-alternatives-v0.3.0/alternative_relationships.csv"",""source_relation_key"":""NEX-000134:NEX-000072:INTENSITY""}",DETERMINISTIC_POLICY_V2_0_2,DATA_REVIEW_PIPELINE,REVIEW_REQUIRED,false
ALT-LEGACY-bcb3e5966715fd72,140,exercise-catalog-v2.0.2-draft|d2ff054350b7904b3cb99affb6e656a4a30acba82f81d889a98951928aeb725f|mapping:ELBOW:NRS_1_3:REX-000037:REX-000046:DISCOMFORT,DISCOMFORT,SAME_GOAL,,incline_y_raise_isolation_dumbbell,incline_y_raise_isolation_dumbbell,REX-000037,REPRESENTATIVE,인클라인 Y 레이즈,ISOLATION,"[""UPPER_BACK""]","[""SHOULDER"",""ELBOW""]","[""DUMBBELL""]","[""HOME"",""GYM""]",INTERMEDIATE,one_arm_wall_lats_isolation_bodyweight,one_arm_wall_lats_isolation_bodyweight,REX-000046,REPRESENTATIVE,벽 짚고 한 팔 광배근 스트레칭,ISOLATION,"[""UPPER_BACK""]","[""SHOULDER"",""ELBOW""]","[""BODYWEIGHT""]","[""HOME"",""GYM""]",BEGINNER,LEGACY_ALTERNATIVE,ELBOW,NRS_1_3,1,3,MILD,LOAD_REDUCED,PAIN_AREA_INVOLVEMENT_IN_SOURCE_MOVEMENT,"{""discomfort_area_code"":""ELBOW"",""source_body_area_codes"":[""ELBOW"",""SHOULDER"",""UPPER_BACK""],""source_equipment_codes"":[""DUMBBELL""],""source_primary_movement_pattern_code"":""ISOLATION""}",true,UNCONFIRMED,true,true,false,true,false,,A_TO_B,NOT_APPLICABLE,REMOVE_RECLASSIFY,REMOVE_UNSAFE_SAME_AREA_TARGET,REMOVE_TARGET_RETAINS_DISCOMFORT_AREA,TARGET_RETAINS_DISCOMFORT_AREA,NRS 점수가 1~3인 경미한 조건이어도 target이 보고된 불편 부위를 포함하므로 동일 부담·위험을 남길 수 있어 Alternative에서 삭제한다.,,[],normalized/v2_discomfort_alternative_mapping.csv,DOMAIN_REVIEWER,2026-08-24T00:00:00+09:00,DOMAIN_REVIEWER,DOMAIN_APPROVED,exercise-catalog-v2.0.2-draft,d2ff054350b7904b3cb99affb6e656a4a30acba82f81d889a98951928aeb725f,mapping:ELBOW:NRS_1_3:REX-000037:REX-000046:DISCOMFORT,"{""alternative_target_muscle_code"":""BACK"",""body_area_code"":""ELBOW"",""materialization_version"":""v2-representative-decisions-2026-08-24"",""score_band_code"":""NRS_1_3"",""selection_basis"":""DOMAIN_APPROVED_SCORE_BAND_AND_TARGET_MUSCLE_POLICY"",""source_path"":""normalized/v2_discomfort_alternative_mapping.csv"",""source_relation_key"":""mapping:ELBOW:NRS_1_3:REX-000037:REX-000046:DISCOMFORT"",""source_target_muscle_code"":""BACK""}",DETERMINISTIC_POLICY_V2_0_2,DATA_REVIEW_PIPELINE,REVIEW_REQUIRED,false
ALT-LEGACY-eb5547a583163c7c,142,exercise-catalog-v2.0.2-draft|d2ff054350b7904b3cb99affb6e656a4a30acba82f81d889a98951928aeb725f|mapping:ELBOW:NRS_1_3:REX-000038:REX-000076:DISCOMFORT,DISCOMFORT,SAME_GOAL,,inverted_row_horizontal_pull_bodyweight,inverted_row_horizontal_pull_bodyweight,REX-000038,REPRESENTATIVE,인버티드 로우,HORIZONTAL_PULL,"[""UPPER_BACK""]","[""ELBOW"",""SHOULDER""]","[""BODYWEIGHT""]","[""HOME"",""GYM""]",INTERMEDIATE,row_variant_horizontal_pull_cable_machine,row_variant_horizontal_pull_cable_machine,REX-000076,REPRESENTATIVE,로우,HORIZONTAL_PULL,"[""UPPER_BACK""]","[""ELBOW"",""SHOULDER""]","[""CABLE_MACHINE""]","[""GYM""]",INTERMEDIATE,LEGACY_ALTERNATIVE,ELBOW,NRS_1_3,1,3,MILD,LOAD_REDUCED,PAIN_AREA_INVOLVEMENT_IN_SOURCE_MOVEMENT,"{""discomfort_area_code"":""ELBOW"",""source_body_area_codes"":[""ELBOW"",""SHOULDER"",""UPPER_BACK""],""source_equipment_codes"":[""BODYWEIGHT""],""source_primary_movement_pattern_code"":""HORIZONTAL_PULL""}",true,UNCONFIRMED,true,true,false,true,false,,A_TO_B,NOT_APPLICABLE,REMOVE_RECLASSIFY,REMOVE_UNSAFE_SAME_AREA_TARGET,REMOVE_TARGET_RETAINS_DISCOMFORT_AREA,TARGET_RETAINS_DISCOMFORT_AREA,NRS 점수가 1~3인 경미한 조건이어도 target이 보고된 불편 부위를 포함하므로 동일 부담·위험을 남길 수 있어 Alternative에서 삭제한다.,,[],normalized/v2_discomfort_alternative_mapping.csv,DOMAIN_REVIEWER,2026-08-24T00:00:00+09:00,DOMAIN_REVIEWER,DOMAIN_APPROVED,exercise-catalog-v2.0.2-draft,d2ff054350b7904b3cb99affb6e656a4a30acba82f81d889a98951928aeb725f,mapping:ELBOW:NRS_1_3:REX-000038:REX-000076:DISCOMFORT,"{""alternative_target_muscle_code"":""BACK"",""body_area_code"":""ELBOW"",""materialization_version"":""v2-representative-decisions-2026-08-24"",""score_band_code"":""NRS_1_3"",""selection_basis"":""DOMAIN_APPROVED_SCORE_BAND_AND_TARGET_MUSCLE_POLICY"",""source_path"":""normalized/v2_discomfort_alternative_mapping.csv"",""source_relation_key"":""mapping:ELBOW:NRS_1_3:REX-000038:REX-000076:DISCOMFORT"",""source_target_muscle_code"":""BACK""}",DETERMINISTIC_POLICY_V2_0_2,DATA_REVIEW_PIPELINE,REVIEW_REQUIRED,false
ALT-LEGACY-a030edb61b9543ad,143,exercise-catalog-v2.0.2-draft|d2ff054350b7904b3cb99affb6e656a4a30acba82f81d889a98951928aeb725f|NEX-000066:NEX-000184:CONSTRAINT,LOCATION,HORIZONTAL_PULL_STRENGTH,CONSTRAINT,inverted_row_horizontal_pull_bodyweight,inverted_row_horizontal_pull_bodyweight,REX-000038,REPRESENTATIVE,인버티드 로우,HORIZONTAL_PULL,"[""UPPER_BACK""]","[""ELBOW"",""SHOULDER""]","[""BODYWEIGHT""]","[""HOME"",""GYM""]",INTERMEDIATE,row_variant_horizontal_pull_cable_machine,row_variant_horizontal_pull_cable_machine,REX-000076,REPRESENTATIVE,로우,HORIZONTAL_PULL,"[""UPPER_BACK""]","[""ELBOW"",""SHOULDER""]","[""CABLE_MACHINE""]","[""GYM""]",INTERMEDIATE,LEGACY_ALTERNATIVE,,,,,,,PAIN_AREA_INVOLVEMENT_IN_SOURCE_MOVEMENT,"{""discomfort_area_code"":"""",""source_body_area_codes"":[""ELBOW"",""SHOULDER"",""UPPER_BACK""],""source_equipment_codes"":[""BODYWEIGHT""],""source_primary_movement_pattern_code"":""HORIZONTAL_PULL""}",false,TARGET_EXCLUDES_DISCOMFORT_AREA,false,true,false,true,false,,A_TO_B,NOT_APPLICABLE,REMOVE_RECLASSIFY,REMOVE_FROM_ALTERNATIVE_SET,RECLASSIFY_CONTEXT_DEFAULT,NO_DISCOMFORT_CONDITION,통증·불편 조건이 없는 관계이므로 Alternative에서 제거하고 다른 관계 체계로 보낸다.,,[],generated/exercise-alternatives-v0.3.0/alternative_relationships.csv,DOMAIN_REVIEWER,2026-08-24T00:00:00+09:00,DOMAIN_REVIEWER,DOMAIN_APPROVED,exercise-catalog-v2.0.2-draft,d2ff054350b7904b3cb99affb6e656a4a30acba82f81d889a98951928aeb725f,NEX-000066:NEX-000184:CONSTRAINT,"{""legacy_relationship_type"":""CONSTRAINT"",""materialization_version"":""v2-representative-decisions-2026-08-24"",""selection_basis"":""REX_ENDPOINT_AND_V2_CATALOG_RECHECK"",""source_path"":""generated/exercise-alternatives-v0.3.0/alternative_relationships.csv"",""source_relation_key"":""NEX-000066:NEX-000184:CONSTRAINT""}",DETERMINISTIC_POLICY_V2_0_2,DATA_REVIEW_PIPELINE,REVIEW_REQUIRED,false
ALT-LEGACY-11fa7c57473aeba9,144,exercise-catalog-v2.0.2-draft|d2ff054350b7904b3cb99affb6e656a4a30acba82f81d889a98951928aeb725f|NEX-000208:NEX-000104:CONSTRAINT,EQUIPMENT,POSTERIOR_CHAIN_STRENGTH,CONSTRAINT,kettlebell_swing_hip_dominant_kettlebell,kettlebell_swing_hip_dominant_kettlebell,REX-000061,REPRESENTATIVE,케틀벨 스윙,HIP_DOMINANT,"[""HIP""]","[""KNEE"",""LOWER_BACK""]","[""KETTLEBELL""]","[""GYM""]",INTERMEDIATE,barbell_straight_leg_deadlift_hip_dominant_barbell,barbell_straight_leg_deadlift_hip_dominant_barbell,REX-000007,REPRESENTATIVE,루마니안 데드리프트,HIP_DOMINANT,"[""HIP""]","[""KNEE"",""LOWER_BACK""]","[""BARBELL""]","[""GYM""]",INTERMEDIATE,LEGACY_ALTERNATIVE,,,,,,,PAIN_AREA_INVOLVEMENT_IN_SOURCE_MOVEMENT,"{""discomfort_area_code"":"""",""source_body_area_codes"":[""HIP"",""KNEE"",""LOWER_BACK""],""source_equipment_codes"":[""KETTLEBELL""],""source_primary_movement_pattern_code"":""HIP_DOMINANT""}",false,TARGET_EXCLUDES_DISCOMFORT_AREA,false,true,false,true,false,,A_TO_B,NOT_APPLICABLE,REMOVE_RECLASSIFY,REMOVE_FROM_ALTERNATIVE_SET,RECLASSIFY_VARIANT,NO_DISCOMFORT_CONDITION,통증·불편 조건이 없는 관계이므로 Alternative에서 제거하고 다른 관계 체계로 보낸다.,,[],generated/exercise-alternatives-v0.3.0/alternative_relationships.csv,DOMAIN_REVIEWER,2026-08-24T00:00:00+09:00,DOMAIN_REVIEWER,DOMAIN_APPROVED,exercise-catalog-v2.0.2-draft,d2ff054350b7904b3cb99affb6e656a4a30acba82f81d889a98951928aeb725f,NEX-000208:NEX-000104:CONSTRAINT,"{""legacy_relationship_type"":""CONSTRAINT"",""materialization_version"":""v2-representative-decisions-2026-08-24"",""selection_basis"":""REX_ENDPOINT_AND_V2_CATALOG_RECHECK"",""source_path"":""generated/exercise-alternatives-v0.3.0/alternative_relationships.csv"",""source_relation_key"":""NEX-000208:NEX-000104:CONSTRAINT""}",DETERMINISTIC_POLICY_V2_0_2,DATA_REVIEW_PIPELINE,REVIEW_REQUIRED,false
ALT-LEGACY-a7637b3d34c5fca5,145,exercise-catalog-v2.0.2-draft|d2ff054350b7904b3cb99affb6e656a4a30acba82f81d889a98951928aeb725f|NEX-000208:NEX-000064:RECOVERY,LOCATION,POSTERIOR_CHAIN_STRENGTH,RECOVERY,kettlebell_swing_hip_dominant_kettlebell,kettlebell_swing_hip_dominant_kettlebell,REX-000061,REPRESENTATIVE,케틀벨 스윙,HIP_DOMINANT,"[""HIP""]","[""KNEE"",""LOWER_BACK""]","[""KETTLEBELL""]","[""GYM""]",INTERMEDIATE,bodyweight_back_extension_hip_dominant_bodyweight,bodyweight_back_extension_hip_dominant_bodyweight,REX-000008,REPRESENTATIVE,백 익스텐션,HIP_DOMINANT,"[""LOWER_BACK""]","[""HIP"",""UPPER_BACK""]","[""BODYWEIGHT""]","[""HOME"",""GYM""]",INTERMEDIATE,LEGACY_ALTERNATIVE,,,,,,,PAIN_AREA_INVOLVEMENT_IN_SOURCE_MOVEMENT,"{""discomfort_area_code"":"""",""source_body_area_codes"":[""HIP"",""KNEE"",""LOWER_BACK""],""source_equipment_codes"":[""KETTLEBELL""],""source_primary_movement_pattern_code"":""HIP_DOMINANT""}",false,TARGET_EXCLUDES_DISCOMFORT_AREA,false,true,false,true,false,,A_TO_B,NOT_APPLICABLE,REMOVE_RECLASSIFY,REMOVE_FROM_ALTERNATIVE_SET,RECLASSIFY_CONTEXT_DEFAULT,NO_DISCOMFORT_CONDITION,통증·불편 조건이 없는 관계이므로 Alternative에서 제거하고 다른 관계 체계로 보낸다.,,[],generated/exercise-alternatives-v0.3.0/alternative_relationships.csv,DOMAIN_REVIEWER,2026-08-24T00:00:00+09:00,DOMAIN_REVIEWER,DOMAIN_APPROVED,exercise-catalog-v2.0.2-draft,d2ff054350b7904b3cb99affb6e656a4a30acba82f81d889a98951928aeb725f,NEX-000208:NEX-000064:RECOVERY,"{""legacy_relationship_type"":""RECOVERY"",""materialization_version"":""v2-representative-decisions-2026-08-24"",""selection_basis"":""REX_ENDPOINT_AND_V2_CATALOG_RECHECK"",""source_path"":""generated/exercise-alternatives-v0.3.0/alternative_relationships.csv"",""source_relation_key"":""NEX-000208:NEX-000064:RECOVERY""}",DETERMINISTIC_POLICY_V2_0_2,DATA_REVIEW_PIPELINE,REVIEW_REQUIRED,false
ALT-LEGACY-48ca996e3d1029d7,147,exercise-catalog-v2.0.2-draft|d2ff054350b7904b3cb99affb6e656a4a30acba82f81d889a98951928aeb725f|mapping:HIP:NRS_1_3:REX-000061:REX-000011:DISCOMFORT,DISCOMFORT,SAME_GOAL,,kettlebell_swing_hip_dominant_kettlebell,kettlebell_swing_hip_dominant_kettlebell,REX-000061,REPRESENTATIVE,케틀벨 스윙,HIP_DOMINANT,"[""HIP""]","[""KNEE"",""LOWER_BACK""]","[""KETTLEBELL""]","[""GYM""]",INTERMEDIATE,bodyweight_glute_bridge_hip_dominant_bodyweight,bodyweight_glute_bridge_hip_dominant_bodyweight,REX-000011,REPRESENTATIVE,글루트 브리지,HIP_DOMINANT,"[""HIP""]","[""KNEE"",""LOWER_BACK""]","[""BODYWEIGHT""]","[""HOME"",""GYM""]",BEGINNER,LEGACY_ALTERNATIVE,HIP,NRS_1_3,1,3,MILD,LOAD_REDUCED,PAIN_AREA_INVOLVEMENT_IN_SOURCE_MOVEMENT,"{""discomfort_area_code"":""HIP"",""source_body_area_codes"":[""HIP"",""KNEE"",""LOWER_BACK""],""source_equipment_codes"":[""KETTLEBELL""],""source_primary_movement_pattern_code"":""HIP_DOMINANT""}",true,UNCONFIRMED,true,true,false,true,false,,A_TO_B,NOT_APPLICABLE,REMOVE_RECLASSIFY,REMOVE_UNSAFE_SAME_AREA_TARGET,REMOVE_TARGET_RETAINS_DISCOMFORT_AREA,TARGET_RETAINS_DISCOMFORT_AREA,NRS 점수가 1~3인 경미한 조건이어도 target이 보고된 불편 부위를 포함하므로 동일 부담·위험을 남길 수 있어 Alternative에서 삭제한다.,,[],normalized/v2_discomfort_alternative_mapping.csv,DOMAIN_REVIEWER,2026-08-24T00:00:00+09:00,DOMAIN_REVIEWER,DOMAIN_APPROVED,exercise-catalog-v2.0.2-draft,d2ff054350b7904b3cb99affb6e656a4a30acba82f81d889a98951928aeb725f,mapping:HIP:NRS_1_3:REX-000061:REX-000011:DISCOMFORT,"{""alternative_target_muscle_code"":""GLUTES"",""body_area_code"":""HIP"",""materialization_version"":""v2-representative-decisions-2026-08-24"",""score_band_code"":""NRS_1_3"",""selection_basis"":""DOMAIN_APPROVED_SCORE_BAND_AND_TARGET_MUSCLE_POLICY"",""source_path"":""normalized/v2_discomfort_alternative_mapping.csv"",""source_relation_key"":""mapping:HIP:NRS_1_3:REX-000061:REX-000011:DISCOMFORT"",""source_target_muscle_code"":""GLUTES""}",DETERMINISTIC_POLICY_V2_0_2,DATA_REVIEW_PIPELINE,REVIEW_REQUIRED,false
ALT-LEGACY-9918344e7642064c,152,exercise-catalog-v2.0.2-draft|d2ff054350b7904b3cb99affb6e656a4a30acba82f81d889a98951928aeb725f|mapping:ELBOW:NRS_1_3:REX-000040:REX-000046:DISCOMFORT,DISCOMFORT,SAME_GOAL,,lat_pulldown_vertical_pull_cable_machine,lat_pulldown_vertical_pull_cable_machine,REX-000040,REPRESENTATIVE,랫풀다운,VERTICAL_PULL,"[""UPPER_BACK""]","[""ELBOW"",""SHOULDER""]","[""CABLE_MACHINE""]","[""GYM""]",INTERMEDIATE,one_arm_wall_lats_isolation_bodyweight,one_arm_wall_lats_isolation_bodyweight,REX-000046,REPRESENTATIVE,벽 짚고 한 팔 광배근 스트레칭,ISOLATION,"[""UPPER_BACK""]","[""SHOULDER"",""ELBOW""]","[""BODYWEIGHT""]","[""HOME"",""GYM""]",BEGINNER,LEGACY_ALTERNATIVE,ELBOW,NRS_1_3,1,3,MILD,LOAD_REDUCED,PAIN_AREA_INVOLVEMENT_IN_SOURCE_MOVEMENT,"{""discomfort_area_code"":""ELBOW"",""source_body_area_codes"":[""ELBOW"",""SHOULDER"",""UPPER_BACK""],""source_equipment_codes"":[""CABLE_MACHINE""],""source_primary_movement_pattern_code"":""VERTICAL_PULL""}",true,UNCONFIRMED,true,true,false,false,false,,A_TO_B,NOT_APPLICABLE,REMOVE_RECLASSIFY,REMOVE_UNSAFE_SAME_AREA_TARGET,REMOVE_TARGET_RETAINS_DISCOMFORT_AREA,TARGET_RETAINS_DISCOMFORT_AREA,NRS 점수가 1~3인 경미한 조건이어도 target이 보고된 불편 부위를 포함하므로 동일 부담·위험을 남길 수 있어 Alternative에서 삭제한다.,,[],normalized/v2_discomfort_alternative_mapping.csv,DOMAIN_REVIEWER,2026-08-24T00:00:00+09:00,DOMAIN_REVIEWER,DOMAIN_APPROVED,exercise-catalog-v2.0.2-draft,d2ff054350b7904b3cb99affb6e656a4a30acba82f81d889a98951928aeb725f,mapping:ELBOW:NRS_1_3:REX-000040:REX-000046:DISCOMFORT,"{""alternative_target_muscle_code"":""BACK"",""body_area_code"":""ELBOW"",""materialization_version"":""v2-representative-decisions-2026-08-24"",""score_band_code"":""NRS_1_3"",""selection_basis"":""DOMAIN_APPROVED_SCORE_BAND_AND_TARGET_MUSCLE_POLICY"",""source_path"":""normalized/v2_discomfort_alternative_mapping.csv"",""source_relation_key"":""mapping:ELBOW:NRS_1_3:REX-000040:REX-000046:DISCOMFORT"",""source_target_muscle_code"":""BACK""}",DETERMINISTIC_POLICY_V2_0_2,DATA_REVIEW_PIPELINE,REVIEW_REQUIRED,false
ALT-LEGACY-433ab2b1ceff3c16,156,exercise-catalog-v2.0.2-draft|d2ff054350b7904b3cb99affb6e656a4a30acba82f81d889a98951928aeb725f|mapping:HIP:NRS_1_3:REX-000069:REX-000025:DISCOMFORT,DISCOMFORT,SAME_GOAL,,leg_press_knee_dominant_resistance_band,leg_press_knee_dominant_resistance_band,REX-000069,REPRESENTATIVE,누워서 밴드 레그 프레스,KNEE_DOMINANT,"[""KNEE""]","[""HIP""]","[""RESISTANCE_BAND""]","[""HOME"",""GYM""]",BEGINNER,dumbbell_goblet_squat_knee_dominant_dumbbell,dumbbell_goblet_squat_knee_dominant_dumbbell,REX-000025,REPRESENTATIVE,고블릿 스쿼트,KNEE_DOMINANT,"[""KNEE"",""HIP""]","[""ANKLE_FOOT""]","[""DUMBBELL""]","[""HOME"",""GYM""]",BEGINNER,LEGACY_ALTERNATIVE,HIP,NRS_1_3,1,3,MILD,LOAD_REDUCED,PAIN_AREA_INVOLVEMENT_IN_SOURCE_MOVEMENT,"{""discomfort_area_code"":""HIP"",""source_body_area_codes"":[""HIP"",""KNEE""],""source_equipment_codes"":[""RESISTANCE_BAND""],""source_primary_movement_pattern_code"":""KNEE_DOMINANT""}",true,UNCONFIRMED,true,true,false,true,false,,A_TO_B,NOT_APPLICABLE,REMOVE_RECLASSIFY,REMOVE_UNSAFE_SAME_AREA_TARGET,REMOVE_TARGET_RETAINS_DISCOMFORT_AREA,TARGET_RETAINS_DISCOMFORT_AREA,NRS 점수가 1~3인 경미한 조건이어도 target이 보고된 불편 부위를 포함하므로 동일 부담·위험을 남길 수 있어 Alternative에서 삭제한다.,,[],normalized/v2_discomfort_alternative_mapping.csv,DOMAIN_REVIEWER,2026-08-24T00:00:00+09:00,DOMAIN_REVIEWER,DOMAIN_APPROVED,exercise-catalog-v2.0.2-draft,d2ff054350b7904b3cb99affb6e656a4a30acba82f81d889a98951928aeb725f,mapping:HIP:NRS_1_3:REX-000069:REX-000025:DISCOMFORT,"{""alternative_target_muscle_code"":""QUADRICEPS"",""body_area_code"":""HIP"",""materialization_version"":""v2-representative-decisions-2026-08-24"",""score_band_code"":""NRS_1_3"",""selection_basis"":""DOMAIN_APPROVED_SCORE_BAND_AND_TARGET_MUSCLE_POLICY"",""source_path"":""normalized/v2_discomfort_alternative_mapping.csv"",""source_relation_key"":""mapping:HIP:NRS_1_3:REX-000069:REX-000025:DISCOMFORT"",""source_target_muscle_code"":""QUADRICEPS""}",DETERMINISTIC_POLICY_V2_0_2,DATA_REVIEW_PIPELINE,REVIEW_REQUIRED,false
ALT-LEGACY-0aa404e0d23d2e07,163,exercise-catalog-v2.0.2-draft|d2ff054350b7904b3cb99affb6e656a4a30acba82f81d889a98951928aeb725f|mapping:HIP:NRS_1_3:REX-000044:REX-000057:DISCOMFORT,DISCOMFORT,SAME_GOAL,,machine_leg_extension_isolation_machine,machine_leg_extension_isolation_machine,REX-000044,REPRESENTATIVE,레그 익스텐션,ISOLATION,"[""KNEE""]","[""HIP""]","[""MACHINE""]","[""GYM""]",BEGINNER,hip_flexion_isolation_bodyweight,hip_flexion_isolation_bodyweight,REX-000057,REPRESENTATIVE,의자 잡고 무릎 들기,ISOLATION,"[""KNEE""]","[""HIP"",""ANKLE_FOOT""]","[""BODYWEIGHT""]","[""HOME"",""GYM""]",BEGINNER,LEGACY_ALTERNATIVE,HIP,NRS_1_3,1,3,MILD,LOAD_REDUCED,PAIN_AREA_INVOLVEMENT_IN_SOURCE_MOVEMENT,"{""discomfort_area_code"":""HIP"",""source_body_area_codes"":[""HIP"",""KNEE""],""source_equipment_codes"":[""MACHINE""],""source_primary_movement_pattern_code"":""ISOLATION""}",true,UNCONFIRMED,true,true,false,true,false,,A_TO_B,NOT_APPLICABLE,REMOVE_RECLASSIFY,REMOVE_UNSAFE_SAME_AREA_TARGET,REMOVE_TARGET_RETAINS_DISCOMFORT_AREA,TARGET_RETAINS_DISCOMFORT_AREA,NRS 점수가 1~3인 경미한 조건이어도 target이 보고된 불편 부위를 포함하므로 동일 부담·위험을 남길 수 있어 Alternative에서 삭제한다.,,[],normalized/v2_discomfort_alternative_mapping.csv,DOMAIN_REVIEWER,2026-08-24T00:00:00+09:00,DOMAIN_REVIEWER,DOMAIN_APPROVED,exercise-catalog-v2.0.2-draft,d2ff054350b7904b3cb99affb6e656a4a30acba82f81d889a98951928aeb725f,mapping:HIP:NRS_1_3:REX-000044:REX-000057:DISCOMFORT,"{""alternative_target_muscle_code"":""QUADRICEPS"",""body_area_code"":""HIP"",""materialization_version"":""v2-representative-decisions-2026-08-24"",""score_band_code"":""NRS_1_3"",""selection_basis"":""DOMAIN_APPROVED_SCORE_BAND_AND_TARGET_MUSCLE_POLICY"",""source_path"":""normalized/v2_discomfort_alternative_mapping.csv"",""source_relation_key"":""mapping:HIP:NRS_1_3:REX-000044:REX-000057:DISCOMFORT"",""source_target_muscle_code"":""QUADRICEPS""}",DETERMINISTIC_POLICY_V2_0_2,DATA_REVIEW_PIPELINE,REVIEW_REQUIRED,false
ALT-LEGACY-50637db7e04b2502,167,exercise-catalog-v2.0.2-draft|d2ff054350b7904b3cb99affb6e656a4a30acba82f81d889a98951928aeb725f|mapping:NECK:NRS_4_6:REX-000045:REX-000009:DISCOMFORT,DISCOMFORT,ACTIVE_RECOVERY,,neck_lateral_stretch_mobility_stretch_bodyweight,neck_lateral_stretch_mobility_stretch_bodyweight,REX-000045,REPRESENTATIVE,목 옆면 스트레칭,MOBILITY_STRETCH,"[""NECK""]","[""SHOULDER""]","[""BODYWEIGHT""]","[""HOME"",""GYM""]",BEGINNER,bodyweight_crunch_core_brace_bodyweight,bodyweight_crunch_core_brace_bodyweight,REX-000009,REPRESENTATIVE,크런치,CORE_BRACE,"[""ABDOMEN""]","[""LOWER_BACK""]","[""BODYWEIGHT""]","[""HOME"",""GYM""]",BEGINNER,LEGACY_ALTERNATIVE,NECK,NRS_4_6,4,6,MODERATE,SKIP_AFFECTED_AREA,PAIN_AREA_INVOLVEMENT_IN_SOURCE_MOVEMENT,"{""discomfort_area_code"":""NECK"",""source_body_area_codes"":[""NECK"",""SHOULDER""],""source_equipment_codes"":[""BODYWEIGHT""],""source_primary_movement_pattern_code"":""MOBILITY_STRETCH""}",true,TARGET_EXCLUDES_DISCOMFORT_AREA,false,true,false,false,false,,A_TO_B,NOT_APPLICABLE,REMOVE_RECLASSIFY,REMOVE_NECK_UNSAFE_TARGET,REMOVE_NECK_TARGET_SAFETY_UNCONFIRMED,NECK_TARGET_SAFETY_UNCONFIRMED,목 불편 조건에서 target의 목 부담 감소가 확인되지 않는 core/bracing 패턴이므로 Alternative에서 제거한다.,,[],normalized/v2_discomfort_alternative_mapping.csv,DOMAIN_REVIEWER,2026-08-24T00:00:00+09:00,DOMAIN_REVIEWER,DOMAIN_APPROVED,exercise-catalog-v2.0.2-draft,d2ff054350b7904b3cb99affb6e656a4a30acba82f81d889a98951928aeb725f,mapping:NECK:NRS_4_6:REX-000045:REX-000009:DISCOMFORT,"{""alternative_target_muscle_code"":""CORE"",""body_area_code"":""NECK"",""materialization_version"":""v2-representative-decisions-2026-08-24"",""score_band_code"":""NRS_4_6"",""selection_basis"":""DOMAIN_APPROVED_SCORE_BAND_AND_TARGET_MUSCLE_POLICY"",""source_path"":""normalized/v2_discomfort_alternative_mapping.csv"",""source_relation_key"":""mapping:NECK:NRS_4_6:REX-000045:REX-000009:DISCOMFORT"",""source_target_muscle_code"":""MOBILITY""}",DETERMINISTIC_POLICY_V2_0_2,DATA_REVIEW_PIPELINE,REVIEW_REQUIRED,false
ALT-LEGACY-d6d5180fa7a9ebc7,169,exercise-catalog-v2.0.2-draft|d2ff054350b7904b3cb99affb6e656a4a30acba82f81d889a98951928aeb725f|mapping:ELBOW:NRS_1_3:REX-000046:REX-000097:DISCOMFORT,DISCOMFORT,SAME_GOAL,,one_arm_wall_lats_isolation_bodyweight,one_arm_wall_lats_isolation_bodyweight,REX-000046,REPRESENTATIVE,벽 짚고 한 팔 광배근 스트레칭,ISOLATION,"[""UPPER_BACK""]","[""SHOULDER"",""ELBOW""]","[""BODYWEIGHT""]","[""HOME"",""GYM""]",BEGINNER,upper_back_isolation_isolation_resistance_band,upper_back_isolation_isolation_resistance_band,REX-000097,REPRESENTATIVE,시티드 밴드 풀어파트,ISOLATION,"[""UPPER_BACK""]","[""SHOULDER"",""ELBOW""]","[""RESISTANCE_BAND""]","[""HOME"",""GYM""]",BEGINNER,LEGACY_ALTERNATIVE,ELBOW,NRS_1_3,1,3,MILD,LOAD_REDUCED,PAIN_AREA_INVOLVEMENT_IN_SOURCE_MOVEMENT,"{""discomfort_area_code"":""ELBOW"",""source_body_area_codes"":[""ELBOW"",""SHOULDER"",""UPPER_BACK""],""source_equipment_codes"":[""BODYWEIGHT""],""source_primary_movement_pattern_code"":""ISOLATION""}",true,UNCONFIRMED,true,true,false,true,false,,A_TO_B,NOT_APPLICABLE,REMOVE_RECLASSIFY,REMOVE_UNSAFE_SAME_AREA_TARGET,REMOVE_TARGET_RETAINS_DISCOMFORT_AREA,TARGET_RETAINS_DISCOMFORT_AREA,NRS 점수가 1~3인 경미한 조건이어도 target이 보고된 불편 부위를 포함하므로 동일 부담·위험을 남길 수 있어 Alternative에서 삭제한다.,,[],normalized/v2_discomfort_alternative_mapping.csv,DOMAIN_REVIEWER,2026-08-24T00:00:00+09:00,DOMAIN_REVIEWER,DOMAIN_APPROVED,exercise-catalog-v2.0.2-draft,d2ff054350b7904b3cb99affb6e656a4a30acba82f81d889a98951928aeb725f,mapping:ELBOW:NRS_1_3:REX-000046:REX-000097:DISCOMFORT,"{""alternative_target_muscle_code"":""BACK"",""body_area_code"":""ELBOW"",""materialization_version"":""v2-representative-decisions-2026-08-24"",""score_band_code"":""NRS_1_3"",""selection_basis"":""DOMAIN_APPROVED_SCORE_BAND_AND_TARGET_MUSCLE_POLICY"",""source_path"":""normalized/v2_discomfort_alternative_mapping.csv"",""source_relation_key"":""mapping:ELBOW:NRS_1_3:REX-000046:REX-000097:DISCOMFORT"",""source_target_muscle_code"":""BACK""}",DETERMINISTIC_POLICY_V2_0_2,DATA_REVIEW_PIPELINE,REVIEW_REQUIRED,false
ALT-LEGACY-585bd8a160b5878b,171,exercise-catalog-v2.0.2-draft|d2ff054350b7904b3cb99affb6e656a4a30acba82f81d889a98951928aeb725f|mapping:ELBOW:NRS_1_3:REX-000047:REX-000019:DISCOMFORT,DISCOMFORT,SAME_GOAL,,overhead_triceps_extension_isolation_barbell,overhead_triceps_extension_isolation_barbell,REX-000047,REPRESENTATIVE,오버헤드 트라이셉스 익스텐션,ISOLATION,"[""ELBOW""]","[""SHOULDER""]","[""BARBELL""]","[""GYM""]",BEGINNER,cable_triceps_pushdown_isolation_cable_machine,cable_triceps_pushdown_isolation_cable_machine,REX-000019,REPRESENTATIVE,케이블 트라이셉스 푸시다운,ISOLATION,"[""ELBOW""]","[""SHOULDER""]","[""CABLE_MACHINE""]","[""GYM""]",INTERMEDIATE,LEGACY_ALTERNATIVE,ELBOW,NRS_1_3,1,3,MILD,LOAD_REDUCED,PAIN_AREA_INVOLVEMENT_IN_SOURCE_MOVEMENT,"{""discomfort_area_code"":""ELBOW"",""source_body_area_codes"":[""ELBOW"",""SHOULDER""],""source_equipment_codes"":[""BARBELL""],""source_primary_movement_pattern_code"":""ISOLATION""}",true,UNCONFIRMED,true,false,false,true,false,,A_TO_B,NOT_APPLICABLE,REMOVE_RECLASSIFY,REMOVE_UNSAFE_SAME_AREA_TARGET,REMOVE_TARGET_RETAINS_DISCOMFORT_AREA,TARGET_RETAINS_DISCOMFORT_AREA,NRS 점수가 1~3인 경미한 조건이어도 target이 보고된 불편 부위를 포함하므로 동일 부담·위험을 남길 수 있어 Alternative에서 삭제한다.,,[],normalized/v2_discomfort_alternative_mapping.csv,DOMAIN_REVIEWER,2026-08-24T00:00:00+09:00,DOMAIN_REVIEWER,DOMAIN_APPROVED,exercise-catalog-v2.0.2-draft,d2ff054350b7904b3cb99affb6e656a4a30acba82f81d889a98951928aeb725f,mapping:ELBOW:NRS_1_3:REX-000047:REX-000019:DISCOMFORT,"{""alternative_target_muscle_code"":""TRICEPS"",""body_area_code"":""ELBOW"",""materialization_version"":""v2-representative-decisions-2026-08-24"",""score_band_code"":""NRS_1_3"",""selection_basis"":""DOMAIN_APPROVED_SCORE_BAND_AND_TARGET_MUSCLE_POLICY"",""source_path"":""normalized/v2_discomfort_alternative_mapping.csv"",""source_relation_key"":""mapping:ELBOW:NRS_1_3:REX-000047:REX-000019:DISCOMFORT"",""source_target_muscle_code"":""TRICEPS""}",DETERMINISTIC_POLICY_V2_0_2,DATA_REVIEW_PIPELINE,REVIEW_REQUIRED,false
ALT-LEGACY-d6e4217a6ee26c49,175,exercise-catalog-v2.0.2-draft|d2ff054350b7904b3cb99affb6e656a4a30acba82f81d889a98951928aeb725f|NEX-000182:NEX-000028:CONSTRAINT,LOCATION,HORIZONTAL_PUSH_STRENGTH,CONSTRAINT,pectorals_horizontal_push_horizontal_push_machine,pectorals_horizontal_push_horizontal_push_machine,REX-000049,REPRESENTATIVE,체스트 프레스,HORIZONTAL_PUSH,"[""CHEST""]","[""SHOULDER"",""ELBOW""]","[""MACHINE""]","[""GYM""]",BEGINNER,close_grip_push_up_horizontal_push_bodyweight,close_grip_push_up_horizontal_push_bodyweight,REX-000022,REPRESENTATIVE,클로즈 그립 푸시업,HORIZONTAL_PUSH,"[""ELBOW"",""CHEST""]","[""SHOULDER"",""ABDOMEN""]","[""BODYWEIGHT""]","[""HOME"",""GYM""]",BEGINNER,LEGACY_ALTERNATIVE,,,,,,,PAIN_AREA_INVOLVEMENT_IN_SOURCE_MOVEMENT,"{""discomfort_area_code"":"""",""source_body_area_codes"":[""CHEST"",""ELBOW"",""SHOULDER""],""source_equipment_codes"":[""MACHINE""],""source_primary_movement_pattern_code"":""HORIZONTAL_PUSH""}",false,TARGET_EXCLUDES_DISCOMFORT_AREA,false,true,false,true,false,,A_TO_B,NOT_APPLICABLE,REMOVE_RECLASSIFY,REMOVE_FROM_ALTERNATIVE_SET,RECLASSIFY_CONTEXT_DEFAULT,NO_DISCOMFORT_CONDITION,통증·불편 조건이 없는 관계이므로 Alternative에서 제거하고 다른 관계 체계로 보낸다.,,[],generated/exercise-alternatives-v0.3.0/alternative_relationships.csv,DOMAIN_REVIEWER,2026-08-24T00:00:00+09:00,DOMAIN_REVIEWER,DOMAIN_APPROVED,exercise-catalog-v2.0.2-draft,d2ff054350b7904b3cb99affb6e656a4a30acba82f81d889a98951928aeb725f,NEX-000182:NEX-000028:CONSTRAINT,"{""legacy_relationship_type"":""CONSTRAINT"",""materialization_version"":""v2-representative-decisions-2026-08-24"",""selection_basis"":""REX_ENDPOINT_AND_V2_CATALOG_RECHECK"",""source_path"":""generated/exercise-alternatives-v0.3.0/alternative_relationships.csv"",""source_relation_key"":""NEX-000182:NEX-000028:CONSTRAINT""}",DETERMINISTIC_POLICY_V2_0_2,DATA_REVIEW_PIPELINE,REVIEW_REQUIRED,false
ALT-LEGACY-11e28238d3ff7fda,176,exercise-catalog-v2.0.2-draft|d2ff054350b7904b3cb99affb6e656a4a30acba82f81d889a98951928aeb725f|mapping:CHEST:NRS_1_3:REX-000049:REX-000052:DISCOMFORT,DISCOMFORT,SAME_GOAL,,pectorals_horizontal_push_horizontal_push_machine,pectorals_horizontal_push_horizontal_push_machine,REX-000049,REPRESENTATIVE,체스트 프레스,HORIZONTAL_PUSH,"[""CHEST""]","[""SHOULDER"",""ELBOW""]","[""MACHINE""]","[""GYM""]",BEGINNER,push_up_horizontal_push_bodyweight,push_up_horizontal_push_bodyweight,REX-000052,REPRESENTATIVE,푸시업,HORIZONTAL_PUSH,"[""CHEST""]","[""SHOULDER"",""ELBOW""]","[""BODYWEIGHT""]","[""HOME"",""GYM""]",BEGINNER,LEGACY_ALTERNATIVE,CHEST,NRS_1_3,1,3,MILD,LOAD_REDUCED,PAIN_AREA_INVOLVEMENT_IN_SOURCE_MOVEMENT,"{""discomfort_area_code"":""CHEST"",""source_body_area_codes"":[""CHEST"",""ELBOW"",""SHOULDER""],""source_equipment_codes"":[""MACHINE""],""source_primary_movement_pattern_code"":""HORIZONTAL_PUSH""}",true,UNCONFIRMED,true,true,false,true,false,,A_TO_B,NOT_APPLICABLE,REMOVE_RECLASSIFY,REMOVE_UNSAFE_SAME_AREA_TARGET,REMOVE_TARGET_RETAINS_DISCOMFORT_AREA,TARGET_RETAINS_DISCOMFORT_AREA,NRS 점수가 1~3인 경미한 조건이어도 target이 보고된 불편 부위를 포함하므로 동일 부담·위험을 남길 수 있어 Alternative에서 삭제한다.,,[],normalized/v2_discomfort_alternative_mapping.csv,DOMAIN_REVIEWER,2026-08-24T00:00:00+09:00,DOMAIN_REVIEWER,DOMAIN_APPROVED,exercise-catalog-v2.0.2-draft,d2ff054350b7904b3cb99affb6e656a4a30acba82f81d889a98951928aeb725f,mapping:CHEST:NRS_1_3:REX-000049:REX-000052:DISCOMFORT,"{""alternative_target_muscle_code"":""CHEST"",""body_area_code"":""CHEST"",""materialization_version"":""v2-representative-decisions-2026-08-24"",""score_band_code"":""NRS_1_3"",""selection_basis"":""DOMAIN_APPROVED_SCORE_BAND_AND_TARGET_MUSCLE_POLICY"",""source_path"":""normalized/v2_discomfort_alternative_mapping.csv"",""source_relation_key"":""mapping:CHEST:NRS_1_3:REX-000049:REX-000052:DISCOMFORT"",""source_target_muscle_code"":""CHEST""}",DETERMINISTIC_POLICY_V2_0_2,DATA_REVIEW_PIPELINE,REVIEW_REQUIRED,false
ALT-LEGACY-fdc5d072a91f1098,177,exercise-catalog-v2.0.2-draft|d2ff054350b7904b3cb99affb6e656a4a30acba82f81d889a98951928aeb725f|NEX-000182:NEX-000074:CONSTRAINT,LOCATION,HORIZONTAL_PUSH_STRENGTH,CONSTRAINT,pectorals_horizontal_push_horizontal_push_machine,pectorals_horizontal_push_horizontal_push_machine,REX-000049,REPRESENTATIVE,체스트 프레스,HORIZONTAL_PUSH,"[""CHEST""]","[""SHOULDER"",""ELBOW""]","[""MACHINE""]","[""GYM""]",BEGINNER,push_up_horizontal_push_bodyweight,push_up_horizontal_push_bodyweight,REX-000052,REPRESENTATIVE,푸시업,HORIZONTAL_PUSH,"[""CHEST""]","[""SHOULDER"",""ELBOW""]","[""BODYWEIGHT""]","[""HOME"",""GYM""]",BEGINNER,LEGACY_ALTERNATIVE,,,,,,,PAIN_AREA_INVOLVEMENT_IN_SOURCE_MOVEMENT,"{""discomfort_area_code"":"""",""source_body_area_codes"":[""CHEST"",""ELBOW"",""SHOULDER""],""source_equipment_codes"":[""MACHINE""],""source_primary_movement_pattern_code"":""HORIZONTAL_PUSH""}",false,TARGET_EXCLUDES_DISCOMFORT_AREA,false,true,false,true,false,,A_TO_B,NOT_APPLICABLE,REMOVE_RECLASSIFY,REMOVE_FROM_ALTERNATIVE_SET,RECLASSIFY_CONTEXT_DEFAULT,NO_DISCOMFORT_CONDITION,통증·불편 조건이 없는 관계이므로 Alternative에서 제거하고 다른 관계 체계로 보낸다.,,[],generated/exercise-alternatives-v0.3.0/alternative_relationships.csv,DOMAIN_REVIEWER,2026-08-24T00:00:00+09:00,DOMAIN_REVIEWER,DOMAIN_APPROVED,exercise-catalog-v2.0.2-draft,d2ff054350b7904b3cb99affb6e656a4a30acba82f81d889a98951928aeb725f,NEX-000182:NEX-000074:CONSTRAINT,"{""legacy_relationship_type"":""CONSTRAINT"",""materialization_version"":""v2-representative-decisions-2026-08-24"",""selection_basis"":""REX_ENDPOINT_AND_V2_CATALOG_RECHECK"",""source_path"":""generated/exercise-alternatives-v0.3.0/alternative_relationships.csv"",""source_relation_key"":""NEX-000182:NEX-000074:CONSTRAINT""}",DETERMINISTIC_POLICY_V2_0_2,DATA_REVIEW_PIPELINE,REVIEW_REQUIRED,false
ALT-LEGACY-6bad179961decaf9,178,exercise-catalog-v2.0.2-draft|d2ff054350b7904b3cb99affb6e656a4a30acba82f81d889a98951928aeb725f|mapping:ANKLE_FOOT:NRS_1_3:REX-000050:REX-000003:DISCOMFORT,DISCOMFORT,SAME_GOAL,,peroneal_stretch_mobility_stretch_stretch_strap,peroneal_stretch_mobility_stretch_stretch_strap,REX-000050,REPRESENTATIVE,종아리 바깥쪽 스트레칭,MOBILITY_STRETCH,"[""ANKLE_FOOT""]","[""KNEE""]","[""STRETCH_STRAP""]","[""GYM""]",INTERMEDIATE,ankle_circles_mobility_stretch_bodyweight,ankle_circles_mobility_stretch_bodyweight,REX-000003,REPRESENTATIVE,발목 돌리기,MOBILITY_STRETCH,"[""ANKLE_FOOT""]","[""KNEE""]","[""BODYWEIGHT""]","[""HOME"",""GYM""]",BEGINNER,LEGACY_ALTERNATIVE,ANKLE_FOOT,NRS_1_3,1,3,MILD,LOAD_REDUCED,PAIN_AREA_INVOLVEMENT_IN_SOURCE_MOVEMENT,"{""discomfort_area_code"":""ANKLE_FOOT"",""source_body_area_codes"":[""ANKLE_FOOT"",""KNEE""],""source_equipment_codes"":[""STRETCH_STRAP""],""source_primary_movement_pattern_code"":""MOBILITY_STRETCH""}",true,UNCONFIRMED,true,true,false,true,false,,A_TO_B,NOT_APPLICABLE,REMOVE_RECLASSIFY,REMOVE_UNSAFE_SAME_AREA_TARGET,REMOVE_TARGET_RETAINS_DISCOMFORT_AREA,TARGET_RETAINS_DISCOMFORT_AREA,NRS 점수가 1~3인 경미한 조건이어도 target이 보고된 불편 부위를 포함하므로 동일 부담·위험을 남길 수 있어 Alternative에서 삭제한다.,,[],normalized/v2_discomfort_alternative_mapping.csv,DOMAIN_REVIEWER,2026-08-24T00:00:00+09:00,DOMAIN_REVIEWER,DOMAIN_APPROVED,exercise-catalog-v2.0.2-draft,d2ff054350b7904b3cb99affb6e656a4a30acba82f81d889a98951928aeb725f,mapping:ANKLE_FOOT:NRS_1_3:REX-000050:REX-000003:DISCOMFORT,"{""alternative_target_muscle_code"":""MOBILITY"",""body_area_code"":""ANKLE_FOOT"",""materialization_version"":""v2-representative-decisions-2026-08-24"",""score_band_code"":""NRS_1_3"",""selection_basis"":""DOMAIN_APPROVED_SCORE_BAND_AND_TARGET_MUSCLE_POLICY"",""source_path"":""normalized/v2_discomfort_alternative_mapping.csv"",""source_relation_key"":""mapping:ANKLE_FOOT:NRS_1_3:REX-000050:REX-000003:DISCOMFORT"",""source_target_muscle_code"":""MOBILITY""}",DETERMINISTIC_POLICY_V2_0_2,DATA_REVIEW_PIPELINE,REVIEW_REQUIRED,false
ALT-LEGACY-32ca43b5e598fec1,180,exercise-catalog-v2.0.2-draft|d2ff054350b7904b3cb99affb6e656a4a30acba82f81d889a98951928aeb725f|NEX-000123:NEX-000124:CONSTRAINT,EQUIPMENT,MOBILITY_CALF,CONSTRAINT,peroneal_stretch_mobility_stretch_stretch_strap,peroneal_stretch_mobility_stretch_stretch_strap,REX-000050,REPRESENTATIVE,종아리 바깥쪽 스트레칭,MOBILITY_STRETCH,"[""ANKLE_FOOT""]","[""KNEE""]","[""STRETCH_STRAP""]","[""GYM""]",INTERMEDIATE,seated_calf_stretch_mobility_stretch_bodyweight,seated_calf_stretch_mobility_stretch_bodyweight,REX-000081,REPRESENTATIVE,앉아서 종아리 스트레칭,MOBILITY_STRETCH,"[""ANKLE_FOOT""]","[""KNEE""]","[""BODYWEIGHT""]","[""HOME"",""GYM""]",BEGINNER,LEGACY_ALTERNATIVE,,,,,,,PAIN_AREA_INVOLVEMENT_IN_SOURCE_MOVEMENT,"{""discomfort_area_code"":"""",""source_body_area_codes"":[""ANKLE_FOOT"",""KNEE""],""source_equipment_codes"":[""STRETCH_STRAP""],""source_primary_movement_pattern_code"":""MOBILITY_STRETCH""}",false,TARGET_EXCLUDES_DISCOMFORT_AREA,false,true,false,true,false,,A_TO_B,NOT_APPLICABLE,REMOVE_RECLASSIFY,REMOVE_FROM_ALTERNATIVE_SET,RECLASSIFY_VARIANT,NO_DISCOMFORT_CONDITION,통증·불편 조건이 없는 관계이므로 Alternative에서 제거하고 다른 관계 체계로 보낸다.,,[],generated/exercise-alternatives-v0.3.0/alternative_relationships.csv,DOMAIN_REVIEWER,2026-08-24T00:00:00+09:00,DOMAIN_REVIEWER,DOMAIN_APPROVED,exercise-catalog-v2.0.2-draft,d2ff054350b7904b3cb99affb6e656a4a30acba82f81d889a98951928aeb725f,NEX-000123:NEX-000124:CONSTRAINT,"{""legacy_relationship_type"":""CONSTRAINT"",""materialization_version"":""v2-representative-decisions-2026-08-24"",""selection_basis"":""REX_ENDPOINT_AND_V2_CATALOG_RECHECK"",""source_path"":""generated/exercise-alternatives-v0.3.0/alternative_relationships.csv"",""source_relation_key"":""NEX-000123:NEX-000124:CONSTRAINT""}",DETERMINISTIC_POLICY_V2_0_2,DATA_REVIEW_PIPELINE,REVIEW_REQUIRED,false
ALT-LEGACY-7f2e39f49c8d449b,181,exercise-catalog-v2.0.2-draft|d2ff054350b7904b3cb99affb6e656a4a30acba82f81d889a98951928aeb725f|NEX-000123:NEX-000119:CONSTRAINT,EQUIPMENT,MOBILITY_CALF,CONSTRAINT,peroneal_stretch_mobility_stretch_stretch_strap,peroneal_stretch_mobility_stretch_stretch_strap,REX-000050,REPRESENTATIVE,종아리 바깥쪽 스트레칭,MOBILITY_STRETCH,"[""ANKLE_FOOT""]","[""KNEE""]","[""STRETCH_STRAP""]","[""GYM""]",INTERMEDIATE,wall_calf_stretch_mobility_stretch_bodyweight,wall_calf_stretch_mobility_stretch_bodyweight,REX-000099,REPRESENTATIVE,벽 짚고 종아리 스트레칭,MOBILITY_STRETCH,"[""ANKLE_FOOT""]","[""KNEE""]","[""BODYWEIGHT""]","[""HOME"",""GYM""]",BEGINNER,LEGACY_ALTERNATIVE,,,,,,,PAIN_AREA_INVOLVEMENT_IN_SOURCE_MOVEMENT,"{""discomfort_area_code"":"""",""source_body_area_codes"":[""ANKLE_FOOT"",""KNEE""],""source_equipment_codes"":[""STRETCH_STRAP""],""source_primary_movement_pattern_code"":""MOBILITY_STRETCH""}",false,TARGET_EXCLUDES_DISCOMFORT_AREA,false,true,false,true,false,,A_TO_B,NOT_APPLICABLE,REMOVE_RECLASSIFY,REMOVE_FROM_ALTERNATIVE_SET,RECLASSIFY_VARIANT,NO_DISCOMFORT_CONDITION,통증·불편 조건이 없는 관계이므로 Alternative에서 제거하고 다른 관계 체계로 보낸다.,,[],generated/exercise-alternatives-v0.3.0/alternative_relationships.csv,DOMAIN_REVIEWER,2026-08-24T00:00:00+09:00,DOMAIN_REVIEWER,DOMAIN_APPROVED,exercise-catalog-v2.0.2-draft,d2ff054350b7904b3cb99affb6e656a4a30acba82f81d889a98951928aeb725f,NEX-000123:NEX-000119:CONSTRAINT,"{""legacy_relationship_type"":""CONSTRAINT"",""materialization_version"":""v2-representative-decisions-2026-08-24"",""selection_basis"":""REX_ENDPOINT_AND_V2_CATALOG_RECHECK"",""source_path"":""generated/exercise-alternatives-v0.3.0/alternative_relationships.csv"",""source_relation_key"":""NEX-000123:NEX-000119:CONSTRAINT""}",DETERMINISTIC_POLICY_V2_0_2,DATA_REVIEW_PIPELINE,REVIEW_REQUIRED,false
ALT-LEGACY-ada12b19430dc86f,182,exercise-catalog-v2.0.2-draft|d2ff054350b7904b3cb99affb6e656a4a30acba82f81d889a98951928aeb725f|mapping:ABDOMEN:NRS_1_3:REX-000051:REX-000009:DISCOMFORT,DISCOMFORT,SAME_GOAL,,plank_rotation_core_brace_bodyweight,plank_rotation_core_brace_bodyweight,REX-000051,REPRESENTATIVE,플랭크 로테이션,CORE_BRACE,"[""ABDOMEN""]","[""LOWER_BACK""]","[""BODYWEIGHT""]","[""HOME"",""GYM""]",INTERMEDIATE,bodyweight_crunch_core_brace_bodyweight,bodyweight_crunch_core_brace_bodyweight,REX-000009,REPRESENTATIVE,크런치,CORE_BRACE,"[""ABDOMEN""]","[""LOWER_BACK""]","[""BODYWEIGHT""]","[""HOME"",""GYM""]",BEGINNER,LEGACY_ALTERNATIVE,ABDOMEN,NRS_1_3,1,3,MILD,LOAD_REDUCED,PAIN_AREA_INVOLVEMENT_IN_SOURCE_MOVEMENT,"{""discomfort_area_code"":""ABDOMEN"",""source_body_area_codes"":[""ABDOMEN"",""LOWER_BACK""],""source_equipment_codes"":[""BODYWEIGHT""],""source_primary_movement_pattern_code"":""CORE_BRACE""}",true,UNCONFIRMED,true,true,false,true,false,,A_TO_B,NOT_APPLICABLE,REMOVE_RECLASSIFY,REMOVE_UNSAFE_SAME_AREA_TARGET,REMOVE_TARGET_RETAINS_DISCOMFORT_AREA,TARGET_RETAINS_DISCOMFORT_AREA,NRS 점수가 1~3인 경미한 조건이어도 target이 보고된 불편 부위를 포함하므로 동일 부담·위험을 남길 수 있어 Alternative에서 삭제한다.,,[],normalized/v2_discomfort_alternative_mapping.csv,DOMAIN_REVIEWER,2026-08-24T00:00:00+09:00,DOMAIN_REVIEWER,DOMAIN_APPROVED,exercise-catalog-v2.0.2-draft,d2ff054350b7904b3cb99affb6e656a4a30acba82f81d889a98951928aeb725f,mapping:ABDOMEN:NRS_1_3:REX-000051:REX-000009:DISCOMFORT,"{""alternative_target_muscle_code"":""CORE"",""body_area_code"":""ABDOMEN"",""materialization_version"":""v2-representative-decisions-2026-08-24"",""score_band_code"":""NRS_1_3"",""selection_basis"":""DOMAIN_APPROVED_SCORE_BAND_AND_TARGET_MUSCLE_POLICY"",""source_path"":""normalized/v2_discomfort_alternative_mapping.csv"",""source_relation_key"":""mapping:ABDOMEN:NRS_1_3:REX-000051:REX-000009:DISCOMFORT"",""source_target_muscle_code"":""CORE""}",DETERMINISTIC_POLICY_V2_0_2,DATA_REVIEW_PIPELINE,REVIEW_REQUIRED,false
ALT-LEGACY-ecae207271fa7343,185,exercise-catalog-v2.0.2-draft|d2ff054350b7904b3cb99affb6e656a4a30acba82f81d889a98951928aeb725f|mapping:CHEST:NRS_1_3:REX-000052:REX-000049:DISCOMFORT,DISCOMFORT,SAME_GOAL,,push_up_horizontal_push_bodyweight,push_up_horizontal_push_bodyweight,REX-000052,REPRESENTATIVE,푸시업,HORIZONTAL_PUSH,"[""CHEST""]","[""SHOULDER"",""ELBOW""]","[""BODYWEIGHT""]","[""HOME"",""GYM""]",BEGINNER,pectorals_horizontal_push_horizontal_push_machine,pectorals_horizontal_push_horizontal_push_machine,REX-000049,REPRESENTATIVE,체스트 프레스,HORIZONTAL_PUSH,"[""CHEST""]","[""SHOULDER"",""ELBOW""]","[""MACHINE""]","[""GYM""]",BEGINNER,LEGACY_ALTERNATIVE,CHEST,NRS_1_3,1,3,MILD,LOAD_REDUCED,PAIN_AREA_INVOLVEMENT_IN_SOURCE_MOVEMENT,"{""discomfort_area_code"":""CHEST"",""source_body_area_codes"":[""CHEST"",""ELBOW"",""SHOULDER""],""source_equipment_codes"":[""BODYWEIGHT""],""source_primary_movement_pattern_code"":""HORIZONTAL_PUSH""}",true,UNCONFIRMED,true,true,false,true,false,,A_TO_B,NOT_APPLICABLE,REMOVE_RECLASSIFY,REMOVE_UNSAFE_SAME_AREA_TARGET,REMOVE_TARGET_RETAINS_DISCOMFORT_AREA,TARGET_RETAINS_DISCOMFORT_AREA,NRS 점수가 1~3인 경미한 조건이어도 target이 보고된 불편 부위를 포함하므로 동일 부담·위험을 남길 수 있어 Alternative에서 삭제한다.,,[],normalized/v2_discomfort_alternative_mapping.csv,DOMAIN_REVIEWER,2026-08-24T00:00:00+09:00,DOMAIN_REVIEWER,DOMAIN_APPROVED,exercise-catalog-v2.0.2-draft,d2ff054350b7904b3cb99affb6e656a4a30acba82f81d889a98951928aeb725f,mapping:CHEST:NRS_1_3:REX-000052:REX-000049:DISCOMFORT,"{""alternative_target_muscle_code"":""CHEST"",""body_area_code"":""CHEST"",""materialization_version"":""v2-representative-decisions-2026-08-24"",""score_band_code"":""NRS_1_3"",""selection_basis"":""DOMAIN_APPROVED_SCORE_BAND_AND_TARGET_MUSCLE_POLICY"",""source_path"":""normalized/v2_discomfort_alternative_mapping.csv"",""source_relation_key"":""mapping:CHEST:NRS_1_3:REX-000052:REX-000049:DISCOMFORT"",""source_target_muscle_code"":""CHEST""}",DETERMINISTIC_POLICY_V2_0_2,DATA_REVIEW_PIPELINE,REVIEW_REQUIRED,false
ALT-LEGACY-ce7963556d2264e2,189,exercise-catalog-v2.0.2-draft|d2ff054350b7904b3cb99affb6e656a4a30acba82f81d889a98951928aeb725f|mapping:ANKLE_FOOT:NRS_1_3:REX-000054:REX-000016:DISCOMFORT,DISCOMFORT,SAME_GOAL,,reverse_calf_raise_isolation_resistance_band,reverse_calf_raise_isolation_resistance_band,REX-000054,REPRESENTATIVE,리버스 카프 레이즈,ISOLATION,"[""ANKLE_FOOT""]","[""KNEE""]","[""RESISTANCE_BAND""]","[""HOME"",""GYM""]",INTERMEDIATE,bodyweight_standing_calf_raise_isolation_bodyweight,bodyweight_standing_calf_raise_isolation_bodyweight,REX-000016,REPRESENTATIVE,스탠딩 카프 레이즈,ISOLATION,"[""ANKLE_FOOT""]","[""KNEE""]","[""BODYWEIGHT""]","[""HOME"",""GYM""]",BEGINNER,LEGACY_ALTERNATIVE,ANKLE_FOOT,NRS_1_3,1,3,MILD,LOAD_REDUCED,PAIN_AREA_INVOLVEMENT_IN_SOURCE_MOVEMENT,"{""discomfort_area_code"":""ANKLE_FOOT"",""source_body_area_codes"":[""ANKLE_FOOT"",""KNEE""],""source_equipment_codes"":[""RESISTANCE_BAND""],""source_primary_movement_pattern_code"":""ISOLATION""}",true,UNCONFIRMED,true,true,false,true,false,,A_TO_B,NOT_APPLICABLE,REMOVE_RECLASSIFY,REMOVE_UNSAFE_SAME_AREA_TARGET,REMOVE_TARGET_RETAINS_DISCOMFORT_AREA,TARGET_RETAINS_DISCOMFORT_AREA,NRS 점수가 1~3인 경미한 조건이어도 target이 보고된 불편 부위를 포함하므로 동일 부담·위험을 남길 수 있어 Alternative에서 삭제한다.,,[],normalized/v2_discomfort_alternative_mapping.csv,DOMAIN_REVIEWER,2026-08-24T00:00:00+09:00,DOMAIN_REVIEWER,DOMAIN_APPROVED,exercise-catalog-v2.0.2-draft,d2ff054350b7904b3cb99affb6e656a4a30acba82f81d889a98951928aeb725f,mapping:ANKLE_FOOT:NRS_1_3:REX-000054:REX-000016:DISCOMFORT,"{""alternative_target_muscle_code"":""CALVES"",""body_area_code"":""ANKLE_FOOT"",""materialization_version"":""v2-representative-decisions-2026-08-24"",""score_band_code"":""NRS_1_3"",""selection_basis"":""DOMAIN_APPROVED_SCORE_BAND_AND_TARGET_MUSCLE_POLICY"",""source_path"":""normalized/v2_discomfort_alternative_mapping.csv"",""source_relation_key"":""mapping:ANKLE_FOOT:NRS_1_3:REX-000054:REX-000016:DISCOMFORT"",""source_target_muscle_code"":""CALVES""}",DETERMINISTIC_POLICY_V2_0_2,DATA_REVIEW_PIPELINE,REVIEW_REQUIRED,false
ALT-LEGACY-50e684b6519c2994,190,exercise-catalog-v2.0.2-draft|d2ff054350b7904b3cb99affb6e656a4a30acba82f81d889a98951928aeb725f|NEX-000085:NEX-000058:CONSTRAINT,EQUIPMENT,ISOLATION_CALF_RAISE,CONSTRAINT,reverse_calf_raise_isolation_resistance_band,reverse_calf_raise_isolation_resistance_band,REX-000054,REPRESENTATIVE,리버스 카프 레이즈,ISOLATION,"[""ANKLE_FOOT""]","[""KNEE""]","[""RESISTANCE_BAND""]","[""HOME"",""GYM""]",INTERMEDIATE,bodyweight_standing_calf_raise_isolation_bodyweight,bodyweight_standing_calf_raise_isolation_bodyweight,REX-000016,REPRESENTATIVE,스탠딩 카프 레이즈,ISOLATION,"[""ANKLE_FOOT""]","[""KNEE""]","[""BODYWEIGHT""]","[""HOME"",""GYM""]",BEGINNER,LEGACY_ALTERNATIVE,,,,,,,PAIN_AREA_INVOLVEMENT_IN_SOURCE_MOVEMENT,"{""discomfort_area_code"":"""",""source_body_area_codes"":[""ANKLE_FOOT"",""KNEE""],""source_equipment_codes"":[""RESISTANCE_BAND""],""source_primary_movement_pattern_code"":""ISOLATION""}",false,TARGET_EXCLUDES_DISCOMFORT_AREA,false,true,false,true,false,,A_TO_B,NOT_APPLICABLE,REMOVE_RECLASSIFY,REMOVE_FROM_ALTERNATIVE_SET,RECLASSIFY_VARIANT,NO_DISCOMFORT_CONDITION,통증·불편 조건이 없는 관계이므로 Alternative에서 제거하고 다른 관계 체계로 보낸다.,,[],generated/exercise-alternatives-v0.3.0/alternative_relationships.csv,DOMAIN_REVIEWER,2026-08-24T00:00:00+09:00,DOMAIN_REVIEWER,DOMAIN_APPROVED,exercise-catalog-v2.0.2-draft,d2ff054350b7904b3cb99affb6e656a4a30acba82f81d889a98951928aeb725f,NEX-000085:NEX-000058:CONSTRAINT,"{""legacy_relationship_type"":""CONSTRAINT"",""materialization_version"":""v2-representative-decisions-2026-08-24"",""selection_basis"":""REX_ENDPOINT_AND_V2_CATALOG_RECHECK"",""source_path"":""generated/exercise-alternatives-v0.3.0/alternative_relationships.csv"",""source_relation_key"":""NEX-000085:NEX-000058:CONSTRAINT""}",DETERMINISTIC_POLICY_V2_0_2,DATA_REVIEW_PIPELINE,REVIEW_REQUIRED,false
ALT-LEGACY-7efe2473847b0d59,191,exercise-catalog-v2.0.2-draft|d2ff054350b7904b3cb99affb6e656a4a30acba82f81d889a98951928aeb725f|NEX-000085:NEX-000120:CONSTRAINT,LOCATION,ISOLATION_CALF_RAISE,CONSTRAINT,reverse_calf_raise_isolation_resistance_band,reverse_calf_raise_isolation_resistance_band,REX-000054,REPRESENTATIVE,리버스 카프 레이즈,ISOLATION,"[""ANKLE_FOOT""]","[""KNEE""]","[""RESISTANCE_BAND""]","[""HOME"",""GYM""]",INTERMEDIATE,seated_calf_raise_isolation_barbell,seated_calf_raise_isolation_barbell,REX-000080,REPRESENTATIVE,시티드 카프 레이즈,ISOLATION,"[""ANKLE_FOOT""]","[""KNEE""]","[""BARBELL""]","[""GYM""]",BEGINNER,LEGACY_ALTERNATIVE,,,,,,,PAIN_AREA_INVOLVEMENT_IN_SOURCE_MOVEMENT,"{""discomfort_area_code"":"""",""source_body_area_codes"":[""ANKLE_FOOT"",""KNEE""],""source_equipment_codes"":[""RESISTANCE_BAND""],""source_primary_movement_pattern_code"":""ISOLATION""}",false,TARGET_EXCLUDES_DISCOMFORT_AREA,false,true,false,true,false,,A_TO_B,NOT_APPLICABLE,REMOVE_RECLASSIFY,REMOVE_FROM_ALTERNATIVE_SET,RECLASSIFY_CONTEXT_DEFAULT,NO_DISCOMFORT_CONDITION,통증·불편 조건이 없는 관계이므로 Alternative에서 제거하고 다른 관계 체계로 보낸다.,,[],generated/exercise-alternatives-v0.3.0/alternative_relationships.csv,DOMAIN_REVIEWER,2026-08-24T00:00:00+09:00,DOMAIN_REVIEWER,DOMAIN_APPROVED,exercise-catalog-v2.0.2-draft,d2ff054350b7904b3cb99affb6e656a4a30acba82f81d889a98951928aeb725f,NEX-000085:NEX-000120:CONSTRAINT,"{""legacy_relationship_type"":""CONSTRAINT"",""materialization_version"":""v2-representative-decisions-2026-08-24"",""selection_basis"":""REX_ENDPOINT_AND_V2_CATALOG_RECHECK"",""source_path"":""generated/exercise-alternatives-v0.3.0/alternative_relationships.csv"",""source_relation_key"":""NEX-000085:NEX-000120:CONSTRAINT""}",DETERMINISTIC_POLICY_V2_0_2,DATA_REVIEW_PIPELINE,REVIEW_REQUIRED,false
ALT-LEGACY-644a876439c1c662,193,exercise-catalog-v2.0.2-draft|d2ff054350b7904b3cb99affb6e656a4a30acba82f81d889a98951928aeb725f|NEX-000006:NEX-000141:CONSTRAINT,LOCATION,ISOLATION_ELBOW_FLEXION,CONSTRAINT,reverse_wrist_curl_isolation_barbell,reverse_wrist_curl_isolation_barbell,REX-000055,REPRESENTATIVE,리버스 리스트 컬,ISOLATION,"[""WRIST_HAND""]","[""ELBOW""]","[""BARBELL""]","[""GYM""]",BEGINNER,dumbbell_preacher_curl_isolation_dumbbell,dumbbell_preacher_curl_isolation_dumbbell,REX-000027,REPRESENTATIVE,프리처 컬,ISOLATION,"[""ELBOW""]","[""WRIST_HAND""]","[""DUMBBELL""]","[""HOME"",""GYM""]",BEGINNER,LEGACY_ALTERNATIVE,,,,,,,PAIN_AREA_INVOLVEMENT_IN_SOURCE_MOVEMENT,"{""discomfort_area_code"":"""",""source_body_area_codes"":[""ELBOW"",""WRIST_HAND""],""source_equipment_codes"":[""BARBELL""],""source_primary_movement_pattern_code"":""ISOLATION""}",false,TARGET_EXCLUDES_DISCOMFORT_AREA,false,true,false,true,false,,A_TO_B,NOT_APPLICABLE,REMOVE_RECLASSIFY,REMOVE_FROM_ALTERNATIVE_SET,RECLASSIFY_CONTEXT_DEFAULT,NO_DISCOMFORT_CONDITION,통증·불편 조건이 없는 관계이므로 Alternative에서 제거하고 다른 관계 체계로 보낸다.,,[],generated/exercise-alternatives-v0.3.0/alternative_relationships.csv,DOMAIN_REVIEWER,2026-08-24T00:00:00+09:00,DOMAIN_REVIEWER,DOMAIN_APPROVED,exercise-catalog-v2.0.2-draft,d2ff054350b7904b3cb99affb6e656a4a30acba82f81d889a98951928aeb725f,NEX-000006:NEX-000141:CONSTRAINT,"{""legacy_relationship_type"":""CONSTRAINT"",""materialization_version"":""v2-representative-decisions-2026-08-24"",""selection_basis"":""REX_ENDPOINT_AND_V2_CATALOG_RECHECK"",""source_path"":""generated/exercise-alternatives-v0.3.0/alternative_relationships.csv"",""source_relation_key"":""NEX-000006:NEX-000141:CONSTRAINT""}",DETERMINISTIC_POLICY_V2_0_2,DATA_REVIEW_PIPELINE,REVIEW_REQUIRED,false
ALT-LEGACY-7b9fa62ab6578346,194,exercise-catalog-v2.0.2-draft|d2ff054350b7904b3cb99affb6e656a4a30acba82f81d889a98951928aeb725f|NEX-000045:NEX-000059:CONSTRAINT,LOCATION,ISOLATION_ELBOW_FLEXION,CONSTRAINT,reverse_wrist_curl_isolation_barbell,reverse_wrist_curl_isolation_barbell,REX-000055,REPRESENTATIVE,리버스 리스트 컬,ISOLATION,"[""WRIST_HAND""]","[""ELBOW""]","[""BARBELL""]","[""GYM""]",BEGINNER,dumbbell_standing_curl_isolation_dumbbell,dumbbell_standing_curl_isolation_dumbbell,REX-000030,REPRESENTATIVE,덤벨 바이셉스 컬,ISOLATION,"[""ELBOW""]","[""WRIST_HAND""]","[""DUMBBELL""]","[""HOME"",""GYM""]",BEGINNER,LEGACY_ALTERNATIVE,,,,,,,PAIN_AREA_INVOLVEMENT_IN_SOURCE_MOVEMENT,"{""discomfort_area_code"":"""",""source_body_area_codes"":[""ELBOW"",""WRIST_HAND""],""source_equipment_codes"":[""BARBELL""],""source_primary_movement_pattern_code"":""ISOLATION""}",false,TARGET_EXCLUDES_DISCOMFORT_AREA,false,true,false,true,false,,A_TO_B,NOT_APPLICABLE,REMOVE_RECLASSIFY,REMOVE_FROM_ALTERNATIVE_SET,RECLASSIFY_CONTEXT_DEFAULT,NO_DISCOMFORT_CONDITION,통증·불편 조건이 없는 관계이므로 Alternative에서 제거하고 다른 관계 체계로 보낸다.,,[],generated/exercise-alternatives-v0.3.0/alternative_relationships.csv,DOMAIN_REVIEWER,2026-08-24T00:00:00+09:00,DOMAIN_REVIEWER,DOMAIN_APPROVED,exercise-catalog-v2.0.2-draft,d2ff054350b7904b3cb99affb6e656a4a30acba82f81d889a98951928aeb725f,NEX-000045:NEX-000059:CONSTRAINT,"{""legacy_relationship_type"":""CONSTRAINT"",""materialization_version"":""v2-representative-decisions-2026-08-24"",""selection_basis"":""REX_ENDPOINT_AND_V2_CATALOG_RECHECK"",""source_path"":""generated/exercise-alternatives-v0.3.0/alternative_relationships.csv"",""source_relation_key"":""NEX-000045:NEX-000059:CONSTRAINT""}",DETERMINISTIC_POLICY_V2_0_2,DATA_REVIEW_PIPELINE,REVIEW_REQUIRED,false
ALT-LEGACY-2914965b508640a7,195,exercise-catalog-v2.0.2-draft|d2ff054350b7904b3cb99affb6e656a4a30acba82f81d889a98951928aeb725f|mapping:ELBOW:NRS_1_3:REX-000055:REX-000035:DISCOMFORT,DISCOMFORT,SAME_GOAL,,reverse_wrist_curl_isolation_barbell,reverse_wrist_curl_isolation_barbell,REX-000055,REPRESENTATIVE,리버스 리스트 컬,ISOLATION,"[""WRIST_HAND""]","[""ELBOW""]","[""BARBELL""]","[""GYM""]",BEGINNER,hand_grip_squeeze_isolation_household_weight,hand_grip_squeeze_isolation_household_weight,REX-000035,REPRESENTATIVE,손 악력 쥐기,ISOLATION,"[""WRIST_HAND""]","[""ELBOW""]","[""HOUSEHOLD_WEIGHT""]","[""HOME"",""GYM""]",BEGINNER,LEGACY_ALTERNATIVE,ELBOW,NRS_1_3,1,3,MILD,LOAD_REDUCED,PAIN_AREA_INVOLVEMENT_IN_SOURCE_MOVEMENT,"{""discomfort_area_code"":""ELBOW"",""source_body_area_codes"":[""ELBOW"",""WRIST_HAND""],""source_equipment_codes"":[""BARBELL""],""source_primary_movement_pattern_code"":""ISOLATION""}",true,UNCONFIRMED,true,true,false,true,false,,A_TO_B,NOT_APPLICABLE,REMOVE_RECLASSIFY,REMOVE_UNSAFE_SAME_AREA_TARGET,REMOVE_TARGET_RETAINS_DISCOMFORT_AREA,TARGET_RETAINS_DISCOMFORT_AREA,NRS 점수가 1~3인 경미한 조건이어도 target이 보고된 불편 부위를 포함하므로 동일 부담·위험을 남길 수 있어 Alternative에서 삭제한다.,,[],normalized/v2_discomfort_alternative_mapping.csv,DOMAIN_REVIEWER,2026-08-24T00:00:00+09:00,DOMAIN_REVIEWER,DOMAIN_APPROVED,exercise-catalog-v2.0.2-draft,d2ff054350b7904b3cb99affb6e656a4a30acba82f81d889a98951928aeb725f,mapping:ELBOW:NRS_1_3:REX-000055:REX-000035:DISCOMFORT,"{""alternative_target_muscle_code"":""FOREARMS"",""body_area_code"":""ELBOW"",""materialization_version"":""v2-representative-decisions-2026-08-24"",""score_band_code"":""NRS_1_3"",""selection_basis"":""DOMAIN_APPROVED_SCORE_BAND_AND_TARGET_MUSCLE_POLICY"",""source_path"":""normalized/v2_discomfort_alternative_mapping.csv"",""source_relation_key"":""mapping:ELBOW:NRS_1_3:REX-000055:REX-000035:DISCOMFORT"",""source_target_muscle_code"":""FOREARMS""}",DETERMINISTIC_POLICY_V2_0_2,DATA_REVIEW_PIPELINE,REVIEW_REQUIRED,false
ALT-LEGACY-a24cfee49149a887,199,exercise-catalog-v2.0.2-draft|d2ff054350b7904b3cb99affb6e656a4a30acba82f81d889a98951928aeb725f|NEX-000147:NEX-000114:CONSTRAINT,EQUIPMENT,MOBILITY_SPINE,CONSTRAINT,roller_back_stretch_mobility_stretch_foam_roller,roller_back_stretch_mobility_stretch_foam_roller,REX-000073,REPRESENTATIVE,롤러 등 스트레칭,MOBILITY_STRETCH,"[""UPPER_BACK""]","[""LOWER_BACK""]","[""FOAM_ROLLER""]","[""HOME"",""GYM""]",INTERMEDIATE,spine_stretch_mobility_stretch_bodyweight,spine_stretch_mobility_stretch_bodyweight,REX-000091,REPRESENTATIVE,척추 스트레칭,MOBILITY_STRETCH,"[""UPPER_BACK"",""LOWER_BACK""]","[""ABDOMEN""]","[""BODYWEIGHT""]","[""HOME"",""GYM""]",BEGINNER,LEGACY_ALTERNATIVE,,,,,,,PAIN_AREA_INVOLVEMENT_IN_SOURCE_MOVEMENT,"{""discomfort_area_code"":"""",""source_body_area_codes"":[""LOWER_BACK"",""UPPER_BACK""],""source_equipment_codes"":[""FOAM_ROLLER""],""source_primary_movement_pattern_code"":""MOBILITY_STRETCH""}",false,TARGET_EXCLUDES_DISCOMFORT_AREA,false,true,false,true,false,,A_TO_B,NOT_APPLICABLE,REMOVE_RECLASSIFY,REMOVE_FROM_ALTERNATIVE_SET,RECLASSIFY_VARIANT,NO_DISCOMFORT_CONDITION,통증·불편 조건이 없는 관계이므로 Alternative에서 제거하고 다른 관계 체계로 보낸다.,,[],generated/exercise-alternatives-v0.3.0/alternative_relationships.csv,DOMAIN_REVIEWER,2026-08-24T00:00:00+09:00,DOMAIN_REVIEWER,DOMAIN_APPROVED,exercise-catalog-v2.0.2-draft,d2ff054350b7904b3cb99affb6e656a4a30acba82f81d889a98951928aeb725f,NEX-000147:NEX-000114:CONSTRAINT,"{""legacy_relationship_type"":""CONSTRAINT"",""materialization_version"":""v2-representative-decisions-2026-08-24"",""selection_basis"":""REX_ENDPOINT_AND_V2_CATALOG_RECHECK"",""source_path"":""generated/exercise-alternatives-v0.3.0/alternative_relationships.csv"",""source_relation_key"":""NEX-000147:NEX-000114:CONSTRAINT""}",DETERMINISTIC_POLICY_V2_0_2,DATA_REVIEW_PIPELINE,REVIEW_REQUIRED,false
ALT-LEGACY-cc6a5e027371a382,203,exercise-catalog-v2.0.2-draft|d2ff054350b7904b3cb99affb6e656a4a30acba82f81d889a98951928aeb725f|NEX-000145:NEX-000126:CONSTRAINT,EQUIPMENT,MOBILITY_GLUTE,CONSTRAINT,roller_hip_stretch_mobility_stretch_foam_roller,roller_hip_stretch_mobility_stretch_foam_roller,REX-000074,REPRESENTATIVE,롤러 둔근 스트레칭,MOBILITY_STRETCH,"[""HIP""]","[""LOWER_BACK""]","[""FOAM_ROLLER""]","[""HOME"",""GYM""]",INTERMEDIATE,seated_glute_stretch_mobility_stretch_bodyweight,seated_glute_stretch_mobility_stretch_bodyweight,REX-000082,REPRESENTATIVE,앉아서 둔근 스트레칭,MOBILITY_STRETCH,"[""HIP""]","[""KNEE""]","[""BODYWEIGHT""]","[""HOME"",""GYM""]",BEGINNER,LEGACY_ALTERNATIVE,,,,,,,PAIN_AREA_INVOLVEMENT_IN_SOURCE_MOVEMENT,"{""discomfort_area_code"":"""",""source_body_area_codes"":[""HIP"",""LOWER_BACK""],""source_equipment_codes"":[""FOAM_ROLLER""],""source_primary_movement_pattern_code"":""MOBILITY_STRETCH""}",false,TARGET_EXCLUDES_DISCOMFORT_AREA,false,true,false,true,false,,A_TO_B,NOT_APPLICABLE,REMOVE_RECLASSIFY,REMOVE_FROM_ALTERNATIVE_SET,RECLASSIFY_VARIANT,NO_DISCOMFORT_CONDITION,통증·불편 조건이 없는 관계이므로 Alternative에서 제거하고 다른 관계 체계로 보낸다.,,[],generated/exercise-alternatives-v0.3.0/alternative_relationships.csv,DOMAIN_REVIEWER,2026-08-24T00:00:00+09:00,DOMAIN_REVIEWER,DOMAIN_APPROVED,exercise-catalog-v2.0.2-draft,d2ff054350b7904b3cb99affb6e656a4a30acba82f81d889a98951928aeb725f,NEX-000145:NEX-000126:CONSTRAINT,"{""legacy_relationship_type"":""CONSTRAINT"",""materialization_version"":""v2-representative-decisions-2026-08-24"",""selection_basis"":""REX_ENDPOINT_AND_V2_CATALOG_RECHECK"",""source_path"":""generated/exercise-alternatives-v0.3.0/alternative_relationships.csv"",""source_relation_key"":""NEX-000145:NEX-000126:CONSTRAINT""}",DETERMINISTIC_POLICY_V2_0_2,DATA_REVIEW_PIPELINE,REVIEW_REQUIRED,false
ALT-LEGACY-14d7f855238ce3cd,204,exercise-catalog-v2.0.2-draft|d2ff054350b7904b3cb99affb6e656a4a30acba82f81d889a98951928aeb725f|NEX-000145:NEX-000157:CONSTRAINT,EQUIPMENT,MOBILITY_GLUTE,CONSTRAINT,roller_hip_stretch_mobility_stretch_foam_roller,roller_hip_stretch_mobility_stretch_foam_roller,REX-000074,REPRESENTATIVE,롤러 둔근 스트레칭,MOBILITY_STRETCH,"[""HIP""]","[""LOWER_BACK""]","[""FOAM_ROLLER""]","[""HOME"",""GYM""]",INTERMEDIATE,seated_piriformis_stretch_mobility_stretch_bodyweight,seated_piriformis_stretch_mobility_stretch_bodyweight,REX-000085,REPRESENTATIVE,앉아서 이상근 스트레칭,MOBILITY_STRETCH,"[""HIP""]","[""KNEE""]","[""BODYWEIGHT""]","[""HOME"",""GYM""]",BEGINNER,LEGACY_ALTERNATIVE,,,,,,,PAIN_AREA_INVOLVEMENT_IN_SOURCE_MOVEMENT,"{""discomfort_area_code"":"""",""source_body_area_codes"":[""HIP"",""LOWER_BACK""],""source_equipment_codes"":[""FOAM_ROLLER""],""source_primary_movement_pattern_code"":""MOBILITY_STRETCH""}",false,TARGET_EXCLUDES_DISCOMFORT_AREA,false,true,false,true,false,,A_TO_B,NOT_APPLICABLE,REMOVE_RECLASSIFY,REMOVE_FROM_ALTERNATIVE_SET,RECLASSIFY_VARIANT,NO_DISCOMFORT_CONDITION,통증·불편 조건이 없는 관계이므로 Alternative에서 제거하고 다른 관계 체계로 보낸다.,,[],generated/exercise-alternatives-v0.3.0/alternative_relationships.csv,DOMAIN_REVIEWER,2026-08-24T00:00:00+09:00,DOMAIN_REVIEWER,DOMAIN_APPROVED,exercise-catalog-v2.0.2-draft,d2ff054350b7904b3cb99affb6e656a4a30acba82f81d889a98951928aeb725f,NEX-000145:NEX-000157:CONSTRAINT,"{""legacy_relationship_type"":""CONSTRAINT"",""materialization_version"":""v2-representative-decisions-2026-08-24"",""selection_basis"":""REX_ENDPOINT_AND_V2_CATALOG_RECHECK"",""source_path"":""generated/exercise-alternatives-v0.3.0/alternative_relationships.csv"",""source_relation_key"":""NEX-000145:NEX-000157:CONSTRAINT""}",DETERMINISTIC_POLICY_V2_0_2,DATA_REVIEW_PIPELINE,REVIEW_REQUIRED,false
ALT-LEGACY-bf2595891d0f27ec,206,exercise-catalog-v2.0.2-draft|d2ff054350b7904b3cb99affb6e656a4a30acba82f81d889a98951928aeb725f|mapping:ABDOMEN:NRS_1_3:REX-000075:REX-000009:DISCOMFORT,DISCOMFORT,SAME_GOAL,,rotation_variant_core_brace_cable_machine,rotation_variant_core_brace_cable_machine,REX-000075,REPRESENTATIVE,회전형 크런치,CORE_BRACE,"[""ABDOMEN""]","[""LOWER_BACK"",""SHOULDER""]","[""CABLE_MACHINE""]","[""GYM""]",INTERMEDIATE,bodyweight_crunch_core_brace_bodyweight,bodyweight_crunch_core_brace_bodyweight,REX-000009,REPRESENTATIVE,크런치,CORE_BRACE,"[""ABDOMEN""]","[""LOWER_BACK""]","[""BODYWEIGHT""]","[""HOME"",""GYM""]",BEGINNER,LEGACY_ALTERNATIVE,ABDOMEN,NRS_1_3,1,3,MILD,LOAD_REDUCED,PAIN_AREA_INVOLVEMENT_IN_SOURCE_MOVEMENT,"{""discomfort_area_code"":""ABDOMEN"",""source_body_area_codes"":[""ABDOMEN"",""LOWER_BACK"",""SHOULDER""],""source_equipment_codes"":[""CABLE_MACHINE""],""source_primary_movement_pattern_code"":""CORE_BRACE""}",true,UNCONFIRMED,true,true,false,true,false,,A_TO_B,NOT_APPLICABLE,REMOVE_RECLASSIFY,REMOVE_UNSAFE_SAME_AREA_TARGET,REMOVE_TARGET_RETAINS_DISCOMFORT_AREA,TARGET_RETAINS_DISCOMFORT_AREA,NRS 점수가 1~3인 경미한 조건이어도 target이 보고된 불편 부위를 포함하므로 동일 부담·위험을 남길 수 있어 Alternative에서 삭제한다.,,[],normalized/v2_discomfort_alternative_mapping.csv,DOMAIN_REVIEWER,2026-08-24T00:00:00+09:00,DOMAIN_REVIEWER,DOMAIN_APPROVED,exercise-catalog-v2.0.2-draft,d2ff054350b7904b3cb99affb6e656a4a30acba82f81d889a98951928aeb725f,mapping:ABDOMEN:NRS_1_3:REX-000075:REX-000009:DISCOMFORT,"{""alternative_target_muscle_code"":""CORE"",""body_area_code"":""ABDOMEN"",""materialization_version"":""v2-representative-decisions-2026-08-24"",""score_band_code"":""NRS_1_3"",""selection_basis"":""DOMAIN_APPROVED_SCORE_BAND_AND_TARGET_MUSCLE_POLICY"",""source_path"":""normalized/v2_discomfort_alternative_mapping.csv"",""source_relation_key"":""mapping:ABDOMEN:NRS_1_3:REX-000075:REX-000009:DISCOMFORT"",""source_target_muscle_code"":""CORE""}",DETERMINISTIC_POLICY_V2_0_2,DATA_REVIEW_PIPELINE,REVIEW_REQUIRED,false
ALT-LEGACY-7023de3b2c63f07a,207,exercise-catalog-v2.0.2-draft|d2ff054350b7904b3cb99affb6e656a4a30acba82f81d889a98951928aeb725f|NEX-000096:NEX-000094:CONSTRAINT,LOCATION,CORE_STABILITY,CONSTRAINT,rotation_variant_core_brace_cable_machine,rotation_variant_core_brace_cable_machine,REX-000075,REPRESENTATIVE,회전형 크런치,CORE_BRACE,"[""ABDOMEN""]","[""LOWER_BACK"",""SHOULDER""]","[""CABLE_MACHINE""]","[""GYM""]",INTERMEDIATE,bodyweight_reverse_crunch_core_brace_bodyweight,bodyweight_reverse_crunch_core_brace_bodyweight,REX-000013,REPRESENTATIVE,리버스 크런치,CORE_BRACE,"[""ABDOMEN""]","[""LOWER_BACK""]","[""BODYWEIGHT""]","[""HOME"",""GYM""]",INTERMEDIATE,LEGACY_ALTERNATIVE,,,,,,,PAIN_AREA_INVOLVEMENT_IN_SOURCE_MOVEMENT,"{""discomfort_area_code"":"""",""source_body_area_codes"":[""ABDOMEN"",""LOWER_BACK"",""SHOULDER""],""source_equipment_codes"":[""CABLE_MACHINE""],""source_primary_movement_pattern_code"":""CORE_BRACE""}",false,TARGET_EXCLUDES_DISCOMFORT_AREA,false,true,false,true,false,,A_TO_B,NOT_APPLICABLE,REMOVE_RECLASSIFY,REMOVE_FROM_ALTERNATIVE_SET,RECLASSIFY_CONTEXT_DEFAULT,NO_DISCOMFORT_CONDITION,통증·불편 조건이 없는 관계이므로 Alternative에서 제거하고 다른 관계 체계로 보낸다.,,[],generated/exercise-alternatives-v0.3.0/alternative_relationships.csv,DOMAIN_REVIEWER,2026-08-24T00:00:00+09:00,DOMAIN_REVIEWER,DOMAIN_APPROVED,exercise-catalog-v2.0.2-draft,d2ff054350b7904b3cb99affb6e656a4a30acba82f81d889a98951928aeb725f,NEX-000096:NEX-000094:CONSTRAINT,"{""legacy_relationship_type"":""CONSTRAINT"",""materialization_version"":""v2-representative-decisions-2026-08-24"",""selection_basis"":""REX_ENDPOINT_AND_V2_CATALOG_RECHECK"",""source_path"":""generated/exercise-alternatives-v0.3.0/alternative_relationships.csv"",""source_relation_key"":""NEX-000096:NEX-000094:CONSTRAINT""}",DETERMINISTIC_POLICY_V2_0_2,DATA_REVIEW_PIPELINE,REVIEW_REQUIRED,false
ALT-LEGACY-04dd6d352602b83c,209,exercise-catalog-v2.0.2-draft|d2ff054350b7904b3cb99affb6e656a4a30acba82f81d889a98951928aeb725f|NEX-000187:NEX-000112:CONSTRAINT,LOCATION,CORE_STABILITY,CONSTRAINT,rotation_variant_core_brace_cable_machine,rotation_variant_core_brace_cable_machine,REX-000075,REPRESENTATIVE,회전형 크런치,CORE_BRACE,"[""ABDOMEN""]","[""LOWER_BACK"",""SHOULDER""]","[""CABLE_MACHINE""]","[""GYM""]",INTERMEDIATE,lower_back_curl_core_brace_bodyweight,lower_back_curl_core_brace_bodyweight,REX-000043,REPRESENTATIVE,로어 백 컬,CORE_BRACE,"[""LOWER_BACK""]","[""UPPER_BACK""]","[""BODYWEIGHT""]","[""HOME"",""GYM""]",INTERMEDIATE,LEGACY_ALTERNATIVE,,,,,,,PAIN_AREA_INVOLVEMENT_IN_SOURCE_MOVEMENT,"{""discomfort_area_code"":"""",""source_body_area_codes"":[""ABDOMEN"",""LOWER_BACK"",""SHOULDER""],""source_equipment_codes"":[""CABLE_MACHINE""],""source_primary_movement_pattern_code"":""CORE_BRACE""}",false,TARGET_EXCLUDES_DISCOMFORT_AREA,false,true,false,true,false,,A_TO_B,NOT_APPLICABLE,REMOVE_RECLASSIFY,REMOVE_FROM_ALTERNATIVE_SET,RECLASSIFY_CONTEXT_DEFAULT,NO_DISCOMFORT_CONDITION,통증·불편 조건이 없는 관계이므로 Alternative에서 제거하고 다른 관계 체계로 보낸다.,,[],generated/exercise-alternatives-v0.3.0/alternative_relationships.csv,DOMAIN_REVIEWER,2026-08-24T00:00:00+09:00,DOMAIN_REVIEWER,DOMAIN_APPROVED,exercise-catalog-v2.0.2-draft,d2ff054350b7904b3cb99affb6e656a4a30acba82f81d889a98951928aeb725f,NEX-000187:NEX-000112:CONSTRAINT,"{""legacy_relationship_type"":""CONSTRAINT"",""materialization_version"":""v2-representative-decisions-2026-08-24"",""selection_basis"":""REX_ENDPOINT_AND_V2_CATALOG_RECHECK"",""source_path"":""generated/exercise-alternatives-v0.3.0/alternative_relationships.csv"",""source_relation_key"":""NEX-000187:NEX-000112:CONSTRAINT""}",DETERMINISTIC_POLICY_V2_0_2,DATA_REVIEW_PIPELINE,REVIEW_REQUIRED,false
ALT-LEGACY-8939feab3b947d94,211,exercise-catalog-v2.0.2-draft|d2ff054350b7904b3cb99affb6e656a4a30acba82f81d889a98951928aeb725f|mapping:ELBOW:NRS_1_3:REX-000076:REX-000079:DISCOMFORT,DISCOMFORT,SAME_GOAL,,row_variant_horizontal_pull_cable_machine,row_variant_horizontal_pull_cable_machine,REX-000076,REPRESENTATIVE,로우,HORIZONTAL_PULL,"[""UPPER_BACK""]","[""ELBOW"",""SHOULDER""]","[""CABLE_MACHINE""]","[""GYM""]",INTERMEDIATE,seated_cable_row_horizontal_pull_cable_machine,seated_cable_row_horizontal_pull_cable_machine,REX-000079,REPRESENTATIVE,시티드 케이블 로우,HORIZONTAL_PULL,"[""UPPER_BACK""]","[""SHOULDER"",""ELBOW""]","[""CABLE_MACHINE""]","[""GYM""]",INTERMEDIATE,LEGACY_ALTERNATIVE,ELBOW,NRS_1_3,1,3,MILD,LOAD_REDUCED,PAIN_AREA_INVOLVEMENT_IN_SOURCE_MOVEMENT,"{""discomfort_area_code"":""ELBOW"",""source_body_area_codes"":[""ELBOW"",""SHOULDER"",""UPPER_BACK""],""source_equipment_codes"":[""CABLE_MACHINE""],""source_primary_movement_pattern_code"":""HORIZONTAL_PULL""}",true,UNCONFIRMED,true,true,false,true,false,,A_TO_B,NOT_APPLICABLE,REMOVE_RECLASSIFY,REMOVE_UNSAFE_SAME_AREA_TARGET,REMOVE_TARGET_RETAINS_DISCOMFORT_AREA,TARGET_RETAINS_DISCOMFORT_AREA,NRS 점수가 1~3인 경미한 조건이어도 target이 보고된 불편 부위를 포함하므로 동일 부담·위험을 남길 수 있어 Alternative에서 삭제한다.,,[],normalized/v2_discomfort_alternative_mapping.csv,DOMAIN_REVIEWER,2026-08-24T00:00:00+09:00,DOMAIN_REVIEWER,DOMAIN_APPROVED,exercise-catalog-v2.0.2-draft,d2ff054350b7904b3cb99affb6e656a4a30acba82f81d889a98951928aeb725f,mapping:ELBOW:NRS_1_3:REX-000076:REX-000079:DISCOMFORT,"{""alternative_target_muscle_code"":""BACK"",""body_area_code"":""ELBOW"",""materialization_version"":""v2-representative-decisions-2026-08-24"",""score_band_code"":""NRS_1_3"",""selection_basis"":""DOMAIN_APPROVED_SCORE_BAND_AND_TARGET_MUSCLE_POLICY"",""source_path"":""normalized/v2_discomfort_alternative_mapping.csv"",""source_relation_key"":""mapping:ELBOW:NRS_1_3:REX-000076:REX-000079:DISCOMFORT"",""source_target_muscle_code"":""BACK""}",DETERMINISTIC_POLICY_V2_0_2,DATA_REVIEW_PIPELINE,REVIEW_REQUIRED,false
ALT-LEGACY-2b9a86d504f56801,212,exercise-catalog-v2.0.2-draft|d2ff054350b7904b3cb99affb6e656a4a30acba82f81d889a98951928aeb725f|mapping:ANKLE_FOOT:NRS_1_3:REX-000077:REX-000003:DISCOMFORT,DISCOMFORT,SAME_GOAL,,runners_stretch_mobility_stretch_bodyweight,runners_stretch_mobility_stretch_bodyweight,REX-000077,REPRESENTATIVE,러너스 스트레칭,MOBILITY_STRETCH,"[""ANKLE_FOOT"",""KNEE""]","[""HIP""]","[""BODYWEIGHT""]","[""HOME"",""GYM""]",BEGINNER,ankle_circles_mobility_stretch_bodyweight,ankle_circles_mobility_stretch_bodyweight,REX-000003,REPRESENTATIVE,발목 돌리기,MOBILITY_STRETCH,"[""ANKLE_FOOT""]","[""KNEE""]","[""BODYWEIGHT""]","[""HOME"",""GYM""]",BEGINNER,LEGACY_ALTERNATIVE,ANKLE_FOOT,NRS_1_3,1,3,MILD,LOAD_REDUCED,PAIN_AREA_INVOLVEMENT_IN_SOURCE_MOVEMENT,"{""discomfort_area_code"":""ANKLE_FOOT"",""source_body_area_codes"":[""ANKLE_FOOT"",""HIP"",""KNEE""],""source_equipment_codes"":[""BODYWEIGHT""],""source_primary_movement_pattern_code"":""MOBILITY_STRETCH""}",true,UNCONFIRMED,true,true,false,true,false,,A_TO_B,NOT_APPLICABLE,REMOVE_RECLASSIFY,REMOVE_UNSAFE_SAME_AREA_TARGET,REMOVE_TARGET_RETAINS_DISCOMFORT_AREA,TARGET_RETAINS_DISCOMFORT_AREA,NRS 점수가 1~3인 경미한 조건이어도 target이 보고된 불편 부위를 포함하므로 동일 부담·위험을 남길 수 있어 Alternative에서 삭제한다.,,[],normalized/v2_discomfort_alternative_mapping.csv,DOMAIN_REVIEWER,2026-08-24T00:00:00+09:00,DOMAIN_REVIEWER,DOMAIN_APPROVED,exercise-catalog-v2.0.2-draft,d2ff054350b7904b3cb99affb6e656a4a30acba82f81d889a98951928aeb725f,mapping:ANKLE_FOOT:NRS_1_3:REX-000077:REX-000003:DISCOMFORT,"{""alternative_target_muscle_code"":""MOBILITY"",""body_area_code"":""ANKLE_FOOT"",""materialization_version"":""v2-representative-decisions-2026-08-24"",""score_band_code"":""NRS_1_3"",""selection_basis"":""DOMAIN_APPROVED_SCORE_BAND_AND_TARGET_MUSCLE_POLICY"",""source_path"":""normalized/v2_discomfort_alternative_mapping.csv"",""source_relation_key"":""mapping:ANKLE_FOOT:NRS_1_3:REX-000077:REX-000003:DISCOMFORT"",""source_target_muscle_code"":""MOBILITY""}",DETERMINISTIC_POLICY_V2_0_2,DATA_REVIEW_PIPELINE,REVIEW_REQUIRED,false
ALT-LEGACY-0ce31ed546063c6c,215,exercise-catalog-v2.0.2-draft|d2ff054350b7904b3cb99affb6e656a4a30acba82f81d889a98951928aeb725f|mapping:ELBOW:NRS_1_3:REX-000078:REX-000040:DISCOMFORT,DISCOMFORT,SAME_GOAL,,scapular_pull_up_vertical_pull_bodyweight_pull_up_bar,scapular_pull_up_vertical_pull_bodyweight_pull_up_bar,REX-000078,REPRESENTATIVE,스캐풀라 풀업,VERTICAL_PULL,"[""UPPER_BACK""]","[""SHOULDER"",""ELBOW""]","[""BODYWEIGHT"",""PULL_UP_BAR""]","[""GYM""]",INTERMEDIATE,lat_pulldown_vertical_pull_cable_machine,lat_pulldown_vertical_pull_cable_machine,REX-000040,REPRESENTATIVE,랫풀다운,VERTICAL_PULL,"[""UPPER_BACK""]","[""ELBOW"",""SHOULDER""]","[""CABLE_MACHINE""]","[""GYM""]",INTERMEDIATE,LEGACY_ALTERNATIVE,ELBOW,NRS_1_3,1,3,MILD,LOAD_REDUCED,PAIN_AREA_INVOLVEMENT_IN_SOURCE_MOVEMENT,"{""discomfort_area_code"":""ELBOW"",""source_body_area_codes"":[""ELBOW"",""SHOULDER"",""UPPER_BACK""],""source_equipment_codes"":[""BODYWEIGHT"",""PULL_UP_BAR""],""source_primary_movement_pattern_code"":""VERTICAL_PULL""}",true,UNCONFIRMED,true,true,false,true,false,,A_TO_B,NOT_APPLICABLE,REMOVE_RECLASSIFY,REMOVE_UNSAFE_SAME_AREA_TARGET,REMOVE_TARGET_RETAINS_DISCOMFORT_AREA,TARGET_RETAINS_DISCOMFORT_AREA,NRS 점수가 1~3인 경미한 조건이어도 target이 보고된 불편 부위를 포함하므로 동일 부담·위험을 남길 수 있어 Alternative에서 삭제한다.,,[],normalized/v2_discomfort_alternative_mapping.csv,DOMAIN_REVIEWER,2026-08-24T00:00:00+09:00,DOMAIN_REVIEWER,DOMAIN_APPROVED,exercise-catalog-v2.0.2-draft,d2ff054350b7904b3cb99affb6e656a4a30acba82f81d889a98951928aeb725f,mapping:ELBOW:NRS_1_3:REX-000078:REX-000040:DISCOMFORT,"{""alternative_target_muscle_code"":""BACK"",""body_area_code"":""ELBOW"",""materialization_version"":""v2-representative-decisions-2026-08-24"",""score_band_code"":""NRS_1_3"",""selection_basis"":""DOMAIN_APPROVED_SCORE_BAND_AND_TARGET_MUSCLE_POLICY"",""source_path"":""normalized/v2_discomfort_alternative_mapping.csv"",""source_relation_key"":""mapping:ELBOW:NRS_1_3:REX-000078:REX-000040:DISCOMFORT"",""source_target_muscle_code"":""BACK""}",DETERMINISTIC_POLICY_V2_0_2,DATA_REVIEW_PIPELINE,REVIEW_REQUIRED,false
ALT-LEGACY-c39639a4dc4427c4,216,exercise-catalog-v2.0.2-draft|d2ff054350b7904b3cb99affb6e656a4a30acba82f81d889a98951928aeb725f|NEX-000078:NEX-000020:INTENSITY,LOCATION,VERTICAL_PULL_STRENGTH,INTENSITY,scapular_pull_up_vertical_pull_bodyweight_pull_up_bar,scapular_pull_up_vertical_pull_bodyweight_pull_up_bar,REX-000078,REPRESENTATIVE,스캐풀라 풀업,VERTICAL_PULL,"[""UPPER_BACK""]","[""SHOULDER"",""ELBOW""]","[""BODYWEIGHT"",""PULL_UP_BAR""]","[""GYM""]",INTERMEDIATE,lat_pulldown_vertical_pull_cable_machine,lat_pulldown_vertical_pull_cable_machine,REX-000040,REPRESENTATIVE,랫풀다운,VERTICAL_PULL,"[""UPPER_BACK""]","[""ELBOW"",""SHOULDER""]","[""CABLE_MACHINE""]","[""GYM""]",INTERMEDIATE,LEGACY_ALTERNATIVE,,,,,,,PAIN_AREA_INVOLVEMENT_IN_SOURCE_MOVEMENT,"{""discomfort_area_code"":"""",""source_body_area_codes"":[""ELBOW"",""SHOULDER"",""UPPER_BACK""],""source_equipment_codes"":[""BODYWEIGHT"",""PULL_UP_BAR""],""source_primary_movement_pattern_code"":""VERTICAL_PULL""}",false,TARGET_EXCLUDES_DISCOMFORT_AREA,false,true,false,true,false,,A_TO_B,NOT_APPLICABLE,REMOVE_RECLASSIFY,REMOVE_FROM_ALTERNATIVE_SET,RECLASSIFY_CONTEXT_DEFAULT,NO_DISCOMFORT_CONDITION,통증·불편 조건이 없는 관계이므로 Alternative에서 제거하고 다른 관계 체계로 보낸다.,,[],generated/exercise-alternatives-v0.3.0/alternative_relationships.csv,DOMAIN_REVIEWER,2026-08-24T00:00:00+09:00,DOMAIN_REVIEWER,DOMAIN_APPROVED,exercise-catalog-v2.0.2-draft,d2ff054350b7904b3cb99affb6e656a4a30acba82f81d889a98951928aeb725f,NEX-000078:NEX-000020:INTENSITY,"{""legacy_relationship_type"":""INTENSITY"",""materialization_version"":""v2-representative-decisions-2026-08-24"",""selection_basis"":""REX_ENDPOINT_AND_V2_CATALOG_RECHECK"",""source_path"":""generated/exercise-alternatives-v0.3.0/alternative_relationships.csv"",""source_relation_key"":""NEX-000078:NEX-000020:INTENSITY""}",DETERMINISTIC_POLICY_V2_0_2,DATA_REVIEW_PIPELINE,REVIEW_REQUIRED,false
ALT-LEGACY-a8122fc819a7fccc,218,exercise-catalog-v2.0.2-draft|d2ff054350b7904b3cb99affb6e656a4a30acba82f81d889a98951928aeb725f|mapping:ELBOW:NRS_1_3:REX-000079:REX-000076:DISCOMFORT,DISCOMFORT,SAME_GOAL,,seated_cable_row_horizontal_pull_cable_machine,seated_cable_row_horizontal_pull_cable_machine,REX-000079,REPRESENTATIVE,시티드 케이블 로우,HORIZONTAL_PULL,"[""UPPER_BACK""]","[""SHOULDER"",""ELBOW""]","[""CABLE_MACHINE""]","[""GYM""]",INTERMEDIATE,row_variant_horizontal_pull_cable_machine,row_variant_horizontal_pull_cable_machine,REX-000076,REPRESENTATIVE,로우,HORIZONTAL_PULL,"[""UPPER_BACK""]","[""ELBOW"",""SHOULDER""]","[""CABLE_MACHINE""]","[""GYM""]",INTERMEDIATE,LEGACY_ALTERNATIVE,ELBOW,NRS_1_3,1,3,MILD,LOAD_REDUCED,PAIN_AREA_INVOLVEMENT_IN_SOURCE_MOVEMENT,"{""discomfort_area_code"":""ELBOW"",""source_body_area_codes"":[""ELBOW"",""SHOULDER"",""UPPER_BACK""],""source_equipment_codes"":[""CABLE_MACHINE""],""source_primary_movement_pattern_code"":""HORIZONTAL_PULL""}",true,UNCONFIRMED,true,true,false,true,false,,A_TO_B,NOT_APPLICABLE,REMOVE_RECLASSIFY,REMOVE_UNSAFE_SAME_AREA_TARGET,REMOVE_TARGET_RETAINS_DISCOMFORT_AREA,TARGET_RETAINS_DISCOMFORT_AREA,NRS 점수가 1~3인 경미한 조건이어도 target이 보고된 불편 부위를 포함하므로 동일 부담·위험을 남길 수 있어 Alternative에서 삭제한다.,,[],normalized/v2_discomfort_alternative_mapping.csv,DOMAIN_REVIEWER,2026-08-24T00:00:00+09:00,DOMAIN_REVIEWER,DOMAIN_APPROVED,exercise-catalog-v2.0.2-draft,d2ff054350b7904b3cb99affb6e656a4a30acba82f81d889a98951928aeb725f,mapping:ELBOW:NRS_1_3:REX-000079:REX-000076:DISCOMFORT,"{""alternative_target_muscle_code"":""BACK"",""body_area_code"":""ELBOW"",""materialization_version"":""v2-representative-decisions-2026-08-24"",""score_band_code"":""NRS_1_3"",""selection_basis"":""DOMAIN_APPROVED_SCORE_BAND_AND_TARGET_MUSCLE_POLICY"",""source_path"":""normalized/v2_discomfort_alternative_mapping.csv"",""source_relation_key"":""mapping:ELBOW:NRS_1_3:REX-000079:REX-000076:DISCOMFORT"",""source_target_muscle_code"":""BACK""}",DETERMINISTIC_POLICY_V2_0_2,DATA_REVIEW_PIPELINE,REVIEW_REQUIRED,false
ALT-LEGACY-e78fd6ba4ea70fd3,220,exercise-catalog-v2.0.2-draft|d2ff054350b7904b3cb99affb6e656a4a30acba82f81d889a98951928aeb725f|mapping:ANKLE_FOOT:NRS_1_3:REX-000080:REX-000016:DISCOMFORT,DISCOMFORT,SAME_GOAL,,seated_calf_raise_isolation_barbell,seated_calf_raise_isolation_barbell,REX-000080,REPRESENTATIVE,시티드 카프 레이즈,ISOLATION,"[""ANKLE_FOOT""]","[""KNEE""]","[""BARBELL""]","[""GYM""]",BEGINNER,bodyweight_standing_calf_raise_isolation_bodyweight,bodyweight_standing_calf_raise_isolation_bodyweight,REX-000016,REPRESENTATIVE,스탠딩 카프 레이즈,ISOLATION,"[""ANKLE_FOOT""]","[""KNEE""]","[""BODYWEIGHT""]","[""HOME"",""GYM""]",BEGINNER,LEGACY_ALTERNATIVE,ANKLE_FOOT,NRS_1_3,1,3,MILD,LOAD_REDUCED,PAIN_AREA_INVOLVEMENT_IN_SOURCE_MOVEMENT,"{""discomfort_area_code"":""ANKLE_FOOT"",""source_body_area_codes"":[""ANKLE_FOOT"",""KNEE""],""source_equipment_codes"":[""BARBELL""],""source_primary_movement_pattern_code"":""ISOLATION""}",true,UNCONFIRMED,true,true,false,true,false,,A_TO_B,NOT_APPLICABLE,REMOVE_RECLASSIFY,REMOVE_UNSAFE_SAME_AREA_TARGET,REMOVE_TARGET_RETAINS_DISCOMFORT_AREA,TARGET_RETAINS_DISCOMFORT_AREA,NRS 점수가 1~3인 경미한 조건이어도 target이 보고된 불편 부위를 포함하므로 동일 부담·위험을 남길 수 있어 Alternative에서 삭제한다.,,[],normalized/v2_discomfort_alternative_mapping.csv,DOMAIN_REVIEWER,2026-08-24T00:00:00+09:00,DOMAIN_REVIEWER,DOMAIN_APPROVED,exercise-catalog-v2.0.2-draft,d2ff054350b7904b3cb99affb6e656a4a30acba82f81d889a98951928aeb725f,mapping:ANKLE_FOOT:NRS_1_3:REX-000080:REX-000016:DISCOMFORT,"{""alternative_target_muscle_code"":""CALVES"",""body_area_code"":""ANKLE_FOOT"",""materialization_version"":""v2-representative-decisions-2026-08-24"",""score_band_code"":""NRS_1_3"",""selection_basis"":""DOMAIN_APPROVED_SCORE_BAND_AND_TARGET_MUSCLE_POLICY"",""source_path"":""normalized/v2_discomfort_alternative_mapping.csv"",""source_relation_key"":""mapping:ANKLE_FOOT:NRS_1_3:REX-000080:REX-000016:DISCOMFORT"",""source_target_muscle_code"":""CALVES""}",DETERMINISTIC_POLICY_V2_0_2,DATA_REVIEW_PIPELINE,REVIEW_REQUIRED,false
ALT-LEGACY-0137e01bfa9c1730,221,exercise-catalog-v2.0.2-draft|d2ff054350b7904b3cb99affb6e656a4a30acba82f81d889a98951928aeb725f|NEX-000007:NEX-000117:CONSTRAINT,LOCATION,ISOLATION_CALF_RAISE,CONSTRAINT,seated_calf_raise_isolation_barbell,seated_calf_raise_isolation_barbell,REX-000080,REPRESENTATIVE,시티드 카프 레이즈,ISOLATION,"[""ANKLE_FOOT""]","[""KNEE""]","[""BARBELL""]","[""GYM""]",BEGINNER,bodyweight_standing_calf_raise_isolation_bodyweight,bodyweight_standing_calf_raise_isolation_bodyweight,REX-000016,REPRESENTATIVE,스탠딩 카프 레이즈,ISOLATION,"[""ANKLE_FOOT""]","[""KNEE""]","[""BODYWEIGHT""]","[""HOME"",""GYM""]",BEGINNER,LEGACY_ALTERNATIVE,,,,,,,PAIN_AREA_INVOLVEMENT_IN_SOURCE_MOVEMENT,"{""discomfort_area_code"":"""",""source_body_area_codes"":[""ANKLE_FOOT"",""KNEE""],""source_equipment_codes"":[""BARBELL""],""source_primary_movement_pattern_code"":""ISOLATION""}",false,TARGET_EXCLUDES_DISCOMFORT_AREA,false,true,false,true,false,,A_TO_B,NOT_APPLICABLE,REMOVE_RECLASSIFY,REMOVE_FROM_ALTERNATIVE_SET,RECLASSIFY_CONTEXT_DEFAULT,NO_DISCOMFORT_CONDITION,통증·불편 조건이 없는 관계이므로 Alternative에서 제거하고 다른 관계 체계로 보낸다.,,[],generated/exercise-alternatives-v0.3.0/alternative_relationships.csv,DOMAIN_REVIEWER,2026-08-24T00:00:00+09:00,DOMAIN_REVIEWER,DOMAIN_APPROVED,exercise-catalog-v2.0.2-draft,d2ff054350b7904b3cb99affb6e656a4a30acba82f81d889a98951928aeb725f,NEX-000007:NEX-000117:CONSTRAINT,"{""legacy_relationship_type"":""CONSTRAINT"",""materialization_version"":""v2-representative-decisions-2026-08-24"",""selection_basis"":""REX_ENDPOINT_AND_V2_CATALOG_RECHECK"",""source_path"":""generated/exercise-alternatives-v0.3.0/alternative_relationships.csv"",""source_relation_key"":""NEX-000007:NEX-000117:CONSTRAINT""}",DETERMINISTIC_POLICY_V2_0_2,DATA_REVIEW_PIPELINE,REVIEW_REQUIRED,false
ALT-LEGACY-b3c46338ae7baea8,222,exercise-catalog-v2.0.2-draft|d2ff054350b7904b3cb99affb6e656a4a30acba82f81d889a98951928aeb725f|mapping:ANKLE_FOOT:NRS_1_3:REX-000081:REX-000003:DISCOMFORT,DISCOMFORT,SAME_GOAL,,seated_calf_stretch_mobility_stretch_bodyweight,seated_calf_stretch_mobility_stretch_bodyweight,REX-000081,REPRESENTATIVE,앉아서 종아리 스트레칭,MOBILITY_STRETCH,"[""ANKLE_FOOT""]","[""KNEE""]","[""BODYWEIGHT""]","[""HOME"",""GYM""]",BEGINNER,ankle_circles_mobility_stretch_bodyweight,ankle_circles_mobility_stretch_bodyweight,REX-000003,REPRESENTATIVE,발목 돌리기,MOBILITY_STRETCH,"[""ANKLE_FOOT""]","[""KNEE""]","[""BODYWEIGHT""]","[""HOME"",""GYM""]",BEGINNER,LEGACY_ALTERNATIVE,ANKLE_FOOT,NRS_1_3,1,3,MILD,LOAD_REDUCED,PAIN_AREA_INVOLVEMENT_IN_SOURCE_MOVEMENT,"{""discomfort_area_code"":""ANKLE_FOOT"",""source_body_area_codes"":[""ANKLE_FOOT"",""KNEE""],""source_equipment_codes"":[""BODYWEIGHT""],""source_primary_movement_pattern_code"":""MOBILITY_STRETCH""}",true,UNCONFIRMED,true,true,false,true,false,,A_TO_B,NOT_APPLICABLE,REMOVE_RECLASSIFY,REMOVE_UNSAFE_SAME_AREA_TARGET,REMOVE_TARGET_RETAINS_DISCOMFORT_AREA,TARGET_RETAINS_DISCOMFORT_AREA,NRS 점수가 1~3인 경미한 조건이어도 target이 보고된 불편 부위를 포함하므로 동일 부담·위험을 남길 수 있어 Alternative에서 삭제한다.,,[],normalized/v2_discomfort_alternative_mapping.csv,DOMAIN_REVIEWER,2026-08-24T00:00:00+09:00,DOMAIN_REVIEWER,DOMAIN_APPROVED,exercise-catalog-v2.0.2-draft,d2ff054350b7904b3cb99affb6e656a4a30acba82f81d889a98951928aeb725f,mapping:ANKLE_FOOT:NRS_1_3:REX-000081:REX-000003:DISCOMFORT,"{""alternative_target_muscle_code"":""MOBILITY"",""body_area_code"":""ANKLE_FOOT"",""materialization_version"":""v2-representative-decisions-2026-08-24"",""score_band_code"":""NRS_1_3"",""selection_basis"":""DOMAIN_APPROVED_SCORE_BAND_AND_TARGET_MUSCLE_POLICY"",""source_path"":""normalized/v2_discomfort_alternative_mapping.csv"",""source_relation_key"":""mapping:ANKLE_FOOT:NRS_1_3:REX-000081:REX-000003:DISCOMFORT"",""source_target_muscle_code"":""MOBILITY""}",DETERMINISTIC_POLICY_V2_0_2,DATA_REVIEW_PIPELINE,REVIEW_REQUIRED,false
ALT-LEGACY-cff3b99a3825b2b3,233,exercise-catalog-v2.0.2-draft|d2ff054350b7904b3cb99affb6e656a4a30acba82f81d889a98951928aeb725f|mapping:ELBOW:NRS_1_3:REX-000086:REX-000026:DISCOMFORT,DISCOMFORT,SAME_GOAL,,seated_shoulder_press_vertical_push_dumbbell,seated_shoulder_press_vertical_push_dumbbell,REX-000086,REPRESENTATIVE,숄더 프레스,VERTICAL_PUSH,"[""SHOULDER""]","[""ELBOW""]","[""DUMBBELL""]","[""HOME"",""GYM""]",INTERMEDIATE,dumbbell_lateral_raise_isolation_dumbbell,dumbbell_lateral_raise_isolation_dumbbell,REX-000026,REPRESENTATIVE,레터럴 레이즈,ISOLATION,"[""SHOULDER""]","[""ELBOW""]","[""DUMBBELL""]","[""HOME"",""GYM""]",BEGINNER,LEGACY_ALTERNATIVE,ELBOW,NRS_1_3,1,3,MILD,LOAD_REDUCED,PAIN_AREA_INVOLVEMENT_IN_SOURCE_MOVEMENT,"{""discomfort_area_code"":""ELBOW"",""source_body_area_codes"":[""ELBOW"",""SHOULDER""],""source_equipment_codes"":[""DUMBBELL""],""source_primary_movement_pattern_code"":""VERTICAL_PUSH""}",true,UNCONFIRMED,true,true,false,false,false,,A_TO_B,NOT_APPLICABLE,REMOVE_RECLASSIFY,REMOVE_UNSAFE_SAME_AREA_TARGET,REMOVE_TARGET_RETAINS_DISCOMFORT_AREA,TARGET_RETAINS_DISCOMFORT_AREA,NRS 점수가 1~3인 경미한 조건이어도 target이 보고된 불편 부위를 포함하므로 동일 부담·위험을 남길 수 있어 Alternative에서 삭제한다.,,[],normalized/v2_discomfort_alternative_mapping.csv,DOMAIN_REVIEWER,2026-08-24T00:00:00+09:00,DOMAIN_REVIEWER,DOMAIN_APPROVED,exercise-catalog-v2.0.2-draft,d2ff054350b7904b3cb99affb6e656a4a30acba82f81d889a98951928aeb725f,mapping:ELBOW:NRS_1_3:REX-000086:REX-000026:DISCOMFORT,"{""alternative_target_muscle_code"":""SHOULDERS"",""body_area_code"":""ELBOW"",""materialization_version"":""v2-representative-decisions-2026-08-24"",""score_band_code"":""NRS_1_3"",""selection_basis"":""DOMAIN_APPROVED_SCORE_BAND_AND_TARGET_MUSCLE_POLICY"",""source_path"":""normalized/v2_discomfort_alternative_mapping.csv"",""source_relation_key"":""mapping:ELBOW:NRS_1_3:REX-000086:REX-000026:DISCOMFORT"",""source_target_muscle_code"":""SHOULDERS""}",DETERMINISTIC_POLICY_V2_0_2,DATA_REVIEW_PIPELINE,REVIEW_REQUIRED,false
ALT-LEGACY-1758deea7170940f,236,exercise-catalog-v2.0.2-draft|d2ff054350b7904b3cb99affb6e656a4a30acba82f81d889a98951928aeb725f|NEX-000137:NEX-000136:INTENSITY,DIFFICULTY,MOBILITY_HAMSTRING,INTENSITY,seated_wide_angle_stretch_mobility_stretch_bodyweight,seated_wide_angle_stretch_mobility_stretch_bodyweight,REX-000087,REPRESENTATIVE,시티드 와이드 앵글 스트레칭,MOBILITY_STRETCH,"[""HIP"",""KNEE""]",[],"[""BODYWEIGHT""]","[""HOME"",""GYM""]",INTERMEDIATE,runners_stretch_mobility_stretch_bodyweight,runners_stretch_mobility_stretch_bodyweight,REX-000077,REPRESENTATIVE,러너스 스트레칭,MOBILITY_STRETCH,"[""ANKLE_FOOT"",""KNEE""]","[""HIP""]","[""BODYWEIGHT""]","[""HOME"",""GYM""]",BEGINNER,LEGACY_ALTERNATIVE,,,,,,,PAIN_AREA_INVOLVEMENT_IN_SOURCE_MOVEMENT,"{""discomfort_area_code"":"""",""source_body_area_codes"":[""HIP"",""KNEE""],""source_equipment_codes"":[""BODYWEIGHT""],""source_primary_movement_pattern_code"":""MOBILITY_STRETCH""}",false,TARGET_EXCLUDES_DISCOMFORT_AREA,false,true,false,true,false,,A_TO_B,NOT_APPLICABLE,REMOVE_RECLASSIFY,REMOVE_FROM_ALTERNATIVE_SET,RECLASSIFY_DIFFICULTY_VARIANT,NO_DISCOMFORT_CONDITION,통증·불편 조건이 없는 관계이므로 Alternative에서 제거하고 다른 관계 체계로 보낸다.,,[],generated/exercise-alternatives-v0.3.0/alternative_relationships.csv,DOMAIN_REVIEWER,2026-08-24T00:00:00+09:00,DOMAIN_REVIEWER,DOMAIN_APPROVED,exercise-catalog-v2.0.2-draft,d2ff054350b7904b3cb99affb6e656a4a30acba82f81d889a98951928aeb725f,NEX-000137:NEX-000136:INTENSITY,"{""legacy_relationship_type"":""INTENSITY"",""materialization_version"":""v2-representative-decisions-2026-08-24"",""selection_basis"":""REX_ENDPOINT_AND_V2_CATALOG_RECHECK"",""source_path"":""generated/exercise-alternatives-v0.3.0/alternative_relationships.csv"",""source_relation_key"":""NEX-000137:NEX-000136:INTENSITY""}",DETERMINISTIC_POLICY_V2_0_2,DATA_REVIEW_PIPELINE,REVIEW_REQUIRED,false
ALT-LEGACY-79b59331fa656675,237,exercise-catalog-v2.0.2-draft|d2ff054350b7904b3cb99affb6e656a4a30acba82f81d889a98951928aeb725f|NEX-000137:NEX-000138:INTENSITY,EQUIPMENT,MOBILITY_HAMSTRING,INTENSITY,seated_wide_angle_stretch_mobility_stretch_bodyweight,seated_wide_angle_stretch_mobility_stretch_bodyweight,REX-000087,REPRESENTATIVE,시티드 와이드 앵글 스트레칭,MOBILITY_STRETCH,"[""HIP"",""KNEE""]",[],"[""BODYWEIGHT""]","[""HOME"",""GYM""]",INTERMEDIATE,standing_hamstring_calf_strap_stretch_mobility_stretch_stretch_strap,standing_hamstring_calf_strap_stretch_mobility_stretch_stretch_strap,REX-000094,REPRESENTATIVE,스트랩 햄스트링·종아리 스트레칭,MOBILITY_STRETCH,"[""KNEE"",""ANKLE_FOOT""]","[""HIP""]","[""STRETCH_STRAP""]","[""GYM""]",BEGINNER,LEGACY_ALTERNATIVE,,,,,,,PAIN_AREA_INVOLVEMENT_IN_SOURCE_MOVEMENT,"{""discomfort_area_code"":"""",""source_body_area_codes"":[""HIP"",""KNEE""],""source_equipment_codes"":[""BODYWEIGHT""],""source_primary_movement_pattern_code"":""MOBILITY_STRETCH""}",false,TARGET_EXCLUDES_DISCOMFORT_AREA,false,true,false,true,false,,A_TO_B,NOT_APPLICABLE,REMOVE_RECLASSIFY,REMOVE_FROM_ALTERNATIVE_SET,RECLASSIFY_VARIANT,NO_DISCOMFORT_CONDITION,통증·불편 조건이 없는 관계이므로 Alternative에서 제거하고 다른 관계 체계로 보낸다.,,[],generated/exercise-alternatives-v0.3.0/alternative_relationships.csv,DOMAIN_REVIEWER,2026-08-24T00:00:00+09:00,DOMAIN_REVIEWER,DOMAIN_APPROVED,exercise-catalog-v2.0.2-draft,d2ff054350b7904b3cb99affb6e656a4a30acba82f81d889a98951928aeb725f,NEX-000137:NEX-000138:INTENSITY,"{""legacy_relationship_type"":""INTENSITY"",""materialization_version"":""v2-representative-decisions-2026-08-24"",""selection_basis"":""REX_ENDPOINT_AND_V2_CATALOG_RECHECK"",""source_path"":""generated/exercise-alternatives-v0.3.0/alternative_relationships.csv"",""source_relation_key"":""NEX-000137:NEX-000138:INTENSITY""}",DETERMINISTIC_POLICY_V2_0_2,DATA_REVIEW_PIPELINE,REVIEW_REQUIRED,false
ALT-LEGACY-80934a997568658a,243,exercise-catalog-v2.0.2-draft|d2ff054350b7904b3cb99affb6e656a4a30acba82f81d889a98951928aeb725f|mapping:ABDOMEN:NRS_1_3:REX-000090:REX-000009:DISCOMFORT,DISCOMFORT,SAME_GOAL,,spine_core_brace_core_brace_mat,spine_core_brace_core_brace_mat,REX-000090,REPRESENTATIVE,버드독,CORE_BRACE,"[""ABDOMEN""]","[""LOWER_BACK"",""HIP"",""SHOULDER""]","[""MAT""]","[""HOME"",""GYM""]",BEGINNER,bodyweight_crunch_core_brace_bodyweight,bodyweight_crunch_core_brace_bodyweight,REX-000009,REPRESENTATIVE,크런치,CORE_BRACE,"[""ABDOMEN""]","[""LOWER_BACK""]","[""BODYWEIGHT""]","[""HOME"",""GYM""]",BEGINNER,LEGACY_ALTERNATIVE,ABDOMEN,NRS_1_3,1,3,MILD,LOAD_REDUCED,PAIN_AREA_INVOLVEMENT_IN_SOURCE_MOVEMENT,"{""discomfort_area_code"":""ABDOMEN"",""source_body_area_codes"":[""ABDOMEN"",""HIP"",""LOWER_BACK"",""SHOULDER""],""source_equipment_codes"":[""MAT""],""source_primary_movement_pattern_code"":""CORE_BRACE""}",true,UNCONFIRMED,true,true,false,true,false,,A_TO_B,NOT_APPLICABLE,REMOVE_RECLASSIFY,REMOVE_UNSAFE_SAME_AREA_TARGET,REMOVE_TARGET_RETAINS_DISCOMFORT_AREA,TARGET_RETAINS_DISCOMFORT_AREA,NRS 점수가 1~3인 경미한 조건이어도 target이 보고된 불편 부위를 포함하므로 동일 부담·위험을 남길 수 있어 Alternative에서 삭제한다.,,[],normalized/v2_discomfort_alternative_mapping.csv,DOMAIN_REVIEWER,2026-08-24T00:00:00+09:00,DOMAIN_REVIEWER,DOMAIN_APPROVED,exercise-catalog-v2.0.2-draft,d2ff054350b7904b3cb99affb6e656a4a30acba82f81d889a98951928aeb725f,mapping:ABDOMEN:NRS_1_3:REX-000090:REX-000009:DISCOMFORT,"{""alternative_target_muscle_code"":""CORE"",""body_area_code"":""ABDOMEN"",""materialization_version"":""v2-representative-decisions-2026-08-24"",""score_band_code"":""NRS_1_3"",""selection_basis"":""DOMAIN_APPROVED_SCORE_BAND_AND_TARGET_MUSCLE_POLICY"",""source_path"":""normalized/v2_discomfort_alternative_mapping.csv"",""source_relation_key"":""mapping:ABDOMEN:NRS_1_3:REX-000090:REX-000009:DISCOMFORT"",""source_target_muscle_code"":""CORE""}",DETERMINISTIC_POLICY_V2_0_2,DATA_REVIEW_PIPELINE,REVIEW_REQUIRED,false
ALT-LEGACY-72a33351f8147b54,244,exercise-catalog-v2.0.2-draft|d2ff054350b7904b3cb99affb6e656a4a30acba82f81d889a98951928aeb725f|NEX-000179:NEX-000094:RECOVERY,LOCATION,CORE_STABILITY,RECOVERY,spine_core_brace_core_brace_mat,spine_core_brace_core_brace_mat,REX-000090,REPRESENTATIVE,버드독,CORE_BRACE,"[""ABDOMEN""]","[""LOWER_BACK"",""HIP"",""SHOULDER""]","[""MAT""]","[""HOME"",""GYM""]",BEGINNER,bodyweight_reverse_crunch_core_brace_bodyweight,bodyweight_reverse_crunch_core_brace_bodyweight,REX-000013,REPRESENTATIVE,리버스 크런치,CORE_BRACE,"[""ABDOMEN""]","[""LOWER_BACK""]","[""BODYWEIGHT""]","[""HOME"",""GYM""]",INTERMEDIATE,LEGACY_ALTERNATIVE,,,,,,,PAIN_AREA_INVOLVEMENT_IN_SOURCE_MOVEMENT,"{""discomfort_area_code"":"""",""source_body_area_codes"":[""ABDOMEN"",""HIP"",""LOWER_BACK"",""SHOULDER""],""source_equipment_codes"":[""MAT""],""source_primary_movement_pattern_code"":""CORE_BRACE""}",false,TARGET_EXCLUDES_DISCOMFORT_AREA,false,false,false,true,false,,A_TO_B,NOT_APPLICABLE,REMOVE_RECLASSIFY,REMOVE_FROM_ALTERNATIVE_SET,RECLASSIFY_CONTEXT_DEFAULT,NO_DISCOMFORT_CONDITION,통증·불편 조건이 없는 관계이므로 Alternative에서 제거하고 다른 관계 체계로 보낸다.,,[],generated/exercise-alternatives-v0.3.0/alternative_relationships.csv,DOMAIN_REVIEWER,2026-08-24T00:00:00+09:00,DOMAIN_REVIEWER,DOMAIN_APPROVED,exercise-catalog-v2.0.2-draft,d2ff054350b7904b3cb99affb6e656a4a30acba82f81d889a98951928aeb725f,NEX-000179:NEX-000094:RECOVERY,"{""legacy_relationship_type"":""RECOVERY"",""materialization_version"":""v2-representative-decisions-2026-08-24"",""selection_basis"":""REX_ENDPOINT_AND_V2_CATALOG_RECHECK"",""source_path"":""generated/exercise-alternatives-v0.3.0/alternative_relationships.csv"",""source_relation_key"":""NEX-000179:NEX-000094:RECOVERY""}",DETERMINISTIC_POLICY_V2_0_2,DATA_REVIEW_PIPELINE,REVIEW_REQUIRED,false
ALT-LEGACY-65566ed5ff361766,253,exercise-catalog-v2.0.2-draft|d2ff054350b7904b3cb99affb6e656a4a30acba82f81d889a98951928aeb725f|NEX-000197:NEX-000167:CONSTRAINT,LOCATION,KNEE_DOMINANT_STRENGTH,CONSTRAINT,squat_variant_knee_dominant_barbell,squat_variant_knee_dominant_barbell,REX-000093,REPRESENTATIVE,스쿼트,KNEE_DOMINANT,"[""KNEE"",""HIP""]","[""LOWER_BACK"",""ANKLE_FOOT""]","[""BARBELL""]","[""GYM""]",INTERMEDIATE,bodyweight_forward_lunge_knee_dominant_bodyweight,bodyweight_forward_lunge_knee_dominant_bodyweight,REX-000010,REPRESENTATIVE,포워드 런지,KNEE_DOMINANT,"[""HIP"",""KNEE""]","[""ANKLE_FOOT""]","[""BODYWEIGHT""]","[""HOME"",""GYM""]",BEGINNER,LEGACY_ALTERNATIVE,,,,,,,PAIN_AREA_INVOLVEMENT_IN_SOURCE_MOVEMENT,"{""discomfort_area_code"":"""",""source_body_area_codes"":[""ANKLE_FOOT"",""HIP"",""KNEE"",""LOWER_BACK""],""source_equipment_codes"":[""BARBELL""],""source_primary_movement_pattern_code"":""KNEE_DOMINANT""}",false,TARGET_EXCLUDES_DISCOMFORT_AREA,false,true,false,true,false,,A_TO_B,NOT_APPLICABLE,REMOVE_RECLASSIFY,REMOVE_FROM_ALTERNATIVE_SET,RECLASSIFY_CONTEXT_DEFAULT,NO_DISCOMFORT_CONDITION,통증·불편 조건이 없는 관계이므로 Alternative에서 제거하고 다른 관계 체계로 보낸다.,,[],generated/exercise-alternatives-v0.3.0/alternative_relationships.csv,DOMAIN_REVIEWER,2026-08-24T00:00:00+09:00,DOMAIN_REVIEWER,DOMAIN_APPROVED,exercise-catalog-v2.0.2-draft,d2ff054350b7904b3cb99affb6e656a4a30acba82f81d889a98951928aeb725f,NEX-000197:NEX-000167:CONSTRAINT,"{""legacy_relationship_type"":""CONSTRAINT"",""materialization_version"":""v2-representative-decisions-2026-08-24"",""selection_basis"":""REX_ENDPOINT_AND_V2_CATALOG_RECHECK"",""source_path"":""generated/exercise-alternatives-v0.3.0/alternative_relationships.csv"",""source_relation_key"":""NEX-000197:NEX-000167:CONSTRAINT""}",DETERMINISTIC_POLICY_V2_0_2,DATA_REVIEW_PIPELINE,REVIEW_REQUIRED,false
ALT-LEGACY-b3942d6727e73b85,255,exercise-catalog-v2.0.2-draft|d2ff054350b7904b3cb99affb6e656a4a30acba82f81d889a98951928aeb725f|NEX-000197:NEX-000159:CONSTRAINT,LOCATION,KNEE_DOMINANT_STRENGTH,CONSTRAINT,squat_variant_knee_dominant_barbell,squat_variant_knee_dominant_barbell,REX-000093,REPRESENTATIVE,스쿼트,KNEE_DOMINANT,"[""KNEE"",""HIP""]","[""LOWER_BACK"",""ANKLE_FOOT""]","[""BARBELL""]","[""GYM""]",INTERMEDIATE,dumbbell_step_up_lunge_knee_dominant_dumbbell_step_box,dumbbell_step_up_lunge_knee_dominant_dumbbell_step_box,REX-000031,REPRESENTATIVE,덤벨 스텝업 런지,KNEE_DOMINANT,"[""KNEE"",""HIP""]","[""ANKLE_FOOT""]","[""DUMBBELL"",""STEP_BOX""]","[""GYM""]",INTERMEDIATE,LEGACY_ALTERNATIVE,,,,,,,PAIN_AREA_INVOLVEMENT_IN_SOURCE_MOVEMENT,"{""discomfort_area_code"":"""",""source_body_area_codes"":[""ANKLE_FOOT"",""HIP"",""KNEE"",""LOWER_BACK""],""source_equipment_codes"":[""BARBELL""],""source_primary_movement_pattern_code"":""KNEE_DOMINANT""}",false,TARGET_EXCLUDES_DISCOMFORT_AREA,false,true,false,true,false,,A_TO_B,NOT_APPLICABLE,REMOVE_RECLASSIFY,REMOVE_FROM_ALTERNATIVE_SET,RECLASSIFY_CONTEXT_DEFAULT,NO_DISCOMFORT_CONDITION,통증·불편 조건이 없는 관계이므로 Alternative에서 제거하고 다른 관계 체계로 보낸다.,,[],generated/exercise-alternatives-v0.3.0/alternative_relationships.csv,DOMAIN_REVIEWER,2026-08-24T00:00:00+09:00,DOMAIN_REVIEWER,DOMAIN_APPROVED,exercise-catalog-v2.0.2-draft,d2ff054350b7904b3cb99affb6e656a4a30acba82f81d889a98951928aeb725f,NEX-000197:NEX-000159:CONSTRAINT,"{""legacy_relationship_type"":""CONSTRAINT"",""materialization_version"":""v2-representative-decisions-2026-08-24"",""selection_basis"":""REX_ENDPOINT_AND_V2_CATALOG_RECHECK"",""source_path"":""generated/exercise-alternatives-v0.3.0/alternative_relationships.csv"",""source_relation_key"":""NEX-000197:NEX-000159:CONSTRAINT""}",DETERMINISTIC_POLICY_V2_0_2,DATA_REVIEW_PIPELINE,REVIEW_REQUIRED,false
ALT-LEGACY-0a0c11f9f52b8f53,257,exercise-catalog-v2.0.2-draft|d2ff054350b7904b3cb99affb6e656a4a30acba82f81d889a98951928aeb725f|mapping:ANKLE_FOOT:NRS_1_3:REX-000094:REX-000003:DISCOMFORT,DISCOMFORT,SAME_GOAL,,standing_hamstring_calf_strap_stretch_mobility_stretch_stretch_strap,standing_hamstring_calf_strap_stretch_mobility_stretch_stretch_strap,REX-000094,REPRESENTATIVE,스트랩 햄스트링·종아리 스트레칭,MOBILITY_STRETCH,"[""KNEE"",""ANKLE_FOOT""]","[""HIP""]","[""STRETCH_STRAP""]","[""GYM""]",BEGINNER,ankle_circles_mobility_stretch_bodyweight,ankle_circles_mobility_stretch_bodyweight,REX-000003,REPRESENTATIVE,발목 돌리기,MOBILITY_STRETCH,"[""ANKLE_FOOT""]","[""KNEE""]","[""BODYWEIGHT""]","[""HOME"",""GYM""]",BEGINNER,LEGACY_ALTERNATIVE,ANKLE_FOOT,NRS_1_3,1,3,MILD,LOAD_REDUCED,PAIN_AREA_INVOLVEMENT_IN_SOURCE_MOVEMENT,"{""discomfort_area_code"":""ANKLE_FOOT"",""source_body_area_codes"":[""ANKLE_FOOT"",""HIP"",""KNEE""],""source_equipment_codes"":[""STRETCH_STRAP""],""source_primary_movement_pattern_code"":""MOBILITY_STRETCH""}",true,UNCONFIRMED,true,true,false,true,false,,A_TO_B,NOT_APPLICABLE,REMOVE_RECLASSIFY,REMOVE_UNSAFE_SAME_AREA_TARGET,REMOVE_TARGET_RETAINS_DISCOMFORT_AREA,TARGET_RETAINS_DISCOMFORT_AREA,NRS 점수가 1~3인 경미한 조건이어도 target이 보고된 불편 부위를 포함하므로 동일 부담·위험을 남길 수 있어 Alternative에서 삭제한다.,,[],normalized/v2_discomfort_alternative_mapping.csv,DOMAIN_REVIEWER,2026-08-24T00:00:00+09:00,DOMAIN_REVIEWER,DOMAIN_APPROVED,exercise-catalog-v2.0.2-draft,d2ff054350b7904b3cb99affb6e656a4a30acba82f81d889a98951928aeb725f,mapping:ANKLE_FOOT:NRS_1_3:REX-000094:REX-000003:DISCOMFORT,"{""alternative_target_muscle_code"":""MOBILITY"",""body_area_code"":""ANKLE_FOOT"",""materialization_version"":""v2-representative-decisions-2026-08-24"",""score_band_code"":""NRS_1_3"",""selection_basis"":""DOMAIN_APPROVED_SCORE_BAND_AND_TARGET_MUSCLE_POLICY"",""source_path"":""normalized/v2_discomfort_alternative_mapping.csv"",""source_relation_key"":""mapping:ANKLE_FOOT:NRS_1_3:REX-000094:REX-000003:DISCOMFORT"",""source_target_muscle_code"":""MOBILITY""}",DETERMINISTIC_POLICY_V2_0_2,DATA_REVIEW_PIPELINE,REVIEW_REQUIRED,false
ALT-LEGACY-36dd8a280e36cab2,259,exercise-catalog-v2.0.2-draft|d2ff054350b7904b3cb99affb6e656a4a30acba82f81d889a98951928aeb725f|policy:REX-000094:REX-000034:EQUIPMENT,EQUIPMENT,MOBILITY_HAMSTRING,,standing_hamstring_calf_strap_stretch_mobility_stretch_stretch_strap,standing_hamstring_calf_strap_stretch_mobility_stretch_stretch_strap,REX-000094,REPRESENTATIVE,스트랩 햄스트링·종아리 스트레칭,MOBILITY_STRETCH,"[""KNEE"",""ANKLE_FOOT""]","[""HIP""]","[""STRETCH_STRAP""]","[""GYM""]",BEGINNER,hamstring_stretch_mobility_stretch_bodyweight,hamstring_stretch_mobility_stretch_bodyweight,REX-000034,REPRESENTATIVE,햄스트링 스트레칭,MOBILITY_STRETCH,"[""KNEE""]","[""HIP""]","[""BODYWEIGHT""]","[""HOME"",""GYM""]",BEGINNER,LEGACY_ALTERNATIVE,,,,,,,PAIN_AREA_INVOLVEMENT_IN_SOURCE_MOVEMENT,"{""discomfort_area_code"":"""",""source_body_area_codes"":[""ANKLE_FOOT"",""HIP"",""KNEE""],""source_equipment_codes"":[""STRETCH_STRAP""],""source_primary_movement_pattern_code"":""MOBILITY_STRETCH""}",false,TARGET_EXCLUDES_DISCOMFORT_AREA,false,true,false,true,false,,A_TO_B,NOT_APPLICABLE,REMOVE_RECLASSIFY,REMOVE_FROM_ALTERNATIVE_SET,RECLASSIFY_VARIANT,NO_DISCOMFORT_CONDITION,통증·불편 조건이 없는 관계이므로 Alternative에서 제거하고 다른 관계 체계로 보낸다.,,[],normalized/v2_representative_decisions.json,DOMAIN_REVIEWER,2026-08-24T00:00:00+09:00,DOMAIN_REVIEWER,DOMAIN_APPROVED,exercise-catalog-v2.0.2-draft,d2ff054350b7904b3cb99affb6e656a4a30acba82f81d889a98951928aeb725f,policy:REX-000094:REX-000034:EQUIPMENT,"{""materialization_version"":""v2-representative-decisions-2026-08-24"",""selection_basis"":""APPROVED_STRETCH_STRAP_TO_BODYWEIGHT_RELATION"",""source_path"":""normalized/v2_representative_decisions.json"",""source_relation_key"":""policy:REX-000094:REX-000034:EQUIPMENT""}",DETERMINISTIC_POLICY_V2_0_2,DATA_REVIEW_PIPELINE,REVIEW_REQUIRED,false
ALT-LEGACY-d910ca86507555e6,266,exercise-catalog-v2.0.2-draft|d2ff054350b7904b3cb99affb6e656a4a30acba82f81d889a98951928aeb725f|mapping:ELBOW:NRS_1_3:REX-000097:REX-000046:DISCOMFORT,DISCOMFORT,SAME_GOAL,,upper_back_isolation_isolation_resistance_band,upper_back_isolation_isolation_resistance_band,REX-000097,REPRESENTATIVE,시티드 밴드 풀어파트,ISOLATION,"[""UPPER_BACK""]","[""SHOULDER"",""ELBOW""]","[""RESISTANCE_BAND""]","[""HOME"",""GYM""]",BEGINNER,one_arm_wall_lats_isolation_bodyweight,one_arm_wall_lats_isolation_bodyweight,REX-000046,REPRESENTATIVE,벽 짚고 한 팔 광배근 스트레칭,ISOLATION,"[""UPPER_BACK""]","[""SHOULDER"",""ELBOW""]","[""BODYWEIGHT""]","[""HOME"",""GYM""]",BEGINNER,LEGACY_ALTERNATIVE,ELBOW,NRS_1_3,1,3,MILD,LOAD_REDUCED,PAIN_AREA_INVOLVEMENT_IN_SOURCE_MOVEMENT,"{""discomfort_area_code"":""ELBOW"",""source_body_area_codes"":[""ELBOW"",""SHOULDER"",""UPPER_BACK""],""source_equipment_codes"":[""RESISTANCE_BAND""],""source_primary_movement_pattern_code"":""ISOLATION""}",true,UNCONFIRMED,true,true,false,true,false,,A_TO_B,NOT_APPLICABLE,REMOVE_RECLASSIFY,REMOVE_UNSAFE_SAME_AREA_TARGET,REMOVE_TARGET_RETAINS_DISCOMFORT_AREA,TARGET_RETAINS_DISCOMFORT_AREA,NRS 점수가 1~3인 경미한 조건이어도 target이 보고된 불편 부위를 포함하므로 동일 부담·위험을 남길 수 있어 Alternative에서 삭제한다.,,[],normalized/v2_discomfort_alternative_mapping.csv,DOMAIN_REVIEWER,2026-08-24T00:00:00+09:00,DOMAIN_REVIEWER,DOMAIN_APPROVED,exercise-catalog-v2.0.2-draft,d2ff054350b7904b3cb99affb6e656a4a30acba82f81d889a98951928aeb725f,mapping:ELBOW:NRS_1_3:REX-000097:REX-000046:DISCOMFORT,"{""alternative_target_muscle_code"":""BACK"",""body_area_code"":""ELBOW"",""materialization_version"":""v2-representative-decisions-2026-08-24"",""score_band_code"":""NRS_1_3"",""selection_basis"":""DOMAIN_APPROVED_SCORE_BAND_AND_TARGET_MUSCLE_POLICY"",""source_path"":""normalized/v2_discomfort_alternative_mapping.csv"",""source_relation_key"":""mapping:ELBOW:NRS_1_3:REX-000097:REX-000046:DISCOMFORT"",""source_target_muscle_code"":""BACK""}",DETERMINISTIC_POLICY_V2_0_2,DATA_REVIEW_PIPELINE,REVIEW_REQUIRED,false
ALT-LEGACY-e0b12ca3b243a528,269,exercise-catalog-v2.0.2-draft|d2ff054350b7904b3cb99affb6e656a4a30acba82f81d889a98951928aeb725f|mapping:ANKLE_FOOT:NRS_1_3:REX-000099:REX-000003:DISCOMFORT,DISCOMFORT,SAME_GOAL,,wall_calf_stretch_mobility_stretch_bodyweight,wall_calf_stretch_mobility_stretch_bodyweight,REX-000099,REPRESENTATIVE,벽 짚고 종아리 스트레칭,MOBILITY_STRETCH,"[""ANKLE_FOOT""]","[""KNEE""]","[""BODYWEIGHT""]","[""HOME"",""GYM""]",BEGINNER,ankle_circles_mobility_stretch_bodyweight,ankle_circles_mobility_stretch_bodyweight,REX-000003,REPRESENTATIVE,발목 돌리기,MOBILITY_STRETCH,"[""ANKLE_FOOT""]","[""KNEE""]","[""BODYWEIGHT""]","[""HOME"",""GYM""]",BEGINNER,LEGACY_ALTERNATIVE,ANKLE_FOOT,NRS_1_3,1,3,MILD,LOAD_REDUCED,PAIN_AREA_INVOLVEMENT_IN_SOURCE_MOVEMENT,"{""discomfort_area_code"":""ANKLE_FOOT"",""source_body_area_codes"":[""ANKLE_FOOT"",""KNEE""],""source_equipment_codes"":[""BODYWEIGHT""],""source_primary_movement_pattern_code"":""MOBILITY_STRETCH""}",true,UNCONFIRMED,true,true,false,true,false,,A_TO_B,NOT_APPLICABLE,REMOVE_RECLASSIFY,REMOVE_UNSAFE_SAME_AREA_TARGET,REMOVE_TARGET_RETAINS_DISCOMFORT_AREA,TARGET_RETAINS_DISCOMFORT_AREA,NRS 점수가 1~3인 경미한 조건이어도 target이 보고된 불편 부위를 포함하므로 동일 부담·위험을 남길 수 있어 Alternative에서 삭제한다.,,[],normalized/v2_discomfort_alternative_mapping.csv,DOMAIN_REVIEWER,2026-08-24T00:00:00+09:00,DOMAIN_REVIEWER,DOMAIN_APPROVED,exercise-catalog-v2.0.2-draft,d2ff054350b7904b3cb99affb6e656a4a30acba82f81d889a98951928aeb725f,mapping:ANKLE_FOOT:NRS_1_3:REX-000099:REX-000003:DISCOMFORT,"{""alternative_target_muscle_code"":""MOBILITY"",""body_area_code"":""ANKLE_FOOT"",""materialization_version"":""v2-representative-decisions-2026-08-24"",""score_band_code"":""NRS_1_3"",""selection_basis"":""DOMAIN_APPROVED_SCORE_BAND_AND_TARGET_MUSCLE_POLICY"",""source_path"":""normalized/v2_discomfort_alternative_mapping.csv"",""source_relation_key"":""mapping:ANKLE_FOOT:NRS_1_3:REX-000099:REX-000003:DISCOMFORT"",""source_target_muscle_code"":""MOBILITY""}",DETERMINISTIC_POLICY_V2_0_2,DATA_REVIEW_PIPELINE,REVIEW_REQUIRED,false
ALT-LEGACY-2c4c1b3caf505d7e,271,exercise-catalog-v2.0.2-draft|d2ff054350b7904b3cb99affb6e656a4a30acba82f81d889a98951928aeb725f|mapping:ANKLE_FOOT:NRS_1_3:REX-000100:REX-000003:DISCOMFORT,DISCOMFORT,SAME_GOAL,,world_greatest_stretch_mobility_stretch_bodyweight,world_greatest_stretch_mobility_stretch_bodyweight,REX-000100,REPRESENTATIVE,월드 그레이티스트 스트레칭,MOBILITY_STRETCH,"[""HIP"",""KNEE""]","[""ANKLE_FOOT""]","[""BODYWEIGHT""]","[""HOME"",""GYM""]",INTERMEDIATE,ankle_circles_mobility_stretch_bodyweight,ankle_circles_mobility_stretch_bodyweight,REX-000003,REPRESENTATIVE,발목 돌리기,MOBILITY_STRETCH,"[""ANKLE_FOOT""]","[""KNEE""]","[""BODYWEIGHT""]","[""HOME"",""GYM""]",BEGINNER,LEGACY_ALTERNATIVE,ANKLE_FOOT,NRS_1_3,1,3,MILD,LOAD_REDUCED,PAIN_AREA_INVOLVEMENT_IN_SOURCE_MOVEMENT,"{""discomfort_area_code"":""ANKLE_FOOT"",""source_body_area_codes"":[""ANKLE_FOOT"",""HIP"",""KNEE""],""source_equipment_codes"":[""BODYWEIGHT""],""source_primary_movement_pattern_code"":""MOBILITY_STRETCH""}",true,UNCONFIRMED,true,true,false,true,false,,A_TO_B,NOT_APPLICABLE,REMOVE_RECLASSIFY,REMOVE_UNSAFE_SAME_AREA_TARGET,REMOVE_TARGET_RETAINS_DISCOMFORT_AREA,TARGET_RETAINS_DISCOMFORT_AREA,NRS 점수가 1~3인 경미한 조건이어도 target이 보고된 불편 부위를 포함하므로 동일 부담·위험을 남길 수 있어 Alternative에서 삭제한다.,,[],normalized/v2_discomfort_alternative_mapping.csv,DOMAIN_REVIEWER,2026-08-24T00:00:00+09:00,DOMAIN_REVIEWER,DOMAIN_APPROVED,exercise-catalog-v2.0.2-draft,d2ff054350b7904b3cb99affb6e656a4a30acba82f81d889a98951928aeb725f,mapping:ANKLE_FOOT:NRS_1_3:REX-000100:REX-000003:DISCOMFORT,"{""alternative_target_muscle_code"":""MOBILITY"",""body_area_code"":""ANKLE_FOOT"",""materialization_version"":""v2-representative-decisions-2026-08-24"",""score_band_code"":""NRS_1_3"",""selection_basis"":""DOMAIN_APPROVED_SCORE_BAND_AND_TARGET_MUSCLE_POLICY"",""source_path"":""normalized/v2_discomfort_alternative_mapping.csv"",""source_relation_key"":""mapping:ANKLE_FOOT:NRS_1_3:REX-000100:REX-000003:DISCOMFORT"",""source_target_muscle_code"":""MOBILITY""}",DETERMINISTIC_POLICY_V2_0_2,DATA_REVIEW_PIPELINE,REVIEW_REQUIRED,false
ALT-LEGACY-b07f9e3166a5a2c0,273,exercise-catalog-v2.0.2-draft|d2ff054350b7904b3cb99affb6e656a4a30acba82f81d889a98951928aeb725f|NEX-000139:NEX-000136:INTENSITY,DIFFICULTY,MOBILITY_HAMSTRING,INTENSITY,world_greatest_stretch_mobility_stretch_bodyweight,world_greatest_stretch_mobility_stretch_bodyweight,REX-000100,REPRESENTATIVE,월드 그레이티스트 스트레칭,MOBILITY_STRETCH,"[""HIP"",""KNEE""]","[""ANKLE_FOOT""]","[""BODYWEIGHT""]","[""HOME"",""GYM""]",INTERMEDIATE,runners_stretch_mobility_stretch_bodyweight,runners_stretch_mobility_stretch_bodyweight,REX-000077,REPRESENTATIVE,러너스 스트레칭,MOBILITY_STRETCH,"[""ANKLE_FOOT"",""KNEE""]","[""HIP""]","[""BODYWEIGHT""]","[""HOME"",""GYM""]",BEGINNER,LEGACY_ALTERNATIVE,,,,,,,PAIN_AREA_INVOLVEMENT_IN_SOURCE_MOVEMENT,"{""discomfort_area_code"":"""",""source_body_area_codes"":[""ANKLE_FOOT"",""HIP"",""KNEE""],""source_equipment_codes"":[""BODYWEIGHT""],""source_primary_movement_pattern_code"":""MOBILITY_STRETCH""}",false,TARGET_EXCLUDES_DISCOMFORT_AREA,false,true,false,true,false,,A_TO_B,NOT_APPLICABLE,REMOVE_RECLASSIFY,REMOVE_FROM_ALTERNATIVE_SET,RECLASSIFY_DIFFICULTY_VARIANT,NO_DISCOMFORT_CONDITION,통증·불편 조건이 없는 관계이므로 Alternative에서 제거하고 다른 관계 체계로 보낸다.,,[],generated/exercise-alternatives-v0.3.0/alternative_relationships.csv,DOMAIN_REVIEWER,2026-08-24T00:00:00+09:00,DOMAIN_REVIEWER,DOMAIN_APPROVED,exercise-catalog-v2.0.2-draft,d2ff054350b7904b3cb99affb6e656a4a30acba82f81d889a98951928aeb725f,NEX-000139:NEX-000136:INTENSITY,"{""legacy_relationship_type"":""INTENSITY"",""materialization_version"":""v2-representative-decisions-2026-08-24"",""selection_basis"":""REX_ENDPOINT_AND_V2_CATALOG_RECHECK"",""source_path"":""generated/exercise-alternatives-v0.3.0/alternative_relationships.csv"",""source_relation_key"":""NEX-000139:NEX-000136:INTENSITY""}",DETERMINISTIC_POLICY_V2_0_2,DATA_REVIEW_PIPELINE,REVIEW_REQUIRED,false
ALT-LEGACY-dd833c969a9c1b53,277,exercise-catalog-v2.0.2-draft|d2ff054350b7904b3cb99affb6e656a4a30acba82f81d889a98951928aeb725f|NEX-000010:NEX-000141:CONSTRAINT,LOCATION,ISOLATION_ELBOW_FLEXION,CONSTRAINT,wrist_curl_isolation_barbell,wrist_curl_isolation_barbell,REX-000102,REPRESENTATIVE,리스트 컬,ISOLATION,"[""WRIST_HAND""]","[""ELBOW""]","[""BARBELL""]","[""GYM""]",BEGINNER,dumbbell_preacher_curl_isolation_dumbbell,dumbbell_preacher_curl_isolation_dumbbell,REX-000027,REPRESENTATIVE,프리처 컬,ISOLATION,"[""ELBOW""]","[""WRIST_HAND""]","[""DUMBBELL""]","[""HOME"",""GYM""]",BEGINNER,LEGACY_ALTERNATIVE,,,,,,,PAIN_AREA_INVOLVEMENT_IN_SOURCE_MOVEMENT,"{""discomfort_area_code"":"""",""source_body_area_codes"":[""ELBOW"",""WRIST_HAND""],""source_equipment_codes"":[""BARBELL""],""source_primary_movement_pattern_code"":""ISOLATION""}",false,TARGET_EXCLUDES_DISCOMFORT_AREA,false,true,false,true,false,,A_TO_B,NOT_APPLICABLE,REMOVE_RECLASSIFY,REMOVE_FROM_ALTERNATIVE_SET,RECLASSIFY_CONTEXT_DEFAULT,NO_DISCOMFORT_CONDITION,통증·불편 조건이 없는 관계이므로 Alternative에서 제거하고 다른 관계 체계로 보낸다.,,[],generated/exercise-alternatives-v0.3.0/alternative_relationships.csv,DOMAIN_REVIEWER,2026-08-24T00:00:00+09:00,DOMAIN_REVIEWER,DOMAIN_APPROVED,exercise-catalog-v2.0.2-draft,d2ff054350b7904b3cb99affb6e656a4a30acba82f81d889a98951928aeb725f,NEX-000010:NEX-000141:CONSTRAINT,"{""legacy_relationship_type"":""CONSTRAINT"",""materialization_version"":""v2-representative-decisions-2026-08-24"",""selection_basis"":""REX_ENDPOINT_AND_V2_CATALOG_RECHECK"",""source_path"":""generated/exercise-alternatives-v0.3.0/alternative_relationships.csv"",""source_relation_key"":""NEX-000010:NEX-000141:CONSTRAINT""}",DETERMINISTIC_POLICY_V2_0_2,DATA_REVIEW_PIPELINE,REVIEW_REQUIRED,false
ALT-LEGACY-01e2ebf15e22ff82,278,exercise-catalog-v2.0.2-draft|d2ff054350b7904b3cb99affb6e656a4a30acba82f81d889a98951928aeb725f|NEX-000046:NEX-000059:CONSTRAINT,LOCATION,ISOLATION_ELBOW_FLEXION,CONSTRAINT,wrist_curl_isolation_barbell,wrist_curl_isolation_barbell,REX-000102,REPRESENTATIVE,리스트 컬,ISOLATION,"[""WRIST_HAND""]","[""ELBOW""]","[""BARBELL""]","[""GYM""]",BEGINNER,dumbbell_standing_curl_isolation_dumbbell,dumbbell_standing_curl_isolation_dumbbell,REX-000030,REPRESENTATIVE,덤벨 바이셉스 컬,ISOLATION,"[""ELBOW""]","[""WRIST_HAND""]","[""DUMBBELL""]","[""HOME"",""GYM""]",BEGINNER,LEGACY_ALTERNATIVE,,,,,,,PAIN_AREA_INVOLVEMENT_IN_SOURCE_MOVEMENT,"{""discomfort_area_code"":"""",""source_body_area_codes"":[""ELBOW"",""WRIST_HAND""],""source_equipment_codes"":[""BARBELL""],""source_primary_movement_pattern_code"":""ISOLATION""}",false,TARGET_EXCLUDES_DISCOMFORT_AREA,false,true,false,true,false,,A_TO_B,NOT_APPLICABLE,REMOVE_RECLASSIFY,REMOVE_FROM_ALTERNATIVE_SET,RECLASSIFY_CONTEXT_DEFAULT,NO_DISCOMFORT_CONDITION,통증·불편 조건이 없는 관계이므로 Alternative에서 제거하고 다른 관계 체계로 보낸다.,,[],generated/exercise-alternatives-v0.3.0/alternative_relationships.csv,DOMAIN_REVIEWER,2026-08-24T00:00:00+09:00,DOMAIN_REVIEWER,DOMAIN_APPROVED,exercise-catalog-v2.0.2-draft,d2ff054350b7904b3cb99affb6e656a4a30acba82f81d889a98951928aeb725f,NEX-000046:NEX-000059:CONSTRAINT,"{""legacy_relationship_type"":""CONSTRAINT"",""materialization_version"":""v2-representative-decisions-2026-08-24"",""selection_basis"":""REX_ENDPOINT_AND_V2_CATALOG_RECHECK"",""source_path"":""generated/exercise-alternatives-v0.3.0/alternative_relationships.csv"",""source_relation_key"":""NEX-000046:NEX-000059:CONSTRAINT""}",DETERMINISTIC_POLICY_V2_0_2,DATA_REVIEW_PIPELINE,REVIEW_REQUIRED,false
ALT-LEGACY-3a78c91575fa0ab1,279,exercise-catalog-v2.0.2-draft|d2ff054350b7904b3cb99affb6e656a4a30acba82f81d889a98951928aeb725f|mapping:ELBOW:NRS_1_3:REX-000102:REX-000035:DISCOMFORT,DISCOMFORT,SAME_GOAL,,wrist_curl_isolation_barbell,wrist_curl_isolation_barbell,REX-000102,REPRESENTATIVE,리스트 컬,ISOLATION,"[""WRIST_HAND""]","[""ELBOW""]","[""BARBELL""]","[""GYM""]",BEGINNER,hand_grip_squeeze_isolation_household_weight,hand_grip_squeeze_isolation_household_weight,REX-000035,REPRESENTATIVE,손 악력 쥐기,ISOLATION,"[""WRIST_HAND""]","[""ELBOW""]","[""HOUSEHOLD_WEIGHT""]","[""HOME"",""GYM""]",BEGINNER,LEGACY_ALTERNATIVE,ELBOW,NRS_1_3,1,3,MILD,LOAD_REDUCED,PAIN_AREA_INVOLVEMENT_IN_SOURCE_MOVEMENT,"{""discomfort_area_code"":""ELBOW"",""source_body_area_codes"":[""ELBOW"",""WRIST_HAND""],""source_equipment_codes"":[""BARBELL""],""source_primary_movement_pattern_code"":""ISOLATION""}",true,UNCONFIRMED,true,true,false,true,false,,A_TO_B,NOT_APPLICABLE,REMOVE_RECLASSIFY,REMOVE_UNSAFE_SAME_AREA_TARGET,REMOVE_TARGET_RETAINS_DISCOMFORT_AREA,TARGET_RETAINS_DISCOMFORT_AREA,NRS 점수가 1~3인 경미한 조건이어도 target이 보고된 불편 부위를 포함하므로 동일 부담·위험을 남길 수 있어 Alternative에서 삭제한다.,,[],normalized/v2_discomfort_alternative_mapping.csv,DOMAIN_REVIEWER,2026-08-24T00:00:00+09:00,DOMAIN_REVIEWER,DOMAIN_APPROVED,exercise-catalog-v2.0.2-draft,d2ff054350b7904b3cb99affb6e656a4a30acba82f81d889a98951928aeb725f,mapping:ELBOW:NRS_1_3:REX-000102:REX-000035:DISCOMFORT,"{""alternative_target_muscle_code"":""FOREARMS"",""body_area_code"":""ELBOW"",""materialization_version"":""v2-representative-decisions-2026-08-24"",""score_band_code"":""NRS_1_3"",""selection_basis"":""DOMAIN_APPROVED_SCORE_BAND_AND_TARGET_MUSCLE_POLICY"",""source_path"":""normalized/v2_discomfort_alternative_mapping.csv"",""source_relation_key"":""mapping:ELBOW:NRS_1_3:REX-000102:REX-000035:DISCOMFORT"",""source_target_muscle_code"":""FOREARMS""}",DETERMINISTIC_POLICY_V2_0_2,DATA_REVIEW_PIPELINE,REVIEW_REQUIRED,false
