exercise_id,movement_pattern,body_focus,difficulty,rule_id,action,alternative_required,source_rule_id
NEX-000001,HINGE,GLUTES,INTERMEDIATE,SRV2-NEW-0023,EXCLUDE,YES,LEGACY-RULE-0004|LEGACY-RULE-0006|LEGACY-RULE-0029|LEGACY-RULE-0075|LEGACY-RULE-0108|LEGACY-RULE-0144|LEGACY-RULE-0261
NEX-000001,HINGE,GLUTES,INTERMEDIATE,SRV2-NEW-0025,CAUTION,NO,LEGACY-RULE-0069|LEGACY-RULE-0094|LEGACY-RULE-0116|LEGACY-RULE-0134|LEGACY-RULE-0150|LEGACY-RULE-0170|LEGACY-RULE-0177|LEGACY-RULE-0198|LEGACY-RULE-0216|LEGACY-RULE-0230|LEGACY-RULE-0252|LEGACY-RULE-0266|LEGACY-RULE-0275
NEX-000001,HINGE,GLUTES,INTERMEDIATE,SRV2-NEW-0027,EXCLUDE,YES,LEGACY-RULE-0070|LEGACY-RULE-0095|LEGACY-RULE-0117|LEGACY-RULE-0135|LEGACY-RULE-0151|LEGACY-RULE-0171|LEGACY-RULE-0178|LEGACY-RULE-0199|LEGACY-RULE-0217|LEGACY-RULE-0231|LEGACY-RULE-0253|LEGACY-RULE-0267|LEGACY-RULE-0276
NEX-000001,HINGE,GLUTES,INTERMEDIATE,SRV2-NEW-0028,CAUTION,NO,LEGACY-RULE-0037|LEGACY-RULE-0044|LEGACY-RULE-0066|LEGACY-RULE-0076|LEGACY-RULE-0091|LEGACY-RULE-0111|LEGACY-RULE-0142|LEGACY-RULE-0145|LEGACY-RULE-0155|LEGACY-RULE-0157|LEGACY-RULE-0160|LEGACY-RULE-0164|LEGACY-RULE-0185|LEGACY-RULE-0250|LEGACY-RULE-0264|LEGACY-RULE-0270|LEGACY-RULE-0272
NEX-000001,HINGE,GLUTES,INTERMEDIATE,SRV2-NEW-0030,EXCLUDE,YES,LEGACY-RULE-0038|LEGACY-RULE-0045|LEGACY-RULE-0067|LEGACY-RULE-0077|LEGACY-RULE-0092|LEGACY-RULE-0112|LEGACY-RULE-0143|LEGACY-RULE-0146|LEGACY-RULE-0156|LEGACY-RULE-0158|LEGACY-RULE-0161|LEGACY-RULE-0165|LEGACY-RULE-0186|LEGACY-RULE-0251|LEGACY-RULE-0265|LEGACY-RULE-0271|LEGACY-RULE-0273
NEX-000002,PULL,BACK,INTERMEDIATE,SRV2-NEW-0069,CAUTION,NO,LEGACY-RULE-0125
NEX-000002,PULL,BACK,INTERMEDIATE,SRV2-NEW-0070,EXCLUDE,YES,LEGACY-RULE-0126
NEX-000002,PULL,BACK,INTERMEDIATE,SRV2-NEW-0071,CAUTION,NO,LEGACY-RULE-0009|LEGACY-RULE-0013|LEGACY-RULE-0018|LEGACY-RULE-0021|LEGACY-RULE-0053|LEGACY-RULE-0058
NEX-000002,PULL,BACK,INTERMEDIATE,SRV2-NEW-0073,EXCLUDE,YES,LEGACY-RULE-0010|LEGACY-RULE-0014|LEGACY-RULE-0019|LEGACY-RULE-0022|LEGACY-RULE-0054|LEGACY-RULE-0059
NEX-000002,PULL,BACK,INTERMEDIATE,SRV2-NEW-0078,EXCLUDE,YES,LEGACY-RULE-0008|LEGACY-RULE-0115|LEGACY-RULE-0154|LEGACY-RULE-0191|LEGACY-RULE-0208
NEX-000003,PULL,BACK,INTERMEDIATE,SRV2-NEW-0069,CAUTION,NO,LEGACY-RULE-0125
NEX-000003,PULL,BACK,INTERMEDIATE,SRV2-NEW-0070,EXCLUDE,YES,LEGACY-RULE-0126
NEX-000003,PULL,BACK,INTERMEDIATE,SRV2-NEW-0071,CAUTION,NO,LEGACY-RULE-0009|LEGACY-RULE-0013|LEGACY-RULE-0018|LEGACY-RULE-0021|LEGACY-RULE-0053|LEGACY-RULE-0058
NEX-000003,PULL,BACK,INTERMEDIATE,SRV2-NEW-0073,EXCLUDE,YES,LEGACY-RULE-0010|LEGACY-RULE-0014|LEGACY-RULE-0019|LEGACY-RULE-0022|LEGACY-RULE-0054|LEGACY-RULE-0059
NEX-000003,PULL,BACK,INTERMEDIATE,SRV2-NEW-0078,EXCLUDE,YES,LEGACY-RULE-0008|LEGACY-RULE-0115|LEGACY-RULE-0154|LEGACY-RULE-0191|LEGACY-RULE-0208
NEX-000004,PUSH,SHOULDERS,BEGINNER,SRV2-NEW-0086,CAUTION,NO,LEGACY-RULE-0009|LEGACY-RULE-0013|LEGACY-RULE-0018|LEGACY-RULE-0021|LEGACY-RULE-0053|LEGACY-RULE-0058
NEX-000004,PUSH,SHOULDERS,BEGINNER,SRV2-NEW-0088,EXCLUDE,YES,LEGACY-RULE-0010|LEGACY-RULE-0014|LEGACY-RULE-0019|LEGACY-RULE-0022|LEGACY-RULE-0054|LEGACY-RULE-0059
NEX-000004,PUSH,SHOULDERS,BEGINNER,SRV2-NEW-0090,EXCLUDE,YES,LEGACY-RULE-0007|LEGACY-RULE-0012|LEGACY-RULE-0017|LEGACY-RULE-0020|LEGACY-RULE-0057|LEGACY-RULE-0218|LEGACY-RULE-0245
NEX-000005,PULL,BACK,INTERMEDIATE,SRV2-NEW-0069,CAUTION,NO,LEGACY-RULE-0125
NEX-000005,PULL,BACK,INTERMEDIATE,SRV2-NEW-0070,EXCLUDE,YES,LEGACY-RULE-0126
NEX-000005,PULL,BACK,INTERMEDIATE,SRV2-NEW-0071,CAUTION,NO,LEGACY-RULE-0009|LEGACY-RULE-0013|LEGACY-RULE-0018|LEGACY-RULE-0021|LEGACY-RULE-0053|LEGACY-RULE-0058
NEX-000005,PULL,BACK,INTERMEDIATE,SRV2-NEW-0073,EXCLUDE,YES,LEGACY-RULE-0010|LEGACY-RULE-0014|LEGACY-RULE-0019|LEGACY-RULE-0022|LEGACY-RULE-0054|LEGACY-RULE-0059
NEX-000005,PULL,BACK,INTERMEDIATE,SRV2-NEW-0078,EXCLUDE,YES,LEGACY-RULE-0008|LEGACY-RULE-0115|LEGACY-RULE-0154|LEGACY-RULE-0191|LEGACY-RULE-0208
NEX-000006,PULL,FOREARMS,BEGINNER,SRV2-NEW-0071,CAUTION,NO,LEGACY-RULE-0009|LEGACY-RULE-0013|LEGACY-RULE-0018|LEGACY-RULE-0021|LEGACY-RULE-0053|LEGACY-RULE-0058
NEX-000006,PULL,FOREARMS,BEGINNER,SRV2-NEW-0073,EXCLUDE,YES,LEGACY-RULE-0010|LEGACY-RULE-0014|LEGACY-RULE-0019|LEGACY-RULE-0022|LEGACY-RULE-0054|LEGACY-RULE-0059
NEX-000006,PULL,FOREARMS,BEGINNER,SRV2-NEW-0081,EXCLUDE,YES,LEGACY-RULE-0159
NEX-000007,SQUAT,CALVES,BEGINNER,SRV2-NEW-0093,EXCLUDE,YES,LEGACY-RULE-0003|LEGACY-RULE-0149|LEGACY-RULE-0215
NEX-000007,SQUAT,CALVES,BEGINNER,SRV2-NEW-0098,CAUTION,NO,LEGACY-RULE-0069|LEGACY-RULE-0094|LEGACY-RULE-0116|LEGACY-RULE-0134|LEGACY-RULE-0150|LEGACY-RULE-0170|LEGACY-RULE-0177|LEGACY-RULE-0198|LEGACY-RULE-0216|LEGACY-RULE-0230|LEGACY-RULE-0252|LEGACY-RULE-0266|LEGACY-RULE-0275
NEX-000007,SQUAT,CALVES,BEGINNER,SRV2-NEW-0100,EXCLUDE,YES,LEGACY-RULE-0070|LEGACY-RULE-0095|LEGACY-RULE-0117|LEGACY-RULE-0135|LEGACY-RULE-0151|LEGACY-RULE-0171|LEGACY-RULE-0178|LEGACY-RULE-0199|LEGACY-RULE-0217|LEGACY-RULE-0231|LEGACY-RULE-0253|LEGACY-RULE-0267|LEGACY-RULE-0276
NEX-000008,PUSH,TRICEPS,BEGINNER,SRV2-NEW-0087,EXCLUDE,YES,LEGACY-RULE-0039|LEGACY-RULE-0046|LEGACY-RULE-0082|LEGACY-RULE-0120|LEGACY-RULE-0256
NEX-000008,PUSH,TRICEPS,BEGINNER,SRV2-NEW-0089,CAUTION,NO,LEGACY-RULE-0040|LEGACY-RULE-0049|LEGACY-RULE-0051|LEGACY-RULE-0083|LEGACY-RULE-0123|LEGACY-RULE-0166|LEGACY-RULE-0206|LEGACY-RULE-0225|LEGACY-RULE-0238|LEGACY-RULE-0259|LEGACY-RULE-0277
NEX-000008,PUSH,TRICEPS,BEGINNER,SRV2-NEW-0091,EXCLUDE,YES,LEGACY-RULE-0041|LEGACY-RULE-0050|LEGACY-RULE-0052|LEGACY-RULE-0084|LEGACY-RULE-0124|LEGACY-RULE-0167|LEGACY-RULE-0207|LEGACY-RULE-0226|LEGACY-RULE-0239|LEGACY-RULE-0260|LEGACY-RULE-0278
NEX-000009,HINGE,HAMSTRINGS,INTERMEDIATE,SRV2-NEW-0023,EXCLUDE,YES,LEGACY-RULE-0004|LEGACY-RULE-0006|LEGACY-RULE-0029|LEGACY-RULE-0075|LEGACY-RULE-0108|LEGACY-RULE-0144|LEGACY-RULE-0261
NEX-000009,HINGE,HAMSTRINGS,INTERMEDIATE,SRV2-NEW-0025,CAUTION,NO,LEGACY-RULE-0069|LEGACY-RULE-0094|LEGACY-RULE-0116|LEGACY-RULE-0134|LEGACY-RULE-0150|LEGACY-RULE-0170|LEGACY-RULE-0177|LEGACY-RULE-0198|LEGACY-RULE-0216|LEGACY-RULE-0230|LEGACY-RULE-0252|LEGACY-RULE-0266|LEGACY-RULE-0275
NEX-000009,HINGE,HAMSTRINGS,INTERMEDIATE,SRV2-NEW-0027,EXCLUDE,YES,LEGACY-RULE-0070|LEGACY-RULE-0095|LEGACY-RULE-0117|LEGACY-RULE-0135|LEGACY-RULE-0151|LEGACY-RULE-0171|LEGACY-RULE-0178|LEGACY-RULE-0199|LEGACY-RULE-0217|LEGACY-RULE-0231|LEGACY-RULE-0253|LEGACY-RULE-0267|LEGACY-RULE-0276
NEX-000009,HINGE,HAMSTRINGS,INTERMEDIATE,SRV2-NEW-0028,CAUTION,NO,LEGACY-RULE-0037|LEGACY-RULE-0044|LEGACY-RULE-0066|LEGACY-RULE-0076|LEGACY-RULE-0091|LEGACY-RULE-0111|LEGACY-RULE-0142|LEGACY-RULE-0145|LEGACY-RULE-0155|LEGACY-RULE-0157|LEGACY-RULE-0160|LEGACY-RULE-0164|LEGACY-RULE-0185|LEGACY-RULE-0250|LEGACY-RULE-0264|LEGACY-RULE-0270|LEGACY-RULE-0272
NEX-000009,HINGE,HAMSTRINGS,INTERMEDIATE,SRV2-NEW-0030,EXCLUDE,YES,LEGACY-RULE-0038|LEGACY-RULE-0045|LEGACY-RULE-0067|LEGACY-RULE-0077|LEGACY-RULE-0092|LEGACY-RULE-0112|LEGACY-RULE-0143|LEGACY-RULE-0146|LEGACY-RULE-0156|LEGACY-RULE-0158|LEGACY-RULE-0161|LEGACY-RULE-0165|LEGACY-RULE-0186|LEGACY-RULE-0251|LEGACY-RULE-0265|LEGACY-RULE-0271|LEGACY-RULE-0273
NEX-000010,PULL,FOREARMS,BEGINNER,SRV2-NEW-0071,CAUTION,NO,LEGACY-RULE-0009|LEGACY-RULE-0013|LEGACY-RULE-0018|LEGACY-RULE-0021|LEGACY-RULE-0053|LEGACY-RULE-0058
NEX-000010,PULL,FOREARMS,BEGINNER,SRV2-NEW-0073,EXCLUDE,YES,LEGACY-RULE-0010|LEGACY-RULE-0014|LEGACY-RULE-0019|LEGACY-RULE-0022|LEGACY-RULE-0054|LEGACY-RULE-0059
NEX-000010,PULL,FOREARMS,BEGINNER,SRV2-NEW-0081,EXCLUDE,YES,LEGACY-RULE-0159
NEX-000011,PULL,BICEPS,INTERMEDIATE,SRV2-NEW-0072,EXCLUDE,YES,LEGACY-RULE-0039|LEGACY-RULE-0046|LEGACY-RULE-0082|LEGACY-RULE-0120|LEGACY-RULE-0256
NEX-000011,PULL,BICEPS,INTERMEDIATE,SRV2-NEW-0077,CAUTION,NO,LEGACY-RULE-0033|LEGACY-RULE-0071|LEGACY-RULE-0080|LEGACY-RULE-0087|LEGACY-RULE-0096|LEGACY-RULE-0102|LEGACY-RULE-0136|LEGACY-RULE-0152|LEGACY-RULE-0174|LEGACY-RULE-0179|LEGACY-RULE-0200|LEGACY-RULE-0221|LEGACY-RULE-0232|LEGACY-RULE-0246
NEX-000011,PULL,BICEPS,INTERMEDIATE,SRV2-NEW-0079,EXCLUDE,YES,LEGACY-RULE-0034|LEGACY-RULE-0072|LEGACY-RULE-0081|LEGACY-RULE-0088|LEGACY-RULE-0097|LEGACY-RULE-0103|LEGACY-RULE-0137|LEGACY-RULE-0153|LEGACY-RULE-0175|LEGACY-RULE-0180|LEGACY-RULE-0201|LEGACY-RULE-0222|LEGACY-RULE-0233|LEGACY-RULE-0247
NEX-000011,PULL,BICEPS,INTERMEDIATE,SRV2-NEW-0080,CAUTION,NO,LEGACY-RULE-0035|LEGACY-RULE-0042|LEGACY-RULE-0047|LEGACY-RULE-0060|LEGACY-RULE-0064|LEGACY-RULE-0073|LEGACY-RULE-0085|LEGACY-RULE-0089|LEGACY-RULE-0098|LEGACY-RULE-0100|LEGACY-RULE-0104|LEGACY-RULE-0113|LEGACY-RULE-0121|LEGACY-RULE-0127|LEGACY-RULE-0129|LEGACY-RULE-0138|LEGACY-RULE-0168|LEGACY-RULE-0172|LEGACY-RULE-0181|LEGACY-RULE-0183|LEGACY-RULE-0202|LEGACY-RULE-0209|LEGACY-RULE-0211|LEGACY-RULE-0234|LEGACY-RULE-0257|LEGACY-RULE-0279
NEX-000011,PULL,BICEPS,INTERMEDIATE,SRV2-NEW-0082,EXCLUDE,YES,LEGACY-RULE-0036|LEGACY-RULE-0043|LEGACY-RULE-0048|LEGACY-RULE-0061|LEGACY-RULE-0065|LEGACY-RULE-0074|LEGACY-RULE-0086|LEGACY-RULE-0090|LEGACY-RULE-0099|LEGACY-RULE-0101|LEGACY-RULE-0105|LEGACY-RULE-0114|LEGACY-RULE-0122|LEGACY-RULE-0128|LEGACY-RULE-0130|LEGACY-RULE-0139|LEGACY-RULE-0169|LEGACY-RULE-0173|LEGACY-RULE-0182|LEGACY-RULE-0184|LEGACY-RULE-0203|LEGACY-RULE-0210|LEGACY-RULE-0212|LEGACY-RULE-0235|LEGACY-RULE-0258|LEGACY-RULE-0280
NEX-000012,PUSH,CHEST,BEGINNER,SRV2-NEW-0085,EXCLUDE,YES,LEGACY-RULE-0011|LEGACY-RULE-0244
NEX-000012,PUSH,CHEST,BEGINNER,SRV2-NEW-0089,CAUTION,NO,LEGACY-RULE-0040|LEGACY-RULE-0049|LEGACY-RULE-0051|LEGACY-RULE-0083|LEGACY-RULE-0123|LEGACY-RULE-0166|LEGACY-RULE-0206|LEGACY-RULE-0225|LEGACY-RULE-0238|LEGACY-RULE-0259|LEGACY-RULE-0277
NEX-000012,PUSH,CHEST,BEGINNER,SRV2-NEW-0091,EXCLUDE,YES,LEGACY-RULE-0041|LEGACY-RULE-0050|LEGACY-RULE-0052|LEGACY-RULE-0084|LEGACY-RULE-0124|LEGACY-RULE-0167|LEGACY-RULE-0207|LEGACY-RULE-0226|LEGACY-RULE-0239|LEGACY-RULE-0260|LEGACY-RULE-0278
NEX-000013,PULL,BACK,BEGINNER,SRV2-NEW-0071,CAUTION,NO,LEGACY-RULE-0009|LEGACY-RULE-0013|LEGACY-RULE-0018|LEGACY-RULE-0021|LEGACY-RULE-0053|LEGACY-RULE-0058
NEX-000013,PULL,BACK,BEGINNER,SRV2-NEW-0073,EXCLUDE,YES,LEGACY-RULE-0010|LEGACY-RULE-0014|LEGACY-RULE-0019|LEGACY-RULE-0022|LEGACY-RULE-0054|LEGACY-RULE-0059
NEX-000013,PULL,BACK,BEGINNER,SRV2-NEW-0074,CAUTION,NO,LEGACY-RULE-0040|LEGACY-RULE-0049|LEGACY-RULE-0051|LEGACY-RULE-0083|LEGACY-RULE-0123|LEGACY-RULE-0166|LEGACY-RULE-0206|LEGACY-RULE-0225|LEGACY-RULE-0238|LEGACY-RULE-0259|LEGACY-RULE-0277
NEX-000013,PULL,BACK,BEGINNER,SRV2-NEW-0076,EXCLUDE,YES,LEGACY-RULE-0041|LEGACY-RULE-0050|LEGACY-RULE-0052|LEGACY-RULE-0084|LEGACY-RULE-0124|LEGACY-RULE-0167|LEGACY-RULE-0207|LEGACY-RULE-0226|LEGACY-RULE-0239|LEGACY-RULE-0260|LEGACY-RULE-0278
NEX-000013,PULL,BACK,BEGINNER,SRV2-NEW-0078,EXCLUDE,YES,LEGACY-RULE-0008|LEGACY-RULE-0115|LEGACY-RULE-0154|LEGACY-RULE-0191|LEGACY-RULE-0208
NEX-000014,PULL,BACK,BEGINNER,SRV2-NEW-0071,CAUTION,NO,LEGACY-RULE-0009|LEGACY-RULE-0013|LEGACY-RULE-0018|LEGACY-RULE-0021|LEGACY-RULE-0053|LEGACY-RULE-0058
NEX-000014,PULL,BACK,BEGINNER,SRV2-NEW-0073,EXCLUDE,YES,LEGACY-RULE-0010|LEGACY-RULE-0014|LEGACY-RULE-0019|LEGACY-RULE-0022|LEGACY-RULE-0054|LEGACY-RULE-0059
NEX-000014,PULL,BACK,BEGINNER,SRV2-NEW-0074,CAUTION,NO,LEGACY-RULE-0040|LEGACY-RULE-0049|LEGACY-RULE-0051|LEGACY-RULE-0083|LEGACY-RULE-0123|LEGACY-RULE-0166|LEGACY-RULE-0206|LEGACY-RULE-0225|LEGACY-RULE-0238|LEGACY-RULE-0259|LEGACY-RULE-0277
NEX-000014,PULL,BACK,BEGINNER,SRV2-NEW-0076,EXCLUDE,YES,LEGACY-RULE-0041|LEGACY-RULE-0050|LEGACY-RULE-0052|LEGACY-RULE-0084|LEGACY-RULE-0124|LEGACY-RULE-0167|LEGACY-RULE-0207|LEGACY-RULE-0226|LEGACY-RULE-0239|LEGACY-RULE-0260|LEGACY-RULE-0278
NEX-000014,PULL,BACK,BEGINNER,SRV2-NEW-0078,EXCLUDE,YES,LEGACY-RULE-0008|LEGACY-RULE-0115|LEGACY-RULE-0154|LEGACY-RULE-0191|LEGACY-RULE-0208
NEX-000015,PULL,BACK,BEGINNER,SRV2-NEW-0071,CAUTION,NO,LEGACY-RULE-0009|LEGACY-RULE-0013|LEGACY-RULE-0018|LEGACY-RULE-0021|LEGACY-RULE-0053|LEGACY-RULE-0058
NEX-000015,PULL,BACK,BEGINNER,SRV2-NEW-0073,EXCLUDE,YES,LEGACY-RULE-0010|LEGACY-RULE-0014|LEGACY-RULE-0019|LEGACY-RULE-0022|LEGACY-RULE-0054|LEGACY-RULE-0059
NEX-000015,PULL,BACK,BEGINNER,SRV2-NEW-0074,CAUTION,NO,LEGACY-RULE-0040|LEGACY-RULE-0049|LEGACY-RULE-0051|LEGACY-RULE-0083|LEGACY-RULE-0123|LEGACY-RULE-0166|LEGACY-RULE-0206|LEGACY-RULE-0225|LEGACY-RULE-0238|LEGACY-RULE-0259|LEGACY-RULE-0277
NEX-000015,PULL,BACK,BEGINNER,SRV2-NEW-0076,EXCLUDE,YES,LEGACY-RULE-0041|LEGACY-RULE-0050|LEGACY-RULE-0052|LEGACY-RULE-0084|LEGACY-RULE-0124|LEGACY-RULE-0167|LEGACY-RULE-0207|LEGACY-RULE-0226|LEGACY-RULE-0239|LEGACY-RULE-0260|LEGACY-RULE-0278
NEX-000015,PULL,BACK,BEGINNER,SRV2-NEW-0078,EXCLUDE,YES,LEGACY-RULE-0008|LEGACY-RULE-0115|LEGACY-RULE-0154|LEGACY-RULE-0191|LEGACY-RULE-0208
NEX-000016,PUSH,CHEST,INTERMEDIATE,SRV2-NEW-0083,CAUTION,NO,LEGACY-RULE-0106|LEGACY-RULE-0118|LEGACY-RULE-0131|LEGACY-RULE-0162|LEGACY-RULE-0213
NEX-000016,PUSH,CHEST,INTERMEDIATE,SRV2-NEW-0084,EXCLUDE,YES,LEGACY-RULE-0107|LEGACY-RULE-0119|LEGACY-RULE-0132|LEGACY-RULE-0163|LEGACY-RULE-0214
NEX-000016,PUSH,CHEST,INTERMEDIATE,SRV2-NEW-0085,EXCLUDE,YES,LEGACY-RULE-0011|LEGACY-RULE-0244
NEX-000016,PUSH,CHEST,INTERMEDIATE,SRV2-NEW-0090,EXCLUDE,YES,LEGACY-RULE-0007|LEGACY-RULE-0012|LEGACY-RULE-0017|LEGACY-RULE-0020|LEGACY-RULE-0057|LEGACY-RULE-0218|LEGACY-RULE-0245
NEX-000017,PUSH,CHEST,BEGINNER,SRV2-NEW-0085,EXCLUDE,YES,LEGACY-RULE-0011|LEGACY-RULE-0244
NEX-000017,PUSH,CHEST,BEGINNER,SRV2-NEW-0089,CAUTION,NO,LEGACY-RULE-0040|LEGACY-RULE-0049|LEGACY-RULE-0051|LEGACY-RULE-0083|LEGACY-RULE-0123|LEGACY-RULE-0166|LEGACY-RULE-0206|LEGACY-RULE-0225|LEGACY-RULE-0238|LEGACY-RULE-0259|LEGACY-RULE-0277
NEX-000017,PUSH,CHEST,BEGINNER,SRV2-NEW-0091,EXCLUDE,YES,LEGACY-RULE-0041|LEGACY-RULE-0050|LEGACY-RULE-0052|LEGACY-RULE-0084|LEGACY-RULE-0124|LEGACY-RULE-0167|LEGACY-RULE-0207|LEGACY-RULE-0226|LEGACY-RULE-0239|LEGACY-RULE-0260|LEGACY-RULE-0278
NEX-000018,PULL,BACK,INTERMEDIATE,SRV2-NEW-0069,CAUTION,NO,LEGACY-RULE-0125
NEX-000018,PULL,BACK,INTERMEDIATE,SRV2-NEW-0070,EXCLUDE,YES,LEGACY-RULE-0126
NEX-000018,PULL,BACK,INTERMEDIATE,SRV2-NEW-0071,CAUTION,NO,LEGACY-RULE-0009|LEGACY-RULE-0013|LEGACY-RULE-0018|LEGACY-RULE-0021|LEGACY-RULE-0053|LEGACY-RULE-0058
NEX-000018,PULL,BACK,INTERMEDIATE,SRV2-NEW-0073,EXCLUDE,YES,LEGACY-RULE-0010|LEGACY-RULE-0014|LEGACY-RULE-0019|LEGACY-RULE-0022|LEGACY-RULE-0054|LEGACY-RULE-0059
NEX-000018,PULL,BACK,INTERMEDIATE,SRV2-NEW-0078,EXCLUDE,YES,LEGACY-RULE-0008|LEGACY-RULE-0115|LEGACY-RULE-0154|LEGACY-RULE-0191|LEGACY-RULE-0208
NEX-000019,PUSH,CHEST,BEGINNER,SRV2-NEW-0085,EXCLUDE,YES,LEGACY-RULE-0011|LEGACY-RULE-0244
NEX-000019,PUSH,CHEST,BEGINNER,SRV2-NEW-0089,CAUTION,NO,LEGACY-RULE-0040|LEGACY-RULE-0049|LEGACY-RULE-0051|LEGACY-RULE-0083|LEGACY-RULE-0123|LEGACY-RULE-0166|LEGACY-RULE-0206|LEGACY-RULE-0225|LEGACY-RULE-0238|LEGACY-RULE-0259|LEGACY-RULE-0277
NEX-000019,PUSH,CHEST,BEGINNER,SRV2-NEW-0091,EXCLUDE,YES,LEGACY-RULE-0041|LEGACY-RULE-0050|LEGACY-RULE-0052|LEGACY-RULE-0084|LEGACY-RULE-0124|LEGACY-RULE-0167|LEGACY-RULE-0207|LEGACY-RULE-0226|LEGACY-RULE-0239|LEGACY-RULE-0260|LEGACY-RULE-0278
NEX-000020,PULL,BACK,BEGINNER,SRV2-NEW-0071,CAUTION,NO,LEGACY-RULE-0009|LEGACY-RULE-0013|LEGACY-RULE-0018|LEGACY-RULE-0021|LEGACY-RULE-0053|LEGACY-RULE-0058
NEX-000020,PULL,BACK,BEGINNER,SRV2-NEW-0073,EXCLUDE,YES,LEGACY-RULE-0010|LEGACY-RULE-0014|LEGACY-RULE-0019|LEGACY-RULE-0022|LEGACY-RULE-0054|LEGACY-RULE-0059
NEX-000020,PULL,BACK,BEGINNER,SRV2-NEW-0074,CAUTION,NO,LEGACY-RULE-0040|LEGACY-RULE-0049|LEGACY-RULE-0051|LEGACY-RULE-0083|LEGACY-RULE-0123|LEGACY-RULE-0166|LEGACY-RULE-0206|LEGACY-RULE-0225|LEGACY-RULE-0238|LEGACY-RULE-0259|LEGACY-RULE-0277
NEX-000020,PULL,BACK,BEGINNER,SRV2-NEW-0076,EXCLUDE,YES,LEGACY-RULE-0041|LEGACY-RULE-0050|LEGACY-RULE-0052|LEGACY-RULE-0084|LEGACY-RULE-0124|LEGACY-RULE-0167|LEGACY-RULE-0207|LEGACY-RULE-0226|LEGACY-RULE-0239|LEGACY-RULE-0260|LEGACY-RULE-0278
NEX-000020,PULL,BACK,BEGINNER,SRV2-NEW-0078,EXCLUDE,YES,LEGACY-RULE-0008|LEGACY-RULE-0115|LEGACY-RULE-0154|LEGACY-RULE-0191|LEGACY-RULE-0208
NEX-000021,PUSH,TRICEPS,BEGINNER,SRV2-NEW-0087,EXCLUDE,YES,LEGACY-RULE-0039|LEGACY-RULE-0046|LEGACY-RULE-0082|LEGACY-RULE-0120|LEGACY-RULE-0256
NEX-000021,PUSH,TRICEPS,BEGINNER,SRV2-NEW-0089,CAUTION,NO,LEGACY-RULE-0040|LEGACY-RULE-0049|LEGACY-RULE-0051|LEGACY-RULE-0083|LEGACY-RULE-0123|LEGACY-RULE-0166|LEGACY-RULE-0206|LEGACY-RULE-0225|LEGACY-RULE-0238|LEGACY-RULE-0259|LEGACY-RULE-0277
NEX-000021,PUSH,TRICEPS,BEGINNER,SRV2-NEW-0091,EXCLUDE,YES,LEGACY-RULE-0041|LEGACY-RULE-0050|LEGACY-RULE-0052|LEGACY-RULE-0084|LEGACY-RULE-0124|LEGACY-RULE-0167|LEGACY-RULE-0207|LEGACY-RULE-0226|LEGACY-RULE-0239|LEGACY-RULE-0260|LEGACY-RULE-0278
NEX-000022,PULL,BACK,BEGINNER,SRV2-NEW-0071,CAUTION,NO,LEGACY-RULE-0009|LEGACY-RULE-0013|LEGACY-RULE-0018|LEGACY-RULE-0021|LEGACY-RULE-0053|LEGACY-RULE-0058
NEX-000022,PULL,BACK,BEGINNER,SRV2-NEW-0073,EXCLUDE,YES,LEGACY-RULE-0010|LEGACY-RULE-0014|LEGACY-RULE-0019|LEGACY-RULE-0022|LEGACY-RULE-0054|LEGACY-RULE-0059
NEX-000022,PULL,BACK,BEGINNER,SRV2-NEW-0074,CAUTION,NO,LEGACY-RULE-0040|LEGACY-RULE-0049|LEGACY-RULE-0051|LEGACY-RULE-0083|LEGACY-RULE-0123|LEGACY-RULE-0166|LEGACY-RULE-0206|LEGACY-RULE-0225|LEGACY-RULE-0238|LEGACY-RULE-0259|LEGACY-RULE-0277
NEX-000022,PULL,BACK,BEGINNER,SRV2-NEW-0076,EXCLUDE,YES,LEGACY-RULE-0041|LEGACY-RULE-0050|LEGACY-RULE-0052|LEGACY-RULE-0084|LEGACY-RULE-0124|LEGACY-RULE-0167|LEGACY-RULE-0207|LEGACY-RULE-0226|LEGACY-RULE-0239|LEGACY-RULE-0260|LEGACY-RULE-0278
NEX-000022,PULL,BACK,BEGINNER,SRV2-NEW-0078,EXCLUDE,YES,LEGACY-RULE-0008|LEGACY-RULE-0115|LEGACY-RULE-0154|LEGACY-RULE-0191|LEGACY-RULE-0208
NEX-000023,CORE,CORE,INTERMEDIATE,SRV2-NEW-0010,EXCLUDE,YES,LEGACY-RULE-0001|LEGACY-RULE-0223
NEX-000023,CORE,CORE,INTERMEDIATE,SRV2-NEW-0018,CAUTION,NO,LEGACY-RULE-0037|LEGACY-RULE-0044|LEGACY-RULE-0066|LEGACY-RULE-0076|LEGACY-RULE-0091|LEGACY-RULE-0111|LEGACY-RULE-0142|LEGACY-RULE-0145|LEGACY-RULE-0155|LEGACY-RULE-0157|LEGACY-RULE-0160|LEGACY-RULE-0164|LEGACY-RULE-0185|LEGACY-RULE-0250|LEGACY-RULE-0264|LEGACY-RULE-0270|LEGACY-RULE-0272
NEX-000023,CORE,CORE,INTERMEDIATE,SRV2-NEW-0019,EXCLUDE,YES,LEGACY-RULE-0038|LEGACY-RULE-0045|LEGACY-RULE-0067|LEGACY-RULE-0077|LEGACY-RULE-0092|LEGACY-RULE-0112|LEGACY-RULE-0143|LEGACY-RULE-0146|LEGACY-RULE-0156|LEGACY-RULE-0158|LEGACY-RULE-0161|LEGACY-RULE-0165|LEGACY-RULE-0186|LEGACY-RULE-0251|LEGACY-RULE-0265|LEGACY-RULE-0271|LEGACY-RULE-0273
NEX-000024,PULL,BACK,BEGINNER,SRV2-NEW-0071,CAUTION,NO,LEGACY-RULE-0009|LEGACY-RULE-0013|LEGACY-RULE-0018|LEGACY-RULE-0021|LEGACY-RULE-0053|LEGACY-RULE-0058
NEX-000024,PULL,BACK,BEGINNER,SRV2-NEW-0073,EXCLUDE,YES,LEGACY-RULE-0010|LEGACY-RULE-0014|LEGACY-RULE-0019|LEGACY-RULE-0022|LEGACY-RULE-0054|LEGACY-RULE-0059
NEX-000024,PULL,BACK,BEGINNER,SRV2-NEW-0074,CAUTION,NO,LEGACY-RULE-0040|LEGACY-RULE-0049|LEGACY-RULE-0051|LEGACY-RULE-0083|LEGACY-RULE-0123|LEGACY-RULE-0166|LEGACY-RULE-0206|LEGACY-RULE-0225|LEGACY-RULE-0238|LEGACY-RULE-0259|LEGACY-RULE-0277
NEX-000024,PULL,BACK,BEGINNER,SRV2-NEW-0076,EXCLUDE,YES,LEGACY-RULE-0041|LEGACY-RULE-0050|LEGACY-RULE-0052|LEGACY-RULE-0084|LEGACY-RULE-0124|LEGACY-RULE-0167|LEGACY-RULE-0207|LEGACY-RULE-0226|LEGACY-RULE-0239|LEGACY-RULE-0260|LEGACY-RULE-0278
NEX-000024,PULL,BACK,BEGINNER,SRV2-NEW-0078,EXCLUDE,YES,LEGACY-RULE-0008|LEGACY-RULE-0115|LEGACY-RULE-0154|LEGACY-RULE-0191|LEGACY-RULE-0208
NEX-000025,PULL,BACK,BEGINNER,SRV2-NEW-0074,CAUTION,NO,LEGACY-RULE-0040|LEGACY-RULE-0049|LEGACY-RULE-0051|LEGACY-RULE-0083|LEGACY-RULE-0123|LEGACY-RULE-0166|LEGACY-RULE-0206|LEGACY-RULE-0225|LEGACY-RULE-0238|LEGACY-RULE-0259|LEGACY-RULE-0277
NEX-000025,PULL,BACK,BEGINNER,SRV2-NEW-0076,EXCLUDE,YES,LEGACY-RULE-0041|LEGACY-RULE-0050|LEGACY-RULE-0052|LEGACY-RULE-0084|LEGACY-RULE-0124|LEGACY-RULE-0167|LEGACY-RULE-0207|LEGACY-RULE-0226|LEGACY-RULE-0239|LEGACY-RULE-0260|LEGACY-RULE-0278
NEX-000025,PULL,BACK,BEGINNER,SRV2-NEW-0078,EXCLUDE,YES,LEGACY-RULE-0008|LEGACY-RULE-0115|LEGACY-RULE-0154|LEGACY-RULE-0191|LEGACY-RULE-0208
NEX-000026,PUSH,CHEST,BEGINNER,SRV2-NEW-0085,EXCLUDE,YES,LEGACY-RULE-0011|LEGACY-RULE-0244
NEX-000026,PUSH,CHEST,BEGINNER,SRV2-NEW-0089,CAUTION,NO,LEGACY-RULE-0040|LEGACY-RULE-0049|LEGACY-RULE-0051|LEGACY-RULE-0083|LEGACY-RULE-0123|LEGACY-RULE-0166|LEGACY-RULE-0206|LEGACY-RULE-0225|LEGACY-RULE-0238|LEGACY-RULE-0259|LEGACY-RULE-0277
NEX-000026,PUSH,CHEST,BEGINNER,SRV2-NEW-0091,EXCLUDE,YES,LEGACY-RULE-0041|LEGACY-RULE-0050|LEGACY-RULE-0052|LEGACY-RULE-0084|LEGACY-RULE-0124|LEGACY-RULE-0167|LEGACY-RULE-0207|LEGACY-RULE-0226|LEGACY-RULE-0239|LEGACY-RULE-0260|LEGACY-RULE-0278
NEX-000027,CORE,CORE,INTERMEDIATE,SRV2-NEW-0010,EXCLUDE,YES,LEGACY-RULE-0001|LEGACY-RULE-0223
NEX-000027,CORE,CORE,INTERMEDIATE,SRV2-NEW-0018,CAUTION,NO,LEGACY-RULE-0037|LEGACY-RULE-0044|LEGACY-RULE-0066|LEGACY-RULE-0076|LEGACY-RULE-0091|LEGACY-RULE-0111|LEGACY-RULE-0142|LEGACY-RULE-0145|LEGACY-RULE-0155|LEGACY-RULE-0157|LEGACY-RULE-0160|LEGACY-RULE-0164|LEGACY-RULE-0185|LEGACY-RULE-0250|LEGACY-RULE-0264|LEGACY-RULE-0270|LEGACY-RULE-0272
NEX-000027,CORE,CORE,INTERMEDIATE,SRV2-NEW-0019,EXCLUDE,YES,LEGACY-RULE-0038|LEGACY-RULE-0045|LEGACY-RULE-0067|LEGACY-RULE-0077|LEGACY-RULE-0092|LEGACY-RULE-0112|LEGACY-RULE-0143|LEGACY-RULE-0146|LEGACY-RULE-0156|LEGACY-RULE-0158|LEGACY-RULE-0161|LEGACY-RULE-0165|LEGACY-RULE-0186|LEGACY-RULE-0251|LEGACY-RULE-0265|LEGACY-RULE-0271|LEGACY-RULE-0273
NEX-000028,PUSH,TRICEPS,BEGINNER,SRV2-NEW-0083,CAUTION,NO,LEGACY-RULE-0106|LEGACY-RULE-0118|LEGACY-RULE-0131|LEGACY-RULE-0162|LEGACY-RULE-0213
NEX-000028,PUSH,TRICEPS,BEGINNER,SRV2-NEW-0084,EXCLUDE,YES,LEGACY-RULE-0107|LEGACY-RULE-0119|LEGACY-RULE-0132|LEGACY-RULE-0163|LEGACY-RULE-0214
NEX-000028,PUSH,TRICEPS,BEGINNER,SRV2-NEW-0085,EXCLUDE,YES,LEGACY-RULE-0011|LEGACY-RULE-0244
NEX-000028,PUSH,TRICEPS,BEGINNER,SRV2-NEW-0087,EXCLUDE,YES,LEGACY-RULE-0039|LEGACY-RULE-0046|LEGACY-RULE-0082|LEGACY-RULE-0120|LEGACY-RULE-0256
NEX-000028,PUSH,TRICEPS,BEGINNER,SRV2-NEW-0089,CAUTION,NO,LEGACY-RULE-0040|LEGACY-RULE-0049|LEGACY-RULE-0051|LEGACY-RULE-0083|LEGACY-RULE-0123|LEGACY-RULE-0166|LEGACY-RULE-0206|LEGACY-RULE-0225|LEGACY-RULE-0238|LEGACY-RULE-0259|LEGACY-RULE-0277
NEX-000028,PUSH,TRICEPS,BEGINNER,SRV2-NEW-0091,EXCLUDE,YES,LEGACY-RULE-0041|LEGACY-RULE-0050|LEGACY-RULE-0052|LEGACY-RULE-0084|LEGACY-RULE-0124|LEGACY-RULE-0167|LEGACY-RULE-0207|LEGACY-RULE-0226|LEGACY-RULE-0239|LEGACY-RULE-0260|LEGACY-RULE-0278
NEX-000029,CORE,CORE,BEGINNER,SRV2-NEW-0010,EXCLUDE,YES,LEGACY-RULE-0001|LEGACY-RULE-0223
NEX-000029,CORE,CORE,BEGINNER,SRV2-NEW-0018,CAUTION,NO,LEGACY-RULE-0037|LEGACY-RULE-0044|LEGACY-RULE-0066|LEGACY-RULE-0076|LEGACY-RULE-0091|LEGACY-RULE-0111|LEGACY-RULE-0142|LEGACY-RULE-0145|LEGACY-RULE-0155|LEGACY-RULE-0157|LEGACY-RULE-0160|LEGACY-RULE-0164|LEGACY-RULE-0185|LEGACY-RULE-0250|LEGACY-RULE-0264|LEGACY-RULE-0270|LEGACY-RULE-0272
NEX-000029,CORE,CORE,BEGINNER,SRV2-NEW-0019,EXCLUDE,YES,LEGACY-RULE-0038|LEGACY-RULE-0045|LEGACY-RULE-0067|LEGACY-RULE-0077|LEGACY-RULE-0092|LEGACY-RULE-0112|LEGACY-RULE-0143|LEGACY-RULE-0146|LEGACY-RULE-0156|LEGACY-RULE-0158|LEGACY-RULE-0161|LEGACY-RULE-0165|LEGACY-RULE-0186|LEGACY-RULE-0251|LEGACY-RULE-0265|LEGACY-RULE-0271|LEGACY-RULE-0273
NEX-000030,CORE,CORE,BEGINNER,SRV2-NEW-0010,EXCLUDE,YES,LEGACY-RULE-0001|LEGACY-RULE-0223
NEX-000030,CORE,CORE,BEGINNER,SRV2-NEW-0018,CAUTION,NO,LEGACY-RULE-0037|LEGACY-RULE-0044|LEGACY-RULE-0066|LEGACY-RULE-0076|LEGACY-RULE-0091|LEGACY-RULE-0111|LEGACY-RULE-0142|LEGACY-RULE-0145|LEGACY-RULE-0155|LEGACY-RULE-0157|LEGACY-RULE-0160|LEGACY-RULE-0164|LEGACY-RULE-0185|LEGACY-RULE-0250|LEGACY-RULE-0264|LEGACY-RULE-0270|LEGACY-RULE-0272
NEX-000030,CORE,CORE,BEGINNER,SRV2-NEW-0019,EXCLUDE,YES,LEGACY-RULE-0038|LEGACY-RULE-0045|LEGACY-RULE-0067|LEGACY-RULE-0077|LEGACY-RULE-0092|LEGACY-RULE-0112|LEGACY-RULE-0143|LEGACY-RULE-0146|LEGACY-RULE-0156|LEGACY-RULE-0158|LEGACY-RULE-0161|LEGACY-RULE-0165|LEGACY-RULE-0186|LEGACY-RULE-0251|LEGACY-RULE-0265|LEGACY-RULE-0271|LEGACY-RULE-0273
NEX-000031,CORE,CORE,INTERMEDIATE,SRV2-NEW-0010,EXCLUDE,YES,LEGACY-RULE-0001|LEGACY-RULE-0223
NEX-000031,CORE,CORE,INTERMEDIATE,SRV2-NEW-0018,CAUTION,NO,LEGACY-RULE-0037|LEGACY-RULE-0044|LEGACY-RULE-0066|LEGACY-RULE-0076|LEGACY-RULE-0091|LEGACY-RULE-0111|LEGACY-RULE-0142|LEGACY-RULE-0145|LEGACY-RULE-0155|LEGACY-RULE-0157|LEGACY-RULE-0160|LEGACY-RULE-0164|LEGACY-RULE-0185|LEGACY-RULE-0250|LEGACY-RULE-0264|LEGACY-RULE-0270|LEGACY-RULE-0272
NEX-000031,CORE,CORE,INTERMEDIATE,SRV2-NEW-0019,EXCLUDE,YES,LEGACY-RULE-0038|LEGACY-RULE-0045|LEGACY-RULE-0067|LEGACY-RULE-0077|LEGACY-RULE-0092|LEGACY-RULE-0112|LEGACY-RULE-0143|LEGACY-RULE-0146|LEGACY-RULE-0156|LEGACY-RULE-0158|LEGACY-RULE-0161|LEGACY-RULE-0165|LEGACY-RULE-0186|LEGACY-RULE-0251|LEGACY-RULE-0265|LEGACY-RULE-0271|LEGACY-RULE-0273
NEX-000032,HINGE,GLUTES,INTERMEDIATE,SRV2-NEW-0023,EXCLUDE,YES,LEGACY-RULE-0004|LEGACY-RULE-0006|LEGACY-RULE-0029|LEGACY-RULE-0075|LEGACY-RULE-0108|LEGACY-RULE-0144|LEGACY-RULE-0261
NEX-000032,HINGE,GLUTES,INTERMEDIATE,SRV2-NEW-0025,CAUTION,NO,LEGACY-RULE-0069|LEGACY-RULE-0094|LEGACY-RULE-0116|LEGACY-RULE-0134|LEGACY-RULE-0150|LEGACY-RULE-0170|LEGACY-RULE-0177|LEGACY-RULE-0198|LEGACY-RULE-0216|LEGACY-RULE-0230|LEGACY-RULE-0252|LEGACY-RULE-0266|LEGACY-RULE-0275
NEX-000032,HINGE,GLUTES,INTERMEDIATE,SRV2-NEW-0027,EXCLUDE,YES,LEGACY-RULE-0070|LEGACY-RULE-0095|LEGACY-RULE-0117|LEGACY-RULE-0135|LEGACY-RULE-0151|LEGACY-RULE-0171|LEGACY-RULE-0178|LEGACY-RULE-0199|LEGACY-RULE-0217|LEGACY-RULE-0231|LEGACY-RULE-0253|LEGACY-RULE-0267|LEGACY-RULE-0276
NEX-000032,HINGE,GLUTES,INTERMEDIATE,SRV2-NEW-0028,CAUTION,NO,LEGACY-RULE-0037|LEGACY-RULE-0044|LEGACY-RULE-0066|LEGACY-RULE-0076|LEGACY-RULE-0091|LEGACY-RULE-0111|LEGACY-RULE-0142|LEGACY-RULE-0145|LEGACY-RULE-0155|LEGACY-RULE-0157|LEGACY-RULE-0160|LEGACY-RULE-0164|LEGACY-RULE-0185|LEGACY-RULE-0250|LEGACY-RULE-0264|LEGACY-RULE-0270|LEGACY-RULE-0272
NEX-000032,HINGE,GLUTES,INTERMEDIATE,SRV2-NEW-0030,EXCLUDE,YES,LEGACY-RULE-0038|LEGACY-RULE-0045|LEGACY-RULE-0067|LEGACY-RULE-0077|LEGACY-RULE-0092|LEGACY-RULE-0112|LEGACY-RULE-0143|LEGACY-RULE-0146|LEGACY-RULE-0156|LEGACY-RULE-0158|LEGACY-RULE-0161|LEGACY-RULE-0165|LEGACY-RULE-0186|LEGACY-RULE-0251|LEGACY-RULE-0265|LEGACY-RULE-0271|LEGACY-RULE-0273
NEX-000033,PULL,BACK,BEGINNER,SRV2-NEW-0074,CAUTION,NO,LEGACY-RULE-0040|LEGACY-RULE-0049|LEGACY-RULE-0051|LEGACY-RULE-0083|LEGACY-RULE-0123|LEGACY-RULE-0166|LEGACY-RULE-0206|LEGACY-RULE-0225|LEGACY-RULE-0238|LEGACY-RULE-0259|LEGACY-RULE-0277
NEX-000033,PULL,BACK,BEGINNER,SRV2-NEW-0076,EXCLUDE,YES,LEGACY-RULE-0041|LEGACY-RULE-0050|LEGACY-RULE-0052|LEGACY-RULE-0084|LEGACY-RULE-0124|LEGACY-RULE-0167|LEGACY-RULE-0207|LEGACY-RULE-0226|LEGACY-RULE-0239|LEGACY-RULE-0260|LEGACY-RULE-0278
NEX-000033,PULL,BACK,BEGINNER,SRV2-NEW-0078,EXCLUDE,YES,LEGACY-RULE-0008|LEGACY-RULE-0115|LEGACY-RULE-0154|LEGACY-RULE-0191|LEGACY-RULE-0208
NEX-000034,PULL,BACK,BEGINNER,SRV2-NEW-0074,CAUTION,NO,LEGACY-RULE-0040|LEGACY-RULE-0049|LEGACY-RULE-0051|LEGACY-RULE-0083|LEGACY-RULE-0123|LEGACY-RULE-0166|LEGACY-RULE-0206|LEGACY-RULE-0225|LEGACY-RULE-0238|LEGACY-RULE-0259|LEGACY-RULE-0277
NEX-000034,PULL,BACK,BEGINNER,SRV2-NEW-0076,EXCLUDE,YES,LEGACY-RULE-0041|LEGACY-RULE-0050|LEGACY-RULE-0052|LEGACY-RULE-0084|LEGACY-RULE-0124|LEGACY-RULE-0167|LEGACY-RULE-0207|LEGACY-RULE-0226|LEGACY-RULE-0239|LEGACY-RULE-0260|LEGACY-RULE-0278
NEX-000034,PULL,BACK,BEGINNER,SRV2-NEW-0078,EXCLUDE,YES,LEGACY-RULE-0008|LEGACY-RULE-0115|LEGACY-RULE-0154|LEGACY-RULE-0191|LEGACY-RULE-0208
NEX-000035,PUSH,SHOULDERS,BEGINNER,SRV2-NEW-0086,CAUTION,NO,LEGACY-RULE-0009|LEGACY-RULE-0013|LEGACY-RULE-0018|LEGACY-RULE-0021|LEGACY-RULE-0053|LEGACY-RULE-0058
NEX-000035,PUSH,SHOULDERS,BEGINNER,SRV2-NEW-0088,EXCLUDE,YES,LEGACY-RULE-0010|LEGACY-RULE-0014|LEGACY-RULE-0019|LEGACY-RULE-0022|LEGACY-RULE-0054|LEGACY-RULE-0059
NEX-000035,PUSH,SHOULDERS,BEGINNER,SRV2-NEW-0090,EXCLUDE,YES,LEGACY-RULE-0007|LEGACY-RULE-0012|LEGACY-RULE-0017|LEGACY-RULE-0020|LEGACY-RULE-0057|LEGACY-RULE-0218|LEGACY-RULE-0245
NEX-000036,PUSH,SHOULDERS,BEGINNER,SRV2-NEW-0086,CAUTION,NO,LEGACY-RULE-0009|LEGACY-RULE-0013|LEGACY-RULE-0018|LEGACY-RULE-0021|LEGACY-RULE-0053|LEGACY-RULE-0058
NEX-000036,PUSH,SHOULDERS,BEGINNER,SRV2-NEW-0088,EXCLUDE,YES,LEGACY-RULE-0010|LEGACY-RULE-0014|LEGACY-RULE-0019|LEGACY-RULE-0022|LEGACY-RULE-0054|LEGACY-RULE-0059
NEX-000036,PUSH,SHOULDERS,BEGINNER,SRV2-NEW-0090,EXCLUDE,YES,LEGACY-RULE-0007|LEGACY-RULE-0012|LEGACY-RULE-0017|LEGACY-RULE-0020|LEGACY-RULE-0057|LEGACY-RULE-0218|LEGACY-RULE-0245
NEX-000037,PULL,SHOULDERS,BEGINNER,SRV2-NEW-0075,EXCLUDE,YES,LEGACY-RULE-0007|LEGACY-RULE-0012|LEGACY-RULE-0017|LEGACY-RULE-0020|LEGACY-RULE-0057|LEGACY-RULE-0218|LEGACY-RULE-0245
NEX-000037,PULL,SHOULDERS,BEGINNER,SRV2-NEW-0077,CAUTION,NO,LEGACY-RULE-0033|LEGACY-RULE-0071|LEGACY-RULE-0080|LEGACY-RULE-0087|LEGACY-RULE-0096|LEGACY-RULE-0102|LEGACY-RULE-0136|LEGACY-RULE-0152|LEGACY-RULE-0174|LEGACY-RULE-0179|LEGACY-RULE-0200|LEGACY-RULE-0221|LEGACY-RULE-0232|LEGACY-RULE-0246
NEX-000037,PULL,SHOULDERS,BEGINNER,SRV2-NEW-0079,EXCLUDE,YES,LEGACY-RULE-0034|LEGACY-RULE-0072|LEGACY-RULE-0081|LEGACY-RULE-0088|LEGACY-RULE-0097|LEGACY-RULE-0103|LEGACY-RULE-0137|LEGACY-RULE-0153|LEGACY-RULE-0175|LEGACY-RULE-0180|LEGACY-RULE-0201|LEGACY-RULE-0222|LEGACY-RULE-0233|LEGACY-RULE-0247
NEX-000038,PULL,BACK,BEGINNER,SRV2-NEW-0074,CAUTION,NO,LEGACY-RULE-0040|LEGACY-RULE-0049|LEGACY-RULE-0051|LEGACY-RULE-0083|LEGACY-RULE-0123|LEGACY-RULE-0166|LEGACY-RULE-0206|LEGACY-RULE-0225|LEGACY-RULE-0238|LEGACY-RULE-0259|LEGACY-RULE-0277
NEX-000038,PULL,BACK,BEGINNER,SRV2-NEW-0076,EXCLUDE,YES,LEGACY-RULE-0041|LEGACY-RULE-0050|LEGACY-RULE-0052|LEGACY-RULE-0084|LEGACY-RULE-0124|LEGACY-RULE-0167|LEGACY-RULE-0207|LEGACY-RULE-0226|LEGACY-RULE-0239|LEGACY-RULE-0260|LEGACY-RULE-0278
NEX-000038,PULL,BACK,BEGINNER,SRV2-NEW-0078,EXCLUDE,YES,LEGACY-RULE-0008|LEGACY-RULE-0115|LEGACY-RULE-0154|LEGACY-RULE-0191|LEGACY-RULE-0208
NEX-000039,PUSH,SHOULDERS,BEGINNER,SRV2-NEW-0086,CAUTION,NO,LEGACY-RULE-0009|LEGACY-RULE-0013|LEGACY-RULE-0018|LEGACY-RULE-0021|LEGACY-RULE-0053|LEGACY-RULE-0058
NEX-000039,PUSH,SHOULDERS,BEGINNER,SRV2-NEW-0088,EXCLUDE,YES,LEGACY-RULE-0010|LEGACY-RULE-0014|LEGACY-RULE-0019|LEGACY-RULE-0022|LEGACY-RULE-0054|LEGACY-RULE-0059
NEX-000039,PUSH,SHOULDERS,BEGINNER,SRV2-NEW-0090,EXCLUDE,YES,LEGACY-RULE-0007|LEGACY-RULE-0012|LEGACY-RULE-0017|LEGACY-RULE-0020|LEGACY-RULE-0057|LEGACY-RULE-0218|LEGACY-RULE-0245
NEX-000040,PUSH,SHOULDERS,INTERMEDIATE,SRV2-NEW-0086,CAUTION,NO,LEGACY-RULE-0009|LEGACY-RULE-0013|LEGACY-RULE-0018|LEGACY-RULE-0021|LEGACY-RULE-0053|LEGACY-RULE-0058
NEX-000040,PUSH,SHOULDERS,INTERMEDIATE,SRV2-NEW-0088,EXCLUDE,YES,LEGACY-RULE-0010|LEGACY-RULE-0014|LEGACY-RULE-0019|LEGACY-RULE-0022|LEGACY-RULE-0054|LEGACY-RULE-0059
NEX-000040,PUSH,SHOULDERS,INTERMEDIATE,SRV2-NEW-0090,EXCLUDE,YES,LEGACY-RULE-0007|LEGACY-RULE-0012|LEGACY-RULE-0017|LEGACY-RULE-0020|LEGACY-RULE-0057|LEGACY-RULE-0218|LEGACY-RULE-0245
NEX-000041,LUNGE,GLUTES,INTERMEDIATE,SRV2-NEW-0033,CAUTION,NO,LEGACY-RULE-0025|LEGACY-RULE-0031|LEGACY-RULE-0078|LEGACY-RULE-0109|LEGACY-RULE-0147|LEGACY-RULE-0189|LEGACY-RULE-0262|LEGACY-RULE-0268|LEGACY-RULE-0281
NEX-000041,LUNGE,GLUTES,INTERMEDIATE,SRV2-NEW-0034,EXCLUDE,YES,LEGACY-RULE-0026|LEGACY-RULE-0032|LEGACY-RULE-0079|LEGACY-RULE-0110|LEGACY-RULE-0148|LEGACY-RULE-0190|LEGACY-RULE-0263|LEGACY-RULE-0269|LEGACY-RULE-0282
NEX-000041,LUNGE,GLUTES,INTERMEDIATE,SRV2-NEW-0035,EXCLUDE,YES,LEGACY-RULE-0004|LEGACY-RULE-0006|LEGACY-RULE-0029|LEGACY-RULE-0075|LEGACY-RULE-0108|LEGACY-RULE-0144|LEGACY-RULE-0261
NEX-000041,LUNGE,GLUTES,INTERMEDIATE,SRV2-NEW-0036,EXCLUDE,YES,LEGACY-RULE-0005|LEGACY-RULE-0015|LEGACY-RULE-0016
NEX-000042,PULL,SHOULDERS,BEGINNER,SRV2-NEW-0075,EXCLUDE,YES,LEGACY-RULE-0007|LEGACY-RULE-0012|LEGACY-RULE-0017|LEGACY-RULE-0020|LEGACY-RULE-0057|LEGACY-RULE-0218|LEGACY-RULE-0245
NEX-000042,PULL,SHOULDERS,BEGINNER,SRV2-NEW-0077,CAUTION,NO,LEGACY-RULE-0033|LEGACY-RULE-0071|LEGACY-RULE-0080|LEGACY-RULE-0087|LEGACY-RULE-0096|LEGACY-RULE-0102|LEGACY-RULE-0136|LEGACY-RULE-0152|LEGACY-RULE-0174|LEGACY-RULE-0179|LEGACY-RULE-0200|LEGACY-RULE-0221|LEGACY-RULE-0232|LEGACY-RULE-0246
NEX-000042,PULL,SHOULDERS,BEGINNER,SRV2-NEW-0079,EXCLUDE,YES,LEGACY-RULE-0034|LEGACY-RULE-0072|LEGACY-RULE-0081|LEGACY-RULE-0088|LEGACY-RULE-0097|LEGACY-RULE-0103|LEGACY-RULE-0137|LEGACY-RULE-0153|LEGACY-RULE-0175|LEGACY-RULE-0180|LEGACY-RULE-0201|LEGACY-RULE-0222|LEGACY-RULE-0233|LEGACY-RULE-0247
NEX-000043,PUSH,SHOULDERS,INTERMEDIATE,SRV2-NEW-0086,CAUTION,NO,LEGACY-RULE-0009|LEGACY-RULE-0013|LEGACY-RULE-0018|LEGACY-RULE-0021|LEGACY-RULE-0053|LEGACY-RULE-0058
NEX-000043,PUSH,SHOULDERS,INTERMEDIATE,SRV2-NEW-0088,EXCLUDE,YES,LEGACY-RULE-0010|LEGACY-RULE-0014|LEGACY-RULE-0019|LEGACY-RULE-0022|LEGACY-RULE-0054|LEGACY-RULE-0059
NEX-000043,PUSH,SHOULDERS,INTERMEDIATE,SRV2-NEW-0090,EXCLUDE,YES,LEGACY-RULE-0007|LEGACY-RULE-0012|LEGACY-RULE-0017|LEGACY-RULE-0020|LEGACY-RULE-0057|LEGACY-RULE-0218|LEGACY-RULE-0245
NEX-000044,PUSH,SHOULDERS,INTERMEDIATE,SRV2-NEW-0086,CAUTION,NO,LEGACY-RULE-0009|LEGACY-RULE-0013|LEGACY-RULE-0018|LEGACY-RULE-0021|LEGACY-RULE-0053|LEGACY-RULE-0058
NEX-000044,PUSH,SHOULDERS,INTERMEDIATE,SRV2-NEW-0088,EXCLUDE,YES,LEGACY-RULE-0010|LEGACY-RULE-0014|LEGACY-RULE-0019|LEGACY-RULE-0022|LEGACY-RULE-0054|LEGACY-RULE-0059
NEX-000044,PUSH,SHOULDERS,INTERMEDIATE,SRV2-NEW-0090,EXCLUDE,YES,LEGACY-RULE-0007|LEGACY-RULE-0012|LEGACY-RULE-0017|LEGACY-RULE-0020|LEGACY-RULE-0057|LEGACY-RULE-0218|LEGACY-RULE-0245
NEX-000045,PULL,FOREARMS,BEGINNER,SRV2-NEW-0071,CAUTION,NO,LEGACY-RULE-0009|LEGACY-RULE-0013|LEGACY-RULE-0018|LEGACY-RULE-0021|LEGACY-RULE-0053|LEGACY-RULE-0058
NEX-000045,PULL,FOREARMS,BEGINNER,SRV2-NEW-0073,EXCLUDE,YES,LEGACY-RULE-0010|LEGACY-RULE-0014|LEGACY-RULE-0019|LEGACY-RULE-0022|LEGACY-RULE-0054|LEGACY-RULE-0059
NEX-000045,PULL,FOREARMS,BEGINNER,SRV2-NEW-0081,EXCLUDE,YES,LEGACY-RULE-0159
NEX-000046,PULL,FOREARMS,BEGINNER,SRV2-NEW-0071,CAUTION,NO,LEGACY-RULE-0009|LEGACY-RULE-0013|LEGACY-RULE-0018|LEGACY-RULE-0021|LEGACY-RULE-0053|LEGACY-RULE-0058
NEX-000046,PULL,FOREARMS,BEGINNER,SRV2-NEW-0073,EXCLUDE,YES,LEGACY-RULE-0010|LEGACY-RULE-0014|LEGACY-RULE-0019|LEGACY-RULE-0022|LEGACY-RULE-0054|LEGACY-RULE-0059
NEX-000046,PULL,FOREARMS,BEGINNER,SRV2-NEW-0081,EXCLUDE,YES,LEGACY-RULE-0159
NEX-000047,PULL,BICEPS,BEGINNER,SRV2-NEW-0072,EXCLUDE,YES,LEGACY-RULE-0039|LEGACY-RULE-0046|LEGACY-RULE-0082|LEGACY-RULE-0120|LEGACY-RULE-0256
NEX-000047,PULL,BICEPS,BEGINNER,SRV2-NEW-0080,CAUTION,NO,LEGACY-RULE-0035|LEGACY-RULE-0042|LEGACY-RULE-0047|LEGACY-RULE-0060|LEGACY-RULE-0064|LEGACY-RULE-0073|LEGACY-RULE-0085|LEGACY-RULE-0089|LEGACY-RULE-0098|LEGACY-RULE-0100|LEGACY-RULE-0104|LEGACY-RULE-0113|LEGACY-RULE-0121|LEGACY-RULE-0127|LEGACY-RULE-0129|LEGACY-RULE-0138|LEGACY-RULE-0168|LEGACY-RULE-0172|LEGACY-RULE-0181|LEGACY-RULE-0183|LEGACY-RULE-0202|LEGACY-RULE-0209|LEGACY-RULE-0211|LEGACY-RULE-0234|LEGACY-RULE-0257|LEGACY-RULE-0279
NEX-000047,PULL,BICEPS,BEGINNER,SRV2-NEW-0082,EXCLUDE,YES,LEGACY-RULE-0036|LEGACY-RULE-0043|LEGACY-RULE-0048|LEGACY-RULE-0061|LEGACY-RULE-0065|LEGACY-RULE-0074|LEGACY-RULE-0086|LEGACY-RULE-0090|LEGACY-RULE-0099|LEGACY-RULE-0101|LEGACY-RULE-0105|LEGACY-RULE-0114|LEGACY-RULE-0122|LEGACY-RULE-0128|LEGACY-RULE-0130|LEGACY-RULE-0139|LEGACY-RULE-0169|LEGACY-RULE-0173|LEGACY-RULE-0182|LEGACY-RULE-0184|LEGACY-RULE-0203|LEGACY-RULE-0210|LEGACY-RULE-0212|LEGACY-RULE-0235|LEGACY-RULE-0258|LEGACY-RULE-0280
NEX-000048,PULL,SHOULDERS,BEGINNER,SRV2-NEW-0075,EXCLUDE,YES,LEGACY-RULE-0007|LEGACY-RULE-0012|LEGACY-RULE-0017|LEGACY-RULE-0020|LEGACY-RULE-0057|LEGACY-RULE-0218|LEGACY-RULE-0245
NEX-000048,PULL,SHOULDERS,BEGINNER,SRV2-NEW-0077,CAUTION,NO,LEGACY-RULE-0033|LEGACY-RULE-0071|LEGACY-RULE-0080|LEGACY-RULE-0087|LEGACY-RULE-0096|LEGACY-RULE-0102|LEGACY-RULE-0136|LEGACY-RULE-0152|LEGACY-RULE-0174|LEGACY-RULE-0179|LEGACY-RULE-0200|LEGACY-RULE-0221|LEGACY-RULE-0232|LEGACY-RULE-0246
NEX-000048,PULL,SHOULDERS,BEGINNER,SRV2-NEW-0079,EXCLUDE,YES,LEGACY-RULE-0034|LEGACY-RULE-0072|LEGACY-RULE-0081|LEGACY-RULE-0088|LEGACY-RULE-0097|LEGACY-RULE-0103|LEGACY-RULE-0137|LEGACY-RULE-0153|LEGACY-RULE-0175|LEGACY-RULE-0180|LEGACY-RULE-0201|LEGACY-RULE-0222|LEGACY-RULE-0233|LEGACY-RULE-0247
NEX-000049,PUSH,SHOULDERS,BEGINNER,SRV2-NEW-0086,CAUTION,NO,LEGACY-RULE-0009|LEGACY-RULE-0013|LEGACY-RULE-0018|LEGACY-RULE-0021|LEGACY-RULE-0053|LEGACY-RULE-0058
NEX-000049,PUSH,SHOULDERS,BEGINNER,SRV2-NEW-0088,EXCLUDE,YES,LEGACY-RULE-0010|LEGACY-RULE-0014|LEGACY-RULE-0019|LEGACY-RULE-0022|LEGACY-RULE-0054|LEGACY-RULE-0059
NEX-000049,PUSH,SHOULDERS,BEGINNER,SRV2-NEW-0090,EXCLUDE,YES,LEGACY-RULE-0007|LEGACY-RULE-0012|LEGACY-RULE-0017|LEGACY-RULE-0020|LEGACY-RULE-0057|LEGACY-RULE-0218|LEGACY-RULE-0245
NEX-000050,PUSH,SHOULDERS,BEGINNER,SRV2-NEW-0086,CAUTION,NO,LEGACY-RULE-0009|LEGACY-RULE-0013|LEGACY-RULE-0018|LEGACY-RULE-0021|LEGACY-RULE-0053|LEGACY-RULE-0058
NEX-000050,PUSH,SHOULDERS,BEGINNER,SRV2-NEW-0088,EXCLUDE,YES,LEGACY-RULE-0010|LEGACY-RULE-0014|LEGACY-RULE-0019|LEGACY-RULE-0022|LEGACY-RULE-0054|LEGACY-RULE-0059
NEX-000050,PUSH,SHOULDERS,BEGINNER,SRV2-NEW-0090,EXCLUDE,YES,LEGACY-RULE-0007|LEGACY-RULE-0012|LEGACY-RULE-0017|LEGACY-RULE-0020|LEGACY-RULE-0057|LEGACY-RULE-0218|LEGACY-RULE-0245
NEX-000051,LUNGE,GLUTES,INTERMEDIATE,SRV2-NEW-0033,CAUTION,NO,LEGACY-RULE-0025|LEGACY-RULE-0031|LEGACY-RULE-0078|LEGACY-RULE-0109|LEGACY-RULE-0147|LEGACY-RULE-0189|LEGACY-RULE-0262|LEGACY-RULE-0268|LEGACY-RULE-0281
NEX-000051,LUNGE,GLUTES,INTERMEDIATE,SRV2-NEW-0034,EXCLUDE,YES,LEGACY-RULE-0026|LEGACY-RULE-0032|LEGACY-RULE-0079|LEGACY-RULE-0110|LEGACY-RULE-0148|LEGACY-RULE-0190|LEGACY-RULE-0263|LEGACY-RULE-0269|LEGACY-RULE-0282
NEX-000051,LUNGE,GLUTES,INTERMEDIATE,SRV2-NEW-0035,EXCLUDE,YES,LEGACY-RULE-0004|LEGACY-RULE-0006|LEGACY-RULE-0029|LEGACY-RULE-0075|LEGACY-RULE-0108|LEGACY-RULE-0144|LEGACY-RULE-0261
NEX-000051,LUNGE,GLUTES,INTERMEDIATE,SRV2-NEW-0036,EXCLUDE,YES,LEGACY-RULE-0005|LEGACY-RULE-0015|LEGACY-RULE-0016
NEX-000052,PULL,FOREARMS,BEGINNER,SRV2-NEW-0071,CAUTION,NO,LEGACY-RULE-0009|LEGACY-RULE-0013|LEGACY-RULE-0018|LEGACY-RULE-0021|LEGACY-RULE-0053|LEGACY-RULE-0058
NEX-000052,PULL,FOREARMS,BEGINNER,SRV2-NEW-0073,EXCLUDE,YES,LEGACY-RULE-0010|LEGACY-RULE-0014|LEGACY-RULE-0019|LEGACY-RULE-0022|LEGACY-RULE-0054|LEGACY-RULE-0059
NEX-000052,PULL,FOREARMS,BEGINNER,SRV2-NEW-0081,EXCLUDE,YES,LEGACY-RULE-0159
NEX-000053,PUSH,SHOULDERS,BEGINNER,SRV2-NEW-0086,CAUTION,NO,LEGACY-RULE-0009|LEGACY-RULE-0013|LEGACY-RULE-0018|LEGACY-RULE-0021|LEGACY-RULE-0053|LEGACY-RULE-0058
NEX-000053,PUSH,SHOULDERS,BEGINNER,SRV2-NEW-0088,EXCLUDE,YES,LEGACY-RULE-0010|LEGACY-RULE-0014|LEGACY-RULE-0019|LEGACY-RULE-0022|LEGACY-RULE-0054|LEGACY-RULE-0059
NEX-000053,PUSH,SHOULDERS,BEGINNER,SRV2-NEW-0090,EXCLUDE,YES,LEGACY-RULE-0007|LEGACY-RULE-0012|LEGACY-RULE-0017|LEGACY-RULE-0020|LEGACY-RULE-0057|LEGACY-RULE-0218|LEGACY-RULE-0245
NEX-000054,PULL,BICEPS,BEGINNER,SRV2-NEW-0072,EXCLUDE,YES,LEGACY-RULE-0039|LEGACY-RULE-0046|LEGACY-RULE-0082|LEGACY-RULE-0120|LEGACY-RULE-0256
NEX-000054,PULL,BICEPS,BEGINNER,SRV2-NEW-0080,CAUTION,NO,LEGACY-RULE-0035|LEGACY-RULE-0042|LEGACY-RULE-0047|LEGACY-RULE-0060|LEGACY-RULE-0064|LEGACY-RULE-0073|LEGACY-RULE-0085|LEGACY-RULE-0089|LEGACY-RULE-0098|LEGACY-RULE-0100|LEGACY-RULE-0104|LEGACY-RULE-0113|LEGACY-RULE-0121|LEGACY-RULE-0127|LEGACY-RULE-0129|LEGACY-RULE-0138|LEGACY-RULE-0168|LEGACY-RULE-0172|LEGACY-RULE-0181|LEGACY-RULE-0183|LEGACY-RULE-0202|LEGACY-RULE-0209|LEGACY-RULE-0211|LEGACY-RULE-0234|LEGACY-RULE-0257|LEGACY-RULE-0279
NEX-000054,PULL,BICEPS,BEGINNER,SRV2-NEW-0082,EXCLUDE,YES,LEGACY-RULE-0036|LEGACY-RULE-0043|LEGACY-RULE-0048|LEGACY-RULE-0061|LEGACY-RULE-0065|LEGACY-RULE-0074|LEGACY-RULE-0086|LEGACY-RULE-0090|LEGACY-RULE-0099|LEGACY-RULE-0101|LEGACY-RULE-0105|LEGACY-RULE-0114|LEGACY-RULE-0122|LEGACY-RULE-0128|LEGACY-RULE-0130|LEGACY-RULE-0139|LEGACY-RULE-0169|LEGACY-RULE-0173|LEGACY-RULE-0182|LEGACY-RULE-0184|LEGACY-RULE-0203|LEGACY-RULE-0210|LEGACY-RULE-0212|LEGACY-RULE-0235|LEGACY-RULE-0258|LEGACY-RULE-0280
NEX-000055,PUSH,SHOULDERS,INTERMEDIATE,SRV2-NEW-0086,CAUTION,NO,LEGACY-RULE-0009|LEGACY-RULE-0013|LEGACY-RULE-0018|LEGACY-RULE-0021|LEGACY-RULE-0053|LEGACY-RULE-0058
NEX-000055,PUSH,SHOULDERS,INTERMEDIATE,SRV2-NEW-0088,EXCLUDE,YES,LEGACY-RULE-0010|LEGACY-RULE-0014|LEGACY-RULE-0019|LEGACY-RULE-0022|LEGACY-RULE-0054|LEGACY-RULE-0059
NEX-000055,PUSH,SHOULDERS,INTERMEDIATE,SRV2-NEW-0090,EXCLUDE,YES,LEGACY-RULE-0007|LEGACY-RULE-0012|LEGACY-RULE-0017|LEGACY-RULE-0020|LEGACY-RULE-0057|LEGACY-RULE-0218|LEGACY-RULE-0245
NEX-000056,PUSH,SHOULDERS,INTERMEDIATE,SRV2-NEW-0086,CAUTION,NO,LEGACY-RULE-0009|LEGACY-RULE-0013|LEGACY-RULE-0018|LEGACY-RULE-0021|LEGACY-RULE-0053|LEGACY-RULE-0058
NEX-000056,PUSH,SHOULDERS,INTERMEDIATE,SRV2-NEW-0088,EXCLUDE,YES,LEGACY-RULE-0010|LEGACY-RULE-0014|LEGACY-RULE-0019|LEGACY-RULE-0022|LEGACY-RULE-0054|LEGACY-RULE-0059
NEX-000056,PUSH,SHOULDERS,INTERMEDIATE,SRV2-NEW-0090,EXCLUDE,YES,LEGACY-RULE-0007|LEGACY-RULE-0012|LEGACY-RULE-0017|LEGACY-RULE-0020|LEGACY-RULE-0057|LEGACY-RULE-0218|LEGACY-RULE-0245
NEX-000057,PULL,BACK,BEGINNER,SRV2-NEW-0074,CAUTION,NO,LEGACY-RULE-0040|LEGACY-RULE-0049|LEGACY-RULE-0051|LEGACY-RULE-0083|LEGACY-RULE-0123|LEGACY-RULE-0166|LEGACY-RULE-0206|LEGACY-RULE-0225|LEGACY-RULE-0238|LEGACY-RULE-0259|LEGACY-RULE-0277
NEX-000057,PULL,BACK,BEGINNER,SRV2-NEW-0076,EXCLUDE,YES,LEGACY-RULE-0041|LEGACY-RULE-0050|LEGACY-RULE-0052|LEGACY-RULE-0084|LEGACY-RULE-0124|LEGACY-RULE-0167|LEGACY-RULE-0207|LEGACY-RULE-0226|LEGACY-RULE-0239|LEGACY-RULE-0260|LEGACY-RULE-0278
NEX-000057,PULL,BACK,BEGINNER,SRV2-NEW-0078,EXCLUDE,YES,LEGACY-RULE-0008|LEGACY-RULE-0115|LEGACY-RULE-0154|LEGACY-RULE-0191|LEGACY-RULE-0208
NEX-000058,SQUAT,CALVES,INTERMEDIATE,SRV2-NEW-0093,EXCLUDE,YES,LEGACY-RULE-0003|LEGACY-RULE-0149|LEGACY-RULE-0215
NEX-000058,SQUAT,CALVES,INTERMEDIATE,SRV2-NEW-0098,CAUTION,NO,LEGACY-RULE-0069|LEGACY-RULE-0094|LEGACY-RULE-0116|LEGACY-RULE-0134|LEGACY-RULE-0150|LEGACY-RULE-0170|LEGACY-RULE-0177|LEGACY-RULE-0198|LEGACY-RULE-0216|LEGACY-RULE-0230|LEGACY-RULE-0252|LEGACY-RULE-0266|LEGACY-RULE-0275
NEX-000058,SQUAT,CALVES,INTERMEDIATE,SRV2-NEW-0100,EXCLUDE,YES,LEGACY-RULE-0070|LEGACY-RULE-0095|LEGACY-RULE-0117|LEGACY-RULE-0135|LEGACY-RULE-0151|LEGACY-RULE-0171|LEGACY-RULE-0178|LEGACY-RULE-0199|LEGACY-RULE-0217|LEGACY-RULE-0231|LEGACY-RULE-0253|LEGACY-RULE-0267|LEGACY-RULE-0276
NEX-000059,PULL,BICEPS,BEGINNER,SRV2-NEW-0072,EXCLUDE,YES,LEGACY-RULE-0039|LEGACY-RULE-0046|LEGACY-RULE-0082|LEGACY-RULE-0120|LEGACY-RULE-0256
NEX-000059,PULL,BICEPS,BEGINNER,SRV2-NEW-0080,CAUTION,NO,LEGACY-RULE-0035|LEGACY-RULE-0042|LEGACY-RULE-0047|LEGACY-RULE-0060|LEGACY-RULE-0064|LEGACY-RULE-0073|LEGACY-RULE-0085|LEGACY-RULE-0089|LEGACY-RULE-0098|LEGACY-RULE-0100|LEGACY-RULE-0104|LEGACY-RULE-0113|LEGACY-RULE-0121|LEGACY-RULE-0127|LEGACY-RULE-0129|LEGACY-RULE-0138|LEGACY-RULE-0168|LEGACY-RULE-0172|LEGACY-RULE-0181|LEGACY-RULE-0183|LEGACY-RULE-0202|LEGACY-RULE-0209|LEGACY-RULE-0211|LEGACY-RULE-0234|LEGACY-RULE-0257|LEGACY-RULE-0279
NEX-000059,PULL,BICEPS,BEGINNER,SRV2-NEW-0082,EXCLUDE,YES,LEGACY-RULE-0036|LEGACY-RULE-0043|LEGACY-RULE-0048|LEGACY-RULE-0061|LEGACY-RULE-0065|LEGACY-RULE-0074|LEGACY-RULE-0086|LEGACY-RULE-0090|LEGACY-RULE-0099|LEGACY-RULE-0101|LEGACY-RULE-0105|LEGACY-RULE-0114|LEGACY-RULE-0122|LEGACY-RULE-0128|LEGACY-RULE-0130|LEGACY-RULE-0139|LEGACY-RULE-0169|LEGACY-RULE-0173|LEGACY-RULE-0182|LEGACY-RULE-0184|LEGACY-RULE-0203|LEGACY-RULE-0210|LEGACY-RULE-0212|LEGACY-RULE-0235|LEGACY-RULE-0258|LEGACY-RULE-0280
NEX-000060,PULL,BICEPS,BEGINNER,SRV2-NEW-0072,EXCLUDE,YES,LEGACY-RULE-0039|LEGACY-RULE-0046|LEGACY-RULE-0082|LEGACY-RULE-0120|LEGACY-RULE-0256
NEX-000060,PULL,BICEPS,BEGINNER,SRV2-NEW-0080,CAUTION,NO,LEGACY-RULE-0035|LEGACY-RULE-0042|LEGACY-RULE-0047|LEGACY-RULE-0060|LEGACY-RULE-0064|LEGACY-RULE-0073|LEGACY-RULE-0085|LEGACY-RULE-0089|LEGACY-RULE-0098|LEGACY-RULE-0100|LEGACY-RULE-0104|LEGACY-RULE-0113|LEGACY-RULE-0121|LEGACY-RULE-0127|LEGACY-RULE-0129|LEGACY-RULE-0138|LEGACY-RULE-0168|LEGACY-RULE-0172|LEGACY-RULE-0181|LEGACY-RULE-0183|LEGACY-RULE-0202|LEGACY-RULE-0209|LEGACY-RULE-0211|LEGACY-RULE-0234|LEGACY-RULE-0257|LEGACY-RULE-0279
NEX-000060,PULL,BICEPS,BEGINNER,SRV2-NEW-0082,EXCLUDE,YES,LEGACY-RULE-0036|LEGACY-RULE-0043|LEGACY-RULE-0048|LEGACY-RULE-0061|LEGACY-RULE-0065|LEGACY-RULE-0074|LEGACY-RULE-0086|LEGACY-RULE-0090|LEGACY-RULE-0099|LEGACY-RULE-0101|LEGACY-RULE-0105|LEGACY-RULE-0114|LEGACY-RULE-0122|LEGACY-RULE-0128|LEGACY-RULE-0130|LEGACY-RULE-0139|LEGACY-RULE-0169|LEGACY-RULE-0173|LEGACY-RULE-0182|LEGACY-RULE-0184|LEGACY-RULE-0203|LEGACY-RULE-0210|LEGACY-RULE-0212|LEGACY-RULE-0235|LEGACY-RULE-0258|LEGACY-RULE-0280
NEX-000061,HINGE,GLUTES,INTERMEDIATE,SRV2-NEW-0023,EXCLUDE,YES,LEGACY-RULE-0004|LEGACY-RULE-0006|LEGACY-RULE-0029|LEGACY-RULE-0075|LEGACY-RULE-0108|LEGACY-RULE-0144|LEGACY-RULE-0261
NEX-000061,HINGE,GLUTES,INTERMEDIATE,SRV2-NEW-0025,CAUTION,NO,LEGACY-RULE-0069|LEGACY-RULE-0094|LEGACY-RULE-0116|LEGACY-RULE-0134|LEGACY-RULE-0150|LEGACY-RULE-0170|LEGACY-RULE-0177|LEGACY-RULE-0198|LEGACY-RULE-0216|LEGACY-RULE-0230|LEGACY-RULE-0252|LEGACY-RULE-0266|LEGACY-RULE-0275
NEX-000061,HINGE,GLUTES,INTERMEDIATE,SRV2-NEW-0027,EXCLUDE,YES,LEGACY-RULE-0070|LEGACY-RULE-0095|LEGACY-RULE-0117|LEGACY-RULE-0135|LEGACY-RULE-0151|LEGACY-RULE-0171|LEGACY-RULE-0178|LEGACY-RULE-0199|LEGACY-RULE-0217|LEGACY-RULE-0231|LEGACY-RULE-0253|LEGACY-RULE-0267|LEGACY-RULE-0276
NEX-000061,HINGE,GLUTES,INTERMEDIATE,SRV2-NEW-0028,CAUTION,NO,LEGACY-RULE-0037|LEGACY-RULE-0044|LEGACY-RULE-0066|LEGACY-RULE-0076|LEGACY-RULE-0091|LEGACY-RULE-0111|LEGACY-RULE-0142|LEGACY-RULE-0145|LEGACY-RULE-0155|LEGACY-RULE-0157|LEGACY-RULE-0160|LEGACY-RULE-0164|LEGACY-RULE-0185|LEGACY-RULE-0250|LEGACY-RULE-0264|LEGACY-RULE-0270|LEGACY-RULE-0272
NEX-000061,HINGE,GLUTES,INTERMEDIATE,SRV2-NEW-0030,EXCLUDE,YES,LEGACY-RULE-0038|LEGACY-RULE-0045|LEGACY-RULE-0067|LEGACY-RULE-0077|LEGACY-RULE-0092|LEGACY-RULE-0112|LEGACY-RULE-0143|LEGACY-RULE-0146|LEGACY-RULE-0156|LEGACY-RULE-0158|LEGACY-RULE-0161|LEGACY-RULE-0165|LEGACY-RULE-0186|LEGACY-RULE-0251|LEGACY-RULE-0265|LEGACY-RULE-0271|LEGACY-RULE-0273
NEX-000062,HINGE,GLUTES,INTERMEDIATE,SRV2-NEW-0023,EXCLUDE,YES,LEGACY-RULE-0004|LEGACY-RULE-0006|LEGACY-RULE-0029|LEGACY-RULE-0075|LEGACY-RULE-0108|LEGACY-RULE-0144|LEGACY-RULE-0261
NEX-000062,HINGE,GLUTES,INTERMEDIATE,SRV2-NEW-0025,CAUTION,NO,LEGACY-RULE-0069|LEGACY-RULE-0094|LEGACY-RULE-0116|LEGACY-RULE-0134|LEGACY-RULE-0150|LEGACY-RULE-0170|LEGACY-RULE-0177|LEGACY-RULE-0198|LEGACY-RULE-0216|LEGACY-RULE-0230|LEGACY-RULE-0252|LEGACY-RULE-0266|LEGACY-RULE-0275
NEX-000062,HINGE,GLUTES,INTERMEDIATE,SRV2-NEW-0027,EXCLUDE,YES,LEGACY-RULE-0070|LEGACY-RULE-0095|LEGACY-RULE-0117|LEGACY-RULE-0135|LEGACY-RULE-0151|LEGACY-RULE-0171|LEGACY-RULE-0178|LEGACY-RULE-0199|LEGACY-RULE-0217|LEGACY-RULE-0231|LEGACY-RULE-0253|LEGACY-RULE-0267|LEGACY-RULE-0276
NEX-000062,HINGE,GLUTES,INTERMEDIATE,SRV2-NEW-0028,CAUTION,NO,LEGACY-RULE-0037|LEGACY-RULE-0044|LEGACY-RULE-0066|LEGACY-RULE-0076|LEGACY-RULE-0091|LEGACY-RULE-0111|LEGACY-RULE-0142|LEGACY-RULE-0145|LEGACY-RULE-0155|LEGACY-RULE-0157|LEGACY-RULE-0160|LEGACY-RULE-0164|LEGACY-RULE-0185|LEGACY-RULE-0250|LEGACY-RULE-0264|LEGACY-RULE-0270|LEGACY-RULE-0272
NEX-000062,HINGE,GLUTES,INTERMEDIATE,SRV2-NEW-0030,EXCLUDE,YES,LEGACY-RULE-0038|LEGACY-RULE-0045|LEGACY-RULE-0067|LEGACY-RULE-0077|LEGACY-RULE-0092|LEGACY-RULE-0112|LEGACY-RULE-0143|LEGACY-RULE-0146|LEGACY-RULE-0156|LEGACY-RULE-0158|LEGACY-RULE-0161|LEGACY-RULE-0165|LEGACY-RULE-0186|LEGACY-RULE-0251|LEGACY-RULE-0265|LEGACY-RULE-0271|LEGACY-RULE-0273
NEX-000063,CORE,CORE,INTERMEDIATE,SRV2-NEW-0010,EXCLUDE,YES,LEGACY-RULE-0001|LEGACY-RULE-0223
NEX-000063,CORE,CORE,INTERMEDIATE,SRV2-NEW-0018,CAUTION,NO,LEGACY-RULE-0037|LEGACY-RULE-0044|LEGACY-RULE-0066|LEGACY-RULE-0076|LEGACY-RULE-0091|LEGACY-RULE-0111|LEGACY-RULE-0142|LEGACY-RULE-0145|LEGACY-RULE-0155|LEGACY-RULE-0157|LEGACY-RULE-0160|LEGACY-RULE-0164|LEGACY-RULE-0185|LEGACY-RULE-0250|LEGACY-RULE-0264|LEGACY-RULE-0270|LEGACY-RULE-0272
NEX-000063,CORE,CORE,INTERMEDIATE,SRV2-NEW-0019,EXCLUDE,YES,LEGACY-RULE-0038|LEGACY-RULE-0045|LEGACY-RULE-0067|LEGACY-RULE-0077|LEGACY-RULE-0092|LEGACY-RULE-0112|LEGACY-RULE-0143|LEGACY-RULE-0146|LEGACY-RULE-0156|LEGACY-RULE-0158|LEGACY-RULE-0161|LEGACY-RULE-0165|LEGACY-RULE-0186|LEGACY-RULE-0251|LEGACY-RULE-0265|LEGACY-RULE-0271|LEGACY-RULE-0273
NEX-000064,HINGE,BACK,INTERMEDIATE,SRV2-NEW-0022,CAUTION,NO,LEGACY-RULE-0027|LEGACY-RULE-0055|LEGACY-RULE-0140|LEGACY-RULE-0187|LEGACY-RULE-0195|LEGACY-RULE-0204|LEGACY-RULE-0227|LEGACY-RULE-0236|LEGACY-RULE-0240|LEGACY-RULE-0254
NEX-000064,HINGE,BACK,INTERMEDIATE,SRV2-NEW-0024,EXCLUDE,YES,LEGACY-RULE-0028|LEGACY-RULE-0056|LEGACY-RULE-0141|LEGACY-RULE-0188|LEGACY-RULE-0196|LEGACY-RULE-0205|LEGACY-RULE-0228|LEGACY-RULE-0237|LEGACY-RULE-0241|LEGACY-RULE-0255
NEX-000064,HINGE,BACK,INTERMEDIATE,SRV2-NEW-0029,EXCLUDE,YES,LEGACY-RULE-0002|LEGACY-RULE-0030|LEGACY-RULE-0068|LEGACY-RULE-0093|LEGACY-RULE-0133|LEGACY-RULE-0176|LEGACY-RULE-0192|LEGACY-RULE-0197|LEGACY-RULE-0224|LEGACY-RULE-0229|LEGACY-RULE-0274
NEX-000064,HINGE,BACK,INTERMEDIATE,SRV2-NEW-0031,CAUTION,NO,LEGACY-RULE-0033|LEGACY-RULE-0071|LEGACY-RULE-0080|LEGACY-RULE-0087|LEGACY-RULE-0096|LEGACY-RULE-0102|LEGACY-RULE-0136|LEGACY-RULE-0152|LEGACY-RULE-0174|LEGACY-RULE-0179|LEGACY-RULE-0200|LEGACY-RULE-0221|LEGACY-RULE-0232|LEGACY-RULE-0246
NEX-000064,HINGE,BACK,INTERMEDIATE,SRV2-NEW-0032,EXCLUDE,YES,LEGACY-RULE-0034|LEGACY-RULE-0072|LEGACY-RULE-0081|LEGACY-RULE-0088|LEGACY-RULE-0097|LEGACY-RULE-0103|LEGACY-RULE-0137|LEGACY-RULE-0153|LEGACY-RULE-0175|LEGACY-RULE-0180|LEGACY-RULE-0201|LEGACY-RULE-0222|LEGACY-RULE-0233|LEGACY-RULE-0247
NEX-000065,HINGE,HAMSTRINGS,BEGINNER,SRV2-NEW-0022,CAUTION,NO,LEGACY-RULE-0027|LEGACY-RULE-0055|LEGACY-RULE-0140|LEGACY-RULE-0187|LEGACY-RULE-0195|LEGACY-RULE-0204|LEGACY-RULE-0227|LEGACY-RULE-0236|LEGACY-RULE-0240|LEGACY-RULE-0254
NEX-000065,HINGE,HAMSTRINGS,BEGINNER,SRV2-NEW-0024,EXCLUDE,YES,LEGACY-RULE-0028|LEGACY-RULE-0056|LEGACY-RULE-0141|LEGACY-RULE-0188|LEGACY-RULE-0196|LEGACY-RULE-0205|LEGACY-RULE-0228|LEGACY-RULE-0237|LEGACY-RULE-0241|LEGACY-RULE-0255
NEX-000065,HINGE,HAMSTRINGS,BEGINNER,SRV2-NEW-0026,EXCLUDE,YES,LEGACY-RULE-0005|LEGACY-RULE-0015|LEGACY-RULE-0016
NEX-000066,PULL,BACK,INTERMEDIATE,SRV2-NEW-0071,CAUTION,NO,LEGACY-RULE-0009|LEGACY-RULE-0013|LEGACY-RULE-0018|LEGACY-RULE-0021|LEGACY-RULE-0053|LEGACY-RULE-0058
NEX-000066,PULL,BACK,INTERMEDIATE,SRV2-NEW-0073,EXCLUDE,YES,LEGACY-RULE-0010|LEGACY-RULE-0014|LEGACY-RULE-0019|LEGACY-RULE-0022|LEGACY-RULE-0054|LEGACY-RULE-0059
NEX-000066,PULL,BACK,INTERMEDIATE,SRV2-NEW-0074,CAUTION,NO,LEGACY-RULE-0040|LEGACY-RULE-0049|LEGACY-RULE-0051|LEGACY-RULE-0083|LEGACY-RULE-0123|LEGACY-RULE-0166|LEGACY-RULE-0206|LEGACY-RULE-0225|LEGACY-RULE-0238|LEGACY-RULE-0259|LEGACY-RULE-0277
NEX-000066,PULL,BACK,INTERMEDIATE,SRV2-NEW-0076,EXCLUDE,YES,LEGACY-RULE-0041|LEGACY-RULE-0050|LEGACY-RULE-0052|LEGACY-RULE-0084|LEGACY-RULE-0124|LEGACY-RULE-0167|LEGACY-RULE-0207|LEGACY-RULE-0226|LEGACY-RULE-0239|LEGACY-RULE-0260|LEGACY-RULE-0278
NEX-000066,PULL,BACK,INTERMEDIATE,SRV2-NEW-0078,EXCLUDE,YES,LEGACY-RULE-0008|LEGACY-RULE-0115|LEGACY-RULE-0154|LEGACY-RULE-0191|LEGACY-RULE-0208
NEX-000067,PULL,BACK,INTERMEDIATE,SRV2-NEW-0071,CAUTION,NO,LEGACY-RULE-0009|LEGACY-RULE-0013|LEGACY-RULE-0018|LEGACY-RULE-0021|LEGACY-RULE-0053|LEGACY-RULE-0058
NEX-000067,PULL,BACK,INTERMEDIATE,SRV2-NEW-0073,EXCLUDE,YES,LEGACY-RULE-0010|LEGACY-RULE-0014|LEGACY-RULE-0019|LEGACY-RULE-0022|LEGACY-RULE-0054|LEGACY-RULE-0059
NEX-000067,PULL,BACK,INTERMEDIATE,SRV2-NEW-0074,CAUTION,NO,LEGACY-RULE-0040|LEGACY-RULE-0049|LEGACY-RULE-0051|LEGACY-RULE-0083|LEGACY-RULE-0123|LEGACY-RULE-0166|LEGACY-RULE-0206|LEGACY-RULE-0225|LEGACY-RULE-0238|LEGACY-RULE-0259|LEGACY-RULE-0277
NEX-000067,PULL,BACK,INTERMEDIATE,SRV2-NEW-0076,EXCLUDE,YES,LEGACY-RULE-0041|LEGACY-RULE-0050|LEGACY-RULE-0052|LEGACY-RULE-0084|LEGACY-RULE-0124|LEGACY-RULE-0167|LEGACY-RULE-0207|LEGACY-RULE-0226|LEGACY-RULE-0239|LEGACY-RULE-0260|LEGACY-RULE-0278
NEX-000067,PULL,BACK,INTERMEDIATE,SRV2-NEW-0078,EXCLUDE,YES,LEGACY-RULE-0008|LEGACY-RULE-0115|LEGACY-RULE-0154|LEGACY-RULE-0191|LEGACY-RULE-0208
NEX-000068,LUNGE,GLUTES,INTERMEDIATE,SRV2-NEW-0033,CAUTION,NO,LEGACY-RULE-0025|LEGACY-RULE-0031|LEGACY-RULE-0078|LEGACY-RULE-0109|LEGACY-RULE-0147|LEGACY-RULE-0189|LEGACY-RULE-0262|LEGACY-RULE-0268|LEGACY-RULE-0281
NEX-000068,LUNGE,GLUTES,INTERMEDIATE,SRV2-NEW-0034,EXCLUDE,YES,LEGACY-RULE-0026|LEGACY-RULE-0032|LEGACY-RULE-0079|LEGACY-RULE-0110|LEGACY-RULE-0148|LEGACY-RULE-0190|LEGACY-RULE-0263|LEGACY-RULE-0269|LEGACY-RULE-0282
NEX-000068,LUNGE,GLUTES,INTERMEDIATE,SRV2-NEW-0035,EXCLUDE,YES,LEGACY-RULE-0004|LEGACY-RULE-0006|LEGACY-RULE-0029|LEGACY-RULE-0075|LEGACY-RULE-0108|LEGACY-RULE-0144|LEGACY-RULE-0261
NEX-000068,LUNGE,GLUTES,INTERMEDIATE,SRV2-NEW-0036,EXCLUDE,YES,LEGACY-RULE-0005|LEGACY-RULE-0015|LEGACY-RULE-0016
NEX-000069,SQUAT,QUADRICEPS,BEGINNER,SRV2-NEW-0095,CAUTION,NO,LEGACY-RULE-0027|LEGACY-RULE-0055|LEGACY-RULE-0140|LEGACY-RULE-0187|LEGACY-RULE-0195|LEGACY-RULE-0204|LEGACY-RULE-0227|LEGACY-RULE-0236|LEGACY-RULE-0240|LEGACY-RULE-0254
NEX-000069,SQUAT,QUADRICEPS,BEGINNER,SRV2-NEW-0097,EXCLUDE,YES,LEGACY-RULE-0028|LEGACY-RULE-0056|LEGACY-RULE-0141|LEGACY-RULE-0188|LEGACY-RULE-0196|LEGACY-RULE-0205|LEGACY-RULE-0228|LEGACY-RULE-0237|LEGACY-RULE-0241|LEGACY-RULE-0255
NEX-000069,SQUAT,QUADRICEPS,BEGINNER,SRV2-NEW-0099,EXCLUDE,YES,LEGACY-RULE-0005|LEGACY-RULE-0015|LEGACY-RULE-0016
NEX-000070,SQUAT,CALVES,BEGINNER,SRV2-NEW-0093,EXCLUDE,YES,LEGACY-RULE-0003|LEGACY-RULE-0149|LEGACY-RULE-0215
NEX-000070,SQUAT,CALVES,BEGINNER,SRV2-NEW-0098,CAUTION,NO,LEGACY-RULE-0069|LEGACY-RULE-0094|LEGACY-RULE-0116|LEGACY-RULE-0134|LEGACY-RULE-0150|LEGACY-RULE-0170|LEGACY-RULE-0177|LEGACY-RULE-0198|LEGACY-RULE-0216|LEGACY-RULE-0230|LEGACY-RULE-0252|LEGACY-RULE-0266|LEGACY-RULE-0275
NEX-000070,SQUAT,CALVES,BEGINNER,SRV2-NEW-0100,EXCLUDE,YES,LEGACY-RULE-0070|LEGACY-RULE-0095|LEGACY-RULE-0117|LEGACY-RULE-0135|LEGACY-RULE-0151|LEGACY-RULE-0171|LEGACY-RULE-0178|LEGACY-RULE-0199|LEGACY-RULE-0217|LEGACY-RULE-0231|LEGACY-RULE-0253|LEGACY-RULE-0267|LEGACY-RULE-0276
NEX-000071,HINGE,HAMSTRINGS,BEGINNER,SRV2-NEW-0022,CAUTION,NO,LEGACY-RULE-0027|LEGACY-RULE-0055|LEGACY-RULE-0140|LEGACY-RULE-0187|LEGACY-RULE-0195|LEGACY-RULE-0204|LEGACY-RULE-0227|LEGACY-RULE-0236|LEGACY-RULE-0240|LEGACY-RULE-0254
NEX-000071,HINGE,HAMSTRINGS,BEGINNER,SRV2-NEW-0024,EXCLUDE,YES,LEGACY-RULE-0028|LEGACY-RULE-0056|LEGACY-RULE-0141|LEGACY-RULE-0188|LEGACY-RULE-0196|LEGACY-RULE-0205|LEGACY-RULE-0228|LEGACY-RULE-0237|LEGACY-RULE-0241|LEGACY-RULE-0255
NEX-000071,HINGE,HAMSTRINGS,BEGINNER,SRV2-NEW-0026,EXCLUDE,YES,LEGACY-RULE-0005|LEGACY-RULE-0015|LEGACY-RULE-0016
NEX-000072,MOBILITY,MOBILITY,BEGINNER,SRV2-NEW-0048,CAUTION,NO,LEGACY-RULE-0027|LEGACY-RULE-0055|LEGACY-RULE-0140|LEGACY-RULE-0187|LEGACY-RULE-0195|LEGACY-RULE-0204|LEGACY-RULE-0227|LEGACY-RULE-0236|LEGACY-RULE-0240|LEGACY-RULE-0254
NEX-000072,MOBILITY,MOBILITY,BEGINNER,SRV2-NEW-0050,EXCLUDE,YES,LEGACY-RULE-0028|LEGACY-RULE-0056|LEGACY-RULE-0141|LEGACY-RULE-0188|LEGACY-RULE-0196|LEGACY-RULE-0205|LEGACY-RULE-0228|LEGACY-RULE-0237|LEGACY-RULE-0241|LEGACY-RULE-0255
NEX-000072,MOBILITY,MOBILITY,BEGINNER,SRV2-NEW-0052,EXCLUDE,YES,LEGACY-RULE-0005|LEGACY-RULE-0015|LEGACY-RULE-0016
NEX-000073,MOBILITY,MOBILITY,BEGINNER,SRV2-NEW-0046,EXCLUDE,YES,LEGACY-RULE-0039|LEGACY-RULE-0046|LEGACY-RULE-0082|LEGACY-RULE-0120|LEGACY-RULE-0256
NEX-000073,MOBILITY,MOBILITY,BEGINNER,SRV2-NEW-0058,CAUTION,NO,LEGACY-RULE-0040|LEGACY-RULE-0049|LEGACY-RULE-0051|LEGACY-RULE-0083|LEGACY-RULE-0123|LEGACY-RULE-0166|LEGACY-RULE-0206|LEGACY-RULE-0225|LEGACY-RULE-0238|LEGACY-RULE-0259|LEGACY-RULE-0277
NEX-000073,MOBILITY,MOBILITY,BEGINNER,SRV2-NEW-0060,EXCLUDE,YES,LEGACY-RULE-0041|LEGACY-RULE-0050|LEGACY-RULE-0052|LEGACY-RULE-0084|LEGACY-RULE-0124|LEGACY-RULE-0167|LEGACY-RULE-0207|LEGACY-RULE-0226|LEGACY-RULE-0239|LEGACY-RULE-0260|LEGACY-RULE-0278
NEX-000073,MOBILITY,MOBILITY,BEGINNER,SRV2-NEW-0064,CAUTION,NO,LEGACY-RULE-0035|LEGACY-RULE-0042|LEGACY-RULE-0047|LEGACY-RULE-0060|LEGACY-RULE-0064|LEGACY-RULE-0073|LEGACY-RULE-0085|LEGACY-RULE-0089|LEGACY-RULE-0098|LEGACY-RULE-0100|LEGACY-RULE-0104|LEGACY-RULE-0113|LEGACY-RULE-0121|LEGACY-RULE-0127|LEGACY-RULE-0129|LEGACY-RULE-0138|LEGACY-RULE-0168|LEGACY-RULE-0172|LEGACY-RULE-0181|LEGACY-RULE-0183|LEGACY-RULE-0202|LEGACY-RULE-0209|LEGACY-RULE-0211|LEGACY-RULE-0234|LEGACY-RULE-0257|LEGACY-RULE-0279
NEX-000073,MOBILITY,MOBILITY,BEGINNER,SRV2-NEW-0066,EXCLUDE,YES,LEGACY-RULE-0036|LEGACY-RULE-0043|LEGACY-RULE-0048|LEGACY-RULE-0061|LEGACY-RULE-0065|LEGACY-RULE-0074|LEGACY-RULE-0086|LEGACY-RULE-0090|LEGACY-RULE-0099|LEGACY-RULE-0101|LEGACY-RULE-0105|LEGACY-RULE-0114|LEGACY-RULE-0122|LEGACY-RULE-0128|LEGACY-RULE-0130|LEGACY-RULE-0139|LEGACY-RULE-0169|LEGACY-RULE-0173|LEGACY-RULE-0182|LEGACY-RULE-0184|LEGACY-RULE-0203|LEGACY-RULE-0210|LEGACY-RULE-0212|LEGACY-RULE-0235|LEGACY-RULE-0258|LEGACY-RULE-0280
NEX-000074,PUSH,CHEST,BEGINNER,SRV2-NEW-0085,EXCLUDE,YES,LEGACY-RULE-0011|LEGACY-RULE-0244
NEX-000074,PUSH,CHEST,BEGINNER,SRV2-NEW-0086,CAUTION,NO,LEGACY-RULE-0009|LEGACY-RULE-0013|LEGACY-RULE-0018|LEGACY-RULE-0021|LEGACY-RULE-0053|LEGACY-RULE-0058
NEX-000074,PUSH,CHEST,BEGINNER,SRV2-NEW-0088,EXCLUDE,YES,LEGACY-RULE-0010|LEGACY-RULE-0014|LEGACY-RULE-0019|LEGACY-RULE-0022|LEGACY-RULE-0054|LEGACY-RULE-0059
NEX-000074,PUSH,CHEST,BEGINNER,SRV2-NEW-0089,CAUTION,NO,LEGACY-RULE-0040|LEGACY-RULE-0049|LEGACY-RULE-0051|LEGACY-RULE-0083|LEGACY-RULE-0123|LEGACY-RULE-0166|LEGACY-RULE-0206|LEGACY-RULE-0225|LEGACY-RULE-0238|LEGACY-RULE-0259|LEGACY-RULE-0277
NEX-000074,PUSH,CHEST,BEGINNER,SRV2-NEW-0091,EXCLUDE,YES,LEGACY-RULE-0041|LEGACY-RULE-0050|LEGACY-RULE-0052|LEGACY-RULE-0084|LEGACY-RULE-0124|LEGACY-RULE-0167|LEGACY-RULE-0207|LEGACY-RULE-0226|LEGACY-RULE-0239|LEGACY-RULE-0260|LEGACY-RULE-0278
NEX-000075,MOBILITY,MOBILITY,BEGINNER,SRV2-NEW-0059,EXCLUDE,YES,LEGACY-RULE-0007|LEGACY-RULE-0012|LEGACY-RULE-0017|LEGACY-RULE-0020|LEGACY-RULE-0057|LEGACY-RULE-0218|LEGACY-RULE-0245
NEX-000075,MOBILITY,MOBILITY,BEGINNER,SRV2-NEW-0061,CAUTION,NO,LEGACY-RULE-0033|LEGACY-RULE-0071|LEGACY-RULE-0080|LEGACY-RULE-0087|LEGACY-RULE-0096|LEGACY-RULE-0102|LEGACY-RULE-0136|LEGACY-RULE-0152|LEGACY-RULE-0174|LEGACY-RULE-0179|LEGACY-RULE-0200|LEGACY-RULE-0221|LEGACY-RULE-0232|LEGACY-RULE-0246
NEX-000075,MOBILITY,MOBILITY,BEGINNER,SRV2-NEW-0063,EXCLUDE,YES,LEGACY-RULE-0034|LEGACY-RULE-0072|LEGACY-RULE-0081|LEGACY-RULE-0088|LEGACY-RULE-0097|LEGACY-RULE-0103|LEGACY-RULE-0137|LEGACY-RULE-0153|LEGACY-RULE-0175|LEGACY-RULE-0180|LEGACY-RULE-0201|LEGACY-RULE-0222|LEGACY-RULE-0233|LEGACY-RULE-0247
NEX-000076,CARDIO,CARDIO,BEGINNER,SRV2-NEW-0002,EXCLUDE,YES,LEGACY-RULE-0003|LEGACY-RULE-0149|LEGACY-RULE-0215
NEX-000076,CARDIO,CARDIO,BEGINNER,SRV2-NEW-0004,CAUTION,NO,LEGACY-RULE-0027|LEGACY-RULE-0055|LEGACY-RULE-0140|LEGACY-RULE-0187|LEGACY-RULE-0195|LEGACY-RULE-0204|LEGACY-RULE-0227|LEGACY-RULE-0236|LEGACY-RULE-0240|LEGACY-RULE-0254
NEX-000076,CARDIO,CARDIO,BEGINNER,SRV2-NEW-0006,EXCLUDE,YES,LEGACY-RULE-0028|LEGACY-RULE-0056|LEGACY-RULE-0141|LEGACY-RULE-0188|LEGACY-RULE-0196|LEGACY-RULE-0205|LEGACY-RULE-0228|LEGACY-RULE-0237|LEGACY-RULE-0241|LEGACY-RULE-0255
NEX-000076,CARDIO,CARDIO,BEGINNER,SRV2-NEW-0007,EXCLUDE,YES,LEGACY-RULE-0005|LEGACY-RULE-0015|LEGACY-RULE-0016
NEX-000077,CORE,CORE,INTERMEDIATE,SRV2-NEW-0010,EXCLUDE,YES,LEGACY-RULE-0001|LEGACY-RULE-0223
NEX-000077,CORE,CORE,INTERMEDIATE,SRV2-NEW-0018,CAUTION,NO,LEGACY-RULE-0037|LEGACY-RULE-0044|LEGACY-RULE-0066|LEGACY-RULE-0076|LEGACY-RULE-0091|LEGACY-RULE-0111|LEGACY-RULE-0142|LEGACY-RULE-0145|LEGACY-RULE-0155|LEGACY-RULE-0157|LEGACY-RULE-0160|LEGACY-RULE-0164|LEGACY-RULE-0185|LEGACY-RULE-0250|LEGACY-RULE-0264|LEGACY-RULE-0270|LEGACY-RULE-0272
NEX-000077,CORE,CORE,INTERMEDIATE,SRV2-NEW-0019,EXCLUDE,YES,LEGACY-RULE-0038|LEGACY-RULE-0045|LEGACY-RULE-0067|LEGACY-RULE-0077|LEGACY-RULE-0092|LEGACY-RULE-0112|LEGACY-RULE-0143|LEGACY-RULE-0146|LEGACY-RULE-0156|LEGACY-RULE-0158|LEGACY-RULE-0161|LEGACY-RULE-0165|LEGACY-RULE-0186|LEGACY-RULE-0251|LEGACY-RULE-0265|LEGACY-RULE-0271|LEGACY-RULE-0273
NEX-000078,PULL,BACK,INTERMEDIATE,SRV2-NEW-0071,CAUTION,NO,LEGACY-RULE-0009|LEGACY-RULE-0013|LEGACY-RULE-0018|LEGACY-RULE-0021|LEGACY-RULE-0053|LEGACY-RULE-0058
NEX-000078,PULL,BACK,INTERMEDIATE,SRV2-NEW-0073,EXCLUDE,YES,LEGACY-RULE-0010|LEGACY-RULE-0014|LEGACY-RULE-0019|LEGACY-RULE-0022|LEGACY-RULE-0054|LEGACY-RULE-0059
NEX-000078,PULL,BACK,INTERMEDIATE,SRV2-NEW-0074,CAUTION,NO,LEGACY-RULE-0040|LEGACY-RULE-0049|LEGACY-RULE-0051|LEGACY-RULE-0083|LEGACY-RULE-0123|LEGACY-RULE-0166|LEGACY-RULE-0206|LEGACY-RULE-0225|LEGACY-RULE-0238|LEGACY-RULE-0259|LEGACY-RULE-0277
NEX-000078,PULL,BACK,INTERMEDIATE,SRV2-NEW-0076,EXCLUDE,YES,LEGACY-RULE-0041|LEGACY-RULE-0050|LEGACY-RULE-0052|LEGACY-RULE-0084|LEGACY-RULE-0124|LEGACY-RULE-0167|LEGACY-RULE-0207|LEGACY-RULE-0226|LEGACY-RULE-0239|LEGACY-RULE-0260|LEGACY-RULE-0278
NEX-000078,PULL,BACK,INTERMEDIATE,SRV2-NEW-0078,EXCLUDE,YES,LEGACY-RULE-0008|LEGACY-RULE-0115|LEGACY-RULE-0154|LEGACY-RULE-0191|LEGACY-RULE-0208
NEX-000079,MOBILITY,MOBILITY,BEGINNER,SRV2-NEW-0037,CAUTION,NO,LEGACY-RULE-0106|LEGACY-RULE-0118|LEGACY-RULE-0131|LEGACY-RULE-0162|LEGACY-RULE-0213
NEX-000079,MOBILITY,MOBILITY,BEGINNER,SRV2-NEW-0038,EXCLUDE,YES,LEGACY-RULE-0107|LEGACY-RULE-0119|LEGACY-RULE-0132|LEGACY-RULE-0163|LEGACY-RULE-0214
NEX-000079,MOBILITY,MOBILITY,BEGINNER,SRV2-NEW-0055,EXCLUDE,YES,LEGACY-RULE-0002|LEGACY-RULE-0030|LEGACY-RULE-0068|LEGACY-RULE-0093|LEGACY-RULE-0133|LEGACY-RULE-0176|LEGACY-RULE-0192|LEGACY-RULE-0197|LEGACY-RULE-0224|LEGACY-RULE-0229|LEGACY-RULE-0274
NEX-000079,MOBILITY,MOBILITY,BEGINNER,SRV2-NEW-0061,CAUTION,NO,LEGACY-RULE-0033|LEGACY-RULE-0071|LEGACY-RULE-0080|LEGACY-RULE-0087|LEGACY-RULE-0096|LEGACY-RULE-0102|LEGACY-RULE-0136|LEGACY-RULE-0152|LEGACY-RULE-0174|LEGACY-RULE-0179|LEGACY-RULE-0200|LEGACY-RULE-0221|LEGACY-RULE-0232|LEGACY-RULE-0246
NEX-000079,MOBILITY,MOBILITY,BEGINNER,SRV2-NEW-0063,EXCLUDE,YES,LEGACY-RULE-0034|LEGACY-RULE-0072|LEGACY-RULE-0081|LEGACY-RULE-0088|LEGACY-RULE-0097|LEGACY-RULE-0103|LEGACY-RULE-0137|LEGACY-RULE-0153|LEGACY-RULE-0175|LEGACY-RULE-0180|LEGACY-RULE-0201|LEGACY-RULE-0222|LEGACY-RULE-0233|LEGACY-RULE-0247
NEX-000080,CORE,CORE,BEGINNER,SRV2-NEW-0010,EXCLUDE,YES,LEGACY-RULE-0001|LEGACY-RULE-0223
NEX-000080,CORE,CORE,BEGINNER,SRV2-NEW-0018,CAUTION,NO,LEGACY-RULE-0037|LEGACY-RULE-0044|LEGACY-RULE-0066|LEGACY-RULE-0076|LEGACY-RULE-0091|LEGACY-RULE-0111|LEGACY-RULE-0142|LEGACY-RULE-0145|LEGACY-RULE-0155|LEGACY-RULE-0157|LEGACY-RULE-0160|LEGACY-RULE-0164|LEGACY-RULE-0185|LEGACY-RULE-0250|LEGACY-RULE-0264|LEGACY-RULE-0270|LEGACY-RULE-0272
NEX-000080,CORE,CORE,BEGINNER,SRV2-NEW-0019,EXCLUDE,YES,LEGACY-RULE-0038|LEGACY-RULE-0045|LEGACY-RULE-0067|LEGACY-RULE-0077|LEGACY-RULE-0092|LEGACY-RULE-0112|LEGACY-RULE-0143|LEGACY-RULE-0146|LEGACY-RULE-0156|LEGACY-RULE-0158|LEGACY-RULE-0161|LEGACY-RULE-0165|LEGACY-RULE-0186|LEGACY-RULE-0251|LEGACY-RULE-0265|LEGACY-RULE-0271|LEGACY-RULE-0273
NEX-000081,HINGE,HAMSTRINGS,BEGINNER,SRV2-NEW-0022,CAUTION,NO,LEGACY-RULE-0027|LEGACY-RULE-0055|LEGACY-RULE-0140|LEGACY-RULE-0187|LEGACY-RULE-0195|LEGACY-RULE-0204|LEGACY-RULE-0227|LEGACY-RULE-0236|LEGACY-RULE-0240|LEGACY-RULE-0254
NEX-000081,HINGE,HAMSTRINGS,BEGINNER,SRV2-NEW-0024,EXCLUDE,YES,LEGACY-RULE-0028|LEGACY-RULE-0056|LEGACY-RULE-0141|LEGACY-RULE-0188|LEGACY-RULE-0196|LEGACY-RULE-0205|LEGACY-RULE-0228|LEGACY-RULE-0237|LEGACY-RULE-0241|LEGACY-RULE-0255
NEX-000081,HINGE,HAMSTRINGS,BEGINNER,SRV2-NEW-0026,EXCLUDE,YES,LEGACY-RULE-0005|LEGACY-RULE-0015|LEGACY-RULE-0016
NEX-000082,HINGE,HAMSTRINGS,BEGINNER,SRV2-NEW-0022,CAUTION,NO,LEGACY-RULE-0027|LEGACY-RULE-0055|LEGACY-RULE-0140|LEGACY-RULE-0187|LEGACY-RULE-0195|LEGACY-RULE-0204|LEGACY-RULE-0227|LEGACY-RULE-0236|LEGACY-RULE-0240|LEGACY-RULE-0254
NEX-000082,HINGE,HAMSTRINGS,BEGINNER,SRV2-NEW-0024,EXCLUDE,YES,LEGACY-RULE-0028|LEGACY-RULE-0056|LEGACY-RULE-0141|LEGACY-RULE-0188|LEGACY-RULE-0196|LEGACY-RULE-0205|LEGACY-RULE-0228|LEGACY-RULE-0237|LEGACY-RULE-0241|LEGACY-RULE-0255
NEX-000082,HINGE,HAMSTRINGS,BEGINNER,SRV2-NEW-0026,EXCLUDE,YES,LEGACY-RULE-0005|LEGACY-RULE-0015|LEGACY-RULE-0016
NEX-000083,MOBILITY,MOBILITY,BEGINNER,SRV2-NEW-0057,EXCLUDE,YES,NO_EXACT_LEGACY_RULE
NEX-000083,MOBILITY,MOBILITY,BEGINNER,SRV2-NEW-0058,CAUTION,NO,LEGACY-RULE-0040|LEGACY-RULE-0049|LEGACY-RULE-0051|LEGACY-RULE-0083|LEGACY-RULE-0123|LEGACY-RULE-0166|LEGACY-RULE-0206|LEGACY-RULE-0225|LEGACY-RULE-0238|LEGACY-RULE-0259|LEGACY-RULE-0277
NEX-000083,MOBILITY,MOBILITY,BEGINNER,SRV2-NEW-0060,EXCLUDE,YES,LEGACY-RULE-0041|LEGACY-RULE-0050|LEGACY-RULE-0052|LEGACY-RULE-0084|LEGACY-RULE-0124|LEGACY-RULE-0167|LEGACY-RULE-0207|LEGACY-RULE-0226|LEGACY-RULE-0239|LEGACY-RULE-0260|LEGACY-RULE-0278
NEX-000084,MOBILITY,MOBILITY,BEGINNER,SRV2-NEW-0045,CAUTION,NO,LEGACY-RULE-0009|LEGACY-RULE-0013|LEGACY-RULE-0018|LEGACY-RULE-0021|LEGACY-RULE-0053|LEGACY-RULE-0058
NEX-000084,MOBILITY,MOBILITY,BEGINNER,SRV2-NEW-0047,EXCLUDE,YES,LEGACY-RULE-0010|LEGACY-RULE-0014|LEGACY-RULE-0019|LEGACY-RULE-0022|LEGACY-RULE-0054|LEGACY-RULE-0059
NEX-000084,MOBILITY,MOBILITY,BEGINNER,SRV2-NEW-0065,EXCLUDE,YES,LEGACY-RULE-0159
NEX-000085,SQUAT,CALVES,INTERMEDIATE,SRV2-NEW-0093,EXCLUDE,YES,LEGACY-RULE-0003|LEGACY-RULE-0149|LEGACY-RULE-0215
NEX-000085,SQUAT,CALVES,INTERMEDIATE,SRV2-NEW-0098,CAUTION,NO,LEGACY-RULE-0069|LEGACY-RULE-0094|LEGACY-RULE-0116|LEGACY-RULE-0134|LEGACY-RULE-0150|LEGACY-RULE-0170|LEGACY-RULE-0177|LEGACY-RULE-0198|LEGACY-RULE-0216|LEGACY-RULE-0230|LEGACY-RULE-0252|LEGACY-RULE-0266|LEGACY-RULE-0275
NEX-000085,SQUAT,CALVES,INTERMEDIATE,SRV2-NEW-0100,EXCLUDE,YES,LEGACY-RULE-0070|LEGACY-RULE-0095|LEGACY-RULE-0117|LEGACY-RULE-0135|LEGACY-RULE-0151|LEGACY-RULE-0171|LEGACY-RULE-0178|LEGACY-RULE-0199|LEGACY-RULE-0217|LEGACY-RULE-0231|LEGACY-RULE-0253|LEGACY-RULE-0267|LEGACY-RULE-0276
NEX-000086,MOBILITY,MOBILITY,BEGINNER,SRV2-NEW-0037,CAUTION,NO,LEGACY-RULE-0106|LEGACY-RULE-0118|LEGACY-RULE-0131|LEGACY-RULE-0162|LEGACY-RULE-0213
NEX-000086,MOBILITY,MOBILITY,BEGINNER,SRV2-NEW-0038,EXCLUDE,YES,LEGACY-RULE-0107|LEGACY-RULE-0119|LEGACY-RULE-0132|LEGACY-RULE-0163|LEGACY-RULE-0214
NEX-000086,MOBILITY,MOBILITY,BEGINNER,SRV2-NEW-0054,CAUTION,NO,LEGACY-RULE-0037|LEGACY-RULE-0044|LEGACY-RULE-0066|LEGACY-RULE-0076|LEGACY-RULE-0091|LEGACY-RULE-0111|LEGACY-RULE-0142|LEGACY-RULE-0145|LEGACY-RULE-0155|LEGACY-RULE-0157|LEGACY-RULE-0160|LEGACY-RULE-0164|LEGACY-RULE-0185|LEGACY-RULE-0250|LEGACY-RULE-0264|LEGACY-RULE-0270|LEGACY-RULE-0272
NEX-000086,MOBILITY,MOBILITY,BEGINNER,SRV2-NEW-0056,EXCLUDE,YES,LEGACY-RULE-0038|LEGACY-RULE-0045|LEGACY-RULE-0067|LEGACY-RULE-0077|LEGACY-RULE-0092|LEGACY-RULE-0112|LEGACY-RULE-0143|LEGACY-RULE-0146|LEGACY-RULE-0156|LEGACY-RULE-0158|LEGACY-RULE-0161|LEGACY-RULE-0165|LEGACY-RULE-0186|LEGACY-RULE-0251|LEGACY-RULE-0265|LEGACY-RULE-0271|LEGACY-RULE-0273
NEX-000086,MOBILITY,MOBILITY,BEGINNER,SRV2-NEW-0062,EXCLUDE,YES,LEGACY-RULE-0008|LEGACY-RULE-0115|LEGACY-RULE-0154|LEGACY-RULE-0191|LEGACY-RULE-0208
NEX-000087,HINGE,HAMSTRINGS,INTERMEDIATE,SRV2-NEW-0022,CAUTION,NO,LEGACY-RULE-0027|LEGACY-RULE-0055|LEGACY-RULE-0140|LEGACY-RULE-0187|LEGACY-RULE-0195|LEGACY-RULE-0204|LEGACY-RULE-0227|LEGACY-RULE-0236|LEGACY-RULE-0240|LEGACY-RULE-0254
NEX-000087,HINGE,HAMSTRINGS,INTERMEDIATE,SRV2-NEW-0024,EXCLUDE,YES,LEGACY-RULE-0028|LEGACY-RULE-0056|LEGACY-RULE-0141|LEGACY-RULE-0188|LEGACY-RULE-0196|LEGACY-RULE-0205|LEGACY-RULE-0228|LEGACY-RULE-0237|LEGACY-RULE-0241|LEGACY-RULE-0255
NEX-000087,HINGE,HAMSTRINGS,INTERMEDIATE,SRV2-NEW-0026,EXCLUDE,YES,LEGACY-RULE-0005|LEGACY-RULE-0015|LEGACY-RULE-0016
NEX-000088,CORE,CORE,INTERMEDIATE,SRV2-NEW-0010,EXCLUDE,YES,LEGACY-RULE-0001|LEGACY-RULE-0223
NEX-000088,CORE,CORE,INTERMEDIATE,SRV2-NEW-0018,CAUTION,NO,LEGACY-RULE-0037|LEGACY-RULE-0044|LEGACY-RULE-0066|LEGACY-RULE-0076|LEGACY-RULE-0091|LEGACY-RULE-0111|LEGACY-RULE-0142|LEGACY-RULE-0145|LEGACY-RULE-0155|LEGACY-RULE-0157|LEGACY-RULE-0160|LEGACY-RULE-0164|LEGACY-RULE-0185|LEGACY-RULE-0250|LEGACY-RULE-0264|LEGACY-RULE-0270|LEGACY-RULE-0272
NEX-000088,CORE,CORE,INTERMEDIATE,SRV2-NEW-0019,EXCLUDE,YES,LEGACY-RULE-0038|LEGACY-RULE-0045|LEGACY-RULE-0067|LEGACY-RULE-0077|LEGACY-RULE-0092|LEGACY-RULE-0112|LEGACY-RULE-0143|LEGACY-RULE-0146|LEGACY-RULE-0156|LEGACY-RULE-0158|LEGACY-RULE-0161|LEGACY-RULE-0165|LEGACY-RULE-0186|LEGACY-RULE-0251|LEGACY-RULE-0265|LEGACY-RULE-0271|LEGACY-RULE-0273
NEX-000089,MOBILITY,MOBILITY,BEGINNER,SRV2-NEW-0046,EXCLUDE,YES,LEGACY-RULE-0039|LEGACY-RULE-0046|LEGACY-RULE-0082|LEGACY-RULE-0120|LEGACY-RULE-0256
NEX-000089,MOBILITY,MOBILITY,BEGINNER,SRV2-NEW-0058,CAUTION,NO,LEGACY-RULE-0040|LEGACY-RULE-0049|LEGACY-RULE-0051|LEGACY-RULE-0083|LEGACY-RULE-0123|LEGACY-RULE-0166|LEGACY-RULE-0206|LEGACY-RULE-0225|LEGACY-RULE-0238|LEGACY-RULE-0259|LEGACY-RULE-0277
NEX-000089,MOBILITY,MOBILITY,BEGINNER,SRV2-NEW-0060,EXCLUDE,YES,LEGACY-RULE-0041|LEGACY-RULE-0050|LEGACY-RULE-0052|LEGACY-RULE-0084|LEGACY-RULE-0124|LEGACY-RULE-0167|LEGACY-RULE-0207|LEGACY-RULE-0226|LEGACY-RULE-0239|LEGACY-RULE-0260|LEGACY-RULE-0278
NEX-000089,MOBILITY,MOBILITY,BEGINNER,SRV2-NEW-0064,CAUTION,NO,LEGACY-RULE-0035|LEGACY-RULE-0042|LEGACY-RULE-0047|LEGACY-RULE-0060|LEGACY-RULE-0064|LEGACY-RULE-0073|LEGACY-RULE-0085|LEGACY-RULE-0089|LEGACY-RULE-0098|LEGACY-RULE-0100|LEGACY-RULE-0104|LEGACY-RULE-0113|LEGACY-RULE-0121|LEGACY-RULE-0127|LEGACY-RULE-0129|LEGACY-RULE-0138|LEGACY-RULE-0168|LEGACY-RULE-0172|LEGACY-RULE-0181|LEGACY-RULE-0183|LEGACY-RULE-0202|LEGACY-RULE-0209|LEGACY-RULE-0211|LEGACY-RULE-0234|LEGACY-RULE-0257|LEGACY-RULE-0279
NEX-000089,MOBILITY,MOBILITY,BEGINNER,SRV2-NEW-0066,EXCLUDE,YES,LEGACY-RULE-0036|LEGACY-RULE-0043|LEGACY-RULE-0048|LEGACY-RULE-0061|LEGACY-RULE-0065|LEGACY-RULE-0074|LEGACY-RULE-0086|LEGACY-RULE-0090|LEGACY-RULE-0099|LEGACY-RULE-0101|LEGACY-RULE-0105|LEGACY-RULE-0114|LEGACY-RULE-0122|LEGACY-RULE-0128|LEGACY-RULE-0130|LEGACY-RULE-0139|LEGACY-RULE-0169|LEGACY-RULE-0173|LEGACY-RULE-0182|LEGACY-RULE-0184|LEGACY-RULE-0203|LEGACY-RULE-0210|LEGACY-RULE-0212|LEGACY-RULE-0235|LEGACY-RULE-0258|LEGACY-RULE-0280
NEX-000090,CORE,CORE,INTERMEDIATE,SRV2-NEW-0010,EXCLUDE,YES,LEGACY-RULE-0001|LEGACY-RULE-0223
NEX-000090,CORE,CORE,INTERMEDIATE,SRV2-NEW-0018,CAUTION,NO,LEGACY-RULE-0037|LEGACY-RULE-0044|LEGACY-RULE-0066|LEGACY-RULE-0076|LEGACY-RULE-0091|LEGACY-RULE-0111|LEGACY-RULE-0142|LEGACY-RULE-0145|LEGACY-RULE-0155|LEGACY-RULE-0157|LEGACY-RULE-0160|LEGACY-RULE-0164|LEGACY-RULE-0185|LEGACY-RULE-0250|LEGACY-RULE-0264|LEGACY-RULE-0270|LEGACY-RULE-0272
NEX-000090,CORE,CORE,INTERMEDIATE,SRV2-NEW-0019,EXCLUDE,YES,LEGACY-RULE-0038|LEGACY-RULE-0045|LEGACY-RULE-0067|LEGACY-RULE-0077|LEGACY-RULE-0092|LEGACY-RULE-0112|LEGACY-RULE-0143|LEGACY-RULE-0146|LEGACY-RULE-0156|LEGACY-RULE-0158|LEGACY-RULE-0161|LEGACY-RULE-0165|LEGACY-RULE-0186|LEGACY-RULE-0251|LEGACY-RULE-0265|LEGACY-RULE-0271|LEGACY-RULE-0273
NEX-000091,CORE,CORE,INTERMEDIATE,SRV2-NEW-0010,EXCLUDE,YES,LEGACY-RULE-0001|LEGACY-RULE-0223
NEX-000091,CORE,CORE,INTERMEDIATE,SRV2-NEW-0018,CAUTION,NO,LEGACY-RULE-0037|LEGACY-RULE-0044|LEGACY-RULE-0066|LEGACY-RULE-0076|LEGACY-RULE-0091|LEGACY-RULE-0111|LEGACY-RULE-0142|LEGACY-RULE-0145|LEGACY-RULE-0155|LEGACY-RULE-0157|LEGACY-RULE-0160|LEGACY-RULE-0164|LEGACY-RULE-0185|LEGACY-RULE-0250|LEGACY-RULE-0264|LEGACY-RULE-0270|LEGACY-RULE-0272
NEX-000091,CORE,CORE,INTERMEDIATE,SRV2-NEW-0019,EXCLUDE,YES,LEGACY-RULE-0038|LEGACY-RULE-0045|LEGACY-RULE-0067|LEGACY-RULE-0077|LEGACY-RULE-0092|LEGACY-RULE-0112|LEGACY-RULE-0143|LEGACY-RULE-0146|LEGACY-RULE-0156|LEGACY-RULE-0158|LEGACY-RULE-0161|LEGACY-RULE-0165|LEGACY-RULE-0186|LEGACY-RULE-0251|LEGACY-RULE-0265|LEGACY-RULE-0271|LEGACY-RULE-0273
NEX-000092,PULL,FOREARMS,BEGINNER,SRV2-NEW-0071,CAUTION,NO,LEGACY-RULE-0009|LEGACY-RULE-0013|LEGACY-RULE-0018|LEGACY-RULE-0021|LEGACY-RULE-0053|LEGACY-RULE-0058
NEX-000092,PULL,FOREARMS,BEGINNER,SRV2-NEW-0073,EXCLUDE,YES,LEGACY-RULE-0010|LEGACY-RULE-0014|LEGACY-RULE-0019|LEGACY-RULE-0022|LEGACY-RULE-0054|LEGACY-RULE-0059
NEX-000092,PULL,FOREARMS,BEGINNER,SRV2-NEW-0081,EXCLUDE,YES,LEGACY-RULE-0159
NEX-000093,PULL,BACK,BEGINNER,SRV2-NEW-0071,CAUTION,NO,LEGACY-RULE-0009|LEGACY-RULE-0013|LEGACY-RULE-0018|LEGACY-RULE-0021|LEGACY-RULE-0053|LEGACY-RULE-0058
NEX-000093,PULL,BACK,BEGINNER,SRV2-NEW-0073,EXCLUDE,YES,LEGACY-RULE-0010|LEGACY-RULE-0014|LEGACY-RULE-0019|LEGACY-RULE-0022|LEGACY-RULE-0054|LEGACY-RULE-0059
NEX-000093,PULL,BACK,BEGINNER,SRV2-NEW-0074,CAUTION,NO,LEGACY-RULE-0040|LEGACY-RULE-0049|LEGACY-RULE-0051|LEGACY-RULE-0083|LEGACY-RULE-0123|LEGACY-RULE-0166|LEGACY-RULE-0206|LEGACY-RULE-0225|LEGACY-RULE-0238|LEGACY-RULE-0259|LEGACY-RULE-0277
NEX-000093,PULL,BACK,BEGINNER,SRV2-NEW-0076,EXCLUDE,YES,LEGACY-RULE-0041|LEGACY-RULE-0050|LEGACY-RULE-0052|LEGACY-RULE-0084|LEGACY-RULE-0124|LEGACY-RULE-0167|LEGACY-RULE-0207|LEGACY-RULE-0226|LEGACY-RULE-0239|LEGACY-RULE-0260|LEGACY-RULE-0278
NEX-000093,PULL,BACK,BEGINNER,SRV2-NEW-0078,EXCLUDE,YES,LEGACY-RULE-0008|LEGACY-RULE-0115|LEGACY-RULE-0154|LEGACY-RULE-0191|LEGACY-RULE-0208
NEX-000094,CORE,CORE,BEGINNER,SRV2-NEW-0010,EXCLUDE,YES,LEGACY-RULE-0001|LEGACY-RULE-0223
NEX-000094,CORE,CORE,BEGINNER,SRV2-NEW-0018,CAUTION,NO,LEGACY-RULE-0037|LEGACY-RULE-0044|LEGACY-RULE-0066|LEGACY-RULE-0076|LEGACY-RULE-0091|LEGACY-RULE-0111|LEGACY-RULE-0142|LEGACY-RULE-0145|LEGACY-RULE-0155|LEGACY-RULE-0157|LEGACY-RULE-0160|LEGACY-RULE-0164|LEGACY-RULE-0185|LEGACY-RULE-0250|LEGACY-RULE-0264|LEGACY-RULE-0270|LEGACY-RULE-0272
NEX-000094,CORE,CORE,BEGINNER,SRV2-NEW-0019,EXCLUDE,YES,LEGACY-RULE-0038|LEGACY-RULE-0045|LEGACY-RULE-0067|LEGACY-RULE-0077|LEGACY-RULE-0092|LEGACY-RULE-0112|LEGACY-RULE-0143|LEGACY-RULE-0146|LEGACY-RULE-0156|LEGACY-RULE-0158|LEGACY-RULE-0161|LEGACY-RULE-0165|LEGACY-RULE-0186|LEGACY-RULE-0251|LEGACY-RULE-0265|LEGACY-RULE-0271|LEGACY-RULE-0273
NEX-000095,CORE,CORE,INTERMEDIATE,SRV2-NEW-0010,EXCLUDE,YES,LEGACY-RULE-0001|LEGACY-RULE-0223
NEX-000095,CORE,CORE,INTERMEDIATE,SRV2-NEW-0018,CAUTION,NO,LEGACY-RULE-0037|LEGACY-RULE-0044|LEGACY-RULE-0066|LEGACY-RULE-0076|LEGACY-RULE-0091|LEGACY-RULE-0111|LEGACY-RULE-0142|LEGACY-RULE-0145|LEGACY-RULE-0155|LEGACY-RULE-0157|LEGACY-RULE-0160|LEGACY-RULE-0164|LEGACY-RULE-0185|LEGACY-RULE-0250|LEGACY-RULE-0264|LEGACY-RULE-0270|LEGACY-RULE-0272
NEX-000095,CORE,CORE,INTERMEDIATE,SRV2-NEW-0019,EXCLUDE,YES,LEGACY-RULE-0038|LEGACY-RULE-0045|LEGACY-RULE-0067|LEGACY-RULE-0077|LEGACY-RULE-0092|LEGACY-RULE-0112|LEGACY-RULE-0143|LEGACY-RULE-0146|LEGACY-RULE-0156|LEGACY-RULE-0158|LEGACY-RULE-0161|LEGACY-RULE-0165|LEGACY-RULE-0186|LEGACY-RULE-0251|LEGACY-RULE-0265|LEGACY-RULE-0271|LEGACY-RULE-0273
NEX-000096,CORE,CORE,BEGINNER,SRV2-NEW-0010,EXCLUDE,YES,LEGACY-RULE-0001|LEGACY-RULE-0223
NEX-000096,CORE,CORE,BEGINNER,SRV2-NEW-0018,CAUTION,NO,LEGACY-RULE-0037|LEGACY-RULE-0044|LEGACY-RULE-0066|LEGACY-RULE-0076|LEGACY-RULE-0091|LEGACY-RULE-0111|LEGACY-RULE-0142|LEGACY-RULE-0145|LEGACY-RULE-0155|LEGACY-RULE-0157|LEGACY-RULE-0160|LEGACY-RULE-0164|LEGACY-RULE-0185|LEGACY-RULE-0250|LEGACY-RULE-0264|LEGACY-RULE-0270|LEGACY-RULE-0272
NEX-000096,CORE,CORE,BEGINNER,SRV2-NEW-0019,EXCLUDE,YES,LEGACY-RULE-0038|LEGACY-RULE-0045|LEGACY-RULE-0067|LEGACY-RULE-0077|LEGACY-RULE-0092|LEGACY-RULE-0112|LEGACY-RULE-0143|LEGACY-RULE-0146|LEGACY-RULE-0156|LEGACY-RULE-0158|LEGACY-RULE-0161|LEGACY-RULE-0165|LEGACY-RULE-0186|LEGACY-RULE-0251|LEGACY-RULE-0265|LEGACY-RULE-0271|LEGACY-RULE-0273
NEX-000097,PUSH,SHOULDERS,BEGINNER,SRV2-NEW-0086,CAUTION,NO,LEGACY-RULE-0009|LEGACY-RULE-0013|LEGACY-RULE-0018|LEGACY-RULE-0021|LEGACY-RULE-0053|LEGACY-RULE-0058
NEX-000097,PUSH,SHOULDERS,BEGINNER,SRV2-NEW-0088,EXCLUDE,YES,LEGACY-RULE-0010|LEGACY-RULE-0014|LEGACY-RULE-0019|LEGACY-RULE-0022|LEGACY-RULE-0054|LEGACY-RULE-0059
NEX-000097,PUSH,SHOULDERS,BEGINNER,SRV2-NEW-0090,EXCLUDE,YES,LEGACY-RULE-0007|LEGACY-RULE-0012|LEGACY-RULE-0017|LEGACY-RULE-0020|LEGACY-RULE-0057|LEGACY-RULE-0218|LEGACY-RULE-0245
NEX-000098,PUSH,SHOULDERS,BEGINNER,SRV2-NEW-0086,CAUTION,NO,LEGACY-RULE-0009|LEGACY-RULE-0013|LEGACY-RULE-0018|LEGACY-RULE-0021|LEGACY-RULE-0053|LEGACY-RULE-0058
NEX-000098,PUSH,SHOULDERS,BEGINNER,SRV2-NEW-0088,EXCLUDE,YES,LEGACY-RULE-0010|LEGACY-RULE-0014|LEGACY-RULE-0019|LEGACY-RULE-0022|LEGACY-RULE-0054|LEGACY-RULE-0059
NEX-000098,PUSH,SHOULDERS,BEGINNER,SRV2-NEW-0090,EXCLUDE,YES,LEGACY-RULE-0007|LEGACY-RULE-0012|LEGACY-RULE-0017|LEGACY-RULE-0020|LEGACY-RULE-0057|LEGACY-RULE-0218|LEGACY-RULE-0245
NEX-000099,CORE,CORE,BEGINNER,SRV2-NEW-0010,EXCLUDE,YES,LEGACY-RULE-0001|LEGACY-RULE-0223
NEX-000099,CORE,CORE,BEGINNER,SRV2-NEW-0018,CAUTION,NO,LEGACY-RULE-0037|LEGACY-RULE-0044|LEGACY-RULE-0066|LEGACY-RULE-0076|LEGACY-RULE-0091|LEGACY-RULE-0111|LEGACY-RULE-0142|LEGACY-RULE-0145|LEGACY-RULE-0155|LEGACY-RULE-0157|LEGACY-RULE-0160|LEGACY-RULE-0164|LEGACY-RULE-0185|LEGACY-RULE-0250|LEGACY-RULE-0264|LEGACY-RULE-0270|LEGACY-RULE-0272
NEX-000099,CORE,CORE,BEGINNER,SRV2-NEW-0019,EXCLUDE,YES,LEGACY-RULE-0038|LEGACY-RULE-0045|LEGACY-RULE-0067|LEGACY-RULE-0077|LEGACY-RULE-0092|LEGACY-RULE-0112|LEGACY-RULE-0143|LEGACY-RULE-0146|LEGACY-RULE-0156|LEGACY-RULE-0158|LEGACY-RULE-0161|LEGACY-RULE-0165|LEGACY-RULE-0186|LEGACY-RULE-0251|LEGACY-RULE-0265|LEGACY-RULE-0271|LEGACY-RULE-0273
NEX-000100,PULL,FOREARMS,BEGINNER,SRV2-NEW-0071,CAUTION,NO,LEGACY-RULE-0009|LEGACY-RULE-0013|LEGACY-RULE-0018|LEGACY-RULE-0021|LEGACY-RULE-0053|LEGACY-RULE-0058
NEX-000100,PULL,FOREARMS,BEGINNER,SRV2-NEW-0073,EXCLUDE,YES,LEGACY-RULE-0010|LEGACY-RULE-0014|LEGACY-RULE-0019|LEGACY-RULE-0022|LEGACY-RULE-0054|LEGACY-RULE-0059
NEX-000100,PULL,FOREARMS,BEGINNER,SRV2-NEW-0081,EXCLUDE,YES,LEGACY-RULE-0159
NEX-000101,PUSH,SHOULDERS,BEGINNER,SRV2-NEW-0086,CAUTION,NO,LEGACY-RULE-0009|LEGACY-RULE-0013|LEGACY-RULE-0018|LEGACY-RULE-0021|LEGACY-RULE-0053|LEGACY-RULE-0058
NEX-000101,PUSH,SHOULDERS,BEGINNER,SRV2-NEW-0088,EXCLUDE,YES,LEGACY-RULE-0010|LEGACY-RULE-0014|LEGACY-RULE-0019|LEGACY-RULE-0022|LEGACY-RULE-0054|LEGACY-RULE-0059
NEX-000101,PUSH,SHOULDERS,BEGINNER,SRV2-NEW-0090,EXCLUDE,YES,LEGACY-RULE-0007|LEGACY-RULE-0012|LEGACY-RULE-0017|LEGACY-RULE-0020|LEGACY-RULE-0057|LEGACY-RULE-0218|LEGACY-RULE-0245
NEX-000102,SQUAT,CALVES,INTERMEDIATE,SRV2-NEW-0093,EXCLUDE,YES,LEGACY-RULE-0003|LEGACY-RULE-0149|LEGACY-RULE-0215
NEX-000102,SQUAT,CALVES,INTERMEDIATE,SRV2-NEW-0098,CAUTION,NO,LEGACY-RULE-0069|LEGACY-RULE-0094|LEGACY-RULE-0116|LEGACY-RULE-0134|LEGACY-RULE-0150|LEGACY-RULE-0170|LEGACY-RULE-0177|LEGACY-RULE-0198|LEGACY-RULE-0216|LEGACY-RULE-0230|LEGACY-RULE-0252|LEGACY-RULE-0266|LEGACY-RULE-0275
NEX-000102,SQUAT,CALVES,INTERMEDIATE,SRV2-NEW-0100,EXCLUDE,YES,LEGACY-RULE-0070|LEGACY-RULE-0095|LEGACY-RULE-0117|LEGACY-RULE-0135|LEGACY-RULE-0151|LEGACY-RULE-0171|LEGACY-RULE-0178|LEGACY-RULE-0199|LEGACY-RULE-0217|LEGACY-RULE-0231|LEGACY-RULE-0253|LEGACY-RULE-0267|LEGACY-RULE-0276
NEX-000103,SQUAT,CALVES,INTERMEDIATE,SRV2-NEW-0093,EXCLUDE,YES,LEGACY-RULE-0003|LEGACY-RULE-0149|LEGACY-RULE-0215
NEX-000103,SQUAT,CALVES,INTERMEDIATE,SRV2-NEW-0098,CAUTION,NO,LEGACY-RULE-0069|LEGACY-RULE-0094|LEGACY-RULE-0116|LEGACY-RULE-0134|LEGACY-RULE-0150|LEGACY-RULE-0170|LEGACY-RULE-0177|LEGACY-RULE-0198|LEGACY-RULE-0216|LEGACY-RULE-0230|LEGACY-RULE-0252|LEGACY-RULE-0266|LEGACY-RULE-0275
NEX-000103,SQUAT,CALVES,INTERMEDIATE,SRV2-NEW-0100,EXCLUDE,YES,LEGACY-RULE-0070|LEGACY-RULE-0095|LEGACY-RULE-0117|LEGACY-RULE-0135|LEGACY-RULE-0151|LEGACY-RULE-0171|LEGACY-RULE-0178|LEGACY-RULE-0199|LEGACY-RULE-0217|LEGACY-RULE-0231|LEGACY-RULE-0253|LEGACY-RULE-0267|LEGACY-RULE-0276
NEX-000104,HINGE,GLUTES,INTERMEDIATE,SRV2-NEW-0023,EXCLUDE,YES,LEGACY-RULE-0004|LEGACY-RULE-0006|LEGACY-RULE-0029|LEGACY-RULE-0075|LEGACY-RULE-0108|LEGACY-RULE-0144|LEGACY-RULE-0261
NEX-000104,HINGE,GLUTES,INTERMEDIATE,SRV2-NEW-0025,CAUTION,NO,LEGACY-RULE-0069|LEGACY-RULE-0094|LEGACY-RULE-0116|LEGACY-RULE-0134|LEGACY-RULE-0150|LEGACY-RULE-0170|LEGACY-RULE-0177|LEGACY-RULE-0198|LEGACY-RULE-0216|LEGACY-RULE-0230|LEGACY-RULE-0252|LEGACY-RULE-0266|LEGACY-RULE-0275
NEX-000104,HINGE,GLUTES,INTERMEDIATE,SRV2-NEW-0027,EXCLUDE,YES,LEGACY-RULE-0070|LEGACY-RULE-0095|LEGACY-RULE-0117|LEGACY-RULE-0135|LEGACY-RULE-0151|LEGACY-RULE-0171|LEGACY-RULE-0178|LEGACY-RULE-0199|LEGACY-RULE-0217|LEGACY-RULE-0231|LEGACY-RULE-0253|LEGACY-RULE-0267|LEGACY-RULE-0276
NEX-000104,HINGE,GLUTES,INTERMEDIATE,SRV2-NEW-0028,CAUTION,NO,LEGACY-RULE-0037|LEGACY-RULE-0044|LEGACY-RULE-0066|LEGACY-RULE-0076|LEGACY-RULE-0091|LEGACY-RULE-0111|LEGACY-RULE-0142|LEGACY-RULE-0145|LEGACY-RULE-0155|LEGACY-RULE-0157|LEGACY-RULE-0160|LEGACY-RULE-0164|LEGACY-RULE-0185|LEGACY-RULE-0250|LEGACY-RULE-0264|LEGACY-RULE-0270|LEGACY-RULE-0272
NEX-000104,HINGE,GLUTES,INTERMEDIATE,SRV2-NEW-0030,EXCLUDE,YES,LEGACY-RULE-0038|LEGACY-RULE-0045|LEGACY-RULE-0067|LEGACY-RULE-0077|LEGACY-RULE-0092|LEGACY-RULE-0112|LEGACY-RULE-0143|LEGACY-RULE-0146|LEGACY-RULE-0156|LEGACY-RULE-0158|LEGACY-RULE-0161|LEGACY-RULE-0165|LEGACY-RULE-0186|LEGACY-RULE-0251|LEGACY-RULE-0265|LEGACY-RULE-0271|LEGACY-RULE-0273
NEX-000105,PULL,FOREARMS,BEGINNER,SRV2-NEW-0071,CAUTION,NO,LEGACY-RULE-0009|LEGACY-RULE-0013|LEGACY-RULE-0018|LEGACY-RULE-0021|LEGACY-RULE-0053|LEGACY-RULE-0058
NEX-000105,PULL,FOREARMS,BEGINNER,SRV2-NEW-0073,EXCLUDE,YES,LEGACY-RULE-0010|LEGACY-RULE-0014|LEGACY-RULE-0019|LEGACY-RULE-0022|LEGACY-RULE-0054|LEGACY-RULE-0059
NEX-000105,PULL,FOREARMS,BEGINNER,SRV2-NEW-0081,EXCLUDE,YES,LEGACY-RULE-0159
NEX-000106,PULL,BACK,BEGINNER,SRV2-NEW-0074,CAUTION,NO,LEGACY-RULE-0040|LEGACY-RULE-0049|LEGACY-RULE-0051|LEGACY-RULE-0083|LEGACY-RULE-0123|LEGACY-RULE-0166|LEGACY-RULE-0206|LEGACY-RULE-0225|LEGACY-RULE-0238|LEGACY-RULE-0259|LEGACY-RULE-0277
NEX-000106,PULL,BACK,BEGINNER,SRV2-NEW-0076,EXCLUDE,YES,LEGACY-RULE-0041|LEGACY-RULE-0050|LEGACY-RULE-0052|LEGACY-RULE-0084|LEGACY-RULE-0124|LEGACY-RULE-0167|LEGACY-RULE-0207|LEGACY-RULE-0226|LEGACY-RULE-0239|LEGACY-RULE-0260|LEGACY-RULE-0278
NEX-000106,PULL,BACK,BEGINNER,SRV2-NEW-0078,EXCLUDE,YES,LEGACY-RULE-0008|LEGACY-RULE-0115|LEGACY-RULE-0154|LEGACY-RULE-0191|LEGACY-RULE-0208
NEX-000107,HINGE,GLUTES,INTERMEDIATE,SRV2-NEW-0023,EXCLUDE,YES,LEGACY-RULE-0004|LEGACY-RULE-0006|LEGACY-RULE-0029|LEGACY-RULE-0075|LEGACY-RULE-0108|LEGACY-RULE-0144|LEGACY-RULE-0261
NEX-000107,HINGE,GLUTES,INTERMEDIATE,SRV2-NEW-0025,CAUTION,NO,LEGACY-RULE-0069|LEGACY-RULE-0094|LEGACY-RULE-0116|LEGACY-RULE-0134|LEGACY-RULE-0150|LEGACY-RULE-0170|LEGACY-RULE-0177|LEGACY-RULE-0198|LEGACY-RULE-0216|LEGACY-RULE-0230|LEGACY-RULE-0252|LEGACY-RULE-0266|LEGACY-RULE-0275
NEX-000107,HINGE,GLUTES,INTERMEDIATE,SRV2-NEW-0027,EXCLUDE,YES,LEGACY-RULE-0070|LEGACY-RULE-0095|LEGACY-RULE-0117|LEGACY-RULE-0135|LEGACY-RULE-0151|LEGACY-RULE-0171|LEGACY-RULE-0178|LEGACY-RULE-0199|LEGACY-RULE-0217|LEGACY-RULE-0231|LEGACY-RULE-0253|LEGACY-RULE-0267|LEGACY-RULE-0276
NEX-000107,HINGE,GLUTES,INTERMEDIATE,SRV2-NEW-0028,CAUTION,NO,LEGACY-RULE-0037|LEGACY-RULE-0044|LEGACY-RULE-0066|LEGACY-RULE-0076|LEGACY-RULE-0091|LEGACY-RULE-0111|LEGACY-RULE-0142|LEGACY-RULE-0145|LEGACY-RULE-0155|LEGACY-RULE-0157|LEGACY-RULE-0160|LEGACY-RULE-0164|LEGACY-RULE-0185|LEGACY-RULE-0250|LEGACY-RULE-0264|LEGACY-RULE-0270|LEGACY-RULE-0272
NEX-000107,HINGE,GLUTES,INTERMEDIATE,SRV2-NEW-0030,EXCLUDE,YES,LEGACY-RULE-0038|LEGACY-RULE-0045|LEGACY-RULE-0067|LEGACY-RULE-0077|LEGACY-RULE-0092|LEGACY-RULE-0112|LEGACY-RULE-0143|LEGACY-RULE-0146|LEGACY-RULE-0156|LEGACY-RULE-0158|LEGACY-RULE-0161|LEGACY-RULE-0165|LEGACY-RULE-0186|LEGACY-RULE-0251|LEGACY-RULE-0265|LEGACY-RULE-0271|LEGACY-RULE-0273
NEX-000108,MOBILITY,MOBILITY,BEGINNER,SRV2-NEW-0043,EXCLUDE,YES,LEGACY-RULE-0011|LEGACY-RULE-0244
NEX-000108,MOBILITY,MOBILITY,BEGINNER,SRV2-NEW-0058,CAUTION,NO,LEGACY-RULE-0040|LEGACY-RULE-0049|LEGACY-RULE-0051|LEGACY-RULE-0083|LEGACY-RULE-0123|LEGACY-RULE-0166|LEGACY-RULE-0206|LEGACY-RULE-0225|LEGACY-RULE-0238|LEGACY-RULE-0259|LEGACY-RULE-0277
NEX-000108,MOBILITY,MOBILITY,BEGINNER,SRV2-NEW-0060,EXCLUDE,YES,LEGACY-RULE-0041|LEGACY-RULE-0050|LEGACY-RULE-0052|LEGACY-RULE-0084|LEGACY-RULE-0124|LEGACY-RULE-0167|LEGACY-RULE-0207|LEGACY-RULE-0226|LEGACY-RULE-0239|LEGACY-RULE-0260|LEGACY-RULE-0278
NEX-000108,MOBILITY,MOBILITY,BEGINNER,SRV2-NEW-0061,CAUTION,NO,LEGACY-RULE-0033|LEGACY-RULE-0071|LEGACY-RULE-0080|LEGACY-RULE-0087|LEGACY-RULE-0096|LEGACY-RULE-0102|LEGACY-RULE-0136|LEGACY-RULE-0152|LEGACY-RULE-0174|LEGACY-RULE-0179|LEGACY-RULE-0200|LEGACY-RULE-0221|LEGACY-RULE-0232|LEGACY-RULE-0246
NEX-000108,MOBILITY,MOBILITY,BEGINNER,SRV2-NEW-0063,EXCLUDE,YES,LEGACY-RULE-0034|LEGACY-RULE-0072|LEGACY-RULE-0081|LEGACY-RULE-0088|LEGACY-RULE-0097|LEGACY-RULE-0103|LEGACY-RULE-0137|LEGACY-RULE-0153|LEGACY-RULE-0175|LEGACY-RULE-0180|LEGACY-RULE-0201|LEGACY-RULE-0222|LEGACY-RULE-0233|LEGACY-RULE-0247
NEX-000109,PUSH,CHEST,BEGINNER,SRV2-NEW-0085,EXCLUDE,YES,LEGACY-RULE-0011|LEGACY-RULE-0244
NEX-000109,PUSH,CHEST,BEGINNER,SRV2-NEW-0089,CAUTION,NO,LEGACY-RULE-0040|LEGACY-RULE-0049|LEGACY-RULE-0051|LEGACY-RULE-0083|LEGACY-RULE-0123|LEGACY-RULE-0166|LEGACY-RULE-0206|LEGACY-RULE-0225|LEGACY-RULE-0238|LEGACY-RULE-0259|LEGACY-RULE-0277
NEX-000109,PUSH,CHEST,BEGINNER,SRV2-NEW-0091,EXCLUDE,YES,LEGACY-RULE-0041|LEGACY-RULE-0050|LEGACY-RULE-0052|LEGACY-RULE-0084|LEGACY-RULE-0124|LEGACY-RULE-0167|LEGACY-RULE-0207|LEGACY-RULE-0226|LEGACY-RULE-0239|LEGACY-RULE-0260|LEGACY-RULE-0278
NEX-000110,MOBILITY,MOBILITY,BEGINNER,SRV2-NEW-0043,EXCLUDE,YES,LEGACY-RULE-0011|LEGACY-RULE-0244
NEX-000110,MOBILITY,MOBILITY,BEGINNER,SRV2-NEW-0059,EXCLUDE,YES,LEGACY-RULE-0007|LEGACY-RULE-0012|LEGACY-RULE-0017|LEGACY-RULE-0020|LEGACY-RULE-0057|LEGACY-RULE-0218|LEGACY-RULE-0245
NEX-000110,MOBILITY,MOBILITY,BEGINNER,SRV2-NEW-0061,CAUTION,NO,LEGACY-RULE-0033|LEGACY-RULE-0071|LEGACY-RULE-0080|LEGACY-RULE-0087|LEGACY-RULE-0096|LEGACY-RULE-0102|LEGACY-RULE-0136|LEGACY-RULE-0152|LEGACY-RULE-0174|LEGACY-RULE-0179|LEGACY-RULE-0200|LEGACY-RULE-0221|LEGACY-RULE-0232|LEGACY-RULE-0246
NEX-000110,MOBILITY,MOBILITY,BEGINNER,SRV2-NEW-0063,EXCLUDE,YES,LEGACY-RULE-0034|LEGACY-RULE-0072|LEGACY-RULE-0081|LEGACY-RULE-0088|LEGACY-RULE-0097|LEGACY-RULE-0103|LEGACY-RULE-0137|LEGACY-RULE-0153|LEGACY-RULE-0175|LEGACY-RULE-0180|LEGACY-RULE-0201|LEGACY-RULE-0222|LEGACY-RULE-0233|LEGACY-RULE-0247
NEX-000111,MOBILITY,MOBILITY,BEGINNER,SRV2-NEW-0042,CAUTION,NO,LEGACY-RULE-0125
NEX-000111,MOBILITY,MOBILITY,BEGINNER,SRV2-NEW-0044,EXCLUDE,YES,LEGACY-RULE-0126
NEX-000111,MOBILITY,MOBILITY,BEGINNER,SRV2-NEW-0058,CAUTION,NO,LEGACY-RULE-0040|LEGACY-RULE-0049|LEGACY-RULE-0051|LEGACY-RULE-0083|LEGACY-RULE-0123|LEGACY-RULE-0166|LEGACY-RULE-0206|LEGACY-RULE-0225|LEGACY-RULE-0238|LEGACY-RULE-0259|LEGACY-RULE-0277
NEX-000111,MOBILITY,MOBILITY,BEGINNER,SRV2-NEW-0060,EXCLUDE,YES,LEGACY-RULE-0041|LEGACY-RULE-0050|LEGACY-RULE-0052|LEGACY-RULE-0084|LEGACY-RULE-0124|LEGACY-RULE-0167|LEGACY-RULE-0207|LEGACY-RULE-0226|LEGACY-RULE-0239|LEGACY-RULE-0260|LEGACY-RULE-0278
NEX-000111,MOBILITY,MOBILITY,BEGINNER,SRV2-NEW-0062,EXCLUDE,YES,LEGACY-RULE-0008|LEGACY-RULE-0115|LEGACY-RULE-0154|LEGACY-RULE-0191|LEGACY-RULE-0208
NEX-000112,MOBILITY,BACK,INTERMEDIATE,SRV2-NEW-0055,EXCLUDE,YES,LEGACY-RULE-0002|LEGACY-RULE-0030|LEGACY-RULE-0068|LEGACY-RULE-0093|LEGACY-RULE-0133|LEGACY-RULE-0176|LEGACY-RULE-0192|LEGACY-RULE-0197|LEGACY-RULE-0224|LEGACY-RULE-0229|LEGACY-RULE-0274
NEX-000112,MOBILITY,BACK,INTERMEDIATE,SRV2-NEW-0061,CAUTION,NO,LEGACY-RULE-0033|LEGACY-RULE-0071|LEGACY-RULE-0080|LEGACY-RULE-0087|LEGACY-RULE-0096|LEGACY-RULE-0102|LEGACY-RULE-0136|LEGACY-RULE-0152|LEGACY-RULE-0174|LEGACY-RULE-0179|LEGACY-RULE-0200|LEGACY-RULE-0221|LEGACY-RULE-0232|LEGACY-RULE-0246
NEX-000112,MOBILITY,BACK,INTERMEDIATE,SRV2-NEW-0063,EXCLUDE,YES,LEGACY-RULE-0034|LEGACY-RULE-0072|LEGACY-RULE-0081|LEGACY-RULE-0088|LEGACY-RULE-0097|LEGACY-RULE-0103|LEGACY-RULE-0137|LEGACY-RULE-0153|LEGACY-RULE-0175|LEGACY-RULE-0180|LEGACY-RULE-0201|LEGACY-RULE-0222|LEGACY-RULE-0233|LEGACY-RULE-0247
NEX-000113,PULL,BACK,BEGINNER,SRV2-NEW-0071,CAUTION,NO,LEGACY-RULE-0009|LEGACY-RULE-0013|LEGACY-RULE-0018|LEGACY-RULE-0021|LEGACY-RULE-0053|LEGACY-RULE-0058
NEX-000113,PULL,BACK,BEGINNER,SRV2-NEW-0073,EXCLUDE,YES,LEGACY-RULE-0010|LEGACY-RULE-0014|LEGACY-RULE-0019|LEGACY-RULE-0022|LEGACY-RULE-0054|LEGACY-RULE-0059
NEX-000113,PULL,BACK,BEGINNER,SRV2-NEW-0074,CAUTION,NO,LEGACY-RULE-0040|LEGACY-RULE-0049|LEGACY-RULE-0051|LEGACY-RULE-0083|LEGACY-RULE-0123|LEGACY-RULE-0166|LEGACY-RULE-0206|LEGACY-RULE-0225|LEGACY-RULE-0238|LEGACY-RULE-0259|LEGACY-RULE-0277
NEX-000113,PULL,BACK,BEGINNER,SRV2-NEW-0076,EXCLUDE,YES,LEGACY-RULE-0041|LEGACY-RULE-0050|LEGACY-RULE-0052|LEGACY-RULE-0084|LEGACY-RULE-0124|LEGACY-RULE-0167|LEGACY-RULE-0207|LEGACY-RULE-0226|LEGACY-RULE-0239|LEGACY-RULE-0260|LEGACY-RULE-0278
NEX-000113,PULL,BACK,BEGINNER,SRV2-NEW-0078,EXCLUDE,YES,LEGACY-RULE-0008|LEGACY-RULE-0115|LEGACY-RULE-0154|LEGACY-RULE-0191|LEGACY-RULE-0208
NEX-000114,MOBILITY,MOBILITY,BEGINNER,SRV2-NEW-0037,CAUTION,NO,LEGACY-RULE-0106|LEGACY-RULE-0118|LEGACY-RULE-0131|LEGACY-RULE-0162|LEGACY-RULE-0213
NEX-000114,MOBILITY,MOBILITY,BEGINNER,SRV2-NEW-0038,EXCLUDE,YES,LEGACY-RULE-0107|LEGACY-RULE-0119|LEGACY-RULE-0132|LEGACY-RULE-0163|LEGACY-RULE-0214
NEX-000114,MOBILITY,MOBILITY,BEGINNER,SRV2-NEW-0055,EXCLUDE,YES,LEGACY-RULE-0002|LEGACY-RULE-0030|LEGACY-RULE-0068|LEGACY-RULE-0093|LEGACY-RULE-0133|LEGACY-RULE-0176|LEGACY-RULE-0192|LEGACY-RULE-0197|LEGACY-RULE-0224|LEGACY-RULE-0229|LEGACY-RULE-0274
NEX-000114,MOBILITY,MOBILITY,BEGINNER,SRV2-NEW-0062,EXCLUDE,YES,LEGACY-RULE-0008|LEGACY-RULE-0115|LEGACY-RULE-0154|LEGACY-RULE-0191|LEGACY-RULE-0208
NEX-000115,MOBILITY,MOBILITY,BEGINNER,SRV2-NEW-0042,CAUTION,NO,LEGACY-RULE-0125
NEX-000115,MOBILITY,MOBILITY,BEGINNER,SRV2-NEW-0044,EXCLUDE,YES,LEGACY-RULE-0126
NEX-000115,MOBILITY,MOBILITY,BEGINNER,SRV2-NEW-0058,CAUTION,NO,LEGACY-RULE-0040|LEGACY-RULE-0049|LEGACY-RULE-0051|LEGACY-RULE-0083|LEGACY-RULE-0123|LEGACY-RULE-0166|LEGACY-RULE-0206|LEGACY-RULE-0225|LEGACY-RULE-0238|LEGACY-RULE-0259|LEGACY-RULE-0277
NEX-000115,MOBILITY,MOBILITY,BEGINNER,SRV2-NEW-0060,EXCLUDE,YES,LEGACY-RULE-0041|LEGACY-RULE-0050|LEGACY-RULE-0052|LEGACY-RULE-0084|LEGACY-RULE-0124|LEGACY-RULE-0167|LEGACY-RULE-0207|LEGACY-RULE-0226|LEGACY-RULE-0239|LEGACY-RULE-0260|LEGACY-RULE-0278
NEX-000115,MOBILITY,MOBILITY,BEGINNER,SRV2-NEW-0062,EXCLUDE,YES,LEGACY-RULE-0008|LEGACY-RULE-0115|LEGACY-RULE-0154|LEGACY-RULE-0191|LEGACY-RULE-0208
NEX-000116,MOBILITY,MOBILITY,BEGINNER,SRV2-NEW-0040,EXCLUDE,YES,LEGACY-RULE-0003|LEGACY-RULE-0149|LEGACY-RULE-0215
NEX-000116,MOBILITY,MOBILITY,BEGINNER,SRV2-NEW-0051,CAUTION,NO,LEGACY-RULE-0069|LEGACY-RULE-0094|LEGACY-RULE-0116|LEGACY-RULE-0134|LEGACY-RULE-0150|LEGACY-RULE-0170|LEGACY-RULE-0177|LEGACY-RULE-0198|LEGACY-RULE-0216|LEGACY-RULE-0230|LEGACY-RULE-0252|LEGACY-RULE-0266|LEGACY-RULE-0275
NEX-000116,MOBILITY,MOBILITY,BEGINNER,SRV2-NEW-0053,EXCLUDE,YES,LEGACY-RULE-0070|LEGACY-RULE-0095|LEGACY-RULE-0117|LEGACY-RULE-0135|LEGACY-RULE-0151|LEGACY-RULE-0171|LEGACY-RULE-0178|LEGACY-RULE-0199|LEGACY-RULE-0217|LEGACY-RULE-0231|LEGACY-RULE-0253|LEGACY-RULE-0267|LEGACY-RULE-0276
NEX-000117,SQUAT,CALVES,BEGINNER,SRV2-NEW-0093,EXCLUDE,YES,LEGACY-RULE-0003|LEGACY-RULE-0149|LEGACY-RULE-0215
NEX-000117,SQUAT,CALVES,BEGINNER,SRV2-NEW-0098,CAUTION,NO,LEGACY-RULE-0069|LEGACY-RULE-0094|LEGACY-RULE-0116|LEGACY-RULE-0134|LEGACY-RULE-0150|LEGACY-RULE-0170|LEGACY-RULE-0177|LEGACY-RULE-0198|LEGACY-RULE-0216|LEGACY-RULE-0230|LEGACY-RULE-0252|LEGACY-RULE-0266|LEGACY-RULE-0275
NEX-000117,SQUAT,CALVES,BEGINNER,SRV2-NEW-0100,EXCLUDE,YES,LEGACY-RULE-0070|LEGACY-RULE-0095|LEGACY-RULE-0117|LEGACY-RULE-0135|LEGACY-RULE-0151|LEGACY-RULE-0171|LEGACY-RULE-0178|LEGACY-RULE-0199|LEGACY-RULE-0217|LEGACY-RULE-0231|LEGACY-RULE-0253|LEGACY-RULE-0267|LEGACY-RULE-0276
NEX-000118,SQUAT,CALVES,BEGINNER,SRV2-NEW-0093,EXCLUDE,YES,LEGACY-RULE-0003|LEGACY-RULE-0149|LEGACY-RULE-0215
NEX-000118,SQUAT,CALVES,BEGINNER,SRV2-NEW-0098,CAUTION,NO,LEGACY-RULE-0069|LEGACY-RULE-0094|LEGACY-RULE-0116|LEGACY-RULE-0134|LEGACY-RULE-0150|LEGACY-RULE-0170|LEGACY-RULE-0177|LEGACY-RULE-0198|LEGACY-RULE-0216|LEGACY-RULE-0230|LEGACY-RULE-0252|LEGACY-RULE-0266|LEGACY-RULE-0275
NEX-000118,SQUAT,CALVES,BEGINNER,SRV2-NEW-0100,EXCLUDE,YES,LEGACY-RULE-0070|LEGACY-RULE-0095|LEGACY-RULE-0117|LEGACY-RULE-0135|LEGACY-RULE-0151|LEGACY-RULE-0171|LEGACY-RULE-0178|LEGACY-RULE-0199|LEGACY-RULE-0217|LEGACY-RULE-0231|LEGACY-RULE-0253|LEGACY-RULE-0267|LEGACY-RULE-0276
NEX-000119,MOBILITY,MOBILITY,BEGINNER,SRV2-NEW-0040,EXCLUDE,YES,LEGACY-RULE-0003|LEGACY-RULE-0149|LEGACY-RULE-0215
NEX-000119,MOBILITY,MOBILITY,BEGINNER,SRV2-NEW-0051,CAUTION,NO,LEGACY-RULE-0069|LEGACY-RULE-0094|LEGACY-RULE-0116|LEGACY-RULE-0134|LEGACY-RULE-0150|LEGACY-RULE-0170|LEGACY-RULE-0177|LEGACY-RULE-0198|LEGACY-RULE-0216|LEGACY-RULE-0230|LEGACY-RULE-0252|LEGACY-RULE-0266|LEGACY-RULE-0275
NEX-000119,MOBILITY,MOBILITY,BEGINNER,SRV2-NEW-0053,EXCLUDE,YES,LEGACY-RULE-0070|LEGACY-RULE-0095|LEGACY-RULE-0117|LEGACY-RULE-0135|LEGACY-RULE-0151|LEGACY-RULE-0171|LEGACY-RULE-0178|LEGACY-RULE-0199|LEGACY-RULE-0217|LEGACY-RULE-0231|LEGACY-RULE-0253|LEGACY-RULE-0267|LEGACY-RULE-0276
NEX-000120,SQUAT,CALVES,BEGINNER,SRV2-NEW-0093,EXCLUDE,YES,LEGACY-RULE-0003|LEGACY-RULE-0149|LEGACY-RULE-0215
NEX-000120,SQUAT,CALVES,BEGINNER,SRV2-NEW-0098,CAUTION,NO,LEGACY-RULE-0069|LEGACY-RULE-0094|LEGACY-RULE-0116|LEGACY-RULE-0134|LEGACY-RULE-0150|LEGACY-RULE-0170|LEGACY-RULE-0177|LEGACY-RULE-0198|LEGACY-RULE-0216|LEGACY-RULE-0230|LEGACY-RULE-0252|LEGACY-RULE-0266|LEGACY-RULE-0275
NEX-000120,SQUAT,CALVES,BEGINNER,SRV2-NEW-0100,EXCLUDE,YES,LEGACY-RULE-0070|LEGACY-RULE-0095|LEGACY-RULE-0117|LEGACY-RULE-0135|LEGACY-RULE-0151|LEGACY-RULE-0171|LEGACY-RULE-0178|LEGACY-RULE-0199|LEGACY-RULE-0217|LEGACY-RULE-0231|LEGACY-RULE-0253|LEGACY-RULE-0267|LEGACY-RULE-0276
NEX-000121,SQUAT,CALVES,INTERMEDIATE,SRV2-NEW-0093,EXCLUDE,YES,LEGACY-RULE-0003|LEGACY-RULE-0149|LEGACY-RULE-0215
NEX-000121,SQUAT,CALVES,INTERMEDIATE,SRV2-NEW-0098,CAUTION,NO,LEGACY-RULE-0069|LEGACY-RULE-0094|LEGACY-RULE-0116|LEGACY-RULE-0134|LEGACY-RULE-0150|LEGACY-RULE-0170|LEGACY-RULE-0177|LEGACY-RULE-0198|LEGACY-RULE-0216|LEGACY-RULE-0230|LEGACY-RULE-0252|LEGACY-RULE-0266|LEGACY-RULE-0275
NEX-000121,SQUAT,CALVES,INTERMEDIATE,SRV2-NEW-0100,EXCLUDE,YES,LEGACY-RULE-0070|LEGACY-RULE-0095|LEGACY-RULE-0117|LEGACY-RULE-0135|LEGACY-RULE-0151|LEGACY-RULE-0171|LEGACY-RULE-0178|LEGACY-RULE-0199|LEGACY-RULE-0217|LEGACY-RULE-0231|LEGACY-RULE-0253|LEGACY-RULE-0267|LEGACY-RULE-0276
NEX-000122,SQUAT,CALVES,INTERMEDIATE,SRV2-NEW-0093,EXCLUDE,YES,LEGACY-RULE-0003|LEGACY-RULE-0149|LEGACY-RULE-0215
NEX-000122,SQUAT,CALVES,INTERMEDIATE,SRV2-NEW-0098,CAUTION,NO,LEGACY-RULE-0069|LEGACY-RULE-0094|LEGACY-RULE-0116|LEGACY-RULE-0134|LEGACY-RULE-0150|LEGACY-RULE-0170|LEGACY-RULE-0177|LEGACY-RULE-0198|LEGACY-RULE-0216|LEGACY-RULE-0230|LEGACY-RULE-0252|LEGACY-RULE-0266|LEGACY-RULE-0275
NEX-000122,SQUAT,CALVES,INTERMEDIATE,SRV2-NEW-0100,EXCLUDE,YES,LEGACY-RULE-0070|LEGACY-RULE-0095|LEGACY-RULE-0117|LEGACY-RULE-0135|LEGACY-RULE-0151|LEGACY-RULE-0171|LEGACY-RULE-0178|LEGACY-RULE-0199|LEGACY-RULE-0217|LEGACY-RULE-0231|LEGACY-RULE-0253|LEGACY-RULE-0267|LEGACY-RULE-0276
NEX-000123,MOBILITY,MOBILITY,INTERMEDIATE,SRV2-NEW-0040,EXCLUDE,YES,LEGACY-RULE-0003|LEGACY-RULE-0149|LEGACY-RULE-0215
NEX-000123,MOBILITY,MOBILITY,INTERMEDIATE,SRV2-NEW-0051,CAUTION,NO,LEGACY-RULE-0069|LEGACY-RULE-0094|LEGACY-RULE-0116|LEGACY-RULE-0134|LEGACY-RULE-0150|LEGACY-RULE-0170|LEGACY-RULE-0177|LEGACY-RULE-0198|LEGACY-RULE-0216|LEGACY-RULE-0230|LEGACY-RULE-0252|LEGACY-RULE-0266|LEGACY-RULE-0275
NEX-000123,MOBILITY,MOBILITY,INTERMEDIATE,SRV2-NEW-0053,EXCLUDE,YES,LEGACY-RULE-0070|LEGACY-RULE-0095|LEGACY-RULE-0117|LEGACY-RULE-0135|LEGACY-RULE-0151|LEGACY-RULE-0171|LEGACY-RULE-0178|LEGACY-RULE-0199|LEGACY-RULE-0217|LEGACY-RULE-0231|LEGACY-RULE-0253|LEGACY-RULE-0267|LEGACY-RULE-0276
NEX-000124,MOBILITY,MOBILITY,BEGINNER,SRV2-NEW-0040,EXCLUDE,YES,LEGACY-RULE-0003|LEGACY-RULE-0149|LEGACY-RULE-0215
NEX-000124,MOBILITY,MOBILITY,BEGINNER,SRV2-NEW-0051,CAUTION,NO,LEGACY-RULE-0069|LEGACY-RULE-0094|LEGACY-RULE-0116|LEGACY-RULE-0134|LEGACY-RULE-0150|LEGACY-RULE-0170|LEGACY-RULE-0177|LEGACY-RULE-0198|LEGACY-RULE-0216|LEGACY-RULE-0230|LEGACY-RULE-0252|LEGACY-RULE-0266|LEGACY-RULE-0275
NEX-000124,MOBILITY,MOBILITY,BEGINNER,SRV2-NEW-0053,EXCLUDE,YES,LEGACY-RULE-0070|LEGACY-RULE-0095|LEGACY-RULE-0117|LEGACY-RULE-0135|LEGACY-RULE-0151|LEGACY-RULE-0171|LEGACY-RULE-0178|LEGACY-RULE-0199|LEGACY-RULE-0217|LEGACY-RULE-0231|LEGACY-RULE-0253|LEGACY-RULE-0267|LEGACY-RULE-0276
NEX-000125,MOBILITY,MOBILITY,BEGINNER,SRV2-NEW-0057,EXCLUDE,YES,NO_EXACT_LEGACY_RULE
NEX-000125,MOBILITY,MOBILITY,BEGINNER,SRV2-NEW-0058,CAUTION,NO,LEGACY-RULE-0040|LEGACY-RULE-0049|LEGACY-RULE-0051|LEGACY-RULE-0083|LEGACY-RULE-0123|LEGACY-RULE-0166|LEGACY-RULE-0206|LEGACY-RULE-0225|LEGACY-RULE-0238|LEGACY-RULE-0259|LEGACY-RULE-0277
NEX-000125,MOBILITY,MOBILITY,BEGINNER,SRV2-NEW-0060,EXCLUDE,YES,LEGACY-RULE-0041|LEGACY-RULE-0050|LEGACY-RULE-0052|LEGACY-RULE-0084|LEGACY-RULE-0124|LEGACY-RULE-0167|LEGACY-RULE-0207|LEGACY-RULE-0226|LEGACY-RULE-0239|LEGACY-RULE-0260|LEGACY-RULE-0278
NEX-000126,MOBILITY,MOBILITY,BEGINNER,SRV2-NEW-0049,EXCLUDE,YES,LEGACY-RULE-0004|LEGACY-RULE-0006|LEGACY-RULE-0029|LEGACY-RULE-0075|LEGACY-RULE-0108|LEGACY-RULE-0144|LEGACY-RULE-0261
NEX-000126,MOBILITY,MOBILITY,BEGINNER,SRV2-NEW-0051,CAUTION,NO,LEGACY-RULE-0069|LEGACY-RULE-0094|LEGACY-RULE-0116|LEGACY-RULE-0134|LEGACY-RULE-0150|LEGACY-RULE-0170|LEGACY-RULE-0177|LEGACY-RULE-0198|LEGACY-RULE-0216|LEGACY-RULE-0230|LEGACY-RULE-0252|LEGACY-RULE-0266|LEGACY-RULE-0275
NEX-000126,MOBILITY,MOBILITY,BEGINNER,SRV2-NEW-0053,EXCLUDE,YES,LEGACY-RULE-0070|LEGACY-RULE-0095|LEGACY-RULE-0117|LEGACY-RULE-0135|LEGACY-RULE-0151|LEGACY-RULE-0171|LEGACY-RULE-0178|LEGACY-RULE-0199|LEGACY-RULE-0217|LEGACY-RULE-0231|LEGACY-RULE-0253|LEGACY-RULE-0267|LEGACY-RULE-0276
NEX-000127,MOBILITY,MOBILITY,BEGINNER,SRV2-NEW-0045,CAUTION,NO,LEGACY-RULE-0009|LEGACY-RULE-0013|LEGACY-RULE-0018|LEGACY-RULE-0021|LEGACY-RULE-0053|LEGACY-RULE-0058
NEX-000127,MOBILITY,MOBILITY,BEGINNER,SRV2-NEW-0047,EXCLUDE,YES,LEGACY-RULE-0010|LEGACY-RULE-0014|LEGACY-RULE-0019|LEGACY-RULE-0022|LEGACY-RULE-0054|LEGACY-RULE-0059
NEX-000127,MOBILITY,MOBILITY,BEGINNER,SRV2-NEW-0065,EXCLUDE,YES,LEGACY-RULE-0159
NEX-000128,LUNGE,GLUTES,INTERMEDIATE,SRV2-NEW-0033,CAUTION,NO,LEGACY-RULE-0025|LEGACY-RULE-0031|LEGACY-RULE-0078|LEGACY-RULE-0109|LEGACY-RULE-0147|LEGACY-RULE-0189|LEGACY-RULE-0262|LEGACY-RULE-0268|LEGACY-RULE-0281
NEX-000128,LUNGE,GLUTES,INTERMEDIATE,SRV2-NEW-0034,EXCLUDE,YES,LEGACY-RULE-0026|LEGACY-RULE-0032|LEGACY-RULE-0079|LEGACY-RULE-0110|LEGACY-RULE-0148|LEGACY-RULE-0190|LEGACY-RULE-0263|LEGACY-RULE-0269|LEGACY-RULE-0282
NEX-000128,LUNGE,GLUTES,INTERMEDIATE,SRV2-NEW-0035,EXCLUDE,YES,LEGACY-RULE-0004|LEGACY-RULE-0006|LEGACY-RULE-0029|LEGACY-RULE-0075|LEGACY-RULE-0108|LEGACY-RULE-0144|LEGACY-RULE-0261
NEX-000128,LUNGE,GLUTES,INTERMEDIATE,SRV2-NEW-0036,EXCLUDE,YES,LEGACY-RULE-0005|LEGACY-RULE-0015|LEGACY-RULE-0016
NEX-000129,MOBILITY,MOBILITY,BEGINNER,SRV2-NEW-0049,EXCLUDE,YES,LEGACY-RULE-0004|LEGACY-RULE-0006|LEGACY-RULE-0029|LEGACY-RULE-0075|LEGACY-RULE-0108|LEGACY-RULE-0144|LEGACY-RULE-0261
NEX-000129,MOBILITY,MOBILITY,BEGINNER,SRV2-NEW-0051,CAUTION,NO,LEGACY-RULE-0069|LEGACY-RULE-0094|LEGACY-RULE-0116|LEGACY-RULE-0134|LEGACY-RULE-0150|LEGACY-RULE-0170|LEGACY-RULE-0177|LEGACY-RULE-0198|LEGACY-RULE-0216|LEGACY-RULE-0230|LEGACY-RULE-0252|LEGACY-RULE-0266|LEGACY-RULE-0275
NEX-000129,MOBILITY,MOBILITY,BEGINNER,SRV2-NEW-0053,EXCLUDE,YES,LEGACY-RULE-0070|LEGACY-RULE-0095|LEGACY-RULE-0117|LEGACY-RULE-0135|LEGACY-RULE-0151|LEGACY-RULE-0171|LEGACY-RULE-0178|LEGACY-RULE-0199|LEGACY-RULE-0217|LEGACY-RULE-0231|LEGACY-RULE-0253|LEGACY-RULE-0267|LEGACY-RULE-0276
NEX-000130,MOBILITY,MOBILITY,BEGINNER,SRV2-NEW-0048,CAUTION,NO,LEGACY-RULE-0027|LEGACY-RULE-0055|LEGACY-RULE-0140|LEGACY-RULE-0187|LEGACY-RULE-0195|LEGACY-RULE-0204|LEGACY-RULE-0227|LEGACY-RULE-0236|LEGACY-RULE-0240|LEGACY-RULE-0254
NEX-000130,MOBILITY,MOBILITY,BEGINNER,SRV2-NEW-0050,EXCLUDE,YES,LEGACY-RULE-0028|LEGACY-RULE-0056|LEGACY-RULE-0141|LEGACY-RULE-0188|LEGACY-RULE-0196|LEGACY-RULE-0205|LEGACY-RULE-0228|LEGACY-RULE-0237|LEGACY-RULE-0241|LEGACY-RULE-0255
NEX-000130,MOBILITY,MOBILITY,BEGINNER,SRV2-NEW-0052,EXCLUDE,YES,LEGACY-RULE-0005|LEGACY-RULE-0015|LEGACY-RULE-0016
NEX-000131,MOBILITY,MOBILITY,INTERMEDIATE,SRV2-NEW-0039,CAUTION,NO,LEGACY-RULE-0025|LEGACY-RULE-0031|LEGACY-RULE-0078|LEGACY-RULE-0109|LEGACY-RULE-0147|LEGACY-RULE-0189|LEGACY-RULE-0262|LEGACY-RULE-0268|LEGACY-RULE-0281
NEX-000131,MOBILITY,MOBILITY,INTERMEDIATE,SRV2-NEW-0041,EXCLUDE,YES,LEGACY-RULE-0026|LEGACY-RULE-0032|LEGACY-RULE-0079|LEGACY-RULE-0110|LEGACY-RULE-0148|LEGACY-RULE-0190|LEGACY-RULE-0263|LEGACY-RULE-0269|LEGACY-RULE-0282
NEX-000131,MOBILITY,MOBILITY,INTERMEDIATE,SRV2-NEW-0049,EXCLUDE,YES,LEGACY-RULE-0004|LEGACY-RULE-0006|LEGACY-RULE-0029|LEGACY-RULE-0075|LEGACY-RULE-0108|LEGACY-RULE-0144|LEGACY-RULE-0261
NEX-000131,MOBILITY,MOBILITY,INTERMEDIATE,SRV2-NEW-0052,EXCLUDE,YES,LEGACY-RULE-0005|LEGACY-RULE-0015|LEGACY-RULE-0016
NEX-000132,MOBILITY,MOBILITY,BEGINNER,SRV2-NEW-0048,CAUTION,NO,LEGACY-RULE-0027|LEGACY-RULE-0055|LEGACY-RULE-0140|LEGACY-RULE-0187|LEGACY-RULE-0195|LEGACY-RULE-0204|LEGACY-RULE-0227|LEGACY-RULE-0236|LEGACY-RULE-0240|LEGACY-RULE-0254
NEX-000132,MOBILITY,MOBILITY,BEGINNER,SRV2-NEW-0050,EXCLUDE,YES,LEGACY-RULE-0028|LEGACY-RULE-0056|LEGACY-RULE-0141|LEGACY-RULE-0188|LEGACY-RULE-0196|LEGACY-RULE-0205|LEGACY-RULE-0228|LEGACY-RULE-0237|LEGACY-RULE-0241|LEGACY-RULE-0255
NEX-000132,MOBILITY,MOBILITY,BEGINNER,SRV2-NEW-0052,EXCLUDE,YES,LEGACY-RULE-0005|LEGACY-RULE-0015|LEGACY-RULE-0016
NEX-000133,MOBILITY,MOBILITY,INTERMEDIATE,SRV2-NEW-0049,EXCLUDE,YES,LEGACY-RULE-0004|LEGACY-RULE-0006|LEGACY-RULE-0029|LEGACY-RULE-0075|LEGACY-RULE-0108|LEGACY-RULE-0144|LEGACY-RULE-0261
NEX-000133,MOBILITY,MOBILITY,INTERMEDIATE,SRV2-NEW-0054,CAUTION,NO,LEGACY-RULE-0037|LEGACY-RULE-0044|LEGACY-RULE-0066|LEGACY-RULE-0076|LEGACY-RULE-0091|LEGACY-RULE-0111|LEGACY-RULE-0142|LEGACY-RULE-0145|LEGACY-RULE-0155|LEGACY-RULE-0157|LEGACY-RULE-0160|LEGACY-RULE-0164|LEGACY-RULE-0185|LEGACY-RULE-0250|LEGACY-RULE-0264|LEGACY-RULE-0270|LEGACY-RULE-0272
NEX-000133,MOBILITY,MOBILITY,INTERMEDIATE,SRV2-NEW-0056,EXCLUDE,YES,LEGACY-RULE-0038|LEGACY-RULE-0045|LEGACY-RULE-0067|LEGACY-RULE-0077|LEGACY-RULE-0092|LEGACY-RULE-0112|LEGACY-RULE-0143|LEGACY-RULE-0146|LEGACY-RULE-0156|LEGACY-RULE-0158|LEGACY-RULE-0161|LEGACY-RULE-0165|LEGACY-RULE-0186|LEGACY-RULE-0251|LEGACY-RULE-0265|LEGACY-RULE-0271|LEGACY-RULE-0273
NEX-000134,MOBILITY,MOBILITY,INTERMEDIATE,SRV2-NEW-0048,CAUTION,NO,LEGACY-RULE-0027|LEGACY-RULE-0055|LEGACY-RULE-0140|LEGACY-RULE-0187|LEGACY-RULE-0195|LEGACY-RULE-0204|LEGACY-RULE-0227|LEGACY-RULE-0236|LEGACY-RULE-0240|LEGACY-RULE-0254
NEX-000134,MOBILITY,MOBILITY,INTERMEDIATE,SRV2-NEW-0050,EXCLUDE,YES,LEGACY-RULE-0028|LEGACY-RULE-0056|LEGACY-RULE-0141|LEGACY-RULE-0188|LEGACY-RULE-0196|LEGACY-RULE-0205|LEGACY-RULE-0228|LEGACY-RULE-0237|LEGACY-RULE-0241|LEGACY-RULE-0255
NEX-000134,MOBILITY,MOBILITY,INTERMEDIATE,SRV2-NEW-0052,EXCLUDE,YES,LEGACY-RULE-0005|LEGACY-RULE-0015|LEGACY-RULE-0016
NEX-000135,MOBILITY,MOBILITY,BEGINNER,SRV2-NEW-0048,CAUTION,NO,LEGACY-RULE-0027|LEGACY-RULE-0055|LEGACY-RULE-0140|LEGACY-RULE-0187|LEGACY-RULE-0195|LEGACY-RULE-0204|LEGACY-RULE-0227|LEGACY-RULE-0236|LEGACY-RULE-0240|LEGACY-RULE-0254
NEX-000135,MOBILITY,MOBILITY,BEGINNER,SRV2-NEW-0050,EXCLUDE,YES,LEGACY-RULE-0028|LEGACY-RULE-0056|LEGACY-RULE-0141|LEGACY-RULE-0188|LEGACY-RULE-0196|LEGACY-RULE-0205|LEGACY-RULE-0228|LEGACY-RULE-0237|LEGACY-RULE-0241|LEGACY-RULE-0255
NEX-000135,MOBILITY,MOBILITY,BEGINNER,SRV2-NEW-0052,EXCLUDE,YES,LEGACY-RULE-0005|LEGACY-RULE-0015|LEGACY-RULE-0016
NEX-000136,MOBILITY,MOBILITY,BEGINNER,SRV2-NEW-0040,EXCLUDE,YES,LEGACY-RULE-0003|LEGACY-RULE-0149|LEGACY-RULE-0215
NEX-000136,MOBILITY,MOBILITY,BEGINNER,SRV2-NEW-0048,CAUTION,NO,LEGACY-RULE-0027|LEGACY-RULE-0055|LEGACY-RULE-0140|LEGACY-RULE-0187|LEGACY-RULE-0195|LEGACY-RULE-0204|LEGACY-RULE-0227|LEGACY-RULE-0236|LEGACY-RULE-0240|LEGACY-RULE-0254
NEX-000136,MOBILITY,MOBILITY,BEGINNER,SRV2-NEW-0050,EXCLUDE,YES,LEGACY-RULE-0028|LEGACY-RULE-0056|LEGACY-RULE-0141|LEGACY-RULE-0188|LEGACY-RULE-0196|LEGACY-RULE-0205|LEGACY-RULE-0228|LEGACY-RULE-0237|LEGACY-RULE-0241|LEGACY-RULE-0255
NEX-000136,MOBILITY,MOBILITY,BEGINNER,SRV2-NEW-0052,EXCLUDE,YES,LEGACY-RULE-0005|LEGACY-RULE-0015|LEGACY-RULE-0016
NEX-000137,MOBILITY,MOBILITY,INTERMEDIATE,SRV2-NEW-0049,EXCLUDE,YES,LEGACY-RULE-0004|LEGACY-RULE-0006|LEGACY-RULE-0029|LEGACY-RULE-0075|LEGACY-RULE-0108|LEGACY-RULE-0144|LEGACY-RULE-0261
NEX-000137,MOBILITY,MOBILITY,INTERMEDIATE,SRV2-NEW-0052,EXCLUDE,YES,LEGACY-RULE-0005|LEGACY-RULE-0015|LEGACY-RULE-0016
NEX-000138,MOBILITY,MOBILITY,BEGINNER,SRV2-NEW-0040,EXCLUDE,YES,LEGACY-RULE-0003|LEGACY-RULE-0149|LEGACY-RULE-0215
NEX-000138,MOBILITY,MOBILITY,BEGINNER,SRV2-NEW-0048,CAUTION,NO,LEGACY-RULE-0027|LEGACY-RULE-0055|LEGACY-RULE-0140|LEGACY-RULE-0187|LEGACY-RULE-0195|LEGACY-RULE-0204|LEGACY-RULE-0227|LEGACY-RULE-0236|LEGACY-RULE-0240|LEGACY-RULE-0254
NEX-000138,MOBILITY,MOBILITY,BEGINNER,SRV2-NEW-0050,EXCLUDE,YES,LEGACY-RULE-0028|LEGACY-RULE-0056|LEGACY-RULE-0141|LEGACY-RULE-0188|LEGACY-RULE-0196|LEGACY-RULE-0205|LEGACY-RULE-0228|LEGACY-RULE-0237|LEGACY-RULE-0241|LEGACY-RULE-0255
NEX-000138,MOBILITY,MOBILITY,BEGINNER,SRV2-NEW-0052,EXCLUDE,YES,LEGACY-RULE-0005|LEGACY-RULE-0015|LEGACY-RULE-0016
NEX-000139,MOBILITY,MOBILITY,INTERMEDIATE,SRV2-NEW-0039,CAUTION,NO,LEGACY-RULE-0025|LEGACY-RULE-0031|LEGACY-RULE-0078|LEGACY-RULE-0109|LEGACY-RULE-0147|LEGACY-RULE-0189|LEGACY-RULE-0262|LEGACY-RULE-0268|LEGACY-RULE-0281
NEX-000139,MOBILITY,MOBILITY,INTERMEDIATE,SRV2-NEW-0041,EXCLUDE,YES,LEGACY-RULE-0026|LEGACY-RULE-0032|LEGACY-RULE-0079|LEGACY-RULE-0110|LEGACY-RULE-0148|LEGACY-RULE-0190|LEGACY-RULE-0263|LEGACY-RULE-0269|LEGACY-RULE-0282
NEX-000139,MOBILITY,MOBILITY,INTERMEDIATE,SRV2-NEW-0049,EXCLUDE,YES,LEGACY-RULE-0004|LEGACY-RULE-0006|LEGACY-RULE-0029|LEGACY-RULE-0075|LEGACY-RULE-0108|LEGACY-RULE-0144|LEGACY-RULE-0261
NEX-000139,MOBILITY,MOBILITY,INTERMEDIATE,SRV2-NEW-0052,EXCLUDE,YES,LEGACY-RULE-0005|LEGACY-RULE-0015|LEGACY-RULE-0016
NEX-000140,PULL,BICEPS,BEGINNER,SRV2-NEW-0072,EXCLUDE,YES,LEGACY-RULE-0039|LEGACY-RULE-0046|LEGACY-RULE-0082|LEGACY-RULE-0120|LEGACY-RULE-0256
NEX-000140,PULL,BICEPS,BEGINNER,SRV2-NEW-0080,CAUTION,NO,LEGACY-RULE-0035|LEGACY-RULE-0042|LEGACY-RULE-0047|LEGACY-RULE-0060|LEGACY-RULE-0064|LEGACY-RULE-0073|LEGACY-RULE-0085|LEGACY-RULE-0089|LEGACY-RULE-0098|LEGACY-RULE-0100|LEGACY-RULE-0104|LEGACY-RULE-0113|LEGACY-RULE-0121|LEGACY-RULE-0127|LEGACY-RULE-0129|LEGACY-RULE-0138|LEGACY-RULE-0168|LEGACY-RULE-0172|LEGACY-RULE-0181|LEGACY-RULE-0183|LEGACY-RULE-0202|LEGACY-RULE-0209|LEGACY-RULE-0211|LEGACY-RULE-0234|LEGACY-RULE-0257|LEGACY-RULE-0279
NEX-000140,PULL,BICEPS,BEGINNER,SRV2-NEW-0082,EXCLUDE,YES,LEGACY-RULE-0036|LEGACY-RULE-0043|LEGACY-RULE-0048|LEGACY-RULE-0061|LEGACY-RULE-0065|LEGACY-RULE-0074|LEGACY-RULE-0086|LEGACY-RULE-0090|LEGACY-RULE-0099|LEGACY-RULE-0101|LEGACY-RULE-0105|LEGACY-RULE-0114|LEGACY-RULE-0122|LEGACY-RULE-0128|LEGACY-RULE-0130|LEGACY-RULE-0139|LEGACY-RULE-0169|LEGACY-RULE-0173|LEGACY-RULE-0182|LEGACY-RULE-0184|LEGACY-RULE-0203|LEGACY-RULE-0210|LEGACY-RULE-0212|LEGACY-RULE-0235|LEGACY-RULE-0258|LEGACY-RULE-0280
NEX-000141,PULL,BICEPS,BEGINNER,SRV2-NEW-0072,EXCLUDE,YES,LEGACY-RULE-0039|LEGACY-RULE-0046|LEGACY-RULE-0082|LEGACY-RULE-0120|LEGACY-RULE-0256
NEX-000141,PULL,BICEPS,BEGINNER,SRV2-NEW-0080,CAUTION,NO,LEGACY-RULE-0035|LEGACY-RULE-0042|LEGACY-RULE-0047|LEGACY-RULE-0060|LEGACY-RULE-0064|LEGACY-RULE-0073|LEGACY-RULE-0085|LEGACY-RULE-0089|LEGACY-RULE-0098|LEGACY-RULE-0100|LEGACY-RULE-0104|LEGACY-RULE-0113|LEGACY-RULE-0121|LEGACY-RULE-0127|LEGACY-RULE-0129|LEGACY-RULE-0138|LEGACY-RULE-0168|LEGACY-RULE-0172|LEGACY-RULE-0181|LEGACY-RULE-0183|LEGACY-RULE-0202|LEGACY-RULE-0209|LEGACY-RULE-0211|LEGACY-RULE-0234|LEGACY-RULE-0257|LEGACY-RULE-0279
NEX-000141,PULL,BICEPS,BEGINNER,SRV2-NEW-0082,EXCLUDE,YES,LEGACY-RULE-0036|LEGACY-RULE-0043|LEGACY-RULE-0048|LEGACY-RULE-0061|LEGACY-RULE-0065|LEGACY-RULE-0074|LEGACY-RULE-0086|LEGACY-RULE-0090|LEGACY-RULE-0099|LEGACY-RULE-0101|LEGACY-RULE-0105|LEGACY-RULE-0114|LEGACY-RULE-0122|LEGACY-RULE-0128|LEGACY-RULE-0130|LEGACY-RULE-0139|LEGACY-RULE-0169|LEGACY-RULE-0173|LEGACY-RULE-0182|LEGACY-RULE-0184|LEGACY-RULE-0203|LEGACY-RULE-0210|LEGACY-RULE-0212|LEGACY-RULE-0235|LEGACY-RULE-0258|LEGACY-RULE-0280
NEX-000142,SQUAT,QUADRICEPS,BEGINNER,SRV2-NEW-0092,CAUTION,NO,LEGACY-RULE-0025|LEGACY-RULE-0031|LEGACY-RULE-0078|LEGACY-RULE-0109|LEGACY-RULE-0147|LEGACY-RULE-0189|LEGACY-RULE-0262|LEGACY-RULE-0268|LEGACY-RULE-0281
NEX-000142,SQUAT,QUADRICEPS,BEGINNER,SRV2-NEW-0094,EXCLUDE,YES,LEGACY-RULE-0026|LEGACY-RULE-0032|LEGACY-RULE-0079|LEGACY-RULE-0110|LEGACY-RULE-0148|LEGACY-RULE-0190|LEGACY-RULE-0263|LEGACY-RULE-0269|LEGACY-RULE-0282
NEX-000142,SQUAT,QUADRICEPS,BEGINNER,SRV2-NEW-0096,EXCLUDE,YES,LEGACY-RULE-0004|LEGACY-RULE-0006|LEGACY-RULE-0029|LEGACY-RULE-0075|LEGACY-RULE-0108|LEGACY-RULE-0144|LEGACY-RULE-0261
NEX-000142,SQUAT,QUADRICEPS,BEGINNER,SRV2-NEW-0099,EXCLUDE,YES,LEGACY-RULE-0005|LEGACY-RULE-0015|LEGACY-RULE-0016
NEX-000143,CARDIO,CARDIO,BEGINNER,SRV2-NEW-0001,CAUTION,NO,LEGACY-RULE-0025|LEGACY-RULE-0031|LEGACY-RULE-0078|LEGACY-RULE-0109|LEGACY-RULE-0147|LEGACY-RULE-0189|LEGACY-RULE-0262|LEGACY-RULE-0268|LEGACY-RULE-0281
NEX-000143,CARDIO,CARDIO,BEGINNER,SRV2-NEW-0003,EXCLUDE,YES,LEGACY-RULE-0026|LEGACY-RULE-0032|LEGACY-RULE-0079|LEGACY-RULE-0110|LEGACY-RULE-0148|LEGACY-RULE-0190|LEGACY-RULE-0263|LEGACY-RULE-0269|LEGACY-RULE-0282
NEX-000143,CARDIO,CARDIO,BEGINNER,SRV2-NEW-0005,EXCLUDE,YES,LEGACY-RULE-0004|LEGACY-RULE-0006|LEGACY-RULE-0029|LEGACY-RULE-0075|LEGACY-RULE-0108|LEGACY-RULE-0144|LEGACY-RULE-0261
NEX-000143,CARDIO,CARDIO,BEGINNER,SRV2-NEW-0007,EXCLUDE,YES,LEGACY-RULE-0005|LEGACY-RULE-0015|LEGACY-RULE-0016
NEX-000144,CARDIO,CARDIO,BEGINNER,SRV2-NEW-0001,CAUTION,NO,LEGACY-RULE-0025|LEGACY-RULE-0031|LEGACY-RULE-0078|LEGACY-RULE-0109|LEGACY-RULE-0147|LEGACY-RULE-0189|LEGACY-RULE-0262|LEGACY-RULE-0268|LEGACY-RULE-0281
NEX-000144,CARDIO,CARDIO,BEGINNER,SRV2-NEW-0003,EXCLUDE,YES,LEGACY-RULE-0026|LEGACY-RULE-0032|LEGACY-RULE-0079|LEGACY-RULE-0110|LEGACY-RULE-0148|LEGACY-RULE-0190|LEGACY-RULE-0263|LEGACY-RULE-0269|LEGACY-RULE-0282
NEX-000144,CARDIO,CARDIO,BEGINNER,SRV2-NEW-0005,EXCLUDE,YES,LEGACY-RULE-0004|LEGACY-RULE-0006|LEGACY-RULE-0029|LEGACY-RULE-0075|LEGACY-RULE-0108|LEGACY-RULE-0144|LEGACY-RULE-0261
NEX-000144,CARDIO,CARDIO,BEGINNER,SRV2-NEW-0007,EXCLUDE,YES,LEGACY-RULE-0005|LEGACY-RULE-0015|LEGACY-RULE-0016
NEX-000145,MOBILITY,MOBILITY,INTERMEDIATE,SRV2-NEW-0049,EXCLUDE,YES,LEGACY-RULE-0004|LEGACY-RULE-0006|LEGACY-RULE-0029|LEGACY-RULE-0075|LEGACY-RULE-0108|LEGACY-RULE-0144|LEGACY-RULE-0261
NEX-000145,MOBILITY,MOBILITY,INTERMEDIATE,SRV2-NEW-0054,CAUTION,NO,LEGACY-RULE-0037|LEGACY-RULE-0044|LEGACY-RULE-0066|LEGACY-RULE-0076|LEGACY-RULE-0091|LEGACY-RULE-0111|LEGACY-RULE-0142|LEGACY-RULE-0145|LEGACY-RULE-0155|LEGACY-RULE-0157|LEGACY-RULE-0160|LEGACY-RULE-0164|LEGACY-RULE-0185|LEGACY-RULE-0250|LEGACY-RULE-0264|LEGACY-RULE-0270|LEGACY-RULE-0272
NEX-000145,MOBILITY,MOBILITY,INTERMEDIATE,SRV2-NEW-0056,EXCLUDE,YES,LEGACY-RULE-0038|LEGACY-RULE-0045|LEGACY-RULE-0067|LEGACY-RULE-0077|LEGACY-RULE-0092|LEGACY-RULE-0112|LEGACY-RULE-0143|LEGACY-RULE-0146|LEGACY-RULE-0156|LEGACY-RULE-0158|LEGACY-RULE-0161|LEGACY-RULE-0165|LEGACY-RULE-0186|LEGACY-RULE-0251|LEGACY-RULE-0265|LEGACY-RULE-0271|LEGACY-RULE-0273
NEX-000146,CORE,CORE,INTERMEDIATE,SRV2-NEW-0010,EXCLUDE,YES,LEGACY-RULE-0001|LEGACY-RULE-0223
NEX-000146,CORE,CORE,INTERMEDIATE,SRV2-NEW-0018,CAUTION,NO,LEGACY-RULE-0037|LEGACY-RULE-0044|LEGACY-RULE-0066|LEGACY-RULE-0076|LEGACY-RULE-0091|LEGACY-RULE-0111|LEGACY-RULE-0142|LEGACY-RULE-0145|LEGACY-RULE-0155|LEGACY-RULE-0157|LEGACY-RULE-0160|LEGACY-RULE-0164|LEGACY-RULE-0185|LEGACY-RULE-0250|LEGACY-RULE-0264|LEGACY-RULE-0270|LEGACY-RULE-0272
NEX-000146,CORE,CORE,INTERMEDIATE,SRV2-NEW-0019,EXCLUDE,YES,LEGACY-RULE-0038|LEGACY-RULE-0045|LEGACY-RULE-0067|LEGACY-RULE-0077|LEGACY-RULE-0092|LEGACY-RULE-0112|LEGACY-RULE-0143|LEGACY-RULE-0146|LEGACY-RULE-0156|LEGACY-RULE-0158|LEGACY-RULE-0161|LEGACY-RULE-0165|LEGACY-RULE-0186|LEGACY-RULE-0251|LEGACY-RULE-0265|LEGACY-RULE-0271|LEGACY-RULE-0273
NEX-000147,MOBILITY,MOBILITY,INTERMEDIATE,SRV2-NEW-0054,CAUTION,NO,LEGACY-RULE-0037|LEGACY-RULE-0044|LEGACY-RULE-0066|LEGACY-RULE-0076|LEGACY-RULE-0091|LEGACY-RULE-0111|LEGACY-RULE-0142|LEGACY-RULE-0145|LEGACY-RULE-0155|LEGACY-RULE-0157|LEGACY-RULE-0160|LEGACY-RULE-0164|LEGACY-RULE-0185|LEGACY-RULE-0250|LEGACY-RULE-0264|LEGACY-RULE-0270|LEGACY-RULE-0272
NEX-000147,MOBILITY,MOBILITY,INTERMEDIATE,SRV2-NEW-0056,EXCLUDE,YES,LEGACY-RULE-0038|LEGACY-RULE-0045|LEGACY-RULE-0067|LEGACY-RULE-0077|LEGACY-RULE-0092|LEGACY-RULE-0112|LEGACY-RULE-0143|LEGACY-RULE-0146|LEGACY-RULE-0156|LEGACY-RULE-0158|LEGACY-RULE-0161|LEGACY-RULE-0165|LEGACY-RULE-0186|LEGACY-RULE-0251|LEGACY-RULE-0265|LEGACY-RULE-0271|LEGACY-RULE-0273
NEX-000147,MOBILITY,MOBILITY,INTERMEDIATE,SRV2-NEW-0062,EXCLUDE,YES,LEGACY-RULE-0008|LEGACY-RULE-0115|LEGACY-RULE-0154|LEGACY-RULE-0191|LEGACY-RULE-0208
NEX-000148,PULL,BACK,INTERMEDIATE,SRV2-NEW-0069,CAUTION,NO,LEGACY-RULE-0125
NEX-000148,PULL,BACK,INTERMEDIATE,SRV2-NEW-0070,EXCLUDE,YES,LEGACY-RULE-0126
NEX-000148,PULL,BACK,INTERMEDIATE,SRV2-NEW-0071,CAUTION,NO,LEGACY-RULE-0009|LEGACY-RULE-0013|LEGACY-RULE-0018|LEGACY-RULE-0021|LEGACY-RULE-0053|LEGACY-RULE-0058
NEX-000148,PULL,BACK,INTERMEDIATE,SRV2-NEW-0073,EXCLUDE,YES,LEGACY-RULE-0010|LEGACY-RULE-0014|LEGACY-RULE-0019|LEGACY-RULE-0022|LEGACY-RULE-0054|LEGACY-RULE-0059
NEX-000148,PULL,BACK,INTERMEDIATE,SRV2-NEW-0078,EXCLUDE,YES,LEGACY-RULE-0008|LEGACY-RULE-0115|LEGACY-RULE-0154|LEGACY-RULE-0191|LEGACY-RULE-0208
NEX-000149,PULL,BICEPS,INTERMEDIATE,SRV2-NEW-0072,EXCLUDE,YES,LEGACY-RULE-0039|LEGACY-RULE-0046|LEGACY-RULE-0082|LEGACY-RULE-0120|LEGACY-RULE-0256
NEX-000149,PULL,BICEPS,INTERMEDIATE,SRV2-NEW-0080,CAUTION,NO,LEGACY-RULE-0035|LEGACY-RULE-0042|LEGACY-RULE-0047|LEGACY-RULE-0060|LEGACY-RULE-0064|LEGACY-RULE-0073|LEGACY-RULE-0085|LEGACY-RULE-0089|LEGACY-RULE-0098|LEGACY-RULE-0100|LEGACY-RULE-0104|LEGACY-RULE-0113|LEGACY-RULE-0121|LEGACY-RULE-0127|LEGACY-RULE-0129|LEGACY-RULE-0138|LEGACY-RULE-0168|LEGACY-RULE-0172|LEGACY-RULE-0181|LEGACY-RULE-0183|LEGACY-RULE-0202|LEGACY-RULE-0209|LEGACY-RULE-0211|LEGACY-RULE-0234|LEGACY-RULE-0257|LEGACY-RULE-0279
NEX-000149,PULL,BICEPS,INTERMEDIATE,SRV2-NEW-0082,EXCLUDE,YES,LEGACY-RULE-0036|LEGACY-RULE-0043|LEGACY-RULE-0048|LEGACY-RULE-0061|LEGACY-RULE-0065|LEGACY-RULE-0074|LEGACY-RULE-0086|LEGACY-RULE-0090|LEGACY-RULE-0099|LEGACY-RULE-0101|LEGACY-RULE-0105|LEGACY-RULE-0114|LEGACY-RULE-0122|LEGACY-RULE-0128|LEGACY-RULE-0130|LEGACY-RULE-0139|LEGACY-RULE-0169|LEGACY-RULE-0173|LEGACY-RULE-0182|LEGACY-RULE-0184|LEGACY-RULE-0203|LEGACY-RULE-0210|LEGACY-RULE-0212|LEGACY-RULE-0235|LEGACY-RULE-0258|LEGACY-RULE-0280
NEX-000150,PULL,BACK,INTERMEDIATE,SRV2-NEW-0071,CAUTION,NO,LEGACY-RULE-0009|LEGACY-RULE-0013|LEGACY-RULE-0018|LEGACY-RULE-0021|LEGACY-RULE-0053|LEGACY-RULE-0058
NEX-000150,PULL,BACK,INTERMEDIATE,SRV2-NEW-0073,EXCLUDE,YES,LEGACY-RULE-0010|LEGACY-RULE-0014|LEGACY-RULE-0019|LEGACY-RULE-0022|LEGACY-RULE-0054|LEGACY-RULE-0059
NEX-000150,PULL,BACK,INTERMEDIATE,SRV2-NEW-0074,CAUTION,NO,LEGACY-RULE-0040|LEGACY-RULE-0049|LEGACY-RULE-0051|LEGACY-RULE-0083|LEGACY-RULE-0123|LEGACY-RULE-0166|LEGACY-RULE-0206|LEGACY-RULE-0225|LEGACY-RULE-0238|LEGACY-RULE-0259|LEGACY-RULE-0277
NEX-000150,PULL,BACK,INTERMEDIATE,SRV2-NEW-0076,EXCLUDE,YES,LEGACY-RULE-0041|LEGACY-RULE-0050|LEGACY-RULE-0052|LEGACY-RULE-0084|LEGACY-RULE-0124|LEGACY-RULE-0167|LEGACY-RULE-0207|LEGACY-RULE-0226|LEGACY-RULE-0239|LEGACY-RULE-0260|LEGACY-RULE-0278
NEX-000150,PULL,BACK,INTERMEDIATE,SRV2-NEW-0078,EXCLUDE,YES,LEGACY-RULE-0008|LEGACY-RULE-0115|LEGACY-RULE-0154|LEGACY-RULE-0191|LEGACY-RULE-0208
NEX-000151,CARDIO,CARDIO,INTERMEDIATE,SRV2-NEW-0002,EXCLUDE,YES,LEGACY-RULE-0003|LEGACY-RULE-0149|LEGACY-RULE-0215
NEX-000151,CARDIO,CARDIO,INTERMEDIATE,SRV2-NEW-0004,CAUTION,NO,LEGACY-RULE-0027|LEGACY-RULE-0055|LEGACY-RULE-0140|LEGACY-RULE-0187|LEGACY-RULE-0195|LEGACY-RULE-0204|LEGACY-RULE-0227|LEGACY-RULE-0236|LEGACY-RULE-0240|LEGACY-RULE-0254
NEX-000151,CARDIO,CARDIO,INTERMEDIATE,SRV2-NEW-0006,EXCLUDE,YES,LEGACY-RULE-0028|LEGACY-RULE-0056|LEGACY-RULE-0141|LEGACY-RULE-0188|LEGACY-RULE-0196|LEGACY-RULE-0205|LEGACY-RULE-0228|LEGACY-RULE-0237|LEGACY-RULE-0241|LEGACY-RULE-0255
NEX-000151,CARDIO,CARDIO,INTERMEDIATE,SRV2-NEW-0007,EXCLUDE,YES,LEGACY-RULE-0005|LEGACY-RULE-0015|LEGACY-RULE-0016
NEX-000152,MOBILITY,MOBILITY,BEGINNER,SRV2-NEW-0037,CAUTION,NO,LEGACY-RULE-0106|LEGACY-RULE-0118|LEGACY-RULE-0131|LEGACY-RULE-0162|LEGACY-RULE-0213
NEX-000152,MOBILITY,MOBILITY,BEGINNER,SRV2-NEW-0038,EXCLUDE,YES,LEGACY-RULE-0107|LEGACY-RULE-0119|LEGACY-RULE-0132|LEGACY-RULE-0163|LEGACY-RULE-0214
NEX-000152,MOBILITY,MOBILITY,BEGINNER,SRV2-NEW-0055,EXCLUDE,YES,LEGACY-RULE-0002|LEGACY-RULE-0030|LEGACY-RULE-0068|LEGACY-RULE-0093|LEGACY-RULE-0133|LEGACY-RULE-0176|LEGACY-RULE-0192|LEGACY-RULE-0197|LEGACY-RULE-0224|LEGACY-RULE-0229|LEGACY-RULE-0274
NEX-000152,MOBILITY,MOBILITY,BEGINNER,SRV2-NEW-0062,EXCLUDE,YES,LEGACY-RULE-0008|LEGACY-RULE-0115|LEGACY-RULE-0154|LEGACY-RULE-0191|LEGACY-RULE-0208
NEX-000153,SQUAT,CALVES,BEGINNER,SRV2-NEW-0093,EXCLUDE,YES,LEGACY-RULE-0003|LEGACY-RULE-0149|LEGACY-RULE-0215
NEX-000153,SQUAT,CALVES,BEGINNER,SRV2-NEW-0098,CAUTION,NO,LEGACY-RULE-0069|LEGACY-RULE-0094|LEGACY-RULE-0116|LEGACY-RULE-0134|LEGACY-RULE-0150|LEGACY-RULE-0170|LEGACY-RULE-0177|LEGACY-RULE-0198|LEGACY-RULE-0216|LEGACY-RULE-0230|LEGACY-RULE-0252|LEGACY-RULE-0266|LEGACY-RULE-0275
NEX-000153,SQUAT,CALVES,BEGINNER,SRV2-NEW-0100,EXCLUDE,YES,LEGACY-RULE-0070|LEGACY-RULE-0095|LEGACY-RULE-0117|LEGACY-RULE-0135|LEGACY-RULE-0151|LEGACY-RULE-0171|LEGACY-RULE-0178|LEGACY-RULE-0199|LEGACY-RULE-0217|LEGACY-RULE-0231|LEGACY-RULE-0253|LEGACY-RULE-0267|LEGACY-RULE-0276
NEX-000154,LUNGE,QUADRICEPS,INTERMEDIATE,SRV2-NEW-0033,CAUTION,NO,LEGACY-RULE-0025|LEGACY-RULE-0031|LEGACY-RULE-0078|LEGACY-RULE-0109|LEGACY-RULE-0147|LEGACY-RULE-0189|LEGACY-RULE-0262|LEGACY-RULE-0268|LEGACY-RULE-0281
NEX-000154,LUNGE,QUADRICEPS,INTERMEDIATE,SRV2-NEW-0034,EXCLUDE,YES,LEGACY-RULE-0026|LEGACY-RULE-0032|LEGACY-RULE-0079|LEGACY-RULE-0110|LEGACY-RULE-0148|LEGACY-RULE-0190|LEGACY-RULE-0263|LEGACY-RULE-0269|LEGACY-RULE-0282
NEX-000154,LUNGE,QUADRICEPS,INTERMEDIATE,SRV2-NEW-0035,EXCLUDE,YES,LEGACY-RULE-0004|LEGACY-RULE-0006|LEGACY-RULE-0029|LEGACY-RULE-0075|LEGACY-RULE-0108|LEGACY-RULE-0144|LEGACY-RULE-0261
NEX-000154,LUNGE,QUADRICEPS,INTERMEDIATE,SRV2-NEW-0036,EXCLUDE,YES,LEGACY-RULE-0005|LEGACY-RULE-0015|LEGACY-RULE-0016
NEX-000155,CORE,CORE,INTERMEDIATE,SRV2-NEW-0010,EXCLUDE,YES,LEGACY-RULE-0001|LEGACY-RULE-0223
NEX-000155,CORE,CORE,INTERMEDIATE,SRV2-NEW-0018,CAUTION,NO,LEGACY-RULE-0037|LEGACY-RULE-0044|LEGACY-RULE-0066|LEGACY-RULE-0076|LEGACY-RULE-0091|LEGACY-RULE-0111|LEGACY-RULE-0142|LEGACY-RULE-0145|LEGACY-RULE-0155|LEGACY-RULE-0157|LEGACY-RULE-0160|LEGACY-RULE-0164|LEGACY-RULE-0185|LEGACY-RULE-0250|LEGACY-RULE-0264|LEGACY-RULE-0270|LEGACY-RULE-0272
NEX-000155,CORE,CORE,INTERMEDIATE,SRV2-NEW-0019,EXCLUDE,YES,LEGACY-RULE-0038|LEGACY-RULE-0045|LEGACY-RULE-0067|LEGACY-RULE-0077|LEGACY-RULE-0092|LEGACY-RULE-0112|LEGACY-RULE-0143|LEGACY-RULE-0146|LEGACY-RULE-0156|LEGACY-RULE-0158|LEGACY-RULE-0161|LEGACY-RULE-0165|LEGACY-RULE-0186|LEGACY-RULE-0251|LEGACY-RULE-0265|LEGACY-RULE-0271|LEGACY-RULE-0273
NEX-000156,HINGE,HAMSTRINGS,INTERMEDIATE,SRV2-NEW-0022,CAUTION,NO,LEGACY-RULE-0027|LEGACY-RULE-0055|LEGACY-RULE-0140|LEGACY-RULE-0187|LEGACY-RULE-0195|LEGACY-RULE-0204|LEGACY-RULE-0227|LEGACY-RULE-0236|LEGACY-RULE-0240|LEGACY-RULE-0254
NEX-000156,HINGE,HAMSTRINGS,INTERMEDIATE,SRV2-NEW-0024,EXCLUDE,YES,LEGACY-RULE-0028|LEGACY-RULE-0056|LEGACY-RULE-0141|LEGACY-RULE-0188|LEGACY-RULE-0196|LEGACY-RULE-0205|LEGACY-RULE-0228|LEGACY-RULE-0237|LEGACY-RULE-0241|LEGACY-RULE-0255
NEX-000156,HINGE,HAMSTRINGS,INTERMEDIATE,SRV2-NEW-0026,EXCLUDE,YES,LEGACY-RULE-0005|LEGACY-RULE-0015|LEGACY-RULE-0016
NEX-000157,MOBILITY,MOBILITY,BEGINNER,SRV2-NEW-0049,EXCLUDE,YES,LEGACY-RULE-0004|LEGACY-RULE-0006|LEGACY-RULE-0029|LEGACY-RULE-0075|LEGACY-RULE-0108|LEGACY-RULE-0144|LEGACY-RULE-0261
NEX-000157,MOBILITY,MOBILITY,BEGINNER,SRV2-NEW-0051,CAUTION,NO,LEGACY-RULE-0069|LEGACY-RULE-0094|LEGACY-RULE-0116|LEGACY-RULE-0134|LEGACY-RULE-0150|LEGACY-RULE-0170|LEGACY-RULE-0177|LEGACY-RULE-0198|LEGACY-RULE-0216|LEGACY-RULE-0230|LEGACY-RULE-0252|LEGACY-RULE-0266|LEGACY-RULE-0275
NEX-000157,MOBILITY,MOBILITY,BEGINNER,SRV2-NEW-0053,EXCLUDE,YES,LEGACY-RULE-0070|LEGACY-RULE-0095|LEGACY-RULE-0117|LEGACY-RULE-0135|LEGACY-RULE-0151|LEGACY-RULE-0171|LEGACY-RULE-0178|LEGACY-RULE-0199|LEGACY-RULE-0217|LEGACY-RULE-0231|LEGACY-RULE-0253|LEGACY-RULE-0267|LEGACY-RULE-0276
NEX-000158,CARDIO,CARDIO,INTERMEDIATE,SRV2-NEW-0002,EXCLUDE,YES,LEGACY-RULE-0003|LEGACY-RULE-0149|LEGACY-RULE-0215
NEX-000158,CARDIO,CARDIO,INTERMEDIATE,SRV2-NEW-0004,CAUTION,NO,LEGACY-RULE-0027|LEGACY-RULE-0055|LEGACY-RULE-0140|LEGACY-RULE-0187|LEGACY-RULE-0195|LEGACY-RULE-0204|LEGACY-RULE-0227|LEGACY-RULE-0236|LEGACY-RULE-0240|LEGACY-RULE-0254
NEX-000158,CARDIO,CARDIO,INTERMEDIATE,SRV2-NEW-0006,EXCLUDE,YES,LEGACY-RULE-0028|LEGACY-RULE-0056|LEGACY-RULE-0141|LEGACY-RULE-0188|LEGACY-RULE-0196|LEGACY-RULE-0205|LEGACY-RULE-0228|LEGACY-RULE-0237|LEGACY-RULE-0241|LEGACY-RULE-0255
NEX-000158,CARDIO,CARDIO,INTERMEDIATE,SRV2-NEW-0007,EXCLUDE,YES,LEGACY-RULE-0005|LEGACY-RULE-0015|LEGACY-RULE-0016
NEX-000159,LUNGE,QUADRICEPS,INTERMEDIATE,SRV2-NEW-0033,CAUTION,NO,LEGACY-RULE-0025|LEGACY-RULE-0031|LEGACY-RULE-0078|LEGACY-RULE-0109|LEGACY-RULE-0147|LEGACY-RULE-0189|LEGACY-RULE-0262|LEGACY-RULE-0268|LEGACY-RULE-0281
NEX-000159,LUNGE,QUADRICEPS,INTERMEDIATE,SRV2-NEW-0034,EXCLUDE,YES,LEGACY-RULE-0026|LEGACY-RULE-0032|LEGACY-RULE-0079|LEGACY-RULE-0110|LEGACY-RULE-0148|LEGACY-RULE-0190|LEGACY-RULE-0263|LEGACY-RULE-0269|LEGACY-RULE-0282
NEX-000159,LUNGE,QUADRICEPS,INTERMEDIATE,SRV2-NEW-0035,EXCLUDE,YES,LEGACY-RULE-0004|LEGACY-RULE-0006|LEGACY-RULE-0029|LEGACY-RULE-0075|LEGACY-RULE-0108|LEGACY-RULE-0144|LEGACY-RULE-0261
NEX-000159,LUNGE,QUADRICEPS,INTERMEDIATE,SRV2-NEW-0036,EXCLUDE,YES,LEGACY-RULE-0005|LEGACY-RULE-0015|LEGACY-RULE-0016
NEX-000160,SQUAT,QUADRICEPS,BEGINNER,SRV2-NEW-0095,CAUTION,NO,LEGACY-RULE-0027|LEGACY-RULE-0055|LEGACY-RULE-0140|LEGACY-RULE-0187|LEGACY-RULE-0195|LEGACY-RULE-0204|LEGACY-RULE-0227|LEGACY-RULE-0236|LEGACY-RULE-0240|LEGACY-RULE-0254
NEX-000160,SQUAT,QUADRICEPS,BEGINNER,SRV2-NEW-0097,EXCLUDE,YES,LEGACY-RULE-0028|LEGACY-RULE-0056|LEGACY-RULE-0141|LEGACY-RULE-0188|LEGACY-RULE-0196|LEGACY-RULE-0205|LEGACY-RULE-0228|LEGACY-RULE-0237|LEGACY-RULE-0241|LEGACY-RULE-0255
NEX-000160,SQUAT,QUADRICEPS,BEGINNER,SRV2-NEW-0099,EXCLUDE,YES,LEGACY-RULE-0005|LEGACY-RULE-0015|LEGACY-RULE-0016
NEX-000161,PULL,BACK,INTERMEDIATE,SRV2-NEW-0069,CAUTION,NO,LEGACY-RULE-0125
NEX-000161,PULL,BACK,INTERMEDIATE,SRV2-NEW-0070,EXCLUDE,YES,LEGACY-RULE-0126
NEX-000161,PULL,BACK,INTERMEDIATE,SRV2-NEW-0071,CAUTION,NO,LEGACY-RULE-0009|LEGACY-RULE-0013|LEGACY-RULE-0018|LEGACY-RULE-0021|LEGACY-RULE-0053|LEGACY-RULE-0058
NEX-000161,PULL,BACK,INTERMEDIATE,SRV2-NEW-0073,EXCLUDE,YES,LEGACY-RULE-0010|LEGACY-RULE-0014|LEGACY-RULE-0019|LEGACY-RULE-0022|LEGACY-RULE-0054|LEGACY-RULE-0059
NEX-000161,PULL,BACK,INTERMEDIATE,SRV2-NEW-0078,EXCLUDE,YES,LEGACY-RULE-0008|LEGACY-RULE-0115|LEGACY-RULE-0154|LEGACY-RULE-0191|LEGACY-RULE-0208
NEX-000162,HINGE,GLUTES,BEGINNER,SRV2-NEW-0023,EXCLUDE,YES,LEGACY-RULE-0004|LEGACY-RULE-0006|LEGACY-RULE-0029|LEGACY-RULE-0075|LEGACY-RULE-0108|LEGACY-RULE-0144|LEGACY-RULE-0261
NEX-000162,HINGE,GLUTES,BEGINNER,SRV2-NEW-0025,CAUTION,NO,LEGACY-RULE-0069|LEGACY-RULE-0094|LEGACY-RULE-0116|LEGACY-RULE-0134|LEGACY-RULE-0150|LEGACY-RULE-0170|LEGACY-RULE-0177|LEGACY-RULE-0198|LEGACY-RULE-0216|LEGACY-RULE-0230|LEGACY-RULE-0252|LEGACY-RULE-0266|LEGACY-RULE-0275
NEX-000162,HINGE,GLUTES,BEGINNER,SRV2-NEW-0027,EXCLUDE,YES,LEGACY-RULE-0070|LEGACY-RULE-0095|LEGACY-RULE-0117|LEGACY-RULE-0135|LEGACY-RULE-0151|LEGACY-RULE-0171|LEGACY-RULE-0178|LEGACY-RULE-0199|LEGACY-RULE-0217|LEGACY-RULE-0231|LEGACY-RULE-0253|LEGACY-RULE-0267|LEGACY-RULE-0276
NEX-000162,HINGE,GLUTES,BEGINNER,SRV2-NEW-0028,CAUTION,NO,LEGACY-RULE-0037|LEGACY-RULE-0044|LEGACY-RULE-0066|LEGACY-RULE-0076|LEGACY-RULE-0091|LEGACY-RULE-0111|LEGACY-RULE-0142|LEGACY-RULE-0145|LEGACY-RULE-0155|LEGACY-RULE-0157|LEGACY-RULE-0160|LEGACY-RULE-0164|LEGACY-RULE-0185|LEGACY-RULE-0250|LEGACY-RULE-0264|LEGACY-RULE-0270|LEGACY-RULE-0272
NEX-000162,HINGE,GLUTES,BEGINNER,SRV2-NEW-0030,EXCLUDE,YES,LEGACY-RULE-0038|LEGACY-RULE-0045|LEGACY-RULE-0067|LEGACY-RULE-0077|LEGACY-RULE-0092|LEGACY-RULE-0112|LEGACY-RULE-0143|LEGACY-RULE-0146|LEGACY-RULE-0156|LEGACY-RULE-0158|LEGACY-RULE-0161|LEGACY-RULE-0165|LEGACY-RULE-0186|LEGACY-RULE-0251|LEGACY-RULE-0265|LEGACY-RULE-0271|LEGACY-RULE-0273
NEX-000163,PUSH,SHOULDERS,BEGINNER,SRV2-NEW-0086,CAUTION,NO,LEGACY-RULE-0009|LEGACY-RULE-0013|LEGACY-RULE-0018|LEGACY-RULE-0021|LEGACY-RULE-0053|LEGACY-RULE-0058
NEX-000163,PUSH,SHOULDERS,BEGINNER,SRV2-NEW-0088,EXCLUDE,YES,LEGACY-RULE-0010|LEGACY-RULE-0014|LEGACY-RULE-0019|LEGACY-RULE-0022|LEGACY-RULE-0054|LEGACY-RULE-0059
NEX-000163,PUSH,SHOULDERS,BEGINNER,SRV2-NEW-0090,EXCLUDE,YES,LEGACY-RULE-0007|LEGACY-RULE-0012|LEGACY-RULE-0017|LEGACY-RULE-0020|LEGACY-RULE-0057|LEGACY-RULE-0218|LEGACY-RULE-0245
NEX-000164,CARDIO,CARDIO,BEGINNER,SRV2-NEW-0002,EXCLUDE,YES,LEGACY-RULE-0003|LEGACY-RULE-0149|LEGACY-RULE-0215
NEX-000164,CARDIO,CARDIO,BEGINNER,SRV2-NEW-0004,CAUTION,NO,LEGACY-RULE-0027|LEGACY-RULE-0055|LEGACY-RULE-0140|LEGACY-RULE-0187|LEGACY-RULE-0195|LEGACY-RULE-0204|LEGACY-RULE-0227|LEGACY-RULE-0236|LEGACY-RULE-0240|LEGACY-RULE-0254
NEX-000164,CARDIO,CARDIO,BEGINNER,SRV2-NEW-0006,EXCLUDE,YES,LEGACY-RULE-0028|LEGACY-RULE-0056|LEGACY-RULE-0141|LEGACY-RULE-0188|LEGACY-RULE-0196|LEGACY-RULE-0205|LEGACY-RULE-0228|LEGACY-RULE-0237|LEGACY-RULE-0241|LEGACY-RULE-0255
NEX-000164,CARDIO,CARDIO,BEGINNER,SRV2-NEW-0007,EXCLUDE,YES,LEGACY-RULE-0005|LEGACY-RULE-0015|LEGACY-RULE-0016
NEX-000164,CARDIO,CARDIO,BEGINNER,SRV2-NEW-0008,CAUTION,NO,LEGACY-RULE-0040|LEGACY-RULE-0049|LEGACY-RULE-0051|LEGACY-RULE-0083|LEGACY-RULE-0123|LEGACY-RULE-0166|LEGACY-RULE-0206|LEGACY-RULE-0225|LEGACY-RULE-0238|LEGACY-RULE-0259|LEGACY-RULE-0277
NEX-000164,CARDIO,CARDIO,BEGINNER,SRV2-NEW-0009,EXCLUDE,YES,LEGACY-RULE-0041|LEGACY-RULE-0050|LEGACY-RULE-0052|LEGACY-RULE-0084|LEGACY-RULE-0124|LEGACY-RULE-0167|LEGACY-RULE-0207|LEGACY-RULE-0226|LEGACY-RULE-0239|LEGACY-RULE-0260|LEGACY-RULE-0278
NEX-000165,LUNGE,GLUTES,INTERMEDIATE,SRV2-NEW-0033,CAUTION,NO,LEGACY-RULE-0025|LEGACY-RULE-0031|LEGACY-RULE-0078|LEGACY-RULE-0109|LEGACY-RULE-0147|LEGACY-RULE-0189|LEGACY-RULE-0262|LEGACY-RULE-0268|LEGACY-RULE-0281
NEX-000165,LUNGE,GLUTES,INTERMEDIATE,SRV2-NEW-0034,EXCLUDE,YES,LEGACY-RULE-0026|LEGACY-RULE-0032|LEGACY-RULE-0079|LEGACY-RULE-0110|LEGACY-RULE-0148|LEGACY-RULE-0190|LEGACY-RULE-0263|LEGACY-RULE-0269|LEGACY-RULE-0282
NEX-000165,LUNGE,GLUTES,INTERMEDIATE,SRV2-NEW-0035,EXCLUDE,YES,LEGACY-RULE-0004|LEGACY-RULE-0006|LEGACY-RULE-0029|LEGACY-RULE-0075|LEGACY-RULE-0108|LEGACY-RULE-0144|LEGACY-RULE-0261
NEX-000165,LUNGE,GLUTES,INTERMEDIATE,SRV2-NEW-0036,EXCLUDE,YES,LEGACY-RULE-0005|LEGACY-RULE-0015|LEGACY-RULE-0016
NEX-000166,PULL,BACK,INTERMEDIATE,SRV2-NEW-0071,CAUTION,NO,LEGACY-RULE-0009|LEGACY-RULE-0013|LEGACY-RULE-0018|LEGACY-RULE-0021|LEGACY-RULE-0053|LEGACY-RULE-0058
NEX-000166,PULL,BACK,INTERMEDIATE,SRV2-NEW-0073,EXCLUDE,YES,LEGACY-RULE-0010|LEGACY-RULE-0014|LEGACY-RULE-0019|LEGACY-RULE-0022|LEGACY-RULE-0054|LEGACY-RULE-0059
NEX-000166,PULL,BACK,INTERMEDIATE,SRV2-NEW-0074,CAUTION,NO,LEGACY-RULE-0040|LEGACY-RULE-0049|LEGACY-RULE-0051|LEGACY-RULE-0083|LEGACY-RULE-0123|LEGACY-RULE-0166|LEGACY-RULE-0206|LEGACY-RULE-0225|LEGACY-RULE-0238|LEGACY-RULE-0259|LEGACY-RULE-0277
NEX-000166,PULL,BACK,INTERMEDIATE,SRV2-NEW-0076,EXCLUDE,YES,LEGACY-RULE-0041|LEGACY-RULE-0050|LEGACY-RULE-0052|LEGACY-RULE-0084|LEGACY-RULE-0124|LEGACY-RULE-0167|LEGACY-RULE-0207|LEGACY-RULE-0226|LEGACY-RULE-0239|LEGACY-RULE-0260|LEGACY-RULE-0278
NEX-000166,PULL,BACK,INTERMEDIATE,SRV2-NEW-0078,EXCLUDE,YES,LEGACY-RULE-0008|LEGACY-RULE-0115|LEGACY-RULE-0154|LEGACY-RULE-0191|LEGACY-RULE-0208
NEX-000167,LUNGE,GLUTES,INTERMEDIATE,SRV2-NEW-0033,CAUTION,NO,LEGACY-RULE-0025|LEGACY-RULE-0031|LEGACY-RULE-0078|LEGACY-RULE-0109|LEGACY-RULE-0147|LEGACY-RULE-0189|LEGACY-RULE-0262|LEGACY-RULE-0268|LEGACY-RULE-0281
NEX-000167,LUNGE,GLUTES,INTERMEDIATE,SRV2-NEW-0034,EXCLUDE,YES,LEGACY-RULE-0026|LEGACY-RULE-0032|LEGACY-RULE-0079|LEGACY-RULE-0110|LEGACY-RULE-0148|LEGACY-RULE-0190|LEGACY-RULE-0263|LEGACY-RULE-0269|LEGACY-RULE-0282
NEX-000167,LUNGE,GLUTES,INTERMEDIATE,SRV2-NEW-0035,EXCLUDE,YES,LEGACY-RULE-0004|LEGACY-RULE-0006|LEGACY-RULE-0029|LEGACY-RULE-0075|LEGACY-RULE-0108|LEGACY-RULE-0144|LEGACY-RULE-0261
NEX-000167,LUNGE,GLUTES,INTERMEDIATE,SRV2-NEW-0036,EXCLUDE,YES,LEGACY-RULE-0005|LEGACY-RULE-0015|LEGACY-RULE-0016
NEX-000168,CARDIO,CARDIO,BEGINNER,SRV2-NEW-0001,CAUTION,NO,LEGACY-RULE-0025|LEGACY-RULE-0031|LEGACY-RULE-0078|LEGACY-RULE-0109|LEGACY-RULE-0147|LEGACY-RULE-0189|LEGACY-RULE-0262|LEGACY-RULE-0268|LEGACY-RULE-0281
NEX-000168,CARDIO,CARDIO,BEGINNER,SRV2-NEW-0003,EXCLUDE,YES,LEGACY-RULE-0026|LEGACY-RULE-0032|LEGACY-RULE-0079|LEGACY-RULE-0110|LEGACY-RULE-0148|LEGACY-RULE-0190|LEGACY-RULE-0263|LEGACY-RULE-0269|LEGACY-RULE-0282
NEX-000168,CARDIO,CARDIO,BEGINNER,SRV2-NEW-0005,EXCLUDE,YES,LEGACY-RULE-0004|LEGACY-RULE-0006|LEGACY-RULE-0029|LEGACY-RULE-0075|LEGACY-RULE-0108|LEGACY-RULE-0144|LEGACY-RULE-0261
NEX-000168,CARDIO,CARDIO,BEGINNER,SRV2-NEW-0007,EXCLUDE,YES,LEGACY-RULE-0005|LEGACY-RULE-0015|LEGACY-RULE-0016
NEX-000169,CARDIO,CARDIO,BEGINNER,SRV2-NEW-0002,EXCLUDE,YES,LEGACY-RULE-0003|LEGACY-RULE-0149|LEGACY-RULE-0215
NEX-000169,CARDIO,CARDIO,BEGINNER,SRV2-NEW-0004,CAUTION,NO,LEGACY-RULE-0027|LEGACY-RULE-0055|LEGACY-RULE-0140|LEGACY-RULE-0187|LEGACY-RULE-0195|LEGACY-RULE-0204|LEGACY-RULE-0227|LEGACY-RULE-0236|LEGACY-RULE-0240|LEGACY-RULE-0254
NEX-000169,CARDIO,CARDIO,BEGINNER,SRV2-NEW-0006,EXCLUDE,YES,LEGACY-RULE-0028|LEGACY-RULE-0056|LEGACY-RULE-0141|LEGACY-RULE-0188|LEGACY-RULE-0196|LEGACY-RULE-0205|LEGACY-RULE-0228|LEGACY-RULE-0237|LEGACY-RULE-0241|LEGACY-RULE-0255
NEX-000169,CARDIO,CARDIO,BEGINNER,SRV2-NEW-0007,EXCLUDE,YES,LEGACY-RULE-0005|LEGACY-RULE-0015|LEGACY-RULE-0016
NEX-000170,CARDIO,CARDIO,BEGINNER,SRV2-NEW-0002,EXCLUDE,YES,LEGACY-RULE-0003|LEGACY-RULE-0149|LEGACY-RULE-0215
NEX-000170,CARDIO,CARDIO,BEGINNER,SRV2-NEW-0004,CAUTION,NO,LEGACY-RULE-0027|LEGACY-RULE-0055|LEGACY-RULE-0140|LEGACY-RULE-0187|LEGACY-RULE-0195|LEGACY-RULE-0204|LEGACY-RULE-0227|LEGACY-RULE-0236|LEGACY-RULE-0240|LEGACY-RULE-0254
NEX-000170,CARDIO,CARDIO,BEGINNER,SRV2-NEW-0006,EXCLUDE,YES,LEGACY-RULE-0028|LEGACY-RULE-0056|LEGACY-RULE-0141|LEGACY-RULE-0188|LEGACY-RULE-0196|LEGACY-RULE-0205|LEGACY-RULE-0228|LEGACY-RULE-0237|LEGACY-RULE-0241|LEGACY-RULE-0255
NEX-000170,CARDIO,CARDIO,BEGINNER,SRV2-NEW-0007,EXCLUDE,YES,LEGACY-RULE-0005|LEGACY-RULE-0015|LEGACY-RULE-0016
NEX-000171,CARDIO,CARDIO,BEGINNER,SRV2-NEW-0002,EXCLUDE,YES,LEGACY-RULE-0003|LEGACY-RULE-0149|LEGACY-RULE-0215
NEX-000171,CARDIO,CARDIO,BEGINNER,SRV2-NEW-0004,CAUTION,NO,LEGACY-RULE-0027|LEGACY-RULE-0055|LEGACY-RULE-0140|LEGACY-RULE-0187|LEGACY-RULE-0195|LEGACY-RULE-0204|LEGACY-RULE-0227|LEGACY-RULE-0236|LEGACY-RULE-0240|LEGACY-RULE-0254
NEX-000171,CARDIO,CARDIO,BEGINNER,SRV2-NEW-0006,EXCLUDE,YES,LEGACY-RULE-0028|LEGACY-RULE-0056|LEGACY-RULE-0141|LEGACY-RULE-0188|LEGACY-RULE-0196|LEGACY-RULE-0205|LEGACY-RULE-0228|LEGACY-RULE-0237|LEGACY-RULE-0241|LEGACY-RULE-0255
NEX-000171,CARDIO,CARDIO,BEGINNER,SRV2-NEW-0007,EXCLUDE,YES,LEGACY-RULE-0005|LEGACY-RULE-0015|LEGACY-RULE-0016
NEX-000172,CARDIO,CARDIO,BEGINNER,SRV2-NEW-0002,EXCLUDE,YES,LEGACY-RULE-0003|LEGACY-RULE-0149|LEGACY-RULE-0215
NEX-000172,CARDIO,CARDIO,BEGINNER,SRV2-NEW-0004,CAUTION,NO,LEGACY-RULE-0027|LEGACY-RULE-0055|LEGACY-RULE-0140|LEGACY-RULE-0187|LEGACY-RULE-0195|LEGACY-RULE-0204|LEGACY-RULE-0227|LEGACY-RULE-0236|LEGACY-RULE-0240|LEGACY-RULE-0254
NEX-000172,CARDIO,CARDIO,BEGINNER,SRV2-NEW-0006,EXCLUDE,YES,LEGACY-RULE-0028|LEGACY-RULE-0056|LEGACY-RULE-0141|LEGACY-RULE-0188|LEGACY-RULE-0196|LEGACY-RULE-0205|LEGACY-RULE-0228|LEGACY-RULE-0237|LEGACY-RULE-0241|LEGACY-RULE-0255
NEX-000172,CARDIO,CARDIO,BEGINNER,SRV2-NEW-0007,EXCLUDE,YES,LEGACY-RULE-0005|LEGACY-RULE-0015|LEGACY-RULE-0016
NEX-000173,CORE,GLUTES,BEGINNER,SRV2-NEW-0011,CAUTION,NO,LEGACY-RULE-0025|LEGACY-RULE-0031|LEGACY-RULE-0078|LEGACY-RULE-0109|LEGACY-RULE-0147|LEGACY-RULE-0189|LEGACY-RULE-0262|LEGACY-RULE-0268|LEGACY-RULE-0281
NEX-000173,CORE,GLUTES,BEGINNER,SRV2-NEW-0012,EXCLUDE,YES,LEGACY-RULE-0026|LEGACY-RULE-0032|LEGACY-RULE-0079|LEGACY-RULE-0110|LEGACY-RULE-0148|LEGACY-RULE-0190|LEGACY-RULE-0263|LEGACY-RULE-0269|LEGACY-RULE-0282
NEX-000173,CORE,GLUTES,BEGINNER,SRV2-NEW-0014,EXCLUDE,YES,LEGACY-RULE-0004|LEGACY-RULE-0006|LEGACY-RULE-0029|LEGACY-RULE-0075|LEGACY-RULE-0108|LEGACY-RULE-0144|LEGACY-RULE-0261
NEX-000173,CORE,GLUTES,BEGINNER,SRV2-NEW-0016,CAUTION,NO,LEGACY-RULE-0069|LEGACY-RULE-0094|LEGACY-RULE-0116|LEGACY-RULE-0134|LEGACY-RULE-0150|LEGACY-RULE-0170|LEGACY-RULE-0177|LEGACY-RULE-0198|LEGACY-RULE-0216|LEGACY-RULE-0230|LEGACY-RULE-0252|LEGACY-RULE-0266|LEGACY-RULE-0275
NEX-000173,CORE,GLUTES,BEGINNER,SRV2-NEW-0017,EXCLUDE,YES,LEGACY-RULE-0070|LEGACY-RULE-0095|LEGACY-RULE-0117|LEGACY-RULE-0135|LEGACY-RULE-0151|LEGACY-RULE-0171|LEGACY-RULE-0178|LEGACY-RULE-0199|LEGACY-RULE-0217|LEGACY-RULE-0231|LEGACY-RULE-0253|LEGACY-RULE-0267|LEGACY-RULE-0276
NEX-000174,SQUAT,QUADRICEPS,BEGINNER,SRV2-NEW-0092,CAUTION,NO,LEGACY-RULE-0025|LEGACY-RULE-0031|LEGACY-RULE-0078|LEGACY-RULE-0109|LEGACY-RULE-0147|LEGACY-RULE-0189|LEGACY-RULE-0262|LEGACY-RULE-0268|LEGACY-RULE-0281
NEX-000174,SQUAT,QUADRICEPS,BEGINNER,SRV2-NEW-0094,EXCLUDE,YES,LEGACY-RULE-0026|LEGACY-RULE-0032|LEGACY-RULE-0079|LEGACY-RULE-0110|LEGACY-RULE-0148|LEGACY-RULE-0190|LEGACY-RULE-0263|LEGACY-RULE-0269|LEGACY-RULE-0282
NEX-000174,SQUAT,QUADRICEPS,BEGINNER,SRV2-NEW-0095,CAUTION,NO,LEGACY-RULE-0027|LEGACY-RULE-0055|LEGACY-RULE-0140|LEGACY-RULE-0187|LEGACY-RULE-0195|LEGACY-RULE-0204|LEGACY-RULE-0227|LEGACY-RULE-0236|LEGACY-RULE-0240|LEGACY-RULE-0254
NEX-000174,SQUAT,QUADRICEPS,BEGINNER,SRV2-NEW-0097,EXCLUDE,YES,LEGACY-RULE-0028|LEGACY-RULE-0056|LEGACY-RULE-0141|LEGACY-RULE-0188|LEGACY-RULE-0196|LEGACY-RULE-0205|LEGACY-RULE-0228|LEGACY-RULE-0237|LEGACY-RULE-0241|LEGACY-RULE-0255
NEX-000174,SQUAT,QUADRICEPS,BEGINNER,SRV2-NEW-0099,EXCLUDE,YES,LEGACY-RULE-0005|LEGACY-RULE-0015|LEGACY-RULE-0016
NEX-000175,SQUAT,QUADRICEPS,BEGINNER,SRV2-NEW-0095,CAUTION,NO,LEGACY-RULE-0027|LEGACY-RULE-0055|LEGACY-RULE-0140|LEGACY-RULE-0187|LEGACY-RULE-0195|LEGACY-RULE-0204|LEGACY-RULE-0227|LEGACY-RULE-0236|LEGACY-RULE-0240|LEGACY-RULE-0254
NEX-000175,SQUAT,QUADRICEPS,BEGINNER,SRV2-NEW-0097,EXCLUDE,YES,LEGACY-RULE-0028|LEGACY-RULE-0056|LEGACY-RULE-0141|LEGACY-RULE-0188|LEGACY-RULE-0196|LEGACY-RULE-0205|LEGACY-RULE-0228|LEGACY-RULE-0237|LEGACY-RULE-0241|LEGACY-RULE-0255
NEX-000175,SQUAT,QUADRICEPS,BEGINNER,SRV2-NEW-0099,EXCLUDE,YES,LEGACY-RULE-0005|LEGACY-RULE-0015|LEGACY-RULE-0016
NEX-000176,SQUAT,QUADRICEPS,BEGINNER,SRV2-NEW-0095,CAUTION,NO,LEGACY-RULE-0027|LEGACY-RULE-0055|LEGACY-RULE-0140|LEGACY-RULE-0187|LEGACY-RULE-0195|LEGACY-RULE-0204|LEGACY-RULE-0227|LEGACY-RULE-0236|LEGACY-RULE-0240|LEGACY-RULE-0254
NEX-000176,SQUAT,QUADRICEPS,BEGINNER,SRV2-NEW-0097,EXCLUDE,YES,LEGACY-RULE-0028|LEGACY-RULE-0056|LEGACY-RULE-0141|LEGACY-RULE-0188|LEGACY-RULE-0196|LEGACY-RULE-0205|LEGACY-RULE-0228|LEGACY-RULE-0237|LEGACY-RULE-0241|LEGACY-RULE-0255
NEX-000176,SQUAT,QUADRICEPS,BEGINNER,SRV2-NEW-0099,EXCLUDE,YES,LEGACY-RULE-0005|LEGACY-RULE-0015|LEGACY-RULE-0016
NEX-000177,CORE,CORE,BEGINNER,SRV2-NEW-0010,EXCLUDE,YES,LEGACY-RULE-0001|LEGACY-RULE-0223
NEX-000177,CORE,CORE,BEGINNER,SRV2-NEW-0018,CAUTION,NO,LEGACY-RULE-0037|LEGACY-RULE-0044|LEGACY-RULE-0066|LEGACY-RULE-0076|LEGACY-RULE-0091|LEGACY-RULE-0111|LEGACY-RULE-0142|LEGACY-RULE-0145|LEGACY-RULE-0155|LEGACY-RULE-0157|LEGACY-RULE-0160|LEGACY-RULE-0164|LEGACY-RULE-0185|LEGACY-RULE-0250|LEGACY-RULE-0264|LEGACY-RULE-0270|LEGACY-RULE-0272
NEX-000177,CORE,CORE,BEGINNER,SRV2-NEW-0019,EXCLUDE,YES,LEGACY-RULE-0038|LEGACY-RULE-0045|LEGACY-RULE-0067|LEGACY-RULE-0077|LEGACY-RULE-0092|LEGACY-RULE-0112|LEGACY-RULE-0143|LEGACY-RULE-0146|LEGACY-RULE-0156|LEGACY-RULE-0158|LEGACY-RULE-0161|LEGACY-RULE-0165|LEGACY-RULE-0186|LEGACY-RULE-0251|LEGACY-RULE-0265|LEGACY-RULE-0271|LEGACY-RULE-0273
NEX-000178,PULL,BACK,BEGINNER,SRV2-NEW-0071,CAUTION,NO,LEGACY-RULE-0009|LEGACY-RULE-0013|LEGACY-RULE-0018|LEGACY-RULE-0021|LEGACY-RULE-0053|LEGACY-RULE-0058
NEX-000178,PULL,BACK,BEGINNER,SRV2-NEW-0073,EXCLUDE,YES,LEGACY-RULE-0010|LEGACY-RULE-0014|LEGACY-RULE-0019|LEGACY-RULE-0022|LEGACY-RULE-0054|LEGACY-RULE-0059
NEX-000178,PULL,BACK,BEGINNER,SRV2-NEW-0074,CAUTION,NO,LEGACY-RULE-0040|LEGACY-RULE-0049|LEGACY-RULE-0051|LEGACY-RULE-0083|LEGACY-RULE-0123|LEGACY-RULE-0166|LEGACY-RULE-0206|LEGACY-RULE-0225|LEGACY-RULE-0238|LEGACY-RULE-0259|LEGACY-RULE-0277
NEX-000178,PULL,BACK,BEGINNER,SRV2-NEW-0076,EXCLUDE,YES,LEGACY-RULE-0041|LEGACY-RULE-0050|LEGACY-RULE-0052|LEGACY-RULE-0084|LEGACY-RULE-0124|LEGACY-RULE-0167|LEGACY-RULE-0207|LEGACY-RULE-0226|LEGACY-RULE-0239|LEGACY-RULE-0260|LEGACY-RULE-0278
NEX-000178,PULL,BACK,BEGINNER,SRV2-NEW-0078,EXCLUDE,YES,LEGACY-RULE-0008|LEGACY-RULE-0115|LEGACY-RULE-0154|LEGACY-RULE-0191|LEGACY-RULE-0208
NEX-000179,CORE,CORE,BEGINNER,SRV2-NEW-0010,EXCLUDE,YES,LEGACY-RULE-0001|LEGACY-RULE-0223
NEX-000179,CORE,CORE,BEGINNER,SRV2-NEW-0013,CAUTION,NO,LEGACY-RULE-0027|LEGACY-RULE-0055|LEGACY-RULE-0140|LEGACY-RULE-0187|LEGACY-RULE-0195|LEGACY-RULE-0204|LEGACY-RULE-0227|LEGACY-RULE-0236|LEGACY-RULE-0240|LEGACY-RULE-0254
NEX-000179,CORE,CORE,BEGINNER,SRV2-NEW-0015,EXCLUDE,YES,LEGACY-RULE-0028|LEGACY-RULE-0056|LEGACY-RULE-0141|LEGACY-RULE-0188|LEGACY-RULE-0196|LEGACY-RULE-0205|LEGACY-RULE-0228|LEGACY-RULE-0237|LEGACY-RULE-0241|LEGACY-RULE-0255
NEX-000179,CORE,CORE,BEGINNER,SRV2-NEW-0018,CAUTION,NO,LEGACY-RULE-0037|LEGACY-RULE-0044|LEGACY-RULE-0066|LEGACY-RULE-0076|LEGACY-RULE-0091|LEGACY-RULE-0111|LEGACY-RULE-0142|LEGACY-RULE-0145|LEGACY-RULE-0155|LEGACY-RULE-0157|LEGACY-RULE-0160|LEGACY-RULE-0164|LEGACY-RULE-0185|LEGACY-RULE-0250|LEGACY-RULE-0264|LEGACY-RULE-0270|LEGACY-RULE-0272
NEX-000179,CORE,CORE,BEGINNER,SRV2-NEW-0019,EXCLUDE,YES,LEGACY-RULE-0038|LEGACY-RULE-0045|LEGACY-RULE-0067|LEGACY-RULE-0077|LEGACY-RULE-0092|LEGACY-RULE-0112|LEGACY-RULE-0143|LEGACY-RULE-0146|LEGACY-RULE-0156|LEGACY-RULE-0158|LEGACY-RULE-0161|LEGACY-RULE-0165|LEGACY-RULE-0186|LEGACY-RULE-0251|LEGACY-RULE-0265|LEGACY-RULE-0271|LEGACY-RULE-0273
NEX-000179,CORE,CORE,BEGINNER,SRV2-NEW-0020,CAUTION,NO,LEGACY-RULE-0040|LEGACY-RULE-0049|LEGACY-RULE-0051|LEGACY-RULE-0083|LEGACY-RULE-0123|LEGACY-RULE-0166|LEGACY-RULE-0206|LEGACY-RULE-0225|LEGACY-RULE-0238|LEGACY-RULE-0259|LEGACY-RULE-0277
NEX-000179,CORE,CORE,BEGINNER,SRV2-NEW-0021,EXCLUDE,YES,LEGACY-RULE-0041|LEGACY-RULE-0050|LEGACY-RULE-0052|LEGACY-RULE-0084|LEGACY-RULE-0124|LEGACY-RULE-0167|LEGACY-RULE-0207|LEGACY-RULE-0226|LEGACY-RULE-0239|LEGACY-RULE-0260|LEGACY-RULE-0278
NEX-000180,HINGE,HAMSTRINGS,BEGINNER,SRV2-NEW-0022,CAUTION,NO,LEGACY-RULE-0027|LEGACY-RULE-0055|LEGACY-RULE-0140|LEGACY-RULE-0187|LEGACY-RULE-0195|LEGACY-RULE-0204|LEGACY-RULE-0227|LEGACY-RULE-0236|LEGACY-RULE-0240|LEGACY-RULE-0254
NEX-000180,HINGE,HAMSTRINGS,BEGINNER,SRV2-NEW-0024,EXCLUDE,YES,LEGACY-RULE-0028|LEGACY-RULE-0056|LEGACY-RULE-0141|LEGACY-RULE-0188|LEGACY-RULE-0196|LEGACY-RULE-0205|LEGACY-RULE-0228|LEGACY-RULE-0237|LEGACY-RULE-0241|LEGACY-RULE-0255
NEX-000180,HINGE,HAMSTRINGS,BEGINNER,SRV2-NEW-0026,EXCLUDE,YES,LEGACY-RULE-0005|LEGACY-RULE-0015|LEGACY-RULE-0016
NEX-000181,SQUAT,QUADRICEPS,BEGINNER,SRV2-NEW-0095,CAUTION,NO,LEGACY-RULE-0027|LEGACY-RULE-0055|LEGACY-RULE-0140|LEGACY-RULE-0187|LEGACY-RULE-0195|LEGACY-RULE-0204|LEGACY-RULE-0227|LEGACY-RULE-0236|LEGACY-RULE-0240|LEGACY-RULE-0254
NEX-000181,SQUAT,QUADRICEPS,BEGINNER,SRV2-NEW-0097,EXCLUDE,YES,LEGACY-RULE-0028|LEGACY-RULE-0056|LEGACY-RULE-0141|LEGACY-RULE-0188|LEGACY-RULE-0196|LEGACY-RULE-0205|LEGACY-RULE-0228|LEGACY-RULE-0237|LEGACY-RULE-0241|LEGACY-RULE-0255
NEX-000181,SQUAT,QUADRICEPS,BEGINNER,SRV2-NEW-0099,EXCLUDE,YES,LEGACY-RULE-0005|LEGACY-RULE-0015|LEGACY-RULE-0016
NEX-000182,PUSH,CHEST,BEGINNER,SRV2-NEW-0085,EXCLUDE,YES,LEGACY-RULE-0011|LEGACY-RULE-0244
NEX-000182,PUSH,CHEST,BEGINNER,SRV2-NEW-0086,CAUTION,NO,LEGACY-RULE-0009|LEGACY-RULE-0013|LEGACY-RULE-0018|LEGACY-RULE-0021|LEGACY-RULE-0053|LEGACY-RULE-0058
NEX-000182,PUSH,CHEST,BEGINNER,SRV2-NEW-0088,EXCLUDE,YES,LEGACY-RULE-0010|LEGACY-RULE-0014|LEGACY-RULE-0019|LEGACY-RULE-0022|LEGACY-RULE-0054|LEGACY-RULE-0059
NEX-000182,PUSH,CHEST,BEGINNER,SRV2-NEW-0089,CAUTION,NO,LEGACY-RULE-0040|LEGACY-RULE-0049|LEGACY-RULE-0051|LEGACY-RULE-0083|LEGACY-RULE-0123|LEGACY-RULE-0166|LEGACY-RULE-0206|LEGACY-RULE-0225|LEGACY-RULE-0238|LEGACY-RULE-0259|LEGACY-RULE-0277
NEX-000182,PUSH,CHEST,BEGINNER,SRV2-NEW-0091,EXCLUDE,YES,LEGACY-RULE-0041|LEGACY-RULE-0050|LEGACY-RULE-0052|LEGACY-RULE-0084|LEGACY-RULE-0124|LEGACY-RULE-0167|LEGACY-RULE-0207|LEGACY-RULE-0226|LEGACY-RULE-0239|LEGACY-RULE-0260|LEGACY-RULE-0278
NEX-000183,PULL,BACK,BEGINNER,SRV2-NEW-0071,CAUTION,NO,LEGACY-RULE-0009|LEGACY-RULE-0013|LEGACY-RULE-0018|LEGACY-RULE-0021|LEGACY-RULE-0053|LEGACY-RULE-0058
NEX-000183,PULL,BACK,BEGINNER,SRV2-NEW-0073,EXCLUDE,YES,LEGACY-RULE-0010|LEGACY-RULE-0014|LEGACY-RULE-0019|LEGACY-RULE-0022|LEGACY-RULE-0054|LEGACY-RULE-0059
NEX-000183,PULL,BACK,BEGINNER,SRV2-NEW-0074,CAUTION,NO,LEGACY-RULE-0040|LEGACY-RULE-0049|LEGACY-RULE-0051|LEGACY-RULE-0083|LEGACY-RULE-0123|LEGACY-RULE-0166|LEGACY-RULE-0206|LEGACY-RULE-0225|LEGACY-RULE-0238|LEGACY-RULE-0259|LEGACY-RULE-0277
NEX-000183,PULL,BACK,BEGINNER,SRV2-NEW-0076,EXCLUDE,YES,LEGACY-RULE-0041|LEGACY-RULE-0050|LEGACY-RULE-0052|LEGACY-RULE-0084|LEGACY-RULE-0124|LEGACY-RULE-0167|LEGACY-RULE-0207|LEGACY-RULE-0226|LEGACY-RULE-0239|LEGACY-RULE-0260|LEGACY-RULE-0278
NEX-000183,PULL,BACK,BEGINNER,SRV2-NEW-0078,EXCLUDE,YES,LEGACY-RULE-0008|LEGACY-RULE-0115|LEGACY-RULE-0154|LEGACY-RULE-0191|LEGACY-RULE-0208
NEX-000184,PULL,SHOULDERS,INTERMEDIATE,SRV2-NEW-0071,CAUTION,NO,LEGACY-RULE-0009|LEGACY-RULE-0013|LEGACY-RULE-0018|LEGACY-RULE-0021|LEGACY-RULE-0053|LEGACY-RULE-0058
NEX-000184,PULL,SHOULDERS,INTERMEDIATE,SRV2-NEW-0073,EXCLUDE,YES,LEGACY-RULE-0010|LEGACY-RULE-0014|LEGACY-RULE-0019|LEGACY-RULE-0022|LEGACY-RULE-0054|LEGACY-RULE-0059
NEX-000184,PULL,SHOULDERS,INTERMEDIATE,SRV2-NEW-0075,EXCLUDE,YES,LEGACY-RULE-0007|LEGACY-RULE-0012|LEGACY-RULE-0017|LEGACY-RULE-0020|LEGACY-RULE-0057|LEGACY-RULE-0218|LEGACY-RULE-0245
NEX-000184,PULL,SHOULDERS,INTERMEDIATE,SRV2-NEW-0077,CAUTION,NO,LEGACY-RULE-0033|LEGACY-RULE-0071|LEGACY-RULE-0080|LEGACY-RULE-0087|LEGACY-RULE-0096|LEGACY-RULE-0102|LEGACY-RULE-0136|LEGACY-RULE-0152|LEGACY-RULE-0174|LEGACY-RULE-0179|LEGACY-RULE-0200|LEGACY-RULE-0221|LEGACY-RULE-0232|LEGACY-RULE-0246
NEX-000184,PULL,SHOULDERS,INTERMEDIATE,SRV2-NEW-0079,EXCLUDE,YES,LEGACY-RULE-0034|LEGACY-RULE-0072|LEGACY-RULE-0081|LEGACY-RULE-0088|LEGACY-RULE-0097|LEGACY-RULE-0103|LEGACY-RULE-0137|LEGACY-RULE-0153|LEGACY-RULE-0175|LEGACY-RULE-0180|LEGACY-RULE-0201|LEGACY-RULE-0222|LEGACY-RULE-0233|LEGACY-RULE-0247
NEX-000185,PULL,BACK,INTERMEDIATE,SRV2-NEW-0071,CAUTION,NO,LEGACY-RULE-0009|LEGACY-RULE-0013|LEGACY-RULE-0018|LEGACY-RULE-0021|LEGACY-RULE-0053|LEGACY-RULE-0058
NEX-000185,PULL,BACK,INTERMEDIATE,SRV2-NEW-0073,EXCLUDE,YES,LEGACY-RULE-0010|LEGACY-RULE-0014|LEGACY-RULE-0019|LEGACY-RULE-0022|LEGACY-RULE-0054|LEGACY-RULE-0059
NEX-000185,PULL,BACK,INTERMEDIATE,SRV2-NEW-0074,CAUTION,NO,LEGACY-RULE-0040|LEGACY-RULE-0049|LEGACY-RULE-0051|LEGACY-RULE-0083|LEGACY-RULE-0123|LEGACY-RULE-0166|LEGACY-RULE-0206|LEGACY-RULE-0225|LEGACY-RULE-0238|LEGACY-RULE-0259|LEGACY-RULE-0277
NEX-000185,PULL,BACK,INTERMEDIATE,SRV2-NEW-0076,EXCLUDE,YES,LEGACY-RULE-0041|LEGACY-RULE-0050|LEGACY-RULE-0052|LEGACY-RULE-0084|LEGACY-RULE-0124|LEGACY-RULE-0167|LEGACY-RULE-0207|LEGACY-RULE-0226|LEGACY-RULE-0239|LEGACY-RULE-0260|LEGACY-RULE-0278
NEX-000185,PULL,BACK,INTERMEDIATE,SRV2-NEW-0078,EXCLUDE,YES,LEGACY-RULE-0008|LEGACY-RULE-0115|LEGACY-RULE-0154|LEGACY-RULE-0191|LEGACY-RULE-0208
NEX-000186,HINGE,GLUTES,INTERMEDIATE,SRV2-NEW-0023,EXCLUDE,YES,LEGACY-RULE-0004|LEGACY-RULE-0006|LEGACY-RULE-0029|LEGACY-RULE-0075|LEGACY-RULE-0108|LEGACY-RULE-0144|LEGACY-RULE-0261
NEX-000186,HINGE,GLUTES,INTERMEDIATE,SRV2-NEW-0025,CAUTION,NO,LEGACY-RULE-0069|LEGACY-RULE-0094|LEGACY-RULE-0116|LEGACY-RULE-0134|LEGACY-RULE-0150|LEGACY-RULE-0170|LEGACY-RULE-0177|LEGACY-RULE-0198|LEGACY-RULE-0216|LEGACY-RULE-0230|LEGACY-RULE-0252|LEGACY-RULE-0266|LEGACY-RULE-0275
NEX-000186,HINGE,GLUTES,INTERMEDIATE,SRV2-NEW-0027,EXCLUDE,YES,LEGACY-RULE-0070|LEGACY-RULE-0095|LEGACY-RULE-0117|LEGACY-RULE-0135|LEGACY-RULE-0151|LEGACY-RULE-0171|LEGACY-RULE-0178|LEGACY-RULE-0199|LEGACY-RULE-0217|LEGACY-RULE-0231|LEGACY-RULE-0253|LEGACY-RULE-0267|LEGACY-RULE-0276
NEX-000186,HINGE,GLUTES,INTERMEDIATE,SRV2-NEW-0028,CAUTION,NO,LEGACY-RULE-0037|LEGACY-RULE-0044|LEGACY-RULE-0066|LEGACY-RULE-0076|LEGACY-RULE-0091|LEGACY-RULE-0111|LEGACY-RULE-0142|LEGACY-RULE-0145|LEGACY-RULE-0155|LEGACY-RULE-0157|LEGACY-RULE-0160|LEGACY-RULE-0164|LEGACY-RULE-0185|LEGACY-RULE-0250|LEGACY-RULE-0264|LEGACY-RULE-0270|LEGACY-RULE-0272
NEX-000186,HINGE,GLUTES,INTERMEDIATE,SRV2-NEW-0030,EXCLUDE,YES,LEGACY-RULE-0038|LEGACY-RULE-0045|LEGACY-RULE-0067|LEGACY-RULE-0077|LEGACY-RULE-0092|LEGACY-RULE-0112|LEGACY-RULE-0143|LEGACY-RULE-0146|LEGACY-RULE-0156|LEGACY-RULE-0158|LEGACY-RULE-0161|LEGACY-RULE-0165|LEGACY-RULE-0186|LEGACY-RULE-0251|LEGACY-RULE-0265|LEGACY-RULE-0271|LEGACY-RULE-0273
NEX-000187,CORE,CORE,INTERMEDIATE,SRV2-NEW-0010,EXCLUDE,YES,LEGACY-RULE-0001|LEGACY-RULE-0223
NEX-000187,CORE,CORE,INTERMEDIATE,SRV2-NEW-0018,CAUTION,NO,LEGACY-RULE-0037|LEGACY-RULE-0044|LEGACY-RULE-0066|LEGACY-RULE-0076|LEGACY-RULE-0091|LEGACY-RULE-0111|LEGACY-RULE-0142|LEGACY-RULE-0145|LEGACY-RULE-0155|LEGACY-RULE-0157|LEGACY-RULE-0160|LEGACY-RULE-0164|LEGACY-RULE-0185|LEGACY-RULE-0250|LEGACY-RULE-0264|LEGACY-RULE-0270|LEGACY-RULE-0272
NEX-000187,CORE,CORE,INTERMEDIATE,SRV2-NEW-0019,EXCLUDE,YES,LEGACY-RULE-0038|LEGACY-RULE-0045|LEGACY-RULE-0067|LEGACY-RULE-0077|LEGACY-RULE-0092|LEGACY-RULE-0112|LEGACY-RULE-0143|LEGACY-RULE-0146|LEGACY-RULE-0156|LEGACY-RULE-0158|LEGACY-RULE-0161|LEGACY-RULE-0165|LEGACY-RULE-0186|LEGACY-RULE-0251|LEGACY-RULE-0265|LEGACY-RULE-0271|LEGACY-RULE-0273
NEX-000187,CORE,CORE,INTERMEDIATE,SRV2-NEW-0020,CAUTION,NO,LEGACY-RULE-0040|LEGACY-RULE-0049|LEGACY-RULE-0051|LEGACY-RULE-0083|LEGACY-RULE-0123|LEGACY-RULE-0166|LEGACY-RULE-0206|LEGACY-RULE-0225|LEGACY-RULE-0238|LEGACY-RULE-0259|LEGACY-RULE-0277
NEX-000187,CORE,CORE,INTERMEDIATE,SRV2-NEW-0021,EXCLUDE,YES,LEGACY-RULE-0041|LEGACY-RULE-0050|LEGACY-RULE-0052|LEGACY-RULE-0084|LEGACY-RULE-0124|LEGACY-RULE-0167|LEGACY-RULE-0207|LEGACY-RULE-0226|LEGACY-RULE-0239|LEGACY-RULE-0260|LEGACY-RULE-0278
NEX-000188,SQUAT,CALVES,BEGINNER,SRV2-NEW-0093,EXCLUDE,YES,LEGACY-RULE-0003|LEGACY-RULE-0149|LEGACY-RULE-0215
NEX-000188,SQUAT,CALVES,BEGINNER,SRV2-NEW-0098,CAUTION,NO,LEGACY-RULE-0069|LEGACY-RULE-0094|LEGACY-RULE-0116|LEGACY-RULE-0134|LEGACY-RULE-0150|LEGACY-RULE-0170|LEGACY-RULE-0177|LEGACY-RULE-0198|LEGACY-RULE-0216|LEGACY-RULE-0230|LEGACY-RULE-0252|LEGACY-RULE-0266|LEGACY-RULE-0275
NEX-000188,SQUAT,CALVES,BEGINNER,SRV2-NEW-0100,EXCLUDE,YES,LEGACY-RULE-0070|LEGACY-RULE-0095|LEGACY-RULE-0117|LEGACY-RULE-0135|LEGACY-RULE-0151|LEGACY-RULE-0171|LEGACY-RULE-0178|LEGACY-RULE-0199|LEGACY-RULE-0217|LEGACY-RULE-0231|LEGACY-RULE-0253|LEGACY-RULE-0267|LEGACY-RULE-0276
NEX-000189,PULL,BACK,INTERMEDIATE,SRV2-NEW-0067,CAUTION,NO,LEGACY-RULE-0106|LEGACY-RULE-0118|LEGACY-RULE-0131|LEGACY-RULE-0162|LEGACY-RULE-0213
NEX-000189,PULL,BACK,INTERMEDIATE,SRV2-NEW-0068,EXCLUDE,YES,LEGACY-RULE-0107|LEGACY-RULE-0119|LEGACY-RULE-0132|LEGACY-RULE-0163|LEGACY-RULE-0214
NEX-000189,PULL,BACK,INTERMEDIATE,SRV2-NEW-0071,CAUTION,NO,LEGACY-RULE-0009|LEGACY-RULE-0013|LEGACY-RULE-0018|LEGACY-RULE-0021|LEGACY-RULE-0053|LEGACY-RULE-0058
NEX-000189,PULL,BACK,INTERMEDIATE,SRV2-NEW-0073,EXCLUDE,YES,LEGACY-RULE-0010|LEGACY-RULE-0014|LEGACY-RULE-0019|LEGACY-RULE-0022|LEGACY-RULE-0054|LEGACY-RULE-0059
NEX-000189,PULL,BACK,INTERMEDIATE,SRV2-NEW-0074,CAUTION,NO,LEGACY-RULE-0040|LEGACY-RULE-0049|LEGACY-RULE-0051|LEGACY-RULE-0083|LEGACY-RULE-0123|LEGACY-RULE-0166|LEGACY-RULE-0206|LEGACY-RULE-0225|LEGACY-RULE-0238|LEGACY-RULE-0259|LEGACY-RULE-0277
NEX-000189,PULL,BACK,INTERMEDIATE,SRV2-NEW-0076,EXCLUDE,YES,LEGACY-RULE-0041|LEGACY-RULE-0050|LEGACY-RULE-0052|LEGACY-RULE-0084|LEGACY-RULE-0124|LEGACY-RULE-0167|LEGACY-RULE-0207|LEGACY-RULE-0226|LEGACY-RULE-0239|LEGACY-RULE-0260|LEGACY-RULE-0278
NEX-000189,PULL,BACK,INTERMEDIATE,SRV2-NEW-0078,EXCLUDE,YES,LEGACY-RULE-0008|LEGACY-RULE-0115|LEGACY-RULE-0154|LEGACY-RULE-0191|LEGACY-RULE-0208
NEX-000190,PULL,BACK,BEGINNER,SRV2-NEW-0071,CAUTION,NO,LEGACY-RULE-0009|LEGACY-RULE-0013|LEGACY-RULE-0018|LEGACY-RULE-0021|LEGACY-RULE-0053|LEGACY-RULE-0058
NEX-000190,PULL,BACK,BEGINNER,SRV2-NEW-0073,EXCLUDE,YES,LEGACY-RULE-0010|LEGACY-RULE-0014|LEGACY-RULE-0019|LEGACY-RULE-0022|LEGACY-RULE-0054|LEGACY-RULE-0059
NEX-000190,PULL,BACK,BEGINNER,SRV2-NEW-0074,CAUTION,NO,LEGACY-RULE-0040|LEGACY-RULE-0049|LEGACY-RULE-0051|LEGACY-RULE-0083|LEGACY-RULE-0123|LEGACY-RULE-0166|LEGACY-RULE-0206|LEGACY-RULE-0225|LEGACY-RULE-0238|LEGACY-RULE-0259|LEGACY-RULE-0277
NEX-000190,PULL,BACK,BEGINNER,SRV2-NEW-0076,EXCLUDE,YES,LEGACY-RULE-0041|LEGACY-RULE-0050|LEGACY-RULE-0052|LEGACY-RULE-0084|LEGACY-RULE-0124|LEGACY-RULE-0167|LEGACY-RULE-0207|LEGACY-RULE-0226|LEGACY-RULE-0239|LEGACY-RULE-0260|LEGACY-RULE-0278
NEX-000190,PULL,BACK,BEGINNER,SRV2-NEW-0078,EXCLUDE,YES,LEGACY-RULE-0008|LEGACY-RULE-0115|LEGACY-RULE-0154|LEGACY-RULE-0191|LEGACY-RULE-0208
NEX-000191,HINGE,HAMSTRINGS,BEGINNER,SRV2-NEW-0022,CAUTION,NO,LEGACY-RULE-0027|LEGACY-RULE-0055|LEGACY-RULE-0140|LEGACY-RULE-0187|LEGACY-RULE-0195|LEGACY-RULE-0204|LEGACY-RULE-0227|LEGACY-RULE-0236|LEGACY-RULE-0240|LEGACY-RULE-0254
NEX-000191,HINGE,HAMSTRINGS,BEGINNER,SRV2-NEW-0024,EXCLUDE,YES,LEGACY-RULE-0028|LEGACY-RULE-0056|LEGACY-RULE-0141|LEGACY-RULE-0188|LEGACY-RULE-0196|LEGACY-RULE-0205|LEGACY-RULE-0228|LEGACY-RULE-0237|LEGACY-RULE-0241|LEGACY-RULE-0255
NEX-000191,HINGE,HAMSTRINGS,BEGINNER,SRV2-NEW-0026,EXCLUDE,YES,LEGACY-RULE-0005|LEGACY-RULE-0015|LEGACY-RULE-0016
NEX-000192,HINGE,GLUTES,BEGINNER,SRV2-NEW-0023,EXCLUDE,YES,LEGACY-RULE-0004|LEGACY-RULE-0006|LEGACY-RULE-0029|LEGACY-RULE-0075|LEGACY-RULE-0108|LEGACY-RULE-0144|LEGACY-RULE-0261
NEX-000192,HINGE,GLUTES,BEGINNER,SRV2-NEW-0026,EXCLUDE,YES,LEGACY-RULE-0005|LEGACY-RULE-0015|LEGACY-RULE-0016
NEX-000192,HINGE,GLUTES,BEGINNER,SRV2-NEW-0028,CAUTION,NO,LEGACY-RULE-0037|LEGACY-RULE-0044|LEGACY-RULE-0066|LEGACY-RULE-0076|LEGACY-RULE-0091|LEGACY-RULE-0111|LEGACY-RULE-0142|LEGACY-RULE-0145|LEGACY-RULE-0155|LEGACY-RULE-0157|LEGACY-RULE-0160|LEGACY-RULE-0164|LEGACY-RULE-0185|LEGACY-RULE-0250|LEGACY-RULE-0264|LEGACY-RULE-0270|LEGACY-RULE-0272
NEX-000192,HINGE,GLUTES,BEGINNER,SRV2-NEW-0030,EXCLUDE,YES,LEGACY-RULE-0038|LEGACY-RULE-0045|LEGACY-RULE-0067|LEGACY-RULE-0077|LEGACY-RULE-0092|LEGACY-RULE-0112|LEGACY-RULE-0143|LEGACY-RULE-0146|LEGACY-RULE-0156|LEGACY-RULE-0158|LEGACY-RULE-0161|LEGACY-RULE-0165|LEGACY-RULE-0186|LEGACY-RULE-0251|LEGACY-RULE-0265|LEGACY-RULE-0271|LEGACY-RULE-0273
NEX-000193,HINGE,HAMSTRINGS,INTERMEDIATE,SRV2-NEW-0023,EXCLUDE,YES,LEGACY-RULE-0004|LEGACY-RULE-0006|LEGACY-RULE-0029|LEGACY-RULE-0075|LEGACY-RULE-0108|LEGACY-RULE-0144|LEGACY-RULE-0261
NEX-000193,HINGE,HAMSTRINGS,INTERMEDIATE,SRV2-NEW-0025,CAUTION,NO,LEGACY-RULE-0069|LEGACY-RULE-0094|LEGACY-RULE-0116|LEGACY-RULE-0134|LEGACY-RULE-0150|LEGACY-RULE-0170|LEGACY-RULE-0177|LEGACY-RULE-0198|LEGACY-RULE-0216|LEGACY-RULE-0230|LEGACY-RULE-0252|LEGACY-RULE-0266|LEGACY-RULE-0275
NEX-000193,HINGE,HAMSTRINGS,INTERMEDIATE,SRV2-NEW-0027,EXCLUDE,YES,LEGACY-RULE-0070|LEGACY-RULE-0095|LEGACY-RULE-0117|LEGACY-RULE-0135|LEGACY-RULE-0151|LEGACY-RULE-0171|LEGACY-RULE-0178|LEGACY-RULE-0199|LEGACY-RULE-0217|LEGACY-RULE-0231|LEGACY-RULE-0253|LEGACY-RULE-0267|LEGACY-RULE-0276
NEX-000193,HINGE,HAMSTRINGS,INTERMEDIATE,SRV2-NEW-0028,CAUTION,NO,LEGACY-RULE-0037|LEGACY-RULE-0044|LEGACY-RULE-0066|LEGACY-RULE-0076|LEGACY-RULE-0091|LEGACY-RULE-0111|LEGACY-RULE-0142|LEGACY-RULE-0145|LEGACY-RULE-0155|LEGACY-RULE-0157|LEGACY-RULE-0160|LEGACY-RULE-0164|LEGACY-RULE-0185|LEGACY-RULE-0250|LEGACY-RULE-0264|LEGACY-RULE-0270|LEGACY-RULE-0272
NEX-000193,HINGE,HAMSTRINGS,INTERMEDIATE,SRV2-NEW-0030,EXCLUDE,YES,LEGACY-RULE-0038|LEGACY-RULE-0045|LEGACY-RULE-0067|LEGACY-RULE-0077|LEGACY-RULE-0092|LEGACY-RULE-0112|LEGACY-RULE-0143|LEGACY-RULE-0146|LEGACY-RULE-0156|LEGACY-RULE-0158|LEGACY-RULE-0161|LEGACY-RULE-0165|LEGACY-RULE-0186|LEGACY-RULE-0251|LEGACY-RULE-0265|LEGACY-RULE-0271|LEGACY-RULE-0273
NEX-000194,PUSH,CHEST,BEGINNER,SRV2-NEW-0085,EXCLUDE,YES,LEGACY-RULE-0011|LEGACY-RULE-0244
NEX-000194,PUSH,CHEST,BEGINNER,SRV2-NEW-0086,CAUTION,NO,LEGACY-RULE-0009|LEGACY-RULE-0013|LEGACY-RULE-0018|LEGACY-RULE-0021|LEGACY-RULE-0053|LEGACY-RULE-0058
NEX-000194,PUSH,CHEST,BEGINNER,SRV2-NEW-0088,EXCLUDE,YES,LEGACY-RULE-0010|LEGACY-RULE-0014|LEGACY-RULE-0019|LEGACY-RULE-0022|LEGACY-RULE-0054|LEGACY-RULE-0059
NEX-000194,PUSH,CHEST,BEGINNER,SRV2-NEW-0089,CAUTION,NO,LEGACY-RULE-0040|LEGACY-RULE-0049|LEGACY-RULE-0051|LEGACY-RULE-0083|LEGACY-RULE-0123|LEGACY-RULE-0166|LEGACY-RULE-0206|LEGACY-RULE-0225|LEGACY-RULE-0238|LEGACY-RULE-0259|LEGACY-RULE-0277
NEX-000194,PUSH,CHEST,BEGINNER,SRV2-NEW-0091,EXCLUDE,YES,LEGACY-RULE-0041|LEGACY-RULE-0050|LEGACY-RULE-0052|LEGACY-RULE-0084|LEGACY-RULE-0124|LEGACY-RULE-0167|LEGACY-RULE-0207|LEGACY-RULE-0226|LEGACY-RULE-0239|LEGACY-RULE-0260|LEGACY-RULE-0278
NEX-000195,LUNGE,QUADRICEPS,INTERMEDIATE,SRV2-NEW-0033,CAUTION,NO,LEGACY-RULE-0025|LEGACY-RULE-0031|LEGACY-RULE-0078|LEGACY-RULE-0109|LEGACY-RULE-0147|LEGACY-RULE-0189|LEGACY-RULE-0262|LEGACY-RULE-0268|LEGACY-RULE-0281
NEX-000195,LUNGE,QUADRICEPS,INTERMEDIATE,SRV2-NEW-0034,EXCLUDE,YES,LEGACY-RULE-0026|LEGACY-RULE-0032|LEGACY-RULE-0079|LEGACY-RULE-0110|LEGACY-RULE-0148|LEGACY-RULE-0190|LEGACY-RULE-0263|LEGACY-RULE-0269|LEGACY-RULE-0282
NEX-000195,LUNGE,QUADRICEPS,INTERMEDIATE,SRV2-NEW-0035,EXCLUDE,YES,LEGACY-RULE-0004|LEGACY-RULE-0006|LEGACY-RULE-0029|LEGACY-RULE-0075|LEGACY-RULE-0108|LEGACY-RULE-0144|LEGACY-RULE-0261
NEX-000195,LUNGE,QUADRICEPS,INTERMEDIATE,SRV2-NEW-0036,EXCLUDE,YES,LEGACY-RULE-0005|LEGACY-RULE-0015|LEGACY-RULE-0016
NEX-000196,PULL,BACK,BEGINNER,SRV2-NEW-0071,CAUTION,NO,LEGACY-RULE-0009|LEGACY-RULE-0013|LEGACY-RULE-0018|LEGACY-RULE-0021|LEGACY-RULE-0053|LEGACY-RULE-0058
NEX-000196,PULL,BACK,BEGINNER,SRV2-NEW-0073,EXCLUDE,YES,LEGACY-RULE-0010|LEGACY-RULE-0014|LEGACY-RULE-0019|LEGACY-RULE-0022|LEGACY-RULE-0054|LEGACY-RULE-0059
NEX-000196,PULL,BACK,BEGINNER,SRV2-NEW-0074,CAUTION,NO,LEGACY-RULE-0040|LEGACY-RULE-0049|LEGACY-RULE-0051|LEGACY-RULE-0083|LEGACY-RULE-0123|LEGACY-RULE-0166|LEGACY-RULE-0206|LEGACY-RULE-0225|LEGACY-RULE-0238|LEGACY-RULE-0259|LEGACY-RULE-0277
NEX-000196,PULL,BACK,BEGINNER,SRV2-NEW-0076,EXCLUDE,YES,LEGACY-RULE-0041|LEGACY-RULE-0050|LEGACY-RULE-0052|LEGACY-RULE-0084|LEGACY-RULE-0124|LEGACY-RULE-0167|LEGACY-RULE-0207|LEGACY-RULE-0226|LEGACY-RULE-0239|LEGACY-RULE-0260|LEGACY-RULE-0278
NEX-000196,PULL,BACK,BEGINNER,SRV2-NEW-0078,EXCLUDE,YES,LEGACY-RULE-0008|LEGACY-RULE-0115|LEGACY-RULE-0154|LEGACY-RULE-0191|LEGACY-RULE-0208
NEX-000197,SQUAT,QUADRICEPS,INTERMEDIATE,SRV2-NEW-0092,CAUTION,NO,LEGACY-RULE-0025|LEGACY-RULE-0031|LEGACY-RULE-0078|LEGACY-RULE-0109|LEGACY-RULE-0147|LEGACY-RULE-0189|LEGACY-RULE-0262|LEGACY-RULE-0268|LEGACY-RULE-0281
NEX-000197,SQUAT,QUADRICEPS,INTERMEDIATE,SRV2-NEW-0094,EXCLUDE,YES,LEGACY-RULE-0026|LEGACY-RULE-0032|LEGACY-RULE-0079|LEGACY-RULE-0110|LEGACY-RULE-0148|LEGACY-RULE-0190|LEGACY-RULE-0263|LEGACY-RULE-0269|LEGACY-RULE-0282
NEX-000197,SQUAT,QUADRICEPS,INTERMEDIATE,SRV2-NEW-0096,EXCLUDE,YES,LEGACY-RULE-0004|LEGACY-RULE-0006|LEGACY-RULE-0029|LEGACY-RULE-0075|LEGACY-RULE-0108|LEGACY-RULE-0144|LEGACY-RULE-0261
NEX-000197,SQUAT,QUADRICEPS,INTERMEDIATE,SRV2-NEW-0099,EXCLUDE,YES,LEGACY-RULE-0005|LEGACY-RULE-0015|LEGACY-RULE-0016
NEX-000197,SQUAT,QUADRICEPS,INTERMEDIATE,SRV2-NEW-0101,CAUTION,NO,LEGACY-RULE-0037|LEGACY-RULE-0044|LEGACY-RULE-0066|LEGACY-RULE-0076|LEGACY-RULE-0091|LEGACY-RULE-0111|LEGACY-RULE-0142|LEGACY-RULE-0145|LEGACY-RULE-0155|LEGACY-RULE-0157|LEGACY-RULE-0160|LEGACY-RULE-0164|LEGACY-RULE-0185|LEGACY-RULE-0250|LEGACY-RULE-0264|LEGACY-RULE-0270|LEGACY-RULE-0272
NEX-000197,SQUAT,QUADRICEPS,INTERMEDIATE,SRV2-NEW-0102,EXCLUDE,YES,LEGACY-RULE-0038|LEGACY-RULE-0045|LEGACY-RULE-0067|LEGACY-RULE-0077|LEGACY-RULE-0092|LEGACY-RULE-0112|LEGACY-RULE-0143|LEGACY-RULE-0146|LEGACY-RULE-0156|LEGACY-RULE-0158|LEGACY-RULE-0161|LEGACY-RULE-0165|LEGACY-RULE-0186|LEGACY-RULE-0251|LEGACY-RULE-0265|LEGACY-RULE-0271|LEGACY-RULE-0273
NEX-000198,PUSH,SHOULDERS,INTERMEDIATE,SRV2-NEW-0086,CAUTION,NO,LEGACY-RULE-0009|LEGACY-RULE-0013|LEGACY-RULE-0018|LEGACY-RULE-0021|LEGACY-RULE-0053|LEGACY-RULE-0058
NEX-000198,PUSH,SHOULDERS,INTERMEDIATE,SRV2-NEW-0088,EXCLUDE,YES,LEGACY-RULE-0010|LEGACY-RULE-0014|LEGACY-RULE-0019|LEGACY-RULE-0022|LEGACY-RULE-0054|LEGACY-RULE-0059
NEX-000198,PUSH,SHOULDERS,INTERMEDIATE,SRV2-NEW-0090,EXCLUDE,YES,LEGACY-RULE-0007|LEGACY-RULE-0012|LEGACY-RULE-0017|LEGACY-RULE-0020|LEGACY-RULE-0057|LEGACY-RULE-0218|LEGACY-RULE-0245
NEX-000199,PULL,BACK,INTERMEDIATE,SRV2-NEW-0071,CAUTION,NO,LEGACY-RULE-0009|LEGACY-RULE-0013|LEGACY-RULE-0018|LEGACY-RULE-0021|LEGACY-RULE-0053|LEGACY-RULE-0058
NEX-000199,PULL,BACK,INTERMEDIATE,SRV2-NEW-0073,EXCLUDE,YES,LEGACY-RULE-0010|LEGACY-RULE-0014|LEGACY-RULE-0019|LEGACY-RULE-0022|LEGACY-RULE-0054|LEGACY-RULE-0059
NEX-000199,PULL,BACK,INTERMEDIATE,SRV2-NEW-0074,CAUTION,NO,LEGACY-RULE-0040|LEGACY-RULE-0049|LEGACY-RULE-0051|LEGACY-RULE-0083|LEGACY-RULE-0123|LEGACY-RULE-0166|LEGACY-RULE-0206|LEGACY-RULE-0225|LEGACY-RULE-0238|LEGACY-RULE-0259|LEGACY-RULE-0277
NEX-000199,PULL,BACK,INTERMEDIATE,SRV2-NEW-0076,EXCLUDE,YES,LEGACY-RULE-0041|LEGACY-RULE-0050|LEGACY-RULE-0052|LEGACY-RULE-0084|LEGACY-RULE-0124|LEGACY-RULE-0167|LEGACY-RULE-0207|LEGACY-RULE-0226|LEGACY-RULE-0239|LEGACY-RULE-0260|LEGACY-RULE-0278
NEX-000199,PULL,BACK,INTERMEDIATE,SRV2-NEW-0078,EXCLUDE,YES,LEGACY-RULE-0008|LEGACY-RULE-0115|LEGACY-RULE-0154|LEGACY-RULE-0191|LEGACY-RULE-0208
NEX-000200,PUSH,SHOULDERS,INTERMEDIATE,SRV2-NEW-0086,CAUTION,NO,LEGACY-RULE-0009|LEGACY-RULE-0013|LEGACY-RULE-0018|LEGACY-RULE-0021|LEGACY-RULE-0053|LEGACY-RULE-0058
NEX-000200,PUSH,SHOULDERS,INTERMEDIATE,SRV2-NEW-0088,EXCLUDE,YES,LEGACY-RULE-0010|LEGACY-RULE-0014|LEGACY-RULE-0019|LEGACY-RULE-0022|LEGACY-RULE-0054|LEGACY-RULE-0059
NEX-000200,PUSH,SHOULDERS,INTERMEDIATE,SRV2-NEW-0090,EXCLUDE,YES,LEGACY-RULE-0007|LEGACY-RULE-0012|LEGACY-RULE-0017|LEGACY-RULE-0020|LEGACY-RULE-0057|LEGACY-RULE-0218|LEGACY-RULE-0245
NEX-000201,SQUAT,QUADRICEPS,BEGINNER,SRV2-NEW-0092,CAUTION,NO,LEGACY-RULE-0025|LEGACY-RULE-0031|LEGACY-RULE-0078|LEGACY-RULE-0109|LEGACY-RULE-0147|LEGACY-RULE-0189|LEGACY-RULE-0262|LEGACY-RULE-0268|LEGACY-RULE-0281
NEX-000201,SQUAT,QUADRICEPS,BEGINNER,SRV2-NEW-0094,EXCLUDE,YES,LEGACY-RULE-0026|LEGACY-RULE-0032|LEGACY-RULE-0079|LEGACY-RULE-0110|LEGACY-RULE-0148|LEGACY-RULE-0190|LEGACY-RULE-0263|LEGACY-RULE-0269|LEGACY-RULE-0282
NEX-000201,SQUAT,QUADRICEPS,BEGINNER,SRV2-NEW-0096,EXCLUDE,YES,LEGACY-RULE-0004|LEGACY-RULE-0006|LEGACY-RULE-0029|LEGACY-RULE-0075|LEGACY-RULE-0108|LEGACY-RULE-0144|LEGACY-RULE-0261
NEX-000201,SQUAT,QUADRICEPS,BEGINNER,SRV2-NEW-0099,EXCLUDE,YES,LEGACY-RULE-0005|LEGACY-RULE-0015|LEGACY-RULE-0016
NEX-000202,HINGE,HAMSTRINGS,BEGINNER,SRV2-NEW-0022,CAUTION,NO,LEGACY-RULE-0027|LEGACY-RULE-0055|LEGACY-RULE-0140|LEGACY-RULE-0187|LEGACY-RULE-0195|LEGACY-RULE-0204|LEGACY-RULE-0227|LEGACY-RULE-0236|LEGACY-RULE-0240|LEGACY-RULE-0254
NEX-000202,HINGE,HAMSTRINGS,BEGINNER,SRV2-NEW-0024,EXCLUDE,YES,LEGACY-RULE-0028|LEGACY-RULE-0056|LEGACY-RULE-0141|LEGACY-RULE-0188|LEGACY-RULE-0196|LEGACY-RULE-0205|LEGACY-RULE-0228|LEGACY-RULE-0237|LEGACY-RULE-0241|LEGACY-RULE-0255
NEX-000202,HINGE,HAMSTRINGS,BEGINNER,SRV2-NEW-0026,EXCLUDE,YES,LEGACY-RULE-0005|LEGACY-RULE-0015|LEGACY-RULE-0016
NEX-000203,SQUAT,QUADRICEPS,BEGINNER,SRV2-NEW-0095,CAUTION,NO,LEGACY-RULE-0027|LEGACY-RULE-0055|LEGACY-RULE-0140|LEGACY-RULE-0187|LEGACY-RULE-0195|LEGACY-RULE-0204|LEGACY-RULE-0227|LEGACY-RULE-0236|LEGACY-RULE-0240|LEGACY-RULE-0254
NEX-000203,SQUAT,QUADRICEPS,BEGINNER,SRV2-NEW-0097,EXCLUDE,YES,LEGACY-RULE-0028|LEGACY-RULE-0056|LEGACY-RULE-0141|LEGACY-RULE-0188|LEGACY-RULE-0196|LEGACY-RULE-0205|LEGACY-RULE-0228|LEGACY-RULE-0237|LEGACY-RULE-0241|LEGACY-RULE-0255
NEX-000203,SQUAT,QUADRICEPS,BEGINNER,SRV2-NEW-0099,EXCLUDE,YES,LEGACY-RULE-0005|LEGACY-RULE-0015|LEGACY-RULE-0016
NEX-000204,SQUAT,QUADRICEPS,BEGINNER,SRV2-NEW-0092,CAUTION,NO,LEGACY-RULE-0025|LEGACY-RULE-0031|LEGACY-RULE-0078|LEGACY-RULE-0109|LEGACY-RULE-0147|LEGACY-RULE-0189|LEGACY-RULE-0262|LEGACY-RULE-0268|LEGACY-RULE-0281
NEX-000204,SQUAT,QUADRICEPS,BEGINNER,SRV2-NEW-0094,EXCLUDE,YES,LEGACY-RULE-0026|LEGACY-RULE-0032|LEGACY-RULE-0079|LEGACY-RULE-0110|LEGACY-RULE-0148|LEGACY-RULE-0190|LEGACY-RULE-0263|LEGACY-RULE-0269|LEGACY-RULE-0282
NEX-000204,SQUAT,QUADRICEPS,BEGINNER,SRV2-NEW-0096,EXCLUDE,YES,LEGACY-RULE-0004|LEGACY-RULE-0006|LEGACY-RULE-0029|LEGACY-RULE-0075|LEGACY-RULE-0108|LEGACY-RULE-0144|LEGACY-RULE-0261
NEX-000204,SQUAT,QUADRICEPS,BEGINNER,SRV2-NEW-0099,EXCLUDE,YES,LEGACY-RULE-0005|LEGACY-RULE-0015|LEGACY-RULE-0016
NEX-000205,HINGE,HAMSTRINGS,INTERMEDIATE,SRV2-NEW-0023,EXCLUDE,YES,LEGACY-RULE-0004|LEGACY-RULE-0006|LEGACY-RULE-0029|LEGACY-RULE-0075|LEGACY-RULE-0108|LEGACY-RULE-0144|LEGACY-RULE-0261
NEX-000205,HINGE,HAMSTRINGS,INTERMEDIATE,SRV2-NEW-0025,CAUTION,NO,LEGACY-RULE-0069|LEGACY-RULE-0094|LEGACY-RULE-0116|LEGACY-RULE-0134|LEGACY-RULE-0150|LEGACY-RULE-0170|LEGACY-RULE-0177|LEGACY-RULE-0198|LEGACY-RULE-0216|LEGACY-RULE-0230|LEGACY-RULE-0252|LEGACY-RULE-0266|LEGACY-RULE-0275
NEX-000205,HINGE,HAMSTRINGS,INTERMEDIATE,SRV2-NEW-0027,EXCLUDE,YES,LEGACY-RULE-0070|LEGACY-RULE-0095|LEGACY-RULE-0117|LEGACY-RULE-0135|LEGACY-RULE-0151|LEGACY-RULE-0171|LEGACY-RULE-0178|LEGACY-RULE-0199|LEGACY-RULE-0217|LEGACY-RULE-0231|LEGACY-RULE-0253|LEGACY-RULE-0267|LEGACY-RULE-0276
NEX-000205,HINGE,HAMSTRINGS,INTERMEDIATE,SRV2-NEW-0028,CAUTION,NO,LEGACY-RULE-0037|LEGACY-RULE-0044|LEGACY-RULE-0066|LEGACY-RULE-0076|LEGACY-RULE-0091|LEGACY-RULE-0111|LEGACY-RULE-0142|LEGACY-RULE-0145|LEGACY-RULE-0155|LEGACY-RULE-0157|LEGACY-RULE-0160|LEGACY-RULE-0164|LEGACY-RULE-0185|LEGACY-RULE-0250|LEGACY-RULE-0264|LEGACY-RULE-0270|LEGACY-RULE-0272
NEX-000205,HINGE,HAMSTRINGS,INTERMEDIATE,SRV2-NEW-0030,EXCLUDE,YES,LEGACY-RULE-0038|LEGACY-RULE-0045|LEGACY-RULE-0067|LEGACY-RULE-0077|LEGACY-RULE-0092|LEGACY-RULE-0112|LEGACY-RULE-0143|LEGACY-RULE-0146|LEGACY-RULE-0156|LEGACY-RULE-0158|LEGACY-RULE-0161|LEGACY-RULE-0165|LEGACY-RULE-0186|LEGACY-RULE-0251|LEGACY-RULE-0265|LEGACY-RULE-0271|LEGACY-RULE-0273
NEX-000206,PUSH,CHEST,INTERMEDIATE,SRV2-NEW-0085,EXCLUDE,YES,LEGACY-RULE-0011|LEGACY-RULE-0244
NEX-000206,PUSH,CHEST,INTERMEDIATE,SRV2-NEW-0086,CAUTION,NO,LEGACY-RULE-0009|LEGACY-RULE-0013|LEGACY-RULE-0018|LEGACY-RULE-0021|LEGACY-RULE-0053|LEGACY-RULE-0058
NEX-000206,PUSH,CHEST,INTERMEDIATE,SRV2-NEW-0088,EXCLUDE,YES,LEGACY-RULE-0010|LEGACY-RULE-0014|LEGACY-RULE-0019|LEGACY-RULE-0022|LEGACY-RULE-0054|LEGACY-RULE-0059
NEX-000206,PUSH,CHEST,INTERMEDIATE,SRV2-NEW-0089,CAUTION,NO,LEGACY-RULE-0040|LEGACY-RULE-0049|LEGACY-RULE-0051|LEGACY-RULE-0083|LEGACY-RULE-0123|LEGACY-RULE-0166|LEGACY-RULE-0206|LEGACY-RULE-0225|LEGACY-RULE-0238|LEGACY-RULE-0259|LEGACY-RULE-0277
NEX-000206,PUSH,CHEST,INTERMEDIATE,SRV2-NEW-0091,EXCLUDE,YES,LEGACY-RULE-0041|LEGACY-RULE-0050|LEGACY-RULE-0052|LEGACY-RULE-0084|LEGACY-RULE-0124|LEGACY-RULE-0167|LEGACY-RULE-0207|LEGACY-RULE-0226|LEGACY-RULE-0239|LEGACY-RULE-0260|LEGACY-RULE-0278
NEX-000207,PUSH,SHOULDERS,BEGINNER,SRV2-NEW-0086,CAUTION,NO,LEGACY-RULE-0009|LEGACY-RULE-0013|LEGACY-RULE-0018|LEGACY-RULE-0021|LEGACY-RULE-0053|LEGACY-RULE-0058
NEX-000207,PUSH,SHOULDERS,BEGINNER,SRV2-NEW-0088,EXCLUDE,YES,LEGACY-RULE-0010|LEGACY-RULE-0014|LEGACY-RULE-0019|LEGACY-RULE-0022|LEGACY-RULE-0054|LEGACY-RULE-0059
NEX-000207,PUSH,SHOULDERS,BEGINNER,SRV2-NEW-0090,EXCLUDE,YES,LEGACY-RULE-0007|LEGACY-RULE-0012|LEGACY-RULE-0017|LEGACY-RULE-0020|LEGACY-RULE-0057|LEGACY-RULE-0218|LEGACY-RULE-0245
NEX-000208,HINGE,GLUTES,INTERMEDIATE,SRV2-NEW-0023,EXCLUDE,YES,LEGACY-RULE-0004|LEGACY-RULE-0006|LEGACY-RULE-0029|LEGACY-RULE-0075|LEGACY-RULE-0108|LEGACY-RULE-0144|LEGACY-RULE-0261
NEX-000208,HINGE,GLUTES,INTERMEDIATE,SRV2-NEW-0025,CAUTION,NO,LEGACY-RULE-0069|LEGACY-RULE-0094|LEGACY-RULE-0116|LEGACY-RULE-0134|LEGACY-RULE-0150|LEGACY-RULE-0170|LEGACY-RULE-0177|LEGACY-RULE-0198|LEGACY-RULE-0216|LEGACY-RULE-0230|LEGACY-RULE-0252|LEGACY-RULE-0266|LEGACY-RULE-0275
NEX-000208,HINGE,GLUTES,INTERMEDIATE,SRV2-NEW-0027,EXCLUDE,YES,LEGACY-RULE-0070|LEGACY-RULE-0095|LEGACY-RULE-0117|LEGACY-RULE-0135|LEGACY-RULE-0151|LEGACY-RULE-0171|LEGACY-RULE-0178|LEGACY-RULE-0199|LEGACY-RULE-0217|LEGACY-RULE-0231|LEGACY-RULE-0253|LEGACY-RULE-0267|LEGACY-RULE-0276
NEX-000208,HINGE,GLUTES,INTERMEDIATE,SRV2-NEW-0028,CAUTION,NO,LEGACY-RULE-0037|LEGACY-RULE-0044|LEGACY-RULE-0066|LEGACY-RULE-0076|LEGACY-RULE-0091|LEGACY-RULE-0111|LEGACY-RULE-0142|LEGACY-RULE-0145|LEGACY-RULE-0155|LEGACY-RULE-0157|LEGACY-RULE-0160|LEGACY-RULE-0164|LEGACY-RULE-0185|LEGACY-RULE-0250|LEGACY-RULE-0264|LEGACY-RULE-0270|LEGACY-RULE-0272
NEX-000208,HINGE,GLUTES,INTERMEDIATE,SRV2-NEW-0030,EXCLUDE,YES,LEGACY-RULE-0038|LEGACY-RULE-0045|LEGACY-RULE-0067|LEGACY-RULE-0077|LEGACY-RULE-0092|LEGACY-RULE-0112|LEGACY-RULE-0143|LEGACY-RULE-0146|LEGACY-RULE-0156|LEGACY-RULE-0158|LEGACY-RULE-0161|LEGACY-RULE-0165|LEGACY-RULE-0186|LEGACY-RULE-0251|LEGACY-RULE-0265|LEGACY-RULE-0271|LEGACY-RULE-0273
