representative_exercise_id,stable_code,name_ko,display_name_ko,name_en,training_type_code,primary_movement_pattern_code,body_focus_code,primary_body_area_codes,secondary_body_area_codes,equipment_codes,location_codes,setup_condition_ko,difficulty_code,timing_mode_code,phase_codes,default_seconds_per_rep,default_work_seconds,default_rest_seconds,default_transition_seconds,instruction_summary_ko,form_cues_ko,instruction_content_version,source_track,source_identity,source_key,legacy_source_track,legacy_source_identity,legacy_source_key,source_system,source_record_id,source_name,source_name_en,source_name_ko,source_url,source_author,source_license,source_license_author,license_id,license_name,license_version,license_url,attribution_text,accessed_at,license_review_status,source_media_reference,source_media_id,source_instruction_en,source_instruction_steps_en,source_provenance_status,source_license_status,instruction_identity_status,timing_phase_review_status,review_status_code,review_required,review_required_codes,canonical_decision_code,canonical_decision_note_ko,canonical_decision_source,canonical_status,catalog_version_code,difficulty_status,production_eligible,recovery_eligible,v1_exercise_ids,allowed_experience_level_codes,fitt_mapping_exception_code,fitt_mapping_note,fitt_template_ids_by_experience,mapping_source_exercise_id,record_type
REX-000001,abs_core_brace_core_brace_mat,누워서 복부 수축하기,누워서 복부 수축하기,,STRENGTH,CORE_BRACE,CORE,"[""ABDOMEN""]","[""LOWER_BACK""]","[""MAT""]","[""HOME""]",,BEGINNER,DURATION,"[""MAIN""]",,30,90,15,복부 브레이싱 운동은 몸통을 유지하며 몸통 주변에 힘을 쓰는 운동입니다.,"[""안내된 시작 자세를 안정적으로 잡는다."",""배 주변에 가볍게 힘을 주고 숨을 쉰다."",""몸통이 흔들리지 않는 범위에서 팔이나 다리를 움직인다."",""천천히 시작 자세로 돌아온다.""]",representative-content-v0.1.0,kspo,9cbed9e85b778b40b4786394c774c081fcfb39e3cf13df612476c9d0bf56c9e7,kspo:9cbed9e85b778b40b4786394c774c081fcfb39e3cf13df612476c9d0bf56c9e7,,,,kspo,9cbed9e85b778b40b4786394c774c081fcfb39e3cf13df612476c9d0bf56c9e7,누워서 배가로근 수축1,,누워서 배가로근 수축1,https://www.data.go.kr/data/15108846/openapi.do,서울올림픽기념국민체육진흥공단,KOGL_TYPE_1,서울올림픽기념국민체육진흥공단 — https://www.data.go.kr/data/15108846/openapi.do,KOGL_TYPE_1,공공누리 제1유형,1,https://www.kogl.or.kr/info/license.do,서울올림픽기념국민체육진흥공단 — https://www.data.go.kr/data/15108846/openapi.do,REVIEW_REQUIRED,REVIEW_REQUIRED,file:0AUDLJ08S_00234.mp4;frames:6,9cbed9e85b778b40b4786394c774c081fcfb39e3cf13df612476c9d0bf56c9e7,,,RESOLVED_INTEGRATED_SOURCE,REVIEW_REQUIRED,CONTENT_PRESENT_REVIEWED_ARTIFACT,APPROVED_FROM_POLICY,DOMAIN_APPROVED,True,"[""SOURCE_LICENSE_REVIEW_REQUIRED""]",RETAINED_CANONICAL,기존 canonical stable code를 재정렬하지 않고 유지한다.,EXISTING_CANONICAL,ACTIVE_CANONICAL_RETAINED,exercise-catalog-v2.0.2-final,APPROVED,False,False,[],,,,,,
REX-000002,quadruped_quadriceps_stretch_mobility_stretch_bodyweight,네발기기 대퇴사두근 스트레칭,네발기기 대퇴사두근 스트레칭,quadruped quadriceps stretch,MOBILITY,MOBILITY_STRETCH,MOBILITY,"[""KNEE"",""HIP""]","[""ANKLE_FOOT""]","[""BODYWEIGHT""]","[""HOME"",""GYM""]",손과 무릎을 지지할 안정적인 바닥 공간을 확보한다.,INTERMEDIATE,DURATION,"[""WARMUP"",""COOLDOWN""]",,30,30,15,네발기기 자세에서 한쪽 다리를 뒤로 뻗고 무릎을 굽힌 채 엉덩이를 낮춰 허벅지 앞쪽을 스트레칭합니다.,"[""손은 어깨 아래, 무릎은 고관절 아래에 둔다."",""한쪽 다리를 뒤로 뻗되 무릎을 굽히고 발을 세운다."",""엉덩이를 천천히 낮춰 허벅지 앞쪽이 당기는 범위를 찾는다."",""20~30초 유지한 뒤 반대쪽도 같은 방법으로 진행한다.""]",representative-content-v0.1.0,gymvisual,1512,gymvisual:1512,,,,gymvisual,1512,all fours squad stretch,all fours squad stretch,,https://github.com/hasaneyldrm/exercises-dataset,Aliaksandr Makatserchyk / Gym visual,MIT,© Gym visual — https://gymvisual.com/,MIT,MIT License,REVIEW_REQUIRED,https://opensource.org/license/mit/,© Aliaksandr Makatserchyk - Gym visual - https://gymvisual.com/,2026-08-20T00:00:00+09:00,PARTIALLY_REVIEWED,image:images/1512-qBcKorM.jpg;gif:videos/1512-qBcKorM.gif,qBcKorM,"Start on all fours with your hands directly under your shoulders and your knees directly under your hips. Extend one leg straight back, keeping your knee bent and your foot flexed. Slowly lower your hips towards the ground, feeling a stretch in your quads. Hold this position for 20-30 seconds. Switch legs and repeat the stretch on the other side.","[""Start on all fours with your hands directly under your shoulders and your knees directly under your hips."", ""Extend one leg straight back, keeping your knee bent and your foot flexed."", ""Slowly lower your hips towards the ground, feeling a stretch in your quads."", ""Hold this position for 20-30 seconds."", ""Switch legs and repeat the stretch on the other side.""]",RESOLVED_INTEGRATED_SOURCE,REVIEW_REQUIRED,ALIGNED_AFTER_FIRST_PASS_REVIEW_REQUIRED,APPROVED_FROM_POLICY,DOMAIN_APPROVED,True,"[""INSTRUCTION_CONTENT_REVIEW_REQUIRED"",""INSTRUCTION_SOURCE_REFINED_FROM_IMAGE_AND_TEXT_REVIEW"",""SOURCE_LICENSE_REVIEW_REQUIRED""]",RETAINED_CANONICAL,기존 canonical stable code를 재정렬하지 않고 유지한다.,EXISTING_CANONICAL,ACTIVE_CANONICAL_RETAINED,exercise-catalog-v2.0.2-final,APPROVED,False,True,[],,,,,,
REX-000003,ankle_circles_mobility_stretch_bodyweight,발목 돌리기,발목 돌리기,ankle circles,MOBILITY,MOBILITY_STRETCH,MOBILITY,"[""ANKLE_FOOT""]","[""KNEE""]","[""BODYWEIGHT""]","[""HOME"",""GYM""]",,BEGINNER,DURATION,"[""WARMUP"",""COOLDOWN""]",,30,30,15,발목 돌리기 운동은 발목과 발 주변을 천천히 움직이며 범위를 확인하는 스트레칭입니다.,"[""편안한 시작 자세를 잡고 주변 공간을 확인한다."",""숨을 고르게 쉬며 안내된 방향으로 천천히 움직인다."",""당김이 느껴지는 범위에서 잠시 멈춘다."",""반동 없이 시작 자세로 천천히 돌아온다.""]",representative-content-v0.1.0,gymvisual,1368,gymvisual:1368,,,,gymvisual,1368,ankle circles,ankle circles,,https://github.com/hasaneyldrm/exercises-dataset,Aliaksandr Makatserchyk / Gym visual,MIT,© Gym visual — https://gymvisual.com/,MIT,MIT License,REVIEW_REQUIRED,https://opensource.org/license/mit/,© Aliaksandr Makatserchyk - Gym visual - https://gymvisual.com/,2026-08-20T00:00:00+09:00,PARTIALLY_REVIEWED,image:images/1368-uL9CsKm.jpg;gif:videos/1368-uL9CsKm.gif,uL9CsKm,"Sit on the ground with your legs extended in front of you. Lift one leg off the ground and rotate your ankle in a circular motion. Perform the desired number of circles in one direction, then switch to the other direction. Repeat with the other leg.","[""Sit on the ground with your legs extended in front of you."", ""Lift one leg off the ground and rotate your ankle in a circular motion."", ""Perform the desired number of circles in one direction, then switch to the other direction."", ""Repeat with the other leg.""]",RESOLVED_INTEGRATED_SOURCE,REVIEW_REQUIRED,CONTENT_PRESENT_REVIEWED_ARTIFACT,APPROVED_FROM_POLICY,DOMAIN_APPROVED,True,"[""SOURCE_LICENSE_REVIEW_REQUIRED""]",RETAINED_CANONICAL,기존 canonical stable code를 재정렬하지 않고 유지한다.,EXISTING_CANONICAL,ACTIVE_CANONICAL_RETAINED,exercise-catalog-v2.0.2-final,APPROVED,False,True,[],,,,,,
REX-000004,barbell_deadlift_hip_dominant_barbell,데드리프트,데드리프트,barbell deadlift,STRENGTH,HIP_DOMINANT,GLUTES,"[""HIP""]","[""KNEE"",""LOWER_BACK""]","[""BARBELL""]","[""GYM""]",,INTERMEDIATE,REPS,"[""MAIN""]",4,,90,15,데드리프트 운동은 엉덩이를 뒤로 보내며 엉덩이를 사용하는 운동입니다.,"[""발을 편하게 두고 기구나 주변을 안정적으로 준비한다."",""엉덩이를 뒤로 보내며 상체를 천천히 기울인다."",""등과 목을 편안히 두고 엉덩이로 힘을 낸다."",""천천히 시작 자세로 돌아온다.""]",representative-content-v0.1.0,gymvisual,0032,gymvisual:0032,,,,gymvisual,0032,barbell deadlift,barbell deadlift,,https://github.com/hasaneyldrm/exercises-dataset,Aliaksandr Makatserchyk / Gym visual,MIT,© Gym visual — https://gymvisual.com/,MIT,MIT License,REVIEW_REQUIRED,https://opensource.org/license/mit/,© Aliaksandr Makatserchyk - Gym visual - https://gymvisual.com/,2026-08-20T00:00:00+09:00,PARTIALLY_REVIEWED,image:images/0032-ila4NZS.jpg;gif:videos/0032-ila4NZS.gif,ila4NZS,"Stand with your feet shoulder-width apart and the barbell on the ground in front of you. Bend your knees and hinge at the hips to lower your torso and grip the barbell with an overhand grip, hands slightly wider than shoulder-width apart. Keep your back straight and chest lifted as you drive through your heels to lift the barbell off the ground, extending your hips and knees. As you stand up straight, squeeze your glutes and keep your core engaged. Lower the barbell back down to the ground by bending at the hips and knees, keeping your back straight. Repeat for the desired number of repetitions.","[""Stand with your feet shoulder-width apart and the barbell on the ground in front of you."", ""Bend your knees and hinge at the hips to lower your torso and grip the barbell with an overhand grip, hands slightly wider than shoulder-width apart."", ""Keep your back straight and chest lifted as you drive through your heels to lift the barbell off the ground, extending your hips and knees."", ""As you stand up straight, squeeze your glutes and keep your core engaged."", ""Lower the barbell back down to the ground by bending at the hips and knees, keeping your back straight."", ""Repeat for the desired number of repetitions.""]",RESOLVED_INTEGRATED_SOURCE,REVIEW_REQUIRED,CONTENT_PRESENT_REVIEWED_ARTIFACT,APPROVED_FROM_POLICY,DOMAIN_APPROVED,True,"[""SOURCE_LICENSE_REVIEW_REQUIRED""]",RETAINED_CANONICAL,기존 canonical stable code를 재정렬하지 않고 유지한다.,EXISTING_CANONICAL,ACTIVE_CANONICAL_RETAINED,exercise-catalog-v2.0.2-final,APPROVED,False,False,[],,,,,,
REX-000005,barbell_front_raise_isolation_barbell,프론트 레이즈,프론트 레이즈,barbell front raise,STRENGTH,ISOLATION,SHOULDERS,"[""SHOULDER""]","[""ELBOW""]","[""BARBELL""]","[""GYM""]",,BEGINNER,REPS,"[""MAIN""]",4,,90,15,프론트 레이즈 운동은 다른 부위의 움직임을 줄이고 어깨를 집중해 사용하는 운동입니다.,"[""시작 자세와 기구를 안정적으로 준비한다."",""안내된 부위를 중심으로 천천히 움직인다."",""끝 범위에서 힘을 잠시 유지한다."",""반동 없이 시작 자세로 돌아온다.""]",representative-content-v0.1.0,gymvisual,0041,gymvisual:0041,,,,gymvisual,0041,barbell front raise,barbell front raise,,https://github.com/hasaneyldrm/exercises-dataset,Aliaksandr Makatserchyk / Gym visual,MIT,© Gym visual — https://gymvisual.com/,MIT,MIT License,REVIEW_REQUIRED,https://opensource.org/license/mit/,© Aliaksandr Makatserchyk - Gym visual - https://gymvisual.com/,2026-08-20T00:00:00+09:00,PARTIALLY_REVIEWED,image:images/0041-b2Uoz54.jpg;gif:videos/0041-b2Uoz54.gif,b2Uoz54,"Stand with your feet shoulder-width apart and hold a barbell in front of your thighs with an overhand grip. Keep your arms straight and lift the barbell forward and upward until it reaches shoulder level. Pause for a moment at the top, then slowly lower the barbell back down to the starting position. Repeat for the desired number of repetitions.","[""Stand with your feet shoulder-width apart and hold a barbell in front of your thighs with an overhand grip."", ""Keep your arms straight and lift the barbell forward and upward until it reaches shoulder level."", ""Pause for a moment at the top, then slowly lower the barbell back down to the starting position."", ""Repeat for the desired number of repetitions.""]",RESOLVED_INTEGRATED_SOURCE,REVIEW_REQUIRED,CONTENT_PRESENT_REVIEWED_ARTIFACT,APPROVED_FROM_POLICY,DOMAIN_APPROVED,True,"[""SOURCE_LICENSE_REVIEW_REQUIRED""]",RETAINED_CANONICAL,기존 canonical stable code를 재정렬하지 않고 유지한다.,EXISTING_CANONICAL,ACTIVE_CANONICAL_RETAINED,exercise-catalog-v2.0.2-final,APPROVED,False,False,[],,,,,,
REX-000006,barbell_pullover_isolation_barbell,풀오버,풀오버,barbell pullover,STRENGTH,ISOLATION,BACK,"[""UPPER_BACK""]","[""CHEST"",""ELBOW""]","[""BARBELL""]","[""GYM""]",안정적인 지지물(벤치 또는 의자 등)을 준비한다.,INTERMEDIATE,REPS,"[""MAIN""]",4,,90,15,풀오버 운동은 다른 부위의 움직임을 줄이고 등을 집중해 사용하는 운동입니다.,"[""시작 자세와 기구를 안정적으로 준비한다."",""안내된 부위를 중심으로 천천히 움직인다."",""끝 범위에서 힘을 잠시 유지한다."",""반동 없이 시작 자세로 돌아온다.""]",representative-content-v0.1.0,gymvisual,0073,gymvisual:0073,,,,gymvisual,0073,barbell pullover,barbell pullover,,https://github.com/hasaneyldrm/exercises-dataset,Aliaksandr Makatserchyk / Gym visual,MIT,© Gym visual — https://gymvisual.com/,MIT,MIT License,REVIEW_REQUIRED,https://opensource.org/license/mit/,© Aliaksandr Makatserchyk - Gym visual - https://gymvisual.com/,2026-08-20T00:00:00+09:00,PARTIALLY_REVIEWED,image:images/0073-i6LWjok.jpg;gif:videos/0073-i6LWjok.gif,i6LWjok,"Lie flat on a bench with your head at one end and your feet on the floor. Hold a barbell with a shoulder-width grip and extend your arms straight above your chest. Keeping your arms straight, lower the barbell behind your head in a controlled manner until you feel a stretch in your lats. Pause for a moment, then raise the barbell back to the starting position. Repeat for the desired number of repetitions.","[""Lie flat on a bench with your head at one end and your feet on the floor."", ""Hold a barbell with a shoulder-width grip and extend your arms straight above your chest."", ""Keeping your arms straight, lower the barbell behind your head in a controlled manner until you feel a stretch in your lats."", ""Pause for a moment, then raise the barbell back to the starting position."", ""Repeat for the desired number of repetitions.""]",RESOLVED_INTEGRATED_SOURCE,REVIEW_REQUIRED,CONTENT_PRESENT_REVIEWED_ARTIFACT,APPROVED_FROM_POLICY,DOMAIN_APPROVED,True,"[""SOURCE_LICENSE_REVIEW_REQUIRED""]",RETAINED_CANONICAL,기존 canonical stable code를 재정렬하지 않고 유지한다.,EXISTING_CANONICAL,ACTIVE_CANONICAL_RETAINED,exercise-catalog-v2.0.2-final,APPROVED,False,False,[],,,,,,
REX-000007,barbell_straight_leg_deadlift_hip_dominant_barbell,루마니안 데드리프트,루마니안 데드리프트,barbell straight leg deadlift,STRENGTH,HIP_DOMINANT,HAMSTRINGS,"[""HIP""]","[""KNEE"",""LOWER_BACK""]","[""BARBELL""]","[""GYM""]",,INTERMEDIATE,REPS,"[""MAIN""]",4,,90,15,루마니안 데드리프트 운동은 엉덩이를 뒤로 보내며 허벅지 뒤쪽을 사용하는 운동입니다.,"[""발을 편하게 두고 기구나 주변을 안정적으로 준비한다."",""엉덩이를 뒤로 보내며 상체를 천천히 기울인다."",""등과 목을 편안히 두고 엉덩이로 힘을 낸다."",""천천히 시작 자세로 돌아온다.""]",representative-content-v0.1.0,gymvisual,0116,gymvisual:0116,,,,gymvisual,0116,barbell straight leg deadlift,barbell straight leg deadlift,,https://github.com/hasaneyldrm/exercises-dataset,Aliaksandr Makatserchyk / Gym visual,MIT,© Gym visual — https://gymvisual.com/,MIT,MIT License,REVIEW_REQUIRED,https://opensource.org/license/mit/,© Aliaksandr Makatserchyk - Gym visual - https://gymvisual.com/,2026-08-20T00:00:00+09:00,PARTIALLY_REVIEWED,image:images/0116-hrVQWvE.jpg;gif:videos/0116-hrVQWvE.gif,hrVQWvE,"Stand with your feet shoulder-width apart and your toes pointing forward. Hold the barbell with an overhand grip, hands slightly wider than shoulder-width apart. Bend at your hips and lower the barbell towards the ground, keeping your back straight and your knees slightly bent. Lower the barbell until you feel a stretch in your hamstrings. Engage your hamstrings and glutes to lift the barbell back up to the starting position. Repeat for the desired number of repetitions.","[""Stand with your feet shoulder-width apart and your toes pointing forward."", ""Hold the barbell with an overhand grip, hands slightly wider than shoulder-width apart."", ""Bend at your hips and lower the barbell towards the ground, keeping your back straight and your knees slightly bent."", ""Lower the barbell until you feel a stretch in your hamstrings."", ""Engage your hamstrings and glutes to lift the barbell back up to the starting position."", ""Repeat for the desired number of repetitions.""]",RESOLVED_INTEGRATED_SOURCE,REVIEW_REQUIRED,CONTENT_PRESENT_REVIEWED_ARTIFACT,APPROVED_FROM_POLICY,DOMAIN_APPROVED,True,"[""SOURCE_LICENSE_REVIEW_REQUIRED""]",RETAINED_CANONICAL,기존 canonical stable code를 재정렬하지 않고 유지한다.,EXISTING_CANONICAL,ACTIVE_CANONICAL_RETAINED,exercise-catalog-v2.0.2-final,APPROVED,False,False,[],,,,,,
REX-000008,bodyweight_back_extension_hip_dominant_bodyweight,백 익스텐션,백 익스텐션,hyperextension,STRENGTH,HIP_DOMINANT,BACK,"[""LOWER_BACK""]","[""HIP"",""UPPER_BACK""]","[""BODYWEIGHT""]","[""HOME"",""GYM""]",안정적인 지지물(벤치 또는 의자 등)을 준비한다.,INTERMEDIATE,REPS,"[""MAIN""]",4,,90,15,백 익스텐션 운동은 엉덩이를 뒤로 보내며 등을 사용하는 운동입니다.,"[""발을 편하게 두고 기구나 주변을 안정적으로 준비한다."",""엉덩이를 뒤로 보내며 상체를 천천히 기울인다."",""등과 목을 편안히 두고 엉덩이로 힘을 낸다."",""천천히 시작 자세로 돌아온다.""]",representative-content-v0.1.0,gymvisual,0489,gymvisual:0489,,,,gymvisual,0489,hyperextension,hyperextension,,https://github.com/hasaneyldrm/exercises-dataset,Aliaksandr Makatserchyk / Gym visual,MIT,© Gym visual — https://gymvisual.com/,MIT,MIT License,REVIEW_REQUIRED,https://opensource.org/license/mit/,© Aliaksandr Makatserchyk - Gym visual - https://gymvisual.com/,2026-08-20T00:00:00+09:00,PARTIALLY_REVIEWED,image:images/0489-zhMwOwE.jpg;gif:videos/0489-zhMwOwE.gif,zhMwOwE,"Adjust the hyperextension bench so that your upper thighs are resting on the pad and your feet are secured. Cross your arms over your chest or place your hands behind your head. Lower your upper body towards the ground while keeping your back straight. Pause for a moment at the bottom, then raise your upper body back up until it is in line with your legs. Repeat for the desired number of repetitions.","[""Adjust the hyperextension bench so that your upper thighs are resting on the pad and your feet are secured."", ""Cross your arms over your chest or place your hands behind your head."", ""Lower your upper body towards the ground while keeping your back straight."", ""Pause for a moment at the bottom, then raise your upper body back up until it is in line with your legs."", ""Repeat for the desired number of repetitions.""]",RESOLVED_INTEGRATED_SOURCE,REVIEW_REQUIRED,CONTENT_PRESENT_REVIEWED_ARTIFACT,APPROVED_FROM_POLICY,DOMAIN_APPROVED,True,"[""SOURCE_LICENSE_REVIEW_REQUIRED""]",RETAINED_CANONICAL,기존 canonical stable code를 재정렬하지 않고 유지한다.,EXISTING_CANONICAL,ACTIVE_CANONICAL_RETAINED,exercise-catalog-v2.0.2-final,APPROVED,False,False,[],,,,,,
REX-000009,bodyweight_crunch_core_brace_bodyweight,크런치,크런치,crunch floor,STRENGTH,CORE_BRACE,CORE,"[""ABDOMEN""]","[""LOWER_BACK""]","[""BODYWEIGHT""]","[""HOME"",""GYM""]",,BEGINNER,DURATION,"[""MAIN""]",,30,90,15,크런치 운동은 몸통을 유지하며 몸통 주변에 힘을 쓰는 운동입니다.,"[""안내된 시작 자세를 안정적으로 잡는다."",""배 주변에 가볍게 힘을 주고 숨을 쉰다."",""몸통이 흔들리지 않는 범위에서 팔이나 다리를 움직인다."",""천천히 시작 자세로 돌아온다.""]",representative-content-v0.1.0,gymvisual,0274,gymvisual:0274,,,,gymvisual,0274,crunch floor,crunch floor,,https://github.com/hasaneyldrm/exercises-dataset,Aliaksandr Makatserchyk / Gym visual,MIT,© Gym visual — https://gymvisual.com/,MIT,MIT License,REVIEW_REQUIRED,https://opensource.org/license/mit/,© Aliaksandr Makatserchyk - Gym visual - https://gymvisual.com/,2026-08-20T00:00:00+09:00,PARTIALLY_REVIEWED,image:images/0274-TFqbd8t.jpg;gif:videos/0274-TFqbd8t.gif,TFqbd8t,"Lie flat on your back with your knees bent and feet flat on the ground. Place your hands behind your head with your elbows pointing outwards. Engage your abs and lift your shoulders off the ground, curling forward towards your knees. Pause for a moment at the top, then slowly lower your shoulders back down to the starting position. Repeat for the desired number of repetitions.","[""Lie flat on your back with your knees bent and feet flat on the ground."", ""Place your hands behind your head with your elbows pointing outwards."", ""Engage your abs and lift your shoulders off the ground, curling forward towards your knees."", ""Pause for a moment at the top, then slowly lower your shoulders back down to the starting position."", ""Repeat for the desired number of repetitions.""]",RESOLVED_INTEGRATED_SOURCE,REVIEW_REQUIRED,CONTENT_PRESENT_REVIEWED_ARTIFACT,APPROVED_FROM_POLICY,DOMAIN_APPROVED,True,"[""SOURCE_LICENSE_REVIEW_REQUIRED""]",RETAINED_CANONICAL,기존 canonical stable code를 재정렬하지 않고 유지한다.,EXISTING_CANONICAL,ACTIVE_CANONICAL_RETAINED,exercise-catalog-v2.0.2-final,APPROVED,False,False,[],,,,,,
REX-000010,bodyweight_forward_lunge_knee_dominant_bodyweight,포워드 런지,포워드 런지,forward lunge (male),STRENGTH,KNEE_DOMINANT,GLUTES,"[""HIP"",""KNEE""]","[""ANKLE_FOOT""]","[""BODYWEIGHT""]","[""HOME"",""GYM""]",,BEGINNER,REPS,"[""MAIN""]",4,,90,15,포워드 런지 운동은 다리를 굽혔다 펴며 엉덩이를 사용하는 운동입니다.,"[""발을 편하게 벌리고 양발에 무게를 나눈다."",""엉덩이를 뒤로 보내며 무릎을 천천히 굽힌다."",""발바닥을 바닥에 두고 편한 범위까지만 내려간다."",""발로 바닥을 밀며 천천히 시작 자세로 돌아온다.""]",representative-content-v0.1.0,gymvisual,3470,gymvisual:3470,,,,gymvisual,3470,forward lunge (male),forward lunge (male),,https://github.com/hasaneyldrm/exercises-dataset,Aliaksandr Makatserchyk / Gym visual,MIT,© Gym visual — https://gymvisual.com/,MIT,MIT License,REVIEW_REQUIRED,https://opensource.org/license/mit/,© Aliaksandr Makatserchyk - Gym visual - https://gymvisual.com/,2026-08-20T00:00:00+09:00,PARTIALLY_REVIEWED,image:images/3470-kMzUs9Y.jpg;gif:videos/3470-kMzUs9Y.gif,kMzUs9Y,"Stand with your feet hip-width apart and hands on your hips. Take a big step forward with your right foot, lowering your body into a lunge position. Bend your right knee to about 90 degrees, keeping your knee aligned with your ankle. Push off with your right foot and return to the starting position. Repeat with your left leg, alternating sides for the desired number of repetitions.","[""Stand with your feet hip-width apart and hands on your hips."", ""Take a big step forward with your right foot, lowering your body into a lunge position."", ""Bend your right knee to about 90 degrees, keeping your knee aligned with your ankle."", ""Push off with your right foot and return to the starting position."", ""Repeat with your left leg, alternating sides for the desired number of repetitions.""]",RESOLVED_INTEGRATED_SOURCE,REVIEW_REQUIRED,CONTENT_PRESENT_REVIEWED_ARTIFACT,APPROVED_FROM_POLICY,DOMAIN_APPROVED,True,"[""SOURCE_LICENSE_REVIEW_REQUIRED""]",RETAINED_CANONICAL,기존 canonical stable code를 재정렬하지 않고 유지한다.,EXISTING_CANONICAL,ACTIVE_CANONICAL_RETAINED,exercise-catalog-v2.0.2-final,APPROVED,False,False,[],,,,,,
REX-000011,bodyweight_glute_bridge_hip_dominant_bodyweight,글루트 브리지,글루트 브리지,low glute bridge on floor,STRENGTH,HIP_DOMINANT,GLUTES,"[""HIP""]","[""KNEE"",""LOWER_BACK""]","[""BODYWEIGHT""]","[""HOME"",""GYM""]",,BEGINNER,REPS,"[""MAIN""]",4,,90,15,글루트 브리지 운동은 엉덩이를 뒤로 보내며 엉덩이를 사용하는 운동입니다.,"[""발을 편하게 두고 기구나 주변을 안정적으로 준비한다."",""엉덩이를 뒤로 보내며 상체를 천천히 기울인다."",""등과 목을 편안히 두고 엉덩이로 힘을 낸다."",""천천히 시작 자세로 돌아온다.""]",representative-content-v0.1.0,gymvisual,3013,gymvisual:3013,,,,gymvisual,3013,low glute bridge on floor,low glute bridge on floor,,https://github.com/hasaneyldrm/exercises-dataset,Aliaksandr Makatserchyk / Gym visual,MIT,© Gym visual — https://gymvisual.com/,MIT,MIT License,REVIEW_REQUIRED,https://opensource.org/license/mit/,© Aliaksandr Makatserchyk - Gym visual - https://gymvisual.com/,2026-08-20T00:00:00+09:00,PARTIALLY_REVIEWED,image:images/3013-u0cNiij.jpg;gif:videos/3013-u0cNiij.gif,u0cNiij,"Lie flat on your back with your knees bent and feet flat on the ground. Place your arms by your sides, palms facing down. Engage your glutes and core, then lift your hips off the ground until your body forms a straight line from your knees to your shoulders. Pause for a moment at the top, squeezing your glutes. Slowly lower your hips back down to the starting position. Repeat for the desired number of repetitions.","[""Lie flat on your back with your knees bent and feet flat on the ground."", ""Place your arms by your sides, palms facing down."", ""Engage your glutes and core, then lift your hips off the ground until your body forms a straight line from your knees to your shoulders."", ""Pause for a moment at the top, squeezing your glutes."", ""Slowly lower your hips back down to the starting position."", ""Repeat for the desired number of repetitions.""]",RESOLVED_INTEGRATED_SOURCE,REVIEW_REQUIRED,CONTENT_PRESENT_REVIEWED_ARTIFACT,APPROVED_FROM_POLICY,DOMAIN_APPROVED,True,"[""SOURCE_LICENSE_REVIEW_REQUIRED""]",RETAINED_CANONICAL,기존 canonical stable code를 재정렬하지 않고 유지한다.,EXISTING_CANONICAL,ACTIVE_CANONICAL_RETAINED,exercise-catalog-v2.0.2-final,APPROVED,False,False,[],,,,,,
REX-000012,bodyweight_pull_up_biceps_vertical_pull_bodyweight_pull_up_bar,풀업,풀업,biceps pull-up,STRENGTH,VERTICAL_PULL,BICEPS,"[""ELBOW""]","[""UPPER_BACK"",""WRIST_HAND""]","[""BODYWEIGHT"",""PULL_UP_BAR""]","[""HOME"",""GYM""]",,INTERMEDIATE,REPS,"[""MAIN""]",4,,90,15,풀업 운동은 팔꿈치를 아래로 당기며 팔 앞쪽을 사용하는 운동입니다.,"[""손잡이를 안정적으로 잡고 몸을 준비한다."",""어깨를 내린 채 팔꿈치를 아래로 당긴다."",""조절할 수 있는 범위까지만 당긴다."",""팔을 천천히 펴며 시작 위치로 돌아온다.""]",representative-content-v0.1.0,gymvisual,0140,gymvisual:0140,,,,gymvisual,0140,biceps pull-up,biceps pull-up,,https://github.com/hasaneyldrm/exercises-dataset,Aliaksandr Makatserchyk / Gym visual,MIT,© Gym visual — https://gymvisual.com/,MIT,MIT License,REVIEW_REQUIRED,https://opensource.org/license/mit/,© Aliaksandr Makatserchyk - Gym visual - https://gymvisual.com/,2026-08-20T00:00:00+09:00,PARTIALLY_REVIEWED,image:images/0140-guT8YnS.jpg;gif:videos/0140-guT8YnS.gif,guT8YnS,"Hang from a pull-up bar with your palms facing away from you and your hands shoulder-width apart. Engage your core and pull yourself up by bending your elbows, bringing your chest towards the bar. Pause at the top of the movement, then slowly lower yourself back down to the starting position. Repeat for the desired number of repetitions.","[""Hang from a pull-up bar with your palms facing away from you and your hands shoulder-width apart."", ""Engage your core and pull yourself up by bending your elbows, bringing your chest towards the bar."", ""Pause at the top of the movement, then slowly lower yourself back down to the starting position."", ""Repeat for the desired number of repetitions.""]",RESOLVED_INTEGRATED_SOURCE,REVIEW_REQUIRED,CONTENT_PRESENT_REVIEWED_ARTIFACT,APPROVED_FROM_POLICY,DOMAIN_APPROVED,True,"[""SOURCE_LICENSE_REVIEW_REQUIRED""]",RETAINED_CANONICAL,기존 canonical stable code를 재정렬하지 않고 유지한다.,EXISTING_CANONICAL,ACTIVE_CANONICAL_RETAINED,exercise-catalog-v2.0.2-final,APPROVED,False,False,[],,,,,,
REX-000013,bodyweight_reverse_crunch_core_brace_bodyweight,리버스 크런치,리버스 크런치,reverse crunch,STRENGTH,CORE_BRACE,CORE,"[""ABDOMEN""]","[""LOWER_BACK""]","[""BODYWEIGHT""]","[""HOME"",""GYM""]",,INTERMEDIATE,DURATION,"[""MAIN""]",,30,90,15,리버스 크런치 운동은 몸통을 유지하며 몸통 주변에 힘을 쓰는 운동입니다.,"[""안내된 시작 자세를 안정적으로 잡는다."",""배 주변에 가볍게 힘을 주고 숨을 쉰다."",""몸통이 흔들리지 않는 범위에서 팔이나 다리를 움직인다."",""천천히 시작 자세로 돌아온다.""]",representative-content-v0.1.0,gymvisual,0872,gymvisual:0872,,,,gymvisual,0872,reverse crunch,reverse crunch,,https://github.com/hasaneyldrm/exercises-dataset,Aliaksandr Makatserchyk / Gym visual,MIT,© Gym visual — https://gymvisual.com/,MIT,MIT License,REVIEW_REQUIRED,https://opensource.org/license/mit/,© Aliaksandr Makatserchyk - Gym visual - https://gymvisual.com/,2026-08-20T00:00:00+09:00,PARTIALLY_REVIEWED,image:images/0872-nCU1Ekp.jpg;gif:videos/0872-nCU1Ekp.gif,nCU1Ekp,"Lie flat on your back with your arms extended along your sides. Bend your knees and lift your feet off the ground, bringing your thighs perpendicular to the floor. Contract your abs and curl your hips off the floor, bringing your knees towards your chest. Pause for a moment at the top, then slowly lower your hips back down to the starting position. Repeat for the desired number of repetitions.","[""Lie flat on your back with your arms extended along your sides."", ""Bend your knees and lift your feet off the ground, bringing your thighs perpendicular to the floor."", ""Contract your abs and curl your hips off the floor, bringing your knees towards your chest."", ""Pause for a moment at the top, then slowly lower your hips back down to the starting position."", ""Repeat for the desired number of repetitions.""]",RESOLVED_INTEGRATED_SOURCE,REVIEW_REQUIRED,CONTENT_PRESENT_REVIEWED_ARTIFACT,APPROVED_FROM_POLICY,DOMAIN_APPROVED,True,"[""SOURCE_LICENSE_REVIEW_REQUIRED""]",RETAINED_CANONICAL,기존 canonical stable code를 재정렬하지 않고 유지한다.,EXISTING_CANONICAL,ACTIVE_CANONICAL_RETAINED,exercise-catalog-v2.0.2-final,APPROVED,False,False,[],,,,,,
REX-000014,bodyweight_russian_twist_core_brace_bodyweight,러시안 트위스트,러시안 트위스트,russian twist,STRENGTH,CORE_BRACE,CORE,"[""ABDOMEN""]","[""LOWER_BACK""]","[""BODYWEIGHT""]","[""HOME"",""GYM""]",,INTERMEDIATE,DURATION,"[""MAIN""]",,30,90,15,러시안 트위스트 운동은 몸통을 유지하며 몸통 주변에 힘을 쓰는 운동입니다.,"[""안내된 시작 자세를 안정적으로 잡는다."",""배 주변에 가볍게 힘을 주고 숨을 쉰다."",""몸통이 흔들리지 않는 범위에서 팔이나 다리를 움직인다."",""천천히 시작 자세로 돌아온다.""]",representative-content-v0.1.0,gymvisual,0687,gymvisual:0687,,,,gymvisual,0687,russian twist,russian twist,,https://github.com/hasaneyldrm/exercises-dataset,Aliaksandr Makatserchyk / Gym visual,MIT,© Gym visual — https://gymvisual.com/,MIT,MIT License,REVIEW_REQUIRED,https://opensource.org/license/mit/,© Aliaksandr Makatserchyk - Gym visual - https://gymvisual.com/,2026-08-20T00:00:00+09:00,PARTIALLY_REVIEWED,image:images/0687-XVDdcoj.jpg;gif:videos/0687-XVDdcoj.gif,XVDdcoj,"Sit on the ground with your knees bent and feet flat on the floor. Lean back slightly while keeping your back straight and your core engaged. Hold your hands together in front of your chest or hold a weight if desired. Lift your feet off the ground, balancing on your sit bones. Twist your torso to the right, bringing your hands or weight towards the right side of your body. Pause for a moment, then twist your torso to the left, bringing your hands or weight towards the left side of your body. Continue alternating sides for the desired number of repetitions.","[""Sit on the ground with your knees bent and feet flat on the floor."", ""Lean back slightly while keeping your back straight and your core engaged."", ""Hold your hands together in front of your chest or hold a weight if desired."", ""Lift your feet off the ground, balancing on your sit bones."", ""Twist your torso to the right, bringing your hands or weight towards the right side of your body."", ""Pause for a moment, then twist your torso to the left, bringing your hands or weight towards the left side of your body."", ""Continue alternating sides for the desired number of repetitions.""]",RESOLVED_INTEGRATED_SOURCE,REVIEW_REQUIRED,CONTENT_PRESENT_REVIEWED_ARTIFACT,APPROVED_FROM_POLICY,DOMAIN_APPROVED,True,"[""SOURCE_LICENSE_REVIEW_REQUIRED""]",RETAINED_CANONICAL,기존 canonical stable code를 재정렬하지 않고 유지한다.,EXISTING_CANONICAL,ACTIVE_CANONICAL_RETAINED,exercise-catalog-v2.0.2-final,APPROVED,False,False,[],,,,,,
REX-000015,bodyweight_split_squat_knee_dominant_bodyweight,스플릿 스쿼트,스플릿 스쿼트,split squats,STRENGTH,KNEE_DOMINANT,QUADRICEPS,"[""KNEE"",""HIP""]","[""ANKLE_FOOT""]","[""BODYWEIGHT""]","[""HOME"",""GYM""]",,INTERMEDIATE,REPS,"[""MAIN""]",4,,90,15,스플릿 스쿼트 운동은 다리를 굽혔다 펴며 허벅지 앞쪽을 사용하는 운동입니다.,"[""발을 편하게 벌리고 양발에 무게를 나눈다."",""엉덩이를 뒤로 보내며 무릎을 천천히 굽힌다."",""발바닥을 바닥에 두고 편한 범위까지만 내려간다."",""발로 바닥을 밀며 천천히 시작 자세로 돌아온다.""]",representative-content-v0.1.0,gymvisual,2368,gymvisual:2368,,,,gymvisual,2368,split squats,split squats,,https://github.com/hasaneyldrm/exercises-dataset,Aliaksandr Makatserchyk / Gym visual,MIT,© Gym visual — https://gymvisual.com/,MIT,MIT License,REVIEW_REQUIRED,https://opensource.org/license/mit/,© Aliaksandr Makatserchyk - Gym visual - https://gymvisual.com/,2026-08-20T00:00:00+09:00,PARTIALLY_REVIEWED,image:images/2368-9E25EOx.jpg;gif:videos/2368-9E25EOx.gif,9E25EOx,"Stand with your feet shoulder-width apart. Take a step forward with one foot and place it about two feet in front of the other foot. Lower your body by bending your knees and hips, keeping your back straight. Continue lowering until your front thigh is parallel to the ground, and your back knee is hovering just above the ground. Pause for a moment, then push through your front heel to return to the starting position. Repeat for the desired number of repetitions, then switch legs and repeat.","[""Stand with your feet shoulder-width apart."", ""Take a step forward with one foot and place it about two feet in front of the other foot."", ""Lower your body by bending your knees and hips, keeping your back straight."", ""Continue lowering until your front thigh is parallel to the ground, and your back knee is hovering just above the ground."", ""Pause for a moment, then push through your front heel to return to the starting position."", ""Repeat for the desired number of repetitions, then switch legs and repeat.""]",RESOLVED_INTEGRATED_SOURCE,REVIEW_REQUIRED,CONTENT_PRESENT_REVIEWED_ARTIFACT,APPROVED_FROM_POLICY,DOMAIN_APPROVED,True,"[""SOURCE_LICENSE_REVIEW_REQUIRED""]",RETAINED_CANONICAL,기존 canonical stable code를 재정렬하지 않고 유지한다.,EXISTING_CANONICAL,ACTIVE_CANONICAL_RETAINED,exercise-catalog-v2.0.2-final,APPROVED,False,False,[],,,,,,
REX-000016,bodyweight_standing_calf_raise_isolation_bodyweight,스탠딩 카프 레이즈,스탠딩 카프 레이즈,bodyweight standing calf raise,STRENGTH,ISOLATION,CALVES,"[""ANKLE_FOOT""]","[""KNEE""]","[""BODYWEIGHT""]","[""HOME"",""GYM""]",,BEGINNER,REPS,"[""MAIN""]",4,,90,15,스탠딩 카프 레이즈 운동은 다른 부위의 움직임을 줄이고 종아리를 집중해 사용하는 운동입니다.,"[""시작 자세와 기구를 안정적으로 준비한다."",""안내된 부위를 중심으로 천천히 움직인다."",""끝 범위에서 힘을 잠시 유지한다."",""반동 없이 시작 자세로 돌아온다.""]",representative-content-v0.1.0,gymvisual,1373,gymvisual:1373,,,,gymvisual,1373,bodyweight standing calf raise,bodyweight standing calf raise,,https://github.com/hasaneyldrm/exercises-dataset,Aliaksandr Makatserchyk / Gym visual,MIT,© Gym visual — https://gymvisual.com/,MIT,MIT License,REVIEW_REQUIRED,https://opensource.org/license/mit/,© Aliaksandr Makatserchyk - Gym visual - https://gymvisual.com/,2026-08-20T00:00:00+09:00,PARTIALLY_REVIEWED,image:images/1373-bJYHBIN.jpg;gif:videos/1373-bJYHBIN.gif,bJYHBIN,"Stand with your feet shoulder-width apart, toes pointing forward. Place your hands on a wall or stable surface for balance. Slowly raise your heels off the ground, lifting your body weight onto the balls of your feet. Pause for a moment at the top, then slowly lower your heels back down to the starting position. Repeat for the desired number of repetitions.","[""Stand with your feet shoulder-width apart, toes pointing forward."", ""Place your hands on a wall or stable surface for balance."", ""Slowly raise your heels off the ground, lifting your body weight onto the balls of your feet."", ""Pause for a moment at the top, then slowly lower your heels back down to the starting position."", ""Repeat for the desired number of repetitions.""]",RESOLVED_INTEGRATED_SOURCE,REVIEW_REQUIRED,CONTENT_PRESENT_REVIEWED_ARTIFACT,APPROVED_FROM_POLICY,DOMAIN_APPROVED,True,"[""SOURCE_LICENSE_REVIEW_REQUIRED""]",RETAINED_CANONICAL,기존 canonical stable code를 재정렬하지 않고 유지한다.,EXISTING_CANONICAL,ACTIVE_CANONICAL_RETAINED,exercise-catalog-v2.0.2-final,APPROVED,False,False,[],,,,,,
REX-000017,butterfly_adductor_stretch_mobility_stretch_bodyweight,버터플라이 스트레칭,버터플라이 스트레칭,butterfly yoga pose,MOBILITY,MOBILITY_STRETCH,MOBILITY,"[""HIP""]","[""KNEE""]","[""BODYWEIGHT""]","[""HOME"",""GYM""]",,BEGINNER,DURATION,"[""WARMUP"",""COOLDOWN""]",,30,30,15,버터플라이 스트레칭 운동은 고관절 주변을 천천히 움직이며 범위를 확인하는 스트레칭입니다.,"[""편안한 시작 자세를 잡고 주변 공간을 확인한다."",""숨을 고르게 쉬며 안내된 방향으로 천천히 움직인다."",""당김이 느껴지는 범위에서 잠시 멈춘다."",""반동 없이 시작 자세로 천천히 돌아온다.""]",representative-content-v0.1.0,gymvisual,1494,gymvisual:1494,,,,gymvisual,1494,butterfly yoga pose,butterfly yoga pose,,https://github.com/hasaneyldrm/exercises-dataset,Aliaksandr Makatserchyk / Gym visual,MIT,© Gym visual — https://gymvisual.com/,MIT,MIT License,REVIEW_REQUIRED,https://opensource.org/license/mit/,© Aliaksandr Makatserchyk - Gym visual - https://gymvisual.com/,2026-08-20T00:00:00+09:00,PARTIALLY_REVIEWED,image:images/1494-bWlZvXh.jpg;gif:videos/1494-bWlZvXh.gif,bWlZvXh,"Sit on the floor with your legs extended in front of you. Bend your knees and bring the soles of your feet together, allowing your knees to fall out to the sides. Hold onto your ankles or feet with your hands. Sit up tall and lengthen your spine. Gently press your knees down towards the floor, feeling a stretch in your inner thighs. Hold this position for a few breaths. To release, slowly bring your knees back up and extend your legs.","[""Sit on the floor with your legs extended in front of you."", ""Bend your knees and bring the soles of your feet together, allowing your knees to fall out to the sides."", ""Hold onto your ankles or feet with your hands."", ""Sit up tall and lengthen your spine."", ""Gently press your knees down towards the floor, feeling a stretch in your inner thighs."", ""Hold this position for a few breaths."", ""To release, slowly bring your knees back up and extend your legs.""]",RESOLVED_INTEGRATED_SOURCE,REVIEW_REQUIRED,CONTENT_PRESENT_REVIEWED_ARTIFACT,APPROVED_FROM_POLICY,DOMAIN_APPROVED,True,"[""SOURCE_LICENSE_REVIEW_REQUIRED""]",RETAINED_CANONICAL,기존 canonical stable code를 재정렬하지 않고 유지한다.,EXISTING_CANONICAL,ACTIVE_CANONICAL_RETAINED,exercise-catalog-v2.0.2-final,APPROVED,False,True,[],,,,,,
REX-000018,cable_fly_isolation_cable_machine,케이블 플라이,케이블 플라이,cable standing fly,STRENGTH,ISOLATION,CHEST,"[""CHEST""]","[""SHOULDER""]","[""CABLE_MACHINE""]","[""GYM""]",,INTERMEDIATE,REPS,"[""MAIN""]",4,,90,15,케이블 플라이 운동은 다른 부위의 움직임을 줄이고 가슴을 집중해 사용하는 운동입니다.,"[""시작 자세와 기구를 안정적으로 준비한다."",""안내된 부위를 중심으로 천천히 움직인다."",""끝 범위에서 힘을 잠시 유지한다."",""반동 없이 시작 자세로 돌아온다.""]",representative-content-v0.1.0,gymvisual,0227,gymvisual:0227,,,,gymvisual,0227,cable standing fly,cable standing fly,,https://github.com/hasaneyldrm/exercises-dataset,Aliaksandr Makatserchyk / Gym visual,MIT,© Gym visual — https://gymvisual.com/,MIT,MIT License,REVIEW_REQUIRED,https://opensource.org/license/mit/,© Aliaksandr Makatserchyk - Gym visual - https://gymvisual.com/,2026-08-20T00:00:00+09:00,PARTIALLY_REVIEWED,image:images/0227-Pr9Rhf4.jpg;gif:videos/0227-Pr9Rhf4.gif,Pr9Rhf4,"Attach the handles to the cables at chest height. Stand with your feet shoulder-width apart, facing away from the cable machine. Grasp the handles with an overhand grip, palms facing forward. Step forward slightly to create tension in the cables. Keep your core engaged and your back straight throughout the exercise. With a slight bend in your elbows, slowly bring your arms forward and together in front of your chest. Squeeze your chest muscles at the peak of the movement. Slowly reverse the movement, returning your arms to the starting position. Repeat for the desired number of repetitions.","[""Attach the handles to the cables at chest height."", ""Stand with your feet shoulder-width apart, facing away from the cable machine."", ""Grasp the handles with an overhand grip, palms facing forward."", ""Step forward slightly to create tension in the cables."", ""Keep your core engaged and your back straight throughout the exercise."", ""With a slight bend in your elbows, slowly bring your arms forward and together in front of your chest."", ""Squeeze your chest muscles at the peak of the movement."", ""Slowly reverse the movement, returning your arms to the starting position."", ""Repeat for the desired number of repetitions.""]",RESOLVED_INTEGRATED_SOURCE,REVIEW_REQUIRED,CONTENT_PRESENT_REVIEWED_ARTIFACT,APPROVED_FROM_POLICY,DOMAIN_APPROVED,True,"[""SOURCE_LICENSE_REVIEW_REQUIRED""]",RETAINED_CANONICAL,기존 canonical stable code를 재정렬하지 않고 유지한다.,EXISTING_CANONICAL,ACTIVE_CANONICAL_RETAINED,exercise-catalog-v2.0.2-final,APPROVED,False,False,[],,,,,,
REX-000019,cable_triceps_pushdown_isolation_cable_machine,케이블 트라이셉스 푸시다운,케이블 트라이셉스 푸시다운,cable pushdown,STRENGTH,ISOLATION,TRICEPS,"[""ELBOW""]","[""SHOULDER""]","[""CABLE_MACHINE""]","[""GYM""]",,INTERMEDIATE,REPS,"[""MAIN""]",4,,90,15,케이블 트라이셉스 푸시다운 운동은 다른 부위의 움직임을 줄이고 팔 뒤쪽을 집중해 사용하는 운동입니다.,"[""시작 자세와 기구를 안정적으로 준비한다."",""안내된 부위를 중심으로 천천히 움직인다."",""끝 범위에서 힘을 잠시 유지한다."",""반동 없이 시작 자세로 돌아온다.""]",representative-content-v0.1.0,gymvisual,0201,gymvisual:0201,,,,gymvisual,0201,cable pushdown,cable pushdown,,https://github.com/hasaneyldrm/exercises-dataset,Aliaksandr Makatserchyk / Gym visual,MIT,© Gym visual — https://gymvisual.com/,MIT,MIT License,REVIEW_REQUIRED,https://opensource.org/license/mit/,© Aliaksandr Makatserchyk - Gym visual - https://gymvisual.com/,2026-08-20T00:00:00+09:00,PARTIALLY_REVIEWED,image:images/0201-3ZflifB.jpg;gif:videos/0201-3ZflifB.gif,3ZflifB,"Attach a straight bar to a high pulley cable machine. Stand facing the machine with your feet shoulder-width apart and a slight bend in your knees. Grasp the bar with an overhand grip, hands shoulder-width apart. Keep your elbows close to your sides and your upper arms stationary. Exhale and push the bar down until your elbows are fully extended. Pause for a moment, then inhale and slowly return the bar to the starting position. Repeat for the desired number of repetitions.","[""Attach a straight bar to a high pulley cable machine."", ""Stand facing the machine with your feet shoulder-width apart and a slight bend in your knees."", ""Grasp the bar with an overhand grip, hands shoulder-width apart."", ""Keep your elbows close to your sides and your upper arms stationary."", ""Exhale and push the bar down until your elbows are fully extended."", ""Pause for a moment, then inhale and slowly return the bar to the starting position."", ""Repeat for the desired number of repetitions.""]",RESOLVED_INTEGRATED_SOURCE,REVIEW_REQUIRED,CONTENT_PRESENT_REVIEWED_ARTIFACT,APPROVED_FROM_POLICY,DOMAIN_APPROVED,True,"[""SOURCE_LICENSE_REVIEW_REQUIRED""]",RETAINED_CANONICAL,기존 canonical stable code를 재정렬하지 않고 유지한다.,EXISTING_CANONICAL,ACTIVE_CANONICAL_RETAINED,exercise-catalog-v2.0.2-final,APPROVED,False,False,[],,,,,,
REX-000020,chair_leg_extended_stretch_mobility_stretch_bodyweight,시티드 레그 익스텐션 스트레칭,시티드 레그 익스텐션 스트레칭,chair leg extended stretch,MOBILITY,MOBILITY_STRETCH,MOBILITY,"[""KNEE""]","[""HIP""]","[""BODYWEIGHT""]","[""HOME"",""GYM""]",안정적인 지지물(벤치 또는 의자 등)을 준비한다.,BEGINNER,DURATION,"[""WARMUP"",""COOLDOWN""]",,30,30,15,의자 다리 스트레칭 운동은 무릎 주변을 천천히 움직이며 범위를 확인하는 스트레칭입니다.,"[""편안한 시작 자세를 잡고 주변 공간을 확인한다."",""숨을 고르게 쉬며 안내된 방향으로 천천히 움직인다."",""당김이 느껴지는 범위에서 잠시 멈춘다."",""반동 없이 시작 자세로 천천히 돌아온다.""]",representative-content-v0.1.0,gymvisual,1548,gymvisual:1548,,,,gymvisual,1548,chair leg extended stretch,chair leg extended stretch,,https://github.com/hasaneyldrm/exercises-dataset,Aliaksandr Makatserchyk / Gym visual,MIT,© Gym visual — https://gymvisual.com/,MIT,MIT License,REVIEW_REQUIRED,https://opensource.org/license/mit/,© Aliaksandr Makatserchyk - Gym visual - https://gymvisual.com/,2026-08-20T00:00:00+09:00,PARTIALLY_REVIEWED,image:images/1548-xGgAGPm.jpg;gif:videos/1548-xGgAGPm.gif,xGgAGPm,"Sit on the edge of a chair with your back straight and feet flat on the ground. Extend one leg straight out in front of you, keeping your heel on the ground. Lean forward slightly, feeling a stretch in your quadriceps. Hold this position for 20-30 seconds. Switch legs and repeat the stretch.","[""Sit on the edge of a chair with your back straight and feet flat on the ground."", ""Extend one leg straight out in front of you, keeping your heel on the ground."", ""Lean forward slightly, feeling a stretch in your quadriceps."", ""Hold this position for 20-30 seconds."", ""Switch legs and repeat the stretch.""]",RESOLVED_INTEGRATED_SOURCE,REVIEW_REQUIRED,CONTENT_PRESENT_REVIEWED_ARTIFACT,APPROVED_FROM_POLICY,DOMAIN_APPROVED,True,"[""SOURCE_LICENSE_REVIEW_REQUIRED""]",RETAINED_CANONICAL,기존 canonical stable code를 재정렬하지 않고 유지한다.,EXISTING_CANONICAL,ACTIVE_CANONICAL_RETAINED,exercise-catalog-v2.0.2-final,APPROVED,False,True,[],,,,,,
REX-000021,chest_front_shoulder_stretch_mobility_stretch_bodyweight,가슴·어깨 앞면 스트레칭,가슴·어깨 앞면 스트레칭,chest and front of shoulder stretch,MOBILITY,MOBILITY_STRETCH,MOBILITY,"[""CHEST"",""SHOULDER""]","[""UPPER_BACK""]","[""BODYWEIGHT""]","[""HOME"",""GYM""]",,BEGINNER,DURATION,"[""WARMUP"",""COOLDOWN""]",,30,30,15,가슴·어깨 앞면 스트레칭 운동은 가슴·어깨 주변을 천천히 움직이며 범위를 확인하는 스트레칭입니다.,"[""편안한 시작 자세를 잡고 주변 공간을 확인한다."",""숨을 고르게 쉬며 안내된 방향으로 천천히 움직인다."",""당김이 느껴지는 범위에서 잠시 멈춘다."",""반동 없이 시작 자세로 천천히 돌아온다.""]",representative-content-v0.1.0,gymvisual,1271,gymvisual:1271,,,,gymvisual,1271,chest and front of shoulder stretch,chest and front of shoulder stretch,,https://github.com/hasaneyldrm/exercises-dataset,Aliaksandr Makatserchyk / Gym visual,MIT,© Gym visual — https://gymvisual.com/,MIT,MIT License,REVIEW_REQUIRED,https://opensource.org/license/mit/,© Aliaksandr Makatserchyk - Gym visual - https://gymvisual.com/,2026-08-20T00:00:00+09:00,PARTIALLY_REVIEWED,image:images/1271-Uto7l43.jpg;gif:videos/1271-Uto7l43.gif,Uto7l43,"Stand tall with your feet shoulder-width apart. Extend your arms straight out in front of you at shoulder height. Cross your arms in front of your body, with your right arm on top of your left arm. Interlace your fingers and press your palms together. Gently squeeze your shoulder blades together and push your hands forward, feeling a stretch in your chest and front of your shoulders. Hold the stretch for 20-30 seconds, then release. Repeat for the desired number of repetitions.","[""Stand tall with your feet shoulder-width apart."", ""Extend your arms straight out in front of you at shoulder height."", ""Cross your arms in front of your body, with your right arm on top of your left arm."", ""Interlace your fingers and press your palms together."", ""Gently squeeze your shoulder blades together and push your hands forward, feeling a stretch in your chest and front of your shoulders."", ""Hold the stretch for 20-30 seconds, then release."", ""Repeat for the desired number of repetitions.""]",RESOLVED_INTEGRATED_SOURCE,REVIEW_REQUIRED,CONTENT_PRESENT_REVIEWED_ARTIFACT,APPROVED_FROM_POLICY,DOMAIN_APPROVED,True,"[""SOURCE_LICENSE_REVIEW_REQUIRED""]",RETAINED_CANONICAL,기존 canonical stable code를 재정렬하지 않고 유지한다.,EXISTING_CANONICAL,ACTIVE_CANONICAL_RETAINED,exercise-catalog-v2.0.2-final,APPROVED,False,True,[],,,,,,
REX-000022,close_grip_push_up_horizontal_push_bodyweight,클로즈 그립 푸시업,클로즈 그립 푸시업,close-grip push-up,STRENGTH,HORIZONTAL_PUSH,TRICEPS,"[""ELBOW"",""CHEST""]","[""SHOULDER"",""ABDOMEN""]","[""BODYWEIGHT""]","[""HOME"",""GYM""]",,BEGINNER,REPS,"[""MAIN""]",4,,90,15,클로즈 그립 푸시업 운동은 팔을 앞으로 밀어 팔 뒤쪽을 사용하는 운동입니다.,"[""손과 발 또는 기구를 안정적으로 준비한다."",""어깨가 으쓱하지 않게 팔을 천천히 밀어낸다."",""팔꿈치를 조절할 수 있는 범위에서 굽힌다."",""천천히 처음 위치로 돌아온다.""]",representative-content-v0.1.0,gymvisual,0259,gymvisual:0259,,,,gymvisual,0259,close-grip push-up,close-grip push-up,,https://github.com/hasaneyldrm/exercises-dataset,Aliaksandr Makatserchyk / Gym visual,MIT,© Gym visual — https://gymvisual.com/,MIT,MIT License,REVIEW_REQUIRED,https://opensource.org/license/mit/,© Aliaksandr Makatserchyk - Gym visual - https://gymvisual.com/,2026-08-20T00:00:00+09:00,PARTIALLY_REVIEWED,image:images/0259-x6KpKpq.jpg;gif:videos/0259-x6KpKpq.gif,x6KpKpq,"Start in a high plank position with your hands placed close together, directly under your shoulders. Engage your core and lower your body towards the ground, keeping your elbows close to your sides. Push through your palms to extend your arms and return to the starting position. Repeat for the desired number of repetitions.","[""Start in a high plank position with your hands placed close together, directly under your shoulders."", ""Engage your core and lower your body towards the ground, keeping your elbows close to your sides."", ""Push through your palms to extend your arms and return to the starting position."", ""Repeat for the desired number of repetitions.""]",RESOLVED_INTEGRATED_SOURCE,REVIEW_REQUIRED,CONTENT_PRESENT_REVIEWED_ARTIFACT,APPROVED_FROM_POLICY,DOMAIN_APPROVED,True,"[""SOURCE_LICENSE_REVIEW_REQUIRED""]",RETAINED_CANONICAL,기존 canonical stable code를 재정렬하지 않고 유지한다.,EXISTING_CANONICAL,ACTIVE_CANONICAL_RETAINED,exercise-catalog-v2.0.2-final,APPROVED,False,False,[],,,,,,
REX-000023,crunch_variant_core_brace_bodyweight,사이드 크런치,사이드 크런치,seated side crunch (wall),STRENGTH,CORE_BRACE,CORE,"[""ABDOMEN""]","[""LOWER_BACK""]","[""BODYWEIGHT""]","[""HOME"",""GYM""]",,INTERMEDIATE,DURATION,"[""MAIN""]",,30,90,15,사이드 크런치 운동은 몸통을 유지하며 몸통 주변에 힘을 쓰는 운동입니다.,"[""안내된 시작 자세를 안정적으로 잡는다."",""배 주변에 가볍게 힘을 주고 숨을 쉰다."",""몸통이 흔들리지 않는 범위에서 팔이나 다리를 움직인다."",""천천히 시작 자세로 돌아온다.""]",representative-content-v0.1.0,gymvisual,0691,gymvisual:0691,,,,gymvisual,0691,seated side crunch (wall),seated side crunch (wall),,https://github.com/hasaneyldrm/exercises-dataset,Aliaksandr Makatserchyk / Gym visual,MIT,© Gym visual — https://gymvisual.com/,MIT,MIT License,REVIEW_REQUIRED,https://opensource.org/license/mit/,© Aliaksandr Makatserchyk - Gym visual - https://gymvisual.com/,2026-08-20T00:00:00+09:00,PARTIALLY_REVIEWED,image:images/0691-Y9hNPcN.jpg;gif:videos/0691-Y9hNPcN.gif,Y9hNPcN,"Sit on the floor with your back against a wall and your legs extended in front of you. Bend your knees and place your feet flat on the floor, hip-width apart. Place your hands behind your head with your elbows pointing outwards. Engage your abs and lean to one side, bringing your elbow towards your hip. Pause for a moment, then return to the starting position. Repeat on the other side. Continue alternating sides for the desired number of repetitions.","[""Sit on the floor with your back against a wall and your legs extended in front of you."", ""Bend your knees and place your feet flat on the floor, hip-width apart."", ""Place your hands behind your head with your elbows pointing outwards."", ""Engage your abs and lean to one side, bringing your elbow towards your hip."", ""Pause for a moment, then return to the starting position."", ""Repeat on the other side."", ""Continue alternating sides for the desired number of repetitions.""]",RESOLVED_INTEGRATED_SOURCE,REVIEW_REQUIRED,CONTENT_PRESENT_REVIEWED_ARTIFACT,APPROVED_FROM_POLICY,DOMAIN_APPROVED,True,"[""SOURCE_LICENSE_REVIEW_REQUIRED""]",RETAINED_CANONICAL,기존 canonical stable code를 재정렬하지 않고 유지한다.,EXISTING_CANONICAL,ACTIVE_CANONICAL_RETAINED,exercise-catalog-v2.0.2-final,APPROVED,False,False,[],,,,,,
REX-000024,dead_bug_core_brace_bodyweight,데드버그,데드버그,dead bug,STRENGTH,CORE_BRACE,CORE,"[""ABDOMEN""]","[""LOWER_BACK""]","[""BODYWEIGHT""]","[""HOME"",""GYM""]",,BEGINNER,DURATION,"[""MAIN""]",,30,90,15,데드버그 운동은 몸통을 유지하며 몸통 주변에 힘을 쓰는 운동입니다.,"[""안내된 시작 자세를 안정적으로 잡는다."",""배 주변에 가볍게 힘을 주고 숨을 쉰다."",""몸통이 흔들리지 않는 범위에서 팔이나 다리를 움직인다."",""천천히 시작 자세로 돌아온다.""]",representative-content-v0.1.0,gymvisual,0276,gymvisual:0276,,,,gymvisual,0276,dead bug,dead bug,,https://github.com/hasaneyldrm/exercises-dataset,Aliaksandr Makatserchyk / Gym visual,MIT,© Gym visual — https://gymvisual.com/,MIT,MIT License,REVIEW_REQUIRED,https://opensource.org/license/mit/,© Aliaksandr Makatserchyk - Gym visual - https://gymvisual.com/,2026-08-20T00:00:00+09:00,PARTIALLY_REVIEWED,image:images/0276-iny3m5y.jpg;gif:videos/0276-iny3m5y.gif,iny3m5y,"Lie flat on your back with your arms extended towards the ceiling. Bend your knees and lift your legs off the ground, creating a 90-degree angle at your hips and knees. Engage your core and lower back to press your lower back into the ground. Slowly lower your right arm and left leg towards the ground, keeping them straight and hovering just above the floor. Pause for a moment, then return to the starting position. Repeat the movement with your left arm and right leg. Continue alternating sides for the desired number of repetitions.","[""Lie flat on your back with your arms extended towards the ceiling."", ""Bend your knees and lift your legs off the ground, creating a 90-degree angle at your hips and knees."", ""Engage your core and lower back to press your lower back into the ground."", ""Slowly lower your right arm and left leg towards the ground, keeping them straight and hovering just above the floor."", ""Pause for a moment, then return to the starting position."", ""Repeat the movement with your left arm and right leg."", ""Continue alternating sides for the desired number of repetitions.""]",RESOLVED_INTEGRATED_SOURCE,REVIEW_REQUIRED,CONTENT_PRESENT_REVIEWED_ARTIFACT,APPROVED_FROM_POLICY,DOMAIN_APPROVED,True,"[""SOURCE_LICENSE_REVIEW_REQUIRED""]",RETAINED_CANONICAL,기존 canonical stable code를 재정렬하지 않고 유지한다.,EXISTING_CANONICAL,ACTIVE_CANONICAL_RETAINED,exercise-catalog-v2.0.2-final,APPROVED,False,False,[],,,,,,
REX-000025,dumbbell_goblet_squat_knee_dominant_dumbbell,고블릿 스쿼트,고블릿 스쿼트,dumbbell goblet squat,STRENGTH,KNEE_DOMINANT,QUADRICEPS,"[""KNEE"",""HIP""]","[""ANKLE_FOOT""]","[""DUMBBELL""]","[""HOME"",""GYM""]",,BEGINNER,REPS,"[""MAIN""]",4,,90,15,고블릿 스쿼트 운동은 다리를 굽혔다 펴며 허벅지 앞쪽을 사용하는 운동입니다.,"[""발을 편하게 벌리고 양발에 무게를 나눈다."",""엉덩이를 뒤로 보내며 무릎을 천천히 굽힌다."",""발바닥을 바닥에 두고 편한 범위까지만 내려간다."",""발로 바닥을 밀며 천천히 시작 자세로 돌아온다.""]",representative-content-v0.1.0,gymvisual,1760,gymvisual:1760,,,,gymvisual,1760,dumbbell goblet squat,dumbbell goblet squat,,https://github.com/hasaneyldrm/exercises-dataset,Aliaksandr Makatserchyk / Gym visual,MIT,© Gym visual — https://gymvisual.com/,MIT,MIT License,REVIEW_REQUIRED,https://opensource.org/license/mit/,© Aliaksandr Makatserchyk - Gym visual - https://gymvisual.com/,2026-08-20T00:00:00+09:00,PARTIALLY_REVIEWED,image:images/1760-yn8yg1r.jpg;gif:videos/1760-yn8yg1r.gif,yn8yg1r,"Stand with your feet shoulder-width apart, holding a dumbbell vertically against your chest with both hands. Keeping your chest up and core engaged, lower your body down into a squat position by pushing your hips back and bending your knees. Continue lowering until your thighs are parallel to the ground, or as low as you can comfortably go. Pause for a moment at the bottom, then push through your heels to return to the starting position. Repeat for the desired number of repetitions.","[""Stand with your feet shoulder-width apart, holding a dumbbell vertically against your chest with both hands."", ""Keeping your chest up and core engaged, lower your body down into a squat position by pushing your hips back and bending your knees."", ""Continue lowering until your thighs are parallel to the ground, or as low as you can comfortably go."", ""Pause for a moment at the bottom, then push through your heels to return to the starting position."", ""Repeat for the desired number of repetitions.""]",RESOLVED_INTEGRATED_SOURCE,REVIEW_REQUIRED,CONTENT_PRESENT_REVIEWED_ARTIFACT,APPROVED_FROM_POLICY,DOMAIN_APPROVED,True,"[""SOURCE_LICENSE_REVIEW_REQUIRED""]",RETAINED_CANONICAL,기존 canonical stable code를 재정렬하지 않고 유지한다.,EXISTING_CANONICAL,ACTIVE_CANONICAL_RETAINED,exercise-catalog-v2.0.2-final,APPROVED,False,False,[],,,,,,
REX-000026,dumbbell_lateral_raise_isolation_dumbbell,레터럴 레이즈,레터럴 레이즈,dumbbell lateral raise,STRENGTH,ISOLATION,SHOULDERS,"[""SHOULDER""]","[""ELBOW""]","[""DUMBBELL""]","[""HOME"",""GYM""]",,BEGINNER,REPS,"[""MAIN""]",4,,90,15,레터럴 레이즈 운동은 다른 부위의 움직임을 줄이고 어깨를 집중해 사용하는 운동입니다.,"[""시작 자세와 기구를 안정적으로 준비한다."",""안내된 부위를 중심으로 천천히 움직인다."",""끝 범위에서 힘을 잠시 유지한다."",""반동 없이 시작 자세로 돌아온다.""]",representative-content-v0.1.0,gymvisual,0334,gymvisual:0334,,,,gymvisual,0334,dumbbell lateral raise,dumbbell lateral raise,,https://github.com/hasaneyldrm/exercises-dataset,Aliaksandr Makatserchyk / Gym visual,MIT,© Gym visual — https://gymvisual.com/,MIT,MIT License,REVIEW_REQUIRED,https://opensource.org/license/mit/,© Aliaksandr Makatserchyk - Gym visual - https://gymvisual.com/,2026-08-20T00:00:00+09:00,PARTIALLY_REVIEWED,image:images/0334-DsgkuIt.jpg;gif:videos/0334-DsgkuIt.gif,DsgkuIt,"Stand with your feet shoulder-width apart and hold a dumbbell in each hand, palms facing your body. Keep your back straight and engage your core. Raise your arms out to the sides until they are parallel to the floor, keeping a slight bend in your elbows. Pause for a moment at the top, then slowly lower your arms back down to the starting position. Repeat for the desired number of repetitions.","[""Stand with your feet shoulder-width apart and hold a dumbbell in each hand, palms facing your body."", ""Keep your back straight and engage your core."", ""Raise your arms out to the sides until they are parallel to the floor, keeping a slight bend in your elbows."", ""Pause for a moment at the top, then slowly lower your arms back down to the starting position."", ""Repeat for the desired number of repetitions.""]",RESOLVED_INTEGRATED_SOURCE,REVIEW_REQUIRED,CONTENT_PRESENT_REVIEWED_ARTIFACT,APPROVED_FROM_POLICY,DOMAIN_APPROVED,True,"[""SOURCE_LICENSE_REVIEW_REQUIRED""]",RETAINED_CANONICAL,기존 canonical stable code를 재정렬하지 않고 유지한다.,EXISTING_CANONICAL,ACTIVE_CANONICAL_RETAINED,exercise-catalog-v2.0.2-final,APPROVED,False,False,[],,,,,,
REX-000027,dumbbell_preacher_curl_isolation_dumbbell,프리처 컬,프리처 컬,dumbbell preacher curl,STRENGTH,ISOLATION,BICEPS,"[""ELBOW""]","[""WRIST_HAND""]","[""DUMBBELL""]","[""HOME"",""GYM""]",안정적인 지지물(벤치 또는 의자 등)을 준비한다.,BEGINNER,REPS,"[""MAIN""]",4,,90,15,프리처 컬 운동은 다른 부위의 움직임을 줄이고 팔 앞쪽을 집중해 사용하는 운동입니다.,"[""시작 자세와 기구를 안정적으로 준비한다."",""안내된 부위를 중심으로 천천히 움직인다."",""끝 범위에서 힘을 잠시 유지한다."",""반동 없이 시작 자세로 돌아온다.""]",representative-content-v0.1.0,gymvisual,0372,gymvisual:0372,,,,gymvisual,0372,dumbbell preacher curl,dumbbell preacher curl,,https://github.com/hasaneyldrm/exercises-dataset,Aliaksandr Makatserchyk / Gym visual,MIT,© Gym visual — https://gymvisual.com/,MIT,MIT License,REVIEW_REQUIRED,https://opensource.org/license/mit/,© Aliaksandr Makatserchyk - Gym visual - https://gymvisual.com/,2026-08-20T00:00:00+09:00,PARTIALLY_REVIEWED,image:images/0372-jivWf8n.jpg;gif:videos/0372-jivWf8n.gif,jivWf8n,"Sit on a preacher curl bench with your upper arms resting on the pad and your chest against it. Hold a dumbbell in each hand with your palms facing up and your arms fully extended. Keeping your upper arms stationary, exhale and curl the weights while contracting your biceps. Continue to raise the dumbbells until your biceps are fully contracted and the dumbbells are at shoulder level. Hold the contracted position for a brief pause as you squeeze your biceps. Inhale and slowly begin to lower the dumbbells back to the starting position. Repeat for the desired number of repetitions.","[""Sit on a preacher curl bench with your upper arms resting on the pad and your chest against it."", ""Hold a dumbbell in each hand with your palms facing up and your arms fully extended."", ""Keeping your upper arms stationary, exhale and curl the weights while contracting your biceps."", ""Continue to raise the dumbbells until your biceps are fully contracted and the dumbbells are at shoulder level."", ""Hold the contracted position for a brief pause as you squeeze your biceps."", ""Inhale and slowly begin to lower the dumbbells back to the starting position."", ""Repeat for the desired number of repetitions.""]",RESOLVED_INTEGRATED_SOURCE,REVIEW_REQUIRED,CONTENT_PRESENT_REVIEWED_ARTIFACT,APPROVED_FROM_POLICY,DOMAIN_APPROVED,True,"[""SOURCE_LICENSE_REVIEW_REQUIRED""]",RETAINED_CANONICAL,기존 canonical stable code를 재정렬하지 않고 유지한다.,EXISTING_CANONICAL,ACTIVE_CANONICAL_RETAINED,exercise-catalog-v2.0.2-final,APPROVED,False,False,[],,,,,,
REX-000028,dumbbell_rear_fly_isolation_dumbbell,리어 델트 플라이,리어 델트 플라이,dumbbell rear fly,STRENGTH,ISOLATION,SHOULDERS,"[""SHOULDER""]","[""UPPER_BACK""]","[""DUMBBELL""]","[""HOME"",""GYM""]",,BEGINNER,REPS,"[""MAIN""]",4,,90,15,리어 델트 플라이 운동은 다른 부위의 움직임을 줄이고 어깨를 집중해 사용하는 운동입니다.,"[""시작 자세와 기구를 안정적으로 준비한다."",""안내된 부위를 중심으로 천천히 움직인다."",""끝 범위에서 힘을 잠시 유지한다."",""반동 없이 시작 자세로 돌아온다.""]",representative-content-v0.1.0,gymvisual,0378,gymvisual:0378,,,,gymvisual,0378,dumbbell rear fly,dumbbell rear fly,,https://github.com/hasaneyldrm/exercises-dataset,Aliaksandr Makatserchyk / Gym visual,MIT,© Gym visual — https://gymvisual.com/,MIT,MIT License,REVIEW_REQUIRED,https://opensource.org/license/mit/,© Aliaksandr Makatserchyk - Gym visual - https://gymvisual.com/,2026-08-20T00:00:00+09:00,PARTIALLY_REVIEWED,image:images/0378-8DiFDVA.jpg;gif:videos/0378-8DiFDVA.gif,8DiFDVA,"Stand with your feet shoulder-width apart and hold a dumbbell in each hand. Bend your knees slightly and hinge forward at the hips, keeping your back straight. Extend your arms straight down towards the ground, palms facing each other. Keeping a slight bend in your elbows, lift your arms out to the sides and squeeze your shoulder blades together. Pause for a moment at the top, then slowly lower your arms back down to the starting position. Repeat for the desired number of repetitions.","[""Stand with your feet shoulder-width apart and hold a dumbbell in each hand."", ""Bend your knees slightly and hinge forward at the hips, keeping your back straight."", ""Extend your arms straight down towards the ground, palms facing each other."", ""Keeping a slight bend in your elbows, lift your arms out to the sides and squeeze your shoulder blades together."", ""Pause for a moment at the top, then slowly lower your arms back down to the starting position."", ""Repeat for the desired number of repetitions.""]",RESOLVED_INTEGRATED_SOURCE,REVIEW_REQUIRED,CONTENT_PRESENT_REVIEWED_ARTIFACT,APPROVED_FROM_POLICY,DOMAIN_APPROVED,True,"[""SOURCE_LICENSE_REVIEW_REQUIRED""]",RETAINED_CANONICAL,기존 canonical stable code를 재정렬하지 않고 유지한다.,EXISTING_CANONICAL,ACTIVE_CANONICAL_RETAINED,exercise-catalog-v2.0.2-final,APPROVED,False,False,[],,,,,,
REX-000029,dumbbell_shrug_isolation_dumbbell,슈러그,슈러그,dumbbell shrug,STRENGTH,ISOLATION,BACK,"[""UPPER_BACK""]","[""SHOULDER""]","[""DUMBBELL""]","[""HOME"",""GYM""]",,BEGINNER,REPS,"[""MAIN""]",4,,90,15,슈러그 운동은 다른 부위의 움직임을 줄이고 등을 집중해 사용하는 운동입니다.,"[""시작 자세와 기구를 안정적으로 준비한다."",""안내된 부위를 중심으로 천천히 움직인다."",""끝 범위에서 힘을 잠시 유지한다."",""반동 없이 시작 자세로 돌아온다.""]",representative-content-v0.1.0,gymvisual,0406,gymvisual:0406,,,,gymvisual,0406,dumbbell shrug,dumbbell shrug,,https://github.com/hasaneyldrm/exercises-dataset,Aliaksandr Makatserchyk / Gym visual,MIT,© Gym visual — https://gymvisual.com/,MIT,MIT License,REVIEW_REQUIRED,https://opensource.org/license/mit/,© Aliaksandr Makatserchyk - Gym visual - https://gymvisual.com/,2026-08-20T00:00:00+09:00,PARTIALLY_REVIEWED,image:images/0406-NJzBsGJ.jpg;gif:videos/0406-NJzBsGJ.gif,NJzBsGJ,"Stand with your feet shoulder-width apart and hold a dumbbell in each hand with your palms facing your body. Keep your arms straight and let the dumbbells hang by your sides. Raise your shoulders as high as possible, as if you are trying to touch your ears with your shoulders. Hold the contraction for a second, then slowly lower your shoulders back down to the starting position. Repeat for the desired number of repetitions.","[""Stand with your feet shoulder-width apart and hold a dumbbell in each hand with your palms facing your body."", ""Keep your arms straight and let the dumbbells hang by your sides."", ""Raise your shoulders as high as possible, as if you are trying to touch your ears with your shoulders."", ""Hold the contraction for a second, then slowly lower your shoulders back down to the starting position."", ""Repeat for the desired number of repetitions.""]",RESOLVED_INTEGRATED_SOURCE,REVIEW_REQUIRED,CONTENT_PRESENT_REVIEWED_ARTIFACT,APPROVED_FROM_POLICY,DOMAIN_APPROVED,True,"[""SOURCE_LICENSE_REVIEW_REQUIRED""]",RETAINED_CANONICAL,기존 canonical stable code를 재정렬하지 않고 유지한다.,EXISTING_CANONICAL,ACTIVE_CANONICAL_RETAINED,exercise-catalog-v2.0.2-final,APPROVED,False,False,[],,,,,,
REX-000030,dumbbell_standing_curl_isolation_dumbbell,덤벨 바이셉스 컬,덤벨 바이셉스 컬,dumbbell standing biceps curl,STRENGTH,ISOLATION,BICEPS,"[""ELBOW""]","[""WRIST_HAND""]","[""DUMBBELL""]","[""HOME"",""GYM""]",,BEGINNER,REPS,"[""MAIN""]",4,,90,15,덤벨 바이셉스 컬 운동은 다른 부위의 움직임을 줄이고 팔 앞쪽을 집중해 사용하는 운동입니다.,"[""시작 자세와 기구를 안정적으로 준비한다."",""안내된 부위를 중심으로 천천히 움직인다."",""끝 범위에서 힘을 잠시 유지한다."",""반동 없이 시작 자세로 돌아온다.""]",representative-content-v0.1.0,gymvisual,0416,gymvisual:0416,,,,gymvisual,0416,dumbbell standing biceps curl,dumbbell standing biceps curl,,https://github.com/hasaneyldrm/exercises-dataset,Aliaksandr Makatserchyk / Gym visual,MIT,© Gym visual — https://gymvisual.com/,MIT,MIT License,REVIEW_REQUIRED,https://opensource.org/license/mit/,© Aliaksandr Makatserchyk - Gym visual - https://gymvisual.com/,2026-08-20T00:00:00+09:00,PARTIALLY_REVIEWED,image:images/0416-3s4NnTh.jpg;gif:videos/0416-3s4NnTh.gif,3s4NnTh,"Stand up straight with a dumbbell in each hand, palms facing forward and arms fully extended. Keeping your upper arms stationary, exhale and curl the weights while contracting your biceps. Continue to raise the dumbbells until your biceps are fully contracted and the dumbbells are at shoulder level. Hold the contracted position for a brief pause as you squeeze your biceps. Inhale and slowly begin to lower the dumbbells back to the starting position. Repeat for the desired number of repetitions.","[""Stand up straight with a dumbbell in each hand, palms facing forward and arms fully extended."", ""Keeping your upper arms stationary, exhale and curl the weights while contracting your biceps."", ""Continue to raise the dumbbells until your biceps are fully contracted and the dumbbells are at shoulder level."", ""Hold the contracted position for a brief pause as you squeeze your biceps."", ""Inhale and slowly begin to lower the dumbbells back to the starting position."", ""Repeat for the desired number of repetitions.""]",RESOLVED_INTEGRATED_SOURCE,REVIEW_REQUIRED,CONTENT_PRESENT_REVIEWED_ARTIFACT,APPROVED_FROM_POLICY,DOMAIN_APPROVED,True,"[""SOURCE_LICENSE_REVIEW_REQUIRED""]",RETAINED_CANONICAL,기존 canonical stable code를 재정렬하지 않고 유지한다.,EXISTING_CANONICAL,ACTIVE_CANONICAL_RETAINED,exercise-catalog-v2.0.2-final,APPROVED,False,False,[],,,,,,
REX-000031,dumbbell_step_up_lunge_knee_dominant_dumbbell_step_box,덤벨 스텝업 런지,덤벨 스텝업 런지,dumbbell step-up lunge,STRENGTH,KNEE_DOMINANT,QUADRICEPS,"[""KNEE"",""HIP""]","[""ANKLE_FOOT""]","[""DUMBBELL"",""STEP_BOX""]","[""HOME"",""GYM""]",,INTERMEDIATE,REPS,"[""MAIN""]",4,,90,15,덤벨 스텝업 런지 운동은 다리를 굽혔다 펴며 허벅지 앞쪽을 사용하는 운동입니다.,"[""발을 편하게 벌리고 양발에 무게를 나눈다."",""엉덩이를 뒤로 보내며 무릎을 천천히 굽힌다."",""발바닥을 바닥에 두고 편한 범위까지만 내려간다."",""발로 바닥을 밀며 천천히 시작 자세로 돌아온다.""]",representative-content-v0.1.0,gymvisual,2796,gymvisual:2796,,,,gymvisual,2796,dumbbell step-up lunge,dumbbell step-up lunge,,https://github.com/hasaneyldrm/exercises-dataset,Aliaksandr Makatserchyk / Gym visual,MIT,© Gym visual — https://gymvisual.com/,MIT,MIT License,REVIEW_REQUIRED,https://opensource.org/license/mit/,© Aliaksandr Makatserchyk - Gym visual - https://gymvisual.com/,2026-08-20T00:00:00+09:00,PARTIALLY_REVIEWED,image:images/2796-gFyFj9z.jpg;gif:videos/2796-gFyFj9z.gif,gFyFj9z,"Stand in front of a step or platform with a dumbbell in each hand, palms facing your sides. Place your right foot on the step, ensuring your entire foot is on the surface. Push through your right heel and lift your body up onto the step, bringing your left foot up as well. Once both feet are on the step, lower your left foot back down to the starting position, keeping your right foot on the step. Repeat the movement, alternating which foot you step up with each time. Continue for the desired number of repetitions.","[""Stand in front of a step or platform with a dumbbell in each hand, palms facing your sides."", ""Place your right foot on the step, ensuring your entire foot is on the surface."", ""Push through your right heel and lift your body up onto the step, bringing your left foot up as well."", ""Once both feet are on the step, lower your left foot back down to the starting position, keeping your right foot on the step."", ""Repeat the movement, alternating which foot you step up with each time."", ""Continue for the desired number of repetitions.""]",RESOLVED_INTEGRATED_SOURCE,REVIEW_REQUIRED,CONTENT_PRESENT_REVIEWED_ARTIFACT,APPROVED_FROM_POLICY,DOMAIN_APPROVED,True,"[""SOURCE_LICENSE_REVIEW_REQUIRED""]",RETAINED_CANONICAL,기존 canonical stable code를 재정렬하지 않고 유지한다.,EXISTING_CANONICAL,ACTIVE_CANONICAL_RETAINED,exercise-catalog-v2.0.2-final,APPROVED,False,False,[],,,,,,
REX-000032,dynamic_chest_stretch_mobility_stretch_bodyweight,다이내믹 가슴 스트레칭,다이내믹 가슴 스트레칭,dynamic chest stretch (male),MOBILITY,MOBILITY_STRETCH,MOBILITY,"[""CHEST""]","[""SHOULDER"",""UPPER_BACK""]","[""BODYWEIGHT""]","[""HOME"",""GYM""]",,BEGINNER,DURATION,"[""WARMUP"",""COOLDOWN""]",,30,30,15,다이내믹 가슴 스트레칭 운동은 가슴 주변을 천천히 움직이며 범위를 확인하는 스트레칭입니다.,"[""편안한 시작 자세를 잡고 주변 공간을 확인한다."",""숨을 고르게 쉬며 안내된 방향으로 천천히 움직인다."",""당김이 느껴지는 범위에서 잠시 멈춘다."",""반동 없이 시작 자세로 천천히 돌아온다.""]",representative-content-v0.1.0,gymvisual,1167,gymvisual:1167,,,,gymvisual,1167,dynamic chest stretch (male),dynamic chest stretch (male),,https://github.com/hasaneyldrm/exercises-dataset,Aliaksandr Makatserchyk / Gym visual,MIT,© Gym visual — https://gymvisual.com/,MIT,MIT License,REVIEW_REQUIRED,https://opensource.org/license/mit/,© Aliaksandr Makatserchyk - Gym visual - https://gymvisual.com/,2026-08-20T00:00:00+09:00,PARTIALLY_REVIEWED,image:images/1167-3uj0Ozg.jpg;gif:videos/1167-3uj0Ozg.gif,3uj0Ozg,"Stand tall with your feet shoulder-width apart. Extend your arms straight out to the sides, parallel to the ground. Slowly bring your arms forward, crossing them in front of your body. Feel the stretch in your chest muscles. Hold the stretch for 10-30 seconds. Return to the starting position and repeat for the desired number of repetitions.","[""Stand tall with your feet shoulder-width apart."", ""Extend your arms straight out to the sides, parallel to the ground."", ""Slowly bring your arms forward, crossing them in front of your body."", ""Feel the stretch in your chest muscles."", ""Hold the stretch for 10-30 seconds."", ""Return to the starting position and repeat for the desired number of repetitions.""]",RESOLVED_INTEGRATED_SOURCE,REVIEW_REQUIRED,CONTENT_PRESENT_REVIEWED_ARTIFACT,APPROVED_FROM_POLICY,DOMAIN_APPROVED,True,"[""SOURCE_LICENSE_REVIEW_REQUIRED""]",RETAINED_CANONICAL,기존 canonical stable code를 재정렬하지 않고 유지한다.,EXISTING_CANONICAL,ACTIVE_CANONICAL_RETAINED,exercise-catalog-v2.0.2-final,APPROVED,False,True,[],,,,,,
REX-000033,exercise_ball_hip_flexor_stretch_mobility_stretch_stability_ball,짐볼 고관절 스트레칭,짐볼 고관절 스트레칭,exercise ball hip flexor stretch,MOBILITY,MOBILITY_STRETCH,MOBILITY,"[""HIP""]","[""LOWER_BACK""]","[""STABILITY_BALL""]","[""HOME"",""GYM""]",,INTERMEDIATE,DURATION,"[""WARMUP"",""COOLDOWN""]",,30,30,15,짐볼 고관절 굴근 스트레칭 운동은 고관절 주변을 천천히 움직이며 범위를 확인하는 스트레칭입니다.,"[""편안한 시작 자세를 잡고 주변 공간을 확인한다."",""숨을 고르게 쉬며 안내된 방향으로 천천히 움직인다."",""당김이 느껴지는 범위에서 잠시 멈춘다."",""반동 없이 시작 자세로 천천히 돌아온다.""]",representative-content-v0.1.0,gymvisual,1559,gymvisual:1559,,,,gymvisual,1559,exercise ball hip flexor stretch,exercise ball hip flexor stretch,,https://github.com/hasaneyldrm/exercises-dataset,Aliaksandr Makatserchyk / Gym visual,MIT,© Gym visual — https://gymvisual.com/,MIT,MIT License,REVIEW_REQUIRED,https://opensource.org/license/mit/,© Aliaksandr Makatserchyk - Gym visual - https://gymvisual.com/,2026-08-20T00:00:00+09:00,PARTIALLY_REVIEWED,image:images/1559-2LQkNPW.jpg;gif:videos/1559-2LQkNPW.gif,2LQkNPW,"Place the stability ball on the ground and kneel in front of it. Place your right foot on top of the stability ball, with your knee bent at a 90-degree angle. Extend your left leg behind you, keeping it straight. Lean forward, pushing your hips towards the stability ball, until you feel a stretch in your right hip flexor. Hold the stretch for 20-30 seconds, then switch sides and repeat.","[""Place the stability ball on the ground and kneel in front of it."", ""Place your right foot on top of the stability ball, with your knee bent at a 90-degree angle."", ""Extend your left leg behind you, keeping it straight."", ""Lean forward, pushing your hips towards the stability ball, until you feel a stretch in your right hip flexor."", ""Hold the stretch for 20-30 seconds, then switch sides and repeat.""]",RESOLVED_INTEGRATED_SOURCE,REVIEW_REQUIRED,CONTENT_PRESENT_REVIEWED_ARTIFACT,APPROVED_FROM_POLICY,DOMAIN_APPROVED,True,"[""SOURCE_LICENSE_REVIEW_REQUIRED""]",RETAINED_CANONICAL,기존 canonical stable code를 재정렬하지 않고 유지한다.,EXISTING_CANONICAL,ACTIVE_CANONICAL_RETAINED,exercise-catalog-v2.0.2-final,APPROVED,False,True,[],,,,,,
REX-000034,hamstring_stretch_mobility_stretch_bodyweight,햄스트링 스트레칭,햄스트링 스트레칭,hamstring stretch,MOBILITY,MOBILITY_STRETCH,MOBILITY,"[""KNEE""]","[""HIP""]","[""BODYWEIGHT""]","[""HOME"",""GYM""]",,BEGINNER,DURATION,"[""WARMUP"",""COOLDOWN""]",,30,30,15,햄스트링 스트레칭 운동은 무릎 주변을 천천히 움직이며 범위를 확인하는 스트레칭입니다.,"[""편안한 시작 자세를 잡고 주변 공간을 확인한다."",""숨을 고르게 쉬며 안내된 방향으로 천천히 움직인다."",""당김이 느껴지는 범위에서 잠시 멈춘다."",""반동 없이 시작 자세로 천천히 돌아온다.""]",representative-content-v0.1.0,gymvisual,1511,gymvisual:1511,,,,gymvisual,1511,hamstring stretch,hamstring stretch,,https://github.com/hasaneyldrm/exercises-dataset,Aliaksandr Makatserchyk / Gym visual,MIT,© Gym visual — https://gymvisual.com/,MIT,MIT License,REVIEW_REQUIRED,https://opensource.org/license/mit/,© Aliaksandr Makatserchyk - Gym visual - https://gymvisual.com/,2026-08-20T00:00:00+09:00,PARTIALLY_REVIEWED,image:images/1511-99rWm7w.jpg;gif:videos/1511-99rWm7w.gif,99rWm7w,"Stand with your feet shoulder-width apart. Step forward with your right foot and shift your weight onto your right leg. Keeping your back straight, slowly bend forward at the hips, reaching towards your right foot with both hands. Hold the stretch for 20-30 seconds, then return to the starting position. Repeat on the other side.","[""Stand with your feet shoulder-width apart."", ""Step forward with your right foot and shift your weight onto your right leg."", ""Keeping your back straight, slowly bend forward at the hips, reaching towards your right foot with both hands."", ""Hold the stretch for 20-30 seconds, then return to the starting position."", ""Repeat on the other side.""]",RESOLVED_INTEGRATED_SOURCE,REVIEW_REQUIRED,CONTENT_PRESENT_REVIEWED_ARTIFACT,APPROVED_FROM_POLICY,DOMAIN_APPROVED,True,"[""SOURCE_LICENSE_REVIEW_REQUIRED""]",RETAINED_CANONICAL,기존 canonical stable code를 재정렬하지 않고 유지한다.,EXISTING_CANONICAL,ACTIVE_CANONICAL_RETAINED,exercise-catalog-v2.0.2-final,APPROVED,False,True,"[""NEX-000135""]",,,,,,
REX-000035,hand_grip_squeeze_isolation_household_weight,손 악력 쥐기,손 악력 쥐기,weighted standing hand squeeze,STRENGTH,ISOLATION,FOREARMS,"[""WRIST_HAND""]","[""ELBOW""]","[""HOUSEHOLD_WEIGHT""]","[""HOME"",""GYM""]",,BEGINNER,REPS,"[""MAIN""]",4,,90,15,손 악력 쥐기 운동은 다른 부위의 움직임을 줄이고 팔뚝을 집중해 사용하는 운동입니다.,"[""시작 자세와 기구를 안정적으로 준비한다."",""안내된 부위를 중심으로 천천히 움직인다."",""끝 범위에서 힘을 잠시 유지한다."",""반동 없이 시작 자세로 돌아온다.""]",representative-content-v0.1.0,gymvisual,0854,gymvisual:0854,,,,gymvisual,0854,weighted standing hand squeeze,weighted standing hand squeeze,,https://github.com/hasaneyldrm/exercises-dataset,Aliaksandr Makatserchyk / Gym visual,MIT,© Gym visual — https://gymvisual.com/,MIT,MIT License,REVIEW_REQUIRED,https://opensource.org/license/mit/,© Aliaksandr Makatserchyk - Gym visual - https://gymvisual.com/,2026-08-20T00:00:00+09:00,PARTIALLY_REVIEWED,image:images/0854-bjqbauy.jpg;gif:videos/0854-bjqbauy.gif,bjqbauy,"Stand with your feet shoulder-width apart and hold a weight in each hand. Extend your arms straight in front of you, palms facing each other. Squeeze your hands together as hard as you can, engaging your forearms. Hold the squeeze for a few seconds, then release. Repeat for the desired number of repetitions.","[""Stand with your feet shoulder-width apart and hold a weight in each hand."", ""Extend your arms straight in front of you, palms facing each other."", ""Squeeze your hands together as hard as you can, engaging your forearms."", ""Hold the squeeze for a few seconds, then release."", ""Repeat for the desired number of repetitions.""]",RESOLVED_INTEGRATED_SOURCE,REVIEW_REQUIRED,CONTENT_PRESENT_REVIEWED_ARTIFACT,APPROVED_FROM_POLICY,DOMAIN_APPROVED,True,"[""SOURCE_LICENSE_REVIEW_REQUIRED""]",RETAINED_CANONICAL,기존 canonical stable code를 재정렬하지 않고 유지한다.,EXISTING_CANONICAL,ACTIVE_CANONICAL_RETAINED,exercise-catalog-v2.0.2-final,APPROVED,False,False,[],,,,,,
REX-000036,hip_flexor_quadriceps_stretch_mobility_stretch_stretch_strap,고관절 굴근·대퇴사두근 스트레칭,고관절 굴근·대퇴사두근 스트레칭,intermediate hip flexor and quad stretch,MOBILITY,MOBILITY_STRETCH,MOBILITY,"[""KNEE""]","[""HIP""]","[""STRETCH_STRAP""]","[""HOME"",""GYM""]",,INTERMEDIATE,DURATION,"[""WARMUP"",""COOLDOWN""]",,30,30,15,고관절 굴근·대퇴사두근 스트레칭 운동은 무릎 주변을 천천히 움직이며 범위를 확인하는 스트레칭입니다.,"[""편안한 시작 자세를 잡고 주변 공간을 확인한다."",""숨을 고르게 쉬며 안내된 방향으로 천천히 움직인다."",""당김이 느껴지는 범위에서 잠시 멈춘다."",""반동 없이 시작 자세로 천천히 돌아온다.""]",representative-content-v0.1.0,gymvisual,1564,gymvisual:1564,,,,gymvisual,1564,intermediate hip flexor and quad stretch,intermediate hip flexor and quad stretch,,https://github.com/hasaneyldrm/exercises-dataset,Aliaksandr Makatserchyk / Gym visual,MIT,© Gym visual — https://gymvisual.com/,MIT,MIT License,REVIEW_REQUIRED,https://opensource.org/license/mit/,© Aliaksandr Makatserchyk - Gym visual - https://gymvisual.com/,2026-08-20T00:00:00+09:00,PARTIALLY_REVIEWED,image:images/1564-tFGKm99.jpg;gif:videos/1564-tFGKm99.gif,tFGKm99,"Stand upright with your feet shoulder-width apart. Hold onto a stable object for support. Bend your right knee and bring your right foot towards your glutes, grabbing the rope with your right hand. Slowly pull your right foot towards your glutes, feeling a stretch in your right quad. Hold the stretch for 20-30 seconds. Release the stretch and repeat on the left side.","[""Stand upright with your feet shoulder-width apart."", ""Hold onto a stable object for support."", ""Bend your right knee and bring your right foot towards your glutes, grabbing the rope with your right hand."", ""Slowly pull your right foot towards your glutes, feeling a stretch in your right quad."", ""Hold the stretch for 20-30 seconds."", ""Release the stretch and repeat on the left side.""]",RESOLVED_INTEGRATED_SOURCE,REVIEW_REQUIRED,CONTENT_PRESENT_REVIEWED_ARTIFACT,APPROVED_FROM_POLICY,DOMAIN_APPROVED,True,"[""SOURCE_LICENSE_REVIEW_REQUIRED""]",RETAINED_CANONICAL,기존 canonical stable code를 재정렬하지 않고 유지한다.,EXISTING_CANONICAL,ACTIVE_CANONICAL_RETAINED,exercise-catalog-v2.0.2-final,APPROVED,False,True,[],,,,,,
REX-000037,incline_y_raise_isolation_dumbbell,인클라인 Y 레이즈,인클라인 Y 레이즈,dumbbell incline y-raise,STRENGTH,ISOLATION,BACK,"[""UPPER_BACK""]","[""SHOULDER"",""ELBOW""]","[""DUMBBELL""]","[""HOME"",""GYM""]",안정적인 지지물(벤치 또는 의자 등)을 준비한다.,INTERMEDIATE,REPS,"[""MAIN""]",4,,90,15,인클라인 Y 레이즈 운동은 다른 부위의 움직임을 줄이고 등을 집중해 사용하는 운동입니다.,"[""시작 자세와 기구를 안정적으로 준비한다."",""안내된 부위를 중심으로 천천히 움직인다."",""끝 범위에서 힘을 잠시 유지한다."",""반동 없이 시작 자세로 돌아온다.""]",representative-content-v0.1.0,gymvisual,3541,gymvisual:3541,,,,gymvisual,3541,dumbbell incline y-raise,dumbbell incline y-raise,,https://github.com/hasaneyldrm/exercises-dataset,Aliaksandr Makatserchyk / Gym visual,MIT,© Gym visual — https://gymvisual.com/,MIT,MIT License,REVIEW_REQUIRED,https://opensource.org/license/mit/,© Aliaksandr Makatserchyk - Gym visual - https://gymvisual.com/,2026-08-20T00:00:00+09:00,PARTIALLY_REVIEWED,image:images/3541-PbzNu7c.jpg;gif:videos/3541-PbzNu7c.gif,PbzNu7c,"Set an incline bench to a 45-degree angle and sit on it with a dumbbell in each hand, palms facing inwards. Lean forward slightly and let your arms hang straight down, keeping a slight bend in your elbows. Raise your arms out to the sides and up in a Y shape until they are parallel to the ground. Pause for a moment at the top, then slowly lower your arms back down to the starting position. Repeat for the desired number of repetitions.","[""Set an incline bench to a 45-degree angle and sit on it with a dumbbell in each hand, palms facing inwards."", ""Lean forward slightly and let your arms hang straight down, keeping a slight bend in your elbows."", ""Raise your arms out to the sides and up in a Y shape until they are parallel to the ground."", ""Pause for a moment at the top, then slowly lower your arms back down to the starting position."", ""Repeat for the desired number of repetitions.""]",RESOLVED_INTEGRATED_SOURCE,REVIEW_REQUIRED,CONTENT_PRESENT_REVIEWED_ARTIFACT,APPROVED_FROM_POLICY,DOMAIN_APPROVED,True,"[""SOURCE_LICENSE_REVIEW_REQUIRED""]",RETAINED_CANONICAL,기존 canonical stable code를 재정렬하지 않고 유지한다.,EXISTING_CANONICAL,ACTIVE_CANONICAL_RETAINED,exercise-catalog-v2.0.2-final,APPROVED,False,False,[],,,,,,
REX-000038,inverted_row_horizontal_pull_bodyweight,인버티드 로우,인버티드 로우,inverted row,STRENGTH,HORIZONTAL_PULL,BACK,"[""UPPER_BACK""]","[""ELBOW"",""SHOULDER""]","[""BODYWEIGHT""]","[""HOME"",""GYM""]",,INTERMEDIATE,REPS,"[""MAIN""]",4,,90,15,인버티드 로우 운동은 팔꿈치를 뒤로 보내며 등을 사용하는 운동입니다.,"[""가슴을 편안히 열고 손잡이나 기구를 잡는다."",""어깨를 끌어올리지 않고 팔꿈치를 뒤로 보낸다."",""손잡이를 몸 가까이 가져온 뒤 잠시 멈춘다."",""팔을 천천히 펴며 처음 위치로 돌아온다.""]",representative-content-v0.1.0,gymvisual,0499,gymvisual:0499,,,,gymvisual,0499,inverted row,inverted row,,https://github.com/hasaneyldrm/exercises-dataset,Aliaksandr Makatserchyk / Gym visual,MIT,© Gym visual — https://gymvisual.com/,MIT,MIT License,REVIEW_REQUIRED,https://opensource.org/license/mit/,© Aliaksandr Makatserchyk - Gym visual - https://gymvisual.com/,2026-08-20T00:00:00+09:00,PARTIALLY_REVIEWED,image:images/0499-bZGHsAZ.jpg;gif:videos/0499-bZGHsAZ.gif,bZGHsAZ,"Set up a bar at waist height or use a suspension trainer. Stand facing the bar or suspension trainer, with your feet shoulder-width apart. Grab the bar or handles with an overhand grip, slightly wider than shoulder-width apart. Lean back, keeping your body straight and your heels on the ground. Pull your chest towards the bar or handles, squeezing your shoulder blades together. Pause for a moment at the top, then slowly lower yourself back to the starting position. Repeat for the desired number of repetitions.","[""Set up a bar at waist height or use a suspension trainer."", ""Stand facing the bar or suspension trainer, with your feet shoulder-width apart."", ""Grab the bar or handles with an overhand grip, slightly wider than shoulder-width apart."", ""Lean back, keeping your body straight and your heels on the ground."", ""Pull your chest towards the bar or handles, squeezing your shoulder blades together."", ""Pause for a moment at the top, then slowly lower yourself back to the starting position."", ""Repeat for the desired number of repetitions.""]",RESOLVED_INTEGRATED_SOURCE,REVIEW_REQUIRED,CONTENT_PRESENT_REVIEWED_ARTIFACT,APPROVED_FROM_POLICY,DOMAIN_APPROVED,True,"[""SOURCE_LICENSE_REVIEW_REQUIRED""]",RETAINED_CANONICAL,기존 canonical stable code를 재정렬하지 않고 유지한다.,EXISTING_CANONICAL,ACTIVE_CANONICAL_RETAINED,exercise-catalog-v2.0.2-final,APPROVED,False,False,[],,,,,,
REX-000039,kneeling_lat_stretch_mobility_stretch_bodyweight,무릎 꿇고 광배근 스트레칭,무릎 꿇고 광배근 스트레칭,kneeling lat stretch,MOBILITY,MOBILITY_STRETCH,MOBILITY,"[""UPPER_BACK""]","[""SHOULDER"",""CHEST""]","[""BODYWEIGHT""]","[""HOME"",""GYM""]",,BEGINNER,DURATION,"[""WARMUP"",""COOLDOWN""]",,30,30,15,무릎 꿇고 광배근 스트레칭 운동은 상부 등 주변을 천천히 움직이며 범위를 확인하는 스트레칭입니다.,"[""편안한 시작 자세를 잡고 주변 공간을 확인한다."",""숨을 고르게 쉬며 안내된 방향으로 천천히 움직인다."",""당김이 느껴지는 범위에서 잠시 멈춘다."",""반동 없이 시작 자세로 천천히 돌아온다.""]",representative-content-v0.1.0,gymvisual,1346,gymvisual:1346,,,,gymvisual,1346,kneeling lat stretch,kneeling lat stretch,,https://github.com/hasaneyldrm/exercises-dataset,Aliaksandr Makatserchyk / Gym visual,MIT,© Gym visual — https://gymvisual.com/,MIT,MIT License,REVIEW_REQUIRED,https://opensource.org/license/mit/,© Aliaksandr Makatserchyk - Gym visual - https://gymvisual.com/,2026-08-20T00:00:00+09:00,PARTIALLY_REVIEWED,image:images/1346-f38OEuO.jpg;gif:videos/1346-f38OEuO.gif,f38OEuO,"Kneel on the ground with your knees hip-width apart and your toes pointing back. Extend your arms overhead and interlace your fingers. Keeping your back straight, slowly lean to the right side, feeling a stretch in your left lat muscle. Hold the stretch for 20-30 seconds, then return to the starting position. Repeat the stretch on the left side, leaning to the left and feeling a stretch in your right lat muscle. Continue alternating sides for the desired number of repetitions.","[""Kneel on the ground with your knees hip-width apart and your toes pointing back."", ""Extend your arms overhead and interlace your fingers."", ""Keeping your back straight, slowly lean to the right side, feeling a stretch in your left lat muscle."", ""Hold the stretch for 20-30 seconds, then return to the starting position."", ""Repeat the stretch on the left side, leaning to the left and feeling a stretch in your right lat muscle."", ""Continue alternating sides for the desired number of repetitions.""]",RESOLVED_INTEGRATED_SOURCE,REVIEW_REQUIRED,CONTENT_PRESENT_REVIEWED_ARTIFACT,APPROVED_FROM_POLICY,DOMAIN_APPROVED,True,"[""SOURCE_LICENSE_REVIEW_REQUIRED""]",RETAINED_CANONICAL,기존 canonical stable code를 재정렬하지 않고 유지한다.,EXISTING_CANONICAL,ACTIVE_CANONICAL_RETAINED,exercise-catalog-v2.0.2-final,APPROVED,False,True,[],,,,,,
REX-000040,lat_pulldown_vertical_pull_cable_machine,랫풀다운,랫풀다운,cable pulldown,STRENGTH,VERTICAL_PULL,BACK,"[""UPPER_BACK""]","[""ELBOW"",""SHOULDER""]","[""CABLE_MACHINE""]","[""GYM""]",,INTERMEDIATE,REPS,"[""MAIN""]",4,,90,15,랫풀다운 운동은 팔꿈치를 아래로 당기며 등을 사용하는 운동입니다.,"[""손잡이를 안정적으로 잡고 몸을 준비한다."",""어깨를 내린 채 팔꿈치를 아래로 당긴다."",""조절할 수 있는 범위까지만 당긴다."",""팔을 천천히 펴며 시작 위치로 돌아온다.""]",representative-content-v0.1.0,gymvisual,0198,gymvisual:0198,,,,gymvisual,0198,cable pulldown,cable pulldown,,https://github.com/hasaneyldrm/exercises-dataset,Aliaksandr Makatserchyk / Gym visual,MIT,© Gym visual — https://gymvisual.com/,MIT,MIT License,REVIEW_REQUIRED,https://opensource.org/license/mit/,© Aliaksandr Makatserchyk - Gym visual - https://gymvisual.com/,2026-08-20T00:00:00+09:00,PARTIALLY_REVIEWED,image:images/0198-RVwzP10.jpg;gif:videos/0198-RVwzP10.gif,RVwzP10,"Adjust the cable pulldown machine so that the seat is at a comfortable height and the knee pad is secured. Sit on the seat with your back straight and your feet flat on the ground. Grasp the cable bar with an overhand grip, slightly wider than shoulder-width apart. Lean back slightly and engage your core. Pull the cable bar down towards your chest, squeezing your shoulder blades together. Pause for a moment at the bottom of the movement, then slowly release the bar back to the starting position. Repeat for the desired number of repetitions.","[""Adjust the cable pulldown machine so that the seat is at a comfortable height and the knee pad is secured."", ""Sit on the seat with your back straight and your feet flat on the ground."", ""Grasp the cable bar with an overhand grip, slightly wider than shoulder-width apart."", ""Lean back slightly and engage your core."", ""Pull the cable bar down towards your chest, squeezing your shoulder blades together."", ""Pause for a moment at the bottom of the movement, then slowly release the bar back to the starting position."", ""Repeat for the desired number of repetitions.""]",RESOLVED_INTEGRATED_SOURCE,REVIEW_REQUIRED,CONTENT_PRESENT_REVIEWED_ARTIFACT,APPROVED_FROM_POLICY,DOMAIN_APPROVED,True,"[""SOURCE_LICENSE_REVIEW_REQUIRED""]",RETAINED_CANONICAL,기존 canonical stable code를 재정렬하지 않고 유지한다.,EXISTING_CANONICAL,ACTIVE_CANONICAL_RETAINED,exercise-catalog-v2.0.2-final,APPROVED,False,False,[],,,,,,
REX-000041,leg_press_knee_dominant_machine,레그 프레스,레그 프레스,Leg Press,STRENGTH,KNEE_DOMINANT,QUADRICEPS,"[""KNEE"",""HIP""]","[""ANKLE_FOOT""]","[""MACHINE""]","[""GYM""]",,BEGINNER,REPS,"[""MAIN""]",4,,90,15,레그 프레스 운동은 다리를 굽혔다 펴며 허벅지 앞쪽을 사용하는 운동입니다.,"[""발을 편하게 벌리고 양발에 무게를 나눈다."",""엉덩이를 뒤로 보내며 무릎을 천천히 굽힌다."",""발바닥을 바닥에 두고 편한 범위까지만 내려간다."",""발로 바닥을 밀며 천천히 시작 자세로 돌아온다.""]",representative-content-v0.1.0,wger,371,wger:371,,,,wger,371,Leg Press,Leg Press,,https://wger.de/,wger project and community contributors,CC0,BFad07,CC0,CC0 1.0 Universal,1.0,https://creativecommons.org/publicdomain/zero/1.0/,wger project and community contributors — https://wger.de/,REVIEW_REQUIRED,REVIEW_REQUIRED,image:1;video:3,371,,,RESOLVED_INTEGRATED_SOURCE,REVIEW_REQUIRED,CONTENT_PRESENT_REVIEWED_ARTIFACT,APPROVED_FROM_POLICY,DOMAIN_APPROVED,True,"[""SOURCE_LICENSE_REVIEW_REQUIRED""]",RETAINED_CANONICAL,기존 canonical stable code를 재정렬하지 않고 유지한다.,EXISTING_CANONICAL,ACTIVE_CANONICAL_RETAINED,exercise-catalog-v2.0.2-final,APPROVED,False,False,[],,,,,,
REX-000043,lower_back_curl_core_brace_bodyweight,로어 백 컬,로어 백 컬,lower back curl,STRENGTH,CORE_BRACE,BACK,"[""LOWER_BACK""]","[""UPPER_BACK""]","[""BODYWEIGHT""]","[""HOME"",""GYM""]",,INTERMEDIATE,DURATION,"[""MAIN""]",,30,90,15,로어 백 컬 운동은 몸통을 유지하며 등에 힘을 쓰는 운동입니다.,"[""안내된 시작 자세를 안정적으로 잡는다."",""배 주변에 가볍게 힘을 주고 숨을 쉰다."",""몸통이 흔들리지 않는 범위에서 팔이나 다리를 움직인다."",""천천히 시작 자세로 돌아온다.""]",representative-content-v0.1.0,gymvisual,1352,gymvisual:1352,,,,gymvisual,1352,lower back curl,lower back curl,,https://github.com/hasaneyldrm/exercises-dataset,Aliaksandr Makatserchyk / Gym visual,MIT,© Gym visual — https://gymvisual.com/,MIT,MIT License,REVIEW_REQUIRED,https://opensource.org/license/mit/,© Aliaksandr Makatserchyk - Gym visual - https://gymvisual.com/,2026-08-20T00:00:00+09:00,PARTIALLY_REVIEWED,image:images/1352-ANbbry2.jpg;gif:videos/1352-ANbbry2.gif,ANbbry2,"Lie flat on your stomach with your legs extended and your arms by your sides. Engage your glutes and hamstrings, and slowly lift your upper body off the ground, curling your back upwards. Pause for a moment at the top, then slowly lower your upper body back down to the starting position. Repeat for the desired number of repetitions.","[""Lie flat on your stomach with your legs extended and your arms by your sides."", ""Engage your glutes and hamstrings, and slowly lift your upper body off the ground, curling your back upwards."", ""Pause for a moment at the top, then slowly lower your upper body back down to the starting position."", ""Repeat for the desired number of repetitions.""]",RESOLVED_INTEGRATED_SOURCE,REVIEW_REQUIRED,CONTENT_PRESENT_REVIEWED_ARTIFACT,APPROVED_FROM_POLICY,DOMAIN_APPROVED,True,"[""SOURCE_LICENSE_REVIEW_REQUIRED""]",RETAINED_CANONICAL,기존 canonical stable code를 재정렬하지 않고 유지한다.,EXISTING_CANONICAL,ACTIVE_CANONICAL_RETAINED,exercise-catalog-v2.0.2-final,APPROVED,False,False,[],,,,,,
REX-000044,machine_leg_extension_isolation_machine,레그 익스텐션,레그 익스텐션,lever leg extension,STRENGTH,ISOLATION,QUADRICEPS,"[""KNEE""]","[""HIP""]","[""MACHINE""]","[""GYM""]",,BEGINNER,REPS,"[""MAIN""]",4,,90,15,레그 익스텐션 운동은 다른 부위의 움직임을 줄이고 허벅지 앞쪽을 집중해 사용하는 운동입니다.,"[""시작 자세와 기구를 안정적으로 준비한다."",""안내된 부위를 중심으로 천천히 움직인다."",""끝 범위에서 힘을 잠시 유지한다."",""반동 없이 시작 자세로 돌아온다.""]",representative-content-v0.1.0,gymvisual,0585,gymvisual:0585,,,,gymvisual,0585,lever leg extension,lever leg extension,,https://github.com/hasaneyldrm/exercises-dataset,Aliaksandr Makatserchyk / Gym visual,MIT,© Gym visual — https://gymvisual.com/,MIT,MIT License,REVIEW_REQUIRED,https://opensource.org/license/mit/,© Aliaksandr Makatserchyk - Gym visual - https://gymvisual.com/,2026-08-20T00:00:00+09:00,PARTIALLY_REVIEWED,image:images/0585-my33uHU.jpg;gif:videos/0585-my33uHU.gif,my33uHU,"Adjust the seat height and backrest of the machine to fit your body. Sit on the machine with your back against the backrest and your feet on the footpad. Grasp the handles or sidebars for stability. Extend your legs forward by straightening your knees, lifting the weight. Pause for a moment at the top, then slowly lower the weight back to the starting position. Repeat for the desired number of repetitions.","[""Adjust the seat height and backrest of the machine to fit your body."", ""Sit on the machine with your back against the backrest and your feet on the footpad."", ""Grasp the handles or sidebars for stability."", ""Extend your legs forward by straightening your knees, lifting the weight."", ""Pause for a moment at the top, then slowly lower the weight back to the starting position."", ""Repeat for the desired number of repetitions.""]",RESOLVED_INTEGRATED_SOURCE,REVIEW_REQUIRED,CONTENT_PRESENT_REVIEWED_ARTIFACT,APPROVED_FROM_POLICY,DOMAIN_APPROVED,True,"[""SOURCE_LICENSE_REVIEW_REQUIRED""]",RETAINED_CANONICAL,기존 canonical stable code를 재정렬하지 않고 유지한다.,EXISTING_CANONICAL,ACTIVE_CANONICAL_RETAINED,exercise-catalog-v2.0.2-final,APPROVED,False,False,[],,,,,,
REX-000045,neck_lateral_stretch_mobility_stretch_bodyweight,목 옆면 스트레칭,목 옆면 스트레칭,neck side stretch,MOBILITY,MOBILITY_STRETCH,MOBILITY,"[""NECK""]","[""SHOULDER""]","[""BODYWEIGHT""]","[""HOME"",""GYM""]",,BEGINNER,DURATION,"[""WARMUP"",""COOLDOWN""]",,30,30,15,목 옆면 스트레칭 운동은 목 주변을 천천히 움직이며 범위를 확인하는 스트레칭입니다.,"[""편안한 시작 자세를 잡고 주변 공간을 확인한다."",""숨을 고르게 쉬며 안내된 방향으로 천천히 움직인다."",""당김이 느껴지는 범위에서 잠시 멈춘다."",""반동 없이 시작 자세로 천천히 돌아온다.""]",representative-content-v0.1.0,gymvisual,1403,gymvisual:1403,,,,gymvisual,1403,neck side stretch,neck side stretch,,https://github.com/hasaneyldrm/exercises-dataset,Aliaksandr Makatserchyk / Gym visual,MIT,© Gym visual — https://gymvisual.com/,MIT,MIT License,REVIEW_REQUIRED,https://opensource.org/license/mit/,© Aliaksandr Makatserchyk - Gym visual - https://gymvisual.com/,2026-08-20T00:00:00+09:00,PARTIALLY_REVIEWED,image:images/1403-x2chWLO.jpg;gif:videos/1403-x2chWLO.gif,x2chWLO,"Stand or sit up straight with your shoulders relaxed. Tilt your head to one side, bringing your ear towards your shoulder. Hold the stretch for 15-30 seconds. Repeat on the other side. Perform 2-4 sets on each side.","[""Stand or sit up straight with your shoulders relaxed."", ""Tilt your head to one side, bringing your ear towards your shoulder."", ""Hold the stretch for 15-30 seconds."", ""Repeat on the other side."", ""Perform 2-4 sets on each side.""]",RESOLVED_INTEGRATED_SOURCE,REVIEW_REQUIRED,CONTENT_PRESENT_REVIEWED_ARTIFACT,APPROVED_FROM_POLICY,DOMAIN_APPROVED,True,"[""SOURCE_LICENSE_REVIEW_REQUIRED""]",RETAINED_CANONICAL,기존 canonical stable code를 재정렬하지 않고 유지한다.,EXISTING_CANONICAL,ACTIVE_CANONICAL_RETAINED,exercise-catalog-v2.0.2-final,APPROVED,False,True,[],,,,,,
REX-000046,one_arm_wall_lats_isolation_bodyweight,벽 짚고 한 팔 광배근 스트레칭,벽 짚고 한 팔 광배근 스트레칭,one arm against wall,STRENGTH,ISOLATION,BACK,"[""UPPER_BACK""]","[""SHOULDER"",""ELBOW""]","[""BODYWEIGHT""]","[""HOME"",""GYM""]",,BEGINNER,REPS,"[""MAIN""]",4,,90,15,벽 짚고 한 팔 광배근 스트레칭 운동은 다른 부위의 움직임을 줄이고 등을 집중해 사용하는 운동입니다.,"[""시작 자세와 기구를 안정적으로 준비한다."",""안내된 부위를 중심으로 천천히 움직인다."",""끝 범위에서 힘을 잠시 유지한다."",""반동 없이 시작 자세로 돌아온다.""]",representative-content-v0.1.0,gymvisual,1355,gymvisual:1355,,,,gymvisual,1355,one arm against wall,one arm against wall,,https://github.com/hasaneyldrm/exercises-dataset,Aliaksandr Makatserchyk / Gym visual,MIT,© Gym visual — https://gymvisual.com/,MIT,MIT License,REVIEW_REQUIRED,https://opensource.org/license/mit/,© Aliaksandr Makatserchyk - Gym visual - https://gymvisual.com/,2026-08-20T00:00:00+09:00,PARTIALLY_REVIEWED,image:images/1355-ZZTGMKh.jpg;gif:videos/1355-ZZTGMKh.gif,ZZTGMKh,"Stand facing a wall with your feet shoulder-width apart. Extend one arm straight out in front of you and place your palm against the wall. Engage your core and lean your body forward, keeping your arm straight and your back flat. Slowly push against the wall with your palm, activating your lat muscles. Hold the position for a few seconds, then release and repeat with the other arm.","[""Stand facing a wall with your feet shoulder-width apart."", ""Extend one arm straight out in front of you and place your palm against the wall."", ""Engage your core and lean your body forward, keeping your arm straight and your back flat."", ""Slowly push against the wall with your palm, activating your lat muscles."", ""Hold the position for a few seconds, then release and repeat with the other arm.""]",RESOLVED_INTEGRATED_SOURCE,REVIEW_REQUIRED,CONTENT_PRESENT_REVIEWED_ARTIFACT,APPROVED_FROM_POLICY,DOMAIN_APPROVED,True,"[""SOURCE_LICENSE_REVIEW_REQUIRED""]",RETAINED_CANONICAL,기존 canonical stable code를 재정렬하지 않고 유지한다.,EXISTING_CANONICAL,ACTIVE_CANONICAL_RETAINED,exercise-catalog-v2.0.2-final,APPROVED,False,False,[],,,,,,
REX-000047,overhead_triceps_extension_isolation_barbell,오버헤드 트라이셉스 익스텐션,오버헤드 트라이셉스 익스텐션,barbell standing overhead triceps extension,STRENGTH,ISOLATION,TRICEPS,"[""ELBOW""]","[""SHOULDER""]","[""BARBELL""]","[""GYM""]",,BEGINNER,REPS,"[""MAIN""]",4,,90,15,오버헤드 트라이셉스 익스텐션 운동은 다른 부위의 움직임을 줄이고 팔 뒤쪽을 집중해 사용하는 운동입니다.,"[""시작 자세와 기구를 안정적으로 준비한다."",""안내된 부위를 중심으로 천천히 움직인다."",""끝 범위에서 힘을 잠시 유지한다."",""반동 없이 시작 자세로 돌아온다.""]",representative-content-v0.1.0,gymvisual,0109,gymvisual:0109,,,,gymvisual,0109,barbell standing overhead triceps extension,barbell standing overhead triceps extension,,https://github.com/hasaneyldrm/exercises-dataset,Aliaksandr Makatserchyk / Gym visual,MIT,© Gym visual — https://gymvisual.com/,MIT,MIT License,REVIEW_REQUIRED,https://opensource.org/license/mit/,© Aliaksandr Makatserchyk - Gym visual - https://gymvisual.com/,2026-08-20T00:00:00+09:00,PARTIALLY_REVIEWED,image:images/0109-dZl9Q27.jpg;gif:videos/0109-dZl9Q27.gif,dZl9Q27,"Stand with your feet shoulder-width apart and hold a barbell with an overhand grip. Raise the barbell overhead, fully extending your arms. Keeping your upper arms close to your head, slowly lower the barbell behind your head by bending your elbows. Pause for a moment, then raise the barbell back to the starting position by extending your arms. Repeat for the desired number of repetitions.","[""Stand with your feet shoulder-width apart and hold a barbell with an overhand grip."", ""Raise the barbell overhead, fully extending your arms."", ""Keeping your upper arms close to your head, slowly lower the barbell behind your head by bending your elbows."", ""Pause for a moment, then raise the barbell back to the starting position by extending your arms."", ""Repeat for the desired number of repetitions.""]",RESOLVED_INTEGRATED_SOURCE,REVIEW_REQUIRED,CONTENT_PRESENT_REVIEWED_ARTIFACT,APPROVED_FROM_POLICY,DOMAIN_APPROVED,True,"[""SOURCE_LICENSE_REVIEW_REQUIRED""]",RETAINED_CANONICAL,기존 canonical stable code를 재정렬하지 않고 유지한다.,EXISTING_CANONICAL,ACTIVE_CANONICAL_RETAINED,exercise-catalog-v2.0.2-final,APPROVED,False,False,[],,,,,,
REX-000048,overhead_triceps_stretch_mobility_stretch_bodyweight,오버헤드 삼두근 스트레칭,오버헤드 삼두근 스트레칭,overhead triceps stretch,MOBILITY,MOBILITY_STRETCH,MOBILITY,"[""ELBOW""]","[""SHOULDER"",""WRIST_HAND""]","[""BODYWEIGHT""]","[""HOME"",""GYM""]",,BEGINNER,DURATION,"[""WARMUP"",""COOLDOWN""]",,30,30,15,오버헤드 삼두근 스트레칭 운동은 팔꿈치 주변을 천천히 움직이며 범위를 확인하는 스트레칭입니다.,"[""편안한 시작 자세를 잡고 주변 공간을 확인한다."",""숨을 고르게 쉬며 안내된 방향으로 천천히 움직인다."",""당김이 느껴지는 범위에서 잠시 멈춘다."",""반동 없이 시작 자세로 천천히 돌아온다.""]",representative-content-v0.1.0,gymvisual,0643,gymvisual:0643,,,,gymvisual,0643,overhead triceps stretch,overhead triceps stretch,,https://github.com/hasaneyldrm/exercises-dataset,Aliaksandr Makatserchyk / Gym visual,MIT,© Gym visual — https://gymvisual.com/,MIT,MIT License,REVIEW_REQUIRED,https://opensource.org/license/mit/,© Aliaksandr Makatserchyk - Gym visual - https://gymvisual.com/,2026-08-20T00:00:00+09:00,PARTIALLY_REVIEWED,image:images/0643-Z5YStHW.jpg;gif:videos/0643-Z5YStHW.gif,Z5YStHW,"Stand or sit upright with your feet shoulder-width apart. Extend one arm overhead, bending at the elbow so that your hand reaches towards the opposite shoulder blade. With your other hand, gently pull the elbow of the extended arm towards the opposite side of your head, feeling a stretch in your triceps. Hold the stretch for 15-30 seconds, then release. Repeat on the other side.","[""Stand or sit upright with your feet shoulder-width apart."", ""Extend one arm overhead, bending at the elbow so that your hand reaches towards the opposite shoulder blade."", ""With your other hand, gently pull the elbow of the extended arm towards the opposite side of your head, feeling a stretch in your triceps."", ""Hold the stretch for 15-30 seconds, then release."", ""Repeat on the other side.""]",RESOLVED_INTEGRATED_SOURCE,REVIEW_REQUIRED,CONTENT_PRESENT_REVIEWED_ARTIFACT,APPROVED_FROM_POLICY,DOMAIN_APPROVED,True,"[""SOURCE_LICENSE_REVIEW_REQUIRED""]",RETAINED_CANONICAL,기존 canonical stable code를 재정렬하지 않고 유지한다.,EXISTING_CANONICAL,ACTIVE_CANONICAL_RETAINED,exercise-catalog-v2.0.2-final,APPROVED,False,True,[],,,,,,
REX-000049,pectorals_horizontal_push_horizontal_push_machine,체스트 프레스,체스트 프레스,Seated Bench Press,STRENGTH,HORIZONTAL_PUSH,CHEST,"[""CHEST""]","[""SHOULDER"",""ELBOW""]","[""MACHINE""]","[""GYM""]",안정적인 지지물(벤치 또는 의자 등)을 준비한다.,BEGINNER,REPS,"[""MAIN""]",4,,90,15,체스트 프레스 운동은 팔을 앞으로 밀어 가슴을 사용하는 운동입니다.,"[""손과 발 또는 기구를 안정적으로 준비한다."",""어깨가 으쓱하지 않게 팔을 천천히 밀어낸다."",""팔꿈치를 조절할 수 있는 범위에서 굽힌다."",""천천히 처음 위치로 돌아온다.""]",representative-content-v0.1.0,wger,1094,wger:1094,,,,wger,1094,Seated Bench Press,Seated Bench Press,,https://wger.de/,wger project and community contributors,CC-BY-SA 4,colundrum,CC-BY-SA 4,Creative Commons Attribution-ShareAlike 4.0 International,4.0,https://creativecommons.org/licenses/by-sa/4.0/,wger project and community contributors — https://wger.de/,REVIEW_REQUIRED,REVIEW_REQUIRED,image:0;video:0,1094,,,RESOLVED_INTEGRATED_SOURCE,REVIEW_REQUIRED,CONTENT_PRESENT_REVIEWED_ARTIFACT,APPROVED_FROM_POLICY,DOMAIN_APPROVED,True,"[""SOURCE_LICENSE_REVIEW_REQUIRED""]",RETAINED_CANONICAL,기존 canonical stable code를 재정렬하지 않고 유지한다.,EXISTING_CANONICAL,ACTIVE_CANONICAL_RETAINED,exercise-catalog-v2.0.2-final,APPROVED,False,False,[],,,,,,
REX-000050,peroneal_stretch_mobility_stretch_stretch_strap,종아리 바깥쪽 스트레칭,종아리 바깥쪽 스트레칭,peroneals stretch,MOBILITY,MOBILITY_STRETCH,MOBILITY,"[""ANKLE_FOOT""]","[""KNEE""]","[""STRETCH_STRAP""]","[""HOME"",""GYM""]",,INTERMEDIATE,DURATION,"[""WARMUP"",""COOLDOWN""]",,30,30,15,종아리 바깥쪽 스트레칭 운동은 발목과 발 주변을 천천히 움직이며 범위를 확인하는 스트레칭입니다.,"[""편안한 시작 자세를 잡고 주변 공간을 확인한다."",""숨을 고르게 쉬며 안내된 방향으로 천천히 움직인다."",""당김이 느껴지는 범위에서 잠시 멈춘다."",""반동 없이 시작 자세로 천천히 돌아온다.""]",representative-content-v0.1.0,gymvisual,1388,gymvisual:1388,,,,gymvisual,1388,peroneals stretch,peroneals stretch,,https://github.com/hasaneyldrm/exercises-dataset,Aliaksandr Makatserchyk / Gym visual,MIT,© Gym visual — https://gymvisual.com/,MIT,MIT License,REVIEW_REQUIRED,https://opensource.org/license/mit/,© Aliaksandr Makatserchyk - Gym visual - https://gymvisual.com/,2026-08-20T00:00:00+09:00,PARTIALLY_REVIEWED,image:images/1388-XhfS1DZ.jpg;gif:videos/1388-XhfS1DZ.gif,XhfS1DZ,"Sit on the ground with your legs extended in front of you. Loop the rope around the ball of your foot and hold the ends of the rope with your hands. Gently pull the rope towards you, flexing your foot and stretching your calf muscles. Hold the stretch for 15-30 seconds. Release the tension on the rope and repeat the stretch on the other leg. Repeat for the desired number of repetitions.","[""Sit on the ground with your legs extended in front of you."", ""Loop the rope around the ball of your foot and hold the ends of the rope with your hands."", ""Gently pull the rope towards you, flexing your foot and stretching your calf muscles."", ""Hold the stretch for 15-30 seconds."", ""Release the tension on the rope and repeat the stretch on the other leg."", ""Repeat for the desired number of repetitions.""]",RESOLVED_INTEGRATED_SOURCE,REVIEW_REQUIRED,CONTENT_PRESENT_REVIEWED_ARTIFACT,APPROVED_FROM_POLICY,DOMAIN_APPROVED,True,"[""SOURCE_LICENSE_REVIEW_REQUIRED""]",RETAINED_CANONICAL,기존 canonical stable code를 재정렬하지 않고 유지한다.,EXISTING_CANONICAL,ACTIVE_CANONICAL_RETAINED,exercise-catalog-v2.0.2-final,APPROVED,False,True,[],,,,,,
REX-000051,plank_rotation_core_brace_bodyweight,플랭크 로테이션,플랭크 로테이션,front plank with twist,STRENGTH,CORE_BRACE,CORE,"[""ABDOMEN""]","[""LOWER_BACK""]","[""BODYWEIGHT""]","[""HOME"",""GYM""]",,INTERMEDIATE,DURATION,"[""MAIN""]",,30,90,15,플랭크 로테이션 운동은 몸통을 유지하며 몸통 주변에 힘을 쓰는 운동입니다.,"[""안내된 시작 자세를 안정적으로 잡는다."",""배 주변에 가볍게 힘을 주고 숨을 쉰다."",""몸통이 흔들리지 않는 범위에서 팔이나 다리를 움직인다."",""천천히 시작 자세로 돌아온다.""]",representative-content-v0.1.0,gymvisual,0464,gymvisual:0464,,,,gymvisual,0464,front plank with twist,front plank with twist,,https://github.com/hasaneyldrm/exercises-dataset,Aliaksandr Makatserchyk / Gym visual,MIT,© Gym visual — https://gymvisual.com/,MIT,MIT License,REVIEW_REQUIRED,https://opensource.org/license/mit/,© Aliaksandr Makatserchyk - Gym visual - https://gymvisual.com/,2026-08-20T00:00:00+09:00,PARTIALLY_REVIEWED,image:images/0464-CosupLu.jpg;gif:videos/0464-CosupLu.gif,CosupLu,"Start in a high plank position with your hands directly under your shoulders and your body in a straight line from head to toe. Engage your core and glutes to maintain a stable position. Rotate your torso to the right, lifting your right arm and extending it towards the ceiling. Keep your hips and legs stable as you twist. Hold for a moment, then return to the starting position. Repeat the twist on the left side. Continue alternating sides for the desired number of repetitions.","[""Start in a high plank position with your hands directly under your shoulders and your body in a straight line from head to toe."", ""Engage your core and glutes to maintain a stable position."", ""Rotate your torso to the right, lifting your right arm and extending it towards the ceiling."", ""Keep your hips and legs stable as you twist."", ""Hold for a moment, then return to the starting position."", ""Repeat the twist on the left side."", ""Continue alternating sides for the desired number of repetitions.""]",RESOLVED_INTEGRATED_SOURCE,REVIEW_REQUIRED,CONTENT_PRESENT_REVIEWED_ARTIFACT,APPROVED_FROM_POLICY,DOMAIN_APPROVED,True,"[""SOURCE_LICENSE_REVIEW_REQUIRED""]",RETAINED_CANONICAL,기존 canonical stable code를 재정렬하지 않고 유지한다.,EXISTING_CANONICAL,ACTIVE_CANONICAL_RETAINED,exercise-catalog-v2.0.2-final,APPROVED,False,False,[],,,,,,
REX-000052,push_up_horizontal_push_bodyweight,푸시업,푸시업,push-up,STRENGTH,HORIZONTAL_PUSH,CHEST,"[""CHEST""]","[""SHOULDER"",""ELBOW""]","[""BODYWEIGHT""]","[""HOME"",""GYM""]",,BEGINNER,REPS,"[""MAIN""]",4,,90,15,푸시업 운동은 팔을 앞으로 밀어 가슴을 사용하는 운동입니다.,"[""손과 발 또는 기구를 안정적으로 준비한다."",""어깨가 으쓱하지 않게 팔을 천천히 밀어낸다."",""팔꿈치를 조절할 수 있는 범위에서 굽힌다."",""천천히 처음 위치로 돌아온다.""]",representative-content-v0.1.0,gymvisual,0662,gymvisual:0662,,,,gymvisual,0662,push-up,push-up,,https://github.com/hasaneyldrm/exercises-dataset,Aliaksandr Makatserchyk / Gym visual,MIT,© Gym visual — https://gymvisual.com/,MIT,MIT License,REVIEW_REQUIRED,https://opensource.org/license/mit/,© Aliaksandr Makatserchyk - Gym visual - https://gymvisual.com/,2026-08-20T00:00:00+09:00,PARTIALLY_REVIEWED,image:images/0662-I4hDWkc.jpg;gif:videos/0662-I4hDWkc.gif,I4hDWkc,"Start in a high plank position with your hands slightly wider than shoulder-width apart and your feet together. Engage your core and lower your body towards the ground by bending your elbows, keeping your body in a straight line. Pause for a moment when your chest is just above the ground, then push yourself back up to the starting position by straightening your arms. Repeat for the desired number of repetitions.","[""Start in a high plank position with your hands slightly wider than shoulder-width apart and your feet together."", ""Engage your core and lower your body towards the ground by bending your elbows, keeping your body in a straight line."", ""Pause for a moment when your chest is just above the ground, then push yourself back up to the starting position by straightening your arms."", ""Repeat for the desired number of repetitions.""]",RESOLVED_INTEGRATED_SOURCE,REVIEW_REQUIRED,CONTENT_PRESENT_REVIEWED_ARTIFACT,APPROVED_FROM_POLICY,DOMAIN_APPROVED,True,"[""SOURCE_LICENSE_REVIEW_REQUIRED""]",RETAINED_CANONICAL,기존 canonical stable code를 재정렬하지 않고 유지한다.,EXISTING_CANONICAL,ACTIVE_CANONICAL_RETAINED,exercise-catalog-v2.0.2-final,APPROVED,False,False,[],,,,,,
REX-000053,rear_deltoid_stretch_mobility_stretch_bodyweight,후면 어깨 스트레칭,후면 어깨 스트레칭,rear deltoid stretch,MOBILITY,MOBILITY_STRETCH,MOBILITY,"[""SHOULDER""]","[""UPPER_BACK""]","[""BODYWEIGHT""]","[""HOME"",""GYM""]",,BEGINNER,DURATION,"[""WARMUP"",""COOLDOWN""]",,30,30,15,후면 어깨 스트레칭 운동은 어깨 주변을 천천히 움직이며 범위를 확인하는 스트레칭입니다.,"[""편안한 시작 자세를 잡고 주변 공간을 확인한다."",""숨을 고르게 쉬며 안내된 방향으로 천천히 움직인다."",""당김이 느껴지는 범위에서 잠시 멈춘다."",""반동 없이 시작 자세로 천천히 돌아온다.""]",representative-content-v0.1.0,gymvisual,0669,gymvisual:0669,,,,gymvisual,0669,rear deltoid stretch,rear deltoid stretch,,https://github.com/hasaneyldrm/exercises-dataset,Aliaksandr Makatserchyk / Gym visual,MIT,© Gym visual — https://gymvisual.com/,MIT,MIT License,REVIEW_REQUIRED,https://opensource.org/license/mit/,© Aliaksandr Makatserchyk - Gym visual - https://gymvisual.com/,2026-08-20T00:00:00+09:00,PARTIALLY_REVIEWED,image:images/0669-xifhB5W.jpg;gif:videos/0669-xifhB5W.gif,xifhB5W,"Stand tall with your feet shoulder-width apart. Extend your right arm across your chest, placing your left hand on your right elbow. Gently pull your right arm towards your left shoulder, feeling a stretch in your right shoulder. Hold the stretch for 15-30 seconds, then release. Repeat on the other side.","[""Stand tall with your feet shoulder-width apart."", ""Extend your right arm across your chest, placing your left hand on your right elbow."", ""Gently pull your right arm towards your left shoulder, feeling a stretch in your right shoulder."", ""Hold the stretch for 15-30 seconds, then release."", ""Repeat on the other side.""]",RESOLVED_INTEGRATED_SOURCE,REVIEW_REQUIRED,CONTENT_PRESENT_REVIEWED_ARTIFACT,APPROVED_FROM_POLICY,DOMAIN_APPROVED,True,"[""SOURCE_LICENSE_REVIEW_REQUIRED""]",RETAINED_CANONICAL,기존 canonical stable code를 재정렬하지 않고 유지한다.,EXISTING_CANONICAL,ACTIVE_CANONICAL_RETAINED,exercise-catalog-v2.0.2-final,APPROVED,False,True,[],,,,,,
REX-000054,reverse_calf_raise_isolation_resistance_band,리버스 카프 레이즈,리버스 카프 레이즈,band single leg reverse calf raise,STRENGTH,ISOLATION,CALVES,"[""ANKLE_FOOT""]","[""KNEE""]","[""RESISTANCE_BAND""]","[""HOME"",""GYM""]",,INTERMEDIATE,REPS,"[""MAIN""]",4,,90,15,리버스 카프 레이즈 운동은 다른 부위의 움직임을 줄이고 종아리를 집중해 사용하는 운동입니다.,"[""시작 자세와 기구를 안정적으로 준비한다."",""안내된 부위를 중심으로 천천히 움직인다."",""끝 범위에서 힘을 잠시 유지한다."",""반동 없이 시작 자세로 돌아온다.""]",representative-content-v0.1.0,gymvisual,1000,gymvisual:1000,,,,gymvisual,1000,band single leg reverse calf raise,band single leg reverse calf raise,,https://github.com/hasaneyldrm/exercises-dataset,Aliaksandr Makatserchyk / Gym visual,MIT,© Gym visual — https://gymvisual.com/,MIT,MIT License,REVIEW_REQUIRED,https://opensource.org/license/mit/,© Aliaksandr Makatserchyk - Gym visual - https://gymvisual.com/,2026-08-20T00:00:00+09:00,PARTIALLY_REVIEWED,image:images/1000-QsSQWbf.jpg;gif:videos/1000-QsSQWbf.gif,QsSQWbf,"Stand with your feet hip-width apart and place the band around the ball of your foot. Hold onto a stable object for balance. Slowly raise your heel off the ground, lifting your body weight onto the ball of your foot. Pause for a moment at the top, then slowly lower your heel back down to the starting position. Repeat for the desired number of repetitions, then switch to the other leg.","[""Stand with your feet hip-width apart and place the band around the ball of your foot."", ""Hold onto a stable object for balance."", ""Slowly raise your heel off the ground, lifting your body weight onto the ball of your foot."", ""Pause for a moment at the top, then slowly lower your heel back down to the starting position."", ""Repeat for the desired number of repetitions, then switch to the other leg.""]",RESOLVED_INTEGRATED_SOURCE,REVIEW_REQUIRED,CONTENT_PRESENT_REVIEWED_ARTIFACT,APPROVED_FROM_POLICY,DOMAIN_APPROVED,True,"[""SOURCE_LICENSE_REVIEW_REQUIRED""]",RETAINED_CANONICAL,기존 canonical stable code를 재정렬하지 않고 유지한다.,EXISTING_CANONICAL,ACTIVE_CANONICAL_RETAINED,exercise-catalog-v2.0.2-final,APPROVED,False,False,[],,,,,,
REX-000055,reverse_wrist_curl_isolation_barbell,리버스 리스트 컬,리버스 리스트 컬,barbell reverse wrist curl,STRENGTH,ISOLATION,FOREARMS,"[""WRIST_HAND""]","[""ELBOW""]","[""BARBELL""]","[""GYM""]",,BEGINNER,REPS,"[""MAIN""]",4,,90,15,리버스 리스트 컬 운동은 다른 부위의 움직임을 줄이고 팔뚝을 집중해 사용하는 운동입니다.,"[""시작 자세와 기구를 안정적으로 준비한다."",""안내된 부위를 중심으로 천천히 움직인다."",""끝 범위에서 힘을 잠시 유지한다."",""반동 없이 시작 자세로 돌아온다.""]",representative-content-v0.1.0,gymvisual,0082,gymvisual:0082,,,,gymvisual,0082,barbell reverse wrist curl,barbell reverse wrist curl,,https://github.com/hasaneyldrm/exercises-dataset,Aliaksandr Makatserchyk / Gym visual,MIT,© Gym visual — https://gymvisual.com/,MIT,MIT License,REVIEW_REQUIRED,https://opensource.org/license/mit/,© Aliaksandr Makatserchyk - Gym visual - https://gymvisual.com/,2026-08-20T00:00:00+09:00,PARTIALLY_REVIEWED,image:images/0082-LsZkfU6.jpg;gif:videos/0082-LsZkfU6.gif,LsZkfU6,"Sit on a bench with your feet flat on the ground and hold a barbell with an overhand grip, palms facing down. Rest your forearms on your thighs, allowing your wrists to hang off the edge. Slowly curl your wrists upward, bringing the barbell towards your body. Pause for a moment at the top, then slowly lower the barbell back down to the starting position. Repeat for the desired number of repetitions.","[""Sit on a bench with your feet flat on the ground and hold a barbell with an overhand grip, palms facing down."", ""Rest your forearms on your thighs, allowing your wrists to hang off the edge."", ""Slowly curl your wrists upward, bringing the barbell towards your body."", ""Pause for a moment at the top, then slowly lower the barbell back down to the starting position."", ""Repeat for the desired number of repetitions.""]",RESOLVED_INTEGRATED_SOURCE,REVIEW_REQUIRED,CONTENT_PRESENT_REVIEWED_ARTIFACT,APPROVED_FROM_POLICY,DOMAIN_APPROVED,True,"[""SOURCE_LICENSE_REVIEW_REQUIRED""]",RETAINED_CANONICAL,기존 canonical stable code를 재정렬하지 않고 유지한다.,EXISTING_CANONICAL,ACTIVE_CANONICAL_RETAINED,exercise-catalog-v2.0.2-final,APPROVED,False,False,[],,,,,,
REX-000056,cardio_gait_bodyweight,앞뒤 스텝,앞뒤 스텝,back and forth step,CARDIO,GAIT,CARDIO,"[""ANKLE_FOOT"",""KNEE""]","[""HIP""]","[""BODYWEIGHT""]","[""HOME""]",,BEGINNER,DURATION,"[""MAIN""]",,60,60,15,앞뒤 스텝 운동은 일정한 리듬으로 몸을 움직이는 유산소 운동입니다.,"[""주변 공간과 발을 디딜 곳을 확인한다."",""천천히 시작해 편안한 리듬을 찾는다."",""시선을 앞에 두고 발을 안정적으로 디딘다."",""속도와 움직임을 낮추며 마무리한다.""]",representative-content-v0.1.0,gymvisual,3672,gymvisual:3672,,,,gymvisual,3672,back and forth step,back and forth step,,https://github.com/hasaneyldrm/exercises-dataset,Aliaksandr Makatserchyk / Gym visual,MIT,© Gym visual — https://gymvisual.com/,MIT,MIT License,REVIEW_REQUIRED,https://opensource.org/license/mit/,© Aliaksandr Makatserchyk - Gym visual - https://gymvisual.com/,2026-08-20T00:00:00+09:00,PARTIALLY_REVIEWED,image:images/3672-fNGumX0.jpg;gif:videos/3672-fNGumX0.gif,fNGumX0,"Stand with your feet shoulder-width apart. Step forward with your right foot, bending your knee and lowering your body into a lunge position. Push off with your right foot and step back to the starting position. Repeat the movement with your left foot, alternating legs with each step. Continue stepping back and forth, maintaining a steady pace. Repeat for the desired duration or number of repetitions.","[""Stand with your feet shoulder-width apart."", ""Step forward with your right foot, bending your knee and lowering your body into a lunge position."", ""Push off with your right foot and step back to the starting position."", ""Repeat the movement with your left foot, alternating legs with each step."", ""Continue stepping back and forth, maintaining a steady pace."", ""Repeat for the desired duration or number of repetitions.""]",RESOLVED_INTEGRATED_SOURCE,REVIEW_REQUIRED,CONTENT_PRESENT_REVIEWED_ARTIFACT,APPROVED_FROM_POLICY,DOMAIN_APPROVED,True,"[""SOURCE_LICENSE_REVIEW_REQUIRED""]",RETAINED_CANONICAL,기존 canonical stable code를 재정렬하지 않고 유지한다.,EXISTING_CANONICAL,ACTIVE_CANONICAL_RETAINED,exercise-catalog-v2.0.2-final,APPROVED,False,False,[],,,,,,
REX-000057,hip_flexion_isolation_bodyweight,의자 잡고 무릎 들기,의자 잡고 무릎 들기,,STRENGTH,ISOLATION,QUADRICEPS,"[""KNEE""]","[""HIP"",""ANKLE_FOOT""]","[""BODYWEIGHT""]","[""HOME""]",안정적인 지지물(벤치 또는 의자 등)을 준비한다.,BEGINNER,REPS,"[""MAIN""]",4,,90,15,의자 잡고 무릎 들기 운동은 다른 부위의 움직임을 줄이고 허벅지 앞쪽을 집중해 사용하는 운동입니다.,"[""시작 자세와 기구를 안정적으로 준비한다."",""안내된 부위를 중심으로 천천히 움직인다."",""끝 범위에서 힘을 잠시 유지한다."",""반동 없이 시작 자세로 돌아온다.""]",representative-content-v0.1.0,kspo,46ea8fdbe34474fac354a051f63b114e0a6d20a21f71226ae0db5da216d14861,kspo:46ea8fdbe34474fac354a051f63b114e0a6d20a21f71226ae0db5da216d14861,,,,kspo,46ea8fdbe34474fac354a051f63b114e0a6d20a21f71226ae0db5da216d14861,의자잡고 전방으로 무릎 굽혀 들기,,의자잡고 전방으로 무릎 굽혀 들기,https://www.data.go.kr/data/15108846/openapi.do,서울올림픽기념국민체육진흥공단,KOGL_TYPE_1,서울올림픽기념국민체육진흥공단 — https://www.data.go.kr/data/15108846/openapi.do,KOGL_TYPE_1,공공누리 제1유형,1,https://www.kogl.or.kr/info/license.do,서울올림픽기념국민체육진흥공단 — https://www.data.go.kr/data/15108846/openapi.do,REVIEW_REQUIRED,REVIEW_REQUIRED,file:0AUDLJ08S_00274.mp4;frames:1,46ea8fdbe34474fac354a051f63b114e0a6d20a21f71226ae0db5da216d14861,,,RESOLVED_INTEGRATED_SOURCE,REVIEW_REQUIRED,CONTENT_PRESENT_REVIEWED_ARTIFACT,APPROVED_FROM_POLICY,DOMAIN_APPROVED,True,"[""SOURCE_LICENSE_REVIEW_REQUIRED""]",RETAINED_CANONICAL,기존 canonical stable code를 재정렬하지 않고 유지한다.,EXISTING_CANONICAL,ACTIVE_CANONICAL_RETAINED,exercise-catalog-v2.0.2-final,APPROVED,False,False,[],,,,,,
REX-000058,cardio_gait_bodyweight_rex_000058,하이니,하이니,high knee against wall,CARDIO,GAIT,CARDIO,"[""KNEE"",""HIP""]","[""ANKLE_FOOT""]","[""BODYWEIGHT""]","[""HOME""]",,BEGINNER,DURATION,"[""MAIN""]",,60,60,15,하이니 운동은 일정한 리듬으로 몸을 움직이는 유산소 운동입니다.,"[""주변 공간과 발을 디딜 곳을 확인한다."",""천천히 시작해 편안한 리듬을 찾는다."",""시선을 앞에 두고 발을 안정적으로 디딘다."",""속도와 움직임을 낮추며 마무리한다.""]",representative-content-v0.1.0,gymvisual,3636,gymvisual:3636,,,,gymvisual,3636,high knee against wall,high knee against wall,,https://github.com/hasaneyldrm/exercises-dataset,Aliaksandr Makatserchyk / Gym visual,MIT,© Gym visual — https://gymvisual.com/,MIT,MIT License,REVIEW_REQUIRED,https://opensource.org/license/mit/,© Aliaksandr Makatserchyk - Gym visual - https://gymvisual.com/,2026-08-20T00:00:00+09:00,PARTIALLY_REVIEWED,image:images/3636-ealLwvX.jpg;gif:videos/3636-ealLwvX.gif,ealLwvX,"Stand facing a wall with your feet hip-width apart. Place your hands on the wall for support. Engage your core and lift your right knee up towards your chest, while keeping your left foot on the ground. Quickly switch legs, bringing your left knee up towards your chest and lowering your right foot back down. Continue alternating legs in a running motion, bringing your knees up as high as possible. Maintain a fast pace and keep your upper body stable throughout the exercise. Repeat for the desired duration or number of repetitions.","[""Stand facing a wall with your feet hip-width apart."", ""Place your hands on the wall for support."", ""Engage your core and lift your right knee up towards your chest, while keeping your left foot on the ground."", ""Quickly switch legs, bringing your left knee up towards your chest and lowering your right foot back down."", ""Continue alternating legs in a running motion, bringing your knees up as high as possible."", ""Maintain a fast pace and keep your upper body stable throughout the exercise."", ""Repeat for the desired duration or number of repetitions.""]",RESOLVED_INTEGRATED_SOURCE,REVIEW_REQUIRED,CONTENT_PRESENT_REVIEWED_ARTIFACT,APPROVED_FROM_POLICY,DOMAIN_APPROVED,True,"[""SOURCE_LICENSE_REVIEW_REQUIRED""]",RETAINED_CANONICAL,기존 canonical stable code를 재정렬하지 않고 유지한다.,EXISTING_CANONICAL,ACTIVE_CANONICAL_RETAINED,exercise-catalog-v2.0.2-final,APPROVED,False,False,[],,,,,,
REX-000059,cardio_jump_plyometric_bodyweight,점핑잭,점핑잭,jack jump (male),CARDIO,JUMP_PLYOMETRIC,CARDIO,"[""ANKLE_FOOT"",""KNEE""]","[""HIP"",""SHOULDER""]","[""BODYWEIGHT""]","[""HOME"",""GYM""]",,BEGINNER,DURATION,"[""MAIN""]",,60,60,15,점핑잭 운동은 팔과 다리를 함께 움직이며 반복해서 가볍게 뛰는 유산소 운동입니다.,"[""주변 공간을 확인하고 발을 편하게 모아 선다."",""무릎을 살짝 굽힌 채 팔과 다리를 함께 벌리며 가볍게 뛴다."",""발 앞쪽부터 부드럽게 착지하고 같은 리듬으로 반복한다."",""속도를 낮추며 발을 모으고 호흡을 정리한다.""]",representative-content-v0.1.0,gymvisual,3224,gymvisual:3224,,,,gymvisual,3224,jack jump (male),jack jump (male),,https://github.com/hasaneyldrm/exercises-dataset,Aliaksandr Makatserchyk / Gym visual,MIT,© Gym visual — https://gymvisual.com/,MIT,MIT License,REVIEW_REQUIRED,https://opensource.org/license/mit/,© Aliaksandr Makatserchyk - Gym visual - https://gymvisual.com/,2026-08-20T00:00:00+09:00,PARTIALLY_REVIEWED,image:images/3224-1g5bPpA.jpg;gif:videos/3224-1g5bPpA.gif,1g5bPpA,"Stand with your feet together and your arms by your sides. Jump up, spreading your feet apart and raising your arms above your head. As you land, quickly jump back to the starting position. Repeat for the desired number of repetitions.","[""Stand with your feet together and your arms by your sides."", ""Jump up, spreading your feet apart and raising your arms above your head."", ""As you land, quickly jump back to the starting position."", ""Repeat for the desired number of repetitions.""]",RESOLVED_INTEGRATED_SOURCE,REVIEW_REQUIRED,CONTENT_PRESENT_REVIEWED_ARTIFACT,APPROVED_FROM_POLICY,DOMAIN_APPROVED,True,"[""SOURCE_LICENSE_REVIEW_REQUIRED""]",RETAINED_CANONICAL,기존 canonical stable code를 재정렬하지 않고 유지한다.,EXISTING_CANONICAL,ACTIVE_CANONICAL_RETAINED,exercise-catalog-v2.0.2-final,APPROVED,False,False,[],,,,,,
REX-000060,cardio_jump_plyometric_jump_rope,줄넘기,줄넘기,jump rope,CARDIO,JUMP_PLYOMETRIC,CARDIO,"[""ANKLE_FOOT"",""KNEE""]","[""HIP""]","[""JUMP_ROPE""]","[""HOME"",""GYM""]",,INTERMEDIATE,DURATION,"[""MAIN""]",,60,60,15,줄넘기 운동은 팔과 다리를 함께 움직이며 반복해서 가볍게 뛰는 유산소 운동입니다.,"[""주변 공간을 확인하고 발을 편하게 모아 선다."",""무릎을 살짝 굽힌 채 팔과 다리를 함께 벌리며 가볍게 뛴다."",""발 앞쪽부터 부드럽게 착지하고 같은 리듬으로 반복한다."",""속도를 낮추며 발을 모으고 호흡을 정리한다.""]",representative-content-v0.1.0,gymvisual,2612,gymvisual:2612,,,,gymvisual,2612,jump rope,jump rope,,https://github.com/hasaneyldrm/exercises-dataset,Aliaksandr Makatserchyk / Gym visual,MIT,© Gym visual — https://gymvisual.com/,MIT,MIT License,REVIEW_REQUIRED,https://opensource.org/license/mit/,© Aliaksandr Makatserchyk - Gym visual - https://gymvisual.com/,2026-08-20T00:00:00+09:00,PARTIALLY_REVIEWED,image:images/2612-e1e76I2.jpg;gif:videos/2612-e1e76I2.gif,e1e76I2,"Hold the handles of the jump rope with your hands, palms facing inward. Stand with your feet shoulder-width apart and knees slightly bent. Swing the rope over your head and jump over it as it comes towards your feet. Land softly on the balls of your feet and repeat the jump as the rope comes around again. Continue jumping for the desired duration or number of repetitions.","[""Hold the handles of the jump rope with your hands, palms facing inward."", ""Stand with your feet shoulder-width apart and knees slightly bent."", ""Swing the rope over your head and jump over it as it comes towards your feet."", ""Land softly on the balls of your feet and repeat the jump as the rope comes around again."", ""Continue jumping for the desired duration or number of repetitions.""]",RESOLVED_INTEGRATED_SOURCE,REVIEW_REQUIRED,CONTENT_PRESENT_REVIEWED_ARTIFACT,APPROVED_FROM_POLICY,DOMAIN_APPROVED,True,"[""SOURCE_LICENSE_REVIEW_REQUIRED""]",RETAINED_CANONICAL,기존 canonical stable code를 재정렬하지 않고 유지한다.,EXISTING_CANONICAL,ACTIVE_CANONICAL_RETAINED,exercise-catalog-v2.0.2-final,APPROVED,False,False,[],,,,,,
REX-000061,kettlebell_swing_hip_dominant_kettlebell,케틀벨 스윙,케틀벨 스윙,2 Handed Kettlebell Swing,STRENGTH,HIP_DOMINANT,GLUTES,"[""HIP""]","[""KNEE"",""LOWER_BACK""]","[""KETTLEBELL""]","[""GYM""]",,INTERMEDIATE,REPS,"[""MAIN""]",4,,90,15,케틀벨 스윙 운동은 엉덩이를 뒤로 보내며 엉덩이를 사용하는 운동입니다.,"[""발을 편하게 두고 기구나 주변을 안정적으로 준비한다."",""엉덩이를 뒤로 보내며 상체를 천천히 기울인다."",""등과 목을 편안히 두고 엉덩이로 힘을 낸다."",""천천히 시작 자세로 돌아온다.""]",representative-content-v0.1.0,wger,9,wger:9,,,,wger,9,2 Handed Kettlebell Swing,2 Handed Kettlebell Swing,,https://wger.de/,wger project and community contributors,CC-BY-SA 4,deusinvictus,CC-BY-SA 4,Creative Commons Attribution-ShareAlike 4.0 International,4.0,https://creativecommons.org/licenses/by-sa/4.0/,wger project and community contributors — https://wger.de/,REVIEW_REQUIRED,REVIEW_REQUIRED,image:0;video:0,9,,,RESOLVED_INTEGRATED_SOURCE,REVIEW_REQUIRED,CONTENT_PRESENT_REVIEWED_ARTIFACT,APPROVED_FROM_POLICY,DOMAIN_APPROVED,True,"[""SOURCE_LICENSE_REVIEW_REQUIRED""]",RETAINED_CANONICAL,기존 canonical stable code를 재정렬하지 않고 유지한다.,EXISTING_CANONICAL,ACTIVE_CANONICAL_RETAINED,exercise-catalog-v2.0.2-final,APPROVED,False,False,[],,,,,,
REX-000062,cardio_gait_bodyweight_rex_000062,달리기,달리기,run,CARDIO,GAIT,CARDIO,"[""ANKLE_FOOT"",""KNEE""]","[""HIP""]","[""BODYWEIGHT""]","[""HOME""]",,BEGINNER,DURATION,"[""MAIN""]",,60,60,15,달리기 운동은 일정한 리듬으로 몸을 움직이는 유산소 운동입니다.,"[""주변 공간과 발을 디딜 곳을 확인한다."",""천천히 시작해 편안한 리듬을 찾는다."",""시선을 앞에 두고 발을 안정적으로 디딘다."",""속도와 움직임을 낮추며 마무리한다.""]",representative-content-v0.1.0,gymvisual,0685,gymvisual:0685,,,,gymvisual,0685,run,run,,https://github.com/hasaneyldrm/exercises-dataset,Aliaksandr Makatserchyk / Gym visual,MIT,© Gym visual — https://gymvisual.com/,MIT,MIT License,REVIEW_REQUIRED,https://opensource.org/license/mit/,© Aliaksandr Makatserchyk - Gym visual - https://gymvisual.com/,2026-08-20T00:00:00+09:00,PARTIALLY_REVIEWED,image:images/0685-oLrKqDH.jpg;gif:videos/0685-oLrKqDH.gif,oLrKqDH,"Start by standing upright with your feet hip-width apart. Engage your core and keep your upper body relaxed. Begin jogging in place, lifting your knees up towards your chest and landing softly on the balls of your feet. Maintain a steady pace and continue jogging for the desired duration or distance. Remember to breathe deeply and maintain good posture throughout the exercise.","[""Start by standing upright with your feet hip-width apart."", ""Engage your core and keep your upper body relaxed."", ""Begin jogging in place, lifting your knees up towards your chest and landing softly on the balls of your feet."", ""Maintain a steady pace and continue jogging for the desired duration or distance."", ""Remember to breathe deeply and maintain good posture throughout the exercise.""]",RESOLVED_INTEGRATED_SOURCE,REVIEW_REQUIRED,CONTENT_PRESENT_REVIEWED_ARTIFACT,APPROVED_FROM_POLICY,DOMAIN_APPROVED,True,"[""SOURCE_LICENSE_REVIEW_REQUIRED""]",RETAINED_CANONICAL,기존 canonical stable code를 재정렬하지 않고 유지한다.,EXISTING_CANONICAL,ACTIVE_CANONICAL_RETAINED,exercise-catalog-v2.0.2-final,APPROVED,False,False,[],,,,,,
REX-000063,hip_adduction_isolation_stability_ball,앉아서 짐볼 조이기,앉아서 짐볼 조이기,,STRENGTH,ISOLATION,QUADRICEPS,"[""KNEE""]","[""HIP""]","[""STABILITY_BALL""]","[""HOME""]",,BEGINNER,REPS,"[""MAIN""]",4,,90,15,앉아서 짐볼 조이기 운동은 다른 부위의 움직임을 줄이고 허벅지 앞쪽을 집중해 사용하는 운동입니다.,"[""시작 자세와 기구를 안정적으로 준비한다."",""안내된 부위를 중심으로 천천히 움직인다."",""끝 범위에서 힘을 잠시 유지한다."",""반동 없이 시작 자세로 돌아온다.""]",representative-content-v0.1.0,kspo,66e29f752b845bd1bcfa4cb737be1ede40daa81d869ea4b531c882b02ffb3c28,kspo:66e29f752b845bd1bcfa4cb737be1ede40daa81d869ea4b531c882b02ffb3c28,,,,kspo,66e29f752b845bd1bcfa4cb737be1ede40daa81d869ea4b531c882b02ffb3c28,의자에 앉아 다리로 짐볼 쥐기,,의자에 앉아 다리로 짐볼 쥐기,https://www.data.go.kr/data/15108846/openapi.do,서울올림픽기념국민체육진흥공단,KOGL_TYPE_1,서울올림픽기념국민체육진흥공단 — https://www.data.go.kr/data/15108846/openapi.do,KOGL_TYPE_1,공공누리 제1유형,1,https://www.kogl.or.kr/info/license.do,서울올림픽기념국민체육진흥공단 — https://www.data.go.kr/data/15108846/openapi.do,REVIEW_REQUIRED,REVIEW_REQUIRED,file:0AUDLJ08S_00291.mp4;frames:10,66e29f752b845bd1bcfa4cb737be1ede40daa81d869ea4b531c882b02ffb3c28,,,RESOLVED_INTEGRATED_SOURCE,REVIEW_REQUIRED,CONTENT_PRESENT_REVIEWED_ARTIFACT,APPROVED_FROM_POLICY,DOMAIN_APPROVED,True,"[""SOURCE_LICENSE_REVIEW_REQUIRED""]",RETAINED_CANONICAL,기존 canonical stable code를 재정렬하지 않고 유지한다.,EXISTING_CANONICAL,ACTIVE_CANONICAL_RETAINED,exercise-catalog-v2.0.2-final,APPROVED,False,False,[],,,,,,
REX-000064,hip_flexion_isolation_bodyweight_rex_000064,앉아서 고관절 굴곡,앉아서 고관절 굴곡,,STRENGTH,ISOLATION,QUADRICEPS,"[""KNEE""]","[""HIP""]","[""BODYWEIGHT""]","[""HOME""]",안정적인 지지물(벤치 또는 의자 등)을 준비한다.,BEGINNER,REPS,"[""MAIN""]",4,,90,15,앉아서 고관절 굴곡 운동은 다른 부위의 움직임을 줄이고 허벅지 앞쪽을 집중해 사용하는 운동입니다.,"[""시작 자세와 기구를 안정적으로 준비한다."",""안내된 부위를 중심으로 천천히 움직인다."",""끝 범위에서 힘을 잠시 유지한다."",""반동 없이 시작 자세로 돌아온다.""]",representative-content-v0.1.0,kspo,dfd7eaa07d42e118610eb6756d8dcdc351f5b1f3c9a1262fa94aa18d92a87e09,kspo:dfd7eaa07d42e118610eb6756d8dcdc351f5b1f3c9a1262fa94aa18d92a87e09,,,,kspo,dfd7eaa07d42e118610eb6756d8dcdc351f5b1f3c9a1262fa94aa18d92a87e09,앉아서 엉덩관절 굽히기,,앉아서 엉덩관절 굽히기,https://www.data.go.kr/data/15108846/openapi.do,서울올림픽기념국민체육진흥공단,KOGL_TYPE_1,서울올림픽기념국민체육진흥공단 — https://www.data.go.kr/data/15108846/openapi.do,KOGL_TYPE_1,공공누리 제1유형,1,https://www.kogl.or.kr/info/license.do,서울올림픽기념국민체육진흥공단 — https://www.data.go.kr/data/15108846/openapi.do,REVIEW_REQUIRED,REVIEW_REQUIRED,file:0AUDLJ08S_00267.mp4;frames:4,dfd7eaa07d42e118610eb6756d8dcdc351f5b1f3c9a1262fa94aa18d92a87e09,,,RESOLVED_INTEGRATED_SOURCE,REVIEW_REQUIRED,CONTENT_PRESENT_REVIEWED_ARTIFACT,APPROVED_FROM_POLICY,DOMAIN_APPROVED,True,"[""SOURCE_LICENSE_REVIEW_REQUIRED""]",RETAINED_CANONICAL,기존 canonical stable code를 재정렬하지 않고 유지한다.,EXISTING_CANONICAL,ACTIVE_CANONICAL_RETAINED,exercise-catalog-v2.0.2-final,APPROVED,False,False,[],,,,,,
REX-000065,cardio_gait_bodyweight_rex_000065,짧은 보폭 달리기,짧은 보폭 달리기,short stride run,CARDIO,GAIT,CARDIO,"[""ANKLE_FOOT"",""KNEE""]","[""HIP""]","[""BODYWEIGHT""]","[""GYM""]",,BEGINNER,DURATION,"[""MAIN""]",,60,60,15,짧은 보폭 달리기 운동은 일정한 리듬으로 몸을 움직이는 유산소 운동입니다.,"[""주변 공간과 발을 디딜 곳을 확인한다."",""천천히 시작해 편안한 리듬을 찾는다."",""시선을 앞에 두고 발을 안정적으로 디딘다."",""속도와 움직임을 낮추며 마무리한다.""]",representative-content-v0.1.0,gymvisual,3656,gymvisual:3656,,,,gymvisual,3656,short stride run,short stride run,,https://github.com/hasaneyldrm/exercises-dataset,Aliaksandr Makatserchyk / Gym visual,MIT,© Gym visual — https://gymvisual.com/,MIT,MIT License,REVIEW_REQUIRED,https://opensource.org/license/mit/,© Aliaksandr Makatserchyk - Gym visual - https://gymvisual.com/,2026-08-20T00:00:00+09:00,PARTIALLY_REVIEWED,image:images/3656-CcWEoWV.jpg;gif:videos/3656-CcWEoWV.gif,CcWEoWV,"Find an open space or a treadmill to perform the exercise. Stand tall with your feet hip-width apart. Start jogging in place, lifting your knees high and pumping your arms. After a few seconds, start taking short strides forward, maintaining a quick pace. Continue running with short strides for the desired duration or distance.","[""Find an open space or a treadmill to perform the exercise."", ""Stand tall with your feet hip-width apart."", ""Start jogging in place, lifting your knees high and pumping your arms."", ""After a few seconds, start taking short strides forward, maintaining a quick pace."", ""Continue running with short strides for the desired duration or distance.""]",RESOLVED_INTEGRATED_SOURCE,REVIEW_REQUIRED,CONTENT_PRESENT_REVIEWED_ARTIFACT,APPROVED_FROM_POLICY,DOMAIN_APPROVED,True,"[""SOURCE_LICENSE_REVIEW_REQUIRED""]",RETAINED_CANONICAL,기존 canonical stable code를 재정렬하지 않고 유지한다.,EXISTING_CANONICAL,ACTIVE_CANONICAL_RETAINED,exercise-catalog-v2.0.2-final,APPROVED,False,False,[],,,,,,
REX-000066,mobility_balance_bodyweight,한발 서기 균형,한발 서기 균형,,MOBILITY,BALANCE,MOBILITY,"[""HIP""]","[""ANKLE_FOOT"",""KNEE""]","[""BODYWEIGHT""]","[""HOME"",""GYM""]",,BEGINNER,DURATION,"[""WARMUP"",""COOLDOWN""]",,30,30,15,한발 서기 균형 운동은 한 발로 서서 몸의 균형을 확인하는 운동입니다.,"[""주변을 정리하고 필요하면 벽이나 의자 가까이에 선다."",""한 발을 바닥에 두고 다른 발을 천천히 들어 올린다."",""시선을 앞에 두고 몸이 흔들리지 않는 범위에서 유지한다."",""발을 천천히 내려 양발로 돌아온 뒤 반대쪽도 수행한다.""]",representative-content-v0.1.0,kspo,19af0f76cad5e01830e662585e3cea621cf8563f1955f83114bef440606379c4,kspo:19af0f76cad5e01830e662585e3cea621cf8563f1955f83114bef440606379c4,,,,kspo,19af0f76cad5e01830e662585e3cea621cf8563f1955f83114bef440606379c4,한발 서서 균형잡기,,한발 서서 균형잡기,https://www.data.go.kr/data/15108846/openapi.do,서울올림픽기념국민체육진흥공단,KOGL_TYPE_1,서울올림픽기념국민체육진흥공단 — https://www.data.go.kr/data/15108846/openapi.do,KOGL_TYPE_1,공공누리 제1유형,1,https://www.kogl.or.kr/info/license.do,서울올림픽기념국민체육진흥공단 — https://www.data.go.kr/data/15108846/openapi.do,REVIEW_REQUIRED,REVIEW_REQUIRED,file:0AUDLJ08S_00270.mp4;frames:9,19af0f76cad5e01830e662585e3cea621cf8563f1955f83114bef440606379c4,,,RESOLVED_INTEGRATED_SOURCE,REVIEW_REQUIRED,CONTENT_PRESENT_REVIEWED_ARTIFACT,APPROVED_FROM_POLICY,DOMAIN_APPROVED,True,"[""SOURCE_LICENSE_REVIEW_REQUIRED""]",RETAINED_CANONICAL,기존 canonical stable code를 재정렬하지 않고 유지한다.,EXISTING_CANONICAL,ACTIVE_CANONICAL_RETAINED,exercise-catalog-v2.0.2-final,APPROVED,False,True,[],,,,,,
REX-000067,cardio_cycling_stationary_bike,실내 자전거,실내 자전거,stationary bike run v. 3,CARDIO,CYCLING,CARDIO,"[""KNEE"",""HIP""]","[""ANKLE_FOOT""]","[""STATIONARY_BIKE""]","[""GYM""]",,BEGINNER,DURATION,"[""MAIN""]",,60,60,15,실내 자전거 운동은 고정된 자전거 페달을 일정한 리듬으로 밟는 유산소 운동입니다.,"[""안장과 손잡이 위치를 편하게 맞춘다."",""페달에 발을 안정적으로 올리고 천천히 시작한다."",""상체를 편안히 유지하며 일정한 리듬으로 페달을 밟는다."",""저항과 속도를 낮추며 천천히 마무리한다.""]",representative-content-v0.1.0,gymvisual,2138,gymvisual:2138,,,,gymvisual,2138,stationary bike run v. 3,stationary bike run v. 3,,https://github.com/hasaneyldrm/exercises-dataset,Aliaksandr Makatserchyk / Gym visual,MIT,© Gym visual — https://gymvisual.com/,MIT,MIT License,REVIEW_REQUIRED,https://opensource.org/license/mit/,© Aliaksandr Makatserchyk - Gym visual - https://gymvisual.com/,2026-08-20T00:00:00+09:00,PARTIALLY_REVIEWED,image:images/2138-H1PESYI.jpg;gif:videos/2138-H1PESYI.gif,H1PESYI,Adjust the seat height and position to ensure proper alignment. Place your feet on the pedals and secure them with the straps if available. Start pedaling at a comfortable pace. Maintain a steady rhythm and increase the resistance as desired. Engage your core muscles to maintain stability and proper posture. Continue pedaling for the desired duration of your workout. Gradually decrease the resistance and slow down before coming to a complete stop. Stretch your legs and cool down after the workout.,"[""Adjust the seat height and position to ensure proper alignment."", ""Place your feet on the pedals and secure them with the straps if available."", ""Start pedaling at a comfortable pace."", ""Maintain a steady rhythm and increase the resistance as desired."", ""Engage your core muscles to maintain stability and proper posture."", ""Continue pedaling for the desired duration of your workout."", ""Gradually decrease the resistance and slow down before coming to a complete stop."", ""Stretch your legs and cool down after the workout.""]",RESOLVED_INTEGRATED_SOURCE,REVIEW_REQUIRED,CONTENT_PRESENT_REVIEWED_ARTIFACT,APPROVED_FROM_POLICY,DOMAIN_APPROVED,True,"[""SOURCE_LICENSE_REVIEW_REQUIRED""]",RETAINED_CANONICAL,기존 canonical stable code를 재정렬하지 않고 유지한다.,EXISTING_CANONICAL,ACTIVE_CANONICAL_RETAINED,exercise-catalog-v2.0.2-final,APPROVED,False,False,[],,,,,,
REX-000068,cardio_gait_step_box,스텝박스 오르내리기,스텝박스 오르내리기,,CARDIO,GAIT,CARDIO,"[""ANKLE_FOOT"",""KNEE""]","[""HIP""]","[""STEP_BOX""]","[""HOME""]",,BEGINNER,DURATION,"[""MAIN""]",,60,60,15,스텝박스 오르내리기 운동은 일정한 리듬으로 몸을 움직이는 유산소 운동입니다.,"[""주변 공간과 발을 디딜 곳을 확인한다."",""천천히 시작해 편안한 리듬을 찾는다."",""시선을 앞에 두고 발을 안정적으로 디딘다."",""속도와 움직임을 낮추며 마무리한다.""]",representative-content-v0.1.0,kspo,00c41c823f6141adb2f3b7da95c1213fea98dac6cb3bfaf453f1a4989133d2d2,kspo:00c41c823f6141adb2f3b7da95c1213fea98dac6cb3bfaf453f1a4989133d2d2,,,,kspo,00c41c823f6141adb2f3b7da95c1213fea98dac6cb3bfaf453f1a4989133d2d2,스텝박스 오르내리기,,스텝박스 오르내리기,https://www.data.go.kr/data/15108846/openapi.do,서울올림픽기념국민체육진흥공단,KOGL_TYPE_1,서울올림픽기념국민체육진흥공단 — https://www.data.go.kr/data/15108846/openapi.do,KOGL_TYPE_1,공공누리 제1유형,1,https://www.kogl.or.kr/info/license.do,서울올림픽기념국민체육진흥공단 — https://www.data.go.kr/data/15108846/openapi.do,REVIEW_REQUIRED,REVIEW_REQUIRED,file:0AUDLJ08S_00188.mp4;frames:8,00c41c823f6141adb2f3b7da95c1213fea98dac6cb3bfaf453f1a4989133d2d2,,,RESOLVED_INTEGRATED_SOURCE,REVIEW_REQUIRED,CONTENT_PRESENT_REVIEWED_ARTIFACT,APPROVED_FROM_POLICY,DOMAIN_APPROVED,True,"[""SOURCE_LICENSE_REVIEW_REQUIRED""]",RETAINED_CANONICAL,기존 canonical stable code를 재정렬하지 않고 유지한다.,EXISTING_CANONICAL,ACTIVE_CANONICAL_RETAINED,exercise-catalog-v2.0.2-final,APPROVED,False,False,[],,,,,,
REX-000069,leg_press_knee_dominant_resistance_band,누워서 밴드 레그 프레스,누워서 밴드 레그 프레스,,STRENGTH,KNEE_DOMINANT,QUADRICEPS,"[""KNEE""]","[""HIP""]","[""RESISTANCE_BAND""]","[""HOME""]",,BEGINNER,REPS,"[""MAIN""]",4,,90,15,누워서 밴드 레그 프레스 운동은 다리를 굽혔다 펴며 허벅지 앞쪽을 사용하는 운동입니다.,"[""발을 편하게 벌리고 양발에 무게를 나눈다."",""엉덩이를 뒤로 보내며 무릎을 천천히 굽힌다."",""발바닥을 바닥에 두고 편한 범위까지만 내려간다."",""발로 바닥을 밀며 천천히 시작 자세로 돌아온다.""]",representative-content-v0.1.0,kspo,72cc612abf8747105b33f64e0661b713012fb3f2ae378cd5c5142215eedc899b,kspo:72cc612abf8747105b33f64e0661b713012fb3f2ae378cd5c5142215eedc899b,,,,kspo,72cc612abf8747105b33f64e0661b713012fb3f2ae378cd5c5142215eedc899b,밴드 잡고 누워서 다리 밀기,,밴드 잡고 누워서 다리 밀기,https://www.data.go.kr/data/15108846/openapi.do,서울올림픽기념국민체육진흥공단,KOGL_TYPE_1,서울올림픽기념국민체육진흥공단 — https://www.data.go.kr/data/15108846/openapi.do,KOGL_TYPE_1,공공누리 제1유형,1,https://www.kogl.or.kr/info/license.do,서울올림픽기념국민체육진흥공단 — https://www.data.go.kr/data/15108846/openapi.do,REVIEW_REQUIRED,REVIEW_REQUIRED,file:0AUDLJ08S_00283.mp4;frames:4,72cc612abf8747105b33f64e0661b713012fb3f2ae378cd5c5142215eedc899b,,,RESOLVED_INTEGRATED_SOURCE,REVIEW_REQUIRED,CONTENT_PRESENT_REVIEWED_ARTIFACT,APPROVED_FROM_POLICY,DOMAIN_APPROVED,True,"[""SOURCE_LICENSE_REVIEW_REQUIRED""]",RETAINED_CANONICAL,기존 canonical stable code를 재정렬하지 않고 유지한다.,EXISTING_CANONICAL,ACTIVE_CANONICAL_RETAINED,exercise-catalog-v2.0.2-final,APPROVED,False,False,[],,,,,,
REX-000070,cardio_gait_machine,경사 트레드밀 걷기,경사 트레드밀 걷기,walking on incline treadmill,CARDIO,GAIT,CARDIO,"[""ANKLE_FOOT"",""KNEE""]","[""HIP""]","[""MACHINE""]","[""GYM""]",,BEGINNER,DURATION,"[""MAIN""]",,60,60,15,경사 트레드밀 걷기 운동은 일정한 리듬으로 몸을 움직이는 유산소 운동입니다.,"[""주변 공간과 발을 디딜 곳을 확인한다."",""천천히 시작해 편안한 리듬을 찾는다."",""시선을 앞에 두고 발을 안정적으로 디딘다."",""속도와 움직임을 낮추며 마무리한다.""]",representative-content-v0.1.0,gymvisual,3666,gymvisual:3666,,,,gymvisual,3666,walking on incline treadmill,walking on incline treadmill,,https://github.com/hasaneyldrm/exercises-dataset,Aliaksandr Makatserchyk / Gym visual,MIT,© Gym visual — https://gymvisual.com/,MIT,MIT License,REVIEW_REQUIRED,https://opensource.org/license/mit/,© Aliaksandr Makatserchyk - Gym visual - https://gymvisual.com/,2026-08-20T00:00:00+09:00,PARTIALLY_REVIEWED,image:images/3666-rjiM4L3.jpg;gif:videos/3666-rjiM4L3.gif,rjiM4L3,"Adjust the incline level on the treadmill to your desired intensity. Stand on the treadmill with your feet shoulder-width apart. Start walking at a comfortable pace, ensuring that you maintain proper form. Engage your core muscles and keep your back straight throughout the exercise. Continue walking on the incline treadmill for the desired duration of your cardio workout. Gradually decrease the incline and speed of the treadmill to cool down before stopping.","[""Adjust the incline level on the treadmill to your desired intensity."", ""Stand on the treadmill with your feet shoulder-width apart."", ""Start walking at a comfortable pace, ensuring that you maintain proper form."", ""Engage your core muscles and keep your back straight throughout the exercise."", ""Continue walking on the incline treadmill for the desired duration of your cardio workout."", ""Gradually decrease the incline and speed of the treadmill to cool down before stopping.""]",RESOLVED_INTEGRATED_SOURCE,REVIEW_REQUIRED,CONTENT_PRESENT_REVIEWED_ARTIFACT,APPROVED_FROM_POLICY,DOMAIN_APPROVED,True,"[""SOURCE_LICENSE_REVIEW_REQUIRED""]",RETAINED_CANONICAL,기존 canonical stable code를 재정렬하지 않고 유지한다.,EXISTING_CANONICAL,ACTIVE_CANONICAL_RETAINED,exercise-catalog-v2.0.2-final,APPROVED,False,False,[],,,,,,
REX-000071,cardio_gait_machine_rex_000071,스텝밀,스텝밀,walking on stepmill,CARDIO,GAIT,CARDIO,"[""ANKLE_FOOT"",""KNEE""]","[""HIP""]","[""MACHINE""]","[""GYM""]",,INTERMEDIATE,DURATION,"[""MAIN""]",,60,60,15,스텝밀 운동은 일정한 리듬으로 몸을 움직이는 유산소 운동입니다.,"[""주변 공간과 발을 디딜 곳을 확인한다."",""천천히 시작해 편안한 리듬을 찾는다."",""시선을 앞에 두고 발을 안정적으로 디딘다."",""속도와 움직임을 낮추며 마무리한다.""]",representative-content-v0.1.0,gymvisual,2311,gymvisual:2311,,,,gymvisual,2311,walking on stepmill,walking on stepmill,,https://github.com/hasaneyldrm/exercises-dataset,Aliaksandr Makatserchyk / Gym visual,MIT,© Gym visual — https://gymvisual.com/,MIT,MIT License,REVIEW_REQUIRED,https://opensource.org/license/mit/,© Aliaksandr Makatserchyk - Gym visual - https://gymvisual.com/,2026-08-20T00:00:00+09:00,PARTIALLY_REVIEWED,image:images/2311-j9Q5crt.jpg;gif:videos/2311-j9Q5crt.gif,j9Q5crt,"Adjust the stepmill machine to a comfortable level. Step onto the machine and place your hands on the handrails for support. Start walking by placing one foot on a step and then the other, alternating between legs. Maintain an upright posture and engage your core muscles. Continue walking for the desired duration or distance. Gradually increase the intensity or speed as you become more comfortable with the exercise. Remember to cool down and stretch after completing the exercise.","[""Adjust the stepmill machine to a comfortable level."", ""Step onto the machine and place your hands on the handrails for support."", ""Start walking by placing one foot on a step and then the other, alternating between legs."", ""Maintain an upright posture and engage your core muscles."", ""Continue walking for the desired duration or distance."", ""Gradually increase the intensity or speed as you become more comfortable with the exercise."", ""Remember to cool down and stretch after completing the exercise.""]",RESOLVED_INTEGRATED_SOURCE,REVIEW_REQUIRED,CONTENT_PRESENT_REVIEWED_ARTIFACT,APPROVED_FROM_POLICY,DOMAIN_APPROVED,True,"[""SOURCE_LICENSE_REVIEW_REQUIRED""]",RETAINED_CANONICAL,기존 canonical stable code를 재정렬하지 않고 유지한다.,EXISTING_CANONICAL,ACTIVE_CANONICAL_RETAINED,exercise-catalog-v2.0.2-final,APPROVED,False,False,[],,,,,,
REX-000072,cardio_elliptical_elliptical_machine,일립티컬,일립티컬,walk elliptical cross trainer,CARDIO,ELLIPTICAL,CARDIO,"[""KNEE"",""HIP""]","[""ANKLE_FOOT""]","[""ELLIPTICAL_MACHINE""]","[""GYM""]",,BEGINNER,DURATION,"[""MAIN""]",,60,60,15,일립티컬 운동은 발판과 손잡이를 함께 사용해 일정한 리듬으로 움직이는 유산소 운동입니다.,"[""발판과 손잡이를 확인하고 양발을 안정적으로 올린다."",""천천히 페달을 움직이며 편한 리듬을 찾는다."",""시선을 앞에 두고 손잡이는 가볍게 잡는다."",""속도와 저항을 낮추며 발판에서 안전하게 내린다.""]",representative-content-v0.1.0,gymvisual,2141,gymvisual:2141,,,,gymvisual,2141,walk elliptical cross trainer,walk elliptical cross trainer,,https://github.com/hasaneyldrm/exercises-dataset,Aliaksandr Makatserchyk / Gym visual,MIT,© Gym visual — https://gymvisual.com/,MIT,MIT License,REVIEW_REQUIRED,https://opensource.org/license/mit/,© Aliaksandr Makatserchyk - Gym visual - https://gymvisual.com/,2026-08-20T00:00:00+09:00,PARTIALLY_REVIEWED,image:images/2141-rjtuP6X.jpg;gif:videos/2141-rjtuP6X.gif,rjtuP6X,"Adjust the resistance level and incline of the elliptical machine to your desired settings. Step onto the pedals of the machine and grip the handles lightly. Begin by pushing down with your feet and pulling the handles towards your body. Continue this motion, alternating between pushing and pulling, to simulate a walking or running motion. Maintain a steady pace and keep your core engaged throughout the exercise. Continue for the desired duration of your cardio workout. Gradually decrease the intensity and speed of the machine before stepping off.","[""Adjust the resistance level and incline of the elliptical machine to your desired settings."", ""Step onto the pedals of the machine and grip the handles lightly."", ""Begin by pushing down with your feet and pulling the handles towards your body."", ""Continue this motion, alternating between pushing and pulling, to simulate a walking or running motion."", ""Maintain a steady pace and keep your core engaged throughout the exercise."", ""Continue for the desired duration of your cardio workout."", ""Gradually decrease the intensity and speed of the machine before stepping off.""]",RESOLVED_INTEGRATED_SOURCE,REVIEW_REQUIRED,CONTENT_PRESENT_REVIEWED_ARTIFACT,APPROVED_FROM_POLICY,DOMAIN_APPROVED,True,"[""SOURCE_LICENSE_REVIEW_REQUIRED""]",RETAINED_CANONICAL,기존 canonical stable code를 재정렬하지 않고 유지한다.,EXISTING_CANONICAL,ACTIVE_CANONICAL_RETAINED,exercise-catalog-v2.0.2-final,APPROVED,False,False,[],,,,,,
REX-000073,roller_back_stretch_mobility_stretch_foam_roller,롤러 등 스트레칭,롤러 등 스트레칭,roller back stretch,MOBILITY,MOBILITY_STRETCH,MOBILITY,"[""UPPER_BACK""]","[""LOWER_BACK""]","[""FOAM_ROLLER""]","[""HOME"",""GYM""]",,INTERMEDIATE,DURATION,"[""WARMUP"",""COOLDOWN""]",,30,30,15,롤러 등 스트레칭 운동은 상부 등 주변을 천천히 움직이며 범위를 확인하는 스트레칭입니다.,"[""편안한 시작 자세를 잡고 주변 공간을 확인한다."",""숨을 고르게 쉬며 안내된 방향으로 천천히 움직인다."",""당김이 느껴지는 범위에서 잠시 멈춘다."",""반동 없이 시작 자세로 천천히 돌아온다.""]",representative-content-v0.1.0,gymvisual,2208,gymvisual:2208,,,,gymvisual,2208,roller back stretch,roller back stretch,,https://github.com/hasaneyldrm/exercises-dataset,Aliaksandr Makatserchyk / Gym visual,MIT,© Gym visual — https://gymvisual.com/,MIT,MIT License,REVIEW_REQUIRED,https://opensource.org/license/mit/,© Aliaksandr Makatserchyk - Gym visual - https://gymvisual.com/,2026-08-20T00:00:00+09:00,PARTIALLY_REVIEWED,image:images/2208-isofgzg.jpg;gif:videos/2208-isofgzg.gif,isofgzg,"Start by sitting on the ground with your legs extended in front of you. Place the roller perpendicular to your body, just below your glutes. Slowly roll your body backwards, allowing the roller to move up your back. Continue rolling until the roller reaches your upper back. Pause for a moment, then slowly roll back to the starting position. Repeat for the desired number of repetitions.","[""Start by sitting on the ground with your legs extended in front of you."", ""Place the roller perpendicular to your body, just below your glutes."", ""Slowly roll your body backwards, allowing the roller to move up your back."", ""Continue rolling until the roller reaches your upper back."", ""Pause for a moment, then slowly roll back to the starting position."", ""Repeat for the desired number of repetitions.""]",RESOLVED_INTEGRATED_SOURCE,REVIEW_REQUIRED,CONTENT_PRESENT_REVIEWED_ARTIFACT,APPROVED_FROM_POLICY,DOMAIN_APPROVED,True,"[""SOURCE_LICENSE_REVIEW_REQUIRED""]",RETAINED_CANONICAL,기존 canonical stable code를 재정렬하지 않고 유지한다.,EXISTING_CANONICAL,ACTIVE_CANONICAL_RETAINED,exercise-catalog-v2.0.2-final,APPROVED,False,True,[],,,,,,
REX-000074,roller_hip_stretch_mobility_stretch_foam_roller,롤러 둔근 스트레칭,롤러 둔근 스트레칭,roller hip stretch,MOBILITY,MOBILITY_STRETCH,MOBILITY,"[""HIP""]","[""LOWER_BACK""]","[""FOAM_ROLLER""]","[""HOME"",""GYM""]",,INTERMEDIATE,DURATION,"[""WARMUP"",""COOLDOWN""]",,30,30,15,롤러 둔근 스트레칭 운동은 고관절 주변을 천천히 움직이며 범위를 확인하는 스트레칭입니다.,"[""편안한 시작 자세를 잡고 주변 공간을 확인한다."",""숨을 고르게 쉬며 안내된 방향으로 천천히 움직인다."",""당김이 느껴지는 범위에서 잠시 멈춘다."",""반동 없이 시작 자세로 천천히 돌아온다.""]",representative-content-v0.1.0,gymvisual,2202,gymvisual:2202,,,,gymvisual,2202,roller hip stretch,roller hip stretch,,https://github.com/hasaneyldrm/exercises-dataset,Aliaksandr Makatserchyk / Gym visual,MIT,© Gym visual — https://gymvisual.com/,MIT,MIT License,REVIEW_REQUIRED,https://opensource.org/license/mit/,© Aliaksandr Makatserchyk - Gym visual - https://gymvisual.com/,2026-08-20T00:00:00+09:00,PARTIALLY_REVIEWED,image:images/2202-oMypNrz.jpg;gif:videos/2202-oMypNrz.gif,oMypNrz,"Start by sitting on the ground with your legs extended in front of you. Place the roller under your glutes, just above your knees. Lean back and place your hands on the ground behind you for support. Engage your glutes and slowly roll the roller forward, bending your knees and bringing them towards your chest. Pause for a moment at the end of the movement, feeling a stretch in your glutes. Slowly roll the roller back to the starting position, extending your legs. Repeat for the desired number of repetitions.","[""Start by sitting on the ground with your legs extended in front of you."", ""Place the roller under your glutes, just above your knees."", ""Lean back and place your hands on the ground behind you for support."", ""Engage your glutes and slowly roll the roller forward, bending your knees and bringing them towards your chest."", ""Pause for a moment at the end of the movement, feeling a stretch in your glutes."", ""Slowly roll the roller back to the starting position, extending your legs."", ""Repeat for the desired number of repetitions.""]",RESOLVED_INTEGRATED_SOURCE,REVIEW_REQUIRED,CONTENT_PRESENT_REVIEWED_ARTIFACT,APPROVED_FROM_POLICY,DOMAIN_APPROVED,True,"[""SOURCE_LICENSE_REVIEW_REQUIRED""]",RETAINED_CANONICAL,기존 canonical stable code를 재정렬하지 않고 유지한다.,EXISTING_CANONICAL,ACTIVE_CANONICAL_RETAINED,exercise-catalog-v2.0.2-final,APPROVED,False,True,[],,,,,,
REX-000075,rotation_variant_core_brace_cable_machine,회전형 크런치,회전형 크런치,Cable Woodchoppers,STRENGTH,CORE_BRACE,CORE,"[""ABDOMEN""]","[""LOWER_BACK"",""SHOULDER""]","[""CABLE_MACHINE""]","[""GYM""]",,INTERMEDIATE,DURATION,"[""MAIN""]",,30,90,15,회전형 크런치 운동은 몸통을 유지하며 몸통 주변에 힘을 쓰는 운동입니다.,"[""안내된 시작 자세를 안정적으로 잡는다."",""배 주변에 가볍게 힘을 주고 숨을 쉰다."",""몸통이 흔들리지 않는 범위에서 팔이나 다리를 움직인다."",""천천히 시작 자세로 돌아온다.""]",representative-content-v0.1.0,wger,145,wger:145,,,,wger,145,Cable Woodchoppers,Cable Woodchoppers,,https://wger.de/,wger project and community contributors,CC-BY-SA 3,robhoyt,CC-BY-SA 3,Creative Commons Attribution-ShareAlike 3.0,3.0,https://creativecommons.org/licenses/by-sa/3.0/,wger project and community contributors — https://wger.de/,REVIEW_REQUIRED,REVIEW_REQUIRED,image:0;video:0,145,,,RESOLVED_INTEGRATED_SOURCE,REVIEW_REQUIRED,CONTENT_PRESENT_REVIEWED_ARTIFACT,APPROVED_FROM_POLICY,DOMAIN_APPROVED,True,"[""SOURCE_LICENSE_REVIEW_REQUIRED""]",RETAINED_CANONICAL,기존 canonical stable code를 재정렬하지 않고 유지한다.,EXISTING_CANONICAL,ACTIVE_CANONICAL_RETAINED,exercise-catalog-v2.0.2-final,APPROVED,False,False,[],,,,,,
REX-000076,row_variant_horizontal_pull_cable_machine,로우,로우,Seated Cable Row,STRENGTH,HORIZONTAL_PULL,BACK,"[""UPPER_BACK""]","[""ELBOW"",""SHOULDER""]","[""CABLE_MACHINE""]","[""GYM""]",,INTERMEDIATE,REPS,"[""MAIN""]",4,,90,15,로우 운동은 팔꿈치를 뒤로 보내며 등을 사용하는 운동입니다.,"[""가슴을 편안히 열고 손잡이나 기구를 잡는다."",""어깨를 끌어올리지 않고 팔꿈치를 뒤로 보낸다."",""손잡이를 몸 가까이 가져온 뒤 잠시 멈춘다."",""팔을 천천히 펴며 처음 위치로 돌아온다.""]",representative-content-v0.1.0,wger,1117,wger:1117,,,,wger,1117,Seated Cable Row,Seated Cable Row,,https://wger.de/,wger project and community contributors,CC-BY-SA 4,Franpol,CC-BY-SA 4,Creative Commons Attribution-ShareAlike 4.0 International,4.0,https://creativecommons.org/licenses/by-sa/4.0/,wger project and community contributors — https://wger.de/,REVIEW_REQUIRED,REVIEW_REQUIRED,image:2;video:0,1117,,,RESOLVED_INTEGRATED_SOURCE,REVIEW_REQUIRED,CONTENT_PRESENT_REVIEWED_ARTIFACT,APPROVED_FROM_POLICY,DOMAIN_APPROVED,True,"[""SOURCE_LICENSE_REVIEW_REQUIRED""]",RETAINED_CANONICAL,기존 canonical stable code를 재정렬하지 않고 유지한다.,EXISTING_CANONICAL,ACTIVE_CANONICAL_RETAINED,exercise-catalog-v2.0.2-final,APPROVED,False,False,[],,,,,,
REX-000077,runners_stretch_mobility_stretch_bodyweight,러너스 스트레칭,러너스 스트레칭,runners stretch,MOBILITY,MOBILITY_STRETCH,MOBILITY,"[""ANKLE_FOOT"",""KNEE""]","[""HIP""]","[""BODYWEIGHT""]","[""HOME"",""GYM""]",,BEGINNER,DURATION,"[""WARMUP"",""COOLDOWN""]",,30,30,15,러너스 스트레칭 운동은 발목과 발·무릎 주변을 천천히 움직이며 범위를 확인하는 스트레칭입니다.,"[""편안한 시작 자세를 잡고 주변 공간을 확인한다."",""숨을 고르게 쉬며 안내된 방향으로 천천히 움직인다."",""당김이 느껴지는 범위에서 잠시 멈춘다."",""반동 없이 시작 자세로 천천히 돌아온다.""]",representative-content-v0.1.0,gymvisual,1585,gymvisual:1585,,,,gymvisual,1585,runners stretch,runners stretch,,https://github.com/hasaneyldrm/exercises-dataset,Aliaksandr Makatserchyk / Gym visual,MIT,© Gym visual — https://gymvisual.com/,MIT,MIT License,REVIEW_REQUIRED,https://opensource.org/license/mit/,© Aliaksandr Makatserchyk - Gym visual - https://gymvisual.com/,2026-08-20T00:00:00+09:00,PARTIALLY_REVIEWED,image:images/1585-0mB6wHO.jpg;gif:videos/1585-0mB6wHO.gif,0mB6wHO,"Stand with your feet hip-width apart. Take a step forward with your right foot, keeping your left foot planted. Bend your right knee and lower your body down, keeping your left leg straight. Place your hands on your right thigh for support. Hold the stretch for 20-30 seconds, then switch sides and repeat.","[""Stand with your feet hip-width apart."", ""Take a step forward with your right foot, keeping your left foot planted."", ""Bend your right knee and lower your body down, keeping your left leg straight."", ""Place your hands on your right thigh for support."", ""Hold the stretch for 20-30 seconds, then switch sides and repeat.""]",RESOLVED_INTEGRATED_SOURCE,REVIEW_REQUIRED,CONTENT_PRESENT_REVIEWED_ARTIFACT,APPROVED_FROM_POLICY,DOMAIN_APPROVED,True,"[""SOURCE_LICENSE_REVIEW_REQUIRED""]",RETAINED_CANONICAL,기존 canonical stable code를 재정렬하지 않고 유지한다.,EXISTING_CANONICAL,ACTIVE_CANONICAL_RETAINED,exercise-catalog-v2.0.2-final,APPROVED,False,True,[],,,,,,
REX-000078,scapular_pull_up_vertical_pull_bodyweight_pull_up_bar,스캐풀라 풀업,스캐풀라 풀업,scapular pull-up,STRENGTH,VERTICAL_PULL,BACK,"[""UPPER_BACK""]","[""SHOULDER"",""ELBOW""]","[""BODYWEIGHT"",""PULL_UP_BAR""]","[""HOME"",""GYM""]",,INTERMEDIATE,REPS,"[""MAIN""]",4,,90,15,스캐풀라 풀업 운동은 팔꿈치를 아래로 당기며 등을 사용하는 운동입니다.,"[""손잡이를 안정적으로 잡고 몸을 준비한다."",""어깨를 내린 채 팔꿈치를 아래로 당긴다."",""조절할 수 있는 범위까지만 당긴다."",""팔을 천천히 펴며 시작 위치로 돌아온다.""]",representative-content-v0.1.0,gymvisual,0688,gymvisual:0688,,,,gymvisual,0688,scapular pull-up,scapular pull-up,,https://github.com/hasaneyldrm/exercises-dataset,Aliaksandr Makatserchyk / Gym visual,MIT,© Gym visual — https://gymvisual.com/,MIT,MIT License,REVIEW_REQUIRED,https://opensource.org/license/mit/,© Aliaksandr Makatserchyk - Gym visual - https://gymvisual.com/,2026-08-20T00:00:00+09:00,PARTIALLY_REVIEWED,image:images/0688-uTBt1HV.jpg;gif:videos/0688-uTBt1HV.gif,uTBt1HV,"Start by hanging from a pull-up bar with your palms facing away from you and your arms fully extended. Retract your shoulder blades by pulling them down and back. Engage your back muscles and pull your body up towards the bar, focusing on squeezing your shoulder blades together. Pause for a moment at the top of the movement, then slowly lower your body back down to the starting position. Repeat for the desired number of repetitions.","[""Start by hanging from a pull-up bar with your palms facing away from you and your arms fully extended."", ""Retract your shoulder blades by pulling them down and back."", ""Engage your back muscles and pull your body up towards the bar, focusing on squeezing your shoulder blades together."", ""Pause for a moment at the top of the movement, then slowly lower your body back down to the starting position."", ""Repeat for the desired number of repetitions.""]",RESOLVED_INTEGRATED_SOURCE,REVIEW_REQUIRED,CONTENT_PRESENT_REVIEWED_ARTIFACT,APPROVED_FROM_POLICY,DOMAIN_APPROVED,True,"[""SOURCE_LICENSE_REVIEW_REQUIRED""]",RETAINED_CANONICAL,기존 canonical stable code를 재정렬하지 않고 유지한다.,EXISTING_CANONICAL,ACTIVE_CANONICAL_RETAINED,exercise-catalog-v2.0.2-final,APPROVED,False,False,[],,,,,,
REX-000079,seated_cable_row_horizontal_pull_cable_machine,시티드 케이블 로우,시티드 케이블 로우,cable seated row,STRENGTH,HORIZONTAL_PULL,BACK,"[""UPPER_BACK""]","[""SHOULDER"",""ELBOW""]","[""CABLE_MACHINE""]","[""GYM""]",,INTERMEDIATE,REPS,"[""MAIN""]",4,,90,15,시티드 케이블 로우 운동은 팔꿈치를 뒤로 보내며 등을 사용하는 운동입니다.,"[""가슴을 편안히 열고 손잡이나 기구를 잡는다."",""어깨를 끌어올리지 않고 팔꿈치를 뒤로 보낸다."",""손잡이를 몸 가까이 가져온 뒤 잠시 멈춘다."",""팔을 천천히 펴며 처음 위치로 돌아온다.""]",representative-content-v0.1.0,gymvisual,0861,gymvisual:0861,,,,gymvisual,0861,cable seated row,cable seated row,,https://github.com/hasaneyldrm/exercises-dataset,Aliaksandr Makatserchyk / Gym visual,MIT,© Gym visual — https://gymvisual.com/,MIT,MIT License,REVIEW_REQUIRED,https://opensource.org/license/mit/,© Aliaksandr Makatserchyk - Gym visual - https://gymvisual.com/,2026-08-20T00:00:00+09:00,PARTIALLY_REVIEWED,image:images/0861-fUBheHs.jpg;gif:videos/0861-fUBheHs.gif,fUBheHs,"Sit on the cable row machine with your feet flat on the footrests and your knees slightly bent. Grasp the handles with an overhand grip, keeping your back straight and your shoulders relaxed. Pull the handles towards your body, squeezing your shoulder blades together. Pause for a moment at the peak of the movement, then slowly release the handles back to the starting position. Repeat for the desired number of repetitions.","[""Sit on the cable row machine with your feet flat on the footrests and your knees slightly bent."", ""Grasp the handles with an overhand grip, keeping your back straight and your shoulders relaxed."", ""Pull the handles towards your body, squeezing your shoulder blades together."", ""Pause for a moment at the peak of the movement, then slowly release the handles back to the starting position."", ""Repeat for the desired number of repetitions.""]",RESOLVED_INTEGRATED_SOURCE,REVIEW_REQUIRED,CONTENT_PRESENT_REVIEWED_ARTIFACT,APPROVED_FROM_POLICY,DOMAIN_APPROVED,True,"[""SOURCE_LICENSE_REVIEW_REQUIRED""]",RETAINED_CANONICAL,기존 canonical stable code를 재정렬하지 않고 유지한다.,EXISTING_CANONICAL,ACTIVE_CANONICAL_RETAINED,exercise-catalog-v2.0.2-final,APPROVED,False,False,[],,,,,,
REX-000080,seated_calf_raise_isolation_barbell,시티드 카프 레이즈,시티드 카프 레이즈,barbell seated calf raise,STRENGTH,ISOLATION,CALVES,"[""ANKLE_FOOT""]","[""KNEE""]","[""BARBELL""]","[""GYM""]",안정적인 지지물(벤치 또는 의자 등)을 준비한다.,BEGINNER,REPS,"[""MAIN""]",4,,90,15,시티드 카프 레이즈 운동은 다른 부위의 움직임을 줄이고 종아리를 집중해 사용하는 운동입니다.,"[""시작 자세와 기구를 안정적으로 준비한다."",""안내된 부위를 중심으로 천천히 움직인다."",""끝 범위에서 힘을 잠시 유지한다."",""반동 없이 시작 자세로 돌아온다.""]",representative-content-v0.1.0,gymvisual,0088,gymvisual:0088,,,,gymvisual,0088,barbell seated calf raise,barbell seated calf raise,,https://github.com/hasaneyldrm/exercises-dataset,Aliaksandr Makatserchyk / Gym visual,MIT,© Gym visual — https://gymvisual.com/,MIT,MIT License,REVIEW_REQUIRED,https://opensource.org/license/mit/,© Aliaksandr Makatserchyk - Gym visual - https://gymvisual.com/,2026-08-20T00:00:00+09:00,PARTIALLY_REVIEWED,image:images/0088-ktsFQAZ.jpg;gif:videos/0088-ktsFQAZ.gif,ktsFQAZ,"Sit on a bench with your feet flat on the floor and a barbell resting on your thighs. Place the balls of your feet on a raised platform, such as a block or step. Position the barbell across your thighs and hold it securely with your hands. Keeping your back straight and your core engaged, lift your heels off the ground by extending your ankles. Pause for a moment at the top, then slowly lower your heels back down to the starting position. Repeat for the desired number of repetitions.","[""Sit on a bench with your feet flat on the floor and a barbell resting on your thighs."", ""Place the balls of your feet on a raised platform, such as a block or step."", ""Position the barbell across your thighs and hold it securely with your hands."", ""Keeping your back straight and your core engaged, lift your heels off the ground by extending your ankles."", ""Pause for a moment at the top, then slowly lower your heels back down to the starting position."", ""Repeat for the desired number of repetitions.""]",RESOLVED_INTEGRATED_SOURCE,REVIEW_REQUIRED,CONTENT_PRESENT_REVIEWED_ARTIFACT,APPROVED_FROM_POLICY,DOMAIN_APPROVED,True,"[""SOURCE_LICENSE_REVIEW_REQUIRED""]",RETAINED_CANONICAL,기존 canonical stable code를 재정렬하지 않고 유지한다.,EXISTING_CANONICAL,ACTIVE_CANONICAL_RETAINED,exercise-catalog-v2.0.2-final,APPROVED,False,False,[],,,,,,
REX-000081,seated_calf_stretch_mobility_stretch_bodyweight,앉아서 종아리 스트레칭,앉아서 종아리 스트레칭,seated calf stretch (male),MOBILITY,MOBILITY_STRETCH,MOBILITY,"[""ANKLE_FOOT""]","[""KNEE""]","[""BODYWEIGHT""]","[""HOME"",""GYM""]",,BEGINNER,DURATION,"[""WARMUP"",""COOLDOWN""]",,30,30,15,앉아서 종아리 스트레칭 운동은 발목과 발 주변을 천천히 움직이며 범위를 확인하는 스트레칭입니다.,"[""편안한 시작 자세를 잡고 주변 공간을 확인한다."",""숨을 고르게 쉬며 안내된 방향으로 천천히 움직인다."",""당김이 느껴지는 범위에서 잠시 멈춘다."",""반동 없이 시작 자세로 천천히 돌아온다.""]",representative-content-v0.1.0,gymvisual,1390,gymvisual:1390,,,,gymvisual,1390,seated calf stretch (male),seated calf stretch (male),,https://github.com/hasaneyldrm/exercises-dataset,Aliaksandr Makatserchyk / Gym visual,MIT,© Gym visual — https://gymvisual.com/,MIT,MIT License,REVIEW_REQUIRED,https://opensource.org/license/mit/,© Aliaksandr Makatserchyk - Gym visual - https://gymvisual.com/,2026-08-20T00:00:00+09:00,PARTIALLY_REVIEWED,image:images/1390-17bqEXD.jpg;gif:videos/1390-17bqEXD.gif,17bqEXD,"Sit on the edge of a chair or bench with your feet flat on the ground. Extend one leg straight out in front of you, keeping your heel on the ground. Lean forward slightly, feeling a stretch in your calf muscle. Hold the stretch for 20-30 seconds. Switch legs and repeat the stretch.","[""Sit on the edge of a chair or bench with your feet flat on the ground."", ""Extend one leg straight out in front of you, keeping your heel on the ground."", ""Lean forward slightly, feeling a stretch in your calf muscle."", ""Hold the stretch for 20-30 seconds."", ""Switch legs and repeat the stretch.""]",RESOLVED_INTEGRATED_SOURCE,REVIEW_REQUIRED,CONTENT_PRESENT_REVIEWED_ARTIFACT,APPROVED_FROM_POLICY,DOMAIN_APPROVED,True,"[""SOURCE_LICENSE_REVIEW_REQUIRED""]",RETAINED_CANONICAL,기존 canonical stable code를 재정렬하지 않고 유지한다.,EXISTING_CANONICAL,ACTIVE_CANONICAL_RETAINED,exercise-catalog-v2.0.2-final,APPROVED,False,True,[],,,,,,
REX-000082,seated_glute_stretch_mobility_stretch_bodyweight,앉아서 둔근 스트레칭,앉아서 둔근 스트레칭,seated glute stretch,MOBILITY,MOBILITY_STRETCH,MOBILITY,"[""HIP""]","[""KNEE""]","[""BODYWEIGHT""]","[""HOME"",""GYM""]",,BEGINNER,DURATION,"[""WARMUP"",""COOLDOWN""]",,30,30,15,앉아서 둔근 스트레칭 운동은 고관절 주변을 천천히 움직이며 범위를 확인하는 스트레칭입니다.,"[""편안한 시작 자세를 잡고 주변 공간을 확인한다."",""숨을 고르게 쉬며 안내된 방향으로 천천히 움직인다."",""당김이 느껴지는 범위에서 잠시 멈춘다."",""반동 없이 시작 자세로 천천히 돌아온다.""]",representative-content-v0.1.0,gymvisual,1424,gymvisual:1424,,,,gymvisual,1424,seated glute stretch,seated glute stretch,,https://github.com/hasaneyldrm/exercises-dataset,Aliaksandr Makatserchyk / Gym visual,MIT,© Gym visual — https://gymvisual.com/,MIT,MIT License,REVIEW_REQUIRED,https://opensource.org/license/mit/,© Aliaksandr Makatserchyk - Gym visual - https://gymvisual.com/,2026-08-20T00:00:00+09:00,PARTIALLY_REVIEWED,image:images/1424-DeDThfG.jpg;gif:videos/1424-DeDThfG.gif,DeDThfG,"Sit on the ground with your legs extended in front of you. Bend your right knee and cross your right ankle over your left thigh. Place your right hand on the ground behind you for support. With your left hand, gently press down on your right knee to deepen the stretch. Hold the stretch for 30 seconds to 1 minute. Switch sides and repeat.","[""Sit on the ground with your legs extended in front of you."", ""Bend your right knee and cross your right ankle over your left thigh."", ""Place your right hand on the ground behind you for support."", ""With your left hand, gently press down on your right knee to deepen the stretch."", ""Hold the stretch for 30 seconds to 1 minute."", ""Switch sides and repeat.""]",RESOLVED_INTEGRATED_SOURCE,REVIEW_REQUIRED,CONTENT_PRESENT_REVIEWED_ARTIFACT,APPROVED_FROM_POLICY,DOMAIN_APPROVED,True,"[""SOURCE_LICENSE_REVIEW_REQUIRED""]",RETAINED_CANONICAL,기존 canonical stable code를 재정렬하지 않고 유지한다.,EXISTING_CANONICAL,ACTIVE_CANONICAL_RETAINED,exercise-catalog-v2.0.2-final,APPROVED,False,True,[],,,,,,
REX-000083,seated_leg_curl_knee_flexion_machine,레그 컬,레그 컬,lever seated leg curl,STRENGTH,KNEE_FLEXION,HAMSTRINGS,"[""KNEE""]","[""HIP""]","[""MACHINE""]","[""GYM""]",,BEGINNER,REPS,"[""MAIN""]",4,,90,15,레그 컬 운동은 다리를 굽혔다 펴며 허벅지 뒤쪽을 사용하는 운동입니다.,"[""기구에 앉아 몸과 기구의 위치를 맞춘다."",""다리를 천천히 굽힌다."",""조절할 수 있는 범위에서 잠시 멈춘다."",""천천히 다리를 되돌린다.""]",representative-content-v0.1.0,gymvisual,0599,gymvisual:0599,,,,gymvisual,0599,lever seated leg curl,lever seated leg curl,,https://github.com/hasaneyldrm/exercises-dataset,Aliaksandr Makatserchyk / Gym visual,MIT,© Gym visual — https://gymvisual.com/,MIT,MIT License,REVIEW_REQUIRED,https://opensource.org/license/mit/,© Aliaksandr Makatserchyk - Gym visual - https://gymvisual.com/,2026-08-20T00:00:00+09:00,PARTIALLY_REVIEWED,image:images/0599-Zg3XY7P.jpg;gif:videos/0599-Zg3XY7P.gif,Zg3XY7P,"Adjust the machine to fit your body and sit on it with your back against the backrest. Place your lower legs under the padded lever, just above your ankles. Grasp the handles on the sides of the machine for support. Keeping your upper legs stationary, exhale and curl your legs up as far as possible. Hold the contracted position for a brief pause as you squeeze your hamstrings. Inhale and slowly lower the lever back to the starting position. Repeat for the desired number of repetitions.","[""Adjust the machine to fit your body and sit on it with your back against the backrest."", ""Place your lower legs under the padded lever, just above your ankles."", ""Grasp the handles on the sides of the machine for support."", ""Keeping your upper legs stationary, exhale and curl your legs up as far as possible."", ""Hold the contracted position for a brief pause as you squeeze your hamstrings."", ""Inhale and slowly lower the lever back to the starting position."", ""Repeat for the desired number of repetitions.""]",RESOLVED_INTEGRATED_SOURCE,REVIEW_REQUIRED,CONTENT_PRESENT_REVIEWED_ARTIFACT,APPROVED_FROM_POLICY,DOMAIN_APPROVED,True,"[""SOURCE_LICENSE_REVIEW_REQUIRED""]",RETAINED_CANONICAL,기존 canonical stable code를 재정렬하지 않고 유지한다.,EXISTING_CANONICAL,ACTIVE_CANONICAL_RETAINED,exercise-catalog-v2.0.2-final,APPROVED,False,False,[],,,,,,
REX-000084,seated_lower_back_stretch_mobility_stretch_bodyweight,앉아서 허리 스트레칭,앉아서 허리 스트레칭,seated lower back stretch,MOBILITY,MOBILITY_STRETCH,MOBILITY,"[""LOWER_BACK""]","[""UPPER_BACK"",""ABDOMEN""]","[""BODYWEIGHT""]","[""HOME"",""GYM""]",,BEGINNER,DURATION,"[""WARMUP"",""COOLDOWN""]",,30,30,15,앉아서 허리 스트레칭 운동은 허리 주변을 천천히 움직이며 범위를 확인하는 스트레칭입니다.,"[""편안한 시작 자세를 잡고 주변 공간을 확인한다."",""숨을 고르게 쉬며 안내된 방향으로 천천히 움직인다."",""당김이 느껴지는 범위에서 잠시 멈춘다."",""반동 없이 시작 자세로 천천히 돌아온다.""]",representative-content-v0.1.0,gymvisual,0690,gymvisual:0690,,,,gymvisual,0690,seated lower back stretch,seated lower back stretch,,https://github.com/hasaneyldrm/exercises-dataset,Aliaksandr Makatserchyk / Gym visual,MIT,© Gym visual — https://gymvisual.com/,MIT,MIT License,REVIEW_REQUIRED,https://opensource.org/license/mit/,© Aliaksandr Makatserchyk - Gym visual - https://gymvisual.com/,2026-08-20T00:00:00+09:00,PARTIALLY_REVIEWED,image:images/0690-QFmz6ch.jpg;gif:videos/0690-QFmz6ch.gif,QFmz6ch,"Sit on the edge of a chair with your feet flat on the ground. Place your hands on your thighs or on the sides of the chair for support. Slowly lean forward from your hips, keeping your back straight. Feel the stretch in your lower back and hold for 20-30 seconds. Slowly return to the starting position and repeat for the desired number of repetitions.","[""Sit on the edge of a chair with your feet flat on the ground."", ""Place your hands on your thighs or on the sides of the chair for support."", ""Slowly lean forward from your hips, keeping your back straight."", ""Feel the stretch in your lower back and hold for 20-30 seconds."", ""Slowly return to the starting position and repeat for the desired number of repetitions.""]",RESOLVED_INTEGRATED_SOURCE,REVIEW_REQUIRED,CONTENT_PRESENT_REVIEWED_ARTIFACT,APPROVED_FROM_POLICY,DOMAIN_APPROVED,True,"[""SOURCE_LICENSE_REVIEW_REQUIRED""]",RETAINED_CANONICAL,기존 canonical stable code를 재정렬하지 않고 유지한다.,EXISTING_CANONICAL,ACTIVE_CANONICAL_RETAINED,exercise-catalog-v2.0.2-final,APPROVED,False,True,[],,,,,,
REX-000085,seated_piriformis_stretch_mobility_stretch_bodyweight,앉아서 이상근 스트레칭,앉아서 이상근 스트레칭,seated piriformis stretch,MOBILITY,MOBILITY_STRETCH,MOBILITY,"[""HIP""]","[""KNEE""]","[""BODYWEIGHT""]","[""HOME"",""GYM""]",,BEGINNER,DURATION,"[""WARMUP"",""COOLDOWN""]",,30,30,15,앉아서 이상근 스트레칭 운동은 고관절 주변을 천천히 움직이며 범위를 확인하는 스트레칭입니다.,"[""편안한 시작 자세를 잡고 주변 공간을 확인한다."",""숨을 고르게 쉬며 안내된 방향으로 천천히 움직인다."",""당김이 느껴지는 범위에서 잠시 멈춘다."",""반동 없이 시작 자세로 천천히 돌아온다.""]",representative-content-v0.1.0,gymvisual,2567,gymvisual:2567,,,,gymvisual,2567,seated piriformis stretch,seated piriformis stretch,,https://github.com/hasaneyldrm/exercises-dataset,Aliaksandr Makatserchyk / Gym visual,MIT,© Gym visual — https://gymvisual.com/,MIT,MIT License,REVIEW_REQUIRED,https://opensource.org/license/mit/,© Aliaksandr Makatserchyk - Gym visual - https://gymvisual.com/,2026-08-20T00:00:00+09:00,PARTIALLY_REVIEWED,image:images/2567-QY39eBr.jpg;gif:videos/2567-QY39eBr.gif,QY39eBr,"Sit on the ground with your legs extended in front of you. Bend your right knee and place your right foot on the outside of your left knee. Place your left elbow on the outside of your right knee and gently twist your torso to the right. Hold the stretch for 20-30 seconds, then switch sides and repeat.","[""Sit on the ground with your legs extended in front of you."", ""Bend your right knee and place your right foot on the outside of your left knee."", ""Place your left elbow on the outside of your right knee and gently twist your torso to the right."", ""Hold the stretch for 20-30 seconds, then switch sides and repeat.""]",RESOLVED_INTEGRATED_SOURCE,REVIEW_REQUIRED,CONTENT_PRESENT_REVIEWED_ARTIFACT,APPROVED_FROM_POLICY,DOMAIN_APPROVED,True,"[""SOURCE_LICENSE_REVIEW_REQUIRED""]",RETAINED_CANONICAL,기존 canonical stable code를 재정렬하지 않고 유지한다.,EXISTING_CANONICAL,ACTIVE_CANONICAL_RETAINED,exercise-catalog-v2.0.2-final,APPROVED,False,True,[],,,,,,
REX-000086,seated_shoulder_press_vertical_push_dumbbell,숄더 프레스,숄더 프레스,dumbbell seated shoulder press,STRENGTH,VERTICAL_PUSH,SHOULDERS,"[""SHOULDER""]","[""ELBOW""]","[""DUMBBELL""]","[""HOME"",""GYM""]",,INTERMEDIATE,REPS,"[""MAIN""]",4,,90,15,숄더 프레스 운동은 팔을 위로 밀어 어깨를 사용하는 운동입니다.,"[""등과 발 또는 엉덩이를 안정적으로 둔다."",""손잡이나 기구를 어깨 가까이에 준비한다."",""허리를 꺾지 않고 편한 범위에서 위로 밀어낸다."",""천천히 시작 위치로 내려온다.""]",representative-content-v0.1.0,gymvisual,0405,gymvisual:0405,,,,gymvisual,0405,dumbbell seated shoulder press,dumbbell seated shoulder press,,https://github.com/hasaneyldrm/exercises-dataset,Aliaksandr Makatserchyk / Gym visual,MIT,© Gym visual — https://gymvisual.com/,MIT,MIT License,REVIEW_REQUIRED,https://opensource.org/license/mit/,© Aliaksandr Makatserchyk - Gym visual - https://gymvisual.com/,2026-08-20T00:00:00+09:00,PARTIALLY_REVIEWED,image:images/0405-znQUdHY.jpg;gif:videos/0405-znQUdHY.gif,znQUdHY,"Sit on a bench with a dumbbell in each hand, resting on your thighs. Raise the dumbbells to shoulder height, palms facing forward. Press the dumbbells upward until your arms are fully extended overhead. Pause for a moment at the top, then slowly lower the dumbbells back to shoulder height. Repeat for the desired number of repetitions.","[""Sit on a bench with a dumbbell in each hand, resting on your thighs."", ""Raise the dumbbells to shoulder height, palms facing forward."", ""Press the dumbbells upward until your arms are fully extended overhead."", ""Pause for a moment at the top, then slowly lower the dumbbells back to shoulder height."", ""Repeat for the desired number of repetitions.""]",RESOLVED_INTEGRATED_SOURCE,REVIEW_REQUIRED,CONTENT_PRESENT_REVIEWED_ARTIFACT,APPROVED_FROM_POLICY,DOMAIN_APPROVED,True,"[""SOURCE_LICENSE_REVIEW_REQUIRED""]",RETAINED_CANONICAL,기존 canonical stable code를 재정렬하지 않고 유지한다.,EXISTING_CANONICAL,ACTIVE_CANONICAL_RETAINED,exercise-catalog-v2.0.2-final,APPROVED,False,False,[],,,,,,
REX-000087,seated_wide_angle_stretch_mobility_stretch_bodyweight,시티드 와이드 앵글 스트레칭,시티드 와이드 앵글 스트레칭,seated wide angle pose sequence,MOBILITY,MOBILITY_STRETCH,MOBILITY,"[""HIP"",""KNEE""]",[],"[""BODYWEIGHT""]","[""HOME"",""GYM""]",,INTERMEDIATE,DURATION,"[""WARMUP"",""COOLDOWN""]",,30,30,15,시티드 와이드 앵글 스트레칭 운동은 고관절·무릎 주변을 천천히 움직이며 범위를 확인하는 스트레칭입니다.,"[""편안한 시작 자세를 잡고 주변 공간을 확인한다."",""숨을 고르게 쉬며 안내된 방향으로 천천히 움직인다."",""당김이 느껴지는 범위에서 잠시 멈춘다."",""반동 없이 시작 자세로 천천히 돌아온다.""]",representative-content-v0.1.0,gymvisual,1587,gymvisual:1587,,,,gymvisual,1587,seated wide angle pose sequence,seated wide angle pose sequence,,https://github.com/hasaneyldrm/exercises-dataset,Aliaksandr Makatserchyk / Gym visual,MIT,© Gym visual — https://gymvisual.com/,MIT,MIT License,REVIEW_REQUIRED,https://opensource.org/license/mit/,© Aliaksandr Makatserchyk - Gym visual - https://gymvisual.com/,2026-08-20T00:00:00+09:00,PARTIALLY_REVIEWED,image:images/1587-HIgYKAB.jpg;gif:videos/1587-HIgYKAB.gif,HIgYKAB,"Sit on the ground with your legs extended in a wide angle. Flex your feet and engage your quadriceps. Place your hands on the ground behind you for support. Keeping your back straight, lean forward from your hips. Continue leaning forward until you feel a stretch in your hamstrings. Hold this position for a few breaths. Slowly release the stretch and return to the starting position. Repeat for the desired number of repetitions.","[""Sit on the ground with your legs extended in a wide angle."", ""Flex your feet and engage your quadriceps."", ""Place your hands on the ground behind you for support."", ""Keeping your back straight, lean forward from your hips."", ""Continue leaning forward until you feel a stretch in your hamstrings."", ""Hold this position for a few breaths."", ""Slowly release the stretch and return to the starting position."", ""Repeat for the desired number of repetitions.""]",RESOLVED_INTEGRATED_SOURCE,REVIEW_REQUIRED,CONTENT_PRESENT_REVIEWED_ARTIFACT,APPROVED_FROM_POLICY,DOMAIN_APPROVED,True,"[""SOURCE_LICENSE_REVIEW_REQUIRED""]",RETAINED_CANONICAL,기존 canonical stable code를 재정렬하지 않고 유지한다.,EXISTING_CANONICAL,ACTIVE_CANONICAL_RETAINED,exercise-catalog-v2.0.2-final,APPROVED,False,True,[],,,,,,
REX-000088,side_lying_quadriceps_stretch_mobility_stretch_bodyweight,옆으로 누워 대퇴사두근 스트레칭,옆으로 누워 대퇴사두근 스트레칭,lying (side) quads stretch,MOBILITY,MOBILITY_STRETCH,MOBILITY,"[""KNEE""]","[""HIP""]","[""BODYWEIGHT""]","[""HOME"",""GYM""]",,BEGINNER,DURATION,"[""WARMUP"",""COOLDOWN""]",,30,30,15,옆으로 누워 대퇴사두근 스트레칭 운동은 무릎 주변을 천천히 움직이며 범위를 확인하는 스트레칭입니다.,"[""편안한 시작 자세를 잡고 주변 공간을 확인한다."",""숨을 고르게 쉬며 안내된 방향으로 천천히 움직인다."",""당김이 느껴지는 범위에서 잠시 멈춘다."",""반동 없이 시작 자세로 천천히 돌아온다.""]",representative-content-v0.1.0,gymvisual,0613,gymvisual:0613,,,,gymvisual,0613,lying (side) quads stretch,lying (side) quads stretch,,https://github.com/hasaneyldrm/exercises-dataset,Aliaksandr Makatserchyk / Gym visual,MIT,© Gym visual — https://gymvisual.com/,MIT,MIT License,REVIEW_REQUIRED,https://opensource.org/license/mit/,© Aliaksandr Makatserchyk - Gym visual - https://gymvisual.com/,2026-08-20T00:00:00+09:00,PARTIALLY_REVIEWED,image:images/0613-BWnJR72.jpg;gif:videos/0613-BWnJR72.gif,BWnJR72,Lie on your side with your legs straight. Bend your top leg and grab your ankle or foot with your hand. Gently pull your ankle or foot towards your glutes until you feel a stretch in your quads. Hold the stretch for 20-30 seconds. Release the stretch and repeat on the other side.,"[""Lie on your side with your legs straight."", ""Bend your top leg and grab your ankle or foot with your hand."", ""Gently pull your ankle or foot towards your glutes until you feel a stretch in your quads."", ""Hold the stretch for 20-30 seconds."", ""Release the stretch and repeat on the other side.""]",RESOLVED_INTEGRATED_SOURCE,REVIEW_REQUIRED,CONTENT_PRESENT_REVIEWED_ARTIFACT,APPROVED_FROM_POLICY,DOMAIN_APPROVED,True,"[""SOURCE_LICENSE_REVIEW_REQUIRED""]",RETAINED_CANONICAL,기존 canonical stable code를 재정렬하지 않고 유지한다.,EXISTING_CANONICAL,ACTIVE_CANONICAL_RETAINED,exercise-catalog-v2.0.2-final,APPROVED,False,True,[],,,,,,
REX-000089,side_wrist_pull_stretch_mobility_stretch_bodyweight,손목 당기기 스트레칭,손목 당기기 스트레칭,side wrist pull stretch,MOBILITY,MOBILITY_STRETCH,MOBILITY,"[""WRIST_HAND""]","[""ELBOW""]","[""BODYWEIGHT""]","[""HOME"",""GYM""]",,BEGINNER,DURATION,"[""WARMUP"",""COOLDOWN""]",,30,30,15,손목 당기기 스트레칭 운동은 손목과 손 주변을 천천히 움직이며 범위를 확인하는 스트레칭입니다.,"[""편안한 시작 자세를 잡고 주변 공간을 확인한다."",""숨을 고르게 쉬며 안내된 방향으로 천천히 움직인다."",""당김이 느껴지는 범위에서 잠시 멈춘다."",""반동 없이 시작 자세로 천천히 돌아온다.""]",representative-content-v0.1.0,gymvisual,0721,gymvisual:0721,,,,gymvisual,0721,side wrist pull stretch,side wrist pull stretch,,https://github.com/hasaneyldrm/exercises-dataset,Aliaksandr Makatserchyk / Gym visual,MIT,© Gym visual — https://gymvisual.com/,MIT,MIT License,REVIEW_REQUIRED,https://opensource.org/license/mit/,© Aliaksandr Makatserchyk - Gym visual - https://gymvisual.com/,2026-08-20T00:00:00+09:00,PARTIALLY_REVIEWED,image:images/0721-UtmIqcI.jpg;gif:videos/0721-UtmIqcI.gif,UtmIqcI,"Stand with your feet shoulder-width apart and your arms extended in front of you. Extend your right arm out to the side, parallel to the ground, with your palm facing down. With your left hand, grab your right hand and gently pull it towards your body, feeling a stretch in your right forearm. Hold the stretch for 15-30 seconds, then release. Repeat on the other side.","[""Stand with your feet shoulder-width apart and your arms extended in front of you."", ""Extend your right arm out to the side, parallel to the ground, with your palm facing down."", ""With your left hand, grab your right hand and gently pull it towards your body, feeling a stretch in your right forearm."", ""Hold the stretch for 15-30 seconds, then release."", ""Repeat on the other side.""]",RESOLVED_INTEGRATED_SOURCE,REVIEW_REQUIRED,CONTENT_PRESENT_REVIEWED_ARTIFACT,APPROVED_FROM_POLICY,DOMAIN_APPROVED,True,"[""SOURCE_LICENSE_REVIEW_REQUIRED""]",RETAINED_CANONICAL,기존 canonical stable code를 재정렬하지 않고 유지한다.,EXISTING_CANONICAL,ACTIVE_CANONICAL_RETAINED,exercise-catalog-v2.0.2-final,APPROVED,False,True,[],,,,,,
REX-000090,spine_core_brace_core_brace_mat,버드독,버드독,,STRENGTH,CORE_BRACE,CORE,"[""ABDOMEN""]","[""LOWER_BACK"",""HIP"",""SHOULDER""]","[""MAT""]","[""HOME""]",,BEGINNER,DURATION,"[""MAIN""]",,30,90,15,버드독 운동은 몸통을 유지하며 몸통 주변에 힘을 쓰는 운동입니다.,"[""안내된 시작 자세를 안정적으로 잡는다."",""배 주변에 가볍게 힘을 주고 숨을 쉰다."",""몸통이 흔들리지 않는 범위에서 팔이나 다리를 움직인다."",""천천히 시작 자세로 돌아온다.""]",representative-content-v0.1.0,kspo,ce0ab5a88d5e6c4243b2a910aa53ecff3aa783c716fa193711a1a6e44542b3a0,kspo:ce0ab5a88d5e6c4243b2a910aa53ecff3aa783c716fa193711a1a6e44542b3a0,,,,kspo,ce0ab5a88d5e6c4243b2a910aa53ecff3aa783c716fa193711a1a6e44542b3a0,네발기기 자세에서 팔 다리 들기,,네발기기 자세에서 팔 다리 들기,https://www.data.go.kr/data/15108846/openapi.do,서울올림픽기념국민체육진흥공단,KOGL_TYPE_1,서울올림픽기념국민체육진흥공단 — https://www.data.go.kr/data/15108846/openapi.do,KOGL_TYPE_1,공공누리 제1유형,1,https://www.kogl.or.kr/info/license.do,서울올림픽기념국민체육진흥공단 — https://www.data.go.kr/data/15108846/openapi.do,REVIEW_REQUIRED,REVIEW_REQUIRED,file:0AUDLJ08S_00244.mp4;frames:4,ce0ab5a88d5e6c4243b2a910aa53ecff3aa783c716fa193711a1a6e44542b3a0,,,RESOLVED_INTEGRATED_SOURCE,REVIEW_REQUIRED,CONTENT_PRESENT_REVIEWED_ARTIFACT,APPROVED_FROM_POLICY,DOMAIN_APPROVED,True,"[""SOURCE_LICENSE_REVIEW_REQUIRED""]",RETAINED_CANONICAL,기존 canonical stable code를 재정렬하지 않고 유지한다.,EXISTING_CANONICAL,ACTIVE_CANONICAL_RETAINED,exercise-catalog-v2.0.2-final,APPROVED,False,False,[],,,,,,
REX-000091,spine_stretch_mobility_stretch_bodyweight,척추 스트레칭,척추 스트레칭,spine stretch,MOBILITY,MOBILITY_STRETCH,MOBILITY,"[""UPPER_BACK"",""LOWER_BACK""]","[""ABDOMEN""]","[""BODYWEIGHT""]","[""HOME"",""GYM""]",,BEGINNER,DURATION,"[""WARMUP"",""COOLDOWN""]",,30,30,15,척추 스트레칭 운동은 상부 등·허리 주변을 천천히 움직이며 범위를 확인하는 스트레칭입니다.,"[""편안한 시작 자세를 잡고 주변 공간을 확인한다."",""숨을 고르게 쉬며 안내된 방향으로 천천히 움직인다."",""당김이 느껴지는 범위에서 잠시 멈춘다."",""반동 없이 시작 자세로 천천히 돌아온다.""]",representative-content-v0.1.0,gymvisual,1363,gymvisual:1363,,,,gymvisual,1363,spine stretch,spine stretch,,https://github.com/hasaneyldrm/exercises-dataset,Aliaksandr Makatserchyk / Gym visual,MIT,© Gym visual — https://gymvisual.com/,MIT,MIT License,REVIEW_REQUIRED,https://opensource.org/license/mit/,© Aliaksandr Makatserchyk - Gym visual - https://gymvisual.com/,2026-08-20T00:00:00+09:00,PARTIALLY_REVIEWED,image:images/1363-JbC2iaV.jpg;gif:videos/1363-JbC2iaV.gif,JbC2iaV,"Sit on the ground with your legs extended in front of you. Place your hands on the ground behind you, fingers pointing towards your body. Engage your core and slowly lean back, keeping your back straight. Continue leaning back until you feel a stretch in your spine. Hold the stretch for a few seconds, then slowly return to the starting position. Repeat for the desired number of repetitions.","[""Sit on the ground with your legs extended in front of you."", ""Place your hands on the ground behind you, fingers pointing towards your body."", ""Engage your core and slowly lean back, keeping your back straight."", ""Continue leaning back until you feel a stretch in your spine."", ""Hold the stretch for a few seconds, then slowly return to the starting position."", ""Repeat for the desired number of repetitions.""]",RESOLVED_INTEGRATED_SOURCE,REVIEW_REQUIRED,CONTENT_PRESENT_REVIEWED_ARTIFACT,APPROVED_FROM_POLICY,DOMAIN_APPROVED,True,"[""SOURCE_LICENSE_REVIEW_REQUIRED""]",RETAINED_CANONICAL,기존 canonical stable code를 재정렬하지 않고 유지한다.,EXISTING_CANONICAL,ACTIVE_CANONICAL_RETAINED,exercise-catalog-v2.0.2-final,APPROVED,False,True,[],,,,,,
REX-000092,spine_twist_mobility_stretch_bodyweight,척추 비틀기,척추 비틀기,spine twist,MOBILITY,MOBILITY_STRETCH,MOBILITY,"[""UPPER_BACK"",""LOWER_BACK""]","[""ABDOMEN""]","[""BODYWEIGHT""]","[""HOME"",""GYM""]",,BEGINNER,DURATION,"[""WARMUP"",""COOLDOWN""]",,30,30,15,척추 비틀기 운동은 상부 등·허리 주변을 천천히 움직이며 범위를 확인하는 스트레칭입니다.,"[""편안한 시작 자세를 잡고 주변 공간을 확인한다."",""숨을 고르게 쉬며 안내된 방향으로 천천히 움직인다."",""당김이 느껴지는 범위에서 잠시 멈춘다."",""반동 없이 시작 자세로 천천히 돌아온다.""]",representative-content-v0.1.0,gymvisual,2329,gymvisual:2329,,,,gymvisual,2329,spine twist,spine twist,,https://github.com/hasaneyldrm/exercises-dataset,Aliaksandr Makatserchyk / Gym visual,MIT,© Gym visual — https://gymvisual.com/,MIT,MIT License,REVIEW_REQUIRED,https://opensource.org/license/mit/,© Aliaksandr Makatserchyk - Gym visual - https://gymvisual.com/,2026-08-20T00:00:00+09:00,PARTIALLY_REVIEWED,image:images/2329-2jl9K55.jpg;gif:videos/2329-2jl9K55.gif,2jl9K55,"Sit on the ground with your legs extended in front of you. Bend your knees and place your feet flat on the ground, hip-width apart. Place your hands behind your head with your elbows pointing outwards. Engage your abs and slowly twist your torso to the right, bringing your right elbow towards your left knee. Pause for a moment at the end of the twist, then slowly return to the starting position. Repeat the twist to the left side, bringing your left elbow towards your right knee. Continue alternating sides for the desired number of repetitions.","[""Sit on the ground with your legs extended in front of you."", ""Bend your knees and place your feet flat on the ground, hip-width apart."", ""Place your hands behind your head with your elbows pointing outwards."", ""Engage your abs and slowly twist your torso to the right, bringing your right elbow towards your left knee."", ""Pause for a moment at the end of the twist, then slowly return to the starting position."", ""Repeat the twist to the left side, bringing your left elbow towards your right knee."", ""Continue alternating sides for the desired number of repetitions.""]",RESOLVED_INTEGRATED_SOURCE,REVIEW_REQUIRED,CONTENT_PRESENT_REVIEWED_ARTIFACT,APPROVED_FROM_POLICY,DOMAIN_APPROVED,True,"[""SOURCE_LICENSE_REVIEW_REQUIRED""]",RETAINED_CANONICAL,기존 canonical stable code를 재정렬하지 않고 유지한다.,EXISTING_CANONICAL,ACTIVE_CANONICAL_RETAINED,exercise-catalog-v2.0.2-final,APPROVED,False,True,[],,,,,,
REX-000093,squat_variant_knee_dominant_barbell,스쿼트,스쿼트,Barbell Full Squat,STRENGTH,KNEE_DOMINANT,QUADRICEPS,"[""KNEE"",""HIP""]","[""LOWER_BACK"",""ANKLE_FOOT""]","[""BARBELL""]","[""GYM""]",,INTERMEDIATE,REPS,"[""MAIN""]",4,,90,15,스쿼트 운동은 다리를 굽혔다 펴며 허벅지 앞쪽을 사용하는 운동입니다.,"[""발을 편하게 벌리고 양발에 무게를 나눈다."",""엉덩이를 뒤로 보내며 무릎을 천천히 굽힌다."",""발바닥을 바닥에 두고 편한 범위까지만 내려간다."",""발로 바닥을 밀며 천천히 시작 자세로 돌아온다.""]",representative-content-v0.1.0,wger,1801,wger:1801,,,,wger,1801,Barbell Full Squat,Barbell Full Squat,,https://wger.de/,wger project and community contributors,CC-BY-SA 4,fabrice,CC-BY-SA 4,Creative Commons Attribution-ShareAlike 4.0 International,4.0,https://creativecommons.org/licenses/by-sa/4.0/,wger project and community contributors — https://wger.de/,REVIEW_REQUIRED,REVIEW_REQUIRED,image:2;video:0,1801,,,RESOLVED_INTEGRATED_SOURCE,REVIEW_REQUIRED,CONTENT_PRESENT_REVIEWED_ARTIFACT,APPROVED_FROM_POLICY,DOMAIN_APPROVED,True,"[""SOURCE_LICENSE_REVIEW_REQUIRED""]",RETAINED_CANONICAL,기존 canonical stable code를 재정렬하지 않고 유지한다.,EXISTING_CANONICAL,ACTIVE_CANONICAL_RETAINED,exercise-catalog-v2.0.2-final,APPROVED,False,False,[],,,,,,
REX-000094,standing_hamstring_calf_strap_stretch_mobility_stretch_stretch_strap,스트랩 햄스트링·종아리 스트레칭,스트랩 햄스트링·종아리 스트레칭,standing hamstring and calf stretch with strap,MOBILITY,MOBILITY_STRETCH,MOBILITY,"[""KNEE"",""ANKLE_FOOT""]","[""HIP""]","[""STRETCH_STRAP""]","[""HOME"",""GYM""]",,BEGINNER,DURATION,"[""WARMUP"",""COOLDOWN""]",,30,30,15,스트랩 햄스트링·종아리 스트레칭 운동은 무릎·발목과 발 주변을 천천히 움직이며 범위를 확인하는 스트레칭입니다.,"[""편안한 시작 자세를 잡고 주변 공간을 확인한다."",""숨을 고르게 쉬며 안내된 방향으로 천천히 움직인다."",""당김이 느껴지는 범위에서 잠시 멈춘다."",""반동 없이 시작 자세로 천천히 돌아온다.""]",representative-content-v0.1.0,gymvisual,1599,gymvisual:1599,,,,gymvisual,1599,standing hamstring and calf stretch with strap,standing hamstring and calf stretch with strap,,https://github.com/hasaneyldrm/exercises-dataset,Aliaksandr Makatserchyk / Gym visual,MIT,© Gym visual — https://gymvisual.com/,MIT,MIT License,REVIEW_REQUIRED,https://opensource.org/license/mit/,© Aliaksandr Makatserchyk - Gym visual - https://gymvisual.com/,2026-08-20T00:00:00+09:00,PARTIALLY_REVIEWED,image:images/1599-xTjr103.jpg;gif:videos/1599-xTjr103.gif,xTjr103,"Stand upright with your feet shoulder-width apart. Hold the strap with both hands and place it around the ball of your foot. Keep your leg straight and slowly lean forward from your hips, keeping your back straight. Feel the stretch in your hamstring and calf muscles. Hold the stretch for 20-30 seconds. Release the stretch and repeat with the other leg. Repeat for the desired number of repetitions.","[""Stand upright with your feet shoulder-width apart."", ""Hold the strap with both hands and place it around the ball of your foot."", ""Keep your leg straight and slowly lean forward from your hips, keeping your back straight."", ""Feel the stretch in your hamstring and calf muscles."", ""Hold the stretch for 20-30 seconds."", ""Release the stretch and repeat with the other leg."", ""Repeat for the desired number of repetitions.""]",RESOLVED_INTEGRATED_SOURCE,REVIEW_REQUIRED,CONTENT_PRESENT_REVIEWED_ARTIFACT,APPROVED_FROM_POLICY,DOMAIN_APPROVED,True,"[""SOURCE_LICENSE_REVIEW_REQUIRED""]",RETAINED_CANONICAL,기존 canonical stable code를 재정렬하지 않고 유지한다.,EXISTING_CANONICAL,ACTIVE_CANONICAL_RETAINED,exercise-catalog-v2.0.2-final,APPROVED,False,True,[],,,,,,
REX-000095,standing_lateral_stretch_mobility_stretch_bodyweight,서서 옆구리 스트레칭,서서 옆구리 스트레칭,standing lateral stretch,MOBILITY,MOBILITY_STRETCH,MOBILITY,"[""UPPER_BACK""]","[""LOWER_BACK"",""ABDOMEN""]","[""BODYWEIGHT""]","[""HOME"",""GYM""]",,BEGINNER,DURATION,"[""WARMUP"",""COOLDOWN""]",,30,30,15,서서 옆구리 스트레칭 운동은 상부 등 주변을 천천히 움직이며 범위를 확인하는 스트레칭입니다.,"[""편안한 시작 자세를 잡고 주변 공간을 확인한다."",""숨을 고르게 쉬며 안내된 방향으로 천천히 움직인다."",""당김이 느껴지는 범위에서 잠시 멈춘다."",""반동 없이 시작 자세로 천천히 돌아온다.""]",representative-content-v0.1.0,gymvisual,0794,gymvisual:0794,,,,gymvisual,0794,standing lateral stretch,standing lateral stretch,,https://github.com/hasaneyldrm/exercises-dataset,Aliaksandr Makatserchyk / Gym visual,MIT,© Gym visual — https://gymvisual.com/,MIT,MIT License,REVIEW_REQUIRED,https://opensource.org/license/mit/,© Aliaksandr Makatserchyk - Gym visual - https://gymvisual.com/,2026-08-20T00:00:00+09:00,PARTIALLY_REVIEWED,image:images/0794-1jXLYEw.jpg;gif:videos/0794-1jXLYEw.gif,1jXLYEw,"Stand with your feet shoulder-width apart and your knees slightly bent. Extend your arms straight out to the sides, parallel to the ground. Slowly lean your upper body to one side, feeling a stretch in your side and lats. Hold the stretch for 15-30 seconds. Return to the starting position and repeat on the other side. Repeat for the desired number of repetitions.","[""Stand with your feet shoulder-width apart and your knees slightly bent."", ""Extend your arms straight out to the sides, parallel to the ground."", ""Slowly lean your upper body to one side, feeling a stretch in your side and lats."", ""Hold the stretch for 15-30 seconds."", ""Return to the starting position and repeat on the other side."", ""Repeat for the desired number of repetitions.""]",RESOLVED_INTEGRATED_SOURCE,REVIEW_REQUIRED,CONTENT_PRESENT_REVIEWED_ARTIFACT,APPROVED_FROM_POLICY,DOMAIN_APPROVED,True,"[""SOURCE_LICENSE_REVIEW_REQUIRED""]",RETAINED_CANONICAL,기존 canonical stable code를 재정렬하지 않고 유지한다.,EXISTING_CANONICAL,ACTIVE_CANONICAL_RETAINED,exercise-catalog-v2.0.2-final,APPROVED,False,True,[],,,,,,
REX-000096,triceps_stretch_mobility_stretch_bodyweight,삼두근 스트레칭,삼두근 스트레칭,triceps stretch,MOBILITY,MOBILITY_STRETCH,MOBILITY,"[""ELBOW""]","[""SHOULDER"",""WRIST_HAND""]","[""BODYWEIGHT""]","[""HOME"",""GYM""]",,BEGINNER,DURATION,"[""WARMUP"",""COOLDOWN""]",,30,30,15,삼두근 스트레칭 운동은 팔꿈치 주변을 천천히 움직이며 범위를 확인하는 스트레칭입니다.,"[""편안한 시작 자세를 잡고 주변 공간을 확인한다."",""숨을 고르게 쉬며 안내된 방향으로 천천히 움직인다."",""당김이 느껴지는 범위에서 잠시 멈춘다."",""반동 없이 시작 자세로 천천히 돌아온다.""]",representative-content-v0.1.0,gymvisual,0817,gymvisual:0817,,,,gymvisual,0817,triceps stretch,triceps stretch,,https://github.com/hasaneyldrm/exercises-dataset,Aliaksandr Makatserchyk / Gym visual,MIT,© Gym visual — https://gymvisual.com/,MIT,MIT License,REVIEW_REQUIRED,https://opensource.org/license/mit/,© Aliaksandr Makatserchyk - Gym visual - https://gymvisual.com/,2026-08-20T00:00:00+09:00,PARTIALLY_REVIEWED,image:images/0817-uOV3Itw.jpg;gif:videos/0817-uOV3Itw.gif,uOV3Itw,"Stand or sit upright with your back straight. Extend one arm overhead, bending it at the elbow. Place your opposite hand on the bent elbow and gently pull it towards your head. Hold the stretch for 15-30 seconds, feeling a gentle stretch in your triceps. Release the stretch and repeat on the other arm.","[""Stand or sit upright with your back straight."", ""Extend one arm overhead, bending it at the elbow."", ""Place your opposite hand on the bent elbow and gently pull it towards your head."", ""Hold the stretch for 15-30 seconds, feeling a gentle stretch in your triceps."", ""Release the stretch and repeat on the other arm.""]",RESOLVED_INTEGRATED_SOURCE,REVIEW_REQUIRED,CONTENT_PRESENT_REVIEWED_ARTIFACT,APPROVED_FROM_POLICY,DOMAIN_APPROVED,True,"[""SOURCE_LICENSE_REVIEW_REQUIRED""]",RETAINED_CANONICAL,기존 canonical stable code를 재정렬하지 않고 유지한다.,EXISTING_CANONICAL,ACTIVE_CANONICAL_RETAINED,exercise-catalog-v2.0.2-final,APPROVED,False,True,[],,,,,,
REX-000097,upper_back_isolation_isolation_resistance_band,시티드 밴드 풀어파트,시티드 밴드 풀어파트,,STRENGTH,ISOLATION,BACK,"[""UPPER_BACK""]","[""SHOULDER"",""ELBOW""]","[""RESISTANCE_BAND""]","[""HOME""]",,BEGINNER,REPS,"[""MAIN""]",4,,90,15,상부 등 밴드 당기기 운동은 다른 부위의 움직임을 줄이고 등을 집중해 사용하는 운동입니다.,"[""시작 자세와 기구를 안정적으로 준비한다."",""안내된 부위를 중심으로 천천히 움직인다."",""끝 범위에서 힘을 잠시 유지한다."",""반동 없이 시작 자세로 돌아온다.""]",representative-content-v0.1.0,kspo,ab41f78cd9e548e1217b4460122ca0a1e9824cd570da589f1b37ffe86d6db937,kspo:ab41f78cd9e548e1217b4460122ca0a1e9824cd570da589f1b37ffe86d6db937,,,,kspo,ab41f78cd9e548e1217b4460122ca0a1e9824cd570da589f1b37ffe86d6db937,의자에 앉아 밴드 양옆으로 늘이기,,의자에 앉아 밴드 양옆으로 늘이기,https://www.data.go.kr/data/15108846/openapi.do,서울올림픽기념국민체육진흥공단,KOGL_TYPE_1,서울올림픽기념국민체육진흥공단 — https://www.data.go.kr/data/15108846/openapi.do,KOGL_TYPE_1,공공누리 제1유형,1,https://www.kogl.or.kr/info/license.do,서울올림픽기념국민체육진흥공단 — https://www.data.go.kr/data/15108846/openapi.do,REVIEW_REQUIRED,REVIEW_REQUIRED,file:0AUDLJ08S_00293.mp4;frames:1,ab41f78cd9e548e1217b4460122ca0a1e9824cd570da589f1b37ffe86d6db937,,,RESOLVED_INTEGRATED_SOURCE,REVIEW_REQUIRED,CONTENT_PRESENT_REVIEWED_ARTIFACT,APPROVED_FROM_POLICY,DOMAIN_APPROVED,True,"[""SOURCE_LICENSE_REVIEW_REQUIRED""]",RETAINED_CANONICAL,기존 canonical stable code를 재정렬하지 않고 유지한다.,EXISTING_CANONICAL,ACTIVE_CANONICAL_RETAINED,exercise-catalog-v2.0.2-final,APPROVED,False,False,[],,,,,,
REX-000098,upper_back_stretch_mobility_stretch_bodyweight,상부 등 스트레칭,상부 등 스트레칭,upper back stretch,MOBILITY,MOBILITY_STRETCH,MOBILITY,"[""UPPER_BACK""]","[""SHOULDER"",""CHEST""]","[""BODYWEIGHT""]","[""HOME"",""GYM""]",,BEGINNER,DURATION,"[""WARMUP"",""COOLDOWN""]",,30,30,15,상부 등 스트레칭 운동은 상부 등 주변을 천천히 움직이며 범위를 확인하는 스트레칭입니다.,"[""편안한 시작 자세를 잡고 주변 공간을 확인한다."",""숨을 고르게 쉬며 안내된 방향으로 천천히 움직인다."",""당김이 느껴지는 범위에서 잠시 멈춘다."",""반동 없이 시작 자세로 천천히 돌아온다.""]",representative-content-v0.1.0,gymvisual,1365,gymvisual:1365,,,,gymvisual,1365,upper back stretch,upper back stretch,,https://github.com/hasaneyldrm/exercises-dataset,Aliaksandr Makatserchyk / Gym visual,MIT,© Gym visual — https://gymvisual.com/,MIT,MIT License,REVIEW_REQUIRED,https://opensource.org/license/mit/,© Aliaksandr Makatserchyk - Gym visual - https://gymvisual.com/,2026-08-20T00:00:00+09:00,PARTIALLY_REVIEWED,image:images/1365-GSDioYu.jpg;gif:videos/1365-GSDioYu.gif,GSDioYu,"Stand up straight with your feet shoulder-width apart. Extend your arms straight in front of you, parallel to the ground. Interlace your fingers and rotate your palms away from your body. Slowly raise your arms overhead, keeping them straight and parallel to each other. As you raise your arms, squeeze your shoulder blades together. Hold the stretch for 15-30 seconds, then release and repeat.","[""Stand up straight with your feet shoulder-width apart."", ""Extend your arms straight in front of you, parallel to the ground."", ""Interlace your fingers and rotate your palms away from your body."", ""Slowly raise your arms overhead, keeping them straight and parallel to each other."", ""As you raise your arms, squeeze your shoulder blades together."", ""Hold the stretch for 15-30 seconds, then release and repeat.""]",RESOLVED_INTEGRATED_SOURCE,REVIEW_REQUIRED,CONTENT_PRESENT_REVIEWED_ARTIFACT,APPROVED_FROM_POLICY,DOMAIN_APPROVED,True,"[""SOURCE_LICENSE_REVIEW_REQUIRED""]",RETAINED_CANONICAL,기존 canonical stable code를 재정렬하지 않고 유지한다.,EXISTING_CANONICAL,ACTIVE_CANONICAL_RETAINED,exercise-catalog-v2.0.2-final,APPROVED,False,True,[],,,,,,
REX-000099,wall_calf_stretch_mobility_stretch_bodyweight,벽 짚고 종아리 스트레칭,벽 짚고 종아리 스트레칭,calf stretch with hands against wall,MOBILITY,MOBILITY_STRETCH,MOBILITY,"[""ANKLE_FOOT""]","[""KNEE""]","[""BODYWEIGHT""]","[""HOME"",""GYM""]",,BEGINNER,DURATION,"[""WARMUP"",""COOLDOWN""]",,30,30,15,벽 짚고 종아리 스트레칭 운동은 발목과 발 주변을 천천히 움직이며 범위를 확인하는 스트레칭입니다.,"[""편안한 시작 자세를 잡고 주변 공간을 확인한다."",""숨을 고르게 쉬며 안내된 방향으로 천천히 움직인다."",""당김이 느껴지는 범위에서 잠시 멈춘다."",""반동 없이 시작 자세로 천천히 돌아온다.""]",representative-content-v0.1.0,gymvisual,1377,gymvisual:1377,,,,gymvisual,1377,calf stretch with hands against wall,calf stretch with hands against wall,,https://github.com/hasaneyldrm/exercises-dataset,Aliaksandr Makatserchyk / Gym visual,MIT,© Gym visual — https://gymvisual.com/,MIT,MIT License,REVIEW_REQUIRED,https://opensource.org/license/mit/,© Aliaksandr Makatserchyk - Gym visual - https://gymvisual.com/,2026-08-20T00:00:00+09:00,PARTIALLY_REVIEWED,image:images/1377-m0tCHqc.jpg;gif:videos/1377-m0tCHqc.gif,m0tCHqc,"Stand facing a wall with your feet hip-width apart. Place your hands against the wall at shoulder height. Step your right foot back, keeping your heel on the ground and your leg straight. Bend your left knee and lean forward, keeping your back leg straight and your heel on the ground. Hold the stretch for 20-30 seconds. Switch legs and repeat the stretch.","[""Stand facing a wall with your feet hip-width apart."", ""Place your hands against the wall at shoulder height."", ""Step your right foot back, keeping your heel on the ground and your leg straight."", ""Bend your left knee and lean forward, keeping your back leg straight and your heel on the ground."", ""Hold the stretch for 20-30 seconds."", ""Switch legs and repeat the stretch.""]",RESOLVED_INTEGRATED_SOURCE,REVIEW_REQUIRED,CONTENT_PRESENT_REVIEWED_ARTIFACT,APPROVED_FROM_POLICY,DOMAIN_APPROVED,True,"[""SOURCE_LICENSE_REVIEW_REQUIRED""]",RETAINED_CANONICAL,기존 canonical stable code를 재정렬하지 않고 유지한다.,EXISTING_CANONICAL,ACTIVE_CANONICAL_RETAINED,exercise-catalog-v2.0.2-final,APPROVED,False,True,[],,,,,,
REX-000100,world_greatest_stretch_mobility_stretch_bodyweight,월드 그레이티스트 스트레칭,월드 그레이티스트 스트레칭,world greatest stretch,MOBILITY,MOBILITY_STRETCH,MOBILITY,"[""HIP"",""KNEE""]","[""ANKLE_FOOT""]","[""BODYWEIGHT""]","[""HOME"",""GYM""]",,INTERMEDIATE,DURATION,"[""WARMUP"",""COOLDOWN""]",,30,30,15,월드 그레이티스트 스트레칭 운동은 고관절·무릎 주변을 천천히 움직이며 범위를 확인하는 스트레칭입니다.,"[""편안한 시작 자세를 잡고 주변 공간을 확인한다."",""숨을 고르게 쉬며 안내된 방향으로 천천히 움직인다."",""당김이 느껴지는 범위에서 잠시 멈춘다."",""반동 없이 시작 자세로 천천히 돌아온다.""]",representative-content-v0.1.0,gymvisual,1604,gymvisual:1604,,,,gymvisual,1604,world greatest stretch,world greatest stretch,,https://github.com/hasaneyldrm/exercises-dataset,Aliaksandr Makatserchyk / Gym visual,MIT,© Gym visual — https://gymvisual.com/,MIT,MIT License,REVIEW_REQUIRED,https://opensource.org/license/mit/,© Aliaksandr Makatserchyk - Gym visual - https://gymvisual.com/,2026-08-20T00:00:00+09:00,PARTIALLY_REVIEWED,image:images/1604-DFGXwZr.jpg;gif:videos/1604-DFGXwZr.gif,DFGXwZr,"Start in a lunge position with your right foot forward and your left foot back. Place your hands on the ground on either side of your right foot. Lower your left knee to the ground and extend your right leg, keeping your right foot flat on the ground. Rotate your torso to the right, reaching your right arm up towards the ceiling. Hold this position for a few seconds, then return to the starting position. Switch sides and repeat the stretch with your left foot forward.","[""Start in a lunge position with your right foot forward and your left foot back."", ""Place your hands on the ground on either side of your right foot."", ""Lower your left knee to the ground and extend your right leg, keeping your right foot flat on the ground."", ""Rotate your torso to the right, reaching your right arm up towards the ceiling."", ""Hold this position for a few seconds, then return to the starting position."", ""Switch sides and repeat the stretch with your left foot forward.""]",RESOLVED_INTEGRATED_SOURCE,REVIEW_REQUIRED,CONTENT_PRESENT_REVIEWED_ARTIFACT,APPROVED_FROM_POLICY,DOMAIN_APPROVED,True,"[""SOURCE_LICENSE_REVIEW_REQUIRED""]",RETAINED_CANONICAL,기존 canonical stable code를 재정렬하지 않고 유지한다.,EXISTING_CANONICAL,ACTIVE_CANONICAL_RETAINED,exercise-catalog-v2.0.2-final,APPROVED,False,True,[],,,,,,
REX-000101,wrist_circles_mobility_stretch_bodyweight,손목 돌리기,손목 돌리기,wrist circles,MOBILITY,MOBILITY_STRETCH,MOBILITY,"[""WRIST_HAND""]","[""ELBOW""]","[""BODYWEIGHT""]","[""HOME"",""GYM""]",,BEGINNER,DURATION,"[""WARMUP"",""COOLDOWN""]",,30,30,15,손목 돌리기 운동은 손목과 손 주변을 천천히 움직이며 범위를 확인하는 스트레칭입니다.,"[""편안한 시작 자세를 잡고 주변 공간을 확인한다."",""숨을 고르게 쉬며 안내된 방향으로 천천히 움직인다."",""당김이 느껴지는 범위에서 잠시 멈춘다."",""반동 없이 시작 자세로 천천히 돌아온다.""]",representative-content-v0.1.0,gymvisual,1428,gymvisual:1428,,,,gymvisual,1428,wrist circles,wrist circles,,https://github.com/hasaneyldrm/exercises-dataset,Aliaksandr Makatserchyk / Gym visual,MIT,© Gym visual — https://gymvisual.com/,MIT,MIT License,REVIEW_REQUIRED,https://opensource.org/license/mit/,© Aliaksandr Makatserchyk - Gym visual - https://gymvisual.com/,2026-08-20T00:00:00+09:00,PARTIALLY_REVIEWED,image:images/1428-2zNKRUB.jpg;gif:videos/1428-2zNKRUB.gif,2zNKRUB,"Extend your arms straight out in front of you. Make a fist with both hands. Rotate your wrists in a circular motion, keeping your arms still. Continue the wrist circles for the desired number of repetitions.","[""Extend your arms straight out in front of you."", ""Make a fist with both hands."", ""Rotate your wrists in a circular motion, keeping your arms still."", ""Continue the wrist circles for the desired number of repetitions.""]",RESOLVED_INTEGRATED_SOURCE,REVIEW_REQUIRED,CONTENT_PRESENT_REVIEWED_ARTIFACT,APPROVED_FROM_POLICY,DOMAIN_APPROVED,True,"[""SOURCE_LICENSE_REVIEW_REQUIRED""]",RETAINED_CANONICAL,기존 canonical stable code를 재정렬하지 않고 유지한다.,EXISTING_CANONICAL,ACTIVE_CANONICAL_RETAINED,exercise-catalog-v2.0.2-final,APPROVED,False,True,[],,,,,,
REX-000102,wrist_curl_isolation_barbell,리스트 컬,리스트 컬,barbell wrist curl,STRENGTH,ISOLATION,FOREARMS,"[""WRIST_HAND""]","[""ELBOW""]","[""BARBELL""]","[""GYM""]",,BEGINNER,REPS,"[""MAIN""]",4,,90,15,리스트 컬 운동은 다른 부위의 움직임을 줄이고 팔뚝을 집중해 사용하는 운동입니다.,"[""시작 자세와 기구를 안정적으로 준비한다."",""안내된 부위를 중심으로 천천히 움직인다."",""끝 범위에서 힘을 잠시 유지한다."",""반동 없이 시작 자세로 돌아온다.""]",representative-content-v0.1.0,gymvisual,0126,gymvisual:0126,,,,gymvisual,0126,barbell wrist curl,barbell wrist curl,,https://github.com/hasaneyldrm/exercises-dataset,Aliaksandr Makatserchyk / Gym visual,MIT,© Gym visual — https://gymvisual.com/,MIT,MIT License,REVIEW_REQUIRED,https://opensource.org/license/mit/,© Aliaksandr Makatserchyk - Gym visual - https://gymvisual.com/,2026-08-20T00:00:00+09:00,PARTIALLY_REVIEWED,image:images/0126-82LxxkW.jpg;gif:videos/0126-82LxxkW.gif,82LxxkW,"Sit on a bench with your feet flat on the ground and your forearms resting on your thighs, holding a barbell with an underhand grip. Allow the barbell to roll down to your fingertips, keeping your wrists straight. Slowly curl the barbell up towards your forearms by flexing your wrists. Pause for a moment at the top, then slowly lower the barbell back down to the starting position. Repeat for the desired number of repetitions.","[""Sit on a bench with your feet flat on the ground and your forearms resting on your thighs, holding a barbell with an underhand grip."", ""Allow the barbell to roll down to your fingertips, keeping your wrists straight."", ""Slowly curl the barbell up towards your forearms by flexing your wrists."", ""Pause for a moment at the top, then slowly lower the barbell back down to the starting position."", ""Repeat for the desired number of repetitions.""]",RESOLVED_INTEGRATED_SOURCE,REVIEW_REQUIRED,CONTENT_PRESENT_REVIEWED_ARTIFACT,APPROVED_FROM_POLICY,DOMAIN_APPROVED,True,"[""SOURCE_LICENSE_REVIEW_REQUIRED""]",RETAINED_CANONICAL,기존 canonical stable code를 재정렬하지 않고 유지한다.,EXISTING_CANONICAL,ACTIVE_CANONICAL_RETAINED,exercise-catalog-v2.0.2-final,APPROVED,False,False,[],,,,,,
REX-000103,barbell_decline_bent_arm_pullover_isolation_barbell,바벨 디클라인 벤트 암 풀오버,바벨 디클라인 벤트 암 풀오버,barbell decline bent arm pullover,STRENGTH,ISOLATION,BACK,"[""UPPER_BACK""]","[""CHEST"",""ELBOW""]","[""BARBELL""]","[""GYM""]",디클라인 벤치와 바벨을 준비하고 발 고정 상태를 확인한다.,INTERMEDIATE,REPS,"[""MAIN""]",4,,90,15,디클라인 벤치에 누워 발을 고정하고 바벨을 가슴 위에서 머리 뒤로 천천히 내렸다가 시작 위치로 돌아옵니다.,"[""머리가 엉덩이보다 낮은 디클라인 벤치에 누워 발을 고정한다."",""바벨을 손바닥이 앞을 향하도록 잡고 가슴 위에서 팔을 편다."",""팔꿈치를 약간 굽힌 채 바벨을 머리 뒤로 천천히 내린다."",""반동 없이 광배근으로 바벨을 시작 위치까지 되돌린다.""]",representative-content-v0.1.0,gymvisual,0034,gymvisual:0034,v1,v1:NEX-000002,v1:NEX-000002,gymvisual,0034,barbell decline bent arm pullover,barbell decline bent arm pullover,,https://github.com/hasaneyldrm/exercises-dataset,Aliaksandr Makatserchyk / Gym visual,MIT,© Gym visual — https://gymvisual.com/,MIT,MIT License,REVIEW_REQUIRED,https://opensource.org/license/mit/,© Aliaksandr Makatserchyk - Gym visual - https://gymvisual.com/,2026-08-20T00:00:00+09:00,PARTIALLY_REVIEWED,image:images/0034-hMEptv0.jpg;gif:videos/0034-hMEptv0.gif,hMEptv0,"Lie down on a decline bench with your head lower than your hips and your feet secured. Hold a barbell with a pronated grip (palms facing away from you) and extend your arms straight above your chest. Lower the barbell behind your head in a controlled manner, keeping your arms slightly bent. Pause for a moment, then raise the barbell back to the starting position by contracting your lats. Repeat for the desired number of repetitions.","[""Lie down on a decline bench with your head lower than your hips and your feet secured."", ""Hold a barbell with a pronated grip (palms facing away from you) and extend your arms straight above your chest."", ""Lower the barbell behind your head in a controlled manner, keeping your arms slightly bent."", ""Pause for a moment, then raise the barbell back to the starting position by contracting your lats."", ""Repeat for the desired number of repetitions.""]",RESOLVED_INTEGRATED_SOURCE,REVIEW_REQUIRED,ALIGNED_AFTER_FIRST_PASS_REVIEW_REQUIRED,APPROVED_FROM_POLICY,REVIEW_REQUIRED,True,"[""EXISTING_REVIEW_REQUIRED"",""INSTRUCTION_CONTENT_REVIEW_REQUIRED"",""SOURCE_LICENSE_REVIEW_REQUIRED""]",SEPARATE_EXERCISE,사람 직접 검수 결과 별도 운동으로 승격했다. 기존 stable code는 재사용하지 않는다.,USER_DIRECT_REVIEW,ACTIVE_CANONICAL_PROMOTED_FROM_LEGACY,exercise-catalog-v2.0.2-final,REVIEW_REQUIRED,False,False,"[""NEX-000002""]","[""INTERMEDIATE""]",NONE,,"{""INTERMEDIATE"":""FITT-ISOLATION-STRENGTH-INTERMEDIATE-V1""}",NEX-000002,EXERCISE
REX-000104,cable_incline_fly_on_stability_ball_isolation_stability_ball,케이블 인클라인 플라이(짐볼),케이블 인클라인 플라이(짐볼),cable incline fly (on stability ball),STRENGTH,ISOLATION,CHEST,"[""CHEST"",""SHOULDER""]","[""ABDOMEN""]","[""STABILITY_BALL"",""CABLE_MACHINE""]","[""GYM""]",인클라인으로 고정한 짐볼과 케이블 머신을 준비한다.,INTERMEDIATE,REPS,"[""MAIN""]",4,,90,15,인클라인으로 고정한 짐볼에 앉아 케이블 손잡이를 양손으로 잡고 팔을 벌렸다가 통제하며 돌아옵니다.,"[""인클라인으로 고정한 짐볼에 발을 바닥에 두고 안정적으로 앉는다."",""케이블 손잡이를 손바닥이 앞을 향하도록 잡고 등을 곧게 편다."",""팔꿈치를 약간 굽힌 채 양팔을 옆으로 벌린다."",""몸통이 흔들리지 않는 범위에서 천천히 시작 위치로 돌아온다.""]",representative-content-v0.1.0,gymvisual,0170,gymvisual:0170,v1,v1:NEX-000016,v1:NEX-000016,gymvisual,0170,cable incline fly (on stability ball),cable incline fly (on stability ball),,https://github.com/hasaneyldrm/exercises-dataset,Aliaksandr Makatserchyk / Gym visual,MIT,© Gym visual — https://gymvisual.com/,MIT,MIT License,REVIEW_REQUIRED,https://opensource.org/license/mit/,© Aliaksandr Makatserchyk - Gym visual - https://gymvisual.com/,2026-08-20T00:00:00+09:00,PARTIALLY_REVIEWED,image:images/0170-27NNGFr.jpg;gif:videos/0170-27NNGFr.gif,27NNGFr,"Set up a stability ball at an incline angle. Attach the cable handles to the high pulleys of a cable machine. Sit on the stability ball facing away from the machine, with your feet firmly planted on the ground. Grasp the cable handles with an overhand grip, palms facing forward. Lean forward slightly, keeping your back straight and core engaged. With a controlled motion, bring your arms out to the sides, keeping a slight bend in your elbows. Continue the motion until your arms are parallel to the ground. Pause for a moment, then slowly return to the starting position. Repeat for the desired number of repetitions.","[""Set up a stability ball at an incline angle."", ""Attach the cable handles to the high pulleys of a cable machine."", ""Sit on the stability ball facing away from the machine, with your feet firmly planted on the ground."", ""Grasp the cable handles with an overhand grip, palms facing forward."", ""Lean forward slightly, keeping your back straight and core engaged."", ""With a controlled motion, bring your arms out to the sides, keeping a slight bend in your elbows."", ""Continue the motion until your arms are parallel to the ground."", ""Pause for a moment, then slowly return to the starting position."", ""Repeat for the desired number of repetitions.""]",RESOLVED_INTEGRATED_SOURCE,REVIEW_REQUIRED,ALIGNED_AFTER_FIRST_PASS_REVIEW_REQUIRED,APPROVED_FROM_POLICY,REVIEW_REQUIRED,True,"[""EXISTING_REVIEW_REQUIRED"",""INSTRUCTION_CONTENT_REVIEW_REQUIRED"",""SOURCE_LICENSE_REVIEW_REQUIRED""]",SEPARATE_EXERCISE,사람 직접 검수 결과 별도 운동으로 승격했다. 기존 stable code는 재사용하지 않는다.,USER_DIRECT_REVIEW,ACTIVE_CANONICAL_PROMOTED_FROM_LEGACY,exercise-catalog-v2.0.2-final,REVIEW_REQUIRED,False,False,"[""NEX-000016""]","[""BEGINNER"",""INTERMEDIATE""]",NONE,,"{""BEGINNER"":""FITT-ISOLATION-STRENGTH-V1"",""INTERMEDIATE"":""FITT-ISOLATION-STRENGTH-INTERMEDIATE-V1""}",NEX-000016,EXERCISE
REX-000106,cable_reverse_grip_straight_back_seated_high_row_isolation_cable_machine,케이블 리버스-그립 스트레이트 등 시티드 하이 로우,케이블 리버스-그립 스트레이트 등 시티드 하이 로우,cable reverse-grip straight back seated high row,STRENGTH,HORIZONTAL_PULL,BACK,"[""UPPER_BACK""]","[""SHOULDER"",""ELBOW""]","[""CABLE_MACHINE""]","[""GYM""]",케이블 머신 시트를 안정적으로 조정한다.,INTERMEDIATE,REPS,"[""MAIN""]",4,,90,15,케이블 머신에 앉아 손바닥이 위를 향하도록 손잡이를 잡고 등을 곧게 편 채 팔꿈치를 뒤로 당겼다가 천천히 돌아옵니다.,"[""케이블 머신 시트에 앉아 발바닥을 바닥에 둔다."",""손바닥이 위를 향하는 언더핸드 그립으로 손잡이를 잡는다."",""등을 곧게 유지하며 견갑골을 모아 손잡이를 몸통 쪽으로 당긴다."",""정점에서 잠시 멈춘 뒤 케이블을 천천히 놓는다.""]",representative-content-v0.1.0,gymvisual,0208,gymvisual:0208,v1,v1:NEX-000022,v1:NEX-000022,gymvisual,0208,cable reverse-grip straight back seated high row,cable reverse-grip straight back seated high row,,https://github.com/hasaneyldrm/exercises-dataset,Aliaksandr Makatserchyk / Gym visual,MIT,© Gym visual — https://gymvisual.com/,MIT,MIT License,REVIEW_REQUIRED,https://opensource.org/license/mit/,© Aliaksandr Makatserchyk - Gym visual - https://gymvisual.com/,2026-08-20T00:00:00+09:00,PARTIALLY_REVIEWED,image:images/0208-PNtsX17.jpg;gif:videos/0208-PNtsX17.gif,PNtsX17,"Sit on the seat facing the cable machine with your feet flat on the floor. Grasp the cable attachment with an underhand grip, palms facing up, and your hands shoulder-width apart. Keep your back straight and lean slightly forward from your hips. Pull the cable towards your torso by retracting your shoulder blades and squeezing your back muscles. Pause for a moment at the peak of the contraction, then slowly release the cable back to the starting position. Repeat for the desired number of repetitions.","[""Sit on the seat facing the cable machine with your feet flat on the floor."", ""Grasp the cable attachment with an underhand grip, palms facing up, and your hands shoulder-width apart."", ""Keep your back straight and lean slightly forward from your hips."", ""Pull the cable towards your torso by retracting your shoulder blades and squeezing your back muscles."", ""Pause for a moment at the peak of the contraction, then slowly release the cable back to the starting position."", ""Repeat for the desired number of repetitions.""]",RESOLVED_INTEGRATED_SOURCE,REVIEW_REQUIRED,ALIGNED_AFTER_FIRST_PASS_REVIEW_REQUIRED,APPROVED_FROM_POLICY,REVIEW_REQUIRED,True,"[""EXISTING_REVIEW_REQUIRED"",""INSTRUCTION_CONTENT_REVIEW_REQUIRED"",""SOURCE_LICENSE_REVIEW_REQUIRED""]",SEPARATE_EXERCISE,사람 직접 검수 결과 별도 운동으로 승격했다. 기존 stable code는 재사용하지 않는다.,USER_DIRECT_REVIEW,ACTIVE_CANONICAL_PROMOTED_FROM_LEGACY,exercise-catalog-v2.0.2-final,REVIEW_REQUIRED,False,False,"[""NEX-000022""]","[""BEGINNER"",""INTERMEDIATE""]",NONE,,"{""BEGINNER"":""FITT-COMPOUND-PULL-V1"",""INTERMEDIATE"":""FITT-COMPOUND-PULL-INTERMEDIATE-V1""}",NEX-000022,EXERCISE
REX-000108,dumbbell_incline_rear_lateral_raise_isolation_dumbbell,덤벨 인클라인 리어 레터럴 레이즈,덤벨 인클라인 리어 레터럴 레이즈,dumbbell incline rear lateral raise,STRENGTH,ISOLATION,SHOULDERS,"[""SHOULDER""]","[""UPPER_BACK""]","[""DUMBBELL""]","[""HOME"",""GYM""]",45도로 조절한 인클라인 벤치를 준비한다.,BEGINNER,REPS,"[""MAIN""]",4,,90,15,45도 인클라인 벤치에 가슴을 대고 덤벨을 양손에 든 뒤 팔을 양옆으로 들어 올렸다가 천천히 내립니다.,"[""인클라인 벤치를 45도로 조정하고 가슴을 등받이에 댄다."",""덤벨을 손바닥이 서로 마주 보게 잡고 팔을 아래로 늘어뜨린다."",""팔꿈치를 약간 굽힌 채 팔을 바닥과 평행한 높이까지 벌린다."",""정점에서 잠시 멈춘 뒤 덤벨을 천천히 내린다.""]",representative-content-v0.1.0,gymvisual,0326,gymvisual:0326,v1,v1:NEX-000037,v1:NEX-000037,gymvisual,0326,dumbbell incline rear lateral raise,dumbbell incline rear lateral raise,,https://github.com/hasaneyldrm/exercises-dataset,Aliaksandr Makatserchyk / Gym visual,MIT,© Gym visual — https://gymvisual.com/,MIT,MIT License,REVIEW_REQUIRED,https://opensource.org/license/mit/,© Aliaksandr Makatserchyk - Gym visual - https://gymvisual.com/,2026-08-20T00:00:00+09:00,PARTIALLY_REVIEWED,image:images/0326-vYk8lqw.jpg;gif:videos/0326-vYk8lqw.gif,vYk8lqw,"Set up an incline bench at a 45-degree angle. Sit on the bench with your chest against the backrest and hold a dumbbell in each hand. Extend your arms straight down with your palms facing each other. Keeping a slight bend in your elbows, raise your arms out to the sides until they are parallel to the ground. Pause for a moment at the top, then slowly lower your arms back down to the starting position. Repeat for the desired number of repetitions.","[""Set up an incline bench at a 45-degree angle."", ""Sit on the bench with your chest against the backrest and hold a dumbbell in each hand."", ""Extend your arms straight down with your palms facing each other."", ""Keeping a slight bend in your elbows, raise your arms out to the sides until they are parallel to the ground."", ""Pause for a moment at the top, then slowly lower your arms back down to the starting position."", ""Repeat for the desired number of repetitions.""]",RESOLVED_INTEGRATED_SOURCE,REVIEW_REQUIRED,ALIGNED_AFTER_FIRST_PASS_REVIEW_REQUIRED,APPROVED_FROM_POLICY,REVIEW_REQUIRED,True,"[""EXISTING_REVIEW_REQUIRED"",""INSTRUCTION_CONTENT_REVIEW_REQUIRED"",""SOURCE_LICENSE_REVIEW_REQUIRED""]",SEPARATE_EXERCISE,사람 직접 검수 결과 별도 운동으로 승격했다. 기존 stable code는 재사용하지 않는다.,USER_DIRECT_REVIEW,ACTIVE_CANONICAL_PROMOTED_FROM_LEGACY,exercise-catalog-v2.0.2-final,REVIEW_REQUIRED,False,False,"[""NEX-000037""]","[""BEGINNER"",""INTERMEDIATE""]",NONE,,"{""BEGINNER"":""FITT-ISOLATION-STRENGTH-V1"",""INTERMEDIATE"":""FITT-ISOLATION-STRENGTH-INTERMEDIATE-V1""}",NEX-000037,EXERCISE
REX-000109,dumbbell_lateral_to_front_raise_isolation_dumbbell,덤벨 레터럴 투 프론트 레이즈,덤벨 레터럴 투 프론트 레이즈,dumbbell lateral to front raise,STRENGTH,ISOLATION,SHOULDERS,"[""SHOULDER""]","[""ELBOW""]","[""DUMBBELL""]","[""HOME"",""GYM""]",,INTERMEDIATE,REPS,"[""MAIN""]",4,,90,15,"덤벨을 양손에 들고 팔을 양옆으로 들어 올렸다가 내린 다음, 같은 방식으로 몸 앞까지 들어 올립니다.","[""발을 어깨너비로 두고 덤벨을 몸 옆에서 잡는다."",""등을 곧게 세우고 팔을 양옆으로 어깨 높이까지 들어 올린다."",""팔을 천천히 내린 뒤 몸 앞쪽으로 어깨 높이까지 들어 올린다."",""각 동작에서 팔꿈치를 약간 굽히고 반동을 사용하지 않는다.""]",representative-content-v0.1.0,gymvisual,0335,gymvisual:0335,v1,v1:NEX-000040,v1:NEX-000040,gymvisual,0335,dumbbell lateral to front raise,dumbbell lateral to front raise,,https://github.com/hasaneyldrm/exercises-dataset,Aliaksandr Makatserchyk / Gym visual,MIT,© Gym visual — https://gymvisual.com/,MIT,MIT License,REVIEW_REQUIRED,https://opensource.org/license/mit/,© Aliaksandr Makatserchyk - Gym visual - https://gymvisual.com/,2026-08-20T00:00:00+09:00,PARTIALLY_REVIEWED,image:images/0335-xMjBKwn.jpg;gif:videos/0335-xMjBKwn.gif,xMjBKwn,"Stand with your feet shoulder-width apart, holding a dumbbell in each hand with your palms facing your body. Keep your back straight and engage your core. Raise your arms out to the sides until they are parallel to the ground, keeping a slight bend in your elbows. Pause for a moment at the top, then slowly lower your arms back down to the starting position. Next, raise your arms in front of you until they are parallel to the ground, again keeping a slight bend in your elbows. Pause for a moment at the top, then slowly lower your arms back down to the starting position. Repeat for the desired number of repetitions.","[""Stand with your feet shoulder-width apart, holding a dumbbell in each hand with your palms facing your body."", ""Keep your back straight and engage your core."", ""Raise your arms out to the sides until they are parallel to the ground, keeping a slight bend in your elbows."", ""Pause for a moment at the top, then slowly lower your arms back down to the starting position."", ""Next, raise your arms in front of you until they are parallel to the ground, again keeping a slight bend in your elbows."", ""Pause for a moment at the top, then slowly lower your arms back down to the starting position."", ""Repeat for the desired number of repetitions.""]",RESOLVED_INTEGRATED_SOURCE,REVIEW_REQUIRED,ALIGNED_AFTER_FIRST_PASS_REVIEW_REQUIRED,APPROVED_FROM_POLICY,REVIEW_REQUIRED,True,"[""EXISTING_REVIEW_REQUIRED"",""INSTRUCTION_CONTENT_REVIEW_REQUIRED"",""SOURCE_LICENSE_REVIEW_REQUIRED""]",SEPARATE_EXERCISE,사람 직접 검수 결과 별도 운동으로 승격했다. 기존 stable code는 재사용하지 않는다.,USER_DIRECT_REVIEW,ACTIVE_CANONICAL_PROMOTED_FROM_LEGACY,exercise-catalog-v2.0.2-final,REVIEW_REQUIRED,False,False,"[""NEX-000040""]","[""BEGINNER"",""INTERMEDIATE""]",NONE,,"{""BEGINNER"":""FITT-ISOLATION-STRENGTH-V1"",""INTERMEDIATE"":""FITT-ISOLATION-STRENGTH-INTERMEDIATE-V1""}",NEX-000040,EXERCISE
REX-000110,dumbbell_lying_rear_lateral_raise_isolation_dumbbell,덤벨 라잉 리어 레터럴 레이즈,덤벨 라잉 리어 레터럴 레이즈,dumbbell lying rear lateral raise,STRENGTH,ISOLATION,SHOULDERS,"[""SHOULDER""]","[""UPPER_BACK""]","[""DUMBBELL""]","[""HOME"",""GYM""]",안정적인 플랫 벤치를 준비한다.,BEGINNER,REPS,"[""MAIN""]",4,,90,15,플랫 벤치에 엎드려 덤벨을 양손에 들고 팔을 양옆으로 들어 올렸다가 천천히 내립니다.,"[""플랫 벤치에 엎드려 가슴을 지지하고 덤벨을 손바닥이 서로 마주 보게 잡는다."",""팔을 바닥 쪽으로 늘어뜨리되 팔꿈치를 약간 굽힌다."",""어깨 뒤쪽을 사용해 팔을 바닥과 평행한 높이까지 벌린다."",""정점에서 멈춘 뒤 덤벨을 천천히 시작 위치로 내린다.""]",representative-content-v0.1.0,gymvisual,0348,gymvisual:0348,v1,v1:NEX-000042,v1:NEX-000042,gymvisual,0348,dumbbell lying rear lateral raise,dumbbell lying rear lateral raise,,https://github.com/hasaneyldrm/exercises-dataset,Aliaksandr Makatserchyk / Gym visual,MIT,© Gym visual — https://gymvisual.com/,MIT,MIT License,REVIEW_REQUIRED,https://opensource.org/license/mit/,© Aliaksandr Makatserchyk - Gym visual - https://gymvisual.com/,2026-08-20T00:00:00+09:00,PARTIALLY_REVIEWED,image:images/0348-53Ttlck.jpg;gif:videos/0348-53Ttlck.gif,53Ttlck,"Lie face down on a flat bench with a dumbbell in each hand, palms facing each other. Extend your arms straight down towards the floor, keeping a slight bend in your elbows. Engaging your shoulder muscles, lift your arms out to the sides until they are parallel to the floor. Pause for a moment at the top, then slowly lower your arms back down to the starting position. Repeat for the desired number of repetitions.","[""Lie face down on a flat bench with a dumbbell in each hand, palms facing each other."", ""Extend your arms straight down towards the floor, keeping a slight bend in your elbows."", ""Engaging your shoulder muscles, lift your arms out to the sides until they are parallel to the floor."", ""Pause for a moment at the top, then slowly lower your arms back down to the starting position."", ""Repeat for the desired number of repetitions.""]",RESOLVED_INTEGRATED_SOURCE,REVIEW_REQUIRED,ALIGNED_AFTER_FIRST_PASS_REVIEW_REQUIRED,APPROVED_FROM_POLICY,REVIEW_REQUIRED,True,"[""EXISTING_REVIEW_REQUIRED"",""INSTRUCTION_CONTENT_REVIEW_REQUIRED"",""SOURCE_LICENSE_REVIEW_REQUIRED""]",SEPARATE_EXERCISE,사람 직접 검수 결과 별도 운동으로 승격했다. 기존 stable code는 재사용하지 않는다.,USER_DIRECT_REVIEW,ACTIVE_CANONICAL_PROMOTED_FROM_LEGACY,exercise-catalog-v2.0.2-final,REVIEW_REQUIRED,False,False,"[""NEX-000042""]","[""BEGINNER"",""INTERMEDIATE""]",NONE,,"{""BEGINNER"":""FITT-ISOLATION-STRENGTH-V1"",""INTERMEDIATE"":""FITT-ISOLATION-STRENGTH-INTERMEDIATE-V1""}",NEX-000042,EXERCISE
REX-000111,dumbbell_over_bench_revers_wrist_curl_isolation_dumbbell,덤벨 오버 벤치 리버스 리스트 컬,덤벨 오버 벤치 리버스 리스트 컬,dumbbell over bench reverse wrist curl,STRENGTH,ISOLATION,FOREARMS,"[""WRIST_HAND""]","[""ELBOW""]","[""DUMBBELL""]","[""HOME"",""GYM""]",안정적인 지지물(벤치 또는 의자 등)을 준비한다.,BEGINNER,REPS,"[""MAIN""]",4,,90,15,벤치에 팔뚝을 올리고 손바닥이 아래를 향하게 덤벨을 잡은 뒤 손목을 위로 말아 올렸다가 천천히 내립니다.,"[""벤치에 앉아 팔뚝을 벤치 위에 두고 손목을 가장자리 밖으로 뺀다."",""손바닥이 아래를 향하도록 양손에 덤벨을 잡는다."",""팔뚝을 고정한 채 손목만 몸 쪽으로 천천히 굽힌다."",""정점에서 잠시 멈춘 뒤 덤벨을 천천히 내린다.""]",representative-content-v0.1.0,gymvisual,0368,gymvisual:0368,v1,v1:NEX-000045,v1:NEX-000045,gymvisual,0368,dumbbell over bench revers wrist curl,dumbbell over bench revers wrist curl,,https://github.com/hasaneyldrm/exercises-dataset,Aliaksandr Makatserchyk / Gym visual,MIT,© Gym visual — https://gymvisual.com/,MIT,MIT License,REVIEW_REQUIRED,https://opensource.org/license/mit/,© Aliaksandr Makatserchyk - Gym visual - https://gymvisual.com/,2026-08-20T00:00:00+09:00,PARTIALLY_REVIEWED,image:images/0368-3tAXPQ6.jpg;gif:videos/0368-3tAXPQ6.gif,3tAXPQ6,"Sit on a bench with your feet flat on the ground and hold a dumbbell in each hand, palms facing down. Rest your forearms on the bench, allowing your wrists to hang off the edge. Slowly curl your wrists upward, bringing the dumbbells towards your body. Pause for a moment at the top, then slowly lower the dumbbells back down to the starting position. Repeat for the desired number of repetitions.","[""Sit on a bench with your feet flat on the ground and hold a dumbbell in each hand, palms facing down."", ""Rest your forearms on the bench, allowing your wrists to hang off the edge."", ""Slowly curl your wrists upward, bringing the dumbbells towards your body."", ""Pause for a moment at the top, then slowly lower the dumbbells back down to the starting position."", ""Repeat for the desired number of repetitions.""]",RESOLVED_INTEGRATED_SOURCE,REVIEW_REQUIRED,ALIGNED_AFTER_FIRST_PASS_REVIEW_REQUIRED,APPROVED_FROM_POLICY,REVIEW_REQUIRED,True,"[""EXISTING_REVIEW_REQUIRED"",""INSTRUCTION_CONTENT_REVIEW_REQUIRED"",""SOURCE_LICENSE_REVIEW_REQUIRED""]",SEPARATE_EXERCISE,사람 직접 검수 결과 별도 운동으로 승격했다. 기존 stable code는 재사용하지 않는다.,USER_DIRECT_REVIEW,ACTIVE_CANONICAL_PROMOTED_FROM_LEGACY,exercise-catalog-v2.0.2-final,REVIEW_REQUIRED,False,False,"[""NEX-000045""]","[""BEGINNER"",""INTERMEDIATE""]",NONE,,"{""BEGINNER"":""FITT-ISOLATION-STRENGTH-V1"",""INTERMEDIATE"":""FITT-ISOLATION-STRENGTH-INTERMEDIATE-V1""}",NEX-000045,EXERCISE
REX-000112,dumbbell_rear_lateral_raise_support_head_isolation_dumbbell,덤벨 리어 레터럴 레이즈(머리 지지),덤벨 리어 레터럴 레이즈(머리 지지),dumbbell rear lateral raise (support head),STRENGTH,ISOLATION,SHOULDERS,"[""SHOULDER""]","[""ELBOW""]","[""DUMBBELL""]","[""HOME"",""GYM""]",이마를 가볍게 댈 수 있는 안정적인 벤치를 준비한다.,BEGINNER,REPS,"[""MAIN""]",4,,90,15,안정적인 벤치에 이마를 가볍게 대어 머리를 지지한 상태에서 상체를 기울여 덤벨을 양옆으로 들어 올렸다가 천천히 내립니다.,"[""안정적인 벤치에 이마를 가볍게 대어 머리를 지지하고 덤벨을 양손에 잡는다."",""무릎을 약간 굽히고 등을 곧게 유지한 채 고관절에서 상체를 기울인다."",""팔꿈치를 약간 굽힌 채 팔을 양옆으로 들어 올린다."",""반동 없이 덤벨을 천천히 시작 위치로 내린다.""]",representative-content-v0.1.0,gymvisual,0379,gymvisual:0379,v1,v1:NEX-000049,v1:NEX-000049,gymvisual,0379,dumbbell rear lateral raise (support head),dumbbell rear lateral raise (support head),,https://github.com/hasaneyldrm/exercises-dataset,Aliaksandr Makatserchyk / Gym visual,MIT,© Gym visual — https://gymvisual.com/,MIT,MIT License,REVIEW_REQUIRED,https://opensource.org/license/mit/,© Aliaksandr Makatserchyk - Gym visual - https://gymvisual.com/,2026-08-20T00:00:00+09:00,PARTIALLY_REVIEWED,image:images/0379-UzkLrem.jpg;gif:videos/0379-UzkLrem.gif,UzkLrem,"Stand with your feet shoulder-width apart and hold a dumbbell in each hand. Bend your knees slightly and hinge forward at the hips, keeping your back straight. Raise your arms out to the sides, keeping a slight bend in your elbows, until they are parallel to the ground. Pause for a moment at the top, then slowly lower your arms back down to the starting position. Repeat for the desired number of repetitions.","[""Stand with your feet shoulder-width apart and hold a dumbbell in each hand."", ""Bend your knees slightly and hinge forward at the hips, keeping your back straight."", ""Raise your arms out to the sides, keeping a slight bend in your elbows, until they are parallel to the ground."", ""Pause for a moment at the top, then slowly lower your arms back down to the starting position."", ""Repeat for the desired number of repetitions.""]",RESOLVED_INTEGRATED_SOURCE,REVIEW_REQUIRED,ALIGNED_AFTER_FIRST_PASS_REVIEW_REQUIRED,APPROVED_FROM_POLICY,REVIEW_REQUIRED,True,"[""EXISTING_REVIEW_REQUIRED"",""INSTRUCTION_CONTENT_REVIEW_REQUIRED"",""SOURCE_LICENSE_REVIEW_REQUIRED""]",SEPARATE_EXERCISE,사람 직접 검수 결과 별도 운동으로 승격했다. 기존 stable code는 재사용하지 않는다.,USER_DIRECT_REVIEW,ACTIVE_CANONICAL_PROMOTED_FROM_LEGACY,exercise-catalog-v2.0.2-final,REVIEW_REQUIRED,False,False,"[""NEX-000049""]","[""BEGINNER"",""INTERMEDIATE""]",NONE,,"{""BEGINNER"":""FITT-ISOLATION-STRENGTH-V1"",""INTERMEDIATE"":""FITT-ISOLATION-STRENGTH-INTERMEDIATE-V1""}",NEX-000049,EXERCISE
REX-000113,dumbbell_rear_lateral_raise_isolation_dumbbell,덤벨 리어 레터럴 레이즈,덤벨 리어 레터럴 레이즈,dumbbell rear lateral raise,STRENGTH,ISOLATION,SHOULDERS,"[""SHOULDER""]","[""ELBOW""]","[""DUMBBELL""]","[""HOME"",""GYM""]",,BEGINNER,REPS,"[""MAIN""]",4,,90,15,상체를 고관절에서 앞으로 기울여 덤벨을 양손에 들고 팔을 양옆으로 들어 올렸다가 천천히 내립니다.,"[""발을 어깨너비로 두고 손바닥이 몸을 향하도록 덤벨을 잡는다."",""무릎을 약간 굽히고 등을 곧게 유지한 채 상체를 기울인다."",""팔꿈치를 약간 굽힌 채 팔을 바닥과 평행한 높이까지 벌린다."",""어깨를 으쓱하지 말고 덤벨을 천천히 내린다.""]",representative-content-v0.1.0,gymvisual,0380,gymvisual:0380,v1,v1:NEX-000050,v1:NEX-000050,gymvisual,0380,dumbbell rear lateral raise,dumbbell rear lateral raise,,https://github.com/hasaneyldrm/exercises-dataset,Aliaksandr Makatserchyk / Gym visual,MIT,© Gym visual — https://gymvisual.com/,MIT,MIT License,REVIEW_REQUIRED,https://opensource.org/license/mit/,© Aliaksandr Makatserchyk - Gym visual - https://gymvisual.com/,2026-08-20T00:00:00+09:00,PARTIALLY_REVIEWED,image:images/0380-v1qBec9.jpg;gif:videos/0380-v1qBec9.gif,v1qBec9,"Stand with your feet shoulder-width apart and hold a dumbbell in each hand, palms facing your body. Bend your knees slightly and hinge forward at the hips, keeping your back straight and core engaged. Raise your arms out to the sides, keeping a slight bend in your elbows, until they are parallel to the floor. Pause for a moment at the top, then slowly lower your arms back down to the starting position. Repeat for the desired number of repetitions.","[""Stand with your feet shoulder-width apart and hold a dumbbell in each hand, palms facing your body."", ""Bend your knees slightly and hinge forward at the hips, keeping your back straight and core engaged."", ""Raise your arms out to the sides, keeping a slight bend in your elbows, until they are parallel to the floor."", ""Pause for a moment at the top, then slowly lower your arms back down to the starting position."", ""Repeat for the desired number of repetitions.""]",RESOLVED_INTEGRATED_SOURCE,REVIEW_REQUIRED,ALIGNED_AFTER_FIRST_PASS_REVIEW_REQUIRED,APPROVED_FROM_POLICY,REVIEW_REQUIRED,True,"[""EXISTING_REVIEW_REQUIRED"",""INSTRUCTION_CONTENT_REVIEW_REQUIRED"",""SOURCE_LICENSE_REVIEW_REQUIRED""]",SEPARATE_EXERCISE,사람 직접 검수 결과 별도 운동으로 승격했다. 기존 stable code는 재사용하지 않는다.,USER_DIRECT_REVIEW,ACTIVE_CANONICAL_PROMOTED_FROM_LEGACY,exercise-catalog-v2.0.2-final,REVIEW_REQUIRED,False,False,"[""NEX-000050""]","[""BEGINNER"",""INTERMEDIATE""]",NONE,,"{""BEGINNER"":""FITT-ISOLATION-STRENGTH-V1"",""INTERMEDIATE"":""FITT-ISOLATION-STRENGTH-INTERMEDIATE-V1""}",NEX-000050,EXERCISE
REX-000114,inverse_leg_curl_bench_support_isolation_bodyweight,인버스 레그 컬(벤치 지지),인버스 레그 컬(벤치 지지),inverse leg curl (bench support),STRENGTH,KNEE_FLEXION,HAMSTRINGS,"[""KNEE""]","[""HIP""]","[""BODYWEIGHT""]","[""HOME"",""GYM""]",안정적인 지지물(벤치 또는 의자 등)을 준비한다.,BEGINNER,REPS,"[""MAIN""]",4,,90,15,벤치에 엎드려 엉덩이를 가장자리에 두고 다리를 뒤로 뻗은 뒤 무릎을 굽혀 발을 엉덩이 쪽으로 당겼다가 폅니다.,"[""벤치에 엎드려 엉덩이를 가장자리에 두고 벤치를 잡아 몸을 지지한다."",""상체를 고정한 채 양쪽 무릎을 천천히 굽힌다."",""발을 엉덩이 쪽으로 당긴 지점에서 잠시 멈춘다."",""다리를 통제하며 시작 위치까지 천천히 편다.""]",representative-content-v0.1.0,gymvisual,0496,gymvisual:0496,v1,v1:NEX-000065,v1:NEX-000065,gymvisual,0496,inverse leg curl (bench support),inverse leg curl (bench support),,https://github.com/hasaneyldrm/exercises-dataset,Aliaksandr Makatserchyk / Gym visual,MIT,© Gym visual — https://gymvisual.com/,MIT,MIT License,REVIEW_REQUIRED,https://opensource.org/license/mit/,© Aliaksandr Makatserchyk - Gym visual - https://gymvisual.com/,2026-08-20T00:00:00+09:00,PARTIALLY_REVIEWED,image:images/0496-ms7tjSG.jpg;gif:videos/0496-ms7tjSG.gif,ms7tjSG,"Lie face down on a bench with your hips at the edge and your legs extended straight behind you. Hold onto the bench for support. Keeping your upper body still, bend your knees and curl your legs towards your glutes. Pause for a moment at the top, then slowly extend your legs back to the starting position. Repeat for the desired number of repetitions.","[""Lie face down on a bench with your hips at the edge and your legs extended straight behind you."", ""Hold onto the bench for support."", ""Keeping your upper body still, bend your knees and curl your legs towards your glutes."", ""Pause for a moment at the top, then slowly extend your legs back to the starting position."", ""Repeat for the desired number of repetitions.""]",RESOLVED_INTEGRATED_SOURCE,REVIEW_REQUIRED,ALIGNED_AFTER_FIRST_PASS_REVIEW_REQUIRED,APPROVED_FROM_POLICY,REVIEW_REQUIRED,True,"[""EXISTING_REVIEW_REQUIRED"",""INSTRUCTION_CONTENT_REVIEW_REQUIRED"",""SOURCE_LICENSE_REVIEW_REQUIRED""]",SEPARATE_EXERCISE,사람 직접 검수 결과 별도 운동으로 승격했다. 기존 stable code는 재사용하지 않는다.,USER_DIRECT_REVIEW,ACTIVE_CANONICAL_PROMOTED_FROM_LEGACY,exercise-catalog-v2.0.2-final,REVIEW_REQUIRED,False,False,"[""NEX-000065""]","[""BEGINNER"",""INTERMEDIATE""]",NONE,,"{""BEGINNER"":""FITT-ISOLATION-STRENGTH-V1"",""INTERMEDIATE"":""FITT-ISOLATION-STRENGTH-INTERMEDIATE-V1""}",NEX-000065,EXERCISE
REX-000115,inverted_row_with_straps_isolation_stretch_strap,인버티드 로우(스트랩),인버티드 로우(스트랩),inverted row with straps,STRENGTH,HORIZONTAL_PULL,BACK,"[""UPPER_BACK""]","[""ELBOW"",""SHOULDER""]","[""STRETCH_STRAP""]","[""GYM""]",서스펜션 트레이너 또는 스트랩을 가슴 높이에 고정한다.,INTERMEDIATE,REPS,"[""MAIN""]",4,,90,15,가슴 높이에 고정한 스트랩을 잡고 몸을 기울여 가슴을 손잡이 쪽으로 당겼다가 천천히 돌아옵니다.,"[""스트랩 또는 서스펜션 트레이너를 가슴 높이에 고정한다."",""손잡이를 오버핸드 그립으로 잡고 발을 앞으로 걸어 몸을 기울인다."",""몸통을 일직선으로 유지하며 가슴을 손잡이 쪽으로 당긴다."",""견갑골을 모은 뒤 몸을 천천히 시작 위치로 되돌린다.""]",representative-content-v0.1.0,gymvisual,0498,gymvisual:0498,v1,v1:NEX-000066,v1:NEX-000066,gymvisual,0498,inverted row with straps,inverted row with straps,,https://github.com/hasaneyldrm/exercises-dataset,Aliaksandr Makatserchyk / Gym visual,MIT,© Gym visual — https://gymvisual.com/,MIT,MIT License,REVIEW_REQUIRED,https://opensource.org/license/mit/,© Aliaksandr Makatserchyk - Gym visual - https://gymvisual.com/,2026-08-20T00:00:00+09:00,PARTIALLY_REVIEWED,image:images/0498-jdiExfW.jpg;gif:videos/0498-jdiExfW.gif,jdiExfW,"Set up a suspension trainer or straps at chest height. Stand facing the anchor point and grab the handles with an overhand grip. Walk your feet forward, leaning back until your body is at an angle. Keep your body straight and engage your core. Pull your chest towards the handles, squeezing your shoulder blades together. Pause for a moment at the top, then slowly lower yourself back to the starting position. Repeat for the desired number of repetitions.","[""Set up a suspension trainer or straps at chest height."", ""Stand facing the anchor point and grab the handles with an overhand grip."", ""Walk your feet forward, leaning back until your body is at an angle."", ""Keep your body straight and engage your core."", ""Pull your chest towards the handles, squeezing your shoulder blades together."", ""Pause for a moment at the top, then slowly lower yourself back to the starting position."", ""Repeat for the desired number of repetitions.""]",RESOLVED_INTEGRATED_SOURCE,REVIEW_REQUIRED,ALIGNED_AFTER_FIRST_PASS_REVIEW_REQUIRED,APPROVED_FROM_POLICY,REVIEW_REQUIRED,True,"[""EXISTING_REVIEW_REQUIRED"",""INSTRUCTION_CONTENT_REVIEW_REQUIRED"",""SOURCE_LICENSE_REVIEW_REQUIRED""]",SEPARATE_EXERCISE,사람 직접 검수 결과 별도 운동으로 승격했다. 기존 stable code는 재사용하지 않는다.,USER_DIRECT_REVIEW,ACTIVE_CANONICAL_PROMOTED_FROM_LEGACY,exercise-catalog-v2.0.2-final,REVIEW_REQUIRED,False,False,"[""NEX-000066""]","[""INTERMEDIATE""]",NONE,,"{""INTERMEDIATE"":""FITT-COMPOUND-PULL-INTERMEDIATE-V1""}",NEX-000066,EXERCISE
REX-000117,self_assisted_inverse_leg_curl_on_floor_isolation_bodyweight,인버스 레그 컬(바닥),인버스 레그 컬(바닥),self assisted inverse leg curl (on floor),STRENGTH,KNEE_FLEXION,HAMSTRINGS,"[""KNEE""]","[""HIP""]","[""BODYWEIGHT""]","[""HOME"",""GYM""]",,BEGINNER,REPS,"[""MAIN""]",4,,90,15,바닥에 누워 무릎을 굽히고 엉덩이를 들어 올린 상태에서 발을 엉덩이 쪽으로 당겼다가 다리를 펴고 엉덩이를 내립니다.,"[""등을 대고 누워 무릎을 굽혀 발을 골반 너비로 둔다."",""엉덩이를 들어 올려 둔근과 허벅지 뒤쪽에 힘을 준다."",""엉덩이를 든 상태에서 발을 천천히 몸 쪽으로 당긴다."",""다리를 펴고 엉덩이를 바닥에 내린 뒤 반복한다.""]",representative-content-v0.1.0,gymvisual,0696,gymvisual:0696,v1,v1:NEX-000081,v1:NEX-000081,gymvisual,0696,self assisted inverse leg curl (on floor),self assisted inverse leg curl (on floor),,https://github.com/hasaneyldrm/exercises-dataset,Aliaksandr Makatserchyk / Gym visual,MIT,© Gym visual — https://gymvisual.com/,MIT,MIT License,REVIEW_REQUIRED,https://opensource.org/license/mit/,© Aliaksandr Makatserchyk - Gym visual - https://gymvisual.com/,2026-08-20T00:00:00+09:00,PARTIALLY_REVIEWED,image:images/0696-E4PwJqI.jpg;gif:videos/0696-E4PwJqI.gif,E4PwJqI,"Lie flat on your back with your legs extended and your arms by your sides. Bend your knees and place your feet flat on the ground, hip-width apart. Lift your hips off the ground, engaging your glutes and hamstrings. Slowly curl your legs towards your glutes, keeping your hips lifted. Pause for a moment at the top, then slowly extend your legs back to the starting position. Lower your hips back down to the ground. Repeat for the desired number of repetitions.","[""Lie flat on your back with your legs extended and your arms by your sides."", ""Bend your knees and place your feet flat on the ground, hip-width apart."", ""Lift your hips off the ground, engaging your glutes and hamstrings."", ""Slowly curl your legs towards your glutes, keeping your hips lifted."", ""Pause for a moment at the top, then slowly extend your legs back to the starting position."", ""Lower your hips back down to the ground."", ""Repeat for the desired number of repetitions.""]",RESOLVED_INTEGRATED_SOURCE,REVIEW_REQUIRED,ALIGNED_AFTER_FIRST_PASS_REVIEW_REQUIRED,APPROVED_FROM_POLICY,REVIEW_REQUIRED,True,"[""EXISTING_REVIEW_REQUIRED"",""INSTRUCTION_CONTENT_REVIEW_REQUIRED"",""SOURCE_LICENSE_REVIEW_REQUIRED""]",SEPARATE_EXERCISE,사람 직접 검수 결과 별도 운동으로 승격했다. 기존 stable code는 재사용하지 않는다.,USER_DIRECT_REVIEW,ACTIVE_CANONICAL_PROMOTED_FROM_LEGACY,exercise-catalog-v2.0.2-final,REVIEW_REQUIRED,False,False,"[""NEX-000081""]","[""BEGINNER"",""INTERMEDIATE""]",NONE,,"{""BEGINNER"":""FITT-ISOLATION-STRENGTH-V1"",""INTERMEDIATE"":""FITT-ISOLATION-STRENGTH-INTERMEDIATE-V1""}",NEX-000081,EXERCISE
REX-000118,self_assisted_inverse_leg_curl_isolation_bodyweight,셀프 어시스트 인버스 레그 컬,셀프 어시스트 인버스 레그 컬,self assisted inverse leg curl,STRENGTH,KNEE_FLEXION,HAMSTRINGS,"[""KNEE""]","[""HIP""]","[""BODYWEIGHT""]","[""HOME"",""GYM""]",,BEGINNER,REPS,"[""MAIN""]",4,,90,15,바닥이나 매트에 누워 손을 엉덩이 아래에 두고 무릎을 굽혀 허벅지를 가슴 쪽으로 당겼다가 천천히 내립니다.,"[""바닥이나 매트에 등을 대고 누워 다리를 뻗는다."",""손을 옆이나 엉덩이 아래에 두어 몸을 보조한다."",""무릎을 굽혀 발을 들어 허벅지를 가슴 쪽으로 당긴다."",""허리가 과하게 뜨지 않도록 다리를 천천히 내린다.""]",representative-content-v0.1.0,gymvisual,0697,gymvisual:0697,v1,v1:NEX-000082,v1:NEX-000082,gymvisual,0697,self assisted inverse leg curl,self assisted inverse leg curl,,https://github.com/hasaneyldrm/exercises-dataset,Aliaksandr Makatserchyk / Gym visual,MIT,© Gym visual — https://gymvisual.com/,MIT,MIT License,REVIEW_REQUIRED,https://opensource.org/license/mit/,© Aliaksandr Makatserchyk - Gym visual - https://gymvisual.com/,2026-08-20T00:00:00+09:00,PARTIALLY_REVIEWED,image:images/0697-GwYwElT.jpg;gif:videos/0697-GwYwElT.gif,GwYwElT,"Lie flat on your back on a mat or bench with your legs extended. Place your hands by your sides or under your glutes for support. Bend your knees and lift your feet off the ground, bringing your thighs towards your chest. Pause for a moment at the top, then slowly lower your legs back to the starting position. Repeat for the desired number of repetitions.","[""Lie flat on your back on a mat or bench with your legs extended."", ""Place your hands by your sides or under your glutes for support."", ""Bend your knees and lift your feet off the ground, bringing your thighs towards your chest."", ""Pause for a moment at the top, then slowly lower your legs back to the starting position."", ""Repeat for the desired number of repetitions.""]",RESOLVED_INTEGRATED_SOURCE,REVIEW_REQUIRED,ALIGNED_AFTER_FIRST_PASS_REVIEW_REQUIRED,APPROVED_FROM_POLICY,REVIEW_REQUIRED,True,"[""EXISTING_REVIEW_REQUIRED"",""INSTRUCTION_CONTENT_REVIEW_REQUIRED"",""SOURCE_LICENSE_REVIEW_REQUIRED""]",SEPARATE_EXERCISE,사람 직접 검수 결과 별도 운동으로 승격했다. 기존 stable code는 재사용하지 않는다.,USER_DIRECT_REVIEW,ACTIVE_CANONICAL_PROMOTED_FROM_LEGACY,exercise-catalog-v2.0.2-final,REVIEW_REQUIRED,False,False,"[""NEX-000082""]","[""BEGINNER"",""INTERMEDIATE""]",NONE,,"{""BEGINNER"":""FITT-ISOLATION-STRENGTH-V1"",""INTERMEDIATE"":""FITT-ISOLATION-STRENGTH-INTERMEDIATE-V1""}",NEX-000082,EXERCISE
REX-000119,smith_reverse_calf_raises_isolation_machine,스미스 리버스 카프 레이즈,스미스 리버스 카프 레이즈,smith reverse calf raises,STRENGTH,ISOLATION,CALVES,"[""ANKLE_FOOT""]","[""KNEE""]","[""MACHINE""]","[""GYM""]",스미스 머신과 발을 올릴 수 있는 안정적인 스텝 또는 플랫폼을 준비한다.,INTERMEDIATE,REPS,"[""MAIN""]",4,,90,15,스미스 머신 바를 지지하고 발 앞꿈치를 플랫폼에 올린 뒤 뒤꿈치를 들어 올렸다가 천천히 내립니다.,"[""스미스 머신 바를 어깨 바로 아래 높이로 조정한다."",""발 앞꿈치를 스텝 또는 플랫폼 가장자리에 두고 뒤꿈치를 밖으로 뺀다."",""등을 곧게 편 채 뒤꿈치를 가능한 높이까지 들어 올린다."",""정점에서 멈춘 뒤 뒤꿈치를 천천히 내린다.""]",representative-content-v0.1.0,gymvisual,0763,gymvisual:0763,v1,v1:NEX-000085,v1:NEX-000085,gymvisual,0763,smith reverse calf raises,smith reverse calf raises,,https://github.com/hasaneyldrm/exercises-dataset,Aliaksandr Makatserchyk / Gym visual,MIT,© Gym visual — https://gymvisual.com/,MIT,MIT License,REVIEW_REQUIRED,https://opensource.org/license/mit/,© Aliaksandr Makatserchyk - Gym visual - https://gymvisual.com/,2026-08-20T00:00:00+09:00,PARTIALLY_REVIEWED,image:images/0763-ywaNfuh.jpg;gif:videos/0763-ywaNfuh.gif,ywaNfuh,"Adjust the smith machine bar to a height just below your shoulders. Stand facing the bar with your feet hip-width apart and toes pointing forward. Place the balls of your feet on the edge of a step or platform, with your heels hanging off. Hold onto the bar for support, keeping your back straight and core engaged. Raise your heels as high as possible, lifting your body weight onto the balls of your feet. Pause for a moment at the top, then slowly lower your heels back down to the starting position. Repeat for the desired number of repetitions.","[""Adjust the smith machine bar to a height just below your shoulders."", ""Stand facing the bar with your feet hip-width apart and toes pointing forward."", ""Place the balls of your feet on the edge of a step or platform, with your heels hanging off."", ""Hold onto the bar for support, keeping your back straight and core engaged."", ""Raise your heels as high as possible, lifting your body weight onto the balls of your feet."", ""Pause for a moment at the top, then slowly lower your heels back down to the starting position."", ""Repeat for the desired number of repetitions.""]",RESOLVED_INTEGRATED_SOURCE,REVIEW_REQUIRED,ALIGNED_AFTER_FIRST_PASS_REVIEW_REQUIRED,APPROVED_FROM_POLICY,REVIEW_REQUIRED,True,"[""EXISTING_REVIEW_REQUIRED"",""INSTRUCTION_CONTENT_REVIEW_REQUIRED"",""SOURCE_LICENSE_REVIEW_REQUIRED""]",SEPARATE_EXERCISE,사람 직접 검수 결과 별도 운동으로 승격했다. 기존 stable code는 재사용하지 않는다.,USER_DIRECT_REVIEW,ACTIVE_CANONICAL_PROMOTED_FROM_LEGACY,exercise-catalog-v2.0.2-final,REVIEW_REQUIRED,False,False,"[""NEX-000085""]","[""INTERMEDIATE""]",NONE,,"{""INTERMEDIATE"":""FITT-ISOLATION-STRENGTH-INTERMEDIATE-V1""}",NEX-000085,EXERCISE
REX-000120,weighted_russian_twist_legs_up_isolation_household_weight,중량 러시안 트위스트(레그 업),중량 러시안 트위스트(레그 업),weighted russian twist (legs up),STRENGTH,CORE_BRACE,CORE,"[""ABDOMEN""]","[""LOWER_BACK""]","[""HOUSEHOLD_WEIGHT""]","[""HOME"",""GYM""]",,INTERMEDIATE,REPS,"[""MAIN""]",4,,90,15,다리를 들어 올린 채 바닥에 앉아 중량을 양손으로 잡고 몸통을 좌우로 회전합니다.,"[""무릎을 굽히고 발을 바닥에서 들어 다리를 모은다."",""중량을 양손으로 가슴 앞에서 잡고 상체를 약간 뒤로 기울인다."",""몸통을 오른쪽으로 회전해 중량을 오른쪽 바닥 쪽으로 보낸다."",""중앙을 거쳐 왼쪽으로 회전하며 좌우를 번갈아 진행한다.""]",representative-content-v0.1.0,gymvisual,0845,gymvisual:0845,v1,v1:NEX-000090,v1:NEX-000090,gymvisual,0845,weighted russian twist (legs up),weighted russian twist (legs up),,https://github.com/hasaneyldrm/exercises-dataset,Aliaksandr Makatserchyk / Gym visual,MIT,© Gym visual — https://gymvisual.com/,MIT,MIT License,REVIEW_REQUIRED,https://opensource.org/license/mit/,© Aliaksandr Makatserchyk - Gym visual - https://gymvisual.com/,2026-08-20T00:00:00+09:00,PARTIALLY_REVIEWED,image:images/0845-WU9BLIs.jpg;gif:videos/0845-WU9BLIs.gif,WU9BLIs,"Sit on the ground with your knees bent and feet lifted off the ground, keeping your legs together. Hold the weight with both hands in front of your chest, keeping your elbows slightly bent. Lean back slightly to engage your core muscles. Twist your torso to the right, bringing the weight towards the ground on your right side. Pause for a moment, then twist your torso to the left, bringing the weight towards the ground on your left side. Continue alternating sides for the desired number of repetitions.","[""Sit on the ground with your knees bent and feet lifted off the ground, keeping your legs together."", ""Hold the weight with both hands in front of your chest, keeping your elbows slightly bent."", ""Lean back slightly to engage your core muscles."", ""Twist your torso to the right, bringing the weight towards the ground on your right side."", ""Pause for a moment, then twist your torso to the left, bringing the weight towards the ground on your left side."", ""Continue alternating sides for the desired number of repetitions.""]",RESOLVED_INTEGRATED_SOURCE,REVIEW_REQUIRED,ALIGNED_AFTER_FIRST_PASS_REVIEW_REQUIRED,APPROVED_FROM_POLICY,REVIEW_REQUIRED,True,"[""EXISTING_REVIEW_REQUIRED"",""INSTRUCTION_CONTENT_REVIEW_REQUIRED"",""SOURCE_LICENSE_REVIEW_REQUIRED""]",SEPARATE_EXERCISE,사람 직접 검수 결과 별도 운동으로 승격했다. 기존 stable code는 재사용하지 않는다.,USER_DIRECT_REVIEW,ACTIVE_CANONICAL_PROMOTED_FROM_LEGACY,exercise-catalog-v2.0.2-final,REVIEW_REQUIRED,False,False,"[""NEX-000090""]","[""INTERMEDIATE""]",NONE,,"{""INTERMEDIATE"":""FITT-CORE-DYNAMIC-INTERMEDIATE-V1""}",NEX-000090,EXERCISE
REX-000121,bicycle_crunch_core_brace_bodyweight,바이시클 크런치,바이시클 크런치,bicycle crunch,STRENGTH,CORE_BRACE,CORE,"[""ABDOMEN""]","[""LOWER_BACK""]","[""BODYWEIGHT""]","[""HOME"",""GYM""]",,INTERMEDIATE,REPS,"[""MAIN""]",4,,90,15,등을 대고 누워 양쪽 무릎과 팔꿈치를 번갈아 가까이 가져오는 바이시클 크런치를 수행합니다.,"[""등을 대고 누워 손을 머리 뒤에 두고 무릎을 굽힌다."",""발을 들어 오른쪽 무릎을 가슴 쪽으로 당긴다."",""몸통을 회전해 왼쪽 팔꿈치를 오른쪽 무릎 쪽으로 가져간다."",""반대쪽도 번갈아 진행하며 허리를 과하게 꺾지 않는다.""]",representative-content-v0.1.0,gymvisual,0972,gymvisual:0972,v1,v1:NEX-000096,v1:NEX-000096,gymvisual,0972,band bicycle crunch,band bicycle crunch,,https://github.com/hasaneyldrm/exercises-dataset,Aliaksandr Makatserchyk / Gym visual,MIT,© Gym visual — https://gymvisual.com/,MIT,MIT License,REVIEW_REQUIRED,https://opensource.org/license/mit/,© Aliaksandr Makatserchyk - Gym visual - https://gymvisual.com/,2026-08-20T00:00:00+09:00,PARTIALLY_REVIEWED,image:images/0972-tZkGYZ9.jpg;gif:videos/0972-tZkGYZ9.gif,tZkGYZ9,"Lie flat on your back with your hands behind your head and your knees bent. Lift your feet off the ground and bring your right knee towards your chest while simultaneously twisting your torso to bring your left elbow towards your right knee. Straighten your right leg while bringing your left knee towards your chest and twisting your torso to bring your right elbow towards your left knee. Continue alternating the twisting motion, as if you are pedaling a bicycle, while keeping your core engaged throughout the movement. Repeat for the desired number of repetitions.","[""Lie flat on your back with your hands behind your head and your knees bent."", ""Lift your feet off the ground and bring your right knee towards your chest while simultaneously twisting your torso to bring your left elbow towards your right knee."", ""Straighten your right leg while bringing your left knee towards your chest and twisting your torso to bring your right elbow towards your left knee."", ""Continue alternating the twisting motion, as if you are pedaling a bicycle, while keeping your core engaged throughout the movement."", ""Repeat for the desired number of repetitions.""]",RESOLVED_INTEGRATED_SOURCE,REVIEW_REQUIRED,ALIGNED_AFTER_FIRST_PASS_REVIEW_REQUIRED,APPROVED_FROM_POLICY,REVIEW_REQUIRED,True,"[""EXISTING_REVIEW_REQUIRED"",""INSTRUCTION_CONTENT_REVIEW_REQUIRED"",""SOURCE_LICENSE_REVIEW_REQUIRED"",""SOURCE_MEDIA_EQUIPMENT_IDENTITY_REVIEW_REQUIRED""]",SEPARATE_EXERCISE,사람 직접 검수 결과 별도 운동으로 승격했다. 기존 stable code는 재사용하지 않는다.,USER_DIRECT_REVIEW,ACTIVE_CANONICAL_PROMOTED_FROM_LEGACY,exercise-catalog-v2.0.2-final,REVIEW_REQUIRED,False,False,"[""NEX-000096""]","[""INTERMEDIATE""]",NONE,,"{""INTERMEDIATE"":""FITT-CORE-DYNAMIC-INTERMEDIATE-V1""}",NEX-000096,EXERCISE
REX-000122,band_kneeling_twisting_crunch_isolation_resistance_band,밴드 니링 트위스트 크런치,밴드 니링 트위스트 크런치,band kneeling twisting crunch,STRENGTH,CORE_BRACE,CORE,"[""ABDOMEN""]","[""LOWER_BACK""]","[""RESISTANCE_BAND""]","[""HOME"",""GYM""]",,INTERMEDIATE,REPS,"[""MAIN""]",4,,90,15,허리 높이에 고정한 밴드를 잡고 무릎을 꿇은 채 몸통을 좌우로 회전하며 손을 반대쪽 엉덩이로 보냅니다.,"[""밴드를 허리 높이의 안정적인 고정 지점에 연결한다."",""고정 지점을 등지고 무릎을 꿇어 밴드를 양손으로 잡는다."",""팔꿈치를 가까이 둔 채 복부에 힘을 주고 몸통을 한쪽으로 회전한다."",""천천히 중앙으로 돌아온 뒤 반대쪽도 번갈아 진행한다.""]",representative-content-v0.1.0,gymvisual,0985,gymvisual:0985,v1,v1:NEX-000099,v1:NEX-000099,gymvisual,0985,band kneeling twisting crunch,band kneeling twisting crunch,,https://github.com/hasaneyldrm/exercises-dataset,Aliaksandr Makatserchyk / Gym visual,MIT,© Gym visual — https://gymvisual.com/,MIT,MIT License,REVIEW_REQUIRED,https://opensource.org/license/mit/,© Aliaksandr Makatserchyk - Gym visual - https://gymvisual.com/,2026-08-20T00:00:00+09:00,PARTIALLY_REVIEWED,image:images/0985-225x2Vd.jpg;gif:videos/0985-225x2Vd.gif,225x2Vd,"Attach the band to a sturdy anchor point at waist height. Kneel down facing away from the anchor point and hold the band with both hands, keeping your elbows bent and close to your sides. Engage your abs and slowly twist your torso to one side, bringing your hands towards your opposite hip. Pause for a moment, then slowly return to the starting position. Repeat on the other side. Continue alternating sides for the desired number of repetitions.","[""Attach the band to a sturdy anchor point at waist height."", ""Kneel down facing away from the anchor point and hold the band with both hands, keeping your elbows bent and close to your sides."", ""Engage your abs and slowly twist your torso to one side, bringing your hands towards your opposite hip."", ""Pause for a moment, then slowly return to the starting position."", ""Repeat on the other side."", ""Continue alternating sides for the desired number of repetitions.""]",RESOLVED_INTEGRATED_SOURCE,REVIEW_REQUIRED,ALIGNED_AFTER_FIRST_PASS_REVIEW_REQUIRED,APPROVED_FROM_POLICY,REVIEW_REQUIRED,True,"[""EXISTING_REVIEW_REQUIRED"",""INSTRUCTION_CONTENT_REVIEW_REQUIRED"",""SOURCE_LICENSE_REVIEW_REQUIRED""]",SEPARATE_EXERCISE,사람 직접 검수 결과 별도 운동으로 승격했다. 기존 stable code는 재사용하지 않는다.,USER_DIRECT_REVIEW,ACTIVE_CANONICAL_PROMOTED_FROM_LEGACY,exercise-catalog-v2.0.2-final,REVIEW_REQUIRED,False,False,"[""NEX-000099""]","[""INTERMEDIATE""]",NONE,,"{""INTERMEDIATE"":""FITT-CORE-DYNAMIC-INTERMEDIATE-V1""}",NEX-000099,EXERCISE
REX-000123,cable_one_arm_decline_chest_fly_isolation_cable_machine,케이블 원암 디클라인 체스트 플라이,케이블 원암 디클라인 체스트 플라이,cable one arm decline chest fly,STRENGTH,ISOLATION,CHEST,"[""CHEST""]","[""SHOULDER""]","[""CABLE_MACHINE""]","[""GYM""]",디클라인 벤치와 케이블 머신의 로우 풀리·D형 손잡이를 준비한다.,INTERMEDIATE,REPS,"[""MAIN""]",4,,90,15,디클라인 벤치에 누워 낮은 위치의 케이블을 한 손으로 잡고 팔을 가슴 위로 모았다가 천천히 벌립니다.,"[""케이블 머신의 낮은 풀리에 D형 손잡이를 연결하고 벤치를 디클라인으로 조정한다."",""머리가 머신 쪽을 향하도록 벤치에 누워 한 손으로 손잡이를 잡는다."",""팔꿈치를 약간 굽힌 채 손잡이를 가슴 위로 모은다."",""가슴이 늘어나는 범위까지 손잡이를 천천히 되돌린다.""]",representative-content-v0.1.0,gymvisual,1262,gymvisual:1262,v1,v1:NEX-000109,v1:NEX-000109,gymvisual,1262,cable one arm decline chest fly,cable one arm decline chest fly,,https://github.com/hasaneyldrm/exercises-dataset,Aliaksandr Makatserchyk / Gym visual,MIT,© Gym visual — https://gymvisual.com/,MIT,MIT License,REVIEW_REQUIRED,https://opensource.org/license/mit/,© Aliaksandr Makatserchyk - Gym visual - https://gymvisual.com/,2026-08-20T00:00:00+09:00,PARTIALLY_REVIEWED,image:images/1262-w4dLzSx.jpg;gif:videos/1262-w4dLzSx.gif,w4dLzSx,"Attach a D-handle to a low pulley cable machine and set the bench to a decline angle. Lie down on the bench with your head towards the machine and grab the handle with your right hand. Extend your arm straight up above your chest, keeping a slight bend in your elbow. With a controlled motion, lower your arm out to the side until your hand is in line with your shoulder. Pause for a moment, then reverse the motion and bring your arm back to the starting position. Repeat for the desired number of repetitions, then switch to your left arm and repeat the exercise.","[""Attach a D-handle to a low pulley cable machine and set the bench to a decline angle."", ""Lie down on the bench with your head towards the machine and grab the handle with your right hand."", ""Extend your arm straight up above your chest, keeping a slight bend in your elbow."", ""With a controlled motion, lower your arm out to the side until your hand is in line with your shoulder."", ""Pause for a moment, then reverse the motion and bring your arm back to the starting position."", ""Repeat for the desired number of repetitions, then switch to your left arm and repeat the exercise.""]",RESOLVED_INTEGRATED_SOURCE,REVIEW_REQUIRED,ALIGNED_AFTER_FIRST_PASS_REVIEW_REQUIRED,APPROVED_FROM_POLICY,REVIEW_REQUIRED,True,"[""EXISTING_REVIEW_REQUIRED"",""INSTRUCTION_CONTENT_REVIEW_REQUIRED"",""SOURCE_LICENSE_REVIEW_REQUIRED""]",SEPARATE_EXERCISE,사람 직접 검수 결과 별도 운동으로 승격했다. 기존 stable code는 재사용하지 않는다.,USER_DIRECT_REVIEW,ACTIVE_CANONICAL_PROMOTED_FROM_LEGACY,exercise-catalog-v2.0.2-final,REVIEW_REQUIRED,False,False,"[""NEX-000109""]","[""BEGINNER"",""INTERMEDIATE""]",NONE,,"{""BEGINNER"":""FITT-ISOLATION-STRENGTH-V1"",""INTERMEDIATE"":""FITT-ISOLATION-STRENGTH-INTERMEDIATE-V1""}",NEX-000109,EXERCISE
REX-000124,band_two_legs_calf_raise_band_under_both_legs_v_2_isolation_resistance_band,밴드 양발 카프 레이즈,밴드 양발 카프 레이즈,band two legs calf raise - (band under both legs) v. 2,STRENGTH,ISOLATION,CALVES,"[""ANKLE_FOOT""]","[""KNEE""]","[""RESISTANCE_BAND""]","[""HOME"",""GYM""]",저항 밴드를 준비한다.,BEGINNER,REPS,"[""MAIN""]",4,,90,15,저항 밴드를 양발 아래에 두고 양손으로 끝을 잡은 채 두 뒤꿈치를 들어 올렸다가 천천히 내립니다.,"[""저항 밴드를 양발 아래에 두고 양손으로 끝을 잡는다."",""발을 어깨너비로 두고 몸통을 안정적으로 세운다."",""종아리를 사용해 두 뒤꿈치를 가능한 높이까지 들어 올린다."",""정점에서 멈춘 뒤 뒤꿈치를 천천히 내린다.""]",representative-content-v0.1.0,gymvisual,1369,gymvisual:1369,v1,v1:NEX-000117,v1:NEX-000117,gymvisual,1369,band two legs calf raise - (band under both legs) v. 2,band two legs calf raise - (band under both legs) v. 2,,https://github.com/hasaneyldrm/exercises-dataset,Aliaksandr Makatserchyk / Gym visual,MIT,© Gym visual — https://gymvisual.com/,MIT,MIT License,REVIEW_REQUIRED,https://opensource.org/license/mit/,© Aliaksandr Makatserchyk - Gym visual - https://gymvisual.com/,2026-08-20T00:00:00+09:00,PARTIALLY_REVIEWED,image:images/1369-jl6uxZV.jpg;gif:videos/1369-jl6uxZV.gif,jl6uxZV,"Stand with your feet shoulder-width apart and place a resistance band under both feet. Hold the ends of the band with your hands for stability. Raise your heels off the ground as high as possible, using your calves. Pause for a moment at the top, then slowly lower your heels back down to the starting position. Repeat for the desired number of repetitions.","[""Stand with your feet shoulder-width apart and place a resistance band under both feet."", ""Hold the ends of the band with your hands for stability."", ""Raise your heels off the ground as high as possible, using your calves."", ""Pause for a moment at the top, then slowly lower your heels back down to the starting position."", ""Repeat for the desired number of repetitions.""]",RESOLVED_INTEGRATED_SOURCE,REVIEW_REQUIRED,ALIGNED_AFTER_FIRST_PASS_REVIEW_REQUIRED,APPROVED_FROM_POLICY,REVIEW_REQUIRED,True,"[""EXISTING_REVIEW_REQUIRED"",""INSTRUCTION_CONTENT_REVIEW_REQUIRED"",""SOURCE_LICENSE_REVIEW_REQUIRED""]",SEPARATE_EXERCISE,사람 직접 검수 결과 별도 운동으로 승격했다. 기존 stable code는 재사용하지 않는다.,USER_DIRECT_REVIEW,ACTIVE_CANONICAL_PROMOTED_FROM_LEGACY,exercise-catalog-v2.0.2-final,REVIEW_REQUIRED,False,False,"[""NEX-000117""]","[""BEGINNER"",""INTERMEDIATE""]",NONE,,"{""BEGINNER"":""FITT-ISOLATION-STRENGTH-V1"",""INTERMEDIATE"":""FITT-ISOLATION-STRENGTH-INTERMEDIATE-V1""}",NEX-000117,EXERCISE
REX-000125,one_leg_donkey_calf_raise_isolation_bodyweight,한발 동키 카프 레이즈,한발 동키 카프 레이즈,one leg donkey calf raise,STRENGTH,ISOLATION,CALVES,"[""ANKLE_FOOT""]","[""KNEE""]","[""BODYWEIGHT""]","[""HOME"",""GYM""]",균형을 잡을 수 있는 안정적인 지지물을 준비한다.,INTERMEDIATE,REPS,"[""MAIN""]",4,,90,15,안정적인 지지물을 잡고 한쪽 발로 선 뒤 뒤꿈치를 들어 올렸다가 내리고 반대쪽도 반복합니다.,"[""벽이나 바 등 안정적인 지지물을 잡고 한쪽 발을 들어 올린다."",""지지하는 무릎을 약간 굽힌 채 몸통을 세운다."",""지지하는 발의 뒤꿈치를 가능한 높이까지 들어 올린다."",""천천히 내린 뒤 정해진 횟수를 마치고 반대쪽을 진행한다.""]",representative-content-v0.1.0,gymvisual,1386,gymvisual:1386,v1,v1:NEX-000121,v1:NEX-000121,gymvisual,1386,one leg donkey calf raise,one leg donkey calf raise,,https://github.com/hasaneyldrm/exercises-dataset,Aliaksandr Makatserchyk / Gym visual,MIT,© Gym visual — https://gymvisual.com/,MIT,MIT License,REVIEW_REQUIRED,https://opensource.org/license/mit/,© Aliaksandr Makatserchyk - Gym visual - https://gymvisual.com/,2026-08-20T00:00:00+09:00,PARTIALLY_REVIEWED,image:images/1386-A2upspL.jpg;gif:videos/1386-A2upspL.gif,A2upspL,"Stand with your feet shoulder-width apart, toes pointing forward. Place your hands on a stable surface for support, such as a wall or a bar. Lift one leg off the ground, keeping your knee slightly bent. Raise your heel as high as possible, using your calf muscles. Pause for a moment at the top, then slowly lower your heel back down. Repeat for the desired number of repetitions, then switch legs.","[""Stand with your feet shoulder-width apart, toes pointing forward."", ""Place your hands on a stable surface for support, such as a wall or a bar."", ""Lift one leg off the ground, keeping your knee slightly bent."", ""Raise your heel as high as possible, using your calf muscles."", ""Pause for a moment at the top, then slowly lower your heel back down."", ""Repeat for the desired number of repetitions, then switch legs.""]",RESOLVED_INTEGRATED_SOURCE,REVIEW_REQUIRED,ALIGNED_AFTER_FIRST_PASS_REVIEW_REQUIRED,APPROVED_FROM_POLICY,REVIEW_REQUIRED,True,"[""EXISTING_REVIEW_REQUIRED"",""INSTRUCTION_CONTENT_REVIEW_REQUIRED"",""SOURCE_LICENSE_REVIEW_REQUIRED""]",SEPARATE_EXERCISE,사람 직접 검수 결과 별도 운동으로 승격했다. 기존 stable code는 재사용하지 않는다.,USER_DIRECT_REVIEW,ACTIVE_CANONICAL_PROMOTED_FROM_LEGACY,exercise-catalog-v2.0.2-final,REVIEW_REQUIRED,False,False,"[""NEX-000121""]","[""BEGINNER"",""INTERMEDIATE""]",NONE,,"{""BEGINNER"":""FITT-ISOLATION-STRENGTH-V1"",""INTERMEDIATE"":""FITT-ISOLATION-STRENGTH-INTERMEDIATE-V1""}",NEX-000121,EXERCISE
REX-000126,dumbbell_alternate_hammer_preacher_curl_isolation_dumbbell,덤벨 해머 프리처 컬,덤벨 해머 프리처 컬,dumbbell alternate hammer preacher curl,STRENGTH,ISOLATION,BICEPS,"[""ELBOW""]","[""WRIST_HAND""]","[""DUMBBELL""]","[""HOME"",""GYM""]",프리처 벤치와 덤벨을 준비한다.,BEGINNER,REPS,"[""MAIN""]",4,,90,15,프리처 벤치에 앉아 덤벨을 잡고 팔꿈치를 고정한 채 팔을 한쪽씩 굽혀 이두근을 수축합니다.,"[""프리처 벤치에 앉아 양손에 덤벨을 들고 팔을 패드 위에 편다."",""위팔을 고정하고 한쪽 덤벨을 어깨 높이까지 천천히 올린다."",""정점에서 이두근을 잠시 수축한 뒤 덤벨을 내린다."",""반대쪽도 같은 방법으로 번갈아 진행한다.""]",representative-content-v0.1.0,gymvisual,1646,gymvisual:1646,v1,v1:NEX-000140,v1:NEX-000140,gymvisual,1646,dumbbell alternate hammer preacher curl,dumbbell alternate hammer preacher curl,,https://github.com/hasaneyldrm/exercises-dataset,Aliaksandr Makatserchyk / Gym visual,MIT,© Gym visual — https://gymvisual.com/,MIT,MIT License,REVIEW_REQUIRED,https://opensource.org/license/mit/,© Aliaksandr Makatserchyk - Gym visual - https://gymvisual.com/,2026-08-20T00:00:00+09:00,PARTIALLY_REVIEWED,image:images/1646-fy7Tgy4.jpg;gif:videos/1646-fy7Tgy4.gif,fy7Tgy4,"Sit on a preacher bench with a dumbbell in each hand, palms facing your torso and arms fully extended. Keep your upper arms stationary and exhale as you curl the weights while contracting your biceps. Continue to raise the dumbbells until your biceps are fully contracted and the dumbbells are at shoulder level. Hold the contracted position for a brief pause as you squeeze your biceps. Inhale and slowly begin to lower the dumbbells back to the starting position. Repeat for the recommended amount of repetitions.","[""Sit on a preacher bench with a dumbbell in each hand, palms facing your torso and arms fully extended."", ""Keep your upper arms stationary and exhale as you curl the weights while contracting your biceps."", ""Continue to raise the dumbbells until your biceps are fully contracted and the dumbbells are at shoulder level."", ""Hold the contracted position for a brief pause as you squeeze your biceps."", ""Inhale and slowly begin to lower the dumbbells back to the starting position."", ""Repeat for the recommended amount of repetitions.""]",RESOLVED_INTEGRATED_SOURCE,REVIEW_REQUIRED,ALIGNED_AFTER_FIRST_PASS_REVIEW_REQUIRED,APPROVED_FROM_POLICY,REVIEW_REQUIRED,True,"[""EXISTING_REVIEW_REQUIRED"",""INSTRUCTION_CONTENT_REVIEW_REQUIRED"",""SOURCE_LICENSE_REVIEW_REQUIRED""]",SEPARATE_EXERCISE,사람 직접 검수 결과 별도 운동으로 승격했다. 기존 stable code는 재사용하지 않는다.,USER_DIRECT_REVIEW,ACTIVE_CANONICAL_PROMOTED_FROM_LEGACY,exercise-catalog-v2.0.2-final,REVIEW_REQUIRED,False,False,"[""NEX-000140""]","[""BEGINNER"",""INTERMEDIATE""]",NONE,,"{""BEGINNER"":""FITT-ISOLATION-STRENGTH-V1"",""INTERMEDIATE"":""FITT-ISOLATION-STRENGTH-INTERMEDIATE-V1""}",NEX-000140,EXERCISE
REX-000127,lever_pullover_isolation_machine,머신 풀오버,머신 풀오버,lever pullover,STRENGTH,ISOLATION,BACK,"[""UPPER_BACK""]","[""CHEST"",""ELBOW""]","[""MACHINE""]","[""GYM""]",레버리지 풀오버 머신의 시트와 손잡이를 조정한다.,INTERMEDIATE,REPS,"[""MAIN""]",4,,90,15,풀오버 머신에 앉아 손잡이를 잡고 팔꿈치를 약간 굽힌 채 손잡이를 가슴 쪽으로 당겼다가 천천히 돌아옵니다.,"[""레버리지 머신의 시트와 손잡이를 편안한 위치로 조정한다."",""등을 패드에 대고 손잡이를 오버핸드 그립으로 잡는다."",""팔꿈치를 약간 굽히고 광배근을 사용해 손잡이를 가슴 쪽으로 당긴다."",""정점에서 잠시 멈춘 뒤 손잡이를 천천히 되돌린다.""]",representative-content-v0.1.0,gymvisual,2285,gymvisual:2285,v1,v1:NEX-000148,v1:NEX-000148,gymvisual,2285,lever pullover,lever pullover,,https://github.com/hasaneyldrm/exercises-dataset,Aliaksandr Makatserchyk / Gym visual,MIT,© Gym visual — https://gymvisual.com/,MIT,MIT License,REVIEW_REQUIRED,https://opensource.org/license/mit/,© Aliaksandr Makatserchyk - Gym visual - https://gymvisual.com/,2026-08-20T00:00:00+09:00,PARTIALLY_REVIEWED,image:images/2285-4U7iLb5.jpg;gif:videos/2285-4U7iLb5.gif,4U7iLb5,"Adjust the seat and handles of the leverage machine to a comfortable position. Sit on the machine with your back against the pad and grasp the handles with an overhand grip. Keep your arms slightly bent and your core engaged. Slowly pull the handles towards your chest, squeezing your lats. Pause for a moment at the peak contraction, then slowly return to the starting position. Repeat for the desired number of repetitions.","[""Adjust the seat and handles of the leverage machine to a comfortable position."", ""Sit on the machine with your back against the pad and grasp the handles with an overhand grip."", ""Keep your arms slightly bent and your core engaged."", ""Slowly pull the handles towards your chest, squeezing your lats."", ""Pause for a moment at the peak contraction, then slowly return to the starting position."", ""Repeat for the desired number of repetitions.""]",RESOLVED_INTEGRATED_SOURCE,REVIEW_REQUIRED,ALIGNED_AFTER_FIRST_PASS_REVIEW_REQUIRED,APPROVED_FROM_POLICY,REVIEW_REQUIRED,True,"[""EXISTING_REVIEW_REQUIRED"",""INSTRUCTION_CONTENT_REVIEW_REQUIRED"",""SOURCE_LICENSE_REVIEW_REQUIRED""]",SEPARATE_EXERCISE,사람 직접 검수 결과 별도 운동으로 승격했다. 기존 stable code는 재사용하지 않는다.,USER_DIRECT_REVIEW,ACTIVE_CANONICAL_PROMOTED_FROM_LEGACY,exercise-catalog-v2.0.2-final,REVIEW_REQUIRED,False,False,"[""NEX-000148""]","[""INTERMEDIATE""]",NONE,,"{""INTERMEDIATE"":""FITT-ISOLATION-STRENGTH-INTERMEDIATE-V1""}",NEX-000148,EXERCISE
REX-000128,lever_seated_calf_press_isolation_machine,시티드 카프 프레스,시티드 카프 프레스,lever seated calf press,STRENGTH,ISOLATION,CALVES,"[""ANKLE_FOOT""]","[""KNEE""]","[""MACHINE""]","[""GYM""]",시티드 카프 프레스 머신의 시트와 레버 패드를 조정한다.,BEGINNER,REPS,"[""MAIN""]",4,,90,15,시티드 카프 프레스 머신에 앉아 발 앞꿈치로 플랫폼을 밀어 뒤꿈치를 들어 올렸다가 천천히 내립니다.,"[""어깨가 레버 패드 아래에 오도록 머신 시트를 조정한다."",""발 앞꿈치를 플랫폼 아래쪽에 두고 무릎을 레버 패드 아래에 둔다."",""손잡이를 잡아 몸을 안정시키고 발목을 펴 뒤꿈치를 들어 올린다."",""뒤꿈치를 천천히 내리며 발목 가동 범위 안에서 반복한다.""]",representative-content-v0.1.0,gymvisual,2335,gymvisual:2335,v1,v1:NEX-000153,v1:NEX-000153,gymvisual,2335,lever seated calf press,lever seated calf press,,https://github.com/hasaneyldrm/exercises-dataset,Aliaksandr Makatserchyk / Gym visual,MIT,© Gym visual — https://gymvisual.com/,MIT,MIT License,REVIEW_REQUIRED,https://opensource.org/license/mit/,© Aliaksandr Makatserchyk - Gym visual - https://gymvisual.com/,2026-08-20T00:00:00+09:00,PARTIALLY_REVIEWED,image:images/2335-Ie9UGty.jpg;gif:videos/2335-Ie9UGty.gif,Ie9UGty,"Adjust the seat of the machine so that your shoulders are aligned with the lever pad. Place your toes on the lower portion of the platform and position your knees under the lever pad. Grasp the handles on the sides of the seat for stability. Press the lever pad down by extending your ankles, lifting your heels as high as possible. Pause for a moment at the top of the movement, then slowly lower your heels back down to the starting position. Repeat for the desired number of repetitions.","[""Adjust the seat of the machine so that your shoulders are aligned with the lever pad."", ""Place your toes on the lower portion of the platform and position your knees under the lever pad."", ""Grasp the handles on the sides of the seat for stability."", ""Press the lever pad down by extending your ankles, lifting your heels as high as possible."", ""Pause for a moment at the top of the movement, then slowly lower your heels back down to the starting position."", ""Repeat for the desired number of repetitions.""]",RESOLVED_INTEGRATED_SOURCE,REVIEW_REQUIRED,ALIGNED_AFTER_FIRST_PASS_REVIEW_REQUIRED,APPROVED_FROM_POLICY,REVIEW_REQUIRED,True,"[""EXISTING_REVIEW_REQUIRED"",""INSTRUCTION_CONTENT_REVIEW_REQUIRED"",""SOURCE_LICENSE_REVIEW_REQUIRED""]",SEPARATE_EXERCISE,사람 직접 검수 결과 별도 운동으로 승격했다. 기존 stable code는 재사용하지 않는다.,USER_DIRECT_REVIEW,ACTIVE_CANONICAL_PROMOTED_FROM_LEGACY,exercise-catalog-v2.0.2-final,REVIEW_REQUIRED,False,False,"[""NEX-000153""]","[""BEGINNER"",""INTERMEDIATE""]",NONE,,"{""BEGINNER"":""FITT-ISOLATION-STRENGTH-V1"",""INTERMEDIATE"":""FITT-ISOLATION-STRENGTH-INTERMEDIATE-V1""}",NEX-000153,EXERCISE
REX-000130,resistance_band_leg_extension_isolation_resistance_band,밴드 레그 익스텐션,밴드 레그 익스텐션,resistance band leg extension,STRENGTH,ISOLATION,QUADRICEPS,"[""KNEE""]","[""HIP""]","[""RESISTANCE_BAND""]","[""HOME"",""GYM""]",저항 밴드를 안정적인 고정 지점에 연결한다.,BEGINNER,REPS,"[""MAIN""]",4,,90,15,밴드를 발목에 연결하고 고정 지점을 향해 선 뒤 다리를 앞으로 뻗었다가 천천히 되돌립니다.,"[""밴드를 안정적인 고정 지점에 연결하고 발목에 건다."",""고정 지점을 향해 서서 발을 어깨너비로 두고 몸통을 세운다."",""몸통을 고정한 채 한쪽 다리를 앞으로 곧게 뻗는다."",""정점에서 잠시 멈춘 뒤 다리를 천천히 되돌리고 반대쪽을 진행한다.""]",representative-content-v0.1.0,gymvisual,3007,gymvisual:3007,v1,v1:NEX-000160,v1:NEX-000160,gymvisual,3007,resistance band leg extension,resistance band leg extension,,https://github.com/hasaneyldrm/exercises-dataset,Aliaksandr Makatserchyk / Gym visual,MIT,© Gym visual — https://gymvisual.com/,MIT,MIT License,REVIEW_REQUIRED,https://opensource.org/license/mit/,© Aliaksandr Makatserchyk - Gym visual - https://gymvisual.com/,2026-08-20T00:00:00+09:00,PARTIALLY_REVIEWED,image:images/3007-Y1MsI1l.jpg;gif:videos/3007-Y1MsI1l.gif,Y1MsI1l,"Attach the resistance band to a sturdy anchor point and secure it around your ankle. Stand facing the anchor point with your feet shoulder-width apart. Keeping your core engaged and your upper body stable, extend your leg straight out in front of you. Pause for a moment at the top, then slowly return your leg to the starting position. Repeat for the desired number of repetitions, then switch legs.","[""Attach the resistance band to a sturdy anchor point and secure it around your ankle."", ""Stand facing the anchor point with your feet shoulder-width apart."", ""Keeping your core engaged and your upper body stable, extend your leg straight out in front of you."", ""Pause for a moment at the top, then slowly return your leg to the starting position."", ""Repeat for the desired number of repetitions, then switch legs.""]",RESOLVED_INTEGRATED_SOURCE,REVIEW_REQUIRED,ALIGNED_AFTER_FIRST_PASS_REVIEW_REQUIRED,APPROVED_FROM_POLICY,REVIEW_REQUIRED,True,"[""EXISTING_REVIEW_REQUIRED"",""INSTRUCTION_CONTENT_REVIEW_REQUIRED"",""SOURCE_LICENSE_REVIEW_REQUIRED""]",SEPARATE_EXERCISE,사람 직접 검수 결과 별도 운동으로 승격했다. 기존 stable code는 재사용하지 않는다.,USER_DIRECT_REVIEW,ACTIVE_CANONICAL_PROMOTED_FROM_LEGACY,exercise-catalog-v2.0.2-final,REVIEW_REQUIRED,False,False,"[""NEX-000160""]","[""BEGINNER"",""INTERMEDIATE""]",NONE,,"{""BEGINNER"":""FITT-ISOLATION-STRENGTH-V1"",""INTERMEDIATE"":""FITT-ISOLATION-STRENGTH-INTERMEDIATE-V1""}",NEX-000160,EXERCISE
REX-000131,ez_bar_lying_bent_arms_pullover_isolation_ez_bar,라잉 벤트 암 풀오버,라잉 벤트 암 풀오버,ez bar lying bent arms pullover,STRENGTH,ISOLATION,BACK,"[""UPPER_BACK""]","[""CHEST"",""ELBOW""]","[""EZ_BAR""]","[""GYM""]",플랫 벤치와 EZ 바를 준비한다.,INTERMEDIATE,REPS,"[""MAIN""]",4,,90,15,벤치에 누워 EZ 바를 가슴 위에서 잡고 팔꿈치를 약간 굽힌 채 바를 머리 뒤로 호를 그리며 내렸다가 돌아옵니다.,"[""플랫 벤치에 누워 발을 바닥에 두고 EZ 바를 어깨너비로 잡는다."",""팔을 가슴 위로 뻗되 팔꿈치를 약간 굽힌다."",""팔꿈치 각도를 유지하며 EZ 바를 머리 뒤로 호를 그려 천천히 내린다."",""반동 없이 같은 호를 따라 바를 시작 위치로 되돌린다.""]",representative-content-v0.1.0,gymvisual,3010,gymvisual:3010,v1,v1:NEX-000161,v1:NEX-000161,gymvisual,3010,ez bar lying bent arms pullover,ez bar lying bent arms pullover,,https://github.com/hasaneyldrm/exercises-dataset,Aliaksandr Makatserchyk / Gym visual,MIT,© Gym visual — https://gymvisual.com/,MIT,MIT License,REVIEW_REQUIRED,https://opensource.org/license/mit/,© Aliaksandr Makatserchyk - Gym visual - https://gymvisual.com/,2026-08-20T00:00:00+09:00,PARTIALLY_REVIEWED,image:images/3010-nDK1HJ0.jpg;gif:videos/3010-nDK1HJ0.gif,nDK1HJ0,"Lie flat on a bench with your head at one end and your feet on the floor. Hold the EZ barbell with a pronated grip (palms facing away from you) and your hands shoulder-width apart. Extend your arms straight above your chest, keeping a slight bend in your elbows. Lower the barbell in an arc motion behind your head, maintaining the slight bend in your elbows. Pause for a moment, then return the barbell to the starting position by reversing the arc motion. Repeat for the desired number of repetitions.","[""Lie flat on a bench with your head at one end and your feet on the floor."", ""Hold the EZ barbell with a pronated grip (palms facing away from you) and your hands shoulder-width apart."", ""Extend your arms straight above your chest, keeping a slight bend in your elbows."", ""Lower the barbell in an arc motion behind your head, maintaining the slight bend in your elbows."", ""Pause for a moment, then return the barbell to the starting position by reversing the arc motion."", ""Repeat for the desired number of repetitions.""]",RESOLVED_INTEGRATED_SOURCE,REVIEW_REQUIRED,ALIGNED_AFTER_FIRST_PASS_REVIEW_REQUIRED,APPROVED_FROM_POLICY,REVIEW_REQUIRED,True,"[""EXISTING_REVIEW_REQUIRED"",""INSTRUCTION_CONTENT_REVIEW_REQUIRED"",""SOURCE_LICENSE_REVIEW_REQUIRED""]",SEPARATE_EXERCISE,사람 직접 검수 결과 별도 운동으로 승격했다. 기존 stable code는 재사용하지 않는다.,USER_DIRECT_REVIEW,ACTIVE_CANONICAL_PROMOTED_FROM_LEGACY,exercise-catalog-v2.0.2-final,REVIEW_REQUIRED,False,False,"[""NEX-000161""]","[""INTERMEDIATE""]",NONE,,"{""INTERMEDIATE"":""FITT-ISOLATION-STRENGTH-INTERMEDIATE-V1""}",NEX-000161,EXERCISE
REX-000133,dumbbell_rear_delt_row_isolation_dumbbell,덤벨 델트 로우,덤벨 델트 로우,Dumbbell rear delt row,STRENGTH,HORIZONTAL_PULL,SHOULDERS,"[""SHOULDER"",""UPPER_BACK""]","[""ELBOW"",""WRIST_HAND"",""LOWER_BACK""]","[""DUMBBELL""]","[""HOME"",""GYM""]",,INTERMEDIATE,REPS,"[""MAIN""]",4,,90,15,고관절에서 상체를 기울이고 팔꿈치를 바깥쪽으로 벌리며 덤벨을 몸통 쪽으로 당겼다가 천천히 내립니다.,"[""고관절을 접어 상체를 기울이고 허리의 자연스러운 곡선을 유지한다."",""목을 길게 두고 덤벨을 양손에 잡는다."",""팔꿈치를 과하게 높이지 않으며 덤벨을 몸통 쪽으로 당긴다."",""반동 없이 덤벨을 천천히 내려 시작 위치로 돌아온다.""]",representative-content-v0.1.0,wger,1227,wger:1227,v1,v1:NEX-000184,v1:NEX-000184,wger,1227,Dumbbell rear delt row,Dumbbell rear delt row,,https://wger.de/,wger project and community contributors,CC-BY-SA 4,Lynn_McIntyre,CC-BY-SA 4,Creative Commons Attribution-ShareAlike 4.0 International,4.0,https://creativecommons.org/licenses/by-sa/4.0/,wger project and community contributors — https://wger.de/,REVIEW_REQUIRED,REVIEW_REQUIRED,image:1;video:0,1227,,,RESOLVED_INTEGRATED_SOURCE,REVIEW_REQUIRED,ALIGNED_AFTER_FIRST_PASS_REVIEW_REQUIRED,APPROVED_FROM_POLICY,REVIEW_REQUIRED,True,"[""EXISTING_REVIEW_REQUIRED"",""INSTRUCTION_CONTENT_REVIEW_REQUIRED"",""SOURCE_LICENSE_REVIEW_REQUIRED""]",SEPARATE_EXERCISE,사람 직접 검수 결과 별도 운동으로 승격했다. 기존 stable code는 재사용하지 않는다.,USER_DIRECT_REVIEW,ACTIVE_CANONICAL_PROMOTED_FROM_LEGACY,exercise-catalog-v2.0.2-final,REVIEW_REQUIRED,False,False,"[""NEX-000184""]","[""BEGINNER"",""INTERMEDIATE""]",NONE,,"{""BEGINNER"":""FITT-COMPOUND-PULL-V1"",""INTERMEDIATE"":""FITT-COMPOUND-PULL-INTERMEDIATE-V1""}",NEX-000184,EXERCISE
REX-000134,incline_chest_supported_dumbbell_row_isolation_dumbbell,인클라인 체스트 서포티드 덤벨 로우,인클라인 체스트 서포티드 덤벨 로우,Incline Chest-Supported Dumbbell Row,STRENGTH,HORIZONTAL_PULL,BACK,"[""UPPER_BACK"",""SHOULDER""]","[""ELBOW"",""CHEST""]","[""DUMBBELL""]","[""HOME"",""GYM""]",안정적인 지지물(벤치 또는 의자 등)을 준비한다.,INTERMEDIATE,REPS,"[""MAIN""]",4,,90,15,30~45도 벤치에 가슴을 대고 엎드려 덤벨을 몸통 옆으로 당겨 올린 뒤 팔이 늘어질 때까지 천천히 내립니다.,"[""벤치를 30~45도로 세우고 가슴을 벤치에 댄다."",""팔꿈치가 몸통에서 과하게 벌어지지 않도록 덤벨을 잡는다."",""어깨를 으쓱하지 않고 등으로 덤벨을 몸통 옆까지 당긴다."",""가슴과 목을 안정적으로 유지하며 덤벨을 천천히 내린다.""]",representative-content-v0.1.0,wger,1283,wger:1283,v1,v1:NEX-000185,v1:NEX-000185,wger,1283,Incline Chest-Supported Dumbbell Row,Incline Chest-Supported Dumbbell Row,,https://wger.de/,wger project and community contributors,CC-BY-SA 4,carlos3c,CC-BY-SA 4,Creative Commons Attribution-ShareAlike 4.0 International,4.0,https://creativecommons.org/licenses/by-sa/4.0/,wger project and community contributors — https://wger.de/,REVIEW_REQUIRED,REVIEW_REQUIRED,image:1;video:0,1283,,,RESOLVED_INTEGRATED_SOURCE,REVIEW_REQUIRED,ALIGNED_AFTER_FIRST_PASS_REVIEW_REQUIRED,APPROVED_FROM_POLICY,REVIEW_REQUIRED,True,"[""EXISTING_REVIEW_REQUIRED"",""INSTRUCTION_CONTENT_REVIEW_REQUIRED"",""SOURCE_LICENSE_REVIEW_REQUIRED""]",SEPARATE_EXERCISE,사람 직접 검수 결과 별도 운동으로 승격했다. 기존 stable code는 재사용하지 않는다.,USER_DIRECT_REVIEW,ACTIVE_CANONICAL_PROMOTED_FROM_LEGACY,exercise-catalog-v2.0.2-final,REVIEW_REQUIRED,False,False,"[""NEX-000185""]","[""BEGINNER"",""INTERMEDIATE""]",NONE,,"{""BEGINNER"":""FITT-COMPOUND-PULL-V1"",""INTERMEDIATE"":""FITT-COMPOUND-PULL-INTERMEDIATE-V1""}",NEX-000185,EXERCISE
REX-000135,calf_press_using_leg_press_machine_isolation_machine,머신 카프 프레스,머신 카프 프레스,Calf Press Using Leg Press Machine,STRENGTH,ISOLATION,CALVES,"[""ANKLE_FOOT""]","[""KNEE""]","[""MACHINE""]","[""GYM""]",,BEGINNER,REPS,"[""MAIN""]",4,,90,15,레그프레스 발판에 앞꿈치를 대고 발목을 펴 발판을 밀어 뒤꿈치를 올렸다가 천천히 내립니다.,"[""레그프레스 발판에 발 앞꿈치를 두고 뒤꿈치를 자유롭게 움직일 공간을 둔다."",""발 앞꿈치가 발판에서 떨어지지 않도록 유지한다."",""무릎 각도를 일정하게 두고 발목을 펴 뒤꿈치를 들어 올린다."",""반동 없이 발목 가동 범위 안에서 뒤꿈치를 내린다.""]",representative-content-v0.1.0,wger,146,wger:146,v1,v1:NEX-000188,v1:NEX-000188,wger,146,Calf Press Using Leg Press Machine,Calf Press Using Leg Press Machine,,https://wger.de/,wger project and community contributors,CC-BY-SA 4,nate303303,CC-BY-SA 4,Creative Commons Attribution-ShareAlike 4.0 International,4.0,https://creativecommons.org/licenses/by-sa/4.0/,wger project and community contributors — https://wger.de/,REVIEW_REQUIRED,REVIEW_REQUIRED,image:1;video:0,146,,,RESOLVED_INTEGRATED_SOURCE,REVIEW_REQUIRED,ALIGNED_AFTER_FIRST_PASS_REVIEW_REQUIRED,APPROVED_FROM_POLICY,REVIEW_REQUIRED,True,"[""EXISTING_REVIEW_REQUIRED"",""INSTRUCTION_CONTENT_REVIEW_REQUIRED"",""SOURCE_LICENSE_REVIEW_REQUIRED""]",SEPARATE_EXERCISE,사람 직접 검수 결과 별도 운동으로 승격했다. 기존 stable code는 재사용하지 않는다.,USER_DIRECT_REVIEW,ACTIVE_CANONICAL_PROMOTED_FROM_LEGACY,exercise-catalog-v2.0.2-final,REVIEW_REQUIRED,False,False,"[""NEX-000188""]","[""BEGINNER"",""INTERMEDIATE""]",NONE,,"{""BEGINNER"":""FITT-ISOLATION-STRENGTH-V1"",""INTERMEDIATE"":""FITT-ISOLATION-STRENGTH-INTERMEDIATE-V1""}",NEX-000188,EXERCISE
REX-000136,leg_curl_with_elastic_isolation_resistance_band,밴드 레그 컬,밴드 레그 컬,Leg curl with elastic,STRENGTH,KNEE_FLEXION,HAMSTRINGS,"[""KNEE""]","[""HIP""]","[""RESISTANCE_BAND""]","[""HOME"",""GYM""]",,BEGINNER,REPS,"[""MAIN""]",4,,90,15,밴드를 발목에 걸고 허벅지를 고정한 채 무릎을 굽혀 뒤꿈치를 엉덩이 쪽으로 당겼다가 천천히 폅니다.,"[""밴드를 단단한 지점에 고정하고 발목에 건다."",""허벅지와 몸통이 들리지 않도록 위치를 고정한다."",""발목을 과하게 꺾지 않고 무릎을 굽힌다."",""밴드 장력을 유지하며 다리를 천천히 편다.""]",representative-content-v0.1.0,wger,1603,wger:1603,v1,v1:NEX-000191,v1:NEX-000191,wger,1603,Leg curl with elastic,Leg curl with elastic,,https://wger.de/,wger project and community contributors,CC-BY-SA 4,clafal,CC-BY-SA 4,Creative Commons Attribution-ShareAlike 4.0 International,4.0,https://creativecommons.org/licenses/by-sa/4.0/,wger project and community contributors — https://wger.de/,REVIEW_REQUIRED,REVIEW_REQUIRED,image:0;video:0,1603,,,RESOLVED_INTEGRATED_SOURCE,REVIEW_REQUIRED,ALIGNED_AFTER_FIRST_PASS_REVIEW_REQUIRED,APPROVED_FROM_POLICY,REVIEW_REQUIRED,True,"[""EXISTING_REVIEW_REQUIRED"",""INSTRUCTION_CONTENT_REVIEW_REQUIRED"",""SOURCE_LICENSE_REVIEW_REQUIRED""]",SEPARATE_EXERCISE,사람 직접 검수 결과 별도 운동으로 승격했다. 기존 stable code는 재사용하지 않는다.,USER_DIRECT_REVIEW,ACTIVE_CANONICAL_PROMOTED_FROM_LEGACY,exercise-catalog-v2.0.2-final,REVIEW_REQUIRED,False,False,"[""NEX-000191""]","[""BEGINNER"",""INTERMEDIATE""]",NONE,,"{""BEGINNER"":""FITT-ISOLATION-STRENGTH-V1"",""INTERMEDIATE"":""FITT-ISOLATION-STRENGTH-INTERMEDIATE-V1""}",NEX-000191,EXERCISE
REX-000137,bulgarian_squat_with_dumbbells_isolation_dumbbell,덤벨 불가리안 스플릿 스쿼트,덤벨 불가리안 스플릿 스쿼트,Bulgarian Squat with Dumbbells,STRENGTH,KNEE_DOMINANT,QUADRICEPS,"[""KNEE"",""HIP""]","[""ANKLE_FOOT""]","[""DUMBBELL""]","[""GYM""]",안정적인 뒤쪽 벤치와 덤벨을 준비한다.,INTERMEDIATE,REPS,"[""MAIN""]",4,,90,15,한 발을 뒤 벤치에 올리고 앞다리에 체중을 두어 몸을 낮췄다가 앞발로 바닥을 밀며 일어납니다.,"[""처음에는 덤벨 없이 균형을 익힌 뒤 양손에 덤벨을 든다."",""한 발을 뒤 벤치에 올리고 앞발을 충분히 앞으로 둔다."",""골반이 한쪽으로 기울지 않게 앞다리 중심으로 몸을 낮춘다."",""앞발로 바닥을 밀어 일어나고 좌우를 같은 횟수로 진행한다.""]",representative-content-v0.1.0,wger,1706,wger:1706,v1,v1:NEX-000195,v1:NEX-000195,wger,1706,Bulgarian Squat with Dumbbells,Bulgarian Squat with Dumbbells,,https://wger.de/,wger project and community contributors,CC-BY-SA 4,AlucardEvil40,CC-BY-SA 4,Creative Commons Attribution-ShareAlike 4.0 International,4.0,https://creativecommons.org/licenses/by-sa/4.0/,wger project and community contributors — https://wger.de/,REVIEW_REQUIRED,REVIEW_REQUIRED,image:1;video:0,1706,,,RESOLVED_INTEGRATED_SOURCE,REVIEW_REQUIRED,ALIGNED_AFTER_FIRST_PASS_REVIEW_REQUIRED,APPROVED_FROM_POLICY,REVIEW_REQUIRED,True,"[""EXISTING_REVIEW_REQUIRED"",""INSTRUCTION_CONTENT_REVIEW_REQUIRED"",""SOURCE_LICENSE_REVIEW_REQUIRED""]",SEPARATE_EXERCISE,사람 직접 검수 결과 별도 운동으로 승격했다. 기존 stable code는 재사용하지 않는다.,USER_DIRECT_REVIEW,ACTIVE_CANONICAL_PROMOTED_FROM_LEGACY,exercise-catalog-v2.0.2-final,REVIEW_REQUIRED,False,False,"[""NEX-000195""]","[""INTERMEDIATE""]",NONE,,"{""INTERMEDIATE"":""FITT-COMPOUND-LUNGE-INTERMEDIATE-V1""}",NEX-000195,EXERCISE
