candidate_pair_id,left_record_id,right_record_id,left_stable_code,right_stable_code,candidate_relation_code,queue_code,final_decision_code,final_decision_source,final_review_status_code,retained_side,decision_note_ko
ERP-20260827-00001,NEX-000032,REX-000004,barbell_deadlift_hip_dominant_barbell,barbell_deadlift_hip_dominant_barbell,PRIMARY_VARIANT,VARIANT_CANDIDATE_QUEUE,VARIANT_CANDIDATE,AUTO_RULE,REVIEW_REQUIRED,both,자동 규칙으로 Variant 후보 Queue에 보관했으며 대표-Variant 확정은 별도 검토가 필요하다.
ERP-20260827-00002,NEX-000186,REX-000004,barbell_deadlift_hip_dominant_barbell,barbell_deadlift_hip_dominant_barbell,PRIMARY_VARIANT,VARIANT_CANDIDATE_QUEUE,VARIANT_CANDIDATE,AUTO_RULE,REVIEW_REQUIRED,both,자동 규칙으로 Variant 후보 Queue에 보관했으며 대표-Variant 확정은 별도 검토가 필요하다.
ERP-20260827-00003,NEX-000192,REX-000004,barbell_deadlift_hip_dominant_barbell,barbell_deadlift_hip_dominant_barbell,PRIMARY_VARIANT,VARIANT_CANDIDATE_QUEUE,VARIANT_CANDIDATE,AUTO_RULE,REVIEW_REQUIRED,both,자동 규칙으로 Variant 후보 Queue에 보관했으며 대표-Variant 확정은 별도 검토가 필요하다.
ERP-20260827-00004,REX-000004,REX-000007,barbell_deadlift_hip_dominant_barbell,barbell_straight_leg_deadlift_hip_dominant_barbell,PRIMARY_VARIANT,VARIANT_CANDIDATE_QUEUE,VARIANT_CANDIDATE,AUTO_RULE,REVIEW_REQUIRED,both,자동 규칙으로 Variant 후보 Queue에 보관했으며 대표-Variant 확정은 별도 검토가 필요하다.
ERP-20260827-00005,NEX-000035,REX-000005,barbell_front_raise_isolation_barbell,barbell_front_raise_isolation_barbell,PRIMARY_VARIANT,VARIANT_CANDIDATE_QUEUE,VARIANT_CANDIDATE,AUTO_RULE,REVIEW_REQUIRED,both,자동 규칙으로 Variant 후보 Queue에 보관했으며 대표-Variant 확정은 별도 검토가 필요하다.
ERP-20260827-00006,NEX-000036,REX-000005,barbell_front_raise_isolation_barbell,barbell_front_raise_isolation_barbell,PRIMARY_VARIANT,VARIANT_CANDIDATE_QUEUE,VARIANT_CANDIDATE,AUTO_RULE,REVIEW_REQUIRED,both,자동 규칙으로 Variant 후보 Queue에 보관했으며 대표-Variant 확정은 별도 검토가 필요하다.
ERP-20260827-00007,NEX-000053,REX-000005,barbell_front_raise_isolation_barbell,barbell_front_raise_isolation_barbell,PRIMARY_VARIANT,VARIANT_CANDIDATE_QUEUE,VARIANT_CANDIDATE,AUTO_RULE,REVIEW_REQUIRED,both,자동 규칙으로 Variant 후보 Queue에 보관했으며 대표-Variant 확정은 별도 검토가 필요하다.
ERP-20260827-00008,NEX-000098,REX-000005,barbell_front_raise_isolation_barbell,barbell_front_raise_isolation_barbell,PRIMARY_VARIANT,VARIANT_CANDIDATE_QUEUE,VARIANT_CANDIDATE,AUTO_RULE,REVIEW_REQUIRED,both,자동 규칙으로 Variant 후보 Queue에 보관했으며 대표-Variant 확정은 별도 검토가 필요하다.
ERP-20260827-00009,NEX-000003,REX-000006,barbell_pullover_isolation_barbell,barbell_pullover_isolation_barbell,PRIMARY_VARIANT,VARIANT_CANDIDATE_QUEUE,VARIANT_CANDIDATE,AUTO_RULE,REVIEW_REQUIRED,both,자동 규칙으로 Variant 후보 Queue에 보관했으며 대표-Variant 확정은 별도 검토가 필요하다.
ERP-20260827-00010,NEX-000061,REX-000007,barbell_straight_leg_deadlift_hip_dominant_barbell,barbell_straight_leg_deadlift_hip_dominant_barbell,PRIMARY_VARIANT,VARIANT_CANDIDATE_QUEUE,VARIANT_CANDIDATE,AUTO_RULE,REVIEW_REQUIRED,both,자동 규칙으로 Variant 후보 Queue에 보관했으며 대표-Variant 확정은 별도 검토가 필요하다.
ERP-20260827-00011,NEX-000062,REX-000007,barbell_straight_leg_deadlift_hip_dominant_barbell,barbell_straight_leg_deadlift_hip_dominant_barbell,PRIMARY_VARIANT,VARIANT_CANDIDATE_QUEUE,VARIANT_CANDIDATE,AUTO_RULE,REVIEW_REQUIRED,both,자동 규칙으로 Variant 후보 Queue에 보관했으며 대표-Variant 확정은 별도 검토가 필요하다.
ERP-20260827-00012,NEX-000104,REX-000007,barbell_straight_leg_deadlift_hip_dominant_barbell,barbell_straight_leg_deadlift_hip_dominant_barbell,PRIMARY_VARIANT,VARIANT_CANDIDATE_QUEUE,VARIANT_CANDIDATE,AUTO_RULE,REVIEW_REQUIRED,both,자동 규칙으로 Variant 후보 Queue에 보관했으며 대표-Variant 확정은 별도 검토가 필요하다.
ERP-20260827-00013,NEX-000107,REX-000007,barbell_straight_leg_deadlift_hip_dominant_barbell,barbell_straight_leg_deadlift_hip_dominant_barbell,PRIMARY_VARIANT,VARIANT_CANDIDATE_QUEUE,VARIANT_CANDIDATE,AUTO_RULE,REVIEW_REQUIRED,both,자동 규칙으로 Variant 후보 Queue에 보관했으며 대표-Variant 확정은 별도 검토가 필요하다.
ERP-20260827-00014,NEX-000193,REX-000007,barbell_straight_leg_deadlift_hip_dominant_barbell,barbell_straight_leg_deadlift_hip_dominant_barbell,PRIMARY_VARIANT,VARIANT_CANDIDATE_QUEUE,VARIANT_CANDIDATE,AUTO_RULE,REVIEW_REQUIRED,both,자동 규칙으로 Variant 후보 Queue에 보관했으며 대표-Variant 확정은 별도 검토가 필요하다.
ERP-20260827-00015,NEX-000205,REX-000007,barbell_straight_leg_deadlift_hip_dominant_barbell,barbell_straight_leg_deadlift_hip_dominant_barbell,PRIMARY_VARIANT,VARIANT_CANDIDATE_QUEUE,VARIANT_CANDIDATE,AUTO_RULE,REVIEW_REQUIRED,both,자동 규칙으로 Variant 후보 Queue에 보관했으며 대표-Variant 확정은 별도 검토가 필요하다.
ERP-20260827-00016,NEX-000031,REX-000009,bodyweight_crunch_core_brace_bodyweight,bodyweight_crunch_core_brace_bodyweight,PRIMARY_VARIANT,VARIANT_CANDIDATE_QUEUE,VARIANT_CANDIDATE,AUTO_RULE,REVIEW_REQUIRED,both,자동 규칙으로 Variant 후보 Queue에 보관했으며 대표-Variant 확정은 별도 검토가 필요하다.
ERP-20260827-00017,REX-000009,REX-000013,bodyweight_crunch_core_brace_bodyweight,bodyweight_reverse_crunch_core_brace_bodyweight,PRIMARY_VARIANT,VARIANT_CANDIDATE_QUEUE,VARIANT_CANDIDATE,AUTO_RULE,REVIEW_REQUIRED,both,자동 규칙으로 Variant 후보 Queue에 보관했으며 대표-Variant 확정은 별도 검토가 필요하다.
ERP-20260827-00018,NEX-000041,REX-000010,bodyweight_forward_lunge_knee_dominant_bodyweight,bodyweight_forward_lunge_knee_dominant_bodyweight,PRIMARY_VARIANT,VARIANT_CANDIDATE_QUEUE,VARIANT_CANDIDATE,AUTO_RULE,REVIEW_REQUIRED,both,자동 규칙으로 Variant 후보 Queue에 보관했으며 대표-Variant 확정은 별도 검토가 필요하다.
ERP-20260827-00019,NEX-000051,REX-000010,bodyweight_forward_lunge_knee_dominant_bodyweight,bodyweight_forward_lunge_knee_dominant_bodyweight,PRIMARY_VARIANT,VARIANT_CANDIDATE_QUEUE,VARIANT_CANDIDATE,AUTO_RULE,REVIEW_REQUIRED,both,자동 규칙으로 Variant 후보 Queue에 보관했으며 대표-Variant 확정은 별도 검토가 필요하다.
ERP-20260827-00020,NEX-000128,REX-000010,bodyweight_forward_lunge_knee_dominant_bodyweight,bodyweight_forward_lunge_knee_dominant_bodyweight,PRIMARY_VARIANT,VARIANT_CANDIDATE_QUEUE,VARIANT_CANDIDATE,AUTO_RULE,REVIEW_REQUIRED,both,자동 규칙으로 Variant 후보 Queue에 보관했으며 대표-Variant 확정은 별도 검토가 필요하다.
ERP-20260827-00021,NEX-000167,REX-000010,bodyweight_forward_lunge_knee_dominant_bodyweight,bodyweight_forward_lunge_knee_dominant_bodyweight,PRIMARY_VARIANT,VARIANT_CANDIDATE_QUEUE,VARIANT_CANDIDATE,AUTO_RULE,REVIEW_REQUIRED,both,자동 규칙으로 Variant 후보 Queue에 보관했으며 대표-Variant 확정은 별도 검토가 필요하다.
ERP-20260827-00022,NEX-000027,REX-000013,bodyweight_reverse_crunch_core_brace_bodyweight,bodyweight_reverse_crunch_core_brace_bodyweight,PRIMARY_VARIANT,VARIANT_CANDIDATE_QUEUE,VARIANT_CANDIDATE,AUTO_RULE,REVIEW_REQUIRED,both,자동 규칙으로 Variant 후보 Queue에 보관했으며 대표-Variant 확정은 별도 검토가 필요하다.
ERP-20260827-00023,NEX-000088,REX-000013,bodyweight_reverse_crunch_core_brace_bodyweight,bodyweight_reverse_crunch_core_brace_bodyweight,PRIMARY_VARIANT,VARIANT_CANDIDATE_QUEUE,VARIANT_CANDIDATE,AUTO_RULE,REVIEW_REQUIRED,both,자동 규칙으로 Variant 후보 Queue에 보관했으며 대표-Variant 확정은 별도 검토가 필요하다.
ERP-20260827-00024,NEX-000095,REX-000013,bodyweight_reverse_crunch_core_brace_bodyweight,bodyweight_reverse_crunch_core_brace_bodyweight,PRIMARY_VARIANT,VARIANT_CANDIDATE_QUEUE,VARIANT_CANDIDATE,AUTO_RULE,REVIEW_REQUIRED,both,자동 규칙으로 Variant 후보 Queue에 보관했으며 대표-Variant 확정은 별도 검토가 필요하다.
ERP-20260827-00025,NEX-000146,REX-000013,bodyweight_reverse_crunch_core_brace_bodyweight,bodyweight_reverse_crunch_core_brace_bodyweight,PRIMARY_VARIANT,VARIANT_CANDIDATE_QUEUE,VARIANT_CANDIDATE,AUTO_RULE,REVIEW_REQUIRED,both,자동 규칙으로 Variant 후보 Queue에 보관했으며 대표-Variant 확정은 별도 검토가 필요하다.
ERP-20260827-00026,NEX-000091,REX-000014,bodyweight_russian_twist_core_brace_bodyweight,bodyweight_russian_twist_core_brace_bodyweight,PRIMARY_VARIANT,VARIANT_CANDIDATE_QUEUE,VARIANT_CANDIDATE,AUTO_RULE,REVIEW_REQUIRED,both,자동 규칙으로 Variant 후보 Queue에 보관했으며 대표-Variant 확정은 별도 검토가 필요하다.
ERP-20260827-00027,NEX-000155,REX-000014,bodyweight_russian_twist_core_brace_bodyweight,bodyweight_russian_twist_core_brace_bodyweight,PRIMARY_VARIANT,VARIANT_CANDIDATE_QUEUE,VARIANT_CANDIDATE,AUTO_RULE,REVIEW_REQUIRED,both,자동 규칙으로 Variant 후보 Queue에 보관했으며 대표-Variant 확정은 별도 검토가 필요하다.
ERP-20260827-00028,NEX-000058,REX-000016,bodyweight_standing_calf_raise_isolation_bodyweight,bodyweight_standing_calf_raise_isolation_bodyweight,PRIMARY_VARIANT,VARIANT_CANDIDATE_QUEUE,VARIANT_CANDIDATE,AUTO_RULE,REVIEW_REQUIRED,both,자동 규칙으로 Variant 후보 Queue에 보관했으며 대표-Variant 확정은 별도 검토가 필요하다.
ERP-20260827-00029,NEX-000102,REX-000016,bodyweight_standing_calf_raise_isolation_bodyweight,bodyweight_standing_calf_raise_isolation_bodyweight,PRIMARY_VARIANT,VARIANT_CANDIDATE_QUEUE,VARIANT_CANDIDATE,AUTO_RULE,REVIEW_REQUIRED,both,자동 규칙으로 Variant 후보 Queue에 보관했으며 대표-Variant 확정은 별도 검토가 필요하다.
ERP-20260827-00030,NEX-000122,REX-000016,bodyweight_standing_calf_raise_isolation_bodyweight,bodyweight_standing_calf_raise_isolation_bodyweight,PRIMARY_VARIANT,VARIANT_CANDIDATE_QUEUE,VARIANT_CANDIDATE,AUTO_RULE,REVIEW_REQUIRED,both,자동 규칙으로 Variant 후보 Queue에 보관했으며 대표-Variant 확정은 별도 검토가 필요하다.
ERP-20260827-00031,REX-000016,REX-000080,bodyweight_standing_calf_raise_isolation_bodyweight,seated_calf_raise_isolation_barbell,PRIMARY_VARIANT,VARIANT_CANDIDATE_QUEUE,VARIANT_CANDIDATE,AUTO_RULE,REVIEW_REQUIRED,both,자동 규칙으로 Variant 후보 Queue에 보관했으며 대표-Variant 확정은 별도 검토가 필요하다.
ERP-20260827-00032,NEX-000012,REX-000018,cable_fly_isolation_cable_machine,cable_fly_isolation_cable_machine,PRIMARY_VARIANT,VARIANT_CANDIDATE_QUEUE,VARIANT_CANDIDATE,AUTO_RULE,REVIEW_REQUIRED,both,자동 규칙으로 Variant 후보 Queue에 보관했으며 대표-Variant 확정은 별도 검토가 필요하다.
ERP-20260827-00033,NEX-000017,REX-000018,cable_fly_isolation_cable_machine,cable_fly_isolation_cable_machine,PRIMARY_VARIANT,VARIANT_CANDIDATE_QUEUE,VARIANT_CANDIDATE,AUTO_RULE,REVIEW_REQUIRED,both,자동 규칙으로 Variant 후보 Queue에 보관했으며 대표-Variant 확정은 별도 검토가 필요하다.
ERP-20260827-00034,NEX-000019,REX-000018,cable_fly_isolation_cable_machine,cable_fly_isolation_cable_machine,PRIMARY_VARIANT,VARIANT_CANDIDATE_QUEUE,VARIANT_CANDIDATE,AUTO_RULE,REVIEW_REQUIRED,both,자동 규칙으로 Variant 후보 Queue에 보관했으며 대표-Variant 확정은 별도 검토가 필요하다.
ERP-20260827-00035,REX-000059,REX-000060,cardio_jump_plyometric_bodyweight,cardio_jump_plyometric_jump_rope,PRIMARY_VARIANT,VARIANT_CANDIDATE_QUEUE,VARIANT_CANDIDATE,AUTO_RULE,REVIEW_REQUIRED,both,자동 규칙으로 Variant 후보 Queue에 보관했으며 대표-Variant 확정은 별도 검토가 필요하다.
ERP-20260827-00036,NEX-000097,REX-000026,dumbbell_lateral_raise_isolation_dumbbell,dumbbell_lateral_raise_isolation_dumbbell,PRIMARY_VARIANT,VARIANT_CANDIDATE_QUEUE,VARIANT_CANDIDATE,AUTO_RULE,REVIEW_REQUIRED,both,자동 규칙으로 Variant 후보 Queue에 보관했으며 대표-Variant 확정은 별도 검토가 필요하다.
ERP-20260827-00037,NEX-000054,REX-000027,dumbbell_preacher_curl_isolation_dumbbell,dumbbell_preacher_curl_isolation_dumbbell,PRIMARY_VARIANT,VARIANT_CANDIDATE_QUEUE,VARIANT_CANDIDATE,AUTO_RULE,REVIEW_REQUIRED,both,자동 규칙으로 Variant 후보 Queue에 보관했으며 대표-Variant 확정은 별도 검토가 필요하다.
ERP-20260827-00038,NEX-000060,REX-000027,dumbbell_preacher_curl_isolation_dumbbell,dumbbell_preacher_curl_isolation_dumbbell,PRIMARY_VARIANT,VARIANT_CANDIDATE_QUEUE,VARIANT_CANDIDATE,AUTO_RULE,REVIEW_REQUIRED,both,자동 규칙으로 Variant 후보 Queue에 보관했으며 대표-Variant 확정은 별도 검토가 필요하다.
ERP-20260827-00039,NEX-000141,REX-000027,dumbbell_preacher_curl_isolation_dumbbell,dumbbell_preacher_curl_isolation_dumbbell,PRIMARY_VARIANT,VARIANT_CANDIDATE_QUEUE,VARIANT_CANDIDATE,AUTO_RULE,REVIEW_REQUIRED,both,자동 규칙으로 Variant 후보 Queue에 보관했으며 대표-Variant 확정은 별도 검토가 필요하다.
ERP-20260827-00040,NEX-000149,REX-000027,dumbbell_preacher_curl_isolation_dumbbell,dumbbell_preacher_curl_isolation_dumbbell,PRIMARY_VARIANT,VARIANT_CANDIDATE_QUEUE,VARIANT_CANDIDATE,AUTO_RULE,REVIEW_REQUIRED,both,자동 규칙으로 Variant 후보 Queue에 보관했으며 대표-Variant 확정은 별도 검토가 필요하다.
ERP-20260827-00041,NEX-000025,REX-000029,dumbbell_shrug_isolation_dumbbell,dumbbell_shrug_isolation_dumbbell,PRIMARY_VARIANT,VARIANT_CANDIDATE_QUEUE,VARIANT_CANDIDATE,AUTO_RULE,REVIEW_REQUIRED,both,자동 규칙으로 Variant 후보 Queue에 보관했으며 대표-Variant 확정은 별도 검토가 필요하다.
ERP-20260827-00042,NEX-000033,REX-000029,dumbbell_shrug_isolation_dumbbell,dumbbell_shrug_isolation_dumbbell,PRIMARY_VARIANT,VARIANT_CANDIDATE_QUEUE,VARIANT_CANDIDATE,AUTO_RULE,REVIEW_REQUIRED,both,자동 규칙으로 Variant 후보 Queue에 보관했으며 대표-Variant 확정은 별도 검토가 필요하다.
ERP-20260827-00043,NEX-000034,REX-000029,dumbbell_shrug_isolation_dumbbell,dumbbell_shrug_isolation_dumbbell,PRIMARY_VARIANT,VARIANT_CANDIDATE_QUEUE,VARIANT_CANDIDATE,AUTO_RULE,REVIEW_REQUIRED,both,자동 규칙으로 Variant 후보 Queue에 보관했으며 대표-Variant 확정은 별도 검토가 필요하다.
ERP-20260827-00044,NEX-000038,REX-000029,dumbbell_shrug_isolation_dumbbell,dumbbell_shrug_isolation_dumbbell,PRIMARY_VARIANT,VARIANT_CANDIDATE_QUEUE,VARIANT_CANDIDATE,AUTO_RULE,REVIEW_REQUIRED,both,자동 규칙으로 Variant 후보 Queue에 보관했으며 대표-Variant 확정은 별도 검토가 필요하다.
ERP-20260827-00045,NEX-000106,REX-000029,dumbbell_shrug_isolation_dumbbell,dumbbell_shrug_isolation_dumbbell,PRIMARY_VARIANT,VARIANT_CANDIDATE_QUEUE,VARIANT_CANDIDATE,AUTO_RULE,REVIEW_REQUIRED,both,자동 규칙으로 Variant 후보 Queue에 보관했으며 대표-Variant 확정은 별도 검토가 필요하다.
ERP-20260827-00046,NEX-000150,REX-000038,inverted_row_horizontal_pull_bodyweight,inverted_row_horizontal_pull_bodyweight,PRIMARY_VARIANT,VARIANT_CANDIDATE_QUEUE,VARIANT_CANDIDATE,AUTO_RULE,REVIEW_REQUIRED,both,자동 규칙으로 Variant 후보 Queue에 보관했으며 대표-Variant 확정은 별도 검토가 필요하다.
ERP-20260827-00047,REX-000038,REX-000079,inverted_row_horizontal_pull_bodyweight,seated_cable_row_horizontal_pull_cable_machine,PRIMARY_VARIANT,VARIANT_CANDIDATE_QUEUE,VARIANT_CANDIDATE,AUTO_RULE,REVIEW_REQUIRED,both,자동 규칙으로 Variant 후보 Queue에 보관했으며 대표-Variant 확정은 별도 검토가 필요하다.
ERP-20260827-00048,NEX-000189,REX-000040,lat_pulldown_vertical_pull_cable_machine,lat_pulldown_vertical_pull_cable_machine,PRIMARY_VARIANT,VARIANT_CANDIDATE_QUEUE,VARIANT_CANDIDATE,AUTO_RULE,REVIEW_REQUIRED,both,자동 규칙으로 Variant 후보 Queue에 보관했으며 대표-Variant 확정은 별도 검토가 필요하다.
ERP-20260827-00049,NEX-000203,REX-000044,machine_leg_extension_isolation_machine,machine_leg_extension_isolation_machine,PRIMARY_VARIANT,VARIANT_CANDIDATE_QUEUE,VARIANT_CANDIDATE,AUTO_RULE,REVIEW_REQUIRED,both,자동 규칙으로 Variant 후보 Queue에 보관했으며 대표-Variant 확정은 별도 검토가 필요하다.
ERP-20260827-00050,NEX-000083,REX-000045,neck_lateral_stretch_mobility_stretch_bodyweight,neck_lateral_stretch_mobility_stretch_bodyweight,PRIMARY_VARIANT,VARIANT_CANDIDATE_QUEUE,VARIANT_CANDIDATE,AUTO_RULE,REVIEW_REQUIRED,both,자동 규칙으로 Variant 후보 Queue에 보관했으며 대표-Variant 확정은 별도 검토가 필요하다.
ERP-20260827-00051,REX-000048,REX-000096,overhead_triceps_stretch_mobility_stretch_bodyweight,triceps_stretch_mobility_stretch_bodyweight,PRIMARY_VARIANT,VARIANT_CANDIDATE_QUEUE,VARIANT_CANDIDATE,AUTO_RULE,REVIEW_REQUIRED,both,자동 규칙으로 Variant 후보 Queue에 보관했으며 대표-Variant 확정은 별도 검토가 필요하다.
ERP-20260827-00052,NEX-000194,REX-000049,pectorals_horizontal_push_horizontal_push_machine,pectorals_horizontal_push_horizontal_push_machine,PRIMARY_VARIANT,VARIANT_CANDIDATE_QUEUE,VARIANT_CANDIDATE,AUTO_RULE,REVIEW_REQUIRED,both,자동 규칙으로 Variant 후보 Queue에 보관했으며 대표-Variant 확정은 별도 검토가 필요하다.
ERP-20260827-00053,NEX-000206,REX-000049,pectorals_horizontal_push_horizontal_push_machine,pectorals_horizontal_push_horizontal_push_machine,PRIMARY_VARIANT,VARIANT_CANDIDATE_QUEUE,VARIANT_CANDIDATE,AUTO_RULE,REVIEW_REQUIRED,both,자동 규칙으로 Variant 후보 Queue에 보관했으며 대표-Variant 확정은 별도 검토가 필요하다.
ERP-20260827-00054,NEX-000052,REX-000055,reverse_wrist_curl_isolation_barbell,reverse_wrist_curl_isolation_barbell,PRIMARY_VARIANT,VARIANT_CANDIDATE_QUEUE,VARIANT_CANDIDATE,AUTO_RULE,REVIEW_REQUIRED,both,자동 규칙으로 Variant 후보 Queue에 보관했으며 대표-Variant 확정은 별도 검토가 필요하다.
ERP-20260827-00055,NEX-000100,REX-000055,reverse_wrist_curl_isolation_barbell,reverse_wrist_curl_isolation_barbell,PRIMARY_VARIANT,VARIANT_CANDIDATE_QUEUE,VARIANT_CANDIDATE,AUTO_RULE,REVIEW_REQUIRED,both,자동 규칙으로 Variant 후보 Queue에 보관했으며 대표-Variant 확정은 별도 검토가 필요하다.
ERP-20260827-00056,REX-000055,REX-000102,reverse_wrist_curl_isolation_barbell,wrist_curl_isolation_barbell,PRIMARY_VARIANT,VARIANT_CANDIDATE_QUEUE,VARIANT_CANDIDATE,AUTO_RULE,REVIEW_REQUIRED,both,자동 규칙으로 Variant 후보 Queue에 보관했으며 대표-Variant 확정은 별도 검토가 필요하다.
ERP-20260827-00057,NEX-000196,REX-000076,row_variant_horizontal_pull_cable_machine,row_variant_horizontal_pull_cable_machine,PRIMARY_VARIANT,VARIANT_CANDIDATE_QUEUE,VARIANT_CANDIDATE,AUTO_RULE,REVIEW_REQUIRED,both,자동 규칙으로 Variant 후보 Queue에 보관했으며 대표-Variant 확정은 별도 검토가 필요하다.
ERP-20260827-00058,REX-000076,REX-000079,row_variant_horizontal_pull_cable_machine,seated_cable_row_horizontal_pull_cable_machine,PRIMARY_VARIANT,VARIANT_CANDIDATE_QUEUE,VARIANT_CANDIDATE,AUTO_RULE,REVIEW_REQUIRED,both,자동 규칙으로 Variant 후보 Queue에 보관했으며 대표-Variant 확정은 별도 검토가 필요하다.
ERP-20260827-00059,NEX-000013,REX-000079,seated_cable_row_horizontal_pull_cable_machine,seated_cable_row_horizontal_pull_cable_machine,PRIMARY_VARIANT,VARIANT_CANDIDATE_QUEUE,VARIANT_CANDIDATE,AUTO_RULE,REVIEW_REQUIRED,both,자동 규칙으로 Variant 후보 Queue에 보관했으며 대표-Variant 확정은 별도 검토가 필요하다.
ERP-20260827-00060,NEX-000014,REX-000079,seated_cable_row_horizontal_pull_cable_machine,seated_cable_row_horizontal_pull_cable_machine,PRIMARY_VARIANT,VARIANT_CANDIDATE_QUEUE,VARIANT_CANDIDATE,AUTO_RULE,REVIEW_REQUIRED,both,자동 규칙으로 Variant 후보 Queue에 보관했으며 대표-Variant 확정은 별도 검토가 필요하다.
ERP-20260827-00061,NEX-000015,REX-000079,seated_cable_row_horizontal_pull_cable_machine,seated_cable_row_horizontal_pull_cable_machine,PRIMARY_VARIANT,VARIANT_CANDIDATE_QUEUE,VARIANT_CANDIDATE,AUTO_RULE,REVIEW_REQUIRED,both,자동 규칙으로 Variant 후보 Queue에 보관했으며 대표-Variant 확정은 별도 검토가 필요하다.
ERP-20260827-00062,NEX-000070,REX-000080,seated_calf_raise_isolation_barbell,seated_calf_raise_isolation_barbell,PRIMARY_VARIANT,VARIANT_CANDIDATE_QUEUE,VARIANT_CANDIDATE,AUTO_RULE,REVIEW_REQUIRED,both,자동 규칙으로 Variant 후보 Queue에 보관했으며 대표-Variant 확정은 별도 검토가 필요하다.
ERP-20260827-00063,NEX-000120,REX-000080,seated_calf_raise_isolation_barbell,seated_calf_raise_isolation_barbell,PRIMARY_VARIANT,VARIANT_CANDIDATE_QUEUE,VARIANT_CANDIDATE,AUTO_RULE,REVIEW_REQUIRED,both,자동 규칙으로 Variant 후보 Queue에 보관했으며 대표-Variant 확정은 별도 검토가 필요하다.
ERP-20260827-00064,NEX-000087,REX-000083,seated_leg_curl_knee_flexion_machine,seated_leg_curl_knee_flexion_machine,PRIMARY_VARIANT,VARIANT_CANDIDATE_QUEUE,VARIANT_CANDIDATE,AUTO_RULE,REVIEW_REQUIRED,both,자동 규칙으로 Variant 후보 Queue에 보관했으며 대표-Variant 확정은 별도 검토가 필요하다.
ERP-20260827-00065,NEX-000202,REX-000083,seated_leg_curl_knee_flexion_machine,seated_leg_curl_knee_flexion_machine,PRIMARY_VARIANT,VARIANT_CANDIDATE_QUEUE,VARIANT_CANDIDATE,AUTO_RULE,REVIEW_REQUIRED,both,자동 규칙으로 Variant 후보 Queue에 보관했으며 대표-Variant 확정은 별도 검토가 필요하다.
ERP-20260827-00066,NEX-000055,REX-000086,seated_shoulder_press_vertical_push_dumbbell,seated_shoulder_press_vertical_push_dumbbell,PRIMARY_VARIANT,VARIANT_CANDIDATE_QUEUE,VARIANT_CANDIDATE,AUTO_RULE,REVIEW_REQUIRED,both,자동 규칙으로 Variant 후보 Queue에 보관했으며 대표-Variant 확정은 별도 검토가 필요하다.
ERP-20260827-00067,NEX-000101,REX-000086,seated_shoulder_press_vertical_push_dumbbell,seated_shoulder_press_vertical_push_dumbbell,PRIMARY_VARIANT,VARIANT_CANDIDATE_QUEUE,VARIANT_CANDIDATE,AUTO_RULE,REVIEW_REQUIRED,both,자동 규칙으로 Variant 후보 Queue에 보관했으며 대표-Variant 확정은 별도 검토가 필요하다.
ERP-20260827-00068,NEX-000163,REX-000086,seated_shoulder_press_vertical_push_dumbbell,seated_shoulder_press_vertical_push_dumbbell,PRIMARY_VARIANT,VARIANT_CANDIDATE_QUEUE,VARIANT_CANDIDATE,AUTO_RULE,REVIEW_REQUIRED,both,자동 규칙으로 Variant 후보 Queue에 보관했으며 대표-Variant 확정은 별도 검토가 필요하다.
ERP-20260827-00069,NEX-000198,REX-000086,seated_shoulder_press_vertical_push_dumbbell,seated_shoulder_press_vertical_push_dumbbell,PRIMARY_VARIANT,VARIANT_CANDIDATE_QUEUE,VARIANT_CANDIDATE,AUTO_RULE,REVIEW_REQUIRED,both,자동 규칙으로 Variant 후보 Queue에 보관했으며 대표-Variant 확정은 별도 검토가 필요하다.
ERP-20260827-00070,NEX-000200,REX-000086,seated_shoulder_press_vertical_push_dumbbell,seated_shoulder_press_vertical_push_dumbbell,PRIMARY_VARIANT,VARIANT_CANDIDATE_QUEUE,VARIANT_CANDIDATE,AUTO_RULE,REVIEW_REQUIRED,both,자동 규칙으로 Variant 후보 Queue에 보관했으며 대표-Variant 확정은 별도 검토가 필요하다.
ERP-20260827-00071,NEX-000207,REX-000086,seated_shoulder_press_vertical_push_dumbbell,seated_shoulder_press_vertical_push_dumbbell,PRIMARY_VARIANT,VARIANT_CANDIDATE_QUEUE,VARIANT_CANDIDATE,AUTO_RULE,REVIEW_REQUIRED,both,자동 규칙으로 Variant 후보 Queue에 보관했으며 대표-Variant 확정은 별도 검토가 필요하다.
ERP-20260827-00072,REX-000091,REX-000092,spine_stretch_mobility_stretch_bodyweight,spine_twist_mobility_stretch_bodyweight,PRIMARY_VARIANT,VARIANT_CANDIDATE_QUEUE,VARIANT_CANDIDATE,AUTO_RULE,REVIEW_REQUIRED,both,자동 규칙으로 Variant 후보 Queue에 보관했으며 대표-Variant 확정은 별도 검토가 필요하다.
ERP-20260827-00073,NEX-000046,REX-000102,wrist_curl_isolation_barbell,wrist_curl_isolation_barbell,PRIMARY_VARIANT,VARIANT_CANDIDATE_QUEUE,VARIANT_CANDIDATE,AUTO_RULE,REVIEW_REQUIRED,both,자동 규칙으로 Variant 후보 Queue에 보관했으며 대표-Variant 확정은 별도 검토가 필요하다.
ERP-20260827-00074,NEX-000105,REX-000102,wrist_curl_isolation_barbell,wrist_curl_isolation_barbell,PRIMARY_VARIANT,VARIANT_CANDIDATE_QUEUE,VARIANT_CANDIDATE,AUTO_RULE,REVIEW_REQUIRED,both,자동 규칙으로 Variant 후보 Queue에 보관했으며 대표-Variant 확정은 별도 검토가 필요하다.
ERP-20260827-00075,REX-000022,REX-000052,close_grip_push_up_horizontal_push_bodyweight,push_up_horizontal_push_bodyweight,SECONDARY_VARIANT,VARIANT_CANDIDATE_QUEUE,VARIANT_CANDIDATE,AUTO_RULE,REVIEW_REQUIRED,both,자동 규칙으로 Variant 후보 Queue에 보관했으며 대표-Variant 확정은 별도 검토가 필요하다.
ERP-20260827-00076,NEX-000190,REX-000040,lat_pulldown_vertical_pull_cable_machine,lat_pulldown_vertical_pull_cable_machine,SECONDARY_VARIANT,VARIANT_CANDIDATE_QUEUE,VARIANT_CANDIDATE,AUTO_RULE,REVIEW_REQUIRED,both,자동 규칙으로 Variant 후보 Queue에 보관했으며 대표-Variant 확정은 별도 검토가 필요하다.
ERP-20260827-00077,NEX-000024,REX-000079,seated_cable_row_horizontal_pull_cable_machine,seated_cable_row_horizontal_pull_cable_machine,SECONDARY_VARIANT,VARIANT_CANDIDATE_QUEUE,VARIANT_CANDIDATE,AUTO_RULE,REVIEW_REQUIRED,both,자동 규칙으로 Variant 후보 Queue에 보관했으며 대표-Variant 확정은 별도 검토가 필요하다.
ERP-20260827-00078,NEX-000043,REX-000086,seated_shoulder_press_vertical_push_dumbbell,seated_shoulder_press_vertical_push_dumbbell,SECONDARY_VARIANT,VARIANT_CANDIDATE_QUEUE,VARIANT_CANDIDATE,AUTO_RULE,REVIEW_REQUIRED,both,자동 규칙으로 Variant 후보 Queue에 보관했으며 대표-Variant 확정은 별도 검토가 필요하다.
ERP-20260827-00079,NEX-000044,REX-000086,seated_shoulder_press_vertical_push_dumbbell,seated_shoulder_press_vertical_push_dumbbell,SECONDARY_VARIANT,VARIANT_CANDIDATE_QUEUE,VARIANT_CANDIDATE,AUTO_RULE,REVIEW_REQUIRED,both,자동 규칙으로 Variant 후보 Queue에 보관했으며 대표-Variant 확정은 별도 검토가 필요하다.
ERP-20260827-00080,REX-000001,REX-000023,abs_core_brace_core_brace_mat,crunch_variant_core_brace_bodyweight,SEPARATE_EXERCISE,SEPARATE_EXERCISE_QUEUE,SEPARATE_EXERCISE,AUTO_RULE,AUTO_RULE_APPLIED,both,"movement pattern, body area 또는 stable code 규칙으로 명백히 별도 운동으로 유지한다."
ERP-20260827-00081,REX-000001,REX-000051,abs_core_brace_core_brace_mat,plank_rotation_core_brace_bodyweight,SEPARATE_EXERCISE,SEPARATE_EXERCISE_QUEUE,SEPARATE_EXERCISE,AUTO_RULE,AUTO_RULE_APPLIED,both,"movement pattern, body area 또는 stable code 규칙으로 명백히 별도 운동으로 유지한다."
ERP-20260827-00082,REX-000001,REX-000075,abs_core_brace_core_brace_mat,rotation_variant_core_brace_cable_machine,SEPARATE_EXERCISE,SEPARATE_EXERCISE_QUEUE,SEPARATE_EXERCISE,AUTO_RULE,AUTO_RULE_APPLIED,both,"movement pattern, body area 또는 stable code 규칙으로 명백히 별도 운동으로 유지한다."
ERP-20260827-00083,REX-000001,REX-000090,abs_core_brace_core_brace_mat,spine_core_brace_core_brace_mat,SEPARATE_EXERCISE,SEPARATE_EXERCISE_QUEUE,SEPARATE_EXERCISE,AUTO_RULE,AUTO_RULE_APPLIED,both,"movement pattern, body area 또는 stable code 규칙으로 명백히 별도 운동으로 유지한다."
ERP-20260827-00084,REX-000002,REX-000017,all_fours_squat_stretch_mobility_stretch_bodyweight,butterfly_adductor_stretch_mobility_stretch_bodyweight,SEPARATE_EXERCISE,SEPARATE_EXERCISE_QUEUE,SEPARATE_EXERCISE,AUTO_RULE,AUTO_RULE_APPLIED,both,"movement pattern, body area 또는 stable code 규칙으로 명백히 별도 운동으로 유지한다."
ERP-20260827-00085,REX-000002,REX-000033,all_fours_squat_stretch_mobility_stretch_bodyweight,exercise_ball_hip_flexor_stretch_mobility_stretch_stability_ball,SEPARATE_EXERCISE,SEPARATE_EXERCISE_QUEUE,SEPARATE_EXERCISE,AUTO_RULE,AUTO_RULE_APPLIED,both,"movement pattern, body area 또는 stable code 규칙으로 명백히 별도 운동으로 유지한다."
ERP-20260827-00086,REX-000002,REX-000036,all_fours_squat_stretch_mobility_stretch_bodyweight,hip_flexor_quadriceps_stretch_mobility_stretch_stretch_strap,SEPARATE_EXERCISE,SEPARATE_EXERCISE_QUEUE,SEPARATE_EXERCISE,AUTO_RULE,AUTO_RULE_APPLIED,both,"movement pattern, body area 또는 stable code 규칙으로 명백히 별도 운동으로 유지한다."
ERP-20260827-00087,REX-000002,REX-000042,all_fours_squat_stretch_mobility_stretch_bodyweight,leg_up_hamstring_stretch_mobility_stretch_bodyweight,SEPARATE_EXERCISE,SEPARATE_EXERCISE_QUEUE,SEPARATE_EXERCISE,AUTO_RULE,AUTO_RULE_APPLIED,both,"movement pattern, body area 또는 stable code 규칙으로 명백히 별도 운동으로 유지한다."
ERP-20260827-00088,REX-000002,REX-000074,all_fours_squat_stretch_mobility_stretch_bodyweight,roller_hip_stretch_mobility_stretch_foam_roller,SEPARATE_EXERCISE,SEPARATE_EXERCISE_QUEUE,SEPARATE_EXERCISE,AUTO_RULE,AUTO_RULE_APPLIED,both,"movement pattern, body area 또는 stable code 규칙으로 명백히 별도 운동으로 유지한다."
ERP-20260827-00089,REX-000002,REX-000087,all_fours_squat_stretch_mobility_stretch_bodyweight,seated_wide_angle_stretch_mobility_stretch_bodyweight,SEPARATE_EXERCISE,SEPARATE_EXERCISE_QUEUE,SEPARATE_EXERCISE,AUTO_RULE,AUTO_RULE_APPLIED,both,"movement pattern, body area 또는 stable code 규칙으로 명백히 별도 운동으로 유지한다."
ERP-20260827-00090,REX-000002,REX-000088,all_fours_squat_stretch_mobility_stretch_bodyweight,side_lying_quadriceps_stretch_mobility_stretch_bodyweight,SEPARATE_EXERCISE,SEPARATE_EXERCISE_QUEUE,SEPARATE_EXERCISE,AUTO_RULE,AUTO_RULE_APPLIED,both,"movement pattern, body area 또는 stable code 규칙으로 명백히 별도 운동으로 유지한다."
ERP-20260827-00091,REX-000002,REX-000094,all_fours_squat_stretch_mobility_stretch_bodyweight,standing_hamstring_calf_strap_stretch_mobility_stretch_stretch_strap,SEPARATE_EXERCISE,SEPARATE_EXERCISE_QUEUE,SEPARATE_EXERCISE,AUTO_RULE,AUTO_RULE_APPLIED,both,"movement pattern, body area 또는 stable code 규칙으로 명백히 별도 운동으로 유지한다."
ERP-20260827-00092,REX-000005,REX-000028,barbell_front_raise_isolation_barbell,dumbbell_rear_fly_isolation_dumbbell,SEPARATE_EXERCISE,SEPARATE_EXERCISE_QUEUE,SEPARATE_EXERCISE,AUTO_RULE,AUTO_RULE_APPLIED,both,"movement pattern, body area 또는 stable code 규칙으로 명백히 별도 운동으로 유지한다."
ERP-20260827-00093,REX-000006,REX-000097,barbell_pullover_isolation_barbell,upper_back_isolation_isolation_resistance_band,SEPARATE_EXERCISE,SEPARATE_EXERCISE_QUEUE,SEPARATE_EXERCISE,AUTO_RULE,AUTO_RULE_APPLIED,both,"movement pattern, body area 또는 stable code 규칙으로 명백히 별도 운동으로 유지한다."
ERP-20260827-00094,REX-000010,REX-000069,bodyweight_forward_lunge_knee_dominant_bodyweight,leg_press_knee_dominant_resistance_band,SEPARATE_EXERCISE,SEPARATE_EXERCISE_QUEUE,SEPARATE_EXERCISE,AUTO_RULE,AUTO_RULE_APPLIED,both,"movement pattern, body area 또는 stable code 규칙으로 명백히 별도 운동으로 유지한다."
ERP-20260827-00095,REX-000013,REX-000051,bodyweight_reverse_crunch_core_brace_bodyweight,plank_rotation_core_brace_bodyweight,SEPARATE_EXERCISE,SEPARATE_EXERCISE_QUEUE,SEPARATE_EXERCISE,AUTO_RULE,AUTO_RULE_APPLIED,both,"movement pattern, body area 또는 stable code 규칙으로 명백히 별도 운동으로 유지한다."
ERP-20260827-00096,REX-000013,REX-000090,bodyweight_reverse_crunch_core_brace_bodyweight,spine_core_brace_core_brace_mat,SEPARATE_EXERCISE,SEPARATE_EXERCISE_QUEUE,SEPARATE_EXERCISE,AUTO_RULE,AUTO_RULE_APPLIED,both,"movement pattern, body area 또는 stable code 규칙으로 명백히 별도 운동으로 유지한다."
ERP-20260827-00097,REX-000014,REX-000090,bodyweight_russian_twist_core_brace_bodyweight,spine_core_brace_core_brace_mat,SEPARATE_EXERCISE,SEPARATE_EXERCISE_QUEUE,SEPARATE_EXERCISE,AUTO_RULE,AUTO_RULE_APPLIED,both,"movement pattern, body area 또는 stable code 규칙으로 명백히 별도 운동으로 유지한다."
ERP-20260827-00098,REX-000015,REX-000069,bodyweight_split_squat_knee_dominant_bodyweight,leg_press_knee_dominant_resistance_band,SEPARATE_EXERCISE,SEPARATE_EXERCISE_QUEUE,SEPARATE_EXERCISE,AUTO_RULE,AUTO_RULE_APPLIED,both,"movement pattern, body area 또는 stable code 규칙으로 명백히 별도 운동으로 유지한다."
ERP-20260827-00099,REX-000017,REX-000033,butterfly_adductor_stretch_mobility_stretch_bodyweight,exercise_ball_hip_flexor_stretch_mobility_stretch_stability_ball,SEPARATE_EXERCISE,SEPARATE_EXERCISE_QUEUE,SEPARATE_EXERCISE,AUTO_RULE,AUTO_RULE_APPLIED,both,"movement pattern, body area 또는 stable code 규칙으로 명백히 별도 운동으로 유지한다."
ERP-20260827-00100,REX-000017,REX-000074,butterfly_adductor_stretch_mobility_stretch_bodyweight,roller_hip_stretch_mobility_stretch_foam_roller,SEPARATE_EXERCISE,SEPARATE_EXERCISE_QUEUE,SEPARATE_EXERCISE,AUTO_RULE,AUTO_RULE_APPLIED,both,"movement pattern, body area 또는 stable code 규칙으로 명백히 별도 운동으로 유지한다."
ERP-20260827-00101,REX-000019,REX-000027,cable_triceps_pushdown_isolation_cable_machine,dumbbell_preacher_curl_isolation_dumbbell,SEPARATE_EXERCISE,SEPARATE_EXERCISE_QUEUE,SEPARATE_EXERCISE,AUTO_RULE,AUTO_RULE_APPLIED,both,"movement pattern, body area 또는 stable code 규칙으로 명백히 별도 운동으로 유지한다."
ERP-20260827-00102,REX-000019,REX-000030,cable_triceps_pushdown_isolation_cable_machine,dumbbell_standing_curl_isolation_dumbbell,SEPARATE_EXERCISE,SEPARATE_EXERCISE_QUEUE,SEPARATE_EXERCISE,AUTO_RULE,AUTO_RULE_APPLIED,both,"movement pattern, body area 또는 stable code 규칙으로 명백히 별도 운동으로 유지한다."
ERP-20260827-00103,REX-000065,REX-000070,cardio_gait_bodyweight_rex_000065,cardio_gait_machine,SEPARATE_EXERCISE,SEPARATE_EXERCISE_QUEUE,SEPARATE_EXERCISE,AUTO_RULE,AUTO_RULE_APPLIED,both,"movement pattern, body area 또는 stable code 규칙으로 명백히 별도 운동으로 유지한다."
ERP-20260827-00104,REX-000065,REX-000068,cardio_gait_bodyweight_rex_000065,cardio_gait_step_box,SEPARATE_EXERCISE,SEPARATE_EXERCISE_QUEUE,SEPARATE_EXERCISE,AUTO_RULE,AUTO_RULE_APPLIED,both,"movement pattern, body area 또는 stable code 규칙으로 명백히 별도 운동으로 유지한다."
ERP-20260827-00105,REX-000071,REX-000068,cardio_gait_machine_rex_000071,cardio_gait_step_box,SEPARATE_EXERCISE,SEPARATE_EXERCISE_QUEUE,SEPARATE_EXERCISE,AUTO_RULE,AUTO_RULE_APPLIED,both,"movement pattern, body area 또는 stable code 규칙으로 명백히 별도 운동으로 유지한다."
ERP-20260827-00106,REX-000020,REX-000036,chair_leg_extended_stretch_mobility_stretch_bodyweight,hip_flexor_quadriceps_stretch_mobility_stretch_stretch_strap,SEPARATE_EXERCISE,SEPARATE_EXERCISE_QUEUE,SEPARATE_EXERCISE,AUTO_RULE,AUTO_RULE_APPLIED,both,"movement pattern, body area 또는 stable code 규칙으로 명백히 별도 운동으로 유지한다."
ERP-20260827-00107,REX-000021,REX-000053,chest_front_shoulder_stretch_mobility_stretch_bodyweight,rear_deltoid_stretch_mobility_stretch_bodyweight,SEPARATE_EXERCISE,SEPARATE_EXERCISE_QUEUE,SEPARATE_EXERCISE,AUTO_RULE,AUTO_RULE_APPLIED,both,"movement pattern, body area 또는 stable code 규칙으로 명백히 별도 운동으로 유지한다."
ERP-20260827-00108,REX-000023,REX-000051,crunch_variant_core_brace_bodyweight,plank_rotation_core_brace_bodyweight,SEPARATE_EXERCISE,SEPARATE_EXERCISE_QUEUE,SEPARATE_EXERCISE,AUTO_RULE,AUTO_RULE_APPLIED,both,"movement pattern, body area 또는 stable code 규칙으로 명백히 별도 운동으로 유지한다."
ERP-20260827-00109,REX-000023,REX-000090,crunch_variant_core_brace_bodyweight,spine_core_brace_core_brace_mat,SEPARATE_EXERCISE,SEPARATE_EXERCISE_QUEUE,SEPARATE_EXERCISE,AUTO_RULE,AUTO_RULE_APPLIED,both,"movement pattern, body area 또는 stable code 규칙으로 명백히 별도 운동으로 유지한다."
ERP-20260827-00110,REX-000024,REX-000051,dead_bug_core_brace_bodyweight,plank_rotation_core_brace_bodyweight,SEPARATE_EXERCISE,SEPARATE_EXERCISE_QUEUE,SEPARATE_EXERCISE,AUTO_RULE,AUTO_RULE_APPLIED,both,"movement pattern, body area 또는 stable code 규칙으로 명백히 별도 운동으로 유지한다."
ERP-20260827-00111,REX-000024,REX-000090,dead_bug_core_brace_bodyweight,spine_core_brace_core_brace_mat,SEPARATE_EXERCISE,SEPARATE_EXERCISE_QUEUE,SEPARATE_EXERCISE,AUTO_RULE,AUTO_RULE_APPLIED,both,"movement pattern, body area 또는 stable code 규칙으로 명백히 별도 운동으로 유지한다."
ERP-20260827-00112,REX-000025,REX-000069,dumbbell_goblet_squat_knee_dominant_dumbbell,leg_press_knee_dominant_resistance_band,SEPARATE_EXERCISE,SEPARATE_EXERCISE_QUEUE,SEPARATE_EXERCISE,AUTO_RULE,AUTO_RULE_APPLIED,both,"movement pattern, body area 또는 stable code 규칙으로 명백히 별도 운동으로 유지한다."
ERP-20260827-00113,REX-000026,REX-000028,dumbbell_lateral_raise_isolation_dumbbell,dumbbell_rear_fly_isolation_dumbbell,SEPARATE_EXERCISE,SEPARATE_EXERCISE_QUEUE,SEPARATE_EXERCISE,AUTO_RULE,AUTO_RULE_APPLIED,both,"movement pattern, body area 또는 stable code 규칙으로 명백히 별도 운동으로 유지한다."
ERP-20260827-00114,REX-000027,REX-000047,dumbbell_preacher_curl_isolation_dumbbell,overhead_triceps_extension_isolation_barbell,SEPARATE_EXERCISE,SEPARATE_EXERCISE_QUEUE,SEPARATE_EXERCISE,AUTO_RULE,AUTO_RULE_APPLIED,both,"movement pattern, body area 또는 stable code 규칙으로 명백히 별도 운동으로 유지한다."
ERP-20260827-00115,REX-000029,REX-000097,dumbbell_shrug_isolation_dumbbell,upper_back_isolation_isolation_resistance_band,SEPARATE_EXERCISE,SEPARATE_EXERCISE_QUEUE,SEPARATE_EXERCISE,AUTO_RULE,AUTO_RULE_APPLIED,both,"movement pattern, body area 또는 stable code 규칙으로 명백히 별도 운동으로 유지한다."
ERP-20260827-00116,REX-000030,REX-000047,dumbbell_standing_curl_isolation_dumbbell,overhead_triceps_extension_isolation_barbell,SEPARATE_EXERCISE,SEPARATE_EXERCISE_QUEUE,SEPARATE_EXERCISE,AUTO_RULE,AUTO_RULE_APPLIED,both,"movement pattern, body area 또는 stable code 규칙으로 명백히 별도 운동으로 유지한다."
ERP-20260827-00117,REX-000031,REX-000069,dumbbell_step_up_lunge_knee_dominant_dumbbell_step_box,leg_press_knee_dominant_resistance_band,SEPARATE_EXERCISE,SEPARATE_EXERCISE_QUEUE,SEPARATE_EXERCISE,AUTO_RULE,AUTO_RULE_APPLIED,both,"movement pattern, body area 또는 stable code 규칙으로 명백히 별도 운동으로 유지한다."
ERP-20260827-00118,REX-000033,REX-000087,exercise_ball_hip_flexor_stretch_mobility_stretch_stability_ball,seated_wide_angle_stretch_mobility_stretch_bodyweight,SEPARATE_EXERCISE,SEPARATE_EXERCISE_QUEUE,SEPARATE_EXERCISE,AUTO_RULE,AUTO_RULE_APPLIED,both,"movement pattern, body area 또는 stable code 규칙으로 명백히 별도 운동으로 유지한다."
ERP-20260827-00119,REX-000034,REX-000036,hamstring_stretch_mobility_stretch_bodyweight,hip_flexor_quadriceps_stretch_mobility_stretch_stretch_strap,SEPARATE_EXERCISE,SEPARATE_EXERCISE_QUEUE,SEPARATE_EXERCISE,AUTO_RULE,AUTO_RULE_APPLIED,both,"movement pattern, body area 또는 stable code 규칙으로 명백히 별도 운동으로 유지한다."
ERP-20260827-00120,REX-000035,REX-000055,hand_grip_squeeze_isolation_household_weight,reverse_wrist_curl_isolation_barbell,SEPARATE_EXERCISE,SEPARATE_EXERCISE_QUEUE,SEPARATE_EXERCISE,AUTO_RULE,AUTO_RULE_APPLIED,both,"movement pattern, body area 또는 stable code 규칙으로 명백히 별도 운동으로 유지한다."
ERP-20260827-00121,REX-000035,REX-000102,hand_grip_squeeze_isolation_household_weight,wrist_curl_isolation_barbell,SEPARATE_EXERCISE,SEPARATE_EXERCISE_QUEUE,SEPARATE_EXERCISE,AUTO_RULE,AUTO_RULE_APPLIED,both,"movement pattern, body area 또는 stable code 규칙으로 명백히 별도 운동으로 유지한다."
ERP-20260827-00122,REX-000063,REX-000057,hip_adduction_isolation_stability_ball,hip_flexion_isolation_bodyweight,SEPARATE_EXERCISE,SEPARATE_EXERCISE_QUEUE,SEPARATE_EXERCISE,AUTO_RULE,AUTO_RULE_APPLIED,both,"movement pattern, body area 또는 stable code 규칙으로 명백히 별도 운동으로 유지한다."
ERP-20260827-00123,REX-000063,REX-000064,hip_adduction_isolation_stability_ball,hip_flexion_isolation_bodyweight_rex_000064,SEPARATE_EXERCISE,SEPARATE_EXERCISE_QUEUE,SEPARATE_EXERCISE,AUTO_RULE,AUTO_RULE_APPLIED,both,"movement pattern, body area 또는 stable code 규칙으로 명백히 별도 운동으로 유지한다."
ERP-20260827-00124,REX-000063,REX-000044,hip_adduction_isolation_stability_ball,machine_leg_extension_isolation_machine,SEPARATE_EXERCISE,SEPARATE_EXERCISE_QUEUE,SEPARATE_EXERCISE,AUTO_RULE,AUTO_RULE_APPLIED,both,"movement pattern, body area 또는 stable code 규칙으로 명백히 별도 운동으로 유지한다."
ERP-20260827-00125,REX-000057,REX-000044,hip_flexion_isolation_bodyweight,machine_leg_extension_isolation_machine,SEPARATE_EXERCISE,SEPARATE_EXERCISE_QUEUE,SEPARATE_EXERCISE,AUTO_RULE,AUTO_RULE_APPLIED,both,"movement pattern, body area 또는 stable code 규칙으로 명백히 별도 운동으로 유지한다."
ERP-20260827-00126,REX-000064,REX-000044,hip_flexion_isolation_bodyweight_rex_000064,machine_leg_extension_isolation_machine,SEPARATE_EXERCISE,SEPARATE_EXERCISE_QUEUE,SEPARATE_EXERCISE,AUTO_RULE,AUTO_RULE_APPLIED,both,"movement pattern, body area 또는 stable code 규칙으로 명백히 별도 운동으로 유지한다."
ERP-20260827-00127,REX-000036,REX-000042,hip_flexor_quadriceps_stretch_mobility_stretch_stretch_strap,leg_up_hamstring_stretch_mobility_stretch_bodyweight,SEPARATE_EXERCISE,SEPARATE_EXERCISE_QUEUE,SEPARATE_EXERCISE,AUTO_RULE,AUTO_RULE_APPLIED,both,"movement pattern, body area 또는 stable code 규칙으로 명백히 별도 운동으로 유지한다."
ERP-20260827-00128,REX-000036,REX-000077,hip_flexor_quadriceps_stretch_mobility_stretch_stretch_strap,runners_stretch_mobility_stretch_bodyweight,SEPARATE_EXERCISE,SEPARATE_EXERCISE_QUEUE,SEPARATE_EXERCISE,AUTO_RULE,AUTO_RULE_APPLIED,both,"movement pattern, body area 또는 stable code 규칙으로 명백히 별도 운동으로 유지한다."
ERP-20260827-00129,REX-000036,REX-000087,hip_flexor_quadriceps_stretch_mobility_stretch_stretch_strap,seated_wide_angle_stretch_mobility_stretch_bodyweight,SEPARATE_EXERCISE,SEPARATE_EXERCISE_QUEUE,SEPARATE_EXERCISE,AUTO_RULE,AUTO_RULE_APPLIED,both,"movement pattern, body area 또는 stable code 규칙으로 명백히 별도 운동으로 유지한다."
ERP-20260827-00130,REX-000036,REX-000100,hip_flexor_quadriceps_stretch_mobility_stretch_stretch_strap,world_greatest_stretch_mobility_stretch_bodyweight,SEPARATE_EXERCISE,SEPARATE_EXERCISE_QUEUE,SEPARATE_EXERCISE,AUTO_RULE,AUTO_RULE_APPLIED,both,"movement pattern, body area 또는 stable code 규칙으로 명백히 별도 운동으로 유지한다."
ERP-20260827-00131,REX-000037,REX-000097,incline_y_raise_isolation_dumbbell,upper_back_isolation_isolation_resistance_band,SEPARATE_EXERCISE,SEPARATE_EXERCISE_QUEUE,SEPARATE_EXERCISE,AUTO_RULE,AUTO_RULE_APPLIED,both,"movement pattern, body area 또는 stable code 규칙으로 명백히 별도 운동으로 유지한다."
ERP-20260827-00132,REX-000069,REX-000093,leg_press_knee_dominant_resistance_band,squat_variant_knee_dominant_barbell,SEPARATE_EXERCISE,SEPARATE_EXERCISE_QUEUE,SEPARATE_EXERCISE,AUTO_RULE,AUTO_RULE_APPLIED,both,"movement pattern, body area 또는 stable code 규칙으로 명백히 별도 운동으로 유지한다."
ERP-20260827-00133,REX-000046,REX-000097,one_arm_wall_lats_isolation_bodyweight,upper_back_isolation_isolation_resistance_band,SEPARATE_EXERCISE,SEPARATE_EXERCISE_QUEUE,SEPARATE_EXERCISE,AUTO_RULE,AUTO_RULE_APPLIED,both,"movement pattern, body area 또는 stable code 규칙으로 명백히 별도 운동으로 유지한다."
ERP-20260827-00134,REX-000051,REX-000090,plank_rotation_core_brace_bodyweight,spine_core_brace_core_brace_mat,SEPARATE_EXERCISE,SEPARATE_EXERCISE_QUEUE,SEPARATE_EXERCISE,AUTO_RULE,AUTO_RULE_APPLIED,both,"movement pattern, body area 또는 stable code 규칙으로 명백히 별도 운동으로 유지한다."
ERP-20260827-00135,REX-000075,REX-000090,rotation_variant_core_brace_cable_machine,spine_core_brace_core_brace_mat,SEPARATE_EXERCISE,SEPARATE_EXERCISE_QUEUE,SEPARATE_EXERCISE,AUTO_RULE,AUTO_RULE_APPLIED,both,"movement pattern, body area 또는 stable code 규칙으로 명백히 별도 운동으로 유지한다."
ERP-20260827-00136,REX-000087,REX-000094,seated_wide_angle_stretch_mobility_stretch_bodyweight,standing_hamstring_calf_strap_stretch_mobility_stretch_stretch_strap,SEPARATE_EXERCISE,SEPARATE_EXERCISE_QUEUE,SEPARATE_EXERCISE,AUTO_RULE,AUTO_RULE_APPLIED,both,"movement pattern, body area 또는 stable code 규칙으로 명백히 별도 운동으로 유지한다."
ERP-20260827-00137,REX-000088,REX-000094,side_lying_quadriceps_stretch_mobility_stretch_bodyweight,standing_hamstring_calf_strap_stretch_mobility_stretch_stretch_strap,SEPARATE_EXERCISE,SEPARATE_EXERCISE_QUEUE,SEPARATE_EXERCISE,AUTO_RULE,AUTO_RULE_APPLIED,both,"movement pattern, body area 또는 stable code 규칙으로 명백히 별도 운동으로 유지한다."
ERP-20260827-00139,REX-000001,REX-000009,abs_core_brace_core_brace_mat,bodyweight_crunch_core_brace_bodyweight,REVIEW_REQUIRED,HUMAN_REVIEW_QUEUE,SEPARATE_EXERCISE,USER_DIRECT_REVIEW,REVIEWED,both,"사람 직접 검수 결과: 누워서 복부 수축하기과 크런치은 실제 수행 방법, 장비 또는 자세가 달라 별도 운동으로 유지한다."
ERP-20260827-00140,REX-000001,REX-000013,abs_core_brace_core_brace_mat,bodyweight_reverse_crunch_core_brace_bodyweight,REVIEW_REQUIRED,HUMAN_REVIEW_QUEUE,SEPARATE_EXERCISE,USER_DIRECT_REVIEW,REVIEWED,both,"사람 직접 검수 결과: 누워서 복부 수축하기과 리버스 크런치은 실제 수행 방법, 장비 또는 자세가 달라 별도 운동으로 유지한다."
ERP-20260827-00141,REX-000001,REX-000014,abs_core_brace_core_brace_mat,bodyweight_russian_twist_core_brace_bodyweight,REVIEW_REQUIRED,HUMAN_REVIEW_QUEUE,SEPARATE_EXERCISE,USER_DIRECT_REVIEW,REVIEWED,both,"사람 직접 검수 결과: 누워서 복부 수축하기과 러시안 트위스트은 실제 수행 방법, 장비 또는 자세가 달라 별도 운동으로 유지한다."
ERP-20260827-00142,REX-000001,REX-000016,abs_core_brace_core_brace_mat,bodyweight_standing_calf_raise_isolation_bodyweight,REVIEW_REQUIRED,SEPARATE_EXERCISE_QUEUE,SEPARATE_EXERCISE,AUTO_RULE,AUTO_RULE_APPLIED,both,"movement pattern, body area 또는 stable code 규칙으로 명백히 별도 운동으로 유지한다."
ERP-20260827-00143,REX-000001,REX-000024,abs_core_brace_core_brace_mat,dead_bug_core_brace_bodyweight,REVIEW_REQUIRED,HUMAN_REVIEW_QUEUE,SEPARATE_EXERCISE,USER_DIRECT_REVIEW,REVIEWED,both,"사람 직접 검수 결과: 누워서 복부 수축하기과 데드버그은 실제 수행 방법, 장비 또는 자세가 달라 별도 운동으로 유지한다."
ERP-20260827-00144,REX-000002,REX-000003,all_fours_squat_stretch_mobility_stretch_bodyweight,ankle_circles_mobility_stretch_bodyweight,REVIEW_REQUIRED,HUMAN_REVIEW_QUEUE,SEPARATE_EXERCISE,USER_DIRECT_REVIEW,REVIEWED,both,"사람 직접 검수 결과: 쿼드러펫 락백과 발목 돌리기은 실제 수행 방법, 장비 또는 자세가 달라 별도 운동으로 유지한다."
ERP-20260827-00145,REX-000002,REX-000009,all_fours_squat_stretch_mobility_stretch_bodyweight,bodyweight_crunch_core_brace_bodyweight,REVIEW_REQUIRED,SEPARATE_EXERCISE_QUEUE,SEPARATE_EXERCISE,AUTO_RULE,AUTO_RULE_APPLIED,both,"movement pattern, body area 또는 stable code 규칙으로 명백히 별도 운동으로 유지한다."
ERP-20260827-00146,REX-000002,REX-000020,all_fours_squat_stretch_mobility_stretch_bodyweight,chair_leg_extended_stretch_mobility_stretch_bodyweight,REVIEW_REQUIRED,HUMAN_REVIEW_QUEUE,SEPARATE_EXERCISE,USER_DIRECT_REVIEW,REVIEWED,both,"사람 직접 검수 결과: 쿼드러펫 락백과 시티드 레그 익스텐션 스트레칭은 실제 수행 방법, 장비 또는 자세가 달라 별도 운동으로 유지한다."
ERP-20260827-00147,REX-000002,REX-000034,all_fours_squat_stretch_mobility_stretch_bodyweight,hamstring_stretch_mobility_stretch_bodyweight,REVIEW_REQUIRED,HUMAN_REVIEW_QUEUE,SEPARATE_EXERCISE,USER_DIRECT_REVIEW,REVIEWED,both,"사람 직접 검수 결과: 쿼드러펫 락백과 햄스트링 스트레칭은 실제 수행 방법, 장비 또는 자세가 달라 별도 운동으로 유지한다."
ERP-20260827-00148,REX-000002,REX-000077,all_fours_squat_stretch_mobility_stretch_bodyweight,runners_stretch_mobility_stretch_bodyweight,REVIEW_REQUIRED,HUMAN_REVIEW_QUEUE,SEPARATE_EXERCISE,USER_DIRECT_REVIEW,REVIEWED,both,"사람 직접 검수 결과: 쿼드러펫 락백과 러너스 스트레칭은 실제 수행 방법, 장비 또는 자세가 달라 별도 운동으로 유지한다."
ERP-20260827-00149,REX-000002,REX-000082,all_fours_squat_stretch_mobility_stretch_bodyweight,seated_glute_stretch_mobility_stretch_bodyweight,REVIEW_REQUIRED,HUMAN_REVIEW_QUEUE,SEPARATE_EXERCISE,USER_DIRECT_REVIEW,REVIEWED,both,"사람 직접 검수 결과: 쿼드러펫 락백과 앉아서 둔근 스트레칭은 실제 수행 방법, 장비 또는 자세가 달라 별도 운동으로 유지한다."
ERP-20260827-00150,REX-000002,REX-000085,all_fours_squat_stretch_mobility_stretch_bodyweight,seated_piriformis_stretch_mobility_stretch_bodyweight,REVIEW_REQUIRED,HUMAN_REVIEW_QUEUE,SEPARATE_EXERCISE,USER_DIRECT_REVIEW,REVIEWED,both,"사람 직접 검수 결과: 쿼드러펫 락백과 앉아서 이상근 스트레칭은 실제 수행 방법, 장비 또는 자세가 달라 별도 운동으로 유지한다."
ERP-20260827-00151,REX-000002,REX-000100,all_fours_squat_stretch_mobility_stretch_bodyweight,world_greatest_stretch_mobility_stretch_bodyweight,REVIEW_REQUIRED,HUMAN_REVIEW_QUEUE,SEPARATE_EXERCISE,USER_DIRECT_REVIEW,REVIEWED,both,"사람 직접 검수 결과: 쿼드러펫 락백과 월드 그레이티스트 스트레칭은 실제 수행 방법, 장비 또는 자세가 달라 별도 운동으로 유지한다."
ERP-20260827-00152,REX-000003,REX-000009,ankle_circles_mobility_stretch_bodyweight,bodyweight_crunch_core_brace_bodyweight,REVIEW_REQUIRED,SEPARATE_EXERCISE_QUEUE,SEPARATE_EXERCISE,AUTO_RULE,AUTO_RULE_APPLIED,both,"movement pattern, body area 또는 stable code 규칙으로 명백히 별도 운동으로 유지한다."
ERP-20260827-00153,REX-000003,REX-000017,ankle_circles_mobility_stretch_bodyweight,butterfly_adductor_stretch_mobility_stretch_bodyweight,REVIEW_REQUIRED,HUMAN_REVIEW_QUEUE,SEPARATE_EXERCISE,USER_DIRECT_REVIEW,REVIEWED,both,"사람 직접 검수 결과: 발목 돌리기과 버터플라이 스트레칭은 실제 수행 방법, 장비 또는 자세가 달라 별도 운동으로 유지한다."
ERP-20260827-00154,REX-000003,REX-000020,ankle_circles_mobility_stretch_bodyweight,chair_leg_extended_stretch_mobility_stretch_bodyweight,REVIEW_REQUIRED,HUMAN_REVIEW_QUEUE,SEPARATE_EXERCISE,USER_DIRECT_REVIEW,REVIEWED,both,"사람 직접 검수 결과: 발목 돌리기과 시티드 레그 익스텐션 스트레칭은 실제 수행 방법, 장비 또는 자세가 달라 별도 운동으로 유지한다."
ERP-20260827-00155,REX-000003,REX-000021,ankle_circles_mobility_stretch_bodyweight,chest_front_shoulder_stretch_mobility_stretch_bodyweight,REVIEW_REQUIRED,HUMAN_REVIEW_QUEUE,SEPARATE_EXERCISE,USER_DIRECT_REVIEW,REVIEWED,both,"사람 직접 검수 결과: 발목 돌리기과 가슴·어깨 앞면 스트레칭은 실제 수행 방법, 장비 또는 자세가 달라 별도 운동으로 유지한다."
ERP-20260827-00156,REX-000003,REX-000032,ankle_circles_mobility_stretch_bodyweight,dynamic_chest_stretch_mobility_stretch_bodyweight,REVIEW_REQUIRED,HUMAN_REVIEW_QUEUE,SEPARATE_EXERCISE,USER_DIRECT_REVIEW,REVIEWED,both,"사람 직접 검수 결과: 발목 돌리기과 다이내믹 가슴 스트레칭은 실제 수행 방법, 장비 또는 자세가 달라 별도 운동으로 유지한다."
ERP-20260827-00157,REX-000003,REX-000033,ankle_circles_mobility_stretch_bodyweight,exercise_ball_hip_flexor_stretch_mobility_stretch_stability_ball,REVIEW_REQUIRED,HUMAN_REVIEW_QUEUE,SEPARATE_EXERCISE,USER_DIRECT_REVIEW,REVIEWED,both,"사람 직접 검수 결과: 발목 돌리기과 짐볼 고관절 스트레칭은 실제 수행 방법, 장비 또는 자세가 달라 별도 운동으로 유지한다."
ERP-20260827-00158,REX-000003,REX-000034,ankle_circles_mobility_stretch_bodyweight,hamstring_stretch_mobility_stretch_bodyweight,REVIEW_REQUIRED,HUMAN_REVIEW_QUEUE,SEPARATE_EXERCISE,USER_DIRECT_REVIEW,REVIEWED,both,"사람 직접 검수 결과: 발목 돌리기과 햄스트링 스트레칭은 실제 수행 방법, 장비 또는 자세가 달라 별도 운동으로 유지한다."
ERP-20260827-00159,REX-000003,REX-000036,ankle_circles_mobility_stretch_bodyweight,hip_flexor_quadriceps_stretch_mobility_stretch_stretch_strap,REVIEW_REQUIRED,HUMAN_REVIEW_QUEUE,SEPARATE_EXERCISE,USER_DIRECT_REVIEW,REVIEWED,both,"사람 직접 검수 결과: 발목 돌리기과 고관절 굴근·대퇴사두근 스트레칭은 실제 수행 방법, 장비 또는 자세가 달라 별도 운동으로 유지한다."
ERP-20260827-00160,REX-000003,REX-000039,ankle_circles_mobility_stretch_bodyweight,kneeling_lat_stretch_mobility_stretch_bodyweight,REVIEW_REQUIRED,HUMAN_REVIEW_QUEUE,SEPARATE_EXERCISE,USER_DIRECT_REVIEW,REVIEWED,both,"사람 직접 검수 결과: 발목 돌리기과 무릎 꿇고 광배근 스트레칭은 실제 수행 방법, 장비 또는 자세가 달라 별도 운동으로 유지한다."
ERP-20260827-00161,REX-000003,REX-000042,ankle_circles_mobility_stretch_bodyweight,leg_up_hamstring_stretch_mobility_stretch_bodyweight,REVIEW_REQUIRED,HUMAN_REVIEW_QUEUE,SEPARATE_EXERCISE,USER_DIRECT_REVIEW,REVIEWED,both,"사람 직접 검수 결과: 발목 돌리기과 누워서 햄스트링 스트레칭은 실제 수행 방법, 장비 또는 자세가 달라 별도 운동으로 유지한다."
ERP-20260827-00162,REX-000003,REX-000045,ankle_circles_mobility_stretch_bodyweight,neck_lateral_stretch_mobility_stretch_bodyweight,REVIEW_REQUIRED,HUMAN_REVIEW_QUEUE,SEPARATE_EXERCISE,USER_DIRECT_REVIEW,REVIEWED,both,"사람 직접 검수 결과: 발목 돌리기과 목 옆면 스트레칭은 실제 수행 방법, 장비 또는 자세가 달라 별도 운동으로 유지한다."
ERP-20260827-00163,REX-000003,REX-000048,ankle_circles_mobility_stretch_bodyweight,overhead_triceps_stretch_mobility_stretch_bodyweight,REVIEW_REQUIRED,HUMAN_REVIEW_QUEUE,SEPARATE_EXERCISE,USER_DIRECT_REVIEW,REVIEWED,both,"사람 직접 검수 결과: 발목 돌리기과 오버헤드 삼두근 스트레칭은 실제 수행 방법, 장비 또는 자세가 달라 별도 운동으로 유지한다."
ERP-20260827-00164,REX-000003,REX-000050,ankle_circles_mobility_stretch_bodyweight,peroneal_stretch_mobility_stretch_stretch_strap,REVIEW_REQUIRED,HUMAN_REVIEW_QUEUE,SEPARATE_EXERCISE,USER_DIRECT_REVIEW,REVIEWED,both,"사람 직접 검수 결과: 발목 돌리기과 종아리 바깥쪽 스트레칭은 실제 수행 방법, 장비 또는 자세가 달라 별도 운동으로 유지한다."
ERP-20260827-00165,REX-000003,REX-000053,ankle_circles_mobility_stretch_bodyweight,rear_deltoid_stretch_mobility_stretch_bodyweight,REVIEW_REQUIRED,HUMAN_REVIEW_QUEUE,SEPARATE_EXERCISE,USER_DIRECT_REVIEW,REVIEWED,both,"사람 직접 검수 결과: 발목 돌리기과 후면 어깨 스트레칭은 실제 수행 방법, 장비 또는 자세가 달라 별도 운동으로 유지한다."
ERP-20260827-00166,REX-000003,REX-000073,ankle_circles_mobility_stretch_bodyweight,roller_back_stretch_mobility_stretch_foam_roller,REVIEW_REQUIRED,HUMAN_REVIEW_QUEUE,SEPARATE_EXERCISE,USER_DIRECT_REVIEW,REVIEWED,both,"사람 직접 검수 결과: 발목 돌리기과 롤러 등 스트레칭은 실제 수행 방법, 장비 또는 자세가 달라 별도 운동으로 유지한다."
ERP-20260827-00167,REX-000003,REX-000074,ankle_circles_mobility_stretch_bodyweight,roller_hip_stretch_mobility_stretch_foam_roller,REVIEW_REQUIRED,HUMAN_REVIEW_QUEUE,SEPARATE_EXERCISE,USER_DIRECT_REVIEW,REVIEWED,both,"사람 직접 검수 결과: 발목 돌리기과 롤러 둔근 스트레칭은 실제 수행 방법, 장비 또는 자세가 달라 별도 운동으로 유지한다."
ERP-20260827-00168,REX-000003,REX-000077,ankle_circles_mobility_stretch_bodyweight,runners_stretch_mobility_stretch_bodyweight,REVIEW_REQUIRED,HUMAN_REVIEW_QUEUE,SEPARATE_EXERCISE,USER_DIRECT_REVIEW,REVIEWED,both,"사람 직접 검수 결과: 발목 돌리기과 러너스 스트레칭은 실제 수행 방법, 장비 또는 자세가 달라 별도 운동으로 유지한다."
ERP-20260827-00169,REX-000003,REX-000081,ankle_circles_mobility_stretch_bodyweight,seated_calf_stretch_mobility_stretch_bodyweight,REVIEW_REQUIRED,HUMAN_REVIEW_QUEUE,SEPARATE_EXERCISE,USER_DIRECT_REVIEW,REVIEWED,both,"사람 직접 검수 결과: 발목 돌리기과 앉아서 종아리 스트레칭은 실제 수행 방법, 장비 또는 자세가 달라 별도 운동으로 유지한다."
ERP-20260827-00170,REX-000003,REX-000082,ankle_circles_mobility_stretch_bodyweight,seated_glute_stretch_mobility_stretch_bodyweight,REVIEW_REQUIRED,HUMAN_REVIEW_QUEUE,SEPARATE_EXERCISE,USER_DIRECT_REVIEW,REVIEWED,both,"사람 직접 검수 결과: 발목 돌리기과 앉아서 둔근 스트레칭은 실제 수행 방법, 장비 또는 자세가 달라 별도 운동으로 유지한다."
ERP-20260827-00171,REX-000003,REX-000084,ankle_circles_mobility_stretch_bodyweight,seated_lower_back_stretch_mobility_stretch_bodyweight,REVIEW_REQUIRED,HUMAN_REVIEW_QUEUE,SEPARATE_EXERCISE,USER_DIRECT_REVIEW,REVIEWED,both,"사람 직접 검수 결과: 발목 돌리기과 앉아서 허리 스트레칭은 실제 수행 방법, 장비 또는 자세가 달라 별도 운동으로 유지한다."
ERP-20260827-00172,REX-000003,REX-000085,ankle_circles_mobility_stretch_bodyweight,seated_piriformis_stretch_mobility_stretch_bodyweight,REVIEW_REQUIRED,HUMAN_REVIEW_QUEUE,SEPARATE_EXERCISE,USER_DIRECT_REVIEW,REVIEWED,both,"사람 직접 검수 결과: 발목 돌리기과 앉아서 이상근 스트레칭은 실제 수행 방법, 장비 또는 자세가 달라 별도 운동으로 유지한다."
ERP-20260827-00173,REX-000003,REX-000087,ankle_circles_mobility_stretch_bodyweight,seated_wide_angle_stretch_mobility_stretch_bodyweight,REVIEW_REQUIRED,HUMAN_REVIEW_QUEUE,SEPARATE_EXERCISE,USER_DIRECT_REVIEW,REVIEWED,both,"사람 직접 검수 결과: 발목 돌리기과 시티드 와이드 앵글 스트레칭은 실제 수행 방법, 장비 또는 자세가 달라 별도 운동으로 유지한다."
ERP-20260827-00174,REX-000003,REX-000088,ankle_circles_mobility_stretch_bodyweight,side_lying_quadriceps_stretch_mobility_stretch_bodyweight,REVIEW_REQUIRED,HUMAN_REVIEW_QUEUE,SEPARATE_EXERCISE,USER_DIRECT_REVIEW,REVIEWED,both,"사람 직접 검수 결과: 발목 돌리기과 옆으로 누워 대퇴사두근 스트레칭은 실제 수행 방법, 장비 또는 자세가 달라 별도 운동으로 유지한다."
ERP-20260827-00175,REX-000003,REX-000089,ankle_circles_mobility_stretch_bodyweight,side_wrist_pull_stretch_mobility_stretch_bodyweight,REVIEW_REQUIRED,HUMAN_REVIEW_QUEUE,SEPARATE_EXERCISE,USER_DIRECT_REVIEW,REVIEWED,both,"사람 직접 검수 결과: 발목 돌리기과 손목 당기기 스트레칭은 실제 수행 방법, 장비 또는 자세가 달라 별도 운동으로 유지한다."
ERP-20260827-00176,REX-000003,REX-000091,ankle_circles_mobility_stretch_bodyweight,spine_stretch_mobility_stretch_bodyweight,REVIEW_REQUIRED,HUMAN_REVIEW_QUEUE,SEPARATE_EXERCISE,USER_DIRECT_REVIEW,REVIEWED,both,"사람 직접 검수 결과: 발목 돌리기과 척추 스트레칭은 실제 수행 방법, 장비 또는 자세가 달라 별도 운동으로 유지한다."
ERP-20260827-00177,REX-000003,REX-000092,ankle_circles_mobility_stretch_bodyweight,spine_twist_mobility_stretch_bodyweight,REVIEW_REQUIRED,HUMAN_REVIEW_QUEUE,SEPARATE_EXERCISE,USER_DIRECT_REVIEW,REVIEWED,both,"사람 직접 검수 결과: 발목 돌리기과 척추 비틀기은 실제 수행 방법, 장비 또는 자세가 달라 별도 운동으로 유지한다."
ERP-20260827-00178,REX-000003,REX-000094,ankle_circles_mobility_stretch_bodyweight,standing_hamstring_calf_strap_stretch_mobility_stretch_stretch_strap,REVIEW_REQUIRED,HUMAN_REVIEW_QUEUE,SEPARATE_EXERCISE,USER_DIRECT_REVIEW,REVIEWED,both,"사람 직접 검수 결과: 발목 돌리기과 스트랩 햄스트링·종아리 스트레칭은 실제 수행 방법, 장비 또는 자세가 달라 별도 운동으로 유지한다."
ERP-20260827-00179,REX-000003,REX-000095,ankle_circles_mobility_stretch_bodyweight,standing_lateral_stretch_mobility_stretch_bodyweight,REVIEW_REQUIRED,HUMAN_REVIEW_QUEUE,SEPARATE_EXERCISE,USER_DIRECT_REVIEW,REVIEWED,both,"사람 직접 검수 결과: 발목 돌리기과 서서 옆구리 스트레칭은 실제 수행 방법, 장비 또는 자세가 달라 별도 운동으로 유지한다."
ERP-20260827-00180,REX-000003,REX-000096,ankle_circles_mobility_stretch_bodyweight,triceps_stretch_mobility_stretch_bodyweight,REVIEW_REQUIRED,HUMAN_REVIEW_QUEUE,SEPARATE_EXERCISE,USER_DIRECT_REVIEW,REVIEWED,both,"사람 직접 검수 결과: 발목 돌리기과 삼두근 스트레칭은 실제 수행 방법, 장비 또는 자세가 달라 별도 운동으로 유지한다."
ERP-20260827-00181,REX-000003,REX-000098,ankle_circles_mobility_stretch_bodyweight,upper_back_stretch_mobility_stretch_bodyweight,REVIEW_REQUIRED,HUMAN_REVIEW_QUEUE,SEPARATE_EXERCISE,USER_DIRECT_REVIEW,REVIEWED,both,"사람 직접 검수 결과: 발목 돌리기과 상부 등 스트레칭은 실제 수행 방법, 장비 또는 자세가 달라 별도 운동으로 유지한다."
ERP-20260827-00182,REX-000003,REX-000099,ankle_circles_mobility_stretch_bodyweight,wall_calf_stretch_mobility_stretch_bodyweight,REVIEW_REQUIRED,HUMAN_REVIEW_QUEUE,SEPARATE_EXERCISE,USER_DIRECT_REVIEW,REVIEWED,both,"사람 직접 검수 결과: 발목 돌리기과 벽 짚고 종아리 스트레칭은 실제 수행 방법, 장비 또는 자세가 달라 별도 운동으로 유지한다."
ERP-20260827-00183,REX-000003,REX-000100,ankle_circles_mobility_stretch_bodyweight,world_greatest_stretch_mobility_stretch_bodyweight,REVIEW_REQUIRED,HUMAN_REVIEW_QUEUE,SEPARATE_EXERCISE,USER_DIRECT_REVIEW,REVIEWED,both,"사람 직접 검수 결과: 발목 돌리기과 월드 그레이티스트 스트레칭은 실제 수행 방법, 장비 또는 자세가 달라 별도 운동으로 유지한다."
ERP-20260827-00184,REX-000003,REX-000101,ankle_circles_mobility_stretch_bodyweight,wrist_circles_mobility_stretch_bodyweight,REVIEW_REQUIRED,HUMAN_REVIEW_QUEUE,SEPARATE_EXERCISE,USER_DIRECT_REVIEW,REVIEWED,both,"사람 직접 검수 결과: 발목 돌리기과 손목 돌리기은 실제 수행 방법, 장비 또는 자세가 달라 별도 운동으로 유지한다."
ERP-20260827-00185,REX-000004,REX-000008,barbell_deadlift_hip_dominant_barbell,bodyweight_back_extension_hip_dominant_bodyweight,REVIEW_REQUIRED,HUMAN_REVIEW_QUEUE,SEPARATE_EXERCISE,USER_DIRECT_REVIEW,REVIEWED,both,"사람 직접 검수 결과: 데드리프트과 백 익스텐션은 실제 수행 방법, 장비 또는 자세가 달라 별도 운동으로 유지한다."
ERP-20260827-00186,REX-000004,REX-000009,barbell_deadlift_hip_dominant_barbell,bodyweight_crunch_core_brace_bodyweight,REVIEW_REQUIRED,SEPARATE_EXERCISE_QUEUE,SEPARATE_EXERCISE,AUTO_RULE,AUTO_RULE_APPLIED,both,"movement pattern, body area 또는 stable code 규칙으로 명백히 별도 운동으로 유지한다."
ERP-20260827-00187,REX-000004,REX-000011,barbell_deadlift_hip_dominant_barbell,bodyweight_glute_bridge_hip_dominant_bodyweight,REVIEW_REQUIRED,HUMAN_REVIEW_QUEUE,SEPARATE_EXERCISE,USER_DIRECT_REVIEW,REVIEWED,both,"사람 직접 검수 결과: 데드리프트과 글루트 브리지은 실제 수행 방법, 장비 또는 자세가 달라 별도 운동으로 유지한다."
ERP-20260827-00188,REX-000004,REX-000016,barbell_deadlift_hip_dominant_barbell,bodyweight_standing_calf_raise_isolation_bodyweight,REVIEW_REQUIRED,SEPARATE_EXERCISE_QUEUE,SEPARATE_EXERCISE,AUTO_RULE,AUTO_RULE_APPLIED,both,"movement pattern, body area 또는 stable code 규칙으로 명백히 별도 운동으로 유지한다."
ERP-20260827-00189,REX-000004,REX-000061,barbell_deadlift_hip_dominant_barbell,kettlebell_swing_hip_dominant_kettlebell,REVIEW_REQUIRED,HUMAN_REVIEW_QUEUE,SEPARATE_EXERCISE,USER_DIRECT_REVIEW,REVIEWED,both,"사람 직접 검수 결과: 데드리프트과 케틀벨 스윙은 실제 수행 방법, 장비 또는 자세가 달라 별도 운동으로 유지한다."
ERP-20260827-00190,NEX-000040,REX-000005,barbell_front_raise_isolation_barbell,barbell_front_raise_isolation_barbell,REVIEW_REQUIRED,HUMAN_REVIEW_QUEUE,SEPARATE_EXERCISE,USER_DIRECT_REVIEW,REVIEWED,both,"사람 직접 검수 결과: 덤벨 레터럴 투 프론트 레이즈과 프론트 레이즈은 실제 수행 방법, 장비 또는 자세가 달라 별도 운동으로 유지한다."
ERP-20260827-00191,REX-000005,REX-000006,barbell_front_raise_isolation_barbell,barbell_pullover_isolation_barbell,REVIEW_REQUIRED,HUMAN_REVIEW_QUEUE,SEPARATE_EXERCISE,USER_DIRECT_REVIEW,REVIEWED,both,"사람 직접 검수 결과: 프론트 레이즈과 풀오버은 실제 수행 방법, 장비 또는 자세가 달라 별도 운동으로 유지한다."
ERP-20260827-00192,REX-000005,REX-000009,barbell_front_raise_isolation_barbell,bodyweight_crunch_core_brace_bodyweight,REVIEW_REQUIRED,SEPARATE_EXERCISE_QUEUE,SEPARATE_EXERCISE,AUTO_RULE,AUTO_RULE_APPLIED,both,"movement pattern, body area 또는 stable code 규칙으로 명백히 별도 운동으로 유지한다."
ERP-20260827-00193,REX-000005,REX-000016,barbell_front_raise_isolation_barbell,bodyweight_standing_calf_raise_isolation_bodyweight,REVIEW_REQUIRED,HUMAN_REVIEW_QUEUE,SEPARATE_EXERCISE,USER_DIRECT_REVIEW,REVIEWED,both,"사람 직접 검수 결과: 프론트 레이즈과 스탠딩 카프 레이즈은 실제 수행 방법, 장비 또는 자세가 달라 별도 운동으로 유지한다."
ERP-20260827-00194,REX-000005,REX-000026,barbell_front_raise_isolation_barbell,dumbbell_lateral_raise_isolation_dumbbell,REVIEW_REQUIRED,HUMAN_REVIEW_QUEUE,SEPARATE_EXERCISE,USER_DIRECT_REVIEW,REVIEWED,both,"사람 직접 검수 결과: 프론트 레이즈과 레터럴 레이즈은 실제 수행 방법, 장비 또는 자세가 달라 별도 운동으로 유지한다."
ERP-20260827-00195,REX-000005,REX-000037,barbell_front_raise_isolation_barbell,incline_y_raise_isolation_dumbbell,REVIEW_REQUIRED,HUMAN_REVIEW_QUEUE,SEPARATE_EXERCISE,USER_DIRECT_REVIEW,REVIEWED,both,"사람 직접 검수 결과: 프론트 레이즈과 인클라인 Y 레이즈은 실제 수행 방법, 장비 또는 자세가 달라 별도 운동으로 유지한다."
ERP-20260827-00196,REX-000005,REX-000046,barbell_front_raise_isolation_barbell,one_arm_wall_lats_isolation_bodyweight,REVIEW_REQUIRED,HUMAN_REVIEW_QUEUE,SEPARATE_EXERCISE,USER_DIRECT_REVIEW,REVIEWED,both,"사람 직접 검수 결과: 프론트 레이즈과 벽 짚고 한 팔 광배근 스트레칭은 실제 수행 방법, 장비 또는 자세가 달라 별도 운동으로 유지한다."
ERP-20260827-00197,REX-000005,REX-000080,barbell_front_raise_isolation_barbell,seated_calf_raise_isolation_barbell,REVIEW_REQUIRED,HUMAN_REVIEW_QUEUE,SEPARATE_EXERCISE,USER_DIRECT_REVIEW,REVIEWED,both,"사람 직접 검수 결과: 프론트 레이즈과 시티드 카프 레이즈은 실제 수행 방법, 장비 또는 자세가 달라 별도 운동으로 유지한다."
ERP-20260827-00198,NEX-000002,REX-000006,barbell_pullover_isolation_barbell,barbell_pullover_isolation_barbell,REVIEW_REQUIRED,HUMAN_REVIEW_QUEUE,SEPARATE_EXERCISE,USER_DIRECT_REVIEW,REVIEWED,both,"사람 직접 검수 결과: 바벨 디클라인 벤트 암 풀오버과 풀오버은 실제 수행 방법, 장비 또는 자세가 달라 별도 운동으로 유지한다."
ERP-20260827-00199,NEX-000018,REX-000006,barbell_pullover_isolation_barbell,barbell_pullover_isolation_barbell,REVIEW_REQUIRED,HUMAN_REVIEW_QUEUE,SEPARATE_EXERCISE,USER_DIRECT_REVIEW,REVIEWED,both,"사람 직접 검수 결과: 케이블 라잉 익스텐션 풀오버과 풀오버은 실제 수행 방법, 장비 또는 자세가 달라 별도 운동으로 유지한다."
ERP-20260827-00200,NEX-000148,REX-000006,barbell_pullover_isolation_barbell,barbell_pullover_isolation_barbell,REVIEW_REQUIRED,HUMAN_REVIEW_QUEUE,SEPARATE_EXERCISE,USER_DIRECT_REVIEW,REVIEWED,both,사람 직접 검수 결과: 레버 머신 풀오버와 바벨 풀오버는 장비와 실제 수행 방법이 달라 독립 운동으로 유지한다.
ERP-20260827-00201,NEX-000161,REX-000006,barbell_pullover_isolation_barbell,barbell_pullover_isolation_barbell,REVIEW_REQUIRED,HUMAN_REVIEW_QUEUE,SEPARATE_EXERCISE,USER_DIRECT_REVIEW,REVIEWED,both,"사람 직접 검수 결과: 라잉 벤트 암 풀오버과 풀오버은 실제 수행 방법, 장비 또는 자세가 달라 별도 운동으로 유지한다."
ERP-20260827-00202,REX-000006,REX-000009,barbell_pullover_isolation_barbell,bodyweight_crunch_core_brace_bodyweight,REVIEW_REQUIRED,SEPARATE_EXERCISE_QUEUE,SEPARATE_EXERCISE,AUTO_RULE,AUTO_RULE_APPLIED,both,"movement pattern, body area 또는 stable code 규칙으로 명백히 별도 운동으로 유지한다."
ERP-20260827-00203,REX-000006,REX-000026,barbell_pullover_isolation_barbell,dumbbell_lateral_raise_isolation_dumbbell,REVIEW_REQUIRED,HUMAN_REVIEW_QUEUE,SEPARATE_EXERCISE,USER_DIRECT_REVIEW,REVIEWED,both,"사람 직접 검수 결과: 풀오버과 레터럴 레이즈은 실제 수행 방법, 장비 또는 자세가 달라 별도 운동으로 유지한다."
ERP-20260827-00204,REX-000006,REX-000029,barbell_pullover_isolation_barbell,dumbbell_shrug_isolation_dumbbell,REVIEW_REQUIRED,HUMAN_REVIEW_QUEUE,SEPARATE_EXERCISE,USER_DIRECT_REVIEW,REVIEWED,both,"사람 직접 검수 결과: 풀오버과 슈러그은 실제 수행 방법, 장비 또는 자세가 달라 별도 운동으로 유지한다."
ERP-20260827-00205,REX-000006,REX-000037,barbell_pullover_isolation_barbell,incline_y_raise_isolation_dumbbell,REVIEW_REQUIRED,HUMAN_REVIEW_QUEUE,SEPARATE_EXERCISE,USER_DIRECT_REVIEW,REVIEWED,both,"사람 직접 검수 결과: 풀오버과 인클라인 Y 레이즈은 실제 수행 방법, 장비 또는 자세가 달라 별도 운동으로 유지한다."
ERP-20260827-00206,REX-000006,REX-000046,barbell_pullover_isolation_barbell,one_arm_wall_lats_isolation_bodyweight,REVIEW_REQUIRED,HUMAN_REVIEW_QUEUE,SEPARATE_EXERCISE,USER_DIRECT_REVIEW,REVIEWED,both,"사람 직접 검수 결과: 풀오버과 벽 짚고 한 팔 광배근 스트레칭은 실제 수행 방법, 장비 또는 자세가 달라 별도 운동으로 유지한다."
ERP-20260827-00207,REX-000006,REX-000102,barbell_pullover_isolation_barbell,wrist_curl_isolation_barbell,REVIEW_REQUIRED,HUMAN_REVIEW_QUEUE,SEPARATE_EXERCISE,USER_DIRECT_REVIEW,REVIEWED,both,"사람 직접 검수 결과: 풀오버과 리스트 컬은 실제 수행 방법, 장비 또는 자세가 달라 별도 운동으로 유지한다."
ERP-20260827-00208,REX-000007,REX-000008,barbell_straight_leg_deadlift_hip_dominant_barbell,bodyweight_back_extension_hip_dominant_bodyweight,REVIEW_REQUIRED,HUMAN_REVIEW_QUEUE,SEPARATE_EXERCISE,USER_DIRECT_REVIEW,REVIEWED,both,"사람 직접 검수 결과: 루마니안 데드리프트과 백 익스텐션은 실제 수행 방법, 장비 또는 자세가 달라 별도 운동으로 유지한다."
ERP-20260827-00209,REX-000007,REX-000009,barbell_straight_leg_deadlift_hip_dominant_barbell,bodyweight_crunch_core_brace_bodyweight,REVIEW_REQUIRED,SEPARATE_EXERCISE_QUEUE,SEPARATE_EXERCISE,AUTO_RULE,AUTO_RULE_APPLIED,both,"movement pattern, body area 또는 stable code 규칙으로 명백히 별도 운동으로 유지한다."
ERP-20260827-00210,REX-000007,REX-000011,barbell_straight_leg_deadlift_hip_dominant_barbell,bodyweight_glute_bridge_hip_dominant_bodyweight,REVIEW_REQUIRED,HUMAN_REVIEW_QUEUE,SEPARATE_EXERCISE,USER_DIRECT_REVIEW,REVIEWED,both,"사람 직접 검수 결과: 루마니안 데드리프트과 글루트 브리지은 실제 수행 방법, 장비 또는 자세가 달라 별도 운동으로 유지한다."
ERP-20260827-00211,REX-000007,REX-000016,barbell_straight_leg_deadlift_hip_dominant_barbell,bodyweight_standing_calf_raise_isolation_bodyweight,REVIEW_REQUIRED,SEPARATE_EXERCISE_QUEUE,SEPARATE_EXERCISE,AUTO_RULE,AUTO_RULE_APPLIED,both,"movement pattern, body area 또는 stable code 규칙으로 명백히 별도 운동으로 유지한다."
ERP-20260827-00212,REX-000007,REX-000061,barbell_straight_leg_deadlift_hip_dominant_barbell,kettlebell_swing_hip_dominant_kettlebell,REVIEW_REQUIRED,HUMAN_REVIEW_QUEUE,SEPARATE_EXERCISE,USER_DIRECT_REVIEW,REVIEWED,both,"사람 직접 검수 결과: 루마니안 데드리프트과 케틀벨 스윙은 실제 수행 방법, 장비 또는 자세가 달라 별도 운동으로 유지한다."
ERP-20260827-00213,REX-000007,REX-000083,barbell_straight_leg_deadlift_hip_dominant_barbell,seated_leg_curl_knee_flexion_machine,REVIEW_REQUIRED,SEPARATE_EXERCISE_QUEUE,SEPARATE_EXERCISE,AUTO_RULE,AUTO_RULE_APPLIED,both,"movement pattern, body area 또는 stable code 규칙으로 명백히 별도 운동으로 유지한다."
ERP-20260827-00214,REX-000008,REX-000009,bodyweight_back_extension_hip_dominant_bodyweight,bodyweight_crunch_core_brace_bodyweight,REVIEW_REQUIRED,SEPARATE_EXERCISE_QUEUE,SEPARATE_EXERCISE,AUTO_RULE,AUTO_RULE_APPLIED,both,"movement pattern, body area 또는 stable code 규칙으로 명백히 별도 운동으로 유지한다."
ERP-20260827-00215,REX-000008,REX-000016,bodyweight_back_extension_hip_dominant_bodyweight,bodyweight_standing_calf_raise_isolation_bodyweight,REVIEW_REQUIRED,SEPARATE_EXERCISE_QUEUE,SEPARATE_EXERCISE,AUTO_RULE,AUTO_RULE_APPLIED,both,"movement pattern, body area 또는 stable code 규칙으로 명백히 별도 운동으로 유지한다."
ERP-20260827-00216,REX-000008,REX-000061,bodyweight_back_extension_hip_dominant_bodyweight,kettlebell_swing_hip_dominant_kettlebell,REVIEW_REQUIRED,HUMAN_REVIEW_QUEUE,SEPARATE_EXERCISE,USER_DIRECT_REVIEW,REVIEWED,both,"사람 직접 검수 결과: 백 익스텐션과 케틀벨 스윙은 실제 수행 방법, 장비 또는 자세가 달라 별도 운동으로 유지한다."
ERP-20260827-00217,REX-000008,REX-000046,bodyweight_back_extension_hip_dominant_bodyweight,one_arm_wall_lats_isolation_bodyweight,REVIEW_REQUIRED,SEPARATE_EXERCISE_QUEUE,SEPARATE_EXERCISE,AUTO_RULE,AUTO_RULE_APPLIED,both,"movement pattern, body area 또는 stable code 규칙으로 명백히 별도 운동으로 유지한다."
ERP-20260827-00218,REX-000009,REX-000010,bodyweight_crunch_core_brace_bodyweight,bodyweight_forward_lunge_knee_dominant_bodyweight,REVIEW_REQUIRED,SEPARATE_EXERCISE_QUEUE,SEPARATE_EXERCISE,AUTO_RULE,AUTO_RULE_APPLIED,both,"movement pattern, body area 또는 stable code 규칙으로 명백히 별도 운동으로 유지한다."
ERP-20260827-00219,REX-000009,REX-000011,bodyweight_crunch_core_brace_bodyweight,bodyweight_glute_bridge_hip_dominant_bodyweight,REVIEW_REQUIRED,SEPARATE_EXERCISE_QUEUE,SEPARATE_EXERCISE,AUTO_RULE,AUTO_RULE_APPLIED,both,"movement pattern, body area 또는 stable code 규칙으로 명백히 별도 운동으로 유지한다."
ERP-20260827-00220,REX-000009,REX-000012,bodyweight_crunch_core_brace_bodyweight,bodyweight_pull_up_biceps_vertical_pull_bodyweight_pull_up_bar,REVIEW_REQUIRED,SEPARATE_EXERCISE_QUEUE,SEPARATE_EXERCISE,AUTO_RULE,AUTO_RULE_APPLIED,both,"movement pattern, body area 또는 stable code 규칙으로 명백히 별도 운동으로 유지한다."
ERP-20260827-00221,REX-000009,REX-000014,bodyweight_crunch_core_brace_bodyweight,bodyweight_russian_twist_core_brace_bodyweight,REVIEW_REQUIRED,HUMAN_REVIEW_QUEUE,SEPARATE_EXERCISE,USER_DIRECT_REVIEW,REVIEWED,both,"사람 직접 검수 결과: 크런치과 러시안 트위스트은 실제 수행 방법, 장비 또는 자세가 달라 별도 운동으로 유지한다."
ERP-20260827-00222,REX-000009,REX-000015,bodyweight_crunch_core_brace_bodyweight,bodyweight_split_squat_knee_dominant_bodyweight,REVIEW_REQUIRED,SEPARATE_EXERCISE_QUEUE,SEPARATE_EXERCISE,AUTO_RULE,AUTO_RULE_APPLIED,both,"movement pattern, body area 또는 stable code 규칙으로 명백히 별도 운동으로 유지한다."
ERP-20260827-00223,REX-000009,REX-000016,bodyweight_crunch_core_brace_bodyweight,bodyweight_standing_calf_raise_isolation_bodyweight,REVIEW_REQUIRED,SEPARATE_EXERCISE_QUEUE,SEPARATE_EXERCISE,AUTO_RULE,AUTO_RULE_APPLIED,both,"movement pattern, body area 또는 stable code 규칙으로 명백히 별도 운동으로 유지한다."
ERP-20260827-00224,REX-000009,REX-000017,bodyweight_crunch_core_brace_bodyweight,butterfly_adductor_stretch_mobility_stretch_bodyweight,REVIEW_REQUIRED,SEPARATE_EXERCISE_QUEUE,SEPARATE_EXERCISE,AUTO_RULE,AUTO_RULE_APPLIED,both,"movement pattern, body area 또는 stable code 규칙으로 명백히 별도 운동으로 유지한다."
ERP-20260827-00225,REX-000009,REX-000018,bodyweight_crunch_core_brace_bodyweight,cable_fly_isolation_cable_machine,REVIEW_REQUIRED,SEPARATE_EXERCISE_QUEUE,SEPARATE_EXERCISE,AUTO_RULE,AUTO_RULE_APPLIED,both,"movement pattern, body area 또는 stable code 규칙으로 명백히 별도 운동으로 유지한다."
ERP-20260827-00226,REX-000009,REX-000019,bodyweight_crunch_core_brace_bodyweight,cable_triceps_pushdown_isolation_cable_machine,REVIEW_REQUIRED,SEPARATE_EXERCISE_QUEUE,SEPARATE_EXERCISE,AUTO_RULE,AUTO_RULE_APPLIED,both,"movement pattern, body area 또는 stable code 규칙으로 명백히 별도 운동으로 유지한다."
ERP-20260827-00227,REX-000009,REX-000067,bodyweight_crunch_core_brace_bodyweight,cardio_cycling_stationary_bike,REVIEW_REQUIRED,SEPARATE_EXERCISE_QUEUE,SEPARATE_EXERCISE,AUTO_RULE,AUTO_RULE_APPLIED,both,"movement pattern, body area 또는 stable code 규칙으로 명백히 별도 운동으로 유지한다."
ERP-20260827-00228,REX-000009,REX-000072,bodyweight_crunch_core_brace_bodyweight,cardio_elliptical_elliptical_machine,REVIEW_REQUIRED,SEPARATE_EXERCISE_QUEUE,SEPARATE_EXERCISE,AUTO_RULE,AUTO_RULE_APPLIED,both,"movement pattern, body area 또는 stable code 규칙으로 명백히 별도 운동으로 유지한다."
ERP-20260827-00229,REX-000009,REX-000056,bodyweight_crunch_core_brace_bodyweight,cardio_gait_bodyweight,REVIEW_REQUIRED,SEPARATE_EXERCISE_QUEUE,SEPARATE_EXERCISE,AUTO_RULE,AUTO_RULE_APPLIED,both,"movement pattern, body area 또는 stable code 규칙으로 명백히 별도 운동으로 유지한다."
ERP-20260827-00230,REX-000009,REX-000058,bodyweight_crunch_core_brace_bodyweight,cardio_gait_bodyweight_rex_000058,REVIEW_REQUIRED,SEPARATE_EXERCISE_QUEUE,SEPARATE_EXERCISE,AUTO_RULE,AUTO_RULE_APPLIED,both,"movement pattern, body area 또는 stable code 규칙으로 명백히 별도 운동으로 유지한다."
ERP-20260827-00231,REX-000009,REX-000062,bodyweight_crunch_core_brace_bodyweight,cardio_gait_bodyweight_rex_000062,REVIEW_REQUIRED,SEPARATE_EXERCISE_QUEUE,SEPARATE_EXERCISE,AUTO_RULE,AUTO_RULE_APPLIED,both,"movement pattern, body area 또는 stable code 규칙으로 명백히 별도 운동으로 유지한다."
ERP-20260827-00232,REX-000009,REX-000065,bodyweight_crunch_core_brace_bodyweight,cardio_gait_bodyweight_rex_000065,REVIEW_REQUIRED,SEPARATE_EXERCISE_QUEUE,SEPARATE_EXERCISE,AUTO_RULE,AUTO_RULE_APPLIED,both,"movement pattern, body area 또는 stable code 규칙으로 명백히 별도 운동으로 유지한다."
ERP-20260827-00233,REX-000009,REX-000070,bodyweight_crunch_core_brace_bodyweight,cardio_gait_machine,REVIEW_REQUIRED,SEPARATE_EXERCISE_QUEUE,SEPARATE_EXERCISE,AUTO_RULE,AUTO_RULE_APPLIED,both,"movement pattern, body area 또는 stable code 규칙으로 명백히 별도 운동으로 유지한다."
ERP-20260827-00234,REX-000009,REX-000071,bodyweight_crunch_core_brace_bodyweight,cardio_gait_machine_rex_000071,REVIEW_REQUIRED,SEPARATE_EXERCISE_QUEUE,SEPARATE_EXERCISE,AUTO_RULE,AUTO_RULE_APPLIED,both,"movement pattern, body area 또는 stable code 규칙으로 명백히 별도 운동으로 유지한다."
ERP-20260827-00235,REX-000009,REX-000068,bodyweight_crunch_core_brace_bodyweight,cardio_gait_step_box,REVIEW_REQUIRED,HOME_POLICY_EXCLUDED_QUEUE,EXCLUDED,AUTO_RULE,AUTO_RULE_APPLIED,none,HOME 지원 장비 정책에 맞지 않아 HOME 추천 후보에서 제외하고 관계 기록은 보존한다.
ERP-20260827-00236,REX-000009,REX-000059,bodyweight_crunch_core_brace_bodyweight,cardio_jump_plyometric_bodyweight,REVIEW_REQUIRED,SEPARATE_EXERCISE_QUEUE,SEPARATE_EXERCISE,AUTO_RULE,AUTO_RULE_APPLIED,both,"movement pattern, body area 또는 stable code 규칙으로 명백히 별도 운동으로 유지한다."
ERP-20260827-00237,REX-000009,REX-000060,bodyweight_crunch_core_brace_bodyweight,cardio_jump_plyometric_jump_rope,REVIEW_REQUIRED,SEPARATE_EXERCISE_QUEUE,SEPARATE_EXERCISE,AUTO_RULE,AUTO_RULE_APPLIED,both,"movement pattern, body area 또는 stable code 규칙으로 명백히 별도 운동으로 유지한다."
ERP-20260827-00238,REX-000009,REX-000020,bodyweight_crunch_core_brace_bodyweight,chair_leg_extended_stretch_mobility_stretch_bodyweight,REVIEW_REQUIRED,SEPARATE_EXERCISE_QUEUE,SEPARATE_EXERCISE,AUTO_RULE,AUTO_RULE_APPLIED,both,"movement pattern, body area 또는 stable code 규칙으로 명백히 별도 운동으로 유지한다."
ERP-20260827-00239,REX-000009,REX-000021,bodyweight_crunch_core_brace_bodyweight,chest_front_shoulder_stretch_mobility_stretch_bodyweight,REVIEW_REQUIRED,SEPARATE_EXERCISE_QUEUE,SEPARATE_EXERCISE,AUTO_RULE,AUTO_RULE_APPLIED,both,"movement pattern, body area 또는 stable code 규칙으로 명백히 별도 운동으로 유지한다."
ERP-20260827-00240,REX-000009,REX-000022,bodyweight_crunch_core_brace_bodyweight,close_grip_push_up_horizontal_push_bodyweight,REVIEW_REQUIRED,SEPARATE_EXERCISE_QUEUE,SEPARATE_EXERCISE,AUTO_RULE,AUTO_RULE_APPLIED,both,"movement pattern, body area 또는 stable code 규칙으로 명백히 별도 운동으로 유지한다."
ERP-20260827-00241,REX-000009,REX-000023,bodyweight_crunch_core_brace_bodyweight,crunch_variant_core_brace_bodyweight,REVIEW_REQUIRED,HUMAN_REVIEW_QUEUE,SEPARATE_EXERCISE,USER_DIRECT_REVIEW,REVIEWED,both,"사람 직접 검수 결과: 크런치과 사이드 크런치은 실제 수행 방법, 장비 또는 자세가 달라 별도 운동으로 유지한다."
ERP-20260827-00242,REX-000009,REX-000024,bodyweight_crunch_core_brace_bodyweight,dead_bug_core_brace_bodyweight,REVIEW_REQUIRED,HUMAN_REVIEW_QUEUE,SEPARATE_EXERCISE,USER_DIRECT_REVIEW,REVIEWED,both,"사람 직접 검수 결과: 크런치과 데드버그은 실제 수행 방법, 장비 또는 자세가 달라 별도 운동으로 유지한다."
ERP-20260827-00243,REX-000009,REX-000025,bodyweight_crunch_core_brace_bodyweight,dumbbell_goblet_squat_knee_dominant_dumbbell,REVIEW_REQUIRED,SEPARATE_EXERCISE_QUEUE,SEPARATE_EXERCISE,AUTO_RULE,AUTO_RULE_APPLIED,both,"movement pattern, body area 또는 stable code 규칙으로 명백히 별도 운동으로 유지한다."
ERP-20260827-00244,REX-000009,REX-000026,bodyweight_crunch_core_brace_bodyweight,dumbbell_lateral_raise_isolation_dumbbell,REVIEW_REQUIRED,SEPARATE_EXERCISE_QUEUE,SEPARATE_EXERCISE,AUTO_RULE,AUTO_RULE_APPLIED,both,"movement pattern, body area 또는 stable code 규칙으로 명백히 별도 운동으로 유지한다."
ERP-20260827-00245,REX-000009,REX-000027,bodyweight_crunch_core_brace_bodyweight,dumbbell_preacher_curl_isolation_dumbbell,REVIEW_REQUIRED,SEPARATE_EXERCISE_QUEUE,SEPARATE_EXERCISE,AUTO_RULE,AUTO_RULE_APPLIED,both,"movement pattern, body area 또는 stable code 규칙으로 명백히 별도 운동으로 유지한다."
ERP-20260827-00246,REX-000009,REX-000028,bodyweight_crunch_core_brace_bodyweight,dumbbell_rear_fly_isolation_dumbbell,REVIEW_REQUIRED,SEPARATE_EXERCISE_QUEUE,SEPARATE_EXERCISE,AUTO_RULE,AUTO_RULE_APPLIED,both,"movement pattern, body area 또는 stable code 규칙으로 명백히 별도 운동으로 유지한다."
ERP-20260827-00247,REX-000009,REX-000029,bodyweight_crunch_core_brace_bodyweight,dumbbell_shrug_isolation_dumbbell,REVIEW_REQUIRED,SEPARATE_EXERCISE_QUEUE,SEPARATE_EXERCISE,AUTO_RULE,AUTO_RULE_APPLIED,both,"movement pattern, body area 또는 stable code 규칙으로 명백히 별도 운동으로 유지한다."
ERP-20260827-00248,REX-000009,REX-000030,bodyweight_crunch_core_brace_bodyweight,dumbbell_standing_curl_isolation_dumbbell,REVIEW_REQUIRED,SEPARATE_EXERCISE_QUEUE,SEPARATE_EXERCISE,AUTO_RULE,AUTO_RULE_APPLIED,both,"movement pattern, body area 또는 stable code 규칙으로 명백히 별도 운동으로 유지한다."
ERP-20260827-00249,REX-000009,REX-000031,bodyweight_crunch_core_brace_bodyweight,dumbbell_step_up_lunge_knee_dominant_dumbbell_step_box,REVIEW_REQUIRED,HOME_POLICY_EXCLUDED_QUEUE,EXCLUDED,AUTO_RULE,AUTO_RULE_APPLIED,none,HOME 지원 장비 정책에 맞지 않아 HOME 추천 후보에서 제외하고 관계 기록은 보존한다.
ERP-20260827-00250,REX-000009,REX-000032,bodyweight_crunch_core_brace_bodyweight,dynamic_chest_stretch_mobility_stretch_bodyweight,REVIEW_REQUIRED,SEPARATE_EXERCISE_QUEUE,SEPARATE_EXERCISE,AUTO_RULE,AUTO_RULE_APPLIED,both,"movement pattern, body area 또는 stable code 규칙으로 명백히 별도 운동으로 유지한다."
ERP-20260827-00251,REX-000009,REX-000033,bodyweight_crunch_core_brace_bodyweight,exercise_ball_hip_flexor_stretch_mobility_stretch_stability_ball,REVIEW_REQUIRED,SEPARATE_EXERCISE_QUEUE,SEPARATE_EXERCISE,AUTO_RULE,AUTO_RULE_APPLIED,both,"movement pattern, body area 또는 stable code 규칙으로 명백히 별도 운동으로 유지한다."
ERP-20260827-00252,REX-000009,REX-000034,bodyweight_crunch_core_brace_bodyweight,hamstring_stretch_mobility_stretch_bodyweight,REVIEW_REQUIRED,SEPARATE_EXERCISE_QUEUE,SEPARATE_EXERCISE,AUTO_RULE,AUTO_RULE_APPLIED,both,"movement pattern, body area 또는 stable code 규칙으로 명백히 별도 운동으로 유지한다."
ERP-20260827-00253,REX-000009,REX-000035,bodyweight_crunch_core_brace_bodyweight,hand_grip_squeeze_isolation_household_weight,REVIEW_REQUIRED,SEPARATE_EXERCISE_QUEUE,SEPARATE_EXERCISE,AUTO_RULE,AUTO_RULE_APPLIED,both,"movement pattern, body area 또는 stable code 규칙으로 명백히 별도 운동으로 유지한다."
ERP-20260827-00254,REX-000009,REX-000063,bodyweight_crunch_core_brace_bodyweight,hip_adduction_isolation_stability_ball,REVIEW_REQUIRED,SEPARATE_EXERCISE_QUEUE,SEPARATE_EXERCISE,AUTO_RULE,AUTO_RULE_APPLIED,both,"movement pattern, body area 또는 stable code 규칙으로 명백히 별도 운동으로 유지한다."
ERP-20260827-00255,REX-000009,REX-000057,bodyweight_crunch_core_brace_bodyweight,hip_flexion_isolation_bodyweight,REVIEW_REQUIRED,SEPARATE_EXERCISE_QUEUE,SEPARATE_EXERCISE,AUTO_RULE,AUTO_RULE_APPLIED,both,"movement pattern, body area 또는 stable code 규칙으로 명백히 별도 운동으로 유지한다."
ERP-20260827-00256,REX-000009,REX-000064,bodyweight_crunch_core_brace_bodyweight,hip_flexion_isolation_bodyweight_rex_000064,REVIEW_REQUIRED,SEPARATE_EXERCISE_QUEUE,SEPARATE_EXERCISE,AUTO_RULE,AUTO_RULE_APPLIED,both,"movement pattern, body area 또는 stable code 규칙으로 명백히 별도 운동으로 유지한다."
ERP-20260827-00257,REX-000009,REX-000036,bodyweight_crunch_core_brace_bodyweight,hip_flexor_quadriceps_stretch_mobility_stretch_stretch_strap,REVIEW_REQUIRED,SEPARATE_EXERCISE_QUEUE,SEPARATE_EXERCISE,AUTO_RULE,AUTO_RULE_APPLIED,both,"movement pattern, body area 또는 stable code 규칙으로 명백히 별도 운동으로 유지한다."
ERP-20260827-00258,REX-000009,REX-000037,bodyweight_crunch_core_brace_bodyweight,incline_y_raise_isolation_dumbbell,REVIEW_REQUIRED,SEPARATE_EXERCISE_QUEUE,SEPARATE_EXERCISE,AUTO_RULE,AUTO_RULE_APPLIED,both,"movement pattern, body area 또는 stable code 규칙으로 명백히 별도 운동으로 유지한다."
ERP-20260827-00259,REX-000009,REX-000038,bodyweight_crunch_core_brace_bodyweight,inverted_row_horizontal_pull_bodyweight,REVIEW_REQUIRED,SEPARATE_EXERCISE_QUEUE,SEPARATE_EXERCISE,AUTO_RULE,AUTO_RULE_APPLIED,both,"movement pattern, body area 또는 stable code 규칙으로 명백히 별도 운동으로 유지한다."
ERP-20260827-00260,REX-000009,REX-000061,bodyweight_crunch_core_brace_bodyweight,kettlebell_swing_hip_dominant_kettlebell,REVIEW_REQUIRED,SEPARATE_EXERCISE_QUEUE,SEPARATE_EXERCISE,AUTO_RULE,AUTO_RULE_APPLIED,both,"movement pattern, body area 또는 stable code 규칙으로 명백히 별도 운동으로 유지한다."
ERP-20260827-00261,REX-000009,REX-000039,bodyweight_crunch_core_brace_bodyweight,kneeling_lat_stretch_mobility_stretch_bodyweight,REVIEW_REQUIRED,SEPARATE_EXERCISE_QUEUE,SEPARATE_EXERCISE,AUTO_RULE,AUTO_RULE_APPLIED,both,"movement pattern, body area 또는 stable code 규칙으로 명백히 별도 운동으로 유지한다."
ERP-20260827-00262,REX-000009,REX-000040,bodyweight_crunch_core_brace_bodyweight,lat_pulldown_vertical_pull_cable_machine,REVIEW_REQUIRED,SEPARATE_EXERCISE_QUEUE,SEPARATE_EXERCISE,AUTO_RULE,AUTO_RULE_APPLIED,both,"movement pattern, body area 또는 stable code 규칙으로 명백히 별도 운동으로 유지한다."
ERP-20260827-00263,REX-000009,REX-000041,bodyweight_crunch_core_brace_bodyweight,leg_press_knee_dominant_machine,REVIEW_REQUIRED,SEPARATE_EXERCISE_QUEUE,SEPARATE_EXERCISE,AUTO_RULE,AUTO_RULE_APPLIED,both,"movement pattern, body area 또는 stable code 규칙으로 명백히 별도 운동으로 유지한다."
ERP-20260827-00264,REX-000009,REX-000069,bodyweight_crunch_core_brace_bodyweight,leg_press_knee_dominant_resistance_band,REVIEW_REQUIRED,SEPARATE_EXERCISE_QUEUE,SEPARATE_EXERCISE,AUTO_RULE,AUTO_RULE_APPLIED,both,"movement pattern, body area 또는 stable code 규칙으로 명백히 별도 운동으로 유지한다."
ERP-20260827-00265,REX-000009,REX-000042,bodyweight_crunch_core_brace_bodyweight,leg_up_hamstring_stretch_mobility_stretch_bodyweight,REVIEW_REQUIRED,SEPARATE_EXERCISE_QUEUE,SEPARATE_EXERCISE,AUTO_RULE,AUTO_RULE_APPLIED,both,"movement pattern, body area 또는 stable code 규칙으로 명백히 별도 운동으로 유지한다."
ERP-20260827-00266,REX-000009,REX-000043,bodyweight_crunch_core_brace_bodyweight,lower_back_curl_core_brace_bodyweight,REVIEW_REQUIRED,HUMAN_REVIEW_QUEUE,SEPARATE_EXERCISE,USER_DIRECT_REVIEW,REVIEWED,both,"사람 직접 검수 결과: 크런치과 로어 백 컬은 실제 수행 방법, 장비 또는 자세가 달라 별도 운동으로 유지한다."
ERP-20260827-00267,REX-000009,REX-000044,bodyweight_crunch_core_brace_bodyweight,machine_leg_extension_isolation_machine,REVIEW_REQUIRED,SEPARATE_EXERCISE_QUEUE,SEPARATE_EXERCISE,AUTO_RULE,AUTO_RULE_APPLIED,both,"movement pattern, body area 또는 stable code 규칙으로 명백히 별도 운동으로 유지한다."
ERP-20260827-00268,REX-000009,REX-000066,bodyweight_crunch_core_brace_bodyweight,mobility_balance_bodyweight,REVIEW_REQUIRED,SEPARATE_EXERCISE_QUEUE,SEPARATE_EXERCISE,AUTO_RULE,AUTO_RULE_APPLIED,both,"movement pattern, body area 또는 stable code 규칙으로 명백히 별도 운동으로 유지한다."
ERP-20260827-00269,REX-000009,REX-000045,bodyweight_crunch_core_brace_bodyweight,neck_lateral_stretch_mobility_stretch_bodyweight,REVIEW_REQUIRED,SEPARATE_EXERCISE_QUEUE,SEPARATE_EXERCISE,AUTO_RULE,AUTO_RULE_APPLIED,both,"movement pattern, body area 또는 stable code 규칙으로 명백히 별도 운동으로 유지한다."
ERP-20260827-00270,REX-000009,REX-000046,bodyweight_crunch_core_brace_bodyweight,one_arm_wall_lats_isolation_bodyweight,REVIEW_REQUIRED,SEPARATE_EXERCISE_QUEUE,SEPARATE_EXERCISE,AUTO_RULE,AUTO_RULE_APPLIED,both,"movement pattern, body area 또는 stable code 규칙으로 명백히 별도 운동으로 유지한다."
ERP-20260827-00271,REX-000009,REX-000047,bodyweight_crunch_core_brace_bodyweight,overhead_triceps_extension_isolation_barbell,REVIEW_REQUIRED,SEPARATE_EXERCISE_QUEUE,SEPARATE_EXERCISE,AUTO_RULE,AUTO_RULE_APPLIED,both,"movement pattern, body area 또는 stable code 규칙으로 명백히 별도 운동으로 유지한다."
ERP-20260827-00272,REX-000009,REX-000048,bodyweight_crunch_core_brace_bodyweight,overhead_triceps_stretch_mobility_stretch_bodyweight,REVIEW_REQUIRED,SEPARATE_EXERCISE_QUEUE,SEPARATE_EXERCISE,AUTO_RULE,AUTO_RULE_APPLIED,both,"movement pattern, body area 또는 stable code 규칙으로 명백히 별도 운동으로 유지한다."
ERP-20260827-00273,REX-000009,REX-000049,bodyweight_crunch_core_brace_bodyweight,pectorals_horizontal_push_horizontal_push_machine,REVIEW_REQUIRED,SEPARATE_EXERCISE_QUEUE,SEPARATE_EXERCISE,AUTO_RULE,AUTO_RULE_APPLIED,both,"movement pattern, body area 또는 stable code 규칙으로 명백히 별도 운동으로 유지한다."
ERP-20260827-00274,REX-000009,REX-000050,bodyweight_crunch_core_brace_bodyweight,peroneal_stretch_mobility_stretch_stretch_strap,REVIEW_REQUIRED,SEPARATE_EXERCISE_QUEUE,SEPARATE_EXERCISE,AUTO_RULE,AUTO_RULE_APPLIED,both,"movement pattern, body area 또는 stable code 규칙으로 명백히 별도 운동으로 유지한다."
ERP-20260827-00275,REX-000009,REX-000051,bodyweight_crunch_core_brace_bodyweight,plank_rotation_core_brace_bodyweight,REVIEW_REQUIRED,HUMAN_REVIEW_QUEUE,SEPARATE_EXERCISE,USER_DIRECT_REVIEW,REVIEWED,both,"사람 직접 검수 결과: 크런치과 플랭크 로테이션은 실제 수행 방법, 장비 또는 자세가 달라 별도 운동으로 유지한다."
ERP-20260827-00276,REX-000009,REX-000052,bodyweight_crunch_core_brace_bodyweight,push_up_horizontal_push_bodyweight,REVIEW_REQUIRED,SEPARATE_EXERCISE_QUEUE,SEPARATE_EXERCISE,AUTO_RULE,AUTO_RULE_APPLIED,both,"movement pattern, body area 또는 stable code 규칙으로 명백히 별도 운동으로 유지한다."
ERP-20260827-00277,REX-000009,REX-000053,bodyweight_crunch_core_brace_bodyweight,rear_deltoid_stretch_mobility_stretch_bodyweight,REVIEW_REQUIRED,SEPARATE_EXERCISE_QUEUE,SEPARATE_EXERCISE,AUTO_RULE,AUTO_RULE_APPLIED,both,"movement pattern, body area 또는 stable code 규칙으로 명백히 별도 운동으로 유지한다."
ERP-20260827-00278,REX-000009,REX-000054,bodyweight_crunch_core_brace_bodyweight,reverse_calf_raise_isolation_resistance_band,REVIEW_REQUIRED,SEPARATE_EXERCISE_QUEUE,SEPARATE_EXERCISE,AUTO_RULE,AUTO_RULE_APPLIED,both,"movement pattern, body area 또는 stable code 규칙으로 명백히 별도 운동으로 유지한다."
ERP-20260827-00279,REX-000009,REX-000055,bodyweight_crunch_core_brace_bodyweight,reverse_wrist_curl_isolation_barbell,REVIEW_REQUIRED,SEPARATE_EXERCISE_QUEUE,SEPARATE_EXERCISE,AUTO_RULE,AUTO_RULE_APPLIED,both,"movement pattern, body area 또는 stable code 규칙으로 명백히 별도 운동으로 유지한다."
ERP-20260827-00280,REX-000009,REX-000073,bodyweight_crunch_core_brace_bodyweight,roller_back_stretch_mobility_stretch_foam_roller,REVIEW_REQUIRED,SEPARATE_EXERCISE_QUEUE,SEPARATE_EXERCISE,AUTO_RULE,AUTO_RULE_APPLIED,both,"movement pattern, body area 또는 stable code 규칙으로 명백히 별도 운동으로 유지한다."
ERP-20260827-00281,REX-000009,REX-000074,bodyweight_crunch_core_brace_bodyweight,roller_hip_stretch_mobility_stretch_foam_roller,REVIEW_REQUIRED,SEPARATE_EXERCISE_QUEUE,SEPARATE_EXERCISE,AUTO_RULE,AUTO_RULE_APPLIED,both,"movement pattern, body area 또는 stable code 규칙으로 명백히 별도 운동으로 유지한다."
ERP-20260827-00282,REX-000009,REX-000075,bodyweight_crunch_core_brace_bodyweight,rotation_variant_core_brace_cable_machine,REVIEW_REQUIRED,HUMAN_REVIEW_QUEUE,SEPARATE_EXERCISE,USER_DIRECT_REVIEW,REVIEWED,both,"사람 직접 검수 결과: 크런치과 회전형 크런치은 실제 수행 방법, 장비 또는 자세가 달라 별도 운동으로 유지한다."
ERP-20260827-00283,REX-000009,REX-000076,bodyweight_crunch_core_brace_bodyweight,row_variant_horizontal_pull_cable_machine,REVIEW_REQUIRED,SEPARATE_EXERCISE_QUEUE,SEPARATE_EXERCISE,AUTO_RULE,AUTO_RULE_APPLIED,both,"movement pattern, body area 또는 stable code 규칙으로 명백히 별도 운동으로 유지한다."
ERP-20260827-00284,REX-000009,REX-000077,bodyweight_crunch_core_brace_bodyweight,runners_stretch_mobility_stretch_bodyweight,REVIEW_REQUIRED,SEPARATE_EXERCISE_QUEUE,SEPARATE_EXERCISE,AUTO_RULE,AUTO_RULE_APPLIED,both,"movement pattern, body area 또는 stable code 규칙으로 명백히 별도 운동으로 유지한다."
ERP-20260827-00285,REX-000009,REX-000078,bodyweight_crunch_core_brace_bodyweight,scapular_pull_up_vertical_pull_bodyweight_pull_up_bar,REVIEW_REQUIRED,SEPARATE_EXERCISE_QUEUE,SEPARATE_EXERCISE,AUTO_RULE,AUTO_RULE_APPLIED,both,"movement pattern, body area 또는 stable code 규칙으로 명백히 별도 운동으로 유지한다."
ERP-20260827-00286,REX-000009,REX-000079,bodyweight_crunch_core_brace_bodyweight,seated_cable_row_horizontal_pull_cable_machine,REVIEW_REQUIRED,SEPARATE_EXERCISE_QUEUE,SEPARATE_EXERCISE,AUTO_RULE,AUTO_RULE_APPLIED,both,"movement pattern, body area 또는 stable code 규칙으로 명백히 별도 운동으로 유지한다."
ERP-20260827-00287,REX-000009,REX-000080,bodyweight_crunch_core_brace_bodyweight,seated_calf_raise_isolation_barbell,REVIEW_REQUIRED,SEPARATE_EXERCISE_QUEUE,SEPARATE_EXERCISE,AUTO_RULE,AUTO_RULE_APPLIED,both,"movement pattern, body area 또는 stable code 규칙으로 명백히 별도 운동으로 유지한다."
ERP-20260827-00288,REX-000009,REX-000081,bodyweight_crunch_core_brace_bodyweight,seated_calf_stretch_mobility_stretch_bodyweight,REVIEW_REQUIRED,SEPARATE_EXERCISE_QUEUE,SEPARATE_EXERCISE,AUTO_RULE,AUTO_RULE_APPLIED,both,"movement pattern, body area 또는 stable code 규칙으로 명백히 별도 운동으로 유지한다."
ERP-20260827-00289,REX-000009,REX-000082,bodyweight_crunch_core_brace_bodyweight,seated_glute_stretch_mobility_stretch_bodyweight,REVIEW_REQUIRED,SEPARATE_EXERCISE_QUEUE,SEPARATE_EXERCISE,AUTO_RULE,AUTO_RULE_APPLIED,both,"movement pattern, body area 또는 stable code 규칙으로 명백히 별도 운동으로 유지한다."
ERP-20260827-00290,REX-000009,REX-000083,bodyweight_crunch_core_brace_bodyweight,seated_leg_curl_knee_flexion_machine,REVIEW_REQUIRED,SEPARATE_EXERCISE_QUEUE,SEPARATE_EXERCISE,AUTO_RULE,AUTO_RULE_APPLIED,both,"movement pattern, body area 또는 stable code 규칙으로 명백히 별도 운동으로 유지한다."
ERP-20260827-00291,REX-000009,REX-000084,bodyweight_crunch_core_brace_bodyweight,seated_lower_back_stretch_mobility_stretch_bodyweight,REVIEW_REQUIRED,SEPARATE_EXERCISE_QUEUE,SEPARATE_EXERCISE,AUTO_RULE,AUTO_RULE_APPLIED,both,"movement pattern, body area 또는 stable code 규칙으로 명백히 별도 운동으로 유지한다."
ERP-20260827-00292,REX-000009,REX-000085,bodyweight_crunch_core_brace_bodyweight,seated_piriformis_stretch_mobility_stretch_bodyweight,REVIEW_REQUIRED,SEPARATE_EXERCISE_QUEUE,SEPARATE_EXERCISE,AUTO_RULE,AUTO_RULE_APPLIED,both,"movement pattern, body area 또는 stable code 규칙으로 명백히 별도 운동으로 유지한다."
ERP-20260827-00293,REX-000009,REX-000086,bodyweight_crunch_core_brace_bodyweight,seated_shoulder_press_vertical_push_dumbbell,REVIEW_REQUIRED,SEPARATE_EXERCISE_QUEUE,SEPARATE_EXERCISE,AUTO_RULE,AUTO_RULE_APPLIED,both,"movement pattern, body area 또는 stable code 규칙으로 명백히 별도 운동으로 유지한다."
ERP-20260827-00294,REX-000009,REX-000087,bodyweight_crunch_core_brace_bodyweight,seated_wide_angle_stretch_mobility_stretch_bodyweight,REVIEW_REQUIRED,SEPARATE_EXERCISE_QUEUE,SEPARATE_EXERCISE,AUTO_RULE,AUTO_RULE_APPLIED,both,"movement pattern, body area 또는 stable code 규칙으로 명백히 별도 운동으로 유지한다."
ERP-20260827-00295,REX-000009,REX-000088,bodyweight_crunch_core_brace_bodyweight,side_lying_quadriceps_stretch_mobility_stretch_bodyweight,REVIEW_REQUIRED,SEPARATE_EXERCISE_QUEUE,SEPARATE_EXERCISE,AUTO_RULE,AUTO_RULE_APPLIED,both,"movement pattern, body area 또는 stable code 규칙으로 명백히 별도 운동으로 유지한다."
ERP-20260827-00296,REX-000009,REX-000089,bodyweight_crunch_core_brace_bodyweight,side_wrist_pull_stretch_mobility_stretch_bodyweight,REVIEW_REQUIRED,SEPARATE_EXERCISE_QUEUE,SEPARATE_EXERCISE,AUTO_RULE,AUTO_RULE_APPLIED,both,"movement pattern, body area 또는 stable code 규칙으로 명백히 별도 운동으로 유지한다."
ERP-20260827-00297,REX-000009,REX-000090,bodyweight_crunch_core_brace_bodyweight,spine_core_brace_core_brace_mat,REVIEW_REQUIRED,HUMAN_REVIEW_QUEUE,SEPARATE_EXERCISE,USER_DIRECT_REVIEW,REVIEWED,both,"사람 직접 검수 결과: 크런치과 버드독은 실제 수행 방법, 장비 또는 자세가 달라 별도 운동으로 유지한다."
ERP-20260827-00298,REX-000009,REX-000091,bodyweight_crunch_core_brace_bodyweight,spine_stretch_mobility_stretch_bodyweight,REVIEW_REQUIRED,SEPARATE_EXERCISE_QUEUE,SEPARATE_EXERCISE,AUTO_RULE,AUTO_RULE_APPLIED,both,"movement pattern, body area 또는 stable code 규칙으로 명백히 별도 운동으로 유지한다."
ERP-20260827-00299,REX-000009,REX-000092,bodyweight_crunch_core_brace_bodyweight,spine_twist_mobility_stretch_bodyweight,REVIEW_REQUIRED,SEPARATE_EXERCISE_QUEUE,SEPARATE_EXERCISE,AUTO_RULE,AUTO_RULE_APPLIED,both,"movement pattern, body area 또는 stable code 규칙으로 명백히 별도 운동으로 유지한다."
ERP-20260827-00300,REX-000009,REX-000093,bodyweight_crunch_core_brace_bodyweight,squat_variant_knee_dominant_barbell,REVIEW_REQUIRED,SEPARATE_EXERCISE_QUEUE,SEPARATE_EXERCISE,AUTO_RULE,AUTO_RULE_APPLIED,both,"movement pattern, body area 또는 stable code 규칙으로 명백히 별도 운동으로 유지한다."
ERP-20260827-00301,REX-000009,REX-000094,bodyweight_crunch_core_brace_bodyweight,standing_hamstring_calf_strap_stretch_mobility_stretch_stretch_strap,REVIEW_REQUIRED,SEPARATE_EXERCISE_QUEUE,SEPARATE_EXERCISE,AUTO_RULE,AUTO_RULE_APPLIED,both,"movement pattern, body area 또는 stable code 규칙으로 명백히 별도 운동으로 유지한다."
ERP-20260827-00302,REX-000009,REX-000095,bodyweight_crunch_core_brace_bodyweight,standing_lateral_stretch_mobility_stretch_bodyweight,REVIEW_REQUIRED,SEPARATE_EXERCISE_QUEUE,SEPARATE_EXERCISE,AUTO_RULE,AUTO_RULE_APPLIED,both,"movement pattern, body area 또는 stable code 규칙으로 명백히 별도 운동으로 유지한다."
ERP-20260827-00303,REX-000009,REX-000096,bodyweight_crunch_core_brace_bodyweight,triceps_stretch_mobility_stretch_bodyweight,REVIEW_REQUIRED,SEPARATE_EXERCISE_QUEUE,SEPARATE_EXERCISE,AUTO_RULE,AUTO_RULE_APPLIED,both,"movement pattern, body area 또는 stable code 규칙으로 명백히 별도 운동으로 유지한다."
ERP-20260827-00304,REX-000009,REX-000097,bodyweight_crunch_core_brace_bodyweight,upper_back_isolation_isolation_resistance_band,REVIEW_REQUIRED,SEPARATE_EXERCISE_QUEUE,SEPARATE_EXERCISE,AUTO_RULE,AUTO_RULE_APPLIED,both,"movement pattern, body area 또는 stable code 규칙으로 명백히 별도 운동으로 유지한다."
ERP-20260827-00305,REX-000009,REX-000098,bodyweight_crunch_core_brace_bodyweight,upper_back_stretch_mobility_stretch_bodyweight,REVIEW_REQUIRED,SEPARATE_EXERCISE_QUEUE,SEPARATE_EXERCISE,AUTO_RULE,AUTO_RULE_APPLIED,both,"movement pattern, body area 또는 stable code 규칙으로 명백히 별도 운동으로 유지한다."
ERP-20260827-00306,REX-000009,REX-000099,bodyweight_crunch_core_brace_bodyweight,wall_calf_stretch_mobility_stretch_bodyweight,REVIEW_REQUIRED,SEPARATE_EXERCISE_QUEUE,SEPARATE_EXERCISE,AUTO_RULE,AUTO_RULE_APPLIED,both,"movement pattern, body area 또는 stable code 규칙으로 명백히 별도 운동으로 유지한다."
ERP-20260827-00307,REX-000009,REX-000100,bodyweight_crunch_core_brace_bodyweight,world_greatest_stretch_mobility_stretch_bodyweight,REVIEW_REQUIRED,SEPARATE_EXERCISE_QUEUE,SEPARATE_EXERCISE,AUTO_RULE,AUTO_RULE_APPLIED,both,"movement pattern, body area 또는 stable code 규칙으로 명백히 별도 운동으로 유지한다."
ERP-20260827-00308,REX-000009,REX-000101,bodyweight_crunch_core_brace_bodyweight,wrist_circles_mobility_stretch_bodyweight,REVIEW_REQUIRED,SEPARATE_EXERCISE_QUEUE,SEPARATE_EXERCISE,AUTO_RULE,AUTO_RULE_APPLIED,both,"movement pattern, body area 또는 stable code 규칙으로 명백히 별도 운동으로 유지한다."
ERP-20260827-00309,REX-000009,REX-000102,bodyweight_crunch_core_brace_bodyweight,wrist_curl_isolation_barbell,REVIEW_REQUIRED,SEPARATE_EXERCISE_QUEUE,SEPARATE_EXERCISE,AUTO_RULE,AUTO_RULE_APPLIED,both,"movement pattern, body area 또는 stable code 규칙으로 명백히 별도 운동으로 유지한다."
ERP-20260827-00310,NEX-000068,REX-000010,bodyweight_forward_lunge_knee_dominant_bodyweight,bodyweight_forward_lunge_knee_dominant_bodyweight,REVIEW_REQUIRED,HUMAN_REVIEW_QUEUE,SEPARATE_EXERCISE,USER_DIRECT_REVIEW,REVIEWED,both,"사람 직접 검수 결과: 케틀벨 런지과 포워드 런지은 실제 수행 방법, 장비 또는 자세가 달라 별도 운동으로 유지한다."
ERP-20260827-00311,REX-000010,REX-000015,bodyweight_forward_lunge_knee_dominant_bodyweight,bodyweight_split_squat_knee_dominant_bodyweight,REVIEW_REQUIRED,HUMAN_REVIEW_QUEUE,SEPARATE_EXERCISE,USER_DIRECT_REVIEW,REVIEWED,both,"사람 직접 검수 결과: 포워드 런지과 스플릿 스쿼트은 실제 수행 방법, 장비 또는 자세가 달라 별도 운동으로 유지한다."
ERP-20260827-00312,REX-000010,REX-000025,bodyweight_forward_lunge_knee_dominant_bodyweight,dumbbell_goblet_squat_knee_dominant_dumbbell,REVIEW_REQUIRED,HUMAN_REVIEW_QUEUE,SEPARATE_EXERCISE,USER_DIRECT_REVIEW,REVIEWED,both,"사람 직접 검수 결과: 포워드 런지과 고블릿 스쿼트은 실제 수행 방법, 장비 또는 자세가 달라 별도 운동으로 유지한다."
ERP-20260827-00313,REX-000010,REX-000031,bodyweight_forward_lunge_knee_dominant_bodyweight,dumbbell_step_up_lunge_knee_dominant_dumbbell_step_box,REVIEW_REQUIRED,HOME_POLICY_EXCLUDED_QUEUE,EXCLUDED,AUTO_RULE,AUTO_RULE_APPLIED,none,HOME 지원 장비 정책에 맞지 않아 HOME 추천 후보에서 제외하고 관계 기록은 보존한다.
ERP-20260827-00314,REX-000010,REX-000041,bodyweight_forward_lunge_knee_dominant_bodyweight,leg_press_knee_dominant_machine,REVIEW_REQUIRED,HUMAN_REVIEW_QUEUE,SEPARATE_EXERCISE,USER_DIRECT_REVIEW,REVIEWED,both,"사람 직접 검수 결과: 포워드 런지과 레그 프레스은 실제 수행 방법, 장비 또는 자세가 달라 별도 운동으로 유지한다."
ERP-20260827-00315,REX-000010,REX-000066,bodyweight_forward_lunge_knee_dominant_bodyweight,mobility_balance_bodyweight,REVIEW_REQUIRED,HUMAN_REVIEW_QUEUE,SEPARATE_EXERCISE,USER_DIRECT_REVIEW,REVIEWED,both,"사람 직접 검수 결과: 포워드 런지과 한발 서기 균형은 실제 수행 방법, 장비 또는 자세가 달라 별도 운동으로 유지한다."
ERP-20260827-00316,REX-000010,REX-000093,bodyweight_forward_lunge_knee_dominant_bodyweight,squat_variant_knee_dominant_barbell,REVIEW_REQUIRED,HUMAN_REVIEW_QUEUE,SEPARATE_EXERCISE,USER_DIRECT_REVIEW,REVIEWED,both,"사람 직접 검수 결과: 포워드 런지과 스쿼트은 실제 수행 방법, 장비 또는 자세가 달라 별도 운동으로 유지한다."
ERP-20260827-00317,REX-000011,REX-000016,bodyweight_glute_bridge_hip_dominant_bodyweight,bodyweight_standing_calf_raise_isolation_bodyweight,REVIEW_REQUIRED,SEPARATE_EXERCISE_QUEUE,SEPARATE_EXERCISE,AUTO_RULE,AUTO_RULE_APPLIED,both,"movement pattern, body area 또는 stable code 규칙으로 명백히 별도 운동으로 유지한다."
ERP-20260827-00318,REX-000011,REX-000061,bodyweight_glute_bridge_hip_dominant_bodyweight,kettlebell_swing_hip_dominant_kettlebell,REVIEW_REQUIRED,HUMAN_REVIEW_QUEUE,SEPARATE_EXERCISE,USER_DIRECT_REVIEW,REVIEWED,both,"사람 직접 검수 결과: 글루트 브리지과 케틀벨 스윙은 실제 수행 방법, 장비 또는 자세가 달라 별도 운동으로 유지한다."
ERP-20260827-00319,REX-000011,REX-000066,bodyweight_glute_bridge_hip_dominant_bodyweight,mobility_balance_bodyweight,REVIEW_REQUIRED,HUMAN_REVIEW_QUEUE,SEPARATE_EXERCISE,USER_DIRECT_REVIEW,REVIEWED,both,"사람 직접 검수 결과: 글루트 브리지과 한발 서기 균형은 실제 수행 방법, 장비 또는 자세가 달라 별도 운동으로 유지한다."
ERP-20260827-00320,REX-000012,REX-000027,bodyweight_pull_up_biceps_vertical_pull_bodyweight_pull_up_bar,dumbbell_preacher_curl_isolation_dumbbell,REVIEW_REQUIRED,HUMAN_REVIEW_QUEUE,SEPARATE_EXERCISE,USER_DIRECT_REVIEW,REVIEWED,both,"사람 직접 검수 결과: 풀업과 프리처 컬은 실제 수행 방법, 장비 또는 자세가 달라 별도 운동으로 유지한다."
ERP-20260827-00321,REX-000012,REX-000040,bodyweight_pull_up_biceps_vertical_pull_bodyweight_pull_up_bar,lat_pulldown_vertical_pull_cable_machine,REVIEW_REQUIRED,HUMAN_REVIEW_QUEUE,SEPARATE_EXERCISE,USER_DIRECT_REVIEW,REVIEWED,both,"사람 직접 검수 결과: 풀업과 랫풀다운은 실제 수행 방법, 장비 또는 자세가 달라 별도 운동으로 유지한다."
ERP-20260827-00322,REX-000012,REX-000078,bodyweight_pull_up_biceps_vertical_pull_bodyweight_pull_up_bar,scapular_pull_up_vertical_pull_bodyweight_pull_up_bar,REVIEW_REQUIRED,HUMAN_REVIEW_QUEUE,SEPARATE_EXERCISE,USER_DIRECT_REVIEW,REVIEWED,both,"사람 직접 검수 결과: 풀업과 스캐풀라 풀업은 실제 수행 방법, 장비 또는 자세가 달라 별도 운동으로 유지한다."
ERP-20260827-00323,REX-000013,REX-000014,bodyweight_reverse_crunch_core_brace_bodyweight,bodyweight_russian_twist_core_brace_bodyweight,REVIEW_REQUIRED,HUMAN_REVIEW_QUEUE,SEPARATE_EXERCISE,USER_DIRECT_REVIEW,REVIEWED,both,"사람 직접 검수 결과: 리버스 크런치과 러시안 트위스트은 실제 수행 방법, 장비 또는 자세가 달라 별도 운동으로 유지한다."
ERP-20260827-00324,REX-000013,REX-000016,bodyweight_reverse_crunch_core_brace_bodyweight,bodyweight_standing_calf_raise_isolation_bodyweight,REVIEW_REQUIRED,SEPARATE_EXERCISE_QUEUE,SEPARATE_EXERCISE,AUTO_RULE,AUTO_RULE_APPLIED,both,"movement pattern, body area 또는 stable code 규칙으로 명백히 별도 운동으로 유지한다."
ERP-20260827-00325,REX-000013,REX-000023,bodyweight_reverse_crunch_core_brace_bodyweight,crunch_variant_core_brace_bodyweight,REVIEW_REQUIRED,HUMAN_REVIEW_QUEUE,SEPARATE_EXERCISE,USER_DIRECT_REVIEW,REVIEWED,both,"사람 직접 검수 결과: 리버스 크런치과 사이드 크런치은 실제 수행 방법, 장비 또는 자세가 달라 별도 운동으로 유지한다."
ERP-20260827-00326,REX-000013,REX-000024,bodyweight_reverse_crunch_core_brace_bodyweight,dead_bug_core_brace_bodyweight,REVIEW_REQUIRED,HUMAN_REVIEW_QUEUE,SEPARATE_EXERCISE,USER_DIRECT_REVIEW,REVIEWED,both,"사람 직접 검수 결과: 리버스 크런치과 데드버그은 실제 수행 방법, 장비 또는 자세가 달라 별도 운동으로 유지한다."
ERP-20260827-00327,REX-000013,REX-000075,bodyweight_reverse_crunch_core_brace_bodyweight,rotation_variant_core_brace_cable_machine,REVIEW_REQUIRED,HUMAN_REVIEW_QUEUE,SEPARATE_EXERCISE,USER_DIRECT_REVIEW,REVIEWED,both,"사람 직접 검수 결과: 리버스 크런치과 회전형 크런치은 실제 수행 방법, 장비 또는 자세가 달라 별도 운동으로 유지한다."
ERP-20260827-00328,NEX-000023,REX-000014,bodyweight_russian_twist_core_brace_bodyweight,bodyweight_russian_twist_core_brace_bodyweight,REVIEW_REQUIRED,HUMAN_REVIEW_QUEUE,SEPARATE_EXERCISE,USER_DIRECT_REVIEW,REVIEWED,both,"사람 직접 검수 결과: 케이블 러시안 트위스트(메디신볼)과 러시안 트위스트은 실제 수행 방법, 장비 또는 자세가 달라 별도 운동으로 유지한다."
ERP-20260827-00329,NEX-000090,REX-000014,bodyweight_russian_twist_core_brace_bodyweight,bodyweight_russian_twist_core_brace_bodyweight,REVIEW_REQUIRED,HUMAN_REVIEW_QUEUE,SEPARATE_EXERCISE,USER_DIRECT_REVIEW,REVIEWED,both,"사람 직접 검수 결과: 중량 러시안 트위스트(레그 업)과 러시안 트위스트은 실제 수행 방법, 장비 또는 자세가 달라 별도 운동으로 유지한다."
ERP-20260827-00330,REX-000014,REX-000016,bodyweight_russian_twist_core_brace_bodyweight,bodyweight_standing_calf_raise_isolation_bodyweight,REVIEW_REQUIRED,SEPARATE_EXERCISE_QUEUE,SEPARATE_EXERCISE,AUTO_RULE,AUTO_RULE_APPLIED,both,"movement pattern, body area 또는 stable code 규칙으로 명백히 별도 운동으로 유지한다."
ERP-20260827-00331,REX-000014,REX-000023,bodyweight_russian_twist_core_brace_bodyweight,crunch_variant_core_brace_bodyweight,REVIEW_REQUIRED,HUMAN_REVIEW_QUEUE,SEPARATE_EXERCISE,USER_DIRECT_REVIEW,REVIEWED,both,"사람 직접 검수 결과: 러시안 트위스트과 사이드 크런치은 실제 수행 방법, 장비 또는 자세가 달라 별도 운동으로 유지한다."
ERP-20260827-00332,REX-000014,REX-000024,bodyweight_russian_twist_core_brace_bodyweight,dead_bug_core_brace_bodyweight,REVIEW_REQUIRED,HUMAN_REVIEW_QUEUE,SEPARATE_EXERCISE,USER_DIRECT_REVIEW,REVIEWED,both,"사람 직접 검수 결과: 러시안 트위스트과 데드버그은 실제 수행 방법, 장비 또는 자세가 달라 별도 운동으로 유지한다."
ERP-20260827-00333,REX-000014,REX-000051,bodyweight_russian_twist_core_brace_bodyweight,plank_rotation_core_brace_bodyweight,REVIEW_REQUIRED,HUMAN_REVIEW_QUEUE,SEPARATE_EXERCISE,USER_DIRECT_REVIEW,REVIEWED,both,"사람 직접 검수 결과: 러시안 트위스트과 플랭크 로테이션은 실제 수행 방법, 장비 또는 자세가 달라 별도 운동으로 유지한다."
ERP-20260827-00334,REX-000014,REX-000075,bodyweight_russian_twist_core_brace_bodyweight,rotation_variant_core_brace_cable_machine,REVIEW_REQUIRED,HUMAN_REVIEW_QUEUE,SEPARATE_EXERCISE,USER_DIRECT_REVIEW,REVIEWED,both,"사람 직접 검수 결과: 러시안 트위스트과 회전형 크런치은 실제 수행 방법, 장비 또는 자세가 달라 별도 운동으로 유지한다."
ERP-20260827-00335,NEX-000195,REX-000015,bodyweight_split_squat_knee_dominant_bodyweight,bodyweight_split_squat_knee_dominant_bodyweight,REVIEW_REQUIRED,HUMAN_REVIEW_QUEUE,SEPARATE_EXERCISE,USER_DIRECT_REVIEW,REVIEWED,both,"사람 직접 검수 결과: 덤벨 불가리안 스플릿 스쿼트과 스플릿 스쿼트은 실제 수행 방법, 장비 또는 자세가 달라 별도 운동으로 유지한다."
ERP-20260827-00336,REX-000015,REX-000025,bodyweight_split_squat_knee_dominant_bodyweight,dumbbell_goblet_squat_knee_dominant_dumbbell,REVIEW_REQUIRED,HUMAN_REVIEW_QUEUE,SEPARATE_EXERCISE,USER_DIRECT_REVIEW,REVIEWED,both,"사람 직접 검수 결과: 스플릿 스쿼트과 고블릿 스쿼트은 실제 수행 방법, 장비 또는 자세가 달라 별도 운동으로 유지한다."
ERP-20260827-00337,REX-000015,REX-000031,bodyweight_split_squat_knee_dominant_bodyweight,dumbbell_step_up_lunge_knee_dominant_dumbbell_step_box,REVIEW_REQUIRED,HOME_POLICY_EXCLUDED_QUEUE,EXCLUDED,AUTO_RULE,AUTO_RULE_APPLIED,none,HOME 지원 장비 정책에 맞지 않아 HOME 추천 후보에서 제외하고 관계 기록은 보존한다.
ERP-20260827-00338,REX-000015,REX-000041,bodyweight_split_squat_knee_dominant_bodyweight,leg_press_knee_dominant_machine,REVIEW_REQUIRED,HUMAN_REVIEW_QUEUE,SEPARATE_EXERCISE,USER_DIRECT_REVIEW,REVIEWED,both,"사람 직접 검수 결과: 스플릿 스쿼트과 레그 프레스은 실제 수행 방법, 장비 또는 자세가 달라 별도 운동으로 유지한다."
ERP-20260827-00339,REX-000015,REX-000093,bodyweight_split_squat_knee_dominant_bodyweight,squat_variant_knee_dominant_barbell,REVIEW_REQUIRED,HUMAN_REVIEW_QUEUE,SEPARATE_EXERCISE,USER_DIRECT_REVIEW,REVIEWED,both,"사람 직접 검수 결과: 스플릿 스쿼트과 스쿼트은 실제 수행 방법, 장비 또는 자세가 달라 별도 운동으로 유지한다."
ERP-20260827-00340,NEX-000117,REX-000016,bodyweight_standing_calf_raise_isolation_bodyweight,bodyweight_standing_calf_raise_isolation_bodyweight,REVIEW_REQUIRED,HUMAN_REVIEW_QUEUE,SEPARATE_EXERCISE,USER_DIRECT_REVIEW,REVIEWED,both,"사람 직접 검수 결과: 밴드 양발 카프 레이즈과 스탠딩 카프 레이즈은 실제 수행 방법, 장비 또는 자세가 달라 별도 운동으로 유지한다."
ERP-20260827-00341,NEX-000121,REX-000016,bodyweight_standing_calf_raise_isolation_bodyweight,bodyweight_standing_calf_raise_isolation_bodyweight,REVIEW_REQUIRED,HUMAN_REVIEW_QUEUE,SEPARATE_EXERCISE,USER_DIRECT_REVIEW,REVIEWED,both,"사람 직접 검수 결과: 한발 동키 카프 레이즈과 스탠딩 카프 레이즈은 실제 수행 방법, 장비 또는 자세가 달라 별도 운동으로 유지한다."
ERP-20260827-00342,REX-000016,REX-000022,bodyweight_standing_calf_raise_isolation_bodyweight,close_grip_push_up_horizontal_push_bodyweight,REVIEW_REQUIRED,SEPARATE_EXERCISE_QUEUE,SEPARATE_EXERCISE,AUTO_RULE,AUTO_RULE_APPLIED,both,"movement pattern, body area 또는 stable code 규칙으로 명백히 별도 운동으로 유지한다."
ERP-20260827-00343,REX-000016,REX-000023,bodyweight_standing_calf_raise_isolation_bodyweight,crunch_variant_core_brace_bodyweight,REVIEW_REQUIRED,SEPARATE_EXERCISE_QUEUE,SEPARATE_EXERCISE,AUTO_RULE,AUTO_RULE_APPLIED,both,"movement pattern, body area 또는 stable code 규칙으로 명백히 별도 운동으로 유지한다."
ERP-20260827-00344,REX-000016,REX-000024,bodyweight_standing_calf_raise_isolation_bodyweight,dead_bug_core_brace_bodyweight,REVIEW_REQUIRED,SEPARATE_EXERCISE_QUEUE,SEPARATE_EXERCISE,AUTO_RULE,AUTO_RULE_APPLIED,both,"movement pattern, body area 또는 stable code 규칙으로 명백히 별도 운동으로 유지한다."
ERP-20260827-00345,REX-000016,REX-000026,bodyweight_standing_calf_raise_isolation_bodyweight,dumbbell_lateral_raise_isolation_dumbbell,REVIEW_REQUIRED,HUMAN_REVIEW_QUEUE,SEPARATE_EXERCISE,USER_DIRECT_REVIEW,REVIEWED,both,"사람 직접 검수 결과: 스탠딩 카프 레이즈과 레터럴 레이즈은 실제 수행 방법, 장비 또는 자세가 달라 별도 운동으로 유지한다."
ERP-20260827-00346,REX-000016,REX-000033,bodyweight_standing_calf_raise_isolation_bodyweight,exercise_ball_hip_flexor_stretch_mobility_stretch_stability_ball,REVIEW_REQUIRED,SEPARATE_EXERCISE_QUEUE,SEPARATE_EXERCISE,AUTO_RULE,AUTO_RULE_APPLIED,both,"movement pattern, body area 또는 stable code 규칙으로 명백히 별도 운동으로 유지한다."
ERP-20260827-00347,REX-000016,REX-000037,bodyweight_standing_calf_raise_isolation_bodyweight,incline_y_raise_isolation_dumbbell,REVIEW_REQUIRED,HUMAN_REVIEW_QUEUE,SEPARATE_EXERCISE,USER_DIRECT_REVIEW,REVIEWED,both,"사람 직접 검수 결과: 스탠딩 카프 레이즈과 인클라인 Y 레이즈은 실제 수행 방법, 장비 또는 자세가 달라 별도 운동으로 유지한다."
ERP-20260827-00348,REX-000016,REX-000061,bodyweight_standing_calf_raise_isolation_bodyweight,kettlebell_swing_hip_dominant_kettlebell,REVIEW_REQUIRED,SEPARATE_EXERCISE_QUEUE,SEPARATE_EXERCISE,AUTO_RULE,AUTO_RULE_APPLIED,both,"movement pattern, body area 또는 stable code 규칙으로 명백히 별도 운동으로 유지한다."
ERP-20260827-00349,REX-000016,REX-000043,bodyweight_standing_calf_raise_isolation_bodyweight,lower_back_curl_core_brace_bodyweight,REVIEW_REQUIRED,SEPARATE_EXERCISE_QUEUE,SEPARATE_EXERCISE,AUTO_RULE,AUTO_RULE_APPLIED,both,"movement pattern, body area 또는 stable code 규칙으로 명백히 별도 운동으로 유지한다."
ERP-20260827-00350,REX-000016,REX-000051,bodyweight_standing_calf_raise_isolation_bodyweight,plank_rotation_core_brace_bodyweight,REVIEW_REQUIRED,SEPARATE_EXERCISE_QUEUE,SEPARATE_EXERCISE,AUTO_RULE,AUTO_RULE_APPLIED,both,"movement pattern, body area 또는 stable code 규칙으로 명백히 별도 운동으로 유지한다."
ERP-20260827-00351,REX-000016,REX-000054,bodyweight_standing_calf_raise_isolation_bodyweight,reverse_calf_raise_isolation_resistance_band,REVIEW_REQUIRED,HUMAN_REVIEW_QUEUE,SEPARATE_EXERCISE,USER_DIRECT_REVIEW,REVIEWED,both,"사람 직접 검수 결과: 스탠딩 카프 레이즈과 리버스 카프 레이즈은 실제 수행 방법, 장비 또는 자세가 달라 별도 운동으로 유지한다."
ERP-20260827-00352,REX-000016,REX-000073,bodyweight_standing_calf_raise_isolation_bodyweight,roller_back_stretch_mobility_stretch_foam_roller,REVIEW_REQUIRED,SEPARATE_EXERCISE_QUEUE,SEPARATE_EXERCISE,AUTO_RULE,AUTO_RULE_APPLIED,both,"movement pattern, body area 또는 stable code 규칙으로 명백히 별도 운동으로 유지한다."
ERP-20260827-00353,REX-000016,REX-000074,bodyweight_standing_calf_raise_isolation_bodyweight,roller_hip_stretch_mobility_stretch_foam_roller,REVIEW_REQUIRED,SEPARATE_EXERCISE_QUEUE,SEPARATE_EXERCISE,AUTO_RULE,AUTO_RULE_APPLIED,both,"movement pattern, body area 또는 stable code 규칙으로 명백히 별도 운동으로 유지한다."
ERP-20260827-00354,REX-000016,REX-000075,bodyweight_standing_calf_raise_isolation_bodyweight,rotation_variant_core_brace_cable_machine,REVIEW_REQUIRED,SEPARATE_EXERCISE_QUEUE,SEPARATE_EXERCISE,AUTO_RULE,AUTO_RULE_APPLIED,both,"movement pattern, body area 또는 stable code 규칙으로 명백히 별도 운동으로 유지한다."
ERP-20260827-00355,REX-000016,REX-000084,bodyweight_standing_calf_raise_isolation_bodyweight,seated_lower_back_stretch_mobility_stretch_bodyweight,REVIEW_REQUIRED,SEPARATE_EXERCISE_QUEUE,SEPARATE_EXERCISE,AUTO_RULE,AUTO_RULE_APPLIED,both,"movement pattern, body area 또는 stable code 규칙으로 명백히 별도 운동으로 유지한다."
ERP-20260827-00356,REX-000016,REX-000090,bodyweight_standing_calf_raise_isolation_bodyweight,spine_core_brace_core_brace_mat,REVIEW_REQUIRED,SEPARATE_EXERCISE_QUEUE,SEPARATE_EXERCISE,AUTO_RULE,AUTO_RULE_APPLIED,both,"movement pattern, body area 또는 stable code 규칙으로 명백히 별도 운동으로 유지한다."
ERP-20260827-00357,REX-000016,REX-000091,bodyweight_standing_calf_raise_isolation_bodyweight,spine_stretch_mobility_stretch_bodyweight,REVIEW_REQUIRED,SEPARATE_EXERCISE_QUEUE,SEPARATE_EXERCISE,AUTO_RULE,AUTO_RULE_APPLIED,both,"movement pattern, body area 또는 stable code 규칙으로 명백히 별도 운동으로 유지한다."
ERP-20260827-00358,REX-000016,REX-000092,bodyweight_standing_calf_raise_isolation_bodyweight,spine_twist_mobility_stretch_bodyweight,REVIEW_REQUIRED,SEPARATE_EXERCISE_QUEUE,SEPARATE_EXERCISE,AUTO_RULE,AUTO_RULE_APPLIED,both,"movement pattern, body area 또는 stable code 규칙으로 명백히 별도 운동으로 유지한다."
ERP-20260827-00359,REX-000016,REX-000093,bodyweight_standing_calf_raise_isolation_bodyweight,squat_variant_knee_dominant_barbell,REVIEW_REQUIRED,SEPARATE_EXERCISE_QUEUE,SEPARATE_EXERCISE,AUTO_RULE,AUTO_RULE_APPLIED,both,"movement pattern, body area 또는 stable code 규칙으로 명백히 별도 운동으로 유지한다."
ERP-20260827-00360,REX-000016,REX-000095,bodyweight_standing_calf_raise_isolation_bodyweight,standing_lateral_stretch_mobility_stretch_bodyweight,REVIEW_REQUIRED,SEPARATE_EXERCISE_QUEUE,SEPARATE_EXERCISE,AUTO_RULE,AUTO_RULE_APPLIED,both,"movement pattern, body area 또는 stable code 규칙으로 명백히 별도 운동으로 유지한다."
ERP-20260827-00361,REX-000017,REX-000050,butterfly_adductor_stretch_mobility_stretch_bodyweight,peroneal_stretch_mobility_stretch_stretch_strap,REVIEW_REQUIRED,HUMAN_REVIEW_QUEUE,SEPARATE_EXERCISE,USER_DIRECT_REVIEW,REVIEWED,both,"사람 직접 검수 결과: 버터플라이 스트레칭과 종아리 바깥쪽 스트레칭은 실제 수행 방법, 장비 또는 자세가 달라 별도 운동으로 유지한다."
ERP-20260827-00362,REX-000017,REX-000081,butterfly_adductor_stretch_mobility_stretch_bodyweight,seated_calf_stretch_mobility_stretch_bodyweight,REVIEW_REQUIRED,HUMAN_REVIEW_QUEUE,SEPARATE_EXERCISE,USER_DIRECT_REVIEW,REVIEWED,both,"사람 직접 검수 결과: 버터플라이 스트레칭과 앉아서 종아리 스트레칭은 실제 수행 방법, 장비 또는 자세가 달라 별도 운동으로 유지한다."
ERP-20260827-00363,REX-000017,REX-000082,butterfly_adductor_stretch_mobility_stretch_bodyweight,seated_glute_stretch_mobility_stretch_bodyweight,REVIEW_REQUIRED,HUMAN_REVIEW_QUEUE,SEPARATE_EXERCISE,USER_DIRECT_REVIEW,REVIEWED,both,"사람 직접 검수 결과: 버터플라이 스트레칭과 앉아서 둔근 스트레칭은 실제 수행 방법, 장비 또는 자세가 달라 별도 운동으로 유지한다."
ERP-20260827-00364,REX-000017,REX-000085,butterfly_adductor_stretch_mobility_stretch_bodyweight,seated_piriformis_stretch_mobility_stretch_bodyweight,REVIEW_REQUIRED,HUMAN_REVIEW_QUEUE,SEPARATE_EXERCISE,USER_DIRECT_REVIEW,REVIEWED,both,"사람 직접 검수 결과: 버터플라이 스트레칭과 앉아서 이상근 스트레칭은 실제 수행 방법, 장비 또는 자세가 달라 별도 운동으로 유지한다."
ERP-20260827-00365,REX-000017,REX-000087,butterfly_adductor_stretch_mobility_stretch_bodyweight,seated_wide_angle_stretch_mobility_stretch_bodyweight,REVIEW_REQUIRED,HUMAN_REVIEW_QUEUE,SEPARATE_EXERCISE,USER_DIRECT_REVIEW,REVIEWED,both,"사람 직접 검수 결과: 버터플라이 스트레칭과 시티드 와이드 앵글 스트레칭은 실제 수행 방법, 장비 또는 자세가 달라 별도 운동으로 유지한다."
ERP-20260827-00366,REX-000017,REX-000100,butterfly_adductor_stretch_mobility_stretch_bodyweight,world_greatest_stretch_mobility_stretch_bodyweight,REVIEW_REQUIRED,HUMAN_REVIEW_QUEUE,SEPARATE_EXERCISE,USER_DIRECT_REVIEW,REVIEWED,both,"사람 직접 검수 결과: 버터플라이 스트레칭과 월드 그레이티스트 스트레칭은 실제 수행 방법, 장비 또는 자세가 달라 별도 운동으로 유지한다."
ERP-20260827-00367,NEX-000016,REX-000018,cable_fly_isolation_cable_machine,cable_fly_isolation_cable_machine,REVIEW_REQUIRED,HUMAN_REVIEW_QUEUE,SEPARATE_EXERCISE,USER_DIRECT_REVIEW,REVIEWED,both,"사람 직접 검수 결과: 케이블 인클라인 플라이(메디신볼)과 케이블 플라이은 실제 수행 방법, 장비 또는 자세가 달라 별도 운동으로 유지한다."
ERP-20260827-00368,NEX-000109,REX-000018,cable_fly_isolation_cable_machine,cable_fly_isolation_cable_machine,REVIEW_REQUIRED,HUMAN_REVIEW_QUEUE,SEPARATE_EXERCISE,USER_DIRECT_REVIEW,REVIEWED,both,"사람 직접 검수 결과: 케이블 원암 디클라인 체스트 플라이과 케이블 플라이은 실제 수행 방법, 장비 또는 자세가 달라 별도 운동으로 유지한다."
ERP-20260827-00369,REX-000018,REX-000019,cable_fly_isolation_cable_machine,cable_triceps_pushdown_isolation_cable_machine,REVIEW_REQUIRED,HUMAN_REVIEW_QUEUE,SEPARATE_EXERCISE,USER_DIRECT_REVIEW,REVIEWED,both,"사람 직접 검수 결과: 케이블 플라이과 케이블 트라이셉스 푸시다운은 실제 수행 방법, 장비 또는 자세가 달라 별도 운동으로 유지한다."
ERP-20260827-00370,REX-000018,REX-000028,cable_fly_isolation_cable_machine,dumbbell_rear_fly_isolation_dumbbell,REVIEW_REQUIRED,HUMAN_REVIEW_QUEUE,SEPARATE_EXERCISE,USER_DIRECT_REVIEW,REVIEWED,both,"사람 직접 검수 결과: 케이블 플라이과 리어 델트 플라이은 실제 수행 방법, 장비 또는 자세가 달라 별도 운동으로 유지한다."
ERP-20260827-00371,REX-000018,REX-000029,cable_fly_isolation_cable_machine,dumbbell_shrug_isolation_dumbbell,REVIEW_REQUIRED,HUMAN_REVIEW_QUEUE,SEPARATE_EXERCISE,USER_DIRECT_REVIEW,REVIEWED,both,"사람 직접 검수 결과: 케이블 플라이과 슈러그은 실제 수행 방법, 장비 또는 자세가 달라 별도 운동으로 유지한다."
ERP-20260827-00372,REX-000018,REX-000037,cable_fly_isolation_cable_machine,incline_y_raise_isolation_dumbbell,REVIEW_REQUIRED,HUMAN_REVIEW_QUEUE,SEPARATE_EXERCISE,USER_DIRECT_REVIEW,REVIEWED,both,"사람 직접 검수 결과: 케이블 플라이과 인클라인 Y 레이즈은 실제 수행 방법, 장비 또는 자세가 달라 별도 운동으로 유지한다."
ERP-20260827-00373,REX-000018,REX-000046,cable_fly_isolation_cable_machine,one_arm_wall_lats_isolation_bodyweight,REVIEW_REQUIRED,HUMAN_REVIEW_QUEUE,SEPARATE_EXERCISE,USER_DIRECT_REVIEW,REVIEWED,both,"사람 직접 검수 결과: 케이블 플라이과 벽 짚고 한 팔 광배근 스트레칭은 실제 수행 방법, 장비 또는 자세가 달라 별도 운동으로 유지한다."
ERP-20260827-00374,REX-000018,REX-000052,cable_fly_isolation_cable_machine,push_up_horizontal_push_bodyweight,REVIEW_REQUIRED,HUMAN_REVIEW_QUEUE,SEPARATE_EXERCISE,USER_DIRECT_REVIEW,REVIEWED,both,"사람 직접 검수 결과: 케이블 플라이과 푸시업은 실제 수행 방법, 장비 또는 자세가 달라 별도 운동으로 유지한다."
ERP-20260827-00375,REX-000019,REX-000029,cable_triceps_pushdown_isolation_cable_machine,dumbbell_shrug_isolation_dumbbell,REVIEW_REQUIRED,HUMAN_REVIEW_QUEUE,SEPARATE_EXERCISE,USER_DIRECT_REVIEW,REVIEWED,both,"사람 직접 검수 결과: 케이블 트라이셉스 푸시다운과 슈러그은 실제 수행 방법, 장비 또는 자세가 달라 별도 운동으로 유지한다."
ERP-20260827-00376,REX-000019,REX-000037,cable_triceps_pushdown_isolation_cable_machine,incline_y_raise_isolation_dumbbell,REVIEW_REQUIRED,HUMAN_REVIEW_QUEUE,SEPARATE_EXERCISE,USER_DIRECT_REVIEW,REVIEWED,both,"사람 직접 검수 결과: 케이블 트라이셉스 푸시다운과 인클라인 Y 레이즈은 실제 수행 방법, 장비 또는 자세가 달라 별도 운동으로 유지한다."
ERP-20260827-00377,REX-000019,REX-000046,cable_triceps_pushdown_isolation_cable_machine,one_arm_wall_lats_isolation_bodyweight,REVIEW_REQUIRED,HUMAN_REVIEW_QUEUE,SEPARATE_EXERCISE,USER_DIRECT_REVIEW,REVIEWED,both,"사람 직접 검수 결과: 케이블 트라이셉스 푸시다운과 벽 짚고 한 팔 광배근 스트레칭은 실제 수행 방법, 장비 또는 자세가 달라 별도 운동으로 유지한다."
ERP-20260827-00378,REX-000019,REX-000047,cable_triceps_pushdown_isolation_cable_machine,overhead_triceps_extension_isolation_barbell,REVIEW_REQUIRED,HUMAN_REVIEW_QUEUE,SEPARATE_EXERCISE,USER_DIRECT_REVIEW,REVIEWED,both,"사람 직접 검수 결과: 케이블 트라이셉스 푸시다운과 오버헤드 트라이셉스 익스텐션은 실제 수행 방법, 장비 또는 자세가 달라 별도 운동으로 유지한다."
ERP-20260827-00379,REX-000067,REX-000056,cardio_cycling_stationary_bike,cardio_gait_bodyweight,REVIEW_REQUIRED,HUMAN_REVIEW_QUEUE,SEPARATE_EXERCISE,USER_DIRECT_REVIEW,REVIEWED,both,"사람 직접 검수 결과: 실내 자전거과 앞뒤 스텝은 실제 수행 방법, 장비 또는 자세가 달라 별도 운동으로 유지한다."
ERP-20260827-00380,REX-000072,REX-000056,cardio_elliptical_elliptical_machine,cardio_gait_bodyweight,REVIEW_REQUIRED,HUMAN_REVIEW_QUEUE,SEPARATE_EXERCISE,USER_DIRECT_REVIEW,REVIEWED,both,"사람 직접 검수 결과: 일립티컬과 앞뒤 스텝은 실제 수행 방법, 장비 또는 자세가 달라 별도 운동으로 유지한다."
ERP-20260827-00381,REX-000056,REX-000058,cardio_gait_bodyweight,cardio_gait_bodyweight_rex_000058,REVIEW_REQUIRED,HUMAN_REVIEW_QUEUE,SEPARATE_EXERCISE,USER_DIRECT_REVIEW,REVIEWED,both,"사람 직접 검수 결과: 앞뒤 스텝과 하이니은 실제 수행 방법, 장비 또는 자세가 달라 별도 운동으로 유지한다."
ERP-20260827-00382,REX-000056,REX-000062,cardio_gait_bodyweight,cardio_gait_bodyweight_rex_000062,REVIEW_REQUIRED,HUMAN_REVIEW_QUEUE,SEPARATE_EXERCISE,USER_DIRECT_REVIEW,REVIEWED,both,"사람 직접 검수 결과: 앞뒤 스텝과 달리기은 실제 수행 방법, 장비 또는 자세가 달라 별도 운동으로 유지한다."
ERP-20260827-00383,REX-000056,REX-000065,cardio_gait_bodyweight,cardio_gait_bodyweight_rex_000065,REVIEW_REQUIRED,HUMAN_REVIEW_QUEUE,SEPARATE_EXERCISE,USER_DIRECT_REVIEW,REVIEWED,both,"사람 직접 검수 결과: 앞뒤 스텝과 짧은 보폭 달리기은 실제 수행 방법, 장비 또는 자세가 달라 별도 운동으로 유지한다."
ERP-20260827-00384,REX-000056,REX-000070,cardio_gait_bodyweight,cardio_gait_machine,REVIEW_REQUIRED,HUMAN_REVIEW_QUEUE,SEPARATE_EXERCISE,USER_DIRECT_REVIEW,REVIEWED,both,"사람 직접 검수 결과: 앞뒤 스텝과 경사 트레드밀 걷기은 실제 수행 방법, 장비 또는 자세가 달라 별도 운동으로 유지한다."
ERP-20260827-00385,REX-000056,REX-000071,cardio_gait_bodyweight,cardio_gait_machine_rex_000071,REVIEW_REQUIRED,HUMAN_REVIEW_QUEUE,SEPARATE_EXERCISE,USER_DIRECT_REVIEW,REVIEWED,both,"사람 직접 검수 결과: 앞뒤 스텝과 스텝밀은 실제 수행 방법, 장비 또는 자세가 달라 별도 운동으로 유지한다."
ERP-20260827-00386,REX-000056,REX-000068,cardio_gait_bodyweight,cardio_gait_step_box,REVIEW_REQUIRED,HOME_POLICY_EXCLUDED_QUEUE,EXCLUDED,AUTO_RULE,AUTO_RULE_APPLIED,none,HOME 지원 장비 정책에 맞지 않아 HOME 추천 후보에서 제외하고 관계 기록은 보존한다.
ERP-20260827-00387,REX-000056,REX-000059,cardio_gait_bodyweight,cardio_jump_plyometric_bodyweight,REVIEW_REQUIRED,HUMAN_REVIEW_QUEUE,SEPARATE_EXERCISE,USER_DIRECT_REVIEW,REVIEWED,both,"사람 직접 검수 결과: 앞뒤 스텝과 점핑잭은 실제 수행 방법, 장비 또는 자세가 달라 별도 운동으로 유지한다."
ERP-20260827-00388,REX-000058,REX-000062,cardio_gait_bodyweight_rex_000058,cardio_gait_bodyweight_rex_000062,REVIEW_REQUIRED,HUMAN_REVIEW_QUEUE,SEPARATE_EXERCISE,USER_DIRECT_REVIEW,REVIEWED,both,"사람 직접 검수 결과: 하이니과 달리기은 실제 수행 방법, 장비 또는 자세가 달라 별도 운동으로 유지한다."
ERP-20260827-00389,REX-000058,REX-000065,cardio_gait_bodyweight_rex_000058,cardio_gait_bodyweight_rex_000065,REVIEW_REQUIRED,HUMAN_REVIEW_QUEUE,SEPARATE_EXERCISE,USER_DIRECT_REVIEW,REVIEWED,both,"사람 직접 검수 결과: 하이니과 짧은 보폭 달리기은 실제 수행 방법, 장비 또는 자세가 달라 별도 운동으로 유지한다."
ERP-20260827-00390,REX-000058,REX-000070,cardio_gait_bodyweight_rex_000058,cardio_gait_machine,REVIEW_REQUIRED,HUMAN_REVIEW_QUEUE,SEPARATE_EXERCISE,USER_DIRECT_REVIEW,REVIEWED,both,"사람 직접 검수 결과: 하이니과 경사 트레드밀 걷기은 실제 수행 방법, 장비 또는 자세가 달라 별도 운동으로 유지한다."
ERP-20260827-00391,REX-000058,REX-000071,cardio_gait_bodyweight_rex_000058,cardio_gait_machine_rex_000071,REVIEW_REQUIRED,HUMAN_REVIEW_QUEUE,SEPARATE_EXERCISE,USER_DIRECT_REVIEW,REVIEWED,both,"사람 직접 검수 결과: 하이니과 스텝밀은 실제 수행 방법, 장비 또는 자세가 달라 별도 운동으로 유지한다."
ERP-20260827-00392,REX-000058,REX-000068,cardio_gait_bodyweight_rex_000058,cardio_gait_step_box,REVIEW_REQUIRED,HOME_POLICY_EXCLUDED_QUEUE,EXCLUDED,AUTO_RULE,AUTO_RULE_APPLIED,none,HOME 지원 장비 정책에 맞지 않아 HOME 추천 후보에서 제외하고 관계 기록은 보존한다.
ERP-20260827-00393,REX-000062,REX-000065,cardio_gait_bodyweight_rex_000062,cardio_gait_bodyweight_rex_000065,REVIEW_REQUIRED,HUMAN_REVIEW_QUEUE,SEPARATE_EXERCISE,USER_DIRECT_REVIEW,REVIEWED,both,"사람 직접 검수 결과: 달리기과 짧은 보폭 달리기은 실제 수행 방법, 장비 또는 자세가 달라 별도 운동으로 유지한다."
ERP-20260827-00394,REX-000062,REX-000070,cardio_gait_bodyweight_rex_000062,cardio_gait_machine,REVIEW_REQUIRED,HUMAN_REVIEW_QUEUE,SEPARATE_EXERCISE,USER_DIRECT_REVIEW,REVIEWED,both,"사람 직접 검수 결과: 달리기과 경사 트레드밀 걷기은 실제 수행 방법, 장비 또는 자세가 달라 별도 운동으로 유지한다."
ERP-20260827-00395,REX-000062,REX-000071,cardio_gait_bodyweight_rex_000062,cardio_gait_machine_rex_000071,REVIEW_REQUIRED,HUMAN_REVIEW_QUEUE,SEPARATE_EXERCISE,USER_DIRECT_REVIEW,REVIEWED,both,"사람 직접 검수 결과: 달리기과 스텝밀은 실제 수행 방법, 장비 또는 자세가 달라 별도 운동으로 유지한다."
ERP-20260827-00396,REX-000062,REX-000068,cardio_gait_bodyweight_rex_000062,cardio_gait_step_box,REVIEW_REQUIRED,HOME_POLICY_EXCLUDED_QUEUE,EXCLUDED,AUTO_RULE,AUTO_RULE_APPLIED,none,HOME 지원 장비 정책에 맞지 않아 HOME 추천 후보에서 제외하고 관계 기록은 보존한다.
ERP-20260827-00397,REX-000065,REX-000071,cardio_gait_bodyweight_rex_000065,cardio_gait_machine_rex_000071,REVIEW_REQUIRED,HUMAN_REVIEW_QUEUE,SEPARATE_EXERCISE,USER_DIRECT_REVIEW,REVIEWED,both,"사람 직접 검수 결과: 짧은 보폭 달리기과 스텝밀은 실제 수행 방법, 장비 또는 자세가 달라 별도 운동으로 유지한다."
ERP-20260827-00398,REX-000070,REX-000071,cardio_gait_machine,cardio_gait_machine_rex_000071,REVIEW_REQUIRED,HUMAN_REVIEW_QUEUE,SEPARATE_EXERCISE,USER_DIRECT_REVIEW,REVIEWED,both,"사람 직접 검수 결과: 경사 트레드밀 걷기과 스텝밀은 실제 수행 방법, 장비 또는 자세가 달라 별도 운동으로 유지한다."
ERP-20260827-00399,REX-000070,REX-000068,cardio_gait_machine,cardio_gait_step_box,REVIEW_REQUIRED,HUMAN_REVIEW_QUEUE,SEPARATE_EXERCISE,USER_DIRECT_REVIEW,REVIEWED,both,"사람 직접 검수 결과: 경사 트레드밀 걷기과 스텝박스 오르내리기은 실제 수행 방법, 장비 또는 자세가 달라 별도 운동으로 유지한다."
ERP-20260827-00401,REX-000020,REX-000034,chair_leg_extended_stretch_mobility_stretch_bodyweight,hamstring_stretch_mobility_stretch_bodyweight,REVIEW_REQUIRED,HUMAN_REVIEW_QUEUE,SEPARATE_EXERCISE,USER_DIRECT_REVIEW,REVIEWED,both,"사람 직접 검수 결과: 시티드 레그 익스텐션 스트레칭과 햄스트링 스트레칭은 실제 수행 방법, 장비 또는 자세가 달라 별도 운동으로 유지한다."
ERP-20260827-00402,REX-000020,REX-000042,chair_leg_extended_stretch_mobility_stretch_bodyweight,leg_up_hamstring_stretch_mobility_stretch_bodyweight,REVIEW_REQUIRED,HUMAN_REVIEW_QUEUE,SEPARATE_EXERCISE,USER_DIRECT_REVIEW,REVIEWED,both,"사람 직접 검수 결과: 시티드 레그 익스텐션 스트레칭과 누워서 햄스트링 스트레칭은 실제 수행 방법, 장비 또는 자세가 달라 별도 운동으로 유지한다."
ERP-20260827-00403,REX-000020,REX-000077,chair_leg_extended_stretch_mobility_stretch_bodyweight,runners_stretch_mobility_stretch_bodyweight,REVIEW_REQUIRED,HUMAN_REVIEW_QUEUE,SEPARATE_EXERCISE,USER_DIRECT_REVIEW,REVIEWED,both,"사람 직접 검수 결과: 시티드 레그 익스텐션 스트레칭과 러너스 스트레칭은 실제 수행 방법, 장비 또는 자세가 달라 별도 운동으로 유지한다."
ERP-20260827-00404,REX-000020,REX-000087,chair_leg_extended_stretch_mobility_stretch_bodyweight,seated_wide_angle_stretch_mobility_stretch_bodyweight,REVIEW_REQUIRED,HUMAN_REVIEW_QUEUE,SEPARATE_EXERCISE,USER_DIRECT_REVIEW,REVIEWED,both,"사람 직접 검수 결과: 시티드 레그 익스텐션 스트레칭과 시티드 와이드 앵글 스트레칭은 실제 수행 방법, 장비 또는 자세가 달라 별도 운동으로 유지한다."
ERP-20260827-00405,REX-000020,REX-000088,chair_leg_extended_stretch_mobility_stretch_bodyweight,side_lying_quadriceps_stretch_mobility_stretch_bodyweight,REVIEW_REQUIRED,HUMAN_REVIEW_QUEUE,SEPARATE_EXERCISE,USER_DIRECT_REVIEW,REVIEWED,both,"사람 직접 검수 결과: 시티드 레그 익스텐션 스트레칭과 옆으로 누워 대퇴사두근 스트레칭은 실제 수행 방법, 장비 또는 자세가 달라 별도 운동으로 유지한다."
ERP-20260827-00406,REX-000020,REX-000094,chair_leg_extended_stretch_mobility_stretch_bodyweight,standing_hamstring_calf_strap_stretch_mobility_stretch_stretch_strap,REVIEW_REQUIRED,HUMAN_REVIEW_QUEUE,SEPARATE_EXERCISE,USER_DIRECT_REVIEW,REVIEWED,both,"사람 직접 검수 결과: 시티드 레그 익스텐션 스트레칭과 스트랩 햄스트링·종아리 스트레칭은 실제 수행 방법, 장비 또는 자세가 달라 별도 운동으로 유지한다."
ERP-20260827-00407,REX-000020,REX-000100,chair_leg_extended_stretch_mobility_stretch_bodyweight,world_greatest_stretch_mobility_stretch_bodyweight,REVIEW_REQUIRED,HUMAN_REVIEW_QUEUE,SEPARATE_EXERCISE,USER_DIRECT_REVIEW,REVIEWED,both,"사람 직접 검수 결과: 시티드 레그 익스텐션 스트레칭과 월드 그레이티스트 스트레칭은 실제 수행 방법, 장비 또는 자세가 달라 별도 운동으로 유지한다."
ERP-20260827-00408,REX-000021,REX-000032,chest_front_shoulder_stretch_mobility_stretch_bodyweight,dynamic_chest_stretch_mobility_stretch_bodyweight,REVIEW_REQUIRED,HUMAN_REVIEW_QUEUE,SEPARATE_EXERCISE,USER_DIRECT_REVIEW,REVIEWED,both,"사람 직접 검수 결과: 가슴·어깨 앞면 스트레칭과 다이내믹 가슴 스트레칭은 실제 수행 방법, 장비 또는 자세가 달라 별도 운동으로 유지한다."
ERP-20260827-00409,REX-000021,REX-000084,chest_front_shoulder_stretch_mobility_stretch_bodyweight,seated_lower_back_stretch_mobility_stretch_bodyweight,REVIEW_REQUIRED,HUMAN_REVIEW_QUEUE,SEPARATE_EXERCISE,USER_DIRECT_REVIEW,REVIEWED,both,"사람 직접 검수 결과: 가슴·어깨 앞면 스트레칭과 앉아서 허리 스트레칭은 실제 수행 방법, 장비 또는 자세가 달라 별도 운동으로 유지한다."
ERP-20260827-00410,REX-000022,REX-000047,close_grip_push_up_horizontal_push_bodyweight,overhead_triceps_extension_isolation_barbell,REVIEW_REQUIRED,HUMAN_REVIEW_QUEUE,SEPARATE_EXERCISE,USER_DIRECT_REVIEW,REVIEWED,both,"사람 직접 검수 결과: 클로즈 그립 푸시업과 오버헤드 트라이셉스 익스텐션은 실제 수행 방법, 장비 또는 자세가 달라 별도 운동으로 유지한다."
ERP-20260827-00411,REX-000022,REX-000049,close_grip_push_up_horizontal_push_bodyweight,pectorals_horizontal_push_horizontal_push_machine,REVIEW_REQUIRED,HUMAN_REVIEW_QUEUE,SEPARATE_EXERCISE,USER_DIRECT_REVIEW,REVIEWED,both,"사람 직접 검수 결과: 클로즈 그립 푸시업과 체스트 프레스은 실제 수행 방법, 장비 또는 자세가 달라 별도 운동으로 유지한다."
ERP-20260827-00412,REX-000023,REX-000024,crunch_variant_core_brace_bodyweight,dead_bug_core_brace_bodyweight,REVIEW_REQUIRED,HUMAN_REVIEW_QUEUE,SEPARATE_EXERCISE,USER_DIRECT_REVIEW,REVIEWED,both,"사람 직접 검수 결과: 사이드 크런치과 데드버그은 실제 수행 방법, 장비 또는 자세가 달라 별도 운동으로 유지한다."
ERP-20260827-00413,REX-000023,REX-000075,crunch_variant_core_brace_bodyweight,rotation_variant_core_brace_cable_machine,REVIEW_REQUIRED,HUMAN_REVIEW_QUEUE,SEPARATE_EXERCISE,USER_DIRECT_REVIEW,REVIEWED,both,"사람 직접 검수 결과: 사이드 크런치과 회전형 크런치은 실제 수행 방법, 장비 또는 자세가 달라 별도 운동으로 유지한다."
ERP-20260827-00414,REX-000024,REX-000075,dead_bug_core_brace_bodyweight,rotation_variant_core_brace_cable_machine,REVIEW_REQUIRED,HUMAN_REVIEW_QUEUE,SEPARATE_EXERCISE,USER_DIRECT_REVIEW,REVIEWED,both,"사람 직접 검수 결과: 데드버그과 회전형 크런치은 실제 수행 방법, 장비 또는 자세가 달라 별도 운동으로 유지한다."
ERP-20260827-00415,REX-000025,REX-000031,dumbbell_goblet_squat_knee_dominant_dumbbell,dumbbell_step_up_lunge_knee_dominant_dumbbell_step_box,REVIEW_REQUIRED,HOME_POLICY_EXCLUDED_QUEUE,EXCLUDED,AUTO_RULE,AUTO_RULE_APPLIED,none,HOME 지원 장비 정책에 맞지 않아 HOME 추천 후보에서 제외하고 관계 기록은 보존한다.
ERP-20260827-00416,REX-000025,REX-000041,dumbbell_goblet_squat_knee_dominant_dumbbell,leg_press_knee_dominant_machine,REVIEW_REQUIRED,HUMAN_REVIEW_QUEUE,SEPARATE_EXERCISE,USER_DIRECT_REVIEW,REVIEWED,both,"사람 직접 검수 결과: 고블릿 스쿼트과 레그 프레스은 실제 수행 방법, 장비 또는 자세가 달라 별도 운동으로 유지한다."
ERP-20260827-00417,REX-000025,REX-000093,dumbbell_goblet_squat_knee_dominant_dumbbell,squat_variant_knee_dominant_barbell,REVIEW_REQUIRED,HUMAN_REVIEW_QUEUE,SEPARATE_EXERCISE,USER_DIRECT_REVIEW,REVIEWED,both,"사람 직접 검수 결과: 고블릿 스쿼트과 스쿼트은 실제 수행 방법, 장비 또는 자세가 달라 별도 운동으로 유지한다."
ERP-20260827-00418,REX-000026,REX-000037,dumbbell_lateral_raise_isolation_dumbbell,incline_y_raise_isolation_dumbbell,REVIEW_REQUIRED,HUMAN_REVIEW_QUEUE,SEPARATE_EXERCISE,USER_DIRECT_REVIEW,REVIEWED,both,"사람 직접 검수 결과: 레터럴 레이즈과 인클라인 Y 레이즈은 실제 수행 방법, 장비 또는 자세가 달라 별도 운동으로 유지한다."
ERP-20260827-00419,REX-000026,REX-000046,dumbbell_lateral_raise_isolation_dumbbell,one_arm_wall_lats_isolation_bodyweight,REVIEW_REQUIRED,HUMAN_REVIEW_QUEUE,SEPARATE_EXERCISE,USER_DIRECT_REVIEW,REVIEWED,both,"사람 직접 검수 결과: 레터럴 레이즈과 벽 짚고 한 팔 광배근 스트레칭은 실제 수행 방법, 장비 또는 자세가 달라 별도 운동으로 유지한다."
ERP-20260827-00420,REX-000026,REX-000080,dumbbell_lateral_raise_isolation_dumbbell,seated_calf_raise_isolation_barbell,REVIEW_REQUIRED,HUMAN_REVIEW_QUEUE,SEPARATE_EXERCISE,USER_DIRECT_REVIEW,REVIEWED,both,"사람 직접 검수 결과: 레터럴 레이즈과 시티드 카프 레이즈은 실제 수행 방법, 장비 또는 자세가 달라 별도 운동으로 유지한다."
ERP-20260827-00421,REX-000026,REX-000086,dumbbell_lateral_raise_isolation_dumbbell,seated_shoulder_press_vertical_push_dumbbell,REVIEW_REQUIRED,HUMAN_REVIEW_QUEUE,SEPARATE_EXERCISE,USER_DIRECT_REVIEW,REVIEWED,both,"사람 직접 검수 결과: 레터럴 레이즈과 숄더 프레스은 실제 수행 방법, 장비 또는 자세가 달라 별도 운동으로 유지한다."
ERP-20260827-00422,NEX-000140,REX-000027,dumbbell_preacher_curl_isolation_dumbbell,dumbbell_preacher_curl_isolation_dumbbell,REVIEW_REQUIRED,HUMAN_REVIEW_QUEUE,SEPARATE_EXERCISE,USER_DIRECT_REVIEW,REVIEWED,both,"사람 직접 검수 결과: 덤벨 해머 프리처 컬과 프리처 컬은 실제 수행 방법, 장비 또는 자세가 달라 별도 운동으로 유지한다."
ERP-20260827-00423,REX-000027,REX-000030,dumbbell_preacher_curl_isolation_dumbbell,dumbbell_standing_curl_isolation_dumbbell,REVIEW_REQUIRED,HUMAN_REVIEW_QUEUE,SEPARATE_EXERCISE,USER_DIRECT_REVIEW,REVIEWED,both,"사람 직접 검수 결과: 프리처 컬과 덤벨 바이셉스 컬은 실제 수행 방법, 장비 또는 자세가 달라 별도 운동으로 유지한다."
ERP-20260827-00424,REX-000027,REX-000055,dumbbell_preacher_curl_isolation_dumbbell,reverse_wrist_curl_isolation_barbell,REVIEW_REQUIRED,HUMAN_REVIEW_QUEUE,SEPARATE_EXERCISE,USER_DIRECT_REVIEW,REVIEWED,both,"사람 직접 검수 결과: 프리처 컬과 리버스 리스트 컬은 실제 수행 방법, 장비 또는 자세가 달라 별도 운동으로 유지한다."
ERP-20260827-00425,REX-000027,REX-000102,dumbbell_preacher_curl_isolation_dumbbell,wrist_curl_isolation_barbell,REVIEW_REQUIRED,HUMAN_REVIEW_QUEUE,SEPARATE_EXERCISE,USER_DIRECT_REVIEW,REVIEWED,both,"사람 직접 검수 결과: 프리처 컬과 리스트 컬은 실제 수행 방법, 장비 또는 자세가 달라 별도 운동으로 유지한다."
ERP-20260827-00426,NEX-000037,REX-000028,dumbbell_rear_fly_isolation_dumbbell,dumbbell_rear_fly_isolation_dumbbell,REVIEW_REQUIRED,HUMAN_REVIEW_QUEUE,SEPARATE_EXERCISE,USER_DIRECT_REVIEW,REVIEWED,both,"사람 직접 검수 결과: 덤벨 인클라인 리어 레터럴 레이즈과 리어 델트 플라이은 실제 수행 방법, 장비 또는 자세가 달라 별도 운동으로 유지한다."
ERP-20260827-00427,NEX-000042,REX-000028,dumbbell_rear_fly_isolation_dumbbell,dumbbell_rear_fly_isolation_dumbbell,REVIEW_REQUIRED,HUMAN_REVIEW_QUEUE,SEPARATE_EXERCISE,USER_DIRECT_REVIEW,REVIEWED,both,"사람 직접 검수 결과: 덤벨 라잉 리어 레터럴 레이즈과 리어 델트 플라이은 실제 수행 방법, 장비 또는 자세가 달라 별도 운동으로 유지한다."
ERP-20260827-00428,NEX-000049,REX-000028,dumbbell_rear_fly_isolation_dumbbell,dumbbell_rear_fly_isolation_dumbbell,REVIEW_REQUIRED,HUMAN_REVIEW_QUEUE,SEPARATE_EXERCISE,USER_DIRECT_REVIEW,REVIEWED,both,"사람 직접 검수 결과: 덤벨 레터럴 레이즈과 리어 델트 플라이은 실제 수행 방법, 장비 또는 자세가 달라 별도 운동으로 유지한다."
ERP-20260827-00429,NEX-000050,REX-000028,dumbbell_rear_fly_isolation_dumbbell,dumbbell_rear_fly_isolation_dumbbell,REVIEW_REQUIRED,HUMAN_REVIEW_QUEUE,SEPARATE_EXERCISE,USER_DIRECT_REVIEW,REVIEWED,both,"사람 직접 검수 결과: 덤벨 레터럴 레이즈과 리어 델트 플라이은 실제 수행 방법, 장비 또는 자세가 달라 별도 운동으로 유지한다."
ERP-20260827-00430,REX-000029,REX-000037,dumbbell_shrug_isolation_dumbbell,incline_y_raise_isolation_dumbbell,REVIEW_REQUIRED,HUMAN_REVIEW_QUEUE,SEPARATE_EXERCISE,USER_DIRECT_REVIEW,REVIEWED,both,"사람 직접 검수 결과: 슈러그과 인클라인 Y 레이즈은 실제 수행 방법, 장비 또는 자세가 달라 별도 운동으로 유지한다."
ERP-20260827-00431,REX-000029,REX-000046,dumbbell_shrug_isolation_dumbbell,one_arm_wall_lats_isolation_bodyweight,REVIEW_REQUIRED,HUMAN_REVIEW_QUEUE,SEPARATE_EXERCISE,USER_DIRECT_REVIEW,REVIEWED,both,"사람 직접 검수 결과: 슈러그과 벽 짚고 한 팔 광배근 스트레칭은 실제 수행 방법, 장비 또는 자세가 달라 별도 운동으로 유지한다."
ERP-20260827-00432,REX-000030,REX-000055,dumbbell_standing_curl_isolation_dumbbell,reverse_wrist_curl_isolation_barbell,REVIEW_REQUIRED,HUMAN_REVIEW_QUEUE,SEPARATE_EXERCISE,USER_DIRECT_REVIEW,REVIEWED,both,"사람 직접 검수 결과: 덤벨 바이셉스 컬과 리버스 리스트 컬은 실제 수행 방법, 장비 또는 자세가 달라 별도 운동으로 유지한다."
ERP-20260827-00433,REX-000030,REX-000102,dumbbell_standing_curl_isolation_dumbbell,wrist_curl_isolation_barbell,REVIEW_REQUIRED,HUMAN_REVIEW_QUEUE,SEPARATE_EXERCISE,USER_DIRECT_REVIEW,REVIEWED,both,"사람 직접 검수 결과: 덤벨 바이셉스 컬과 리스트 컬은 실제 수행 방법, 장비 또는 자세가 달라 별도 운동으로 유지한다."
ERP-20260827-00434,REX-000031,REX-000041,dumbbell_step_up_lunge_knee_dominant_dumbbell_step_box,leg_press_knee_dominant_machine,REVIEW_REQUIRED,HUMAN_REVIEW_QUEUE,SEPARATE_EXERCISE,USER_DIRECT_REVIEW,REVIEWED,both,"사람 직접 검수 결과: 덤벨 스텝업 런지과 레그 프레스은 실제 수행 방법, 장비 또는 자세가 달라 별도 운동으로 유지한다."
ERP-20260827-00435,REX-000031,REX-000093,dumbbell_step_up_lunge_knee_dominant_dumbbell_step_box,squat_variant_knee_dominant_barbell,REVIEW_REQUIRED,HUMAN_REVIEW_QUEUE,SEPARATE_EXERCISE,USER_DIRECT_REVIEW,REVIEWED,both,"사람 직접 검수 결과: 덤벨 스텝업 런지과 스쿼트은 실제 수행 방법, 장비 또는 자세가 달라 별도 운동으로 유지한다."
ERP-20260827-00436,REX-000032,REX-000039,dynamic_chest_stretch_mobility_stretch_bodyweight,kneeling_lat_stretch_mobility_stretch_bodyweight,REVIEW_REQUIRED,HUMAN_REVIEW_QUEUE,SEPARATE_EXERCISE,USER_DIRECT_REVIEW,REVIEWED,both,"사람 직접 검수 결과: 다이내믹 가슴 스트레칭과 무릎 꿇고 광배근 스트레칭은 실제 수행 방법, 장비 또는 자세가 달라 별도 운동으로 유지한다."
ERP-20260827-00437,REX-000032,REX-000045,dynamic_chest_stretch_mobility_stretch_bodyweight,neck_lateral_stretch_mobility_stretch_bodyweight,REVIEW_REQUIRED,HUMAN_REVIEW_QUEUE,SEPARATE_EXERCISE,USER_DIRECT_REVIEW,REVIEWED,both,"사람 직접 검수 결과: 다이내믹 가슴 스트레칭과 목 옆면 스트레칭은 실제 수행 방법, 장비 또는 자세가 달라 별도 운동으로 유지한다."
ERP-20260827-00438,REX-000032,REX-000048,dynamic_chest_stretch_mobility_stretch_bodyweight,overhead_triceps_stretch_mobility_stretch_bodyweight,REVIEW_REQUIRED,HUMAN_REVIEW_QUEUE,SEPARATE_EXERCISE,USER_DIRECT_REVIEW,REVIEWED,both,"사람 직접 검수 결과: 다이내믹 가슴 스트레칭과 오버헤드 삼두근 스트레칭은 실제 수행 방법, 장비 또는 자세가 달라 별도 운동으로 유지한다."
ERP-20260827-00439,REX-000032,REX-000053,dynamic_chest_stretch_mobility_stretch_bodyweight,rear_deltoid_stretch_mobility_stretch_bodyweight,REVIEW_REQUIRED,HUMAN_REVIEW_QUEUE,SEPARATE_EXERCISE,USER_DIRECT_REVIEW,REVIEWED,both,"사람 직접 검수 결과: 다이내믹 가슴 스트레칭과 후면 어깨 스트레칭은 실제 수행 방법, 장비 또는 자세가 달라 별도 운동으로 유지한다."
ERP-20260827-00440,REX-000032,REX-000084,dynamic_chest_stretch_mobility_stretch_bodyweight,seated_lower_back_stretch_mobility_stretch_bodyweight,REVIEW_REQUIRED,HUMAN_REVIEW_QUEUE,SEPARATE_EXERCISE,USER_DIRECT_REVIEW,REVIEWED,both,"사람 직접 검수 결과: 다이내믹 가슴 스트레칭과 앉아서 허리 스트레칭은 실제 수행 방법, 장비 또는 자세가 달라 별도 운동으로 유지한다."
ERP-20260827-00441,REX-000032,REX-000096,dynamic_chest_stretch_mobility_stretch_bodyweight,triceps_stretch_mobility_stretch_bodyweight,REVIEW_REQUIRED,HUMAN_REVIEW_QUEUE,SEPARATE_EXERCISE,USER_DIRECT_REVIEW,REVIEWED,both,"사람 직접 검수 결과: 다이내믹 가슴 스트레칭과 삼두근 스트레칭은 실제 수행 방법, 장비 또는 자세가 달라 별도 운동으로 유지한다."
ERP-20260827-00442,REX-000032,REX-000098,dynamic_chest_stretch_mobility_stretch_bodyweight,upper_back_stretch_mobility_stretch_bodyweight,REVIEW_REQUIRED,HUMAN_REVIEW_QUEUE,SEPARATE_EXERCISE,USER_DIRECT_REVIEW,REVIEWED,both,"사람 직접 검수 결과: 다이내믹 가슴 스트레칭과 상부 등 스트레칭은 실제 수행 방법, 장비 또는 자세가 달라 별도 운동으로 유지한다."
ERP-20260827-00443,REX-000033,REX-000073,exercise_ball_hip_flexor_stretch_mobility_stretch_stability_ball,roller_back_stretch_mobility_stretch_foam_roller,REVIEW_REQUIRED,HUMAN_REVIEW_QUEUE,SEPARATE_EXERCISE,USER_DIRECT_REVIEW,REVIEWED,both,"사람 직접 검수 결과: 짐볼 고관절 스트레칭과 롤러 등 스트레칭은 실제 수행 방법, 장비 또는 자세가 달라 별도 운동으로 유지한다."
ERP-20260827-00444,REX-000033,REX-000074,exercise_ball_hip_flexor_stretch_mobility_stretch_stability_ball,roller_hip_stretch_mobility_stretch_foam_roller,REVIEW_REQUIRED,HUMAN_REVIEW_QUEUE,SEPARATE_EXERCISE,USER_DIRECT_REVIEW,REVIEWED,both,"사람 직접 검수 결과: 짐볼 고관절 스트레칭과 롤러 둔근 스트레칭은 실제 수행 방법, 장비 또는 자세가 달라 별도 운동으로 유지한다."
ERP-20260827-00445,REX-000033,REX-000082,exercise_ball_hip_flexor_stretch_mobility_stretch_stability_ball,seated_glute_stretch_mobility_stretch_bodyweight,REVIEW_REQUIRED,HUMAN_REVIEW_QUEUE,SEPARATE_EXERCISE,USER_DIRECT_REVIEW,REVIEWED,both,"사람 직접 검수 결과: 짐볼 고관절 스트레칭과 앉아서 둔근 스트레칭은 실제 수행 방법, 장비 또는 자세가 달라 별도 운동으로 유지한다."
ERP-20260827-00446,REX-000033,REX-000085,exercise_ball_hip_flexor_stretch_mobility_stretch_stability_ball,seated_piriformis_stretch_mobility_stretch_bodyweight,REVIEW_REQUIRED,HUMAN_REVIEW_QUEUE,SEPARATE_EXERCISE,USER_DIRECT_REVIEW,REVIEWED,both,"사람 직접 검수 결과: 짐볼 고관절 스트레칭과 앉아서 이상근 스트레칭은 실제 수행 방법, 장비 또는 자세가 달라 별도 운동으로 유지한다."
ERP-20260827-00447,REX-000033,REX-000095,exercise_ball_hip_flexor_stretch_mobility_stretch_stability_ball,standing_lateral_stretch_mobility_stretch_bodyweight,REVIEW_REQUIRED,HUMAN_REVIEW_QUEUE,SEPARATE_EXERCISE,USER_DIRECT_REVIEW,REVIEWED,both,"사람 직접 검수 결과: 짐볼 고관절 스트레칭과 서서 옆구리 스트레칭은 실제 수행 방법, 장비 또는 자세가 달라 별도 운동으로 유지한다."
ERP-20260827-00448,REX-000033,REX-000100,exercise_ball_hip_flexor_stretch_mobility_stretch_stability_ball,world_greatest_stretch_mobility_stretch_bodyweight,REVIEW_REQUIRED,HUMAN_REVIEW_QUEUE,SEPARATE_EXERCISE,USER_DIRECT_REVIEW,REVIEWED,both,"사람 직접 검수 결과: 짐볼 고관절 스트레칭과 월드 그레이티스트 스트레칭은 실제 수행 방법, 장비 또는 자세가 달라 별도 운동으로 유지한다."
ERP-20260827-00449,REX-000034,REX-000039,hamstring_stretch_mobility_stretch_bodyweight,kneeling_lat_stretch_mobility_stretch_bodyweight,REVIEW_REQUIRED,HUMAN_REVIEW_QUEUE,SEPARATE_EXERCISE,USER_DIRECT_REVIEW,REVIEWED,both,"사람 직접 검수 결과: 햄스트링 스트레칭과 무릎 꿇고 광배근 스트레칭은 실제 수행 방법, 장비 또는 자세가 달라 별도 운동으로 유지한다."
ERP-20260827-00450,REX-000034,REX-000042,hamstring_stretch_mobility_stretch_bodyweight,leg_up_hamstring_stretch_mobility_stretch_bodyweight,REVIEW_REQUIRED,HUMAN_REVIEW_QUEUE,SAME_EXERCISE,USER_DIRECT_REVIEW,REVIEWED,left,"사람 직접 검수 결과: gymvisual 1511·1576 햄스트링 스트레칭은 운동 방법과 타겟 근육이 같으므로 중복 통합한다. left(1511, REX-000034)를 유지하고 right(1576, REX-000042)를 매핑한다."
ERP-20260827-00451,REX-000034,REX-000077,hamstring_stretch_mobility_stretch_bodyweight,runners_stretch_mobility_stretch_bodyweight,REVIEW_REQUIRED,HUMAN_REVIEW_QUEUE,SEPARATE_EXERCISE,USER_DIRECT_REVIEW,REVIEWED,both,"사람 직접 검수 결과: 햄스트링 스트레칭과 러너스 스트레칭은 실제 수행 방법, 장비 또는 자세가 달라 별도 운동으로 유지한다."
ERP-20260827-00452,REX-000034,REX-000081,hamstring_stretch_mobility_stretch_bodyweight,seated_calf_stretch_mobility_stretch_bodyweight,REVIEW_REQUIRED,HUMAN_REVIEW_QUEUE,SEPARATE_EXERCISE,USER_DIRECT_REVIEW,REVIEWED,both,"사람 직접 검수 결과: 햄스트링 스트레칭과 앉아서 종아리 스트레칭은 실제 수행 방법, 장비 또는 자세가 달라 별도 운동으로 유지한다."
ERP-20260827-00453,REX-000034,REX-000082,hamstring_stretch_mobility_stretch_bodyweight,seated_glute_stretch_mobility_stretch_bodyweight,REVIEW_REQUIRED,HUMAN_REVIEW_QUEUE,SEPARATE_EXERCISE,USER_DIRECT_REVIEW,REVIEWED,both,"사람 직접 검수 결과: 햄스트링 스트레칭과 앉아서 둔근 스트레칭은 실제 수행 방법, 장비 또는 자세가 달라 별도 운동으로 유지한다."
ERP-20260827-00454,REX-000034,REX-000084,hamstring_stretch_mobility_stretch_bodyweight,seated_lower_back_stretch_mobility_stretch_bodyweight,REVIEW_REQUIRED,HUMAN_REVIEW_QUEUE,SEPARATE_EXERCISE,USER_DIRECT_REVIEW,REVIEWED,both,"사람 직접 검수 결과: 햄스트링 스트레칭과 앉아서 허리 스트레칭은 실제 수행 방법, 장비 또는 자세가 달라 별도 운동으로 유지한다."
ERP-20260827-00455,REX-000034,REX-000085,hamstring_stretch_mobility_stretch_bodyweight,seated_piriformis_stretch_mobility_stretch_bodyweight,REVIEW_REQUIRED,HUMAN_REVIEW_QUEUE,SEPARATE_EXERCISE,USER_DIRECT_REVIEW,REVIEWED,both,"사람 직접 검수 결과: 햄스트링 스트레칭과 앉아서 이상근 스트레칭은 실제 수행 방법, 장비 또는 자세가 달라 별도 운동으로 유지한다."
ERP-20260827-00456,REX-000034,REX-000087,hamstring_stretch_mobility_stretch_bodyweight,seated_wide_angle_stretch_mobility_stretch_bodyweight,REVIEW_REQUIRED,HUMAN_REVIEW_QUEUE,SEPARATE_EXERCISE,USER_DIRECT_REVIEW,REVIEWED,both,"사람 직접 검수 결과: 햄스트링 스트레칭과 시티드 와이드 앵글 스트레칭은 실제 수행 방법, 장비 또는 자세가 달라 별도 운동으로 유지한다."
ERP-20260827-00457,REX-000034,REX-000088,hamstring_stretch_mobility_stretch_bodyweight,side_lying_quadriceps_stretch_mobility_stretch_bodyweight,REVIEW_REQUIRED,HUMAN_REVIEW_QUEUE,SEPARATE_EXERCISE,USER_DIRECT_REVIEW,REVIEWED,both,"사람 직접 검수 결과: 햄스트링 스트레칭과 옆으로 누워 대퇴사두근 스트레칭은 실제 수행 방법, 장비 또는 자세가 달라 별도 운동으로 유지한다."
ERP-20260827-00458,REX-000034,REX-000091,hamstring_stretch_mobility_stretch_bodyweight,spine_stretch_mobility_stretch_bodyweight,REVIEW_REQUIRED,HUMAN_REVIEW_QUEUE,SEPARATE_EXERCISE,USER_DIRECT_REVIEW,REVIEWED,both,"사람 직접 검수 결과: 햄스트링 스트레칭과 척추 스트레칭은 실제 수행 방법, 장비 또는 자세가 달라 별도 운동으로 유지한다."
ERP-20260827-00459,REX-000034,REX-000094,hamstring_stretch_mobility_stretch_bodyweight,standing_hamstring_calf_strap_stretch_mobility_stretch_stretch_strap,REVIEW_REQUIRED,HUMAN_REVIEW_QUEUE,SEPARATE_EXERCISE,USER_DIRECT_REVIEW,REVIEWED,both,"사람 직접 검수 결과: 햄스트링 스트레칭과 스트랩 햄스트링·종아리 스트레칭은 실제 수행 방법, 장비 또는 자세가 달라 별도 운동으로 유지한다."
ERP-20260827-00460,REX-000034,REX-000095,hamstring_stretch_mobility_stretch_bodyweight,standing_lateral_stretch_mobility_stretch_bodyweight,REVIEW_REQUIRED,HUMAN_REVIEW_QUEUE,SEPARATE_EXERCISE,USER_DIRECT_REVIEW,REVIEWED,both,"사람 직접 검수 결과: 햄스트링 스트레칭과 서서 옆구리 스트레칭은 실제 수행 방법, 장비 또는 자세가 달라 별도 운동으로 유지한다."
ERP-20260827-00461,REX-000034,REX-000096,hamstring_stretch_mobility_stretch_bodyweight,triceps_stretch_mobility_stretch_bodyweight,REVIEW_REQUIRED,HUMAN_REVIEW_QUEUE,SEPARATE_EXERCISE,USER_DIRECT_REVIEW,REVIEWED,both,"사람 직접 검수 결과: 햄스트링 스트레칭과 삼두근 스트레칭은 실제 수행 방법, 장비 또는 자세가 달라 별도 운동으로 유지한다."
ERP-20260827-00462,REX-000034,REX-000098,hamstring_stretch_mobility_stretch_bodyweight,upper_back_stretch_mobility_stretch_bodyweight,REVIEW_REQUIRED,HUMAN_REVIEW_QUEUE,SEPARATE_EXERCISE,USER_DIRECT_REVIEW,REVIEWED,both,"사람 직접 검수 결과: 햄스트링 스트레칭과 상부 등 스트레칭은 실제 수행 방법, 장비 또는 자세가 달라 별도 운동으로 유지한다."
ERP-20260827-00463,REX-000034,REX-000100,hamstring_stretch_mobility_stretch_bodyweight,world_greatest_stretch_mobility_stretch_bodyweight,REVIEW_REQUIRED,HUMAN_REVIEW_QUEUE,SEPARATE_EXERCISE,USER_DIRECT_REVIEW,REVIEWED,both,"사람 직접 검수 결과: 햄스트링 스트레칭과 월드 그레이티스트 스트레칭은 실제 수행 방법, 장비 또는 자세가 달라 별도 운동으로 유지한다."
ERP-20260827-00466,REX-000057,REX-000064,hip_flexion_isolation_bodyweight,hip_flexion_isolation_bodyweight_rex_000064,REVIEW_REQUIRED,HUMAN_REVIEW_QUEUE,SEPARATE_EXERCISE,USER_DIRECT_REVIEW,REVIEWED,both,"사람 직접 검수 결과: 의자 잡고 무릎 들기과 앉아서 고관절 굴곡은 실제 수행 방법, 장비 또는 자세가 달라 별도 운동으로 유지한다."
ERP-20260827-00468,REX-000036,REX-000088,hip_flexor_quadriceps_stretch_mobility_stretch_stretch_strap,side_lying_quadriceps_stretch_mobility_stretch_bodyweight,REVIEW_REQUIRED,HUMAN_REVIEW_QUEUE,SEPARATE_EXERCISE,USER_DIRECT_REVIEW,REVIEWED,both,"사람 직접 검수 결과: 고관절 굴근·대퇴사두근 스트레칭과 옆으로 누워 대퇴사두근 스트레칭은 실제 수행 방법, 장비 또는 자세가 달라 별도 운동으로 유지한다."
ERP-20260827-00469,REX-000036,REX-000094,hip_flexor_quadriceps_stretch_mobility_stretch_stretch_strap,standing_hamstring_calf_strap_stretch_mobility_stretch_stretch_strap,REVIEW_REQUIRED,HUMAN_REVIEW_QUEUE,SEPARATE_EXERCISE,USER_DIRECT_REVIEW,REVIEWED,both,"사람 직접 검수 결과: 고관절 굴근·대퇴사두근 스트레칭과 스트랩 햄스트링·종아리 스트레칭은 실제 수행 방법, 장비 또는 자세가 달라 별도 운동으로 유지한다."
ERP-20260827-00470,REX-000037,REX-000046,incline_y_raise_isolation_dumbbell,one_arm_wall_lats_isolation_bodyweight,REVIEW_REQUIRED,HUMAN_REVIEW_QUEUE,SEPARATE_EXERCISE,USER_DIRECT_REVIEW,REVIEWED,both,"사람 직접 검수 결과: 인클라인 Y 레이즈과 벽 짚고 한 팔 광배근 스트레칭은 실제 수행 방법, 장비 또는 자세가 달라 별도 운동으로 유지한다."
ERP-20260827-00471,REX-000037,REX-000080,incline_y_raise_isolation_dumbbell,seated_calf_raise_isolation_barbell,REVIEW_REQUIRED,HUMAN_REVIEW_QUEUE,SEPARATE_EXERCISE,USER_DIRECT_REVIEW,REVIEWED,both,"사람 직접 검수 결과: 인클라인 Y 레이즈과 시티드 카프 레이즈은 실제 수행 방법, 장비 또는 자세가 달라 별도 운동으로 유지한다."
ERP-20260827-00472,REX-000037,REX-000102,incline_y_raise_isolation_dumbbell,wrist_curl_isolation_barbell,REVIEW_REQUIRED,HUMAN_REVIEW_QUEUE,SEPARATE_EXERCISE,USER_DIRECT_REVIEW,REVIEWED,both,"사람 직접 검수 결과: 인클라인 Y 레이즈과 리스트 컬은 실제 수행 방법, 장비 또는 자세가 달라 별도 운동으로 유지한다."
ERP-20260827-00473,NEX-000066,REX-000038,inverted_row_horizontal_pull_bodyweight,inverted_row_horizontal_pull_bodyweight,REVIEW_REQUIRED,HUMAN_REVIEW_QUEUE,SEPARATE_EXERCISE,USER_DIRECT_REVIEW,REVIEWED,both,"사람 직접 검수 결과: 인버티드 로우(스트랩)과 인버티드 로우은 실제 수행 방법, 장비 또는 자세가 달라 별도 운동으로 유지한다."
ERP-20260827-00475,REX-000038,REX-000076,inverted_row_horizontal_pull_bodyweight,row_variant_horizontal_pull_cable_machine,REVIEW_REQUIRED,HUMAN_REVIEW_QUEUE,SEPARATE_EXERCISE,USER_DIRECT_REVIEW,REVIEWED,both,"사람 직접 검수 결과: 인버티드 로우과 로우은 실제 수행 방법, 장비 또는 자세가 달라 별도 운동으로 유지한다."
ERP-20260827-00476,REX-000039,REX-000045,kneeling_lat_stretch_mobility_stretch_bodyweight,neck_lateral_stretch_mobility_stretch_bodyweight,REVIEW_REQUIRED,HUMAN_REVIEW_QUEUE,SEPARATE_EXERCISE,USER_DIRECT_REVIEW,REVIEWED,both,"사람 직접 검수 결과: 무릎 꿇고 광배근 스트레칭과 목 옆면 스트레칭은 실제 수행 방법, 장비 또는 자세가 달라 별도 운동으로 유지한다."
ERP-20260827-00477,REX-000039,REX-000048,kneeling_lat_stretch_mobility_stretch_bodyweight,overhead_triceps_stretch_mobility_stretch_bodyweight,REVIEW_REQUIRED,HUMAN_REVIEW_QUEUE,SEPARATE_EXERCISE,USER_DIRECT_REVIEW,REVIEWED,both,"사람 직접 검수 결과: 무릎 꿇고 광배근 스트레칭과 오버헤드 삼두근 스트레칭은 실제 수행 방법, 장비 또는 자세가 달라 별도 운동으로 유지한다."
ERP-20260827-00478,REX-000039,REX-000073,kneeling_lat_stretch_mobility_stretch_bodyweight,roller_back_stretch_mobility_stretch_foam_roller,REVIEW_REQUIRED,HUMAN_REVIEW_QUEUE,SEPARATE_EXERCISE,USER_DIRECT_REVIEW,REVIEWED,both,"사람 직접 검수 결과: 무릎 꿇고 광배근 스트레칭과 롤러 등 스트레칭은 실제 수행 방법, 장비 또는 자세가 달라 별도 운동으로 유지한다."
ERP-20260827-00479,REX-000039,REX-000077,kneeling_lat_stretch_mobility_stretch_bodyweight,runners_stretch_mobility_stretch_bodyweight,REVIEW_REQUIRED,HUMAN_REVIEW_QUEUE,SEPARATE_EXERCISE,USER_DIRECT_REVIEW,REVIEWED,both,"사람 직접 검수 결과: 무릎 꿇고 광배근 스트레칭과 러너스 스트레칭은 실제 수행 방법, 장비 또는 자세가 달라 별도 운동으로 유지한다."
ERP-20260827-00480,REX-000039,REX-000081,kneeling_lat_stretch_mobility_stretch_bodyweight,seated_calf_stretch_mobility_stretch_bodyweight,REVIEW_REQUIRED,HUMAN_REVIEW_QUEUE,SEPARATE_EXERCISE,USER_DIRECT_REVIEW,REVIEWED,both,"사람 직접 검수 결과: 무릎 꿇고 광배근 스트레칭과 앉아서 종아리 스트레칭은 실제 수행 방법, 장비 또는 자세가 달라 별도 운동으로 유지한다."
ERP-20260827-00481,REX-000039,REX-000082,kneeling_lat_stretch_mobility_stretch_bodyweight,seated_glute_stretch_mobility_stretch_bodyweight,REVIEW_REQUIRED,HUMAN_REVIEW_QUEUE,SEPARATE_EXERCISE,USER_DIRECT_REVIEW,REVIEWED,both,"사람 직접 검수 결과: 무릎 꿇고 광배근 스트레칭과 앉아서 둔근 스트레칭은 실제 수행 방법, 장비 또는 자세가 달라 별도 운동으로 유지한다."
ERP-20260827-00482,REX-000039,REX-000084,kneeling_lat_stretch_mobility_stretch_bodyweight,seated_lower_back_stretch_mobility_stretch_bodyweight,REVIEW_REQUIRED,HUMAN_REVIEW_QUEUE,SEPARATE_EXERCISE,USER_DIRECT_REVIEW,REVIEWED,both,"사람 직접 검수 결과: 무릎 꿇고 광배근 스트레칭과 앉아서 허리 스트레칭은 실제 수행 방법, 장비 또는 자세가 달라 별도 운동으로 유지한다."
ERP-20260827-00483,REX-000039,REX-000085,kneeling_lat_stretch_mobility_stretch_bodyweight,seated_piriformis_stretch_mobility_stretch_bodyweight,REVIEW_REQUIRED,HUMAN_REVIEW_QUEUE,SEPARATE_EXERCISE,USER_DIRECT_REVIEW,REVIEWED,both,"사람 직접 검수 결과: 무릎 꿇고 광배근 스트레칭과 앉아서 이상근 스트레칭은 실제 수행 방법, 장비 또는 자세가 달라 별도 운동으로 유지한다."
ERP-20260827-00484,REX-000039,REX-000091,kneeling_lat_stretch_mobility_stretch_bodyweight,spine_stretch_mobility_stretch_bodyweight,REVIEW_REQUIRED,HUMAN_REVIEW_QUEUE,SEPARATE_EXERCISE,USER_DIRECT_REVIEW,REVIEWED,both,"사람 직접 검수 결과: 무릎 꿇고 광배근 스트레칭과 척추 스트레칭은 실제 수행 방법, 장비 또는 자세가 달라 별도 운동으로 유지한다."
ERP-20260827-00485,REX-000039,REX-000092,kneeling_lat_stretch_mobility_stretch_bodyweight,spine_twist_mobility_stretch_bodyweight,REVIEW_REQUIRED,HUMAN_REVIEW_QUEUE,SEPARATE_EXERCISE,USER_DIRECT_REVIEW,REVIEWED,both,"사람 직접 검수 결과: 무릎 꿇고 광배근 스트레칭과 척추 비틀기은 실제 수행 방법, 장비 또는 자세가 달라 별도 운동으로 유지한다."
ERP-20260827-00486,REX-000039,REX-000095,kneeling_lat_stretch_mobility_stretch_bodyweight,standing_lateral_stretch_mobility_stretch_bodyweight,REVIEW_REQUIRED,HUMAN_REVIEW_QUEUE,SEPARATE_EXERCISE,USER_DIRECT_REVIEW,REVIEWED,both,"사람 직접 검수 결과: 무릎 꿇고 광배근 스트레칭과 서서 옆구리 스트레칭은 실제 수행 방법, 장비 또는 자세가 달라 별도 운동으로 유지한다."
ERP-20260827-00487,REX-000039,REX-000096,kneeling_lat_stretch_mobility_stretch_bodyweight,triceps_stretch_mobility_stretch_bodyweight,REVIEW_REQUIRED,HUMAN_REVIEW_QUEUE,SEPARATE_EXERCISE,USER_DIRECT_REVIEW,REVIEWED,both,"사람 직접 검수 결과: 무릎 꿇고 광배근 스트레칭과 삼두근 스트레칭은 실제 수행 방법, 장비 또는 자세가 달라 별도 운동으로 유지한다."
ERP-20260827-00488,REX-000039,REX-000098,kneeling_lat_stretch_mobility_stretch_bodyweight,upper_back_stretch_mobility_stretch_bodyweight,REVIEW_REQUIRED,HUMAN_REVIEW_QUEUE,SEPARATE_EXERCISE,USER_DIRECT_REVIEW,REVIEWED,both,"사람 직접 검수 결과: 무릎 꿇고 광배근 스트레칭과 상부 등 스트레칭은 실제 수행 방법, 장비 또는 자세가 달라 별도 운동으로 유지한다."
ERP-20260827-00489,REX-000040,REX-000046,lat_pulldown_vertical_pull_cable_machine,one_arm_wall_lats_isolation_bodyweight,REVIEW_REQUIRED,HUMAN_REVIEW_QUEUE,SEPARATE_EXERCISE,USER_DIRECT_REVIEW,REVIEWED,both,"사람 직접 검수 결과: 랫풀다운과 벽 짚고 한 팔 광배근 스트레칭은 실제 수행 방법, 장비 또는 자세가 달라 별도 운동으로 유지한다."
ERP-20260827-00490,REX-000040,REX-000078,lat_pulldown_vertical_pull_cable_machine,scapular_pull_up_vertical_pull_bodyweight_pull_up_bar,REVIEW_REQUIRED,HUMAN_REVIEW_QUEUE,SEPARATE_EXERCISE,USER_DIRECT_REVIEW,REVIEWED,both,"사람 직접 검수 결과: 랫풀다운과 스캐풀라 풀업은 실제 수행 방법, 장비 또는 자세가 달라 별도 운동으로 유지한다."
ERP-20260827-00491,REX-000041,REX-000069,leg_press_knee_dominant_machine,leg_press_knee_dominant_resistance_band,REVIEW_REQUIRED,HUMAN_REVIEW_QUEUE,SEPARATE_EXERCISE,USER_DIRECT_REVIEW,REVIEWED,both,"사람 직접 검수 결과: 레그 프레스과 누워서 밴드 레그 프레스은 실제 수행 방법, 장비 또는 자세가 달라 별도 운동으로 유지한다."
ERP-20260827-00492,REX-000041,REX-000093,leg_press_knee_dominant_machine,squat_variant_knee_dominant_barbell,REVIEW_REQUIRED,HUMAN_REVIEW_QUEUE,SEPARATE_EXERCISE,USER_DIRECT_REVIEW,REVIEWED,both,"사람 직접 검수 결과: 레그 프레스과 스쿼트은 실제 수행 방법, 장비 또는 자세가 달라 별도 운동으로 유지한다."
ERP-20260827-00494,REX-000042,REX-000077,leg_up_hamstring_stretch_mobility_stretch_bodyweight,runners_stretch_mobility_stretch_bodyweight,REVIEW_REQUIRED,HUMAN_REVIEW_QUEUE,SEPARATE_EXERCISE,USER_DIRECT_REVIEW,REVIEWED,both,"사람 직접 검수 결과: 누워서 햄스트링 스트레칭과 러너스 스트레칭은 실제 수행 방법, 장비 또는 자세가 달라 별도 운동으로 유지한다."
ERP-20260827-00495,REX-000042,REX-000087,leg_up_hamstring_stretch_mobility_stretch_bodyweight,seated_wide_angle_stretch_mobility_stretch_bodyweight,REVIEW_REQUIRED,HUMAN_REVIEW_QUEUE,SEPARATE_EXERCISE,USER_DIRECT_REVIEW,REVIEWED,both,"사람 직접 검수 결과: 누워서 햄스트링 스트레칭과 시티드 와이드 앵글 스트레칭은 실제 수행 방법, 장비 또는 자세가 달라 별도 운동으로 유지한다."
ERP-20260827-00496,REX-000042,REX-000088,leg_up_hamstring_stretch_mobility_stretch_bodyweight,side_lying_quadriceps_stretch_mobility_stretch_bodyweight,REVIEW_REQUIRED,HUMAN_REVIEW_QUEUE,SEPARATE_EXERCISE,USER_DIRECT_REVIEW,REVIEWED,both,"사람 직접 검수 결과: 누워서 햄스트링 스트레칭과 옆으로 누워 대퇴사두근 스트레칭은 실제 수행 방법, 장비 또는 자세가 달라 별도 운동으로 유지한다."
ERP-20260827-00497,REX-000042,REX-000094,leg_up_hamstring_stretch_mobility_stretch_bodyweight,standing_hamstring_calf_strap_stretch_mobility_stretch_stretch_strap,REVIEW_REQUIRED,HUMAN_REVIEW_QUEUE,SEPARATE_EXERCISE,USER_DIRECT_REVIEW,REVIEWED,both,"사람 직접 검수 결과: 누워서 햄스트링 스트레칭과 스트랩 햄스트링·종아리 스트레칭은 실제 수행 방법, 장비 또는 자세가 달라 별도 운동으로 유지한다."
ERP-20260827-00498,REX-000042,REX-000100,leg_up_hamstring_stretch_mobility_stretch_bodyweight,world_greatest_stretch_mobility_stretch_bodyweight,REVIEW_REQUIRED,HUMAN_REVIEW_QUEUE,SEPARATE_EXERCISE,USER_DIRECT_REVIEW,REVIEWED,both,"사람 직접 검수 결과: 누워서 햄스트링 스트레칭과 월드 그레이티스트 스트레칭은 실제 수행 방법, 장비 또는 자세가 달라 별도 운동으로 유지한다."
ERP-20260827-00499,REX-000043,REX-000046,lower_back_curl_core_brace_bodyweight,one_arm_wall_lats_isolation_bodyweight,REVIEW_REQUIRED,SEPARATE_EXERCISE_QUEUE,SEPARATE_EXERCISE,AUTO_RULE,AUTO_RULE_APPLIED,both,"movement pattern, body area 또는 stable code 규칙으로 명백히 별도 운동으로 유지한다."
ERP-20260827-00500,REX-000043,REX-000075,lower_back_curl_core_brace_bodyweight,rotation_variant_core_brace_cable_machine,REVIEW_REQUIRED,HUMAN_REVIEW_QUEUE,SEPARATE_EXERCISE,USER_DIRECT_REVIEW,REVIEWED,both,"사람 직접 검수 결과: 로어 백 컬과 회전형 크런치은 실제 수행 방법, 장비 또는 자세가 달라 별도 운동으로 유지한다."
ERP-20260827-00501,NEX-000160,REX-000044,machine_leg_extension_isolation_machine,machine_leg_extension_isolation_machine,REVIEW_REQUIRED,HUMAN_REVIEW_QUEUE,SEPARATE_EXERCISE,USER_DIRECT_REVIEW,REVIEWED,both,"사람 직접 검수 결과: 밴드 레그 익스텐션과 레그 익스텐션은 실제 수행 방법, 장비 또는 자세가 달라 별도 운동으로 유지한다."
ERP-20260827-00503,REX-000045,REX-000048,neck_lateral_stretch_mobility_stretch_bodyweight,overhead_triceps_stretch_mobility_stretch_bodyweight,REVIEW_REQUIRED,HUMAN_REVIEW_QUEUE,SEPARATE_EXERCISE,USER_DIRECT_REVIEW,REVIEWED,both,"사람 직접 검수 결과: 목 옆면 스트레칭과 오버헤드 삼두근 스트레칭은 실제 수행 방법, 장비 또는 자세가 달라 별도 운동으로 유지한다."
ERP-20260827-00504,REX-000045,REX-000095,neck_lateral_stretch_mobility_stretch_bodyweight,standing_lateral_stretch_mobility_stretch_bodyweight,REVIEW_REQUIRED,HUMAN_REVIEW_QUEUE,SEPARATE_EXERCISE,USER_DIRECT_REVIEW,REVIEWED,both,"사람 직접 검수 결과: 목 옆면 스트레칭과 서서 옆구리 스트레칭은 실제 수행 방법, 장비 또는 자세가 달라 별도 운동으로 유지한다."
ERP-20260827-00505,REX-000045,REX-000096,neck_lateral_stretch_mobility_stretch_bodyweight,triceps_stretch_mobility_stretch_bodyweight,REVIEW_REQUIRED,HUMAN_REVIEW_QUEUE,SEPARATE_EXERCISE,USER_DIRECT_REVIEW,REVIEWED,both,"사람 직접 검수 결과: 목 옆면 스트레칭과 삼두근 스트레칭은 실제 수행 방법, 장비 또는 자세가 달라 별도 운동으로 유지한다."
ERP-20260827-00506,REX-000045,REX-000098,neck_lateral_stretch_mobility_stretch_bodyweight,upper_back_stretch_mobility_stretch_bodyweight,REVIEW_REQUIRED,HUMAN_REVIEW_QUEUE,SEPARATE_EXERCISE,USER_DIRECT_REVIEW,REVIEWED,both,"사람 직접 검수 결과: 목 옆면 스트레칭과 상부 등 스트레칭은 실제 수행 방법, 장비 또는 자세가 달라 별도 운동으로 유지한다."
ERP-20260827-00507,REX-000046,REX-000102,one_arm_wall_lats_isolation_bodyweight,wrist_curl_isolation_barbell,REVIEW_REQUIRED,HUMAN_REVIEW_QUEUE,SEPARATE_EXERCISE,USER_DIRECT_REVIEW,REVIEWED,both,"사람 직접 검수 결과: 벽 짚고 한 팔 광배근 스트레칭과 리스트 컬은 실제 수행 방법, 장비 또는 자세가 달라 별도 운동으로 유지한다."
ERP-20260827-00508,REX-000048,REX-000098,overhead_triceps_stretch_mobility_stretch_bodyweight,upper_back_stretch_mobility_stretch_bodyweight,REVIEW_REQUIRED,HUMAN_REVIEW_QUEUE,SEPARATE_EXERCISE,USER_DIRECT_REVIEW,REVIEWED,both,"사람 직접 검수 결과: 오버헤드 삼두근 스트레칭과 상부 등 스트레칭은 실제 수행 방법, 장비 또는 자세가 달라 별도 운동으로 유지한다."
ERP-20260827-00509,REX-000049,REX-000052,pectorals_horizontal_push_horizontal_push_machine,push_up_horizontal_push_bodyweight,REVIEW_REQUIRED,HUMAN_REVIEW_QUEUE,SEPARATE_EXERCISE,USER_DIRECT_REVIEW,REVIEWED,both,"사람 직접 검수 결과: 체스트 프레스과 푸시업은 실제 수행 방법, 장비 또는 자세가 달라 별도 운동으로 유지한다."
ERP-20260827-00510,REX-000050,REX-000077,peroneal_stretch_mobility_stretch_stretch_strap,runners_stretch_mobility_stretch_bodyweight,REVIEW_REQUIRED,HUMAN_REVIEW_QUEUE,SEPARATE_EXERCISE,USER_DIRECT_REVIEW,REVIEWED,both,"사람 직접 검수 결과: 종아리 바깥쪽 스트레칭과 러너스 스트레칭은 실제 수행 방법, 장비 또는 자세가 달라 별도 운동으로 유지한다."
ERP-20260827-00511,REX-000050,REX-000081,peroneal_stretch_mobility_stretch_stretch_strap,seated_calf_stretch_mobility_stretch_bodyweight,REVIEW_REQUIRED,HUMAN_REVIEW_QUEUE,SEPARATE_EXERCISE,USER_DIRECT_REVIEW,REVIEWED,both,"사람 직접 검수 결과: 종아리 바깥쪽 스트레칭과 앉아서 종아리 스트레칭은 실제 수행 방법, 장비 또는 자세가 달라 별도 운동으로 유지한다."
ERP-20260827-00512,REX-000050,REX-000082,peroneal_stretch_mobility_stretch_stretch_strap,seated_glute_stretch_mobility_stretch_bodyweight,REVIEW_REQUIRED,HUMAN_REVIEW_QUEUE,SEPARATE_EXERCISE,USER_DIRECT_REVIEW,REVIEWED,both,"사람 직접 검수 결과: 종아리 바깥쪽 스트레칭과 앉아서 둔근 스트레칭은 실제 수행 방법, 장비 또는 자세가 달라 별도 운동으로 유지한다."
ERP-20260827-00513,REX-000050,REX-000085,peroneal_stretch_mobility_stretch_stretch_strap,seated_piriformis_stretch_mobility_stretch_bodyweight,REVIEW_REQUIRED,HUMAN_REVIEW_QUEUE,SEPARATE_EXERCISE,USER_DIRECT_REVIEW,REVIEWED,both,"사람 직접 검수 결과: 종아리 바깥쪽 스트레칭과 앉아서 이상근 스트레칭은 실제 수행 방법, 장비 또는 자세가 달라 별도 운동으로 유지한다."
ERP-20260827-00514,REX-000050,REX-000094,peroneal_stretch_mobility_stretch_stretch_strap,standing_hamstring_calf_strap_stretch_mobility_stretch_stretch_strap,REVIEW_REQUIRED,HUMAN_REVIEW_QUEUE,SEPARATE_EXERCISE,USER_DIRECT_REVIEW,REVIEWED,both,"사람 직접 검수 결과: 종아리 바깥쪽 스트레칭과 스트랩 햄스트링·종아리 스트레칭은 실제 수행 방법, 장비 또는 자세가 달라 별도 운동으로 유지한다."
ERP-20260827-00515,REX-000050,REX-000099,peroneal_stretch_mobility_stretch_stretch_strap,wall_calf_stretch_mobility_stretch_bodyweight,REVIEW_REQUIRED,HUMAN_REVIEW_QUEUE,SEPARATE_EXERCISE,USER_DIRECT_REVIEW,REVIEWED,both,"사람 직접 검수 결과: 종아리 바깥쪽 스트레칭과 벽 짚고 종아리 스트레칭은 실제 수행 방법, 장비 또는 자세가 달라 별도 운동으로 유지한다."
ERP-20260827-00516,REX-000051,REX-000075,plank_rotation_core_brace_bodyweight,rotation_variant_core_brace_cable_machine,REVIEW_REQUIRED,HUMAN_REVIEW_QUEUE,SEPARATE_EXERCISE,USER_DIRECT_REVIEW,REVIEWED,both,"사람 직접 검수 결과: 플랭크 로테이션과 회전형 크런치은 실제 수행 방법, 장비 또는 자세가 달라 별도 운동으로 유지한다."
ERP-20260827-00517,REX-000053,REX-000084,rear_deltoid_stretch_mobility_stretch_bodyweight,seated_lower_back_stretch_mobility_stretch_bodyweight,REVIEW_REQUIRED,HUMAN_REVIEW_QUEUE,SEPARATE_EXERCISE,USER_DIRECT_REVIEW,REVIEWED,both,"사람 직접 검수 결과: 후면 어깨 스트레칭과 앉아서 허리 스트레칭은 실제 수행 방법, 장비 또는 자세가 달라 별도 운동으로 유지한다."
ERP-20260827-00518,NEX-000085,REX-000054,reverse_calf_raise_isolation_resistance_band,reverse_calf_raise_isolation_resistance_band,REVIEW_REQUIRED,HUMAN_REVIEW_QUEUE,SEPARATE_EXERCISE,USER_DIRECT_REVIEW,REVIEWED,both,"사람 직접 검수 결과: 스미스 리버스 카프 레이즈과 리버스 카프 레이즈은 실제 수행 방법, 장비 또는 자세가 달라 별도 운동으로 유지한다."
ERP-20260827-00519,REX-000054,REX-000080,reverse_calf_raise_isolation_resistance_band,seated_calf_raise_isolation_barbell,REVIEW_REQUIRED,HUMAN_REVIEW_QUEUE,SEPARATE_EXERCISE,USER_DIRECT_REVIEW,REVIEWED,both,"사람 직접 검수 결과: 리버스 카프 레이즈과 시티드 카프 레이즈은 실제 수행 방법, 장비 또는 자세가 달라 별도 운동으로 유지한다."
ERP-20260827-00520,NEX-000045,REX-000055,reverse_wrist_curl_isolation_barbell,reverse_wrist_curl_isolation_barbell,REVIEW_REQUIRED,HUMAN_REVIEW_QUEUE,SEPARATE_EXERCISE,USER_DIRECT_REVIEW,REVIEWED,both,"사람 직접 검수 결과: 덤벨 오버 벤치 리버스 리스트 컬과 리버스 리스트 컬은 실제 수행 방법, 장비 또는 자세가 달라 별도 운동으로 유지한다."
ERP-20260827-00521,REX-000073,REX-000074,roller_back_stretch_mobility_stretch_foam_roller,roller_hip_stretch_mobility_stretch_foam_roller,REVIEW_REQUIRED,HUMAN_REVIEW_QUEUE,SEPARATE_EXERCISE,USER_DIRECT_REVIEW,REVIEWED,both,"사람 직접 검수 결과: 롤러 등 스트레칭과 롤러 둔근 스트레칭은 실제 수행 방법, 장비 또는 자세가 달라 별도 운동으로 유지한다."
ERP-20260827-00522,REX-000073,REX-000091,roller_back_stretch_mobility_stretch_foam_roller,spine_stretch_mobility_stretch_bodyweight,REVIEW_REQUIRED,HUMAN_REVIEW_QUEUE,SEPARATE_EXERCISE,USER_DIRECT_REVIEW,REVIEWED,both,"사람 직접 검수 결과: 롤러 등 스트레칭과 척추 스트레칭은 실제 수행 방법, 장비 또는 자세가 달라 별도 운동으로 유지한다."
ERP-20260827-00523,REX-000073,REX-000092,roller_back_stretch_mobility_stretch_foam_roller,spine_twist_mobility_stretch_bodyweight,REVIEW_REQUIRED,HUMAN_REVIEW_QUEUE,SEPARATE_EXERCISE,USER_DIRECT_REVIEW,REVIEWED,both,"사람 직접 검수 결과: 롤러 등 스트레칭과 척추 비틀기은 실제 수행 방법, 장비 또는 자세가 달라 별도 운동으로 유지한다."
ERP-20260827-00524,REX-000073,REX-000095,roller_back_stretch_mobility_stretch_foam_roller,standing_lateral_stretch_mobility_stretch_bodyweight,REVIEW_REQUIRED,HUMAN_REVIEW_QUEUE,SEPARATE_EXERCISE,USER_DIRECT_REVIEW,REVIEWED,both,"사람 직접 검수 결과: 롤러 등 스트레칭과 서서 옆구리 스트레칭은 실제 수행 방법, 장비 또는 자세가 달라 별도 운동으로 유지한다."
ERP-20260827-00525,REX-000073,REX-000098,roller_back_stretch_mobility_stretch_foam_roller,upper_back_stretch_mobility_stretch_bodyweight,REVIEW_REQUIRED,HUMAN_REVIEW_QUEUE,SEPARATE_EXERCISE,USER_DIRECT_REVIEW,REVIEWED,both,"사람 직접 검수 결과: 롤러 등 스트레칭과 상부 등 스트레칭은 실제 수행 방법, 장비 또는 자세가 달라 별도 운동으로 유지한다."
ERP-20260827-00526,REX-000074,REX-000082,roller_hip_stretch_mobility_stretch_foam_roller,seated_glute_stretch_mobility_stretch_bodyweight,REVIEW_REQUIRED,HUMAN_REVIEW_QUEUE,SEPARATE_EXERCISE,USER_DIRECT_REVIEW,REVIEWED,both,"사람 직접 검수 결과: 롤러 둔근 스트레칭과 앉아서 둔근 스트레칭은 실제 수행 방법, 장비 또는 자세가 달라 별도 운동으로 유지한다."
ERP-20260827-00527,REX-000074,REX-000085,roller_hip_stretch_mobility_stretch_foam_roller,seated_piriformis_stretch_mobility_stretch_bodyweight,REVIEW_REQUIRED,HUMAN_REVIEW_QUEUE,SEPARATE_EXERCISE,USER_DIRECT_REVIEW,REVIEWED,both,"사람 직접 검수 결과: 롤러 둔근 스트레칭과 앉아서 이상근 스트레칭은 실제 수행 방법, 장비 또는 자세가 달라 별도 운동으로 유지한다."
ERP-20260827-00528,REX-000074,REX-000087,roller_hip_stretch_mobility_stretch_foam_roller,seated_wide_angle_stretch_mobility_stretch_bodyweight,REVIEW_REQUIRED,HUMAN_REVIEW_QUEUE,SEPARATE_EXERCISE,USER_DIRECT_REVIEW,REVIEWED,both,"사람 직접 검수 결과: 롤러 둔근 스트레칭과 시티드 와이드 앵글 스트레칭은 실제 수행 방법, 장비 또는 자세가 달라 별도 운동으로 유지한다."
ERP-20260827-00529,REX-000074,REX-000095,roller_hip_stretch_mobility_stretch_foam_roller,standing_lateral_stretch_mobility_stretch_bodyweight,REVIEW_REQUIRED,HUMAN_REVIEW_QUEUE,SEPARATE_EXERCISE,USER_DIRECT_REVIEW,REVIEWED,both,"사람 직접 검수 결과: 롤러 둔근 스트레칭과 서서 옆구리 스트레칭은 실제 수행 방법, 장비 또는 자세가 달라 별도 운동으로 유지한다."
ERP-20260827-00530,REX-000074,REX-000100,roller_hip_stretch_mobility_stretch_foam_roller,world_greatest_stretch_mobility_stretch_bodyweight,REVIEW_REQUIRED,HUMAN_REVIEW_QUEUE,SEPARATE_EXERCISE,USER_DIRECT_REVIEW,REVIEWED,both,"사람 직접 검수 결과: 롤러 둔근 스트레칭과 월드 그레이티스트 스트레칭은 실제 수행 방법, 장비 또는 자세가 달라 별도 운동으로 유지한다."
ERP-20260827-00531,NEX-000096,REX-000075,rotation_variant_core_brace_cable_machine,rotation_variant_core_brace_cable_machine,REVIEW_REQUIRED,HUMAN_REVIEW_QUEUE,SEPARATE_EXERCISE,USER_DIRECT_REVIEW,REVIEWED,both,"사람 직접 검수 결과: 밴드 바이시클 크런치과 회전형 크런치은 실제 수행 방법, 장비 또는 자세가 달라 별도 운동으로 유지한다."
ERP-20260827-00532,NEX-000099,REX-000075,rotation_variant_core_brace_cable_machine,rotation_variant_core_brace_cable_machine,REVIEW_REQUIRED,HUMAN_REVIEW_QUEUE,SEPARATE_EXERCISE,USER_DIRECT_REVIEW,REVIEWED,both,"사람 직접 검수 결과: 밴드 니링 트위스트 크런치과 회전형 크런치은 실제 수행 방법, 장비 또는 자세가 달라 별도 운동으로 유지한다."
ERP-20260827-00533,NEX-000184,REX-000076,row_variant_horizontal_pull_cable_machine,row_variant_horizontal_pull_cable_machine,REVIEW_REQUIRED,HUMAN_REVIEW_QUEUE,SEPARATE_EXERCISE,USER_DIRECT_REVIEW,REVIEWED,both,"사람 직접 검수 결과: 덤벨 델트 로우과 로우은 실제 수행 방법, 장비 또는 자세가 달라 별도 운동으로 유지한다."
ERP-20260827-00534,NEX-000185,REX-000076,row_variant_horizontal_pull_cable_machine,row_variant_horizontal_pull_cable_machine,REVIEW_REQUIRED,HUMAN_REVIEW_QUEUE,SEPARATE_EXERCISE,USER_DIRECT_REVIEW,REVIEWED,both,"사람 직접 검수 결과: 인클라인 체스트 덤벨 로우과 로우은 실제 수행 방법, 장비 또는 자세가 달라 별도 운동으로 유지한다."
ERP-20260827-00535,REX-000077,REX-000081,runners_stretch_mobility_stretch_bodyweight,seated_calf_stretch_mobility_stretch_bodyweight,REVIEW_REQUIRED,HUMAN_REVIEW_QUEUE,SEPARATE_EXERCISE,USER_DIRECT_REVIEW,REVIEWED,both,"사람 직접 검수 결과: 러너스 스트레칭과 앉아서 종아리 스트레칭은 실제 수행 방법, 장비 또는 자세가 달라 별도 운동으로 유지한다."
ERP-20260827-00536,REX-000077,REX-000082,runners_stretch_mobility_stretch_bodyweight,seated_glute_stretch_mobility_stretch_bodyweight,REVIEW_REQUIRED,HUMAN_REVIEW_QUEUE,SEPARATE_EXERCISE,USER_DIRECT_REVIEW,REVIEWED,both,"사람 직접 검수 결과: 러너스 스트레칭과 앉아서 둔근 스트레칭은 실제 수행 방법, 장비 또는 자세가 달라 별도 운동으로 유지한다."
ERP-20260827-00537,REX-000077,REX-000084,runners_stretch_mobility_stretch_bodyweight,seated_lower_back_stretch_mobility_stretch_bodyweight,REVIEW_REQUIRED,HUMAN_REVIEW_QUEUE,SEPARATE_EXERCISE,USER_DIRECT_REVIEW,REVIEWED,both,"사람 직접 검수 결과: 러너스 스트레칭과 앉아서 허리 스트레칭은 실제 수행 방법, 장비 또는 자세가 달라 별도 운동으로 유지한다."
ERP-20260827-00538,REX-000077,REX-000085,runners_stretch_mobility_stretch_bodyweight,seated_piriformis_stretch_mobility_stretch_bodyweight,REVIEW_REQUIRED,HUMAN_REVIEW_QUEUE,SEPARATE_EXERCISE,USER_DIRECT_REVIEW,REVIEWED,both,"사람 직접 검수 결과: 러너스 스트레칭과 앉아서 이상근 스트레칭은 실제 수행 방법, 장비 또는 자세가 달라 별도 운동으로 유지한다."
ERP-20260827-00539,REX-000077,REX-000087,runners_stretch_mobility_stretch_bodyweight,seated_wide_angle_stretch_mobility_stretch_bodyweight,REVIEW_REQUIRED,HUMAN_REVIEW_QUEUE,SEPARATE_EXERCISE,USER_DIRECT_REVIEW,REVIEWED,both,"사람 직접 검수 결과: 러너스 스트레칭과 시티드 와이드 앵글 스트레칭은 실제 수행 방법, 장비 또는 자세가 달라 별도 운동으로 유지한다."
ERP-20260827-00540,REX-000077,REX-000088,runners_stretch_mobility_stretch_bodyweight,side_lying_quadriceps_stretch_mobility_stretch_bodyweight,REVIEW_REQUIRED,HUMAN_REVIEW_QUEUE,SEPARATE_EXERCISE,USER_DIRECT_REVIEW,REVIEWED,both,"사람 직접 검수 결과: 러너스 스트레칭과 옆으로 누워 대퇴사두근 스트레칭은 실제 수행 방법, 장비 또는 자세가 달라 별도 운동으로 유지한다."
ERP-20260827-00541,REX-000077,REX-000091,runners_stretch_mobility_stretch_bodyweight,spine_stretch_mobility_stretch_bodyweight,REVIEW_REQUIRED,HUMAN_REVIEW_QUEUE,SEPARATE_EXERCISE,USER_DIRECT_REVIEW,REVIEWED,both,"사람 직접 검수 결과: 러너스 스트레칭과 척추 스트레칭은 실제 수행 방법, 장비 또는 자세가 달라 별도 운동으로 유지한다."
ERP-20260827-00542,REX-000077,REX-000094,runners_stretch_mobility_stretch_bodyweight,standing_hamstring_calf_strap_stretch_mobility_stretch_stretch_strap,REVIEW_REQUIRED,HUMAN_REVIEW_QUEUE,SEPARATE_EXERCISE,USER_DIRECT_REVIEW,REVIEWED,both,"사람 직접 검수 결과: 러너스 스트레칭과 스트랩 햄스트링·종아리 스트레칭은 실제 수행 방법, 장비 또는 자세가 달라 별도 운동으로 유지한다."
ERP-20260827-00543,REX-000077,REX-000095,runners_stretch_mobility_stretch_bodyweight,standing_lateral_stretch_mobility_stretch_bodyweight,REVIEW_REQUIRED,HUMAN_REVIEW_QUEUE,SEPARATE_EXERCISE,USER_DIRECT_REVIEW,REVIEWED,both,"사람 직접 검수 결과: 러너스 스트레칭과 서서 옆구리 스트레칭은 실제 수행 방법, 장비 또는 자세가 달라 별도 운동으로 유지한다."
ERP-20260827-00544,REX-000077,REX-000096,runners_stretch_mobility_stretch_bodyweight,triceps_stretch_mobility_stretch_bodyweight,REVIEW_REQUIRED,HUMAN_REVIEW_QUEUE,SEPARATE_EXERCISE,USER_DIRECT_REVIEW,REVIEWED,both,"사람 직접 검수 결과: 러너스 스트레칭과 삼두근 스트레칭은 실제 수행 방법, 장비 또는 자세가 달라 별도 운동으로 유지한다."
ERP-20260827-00545,REX-000077,REX-000098,runners_stretch_mobility_stretch_bodyweight,upper_back_stretch_mobility_stretch_bodyweight,REVIEW_REQUIRED,HUMAN_REVIEW_QUEUE,SEPARATE_EXERCISE,USER_DIRECT_REVIEW,REVIEWED,both,"사람 직접 검수 결과: 러너스 스트레칭과 상부 등 스트레칭은 실제 수행 방법, 장비 또는 자세가 달라 별도 운동으로 유지한다."
ERP-20260827-00546,REX-000077,REX-000099,runners_stretch_mobility_stretch_bodyweight,wall_calf_stretch_mobility_stretch_bodyweight,REVIEW_REQUIRED,HUMAN_REVIEW_QUEUE,SEPARATE_EXERCISE,USER_DIRECT_REVIEW,REVIEWED,both,"사람 직접 검수 결과: 러너스 스트레칭과 벽 짚고 종아리 스트레칭은 실제 수행 방법, 장비 또는 자세가 달라 별도 운동으로 유지한다."
ERP-20260827-00547,REX-000077,REX-000100,runners_stretch_mobility_stretch_bodyweight,world_greatest_stretch_mobility_stretch_bodyweight,REVIEW_REQUIRED,HUMAN_REVIEW_QUEUE,SEPARATE_EXERCISE,USER_DIRECT_REVIEW,REVIEWED,both,"사람 직접 검수 결과: 러너스 스트레칭과 월드 그레이티스트 스트레칭은 실제 수행 방법, 장비 또는 자세가 달라 별도 운동으로 유지한다."
ERP-20260827-00548,NEX-000022,REX-000079,seated_cable_row_horizontal_pull_cable_machine,seated_cable_row_horizontal_pull_cable_machine,REVIEW_REQUIRED,HUMAN_REVIEW_QUEUE,SEPARATE_EXERCISE,USER_DIRECT_REVIEW,REVIEWED,both,"사람 직접 검수 결과: 케이블 리버스-그립 스트레이트 등 시티드 하이 로우과 시티드 케이블 로우은 실제 수행 방법, 장비 또는 자세가 달라 별도 운동으로 유지한다."
ERP-20260827-00549,NEX-000153,REX-000080,seated_calf_raise_isolation_barbell,seated_calf_raise_isolation_barbell,REVIEW_REQUIRED,HUMAN_REVIEW_QUEUE,SEPARATE_EXERCISE,USER_DIRECT_REVIEW,REVIEWED,both,사람 직접 검수 결과: 레버/머신 카프 프레스와 바벨 시티드 카프 레이즈는 장비와 수행 형태가 달라 독립 운동으로 유지한다.
ERP-20260827-00550,NEX-000188,REX-000080,seated_calf_raise_isolation_barbell,seated_calf_raise_isolation_barbell,REVIEW_REQUIRED,HUMAN_REVIEW_QUEUE,SEPARATE_EXERCISE,USER_DIRECT_REVIEW,REVIEWED,both,"사람 직접 검수 결과: 머신 카프 프레스과 시티드 카프 레이즈은 실제 수행 방법, 장비 또는 자세가 달라 별도 운동으로 유지한다."
ERP-20260827-00551,REX-000081,REX-000082,seated_calf_stretch_mobility_stretch_bodyweight,seated_glute_stretch_mobility_stretch_bodyweight,REVIEW_REQUIRED,HUMAN_REVIEW_QUEUE,SEPARATE_EXERCISE,USER_DIRECT_REVIEW,REVIEWED,both,"사람 직접 검수 결과: 앉아서 종아리 스트레칭과 앉아서 둔근 스트레칭은 실제 수행 방법, 장비 또는 자세가 달라 별도 운동으로 유지한다."
ERP-20260827-00552,REX-000081,REX-000084,seated_calf_stretch_mobility_stretch_bodyweight,seated_lower_back_stretch_mobility_stretch_bodyweight,REVIEW_REQUIRED,HUMAN_REVIEW_QUEUE,SEPARATE_EXERCISE,USER_DIRECT_REVIEW,REVIEWED,both,"사람 직접 검수 결과: 앉아서 종아리 스트레칭과 앉아서 허리 스트레칭은 실제 수행 방법, 장비 또는 자세가 달라 별도 운동으로 유지한다."
ERP-20260827-00553,REX-000081,REX-000085,seated_calf_stretch_mobility_stretch_bodyweight,seated_piriformis_stretch_mobility_stretch_bodyweight,REVIEW_REQUIRED,HUMAN_REVIEW_QUEUE,SEPARATE_EXERCISE,USER_DIRECT_REVIEW,REVIEWED,both,"사람 직접 검수 결과: 앉아서 종아리 스트레칭과 앉아서 이상근 스트레칭은 실제 수행 방법, 장비 또는 자세가 달라 별도 운동으로 유지한다."
ERP-20260827-00554,REX-000081,REX-000091,seated_calf_stretch_mobility_stretch_bodyweight,spine_stretch_mobility_stretch_bodyweight,REVIEW_REQUIRED,HUMAN_REVIEW_QUEUE,SEPARATE_EXERCISE,USER_DIRECT_REVIEW,REVIEWED,both,"사람 직접 검수 결과: 앉아서 종아리 스트레칭과 척추 스트레칭은 실제 수행 방법, 장비 또는 자세가 달라 별도 운동으로 유지한다."
ERP-20260827-00555,REX-000081,REX-000094,seated_calf_stretch_mobility_stretch_bodyweight,standing_hamstring_calf_strap_stretch_mobility_stretch_stretch_strap,REVIEW_REQUIRED,HUMAN_REVIEW_QUEUE,SEPARATE_EXERCISE,USER_DIRECT_REVIEW,REVIEWED,both,"사람 직접 검수 결과: 앉아서 종아리 스트레칭과 스트랩 햄스트링·종아리 스트레칭은 실제 수행 방법, 장비 또는 자세가 달라 별도 운동으로 유지한다."
ERP-20260827-00556,REX-000081,REX-000095,seated_calf_stretch_mobility_stretch_bodyweight,standing_lateral_stretch_mobility_stretch_bodyweight,REVIEW_REQUIRED,HUMAN_REVIEW_QUEUE,SEPARATE_EXERCISE,USER_DIRECT_REVIEW,REVIEWED,both,"사람 직접 검수 결과: 앉아서 종아리 스트레칭과 서서 옆구리 스트레칭은 실제 수행 방법, 장비 또는 자세가 달라 별도 운동으로 유지한다."
ERP-20260827-00557,REX-000081,REX-000096,seated_calf_stretch_mobility_stretch_bodyweight,triceps_stretch_mobility_stretch_bodyweight,REVIEW_REQUIRED,HUMAN_REVIEW_QUEUE,SEPARATE_EXERCISE,USER_DIRECT_REVIEW,REVIEWED,both,"사람 직접 검수 결과: 앉아서 종아리 스트레칭과 삼두근 스트레칭은 실제 수행 방법, 장비 또는 자세가 달라 별도 운동으로 유지한다."
ERP-20260827-00558,REX-000081,REX-000098,seated_calf_stretch_mobility_stretch_bodyweight,upper_back_stretch_mobility_stretch_bodyweight,REVIEW_REQUIRED,HUMAN_REVIEW_QUEUE,SEPARATE_EXERCISE,USER_DIRECT_REVIEW,REVIEWED,both,"사람 직접 검수 결과: 앉아서 종아리 스트레칭과 상부 등 스트레칭은 실제 수행 방법, 장비 또는 자세가 달라 별도 운동으로 유지한다."
ERP-20260827-00559,REX-000081,REX-000099,seated_calf_stretch_mobility_stretch_bodyweight,wall_calf_stretch_mobility_stretch_bodyweight,REVIEW_REQUIRED,HUMAN_REVIEW_QUEUE,SEPARATE_EXERCISE,USER_DIRECT_REVIEW,REVIEWED,both,"사람 직접 검수 결과: 앉아서 종아리 스트레칭과 벽 짚고 종아리 스트레칭은 실제 수행 방법, 장비 또는 자세가 달라 별도 운동으로 유지한다."
ERP-20260827-00560,REX-000082,REX-000084,seated_glute_stretch_mobility_stretch_bodyweight,seated_lower_back_stretch_mobility_stretch_bodyweight,REVIEW_REQUIRED,HUMAN_REVIEW_QUEUE,SEPARATE_EXERCISE,USER_DIRECT_REVIEW,REVIEWED,both,"사람 직접 검수 결과: 앉아서 둔근 스트레칭과 앉아서 허리 스트레칭은 실제 수행 방법, 장비 또는 자세가 달라 별도 운동으로 유지한다."
ERP-20260827-00561,REX-000082,REX-000085,seated_glute_stretch_mobility_stretch_bodyweight,seated_piriformis_stretch_mobility_stretch_bodyweight,REVIEW_REQUIRED,HUMAN_REVIEW_QUEUE,SEPARATE_EXERCISE,USER_DIRECT_REVIEW,REVIEWED,both,"사람 직접 검수 결과: 앉아서 둔근 스트레칭과 앉아서 이상근 스트레칭은 실제 수행 방법, 장비 또는 자세가 달라 별도 운동으로 유지한다."
ERP-20260827-00562,REX-000082,REX-000087,seated_glute_stretch_mobility_stretch_bodyweight,seated_wide_angle_stretch_mobility_stretch_bodyweight,REVIEW_REQUIRED,HUMAN_REVIEW_QUEUE,SEPARATE_EXERCISE,USER_DIRECT_REVIEW,REVIEWED,both,"사람 직접 검수 결과: 앉아서 둔근 스트레칭과 시티드 와이드 앵글 스트레칭은 실제 수행 방법, 장비 또는 자세가 달라 별도 운동으로 유지한다."
ERP-20260827-00563,REX-000082,REX-000091,seated_glute_stretch_mobility_stretch_bodyweight,spine_stretch_mobility_stretch_bodyweight,REVIEW_REQUIRED,HUMAN_REVIEW_QUEUE,SEPARATE_EXERCISE,USER_DIRECT_REVIEW,REVIEWED,both,"사람 직접 검수 결과: 앉아서 둔근 스트레칭과 척추 스트레칭은 실제 수행 방법, 장비 또는 자세가 달라 별도 운동으로 유지한다."
ERP-20260827-00564,REX-000082,REX-000095,seated_glute_stretch_mobility_stretch_bodyweight,standing_lateral_stretch_mobility_stretch_bodyweight,REVIEW_REQUIRED,HUMAN_REVIEW_QUEUE,SEPARATE_EXERCISE,USER_DIRECT_REVIEW,REVIEWED,both,"사람 직접 검수 결과: 앉아서 둔근 스트레칭과 서서 옆구리 스트레칭은 실제 수행 방법, 장비 또는 자세가 달라 별도 운동으로 유지한다."
ERP-20260827-00565,REX-000082,REX-000096,seated_glute_stretch_mobility_stretch_bodyweight,triceps_stretch_mobility_stretch_bodyweight,REVIEW_REQUIRED,HUMAN_REVIEW_QUEUE,SEPARATE_EXERCISE,USER_DIRECT_REVIEW,REVIEWED,both,"사람 직접 검수 결과: 앉아서 둔근 스트레칭과 삼두근 스트레칭은 실제 수행 방법, 장비 또는 자세가 달라 별도 운동으로 유지한다."
ERP-20260827-00566,REX-000082,REX-000098,seated_glute_stretch_mobility_stretch_bodyweight,upper_back_stretch_mobility_stretch_bodyweight,REVIEW_REQUIRED,HUMAN_REVIEW_QUEUE,SEPARATE_EXERCISE,USER_DIRECT_REVIEW,REVIEWED,both,"사람 직접 검수 결과: 앉아서 둔근 스트레칭과 상부 등 스트레칭은 실제 수행 방법, 장비 또는 자세가 달라 별도 운동으로 유지한다."
ERP-20260827-00567,REX-000082,REX-000099,seated_glute_stretch_mobility_stretch_bodyweight,wall_calf_stretch_mobility_stretch_bodyweight,REVIEW_REQUIRED,HUMAN_REVIEW_QUEUE,SEPARATE_EXERCISE,USER_DIRECT_REVIEW,REVIEWED,both,"사람 직접 검수 결과: 앉아서 둔근 스트레칭과 벽 짚고 종아리 스트레칭은 실제 수행 방법, 장비 또는 자세가 달라 별도 운동으로 유지한다."
ERP-20260827-00568,REX-000082,REX-000100,seated_glute_stretch_mobility_stretch_bodyweight,world_greatest_stretch_mobility_stretch_bodyweight,REVIEW_REQUIRED,HUMAN_REVIEW_QUEUE,SEPARATE_EXERCISE,USER_DIRECT_REVIEW,REVIEWED,both,"사람 직접 검수 결과: 앉아서 둔근 스트레칭과 월드 그레이티스트 스트레칭은 실제 수행 방법, 장비 또는 자세가 달라 별도 운동으로 유지한다."
ERP-20260827-00569,NEX-000065,REX-000083,seated_leg_curl_knee_flexion_machine,seated_leg_curl_knee_flexion_machine,REVIEW_REQUIRED,HUMAN_REVIEW_QUEUE,SEPARATE_EXERCISE,USER_DIRECT_REVIEW,REVIEWED,both,"사람 직접 검수 결과: 인버스 레그 컬과 레그 컬은 실제 수행 방법, 장비 또는 자세가 달라 별도 운동으로 유지한다."
ERP-20260827-00570,NEX-000081,REX-000083,seated_leg_curl_knee_flexion_machine,seated_leg_curl_knee_flexion_machine,REVIEW_REQUIRED,HUMAN_REVIEW_QUEUE,SEPARATE_EXERCISE,USER_DIRECT_REVIEW,REVIEWED,both,"사람 직접 검수 결과: 인버스 레그 컬(바닥)과 레그 컬은 실제 수행 방법, 장비 또는 자세가 달라 별도 운동으로 유지한다."
ERP-20260827-00571,NEX-000082,REX-000083,seated_leg_curl_knee_flexion_machine,seated_leg_curl_knee_flexion_machine,REVIEW_REQUIRED,HUMAN_REVIEW_QUEUE,SEPARATE_EXERCISE,USER_DIRECT_REVIEW,REVIEWED,both,"사람 직접 검수 결과: 인버스 레그 컬과 레그 컬은 실제 수행 방법, 장비 또는 자세가 달라 별도 운동으로 유지한다."
ERP-20260827-00572,NEX-000156,REX-000083,seated_leg_curl_knee_flexion_machine,seated_leg_curl_knee_flexion_machine,REVIEW_REQUIRED,HUMAN_REVIEW_QUEUE,SEPARATE_EXERCISE,USER_DIRECT_REVIEW,REVIEWED,both,"사람 직접 검수 결과: 인버스 레그 컬과 레그 컬은 실제 수행 방법, 장비 또는 자세가 달라 별도 운동으로 유지한다."
ERP-20260827-00573,NEX-000180,REX-000083,seated_leg_curl_knee_flexion_machine,seated_leg_curl_knee_flexion_machine,REVIEW_REQUIRED,HUMAN_REVIEW_QUEUE,SEPARATE_EXERCISE,USER_DIRECT_REVIEW,REVIEWED,both,"사람 직접 검수 결과: 의자 잡고 레그 컬과 레그 컬은 실제 수행 방법, 장비 또는 자세가 달라 별도 운동으로 유지한다."
ERP-20260827-00574,NEX-000191,REX-000083,seated_leg_curl_knee_flexion_machine,seated_leg_curl_knee_flexion_machine,REVIEW_REQUIRED,HUMAN_REVIEW_QUEUE,SEPARATE_EXERCISE,USER_DIRECT_REVIEW,REVIEWED,both,"사람 직접 검수 결과: 밴드 레그 컬과 레그 컬은 실제 수행 방법, 장비 또는 자세가 달라 별도 운동으로 유지한다."
ERP-20260827-00575,REX-000084,REX-000085,seated_lower_back_stretch_mobility_stretch_bodyweight,seated_piriformis_stretch_mobility_stretch_bodyweight,REVIEW_REQUIRED,HUMAN_REVIEW_QUEUE,SEPARATE_EXERCISE,USER_DIRECT_REVIEW,REVIEWED,both,"사람 직접 검수 결과: 앉아서 허리 스트레칭과 앉아서 이상근 스트레칭은 실제 수행 방법, 장비 또는 자세가 달라 별도 운동으로 유지한다."
ERP-20260827-00576,REX-000084,REX-000091,seated_lower_back_stretch_mobility_stretch_bodyweight,spine_stretch_mobility_stretch_bodyweight,REVIEW_REQUIRED,HUMAN_REVIEW_QUEUE,SEPARATE_EXERCISE,USER_DIRECT_REVIEW,REVIEWED,both,"사람 직접 검수 결과: 앉아서 허리 스트레칭과 척추 스트레칭은 실제 수행 방법, 장비 또는 자세가 달라 별도 운동으로 유지한다."
ERP-20260827-00577,REX-000084,REX-000092,seated_lower_back_stretch_mobility_stretch_bodyweight,spine_twist_mobility_stretch_bodyweight,REVIEW_REQUIRED,HUMAN_REVIEW_QUEUE,SEPARATE_EXERCISE,USER_DIRECT_REVIEW,REVIEWED,both,"사람 직접 검수 결과: 앉아서 허리 스트레칭과 척추 비틀기은 실제 수행 방법, 장비 또는 자세가 달라 별도 운동으로 유지한다."
ERP-20260827-00578,REX-000084,REX-000095,seated_lower_back_stretch_mobility_stretch_bodyweight,standing_lateral_stretch_mobility_stretch_bodyweight,REVIEW_REQUIRED,HUMAN_REVIEW_QUEUE,SEPARATE_EXERCISE,USER_DIRECT_REVIEW,REVIEWED,both,"사람 직접 검수 결과: 앉아서 허리 스트레칭과 서서 옆구리 스트레칭은 실제 수행 방법, 장비 또는 자세가 달라 별도 운동으로 유지한다."
ERP-20260827-00579,REX-000084,REX-000096,seated_lower_back_stretch_mobility_stretch_bodyweight,triceps_stretch_mobility_stretch_bodyweight,REVIEW_REQUIRED,HUMAN_REVIEW_QUEUE,SEPARATE_EXERCISE,USER_DIRECT_REVIEW,REVIEWED,both,"사람 직접 검수 결과: 앉아서 허리 스트레칭과 삼두근 스트레칭은 실제 수행 방법, 장비 또는 자세가 달라 별도 운동으로 유지한다."
ERP-20260827-00580,REX-000084,REX-000098,seated_lower_back_stretch_mobility_stretch_bodyweight,upper_back_stretch_mobility_stretch_bodyweight,REVIEW_REQUIRED,HUMAN_REVIEW_QUEUE,SEPARATE_EXERCISE,USER_DIRECT_REVIEW,REVIEWED,both,"사람 직접 검수 결과: 앉아서 허리 스트레칭과 상부 등 스트레칭은 실제 수행 방법, 장비 또는 자세가 달라 별도 운동으로 유지한다."
ERP-20260827-00581,REX-000085,REX-000087,seated_piriformis_stretch_mobility_stretch_bodyweight,seated_wide_angle_stretch_mobility_stretch_bodyweight,REVIEW_REQUIRED,HUMAN_REVIEW_QUEUE,SEPARATE_EXERCISE,USER_DIRECT_REVIEW,REVIEWED,both,"사람 직접 검수 결과: 앉아서 이상근 스트레칭과 시티드 와이드 앵글 스트레칭은 실제 수행 방법, 장비 또는 자세가 달라 별도 운동으로 유지한다."
ERP-20260827-00582,REX-000085,REX-000091,seated_piriformis_stretch_mobility_stretch_bodyweight,spine_stretch_mobility_stretch_bodyweight,REVIEW_REQUIRED,HUMAN_REVIEW_QUEUE,SEPARATE_EXERCISE,USER_DIRECT_REVIEW,REVIEWED,both,"사람 직접 검수 결과: 앉아서 이상근 스트레칭과 척추 스트레칭은 실제 수행 방법, 장비 또는 자세가 달라 별도 운동으로 유지한다."
ERP-20260827-00583,REX-000085,REX-000095,seated_piriformis_stretch_mobility_stretch_bodyweight,standing_lateral_stretch_mobility_stretch_bodyweight,REVIEW_REQUIRED,HUMAN_REVIEW_QUEUE,SEPARATE_EXERCISE,USER_DIRECT_REVIEW,REVIEWED,both,"사람 직접 검수 결과: 앉아서 이상근 스트레칭과 서서 옆구리 스트레칭은 실제 수행 방법, 장비 또는 자세가 달라 별도 운동으로 유지한다."
ERP-20260827-00584,REX-000085,REX-000096,seated_piriformis_stretch_mobility_stretch_bodyweight,triceps_stretch_mobility_stretch_bodyweight,REVIEW_REQUIRED,HUMAN_REVIEW_QUEUE,SEPARATE_EXERCISE,USER_DIRECT_REVIEW,REVIEWED,both,"사람 직접 검수 결과: 앉아서 이상근 스트레칭과 삼두근 스트레칭은 실제 수행 방법, 장비 또는 자세가 달라 별도 운동으로 유지한다."
ERP-20260827-00585,REX-000085,REX-000098,seated_piriformis_stretch_mobility_stretch_bodyweight,upper_back_stretch_mobility_stretch_bodyweight,REVIEW_REQUIRED,HUMAN_REVIEW_QUEUE,SEPARATE_EXERCISE,USER_DIRECT_REVIEW,REVIEWED,both,"사람 직접 검수 결과: 앉아서 이상근 스트레칭과 상부 등 스트레칭은 실제 수행 방법, 장비 또는 자세가 달라 별도 운동으로 유지한다."
ERP-20260827-00586,REX-000085,REX-000099,seated_piriformis_stretch_mobility_stretch_bodyweight,wall_calf_stretch_mobility_stretch_bodyweight,REVIEW_REQUIRED,HUMAN_REVIEW_QUEUE,SEPARATE_EXERCISE,USER_DIRECT_REVIEW,REVIEWED,both,"사람 직접 검수 결과: 앉아서 이상근 스트레칭과 벽 짚고 종아리 스트레칭은 실제 수행 방법, 장비 또는 자세가 달라 별도 운동으로 유지한다."
ERP-20260827-00587,REX-000085,REX-000100,seated_piriformis_stretch_mobility_stretch_bodyweight,world_greatest_stretch_mobility_stretch_bodyweight,REVIEW_REQUIRED,HUMAN_REVIEW_QUEUE,SEPARATE_EXERCISE,USER_DIRECT_REVIEW,REVIEWED,both,"사람 직접 검수 결과: 앉아서 이상근 스트레칭과 월드 그레이티스트 스트레칭은 실제 수행 방법, 장비 또는 자세가 달라 별도 운동으로 유지한다."
ERP-20260827-00588,REX-000087,REX-000088,seated_wide_angle_stretch_mobility_stretch_bodyweight,side_lying_quadriceps_stretch_mobility_stretch_bodyweight,REVIEW_REQUIRED,HUMAN_REVIEW_QUEUE,SEPARATE_EXERCISE,USER_DIRECT_REVIEW,REVIEWED,both,"사람 직접 검수 결과: 시티드 와이드 앵글 스트레칭과 옆으로 누워 대퇴사두근 스트레칭은 실제 수행 방법, 장비 또는 자세가 달라 별도 운동으로 유지한다."
ERP-20260827-00589,REX-000087,REX-000100,seated_wide_angle_stretch_mobility_stretch_bodyweight,world_greatest_stretch_mobility_stretch_bodyweight,REVIEW_REQUIRED,HUMAN_REVIEW_QUEUE,SEPARATE_EXERCISE,USER_DIRECT_REVIEW,REVIEWED,both,"사람 직접 검수 결과: 시티드 와이드 앵글 스트레칭과 월드 그레이티스트 스트레칭은 실제 수행 방법, 장비 또는 자세가 달라 별도 운동으로 유지한다."
ERP-20260827-00590,REX-000088,REX-000100,side_lying_quadriceps_stretch_mobility_stretch_bodyweight,world_greatest_stretch_mobility_stretch_bodyweight,REVIEW_REQUIRED,HUMAN_REVIEW_QUEUE,SEPARATE_EXERCISE,USER_DIRECT_REVIEW,REVIEWED,both,"사람 직접 검수 결과: 옆으로 누워 대퇴사두근 스트레칭과 월드 그레이티스트 스트레칭은 실제 수행 방법, 장비 또는 자세가 달라 별도 운동으로 유지한다."
ERP-20260827-00591,REX-000089,REX-000101,side_wrist_pull_stretch_mobility_stretch_bodyweight,wrist_circles_mobility_stretch_bodyweight,REVIEW_REQUIRED,HUMAN_REVIEW_QUEUE,SEPARATE_EXERCISE,USER_DIRECT_REVIEW,REVIEWED,both,"사람 직접 검수 결과: 손목 당기기 스트레칭과 손목 돌리기은 실제 수행 방법, 장비 또는 자세가 달라 별도 운동으로 유지한다."
ERP-20260827-00593,REX-000091,REX-000095,spine_stretch_mobility_stretch_bodyweight,standing_lateral_stretch_mobility_stretch_bodyweight,REVIEW_REQUIRED,HUMAN_REVIEW_QUEUE,SEPARATE_EXERCISE,USER_DIRECT_REVIEW,REVIEWED,both,"사람 직접 검수 결과: 척추 스트레칭과 서서 옆구리 스트레칭은 실제 수행 방법, 장비 또는 자세가 달라 별도 운동으로 유지한다."
ERP-20260827-00594,REX-000091,REX-000096,spine_stretch_mobility_stretch_bodyweight,triceps_stretch_mobility_stretch_bodyweight,REVIEW_REQUIRED,HUMAN_REVIEW_QUEUE,SEPARATE_EXERCISE,USER_DIRECT_REVIEW,REVIEWED,both,"사람 직접 검수 결과: 척추 스트레칭과 삼두근 스트레칭은 실제 수행 방법, 장비 또는 자세가 달라 별도 운동으로 유지한다."
ERP-20260827-00595,REX-000091,REX-000098,spine_stretch_mobility_stretch_bodyweight,upper_back_stretch_mobility_stretch_bodyweight,REVIEW_REQUIRED,HUMAN_REVIEW_QUEUE,SEPARATE_EXERCISE,USER_DIRECT_REVIEW,REVIEWED,both,"사람 직접 검수 결과: 척추 스트레칭과 상부 등 스트레칭은 실제 수행 방법, 장비 또는 자세가 달라 별도 운동으로 유지한다."
ERP-20260827-00596,REX-000092,REX-000095,spine_twist_mobility_stretch_bodyweight,standing_lateral_stretch_mobility_stretch_bodyweight,REVIEW_REQUIRED,HUMAN_REVIEW_QUEUE,SEPARATE_EXERCISE,USER_DIRECT_REVIEW,REVIEWED,both,"사람 직접 검수 결과: 척추 비틀기과 서서 옆구리 스트레칭은 실제 수행 방법, 장비 또는 자세가 달라 별도 운동으로 유지한다."
ERP-20260827-00597,REX-000092,REX-000098,spine_twist_mobility_stretch_bodyweight,upper_back_stretch_mobility_stretch_bodyweight,REVIEW_REQUIRED,HUMAN_REVIEW_QUEUE,SEPARATE_EXERCISE,USER_DIRECT_REVIEW,REVIEWED,both,"사람 직접 검수 결과: 척추 비틀기과 상부 등 스트레칭은 실제 수행 방법, 장비 또는 자세가 달라 별도 운동으로 유지한다."
ERP-20260827-00598,REX-000094,REX-000099,standing_hamstring_calf_strap_stretch_mobility_stretch_stretch_strap,wall_calf_stretch_mobility_stretch_bodyweight,REVIEW_REQUIRED,HUMAN_REVIEW_QUEUE,SEPARATE_EXERCISE,USER_DIRECT_REVIEW,REVIEWED,both,"사람 직접 검수 결과: 스트랩 햄스트링·종아리 스트레칭과 벽 짚고 종아리 스트레칭은 실제 수행 방법, 장비 또는 자세가 달라 별도 운동으로 유지한다."
ERP-20260827-00599,REX-000094,REX-000100,standing_hamstring_calf_strap_stretch_mobility_stretch_stretch_strap,world_greatest_stretch_mobility_stretch_bodyweight,REVIEW_REQUIRED,HUMAN_REVIEW_QUEUE,SEPARATE_EXERCISE,USER_DIRECT_REVIEW,REVIEWED,both,"사람 직접 검수 결과: 스트랩 햄스트링·종아리 스트레칭과 월드 그레이티스트 스트레칭은 실제 수행 방법, 장비 또는 자세가 달라 별도 운동으로 유지한다."
ERP-20260827-00600,REX-000095,REX-000096,standing_lateral_stretch_mobility_stretch_bodyweight,triceps_stretch_mobility_stretch_bodyweight,REVIEW_REQUIRED,HUMAN_REVIEW_QUEUE,SEPARATE_EXERCISE,USER_DIRECT_REVIEW,REVIEWED,both,"사람 직접 검수 결과: 서서 옆구리 스트레칭과 삼두근 스트레칭은 실제 수행 방법, 장비 또는 자세가 달라 별도 운동으로 유지한다."
ERP-20260827-00601,REX-000095,REX-000098,standing_lateral_stretch_mobility_stretch_bodyweight,upper_back_stretch_mobility_stretch_bodyweight,REVIEW_REQUIRED,HUMAN_REVIEW_QUEUE,SEPARATE_EXERCISE,USER_DIRECT_REVIEW,REVIEWED,both,"사람 직접 검수 결과: 서서 옆구리 스트레칭과 상부 등 스트레칭은 실제 수행 방법, 장비 또는 자세가 달라 별도 운동으로 유지한다."
ERP-20260827-00602,REX-000096,REX-000098,triceps_stretch_mobility_stretch_bodyweight,upper_back_stretch_mobility_stretch_bodyweight,REVIEW_REQUIRED,HUMAN_REVIEW_QUEUE,SEPARATE_EXERCISE,USER_DIRECT_REVIEW,REVIEWED,both,"사람 직접 검수 결과: 삼두근 스트레칭과 상부 등 스트레칭은 실제 수행 방법, 장비 또는 자세가 달라 별도 운동으로 유지한다."
