representative_exercise_id,exercise_id,stable_code,catalog_version_code,source_origin_code,source_track,source_identity,source_identity_validation,record_source_identity,media_source_origin_code,media_source_match_method,s3_key,media_status,media_state_code,media_state_reason_code,s3_technical_status,verified_at,rights_review_status,rights_reviewer,rights_reviewed_at,rights_evidence_reference,production_eligibility,backend_visibility,source_image_s3_key,source_gif_s3_key,source_gif_content_type,source_gif_content_length,source_gif_etag,source_gif_checksum_algorithm,source_gif_checksum,source_image_content_type,source_image_content_length,source_image_etag,source_image_checksum_algorithm,source_image_checksum,gif_content_type,gif_content_length,gif_etag,gif_checksum_algorithm,gif_checksum,thumbnail_content_type,thumbnail_content_length,thumbnail_etag,thumbnail_checksum_algorithm,thumbnail_checksum
DVAR-010E538801DE3645,DVAR-010E538801DE3645,one_arm_wall_lats_isolation_bodyweight__knee_no_load_safe_v1,exercise-catalog-v2.0.2-final,PAIN_ALTERNATIVE_POLICY,pain_alternative_policy,1355,VALID_NUMERIC,DVAR-010E538801DE3645,GYMVISUAL,ALTERNATIVE_BASE_EXERCISE_MATCH,,UNAVAILABLE,UNAVAILABLE,NO_RECORD_SPECIFIC_MEDIA_MAPPING_REVIEWED,NOT_REQUESTED,,APPROVED,USER_DIRECT_REVIEW_2026_08_29,2026-08-29T00:00:00+09:00,EXTERNAL_EXPERT_SOURCE_APPROVAL; OWNER_VISUAL_REVIEW; NO_RECORD_SPECIFIC_MEDIA_MAPPING,true,HIDDEN,images/1355-ZZTGMKh.jpg,videos/1355-ZZTGMKh.gif,,,,,,,,,,,,,,,,,,,,
DVAR-015C32CEB067E809,DVAR-015C32CEB067E809,peroneal_stretch_mobility_stretch_stretch_strap__upper_back_no_load_safe_v1,exercise-catalog-v2.0.2-final,PAIN_ALTERNATIVE_POLICY,pain_alternative_policy,1388,VALID_NUMERIC,DVAR-015C32CEB067E809,GYMVISUAL,EXACT_NAME_MATCH,,UNAVAILABLE,UNAVAILABLE,NO_RECORD_SPECIFIC_MEDIA_MAPPING_REVIEWED,NOT_REQUESTED,,APPROVED,USER_DIRECT_REVIEW_2026_08_29,2026-08-29T00:00:00+09:00,EXTERNAL_EXPERT_SOURCE_APPROVAL; OWNER_VISUAL_REVIEW; NO_RECORD_SPECIFIC_MEDIA_MAPPING,true,HIDDEN,images/1388-XhfS1DZ.jpg,videos/1388-XhfS1DZ.gif,,,,,,,,,,,,,,,,,,,,
DVAR-03A7A7C6A78247A9,DVAR-03A7A7C6A78247A9,dumbbell_standing_curl_isolation_dumbbell__knee_no_load_safe_v1,exercise-catalog-v2.0.2-final,PAIN_ALTERNATIVE_POLICY,pain_alternative_policy,0416,VALID_NUMERIC,DVAR-03A7A7C6A78247A9,GYMVISUAL,EXACT_NAME_MATCH,,UNAVAILABLE,UNAVAILABLE,NO_RECORD_SPECIFIC_MEDIA_MAPPING_REVIEWED,NOT_REQUESTED,,APPROVED,USER_DIRECT_REVIEW_2026_08_29,2026-08-29T00:00:00+09:00,EXTERNAL_EXPERT_SOURCE_APPROVAL; OWNER_VISUAL_REVIEW; NO_RECORD_SPECIFIC_MEDIA_MAPPING,true,HIDDEN,images/0416-3s4NnTh.jpg,videos/0416-3s4NnTh.gif,,,,,,,,,,,,,,,,,,,,
DVAR-0423655BB84F05ED,DVAR-0423655BB84F05ED,dynamic_chest_stretch_mobility_stretch_bodyweight__lower_back_no_load_safe_v1,exercise-catalog-v2.0.2-final,PAIN_ALTERNATIVE_POLICY,pain_alternative_policy,1167,VALID_NUMERIC,DVAR-0423655BB84F05ED,GYMVISUAL,EXACT_NAME_MATCH,,UNAVAILABLE,UNAVAILABLE,NO_RECORD_SPECIFIC_MEDIA_MAPPING_REVIEWED,NOT_REQUESTED,,APPROVED,USER_DIRECT_REVIEW_2026_08_29,2026-08-29T00:00:00+09:00,EXTERNAL_EXPERT_SOURCE_APPROVAL; OWNER_VISUAL_REVIEW; NO_RECORD_SPECIFIC_MEDIA_MAPPING,true,HIDDEN,images/1167-3uj0Ozg.jpg,videos/1167-3uj0Ozg.gif,,,,,,,,,,,,,,,,,,,,
DVAR-06892D3AE613BF99,DVAR-06892D3AE613BF99,hip_flexion_isolation_bodyweight__upper_back_no_load_safe_v1,exercise-catalog-v2.0.2-final,PAIN_ALTERNATIVE_POLICY,pain_alternative_policy,46ea8fdbe34474fac354a051f63b114e0a6d20a21f71226ae0db5da216d14861,VALID_NON_NUMERIC,DVAR-06892D3AE613BF99,KSPO,ALTERNATIVE_BASE_EXERCISE_MATCH,,UNAVAILABLE,UNAVAILABLE,NO_RECORD_SPECIFIC_MEDIA_MAPPING_REVIEWED,NOT_REQUESTED,,APPROVED,USER_DIRECT_REVIEW_2026_08_29,2026-08-29T00:00:00+09:00,EXTERNAL_EXPERT_SOURCE_APPROVAL; OWNER_VISUAL_REVIEW; NO_RECORD_SPECIFIC_MEDIA_MAPPING,true,HIDDEN,,,,,,,,,,,,,,,,,,,,,,
DVAR-0FA62ADA4EEA3182,DVAR-0FA62ADA4EEA3182,rear_deltoid_stretch_mobility_stretch_bodyweight__knee_no_load_safe_v1,exercise-catalog-v2.0.2-final,PAIN_ALTERNATIVE_POLICY,pain_alternative_policy,0669,VALID_NUMERIC,DVAR-0FA62ADA4EEA3182,GYMVISUAL,EXACT_NAME_MATCH,,UNAVAILABLE,UNAVAILABLE,NO_RECORD_SPECIFIC_MEDIA_MAPPING_REVIEWED,NOT_REQUESTED,,APPROVED,USER_DIRECT_REVIEW_2026_08_29,2026-08-29T00:00:00+09:00,EXTERNAL_EXPERT_SOURCE_APPROVAL; OWNER_VISUAL_REVIEW; NO_RECORD_SPECIFIC_MEDIA_MAPPING,true,HIDDEN,images/0669-xifhB5W.jpg,videos/0669-xifhB5W.gif,,,,,,,,,,,,,,,,,,,,
DVAR-1760C8AA64CEB384,DVAR-1760C8AA64CEB384,runners_stretch_mobility_stretch_bodyweight__abdomen_no_load_safe_v1,exercise-catalog-v2.0.2-final,PAIN_ALTERNATIVE_POLICY,pain_alternative_policy,1585,VALID_NUMERIC,DVAR-1760C8AA64CEB384,GYMVISUAL,EXACT_NAME_MATCH,,UNAVAILABLE,UNAVAILABLE,NO_RECORD_SPECIFIC_MEDIA_MAPPING_REVIEWED,NOT_REQUESTED,,APPROVED,USER_DIRECT_REVIEW_2026_08_29,2026-08-29T00:00:00+09:00,EXTERNAL_EXPERT_SOURCE_APPROVAL; OWNER_VISUAL_REVIEW; NO_RECORD_SPECIFIC_MEDIA_MAPPING,true,HIDDEN,images/1585-0mB6wHO.jpg,videos/1585-0mB6wHO.gif,,,,,,,,,,,,,,,,,,,,
DVAR-18D8381ECAA601CC,DVAR-18D8381ECAA601CC,dynamic_chest_stretch_mobility_stretch_bodyweight__hip_no_load_safe_v1,exercise-catalog-v2.0.2-final,PAIN_ALTERNATIVE_POLICY,pain_alternative_policy,1167,VALID_NUMERIC,DVAR-18D8381ECAA601CC,GYMVISUAL,EXACT_NAME_MATCH,,UNAVAILABLE,UNAVAILABLE,NO_RECORD_SPECIFIC_MEDIA_MAPPING_REVIEWED,NOT_REQUESTED,,APPROVED,USER_DIRECT_REVIEW_2026_08_29,2026-08-29T00:00:00+09:00,EXTERNAL_EXPERT_SOURCE_APPROVAL; OWNER_VISUAL_REVIEW; NO_RECORD_SPECIFIC_MEDIA_MAPPING,true,HIDDEN,images/1167-3uj0Ozg.jpg,videos/1167-3uj0Ozg.gif,,,,,,,,,,,,,,,,,,,,
DVAR-1A1F63F097657004,DVAR-1A1F63F097657004,hamstring_stretch_mobility_stretch_bodyweight__wrist_hand_no_load_safe_v1,exercise-catalog-v2.0.2-final,PAIN_ALTERNATIVE_POLICY,pain_alternative_policy,1511,VALID_NUMERIC,DVAR-1A1F63F097657004,GYMVISUAL,EXACT_NAME_MATCH,,UNAVAILABLE,UNAVAILABLE,NO_RECORD_SPECIFIC_MEDIA_MAPPING_REVIEWED,NOT_REQUESTED,,APPROVED,USER_DIRECT_REVIEW_2026_08_29,2026-08-29T00:00:00+09:00,EXTERNAL_EXPERT_SOURCE_APPROVAL; OWNER_VISUAL_REVIEW; NO_RECORD_SPECIFIC_MEDIA_MAPPING,true,HIDDEN,images/1511-99rWm7w.jpg,videos/1511-99rWm7w.gif,,,,,,,,,,,,,,,,,,,,
DVAR-22F9847D7E796DD5,DVAR-22F9847D7E796DD5,chest_front_shoulder_stretch_mobility_stretch_bodyweight__knee_no_load_safe_v1,exercise-catalog-v2.0.2-final,PAIN_ALTERNATIVE_POLICY,pain_alternative_policy,1271,VALID_NUMERIC,DVAR-22F9847D7E796DD5,GYMVISUAL,EXACT_NAME_MATCH,,UNAVAILABLE,UNAVAILABLE,NO_RECORD_SPECIFIC_MEDIA_MAPPING_REVIEWED,NOT_REQUESTED,,APPROVED,USER_DIRECT_REVIEW_2026_08_29,2026-08-29T00:00:00+09:00,EXTERNAL_EXPERT_SOURCE_APPROVAL; OWNER_VISUAL_REVIEW; NO_RECORD_SPECIFIC_MEDIA_MAPPING,true,HIDDEN,images/1271-Uto7l43.jpg,videos/1271-Uto7l43.gif,,,,,,,,,,,,,,,,,,,,
DVAR-249EF7CC8CED25D3,DVAR-249EF7CC8CED25D3,dumbbell_shrug_isolation_dumbbell__lower_back_no_load_safe_v1,exercise-catalog-v2.0.2-final,PAIN_ALTERNATIVE_POLICY,pain_alternative_policy,0406,VALID_NUMERIC,DVAR-249EF7CC8CED25D3,GYMVISUAL,EXACT_NAME_MATCH,,UNAVAILABLE,UNAVAILABLE,NO_RECORD_SPECIFIC_MEDIA_MAPPING_REVIEWED,NOT_REQUESTED,,APPROVED,USER_DIRECT_REVIEW_2026_08_29,2026-08-29T00:00:00+09:00,EXTERNAL_EXPERT_SOURCE_APPROVAL; OWNER_VISUAL_REVIEW; NO_RECORD_SPECIFIC_MEDIA_MAPPING,true,HIDDEN,images/0406-NJzBsGJ.jpg,videos/0406-NJzBsGJ.gif,,,,,,,,,,,,,,,,,,,,
DVAR-252AEEC08E26C69E,DVAR-252AEEC08E26C69E,kneeling_lat_stretch_mobility_stretch_bodyweight__hip_no_load_safe_v1,exercise-catalog-v2.0.2-final,PAIN_ALTERNATIVE_POLICY,pain_alternative_policy,1346,VALID_NUMERIC,DVAR-252AEEC08E26C69E,GYMVISUAL,ALTERNATIVE_BASE_EXERCISE_MATCH,,UNAVAILABLE,UNAVAILABLE,NO_RECORD_SPECIFIC_MEDIA_MAPPING_REVIEWED,NOT_REQUESTED,,APPROVED,USER_DIRECT_REVIEW_2026_08_29,2026-08-29T00:00:00+09:00,EXTERNAL_EXPERT_SOURCE_APPROVAL; OWNER_VISUAL_REVIEW; NO_RECORD_SPECIFIC_MEDIA_MAPPING,true,HIDDEN,images/1346-f38OEuO.jpg,videos/1346-f38OEuO.gif,,,,,,,,,,,,,,,,,,,,
DVAR-26CD8FC4C2FF3AD5,DVAR-26CD8FC4C2FF3AD5,rear_deltoid_stretch_mobility_stretch_bodyweight__hip_no_load_safe_v1,exercise-catalog-v2.0.2-final,PAIN_ALTERNATIVE_POLICY,pain_alternative_policy,0669,VALID_NUMERIC,DVAR-26CD8FC4C2FF3AD5,GYMVISUAL,EXACT_NAME_MATCH,,UNAVAILABLE,UNAVAILABLE,NO_RECORD_SPECIFIC_MEDIA_MAPPING_REVIEWED,NOT_REQUESTED,,APPROVED,USER_DIRECT_REVIEW_2026_08_29,2026-08-29T00:00:00+09:00,EXTERNAL_EXPERT_SOURCE_APPROVAL; OWNER_VISUAL_REVIEW; NO_RECORD_SPECIFIC_MEDIA_MAPPING,true,HIDDEN,images/0669-xifhB5W.jpg,videos/0669-xifhB5W.gif,,,,,,,,,,,,,,,,,,,,
DVAR-29EA6DC0FE39837B,DVAR-29EA6DC0FE39837B,seated_piriformis_stretch_mobility_stretch_bodyweight__wrist_hand_no_load_safe_v1,exercise-catalog-v2.0.2-final,PAIN_ALTERNATIVE_POLICY,pain_alternative_policy,2567,VALID_NUMERIC,DVAR-29EA6DC0FE39837B,GYMVISUAL,ALTERNATIVE_BASE_EXERCISE_MATCH,,UNAVAILABLE,UNAVAILABLE,NO_RECORD_SPECIFIC_MEDIA_MAPPING_REVIEWED,NOT_REQUESTED,,APPROVED,USER_DIRECT_REVIEW_2026_08_29,2026-08-29T00:00:00+09:00,EXTERNAL_EXPERT_SOURCE_APPROVAL; OWNER_VISUAL_REVIEW; NO_RECORD_SPECIFIC_MEDIA_MAPPING,true,HIDDEN,images/2567-QY39eBr.jpg,videos/2567-QY39eBr.gif,,,,,,,,,,,,,,,,,,,,
DVAR-326B588001E29897,DVAR-326B588001E29897,upper_back_stretch_mobility_stretch_bodyweight__lower_back_no_load_safe_v1,exercise-catalog-v2.0.2-final,PAIN_ALTERNATIVE_POLICY,pain_alternative_policy,1365,VALID_NUMERIC,DVAR-326B588001E29897,GYMVISUAL,EXACT_NAME_MATCH,,UNAVAILABLE,UNAVAILABLE,NO_RECORD_SPECIFIC_MEDIA_MAPPING_REVIEWED,NOT_REQUESTED,,APPROVED,USER_DIRECT_REVIEW_2026_08_29,2026-08-29T00:00:00+09:00,EXTERNAL_EXPERT_SOURCE_APPROVAL; OWNER_VISUAL_REVIEW; NO_RECORD_SPECIFIC_MEDIA_MAPPING,true,HIDDEN,images/1365-GSDioYu.jpg,videos/1365-GSDioYu.gif,,,,,,,,,,,,,,,,,,,,
DVAR-34B834AC8D12D2B5,DVAR-34B834AC8D12D2B5,triceps_stretch_mobility_stretch_bodyweight__knee_no_load_safe_v1,exercise-catalog-v2.0.2-final,PAIN_ALTERNATIVE_POLICY,pain_alternative_policy,0817,VALID_NUMERIC,DVAR-34B834AC8D12D2B5,GYMVISUAL,EXACT_NAME_MATCH,,UNAVAILABLE,UNAVAILABLE,NO_RECORD_SPECIFIC_MEDIA_MAPPING_REVIEWED,NOT_REQUESTED,,APPROVED,USER_DIRECT_REVIEW_2026_08_29,2026-08-29T00:00:00+09:00,EXTERNAL_EXPERT_SOURCE_APPROVAL; OWNER_VISUAL_REVIEW; NO_RECORD_SPECIFIC_MEDIA_MAPPING,true,HIDDEN,images/0817-uOV3Itw.jpg,videos/0817-uOV3Itw.gif,,,,,,,,,,,,,,,,,,,,
DVAR-35717F1E89B0E385,DVAR-35717F1E89B0E385,upper_back_stretch_mobility_stretch_bodyweight__hip_no_load_safe_v1,exercise-catalog-v2.0.2-final,PAIN_ALTERNATIVE_POLICY,pain_alternative_policy,1365,VALID_NUMERIC,DVAR-35717F1E89B0E385,GYMVISUAL,EXACT_NAME_MATCH,,UNAVAILABLE,UNAVAILABLE,NO_RECORD_SPECIFIC_MEDIA_MAPPING_REVIEWED,NOT_REQUESTED,,APPROVED,USER_DIRECT_REVIEW_2026_08_29,2026-08-29T00:00:00+09:00,EXTERNAL_EXPERT_SOURCE_APPROVAL; OWNER_VISUAL_REVIEW; NO_RECORD_SPECIFIC_MEDIA_MAPPING,true,HIDDEN,images/1365-GSDioYu.jpg,videos/1365-GSDioYu.gif,,,,,,,,,,,,,,,,,,,,
DVAR-35756A39565C0E92,DVAR-35756A39565C0E92,dumbbell_standing_curl_isolation_dumbbell__abdomen_no_load_safe_v1,exercise-catalog-v2.0.2-final,PAIN_ALTERNATIVE_POLICY,pain_alternative_policy,0416,VALID_NUMERIC,DVAR-35756A39565C0E92,GYMVISUAL,EXACT_NAME_MATCH,,UNAVAILABLE,UNAVAILABLE,NO_RECORD_SPECIFIC_MEDIA_MAPPING_REVIEWED,NOT_REQUESTED,,APPROVED,USER_DIRECT_REVIEW_2026_08_29,2026-08-29T00:00:00+09:00,EXTERNAL_EXPERT_SOURCE_APPROVAL; OWNER_VISUAL_REVIEW; NO_RECORD_SPECIFIC_MEDIA_MAPPING,true,HIDDEN,images/0416-3s4NnTh.jpg,videos/0416-3s4NnTh.gif,,,,,,,,,,,,,,,,,,,,
DVAR-3A73DB20F3349767,DVAR-3A73DB20F3349767,chair_leg_extended_stretch_mobility_stretch_bodyweight__neck_no_load_safe_v1,exercise-catalog-v2.0.2-final,PAIN_ALTERNATIVE_POLICY,pain_alternative_policy,1548,VALID_NUMERIC,DVAR-3A73DB20F3349767,GYMVISUAL,ALTERNATIVE_BASE_EXERCISE_MATCH,,UNAVAILABLE,UNAVAILABLE,NO_RECORD_SPECIFIC_MEDIA_MAPPING_REVIEWED,NOT_REQUESTED,,APPROVED,USER_DIRECT_REVIEW_2026_08_29,2026-08-29T00:00:00+09:00,EXTERNAL_EXPERT_SOURCE_APPROVAL; OWNER_VISUAL_REVIEW; NO_RECORD_SPECIFIC_MEDIA_MAPPING,true,HIDDEN,images/1548-xGgAGPm.jpg,videos/1548-xGgAGPm.gif,,,,,,,,,,,,,,,,,,,,
DVAR-3B2E8D5E61B19928,DVAR-3B2E8D5E61B19928,barbell_front_raise_isolation_barbell__hip_no_load_safe_v1,exercise-catalog-v2.0.2-final,PAIN_ALTERNATIVE_POLICY,pain_alternative_policy,0041,VALID_NUMERIC,DVAR-3B2E8D5E61B19928,GYMVISUAL,EXACT_NAME_MATCH,,UNAVAILABLE,UNAVAILABLE,NO_RECORD_SPECIFIC_MEDIA_MAPPING_REVIEWED,NOT_REQUESTED,,APPROVED,USER_DIRECT_REVIEW_2026_08_29,2026-08-29T00:00:00+09:00,EXTERNAL_EXPERT_SOURCE_APPROVAL; OWNER_VISUAL_REVIEW; NO_RECORD_SPECIFIC_MEDIA_MAPPING,true,HIDDEN,images/0041-b2Uoz54.jpg,videos/0041-b2Uoz54.gif,,,,,,,,,,,,,,,,,,,,
DVAR-3F9C1C0539D4277E,DVAR-3F9C1C0539D4277E,chest_front_shoulder_stretch_mobility_stretch_bodyweight__hip_no_load_safe_v1,exercise-catalog-v2.0.2-final,PAIN_ALTERNATIVE_POLICY,pain_alternative_policy,1271,VALID_NUMERIC,DVAR-3F9C1C0539D4277E,GYMVISUAL,EXACT_NAME_MATCH,,UNAVAILABLE,UNAVAILABLE,NO_RECORD_SPECIFIC_MEDIA_MAPPING_REVIEWED,NOT_REQUESTED,,APPROVED,USER_DIRECT_REVIEW_2026_08_29,2026-08-29T00:00:00+09:00,EXTERNAL_EXPERT_SOURCE_APPROVAL; OWNER_VISUAL_REVIEW; NO_RECORD_SPECIFIC_MEDIA_MAPPING,true,HIDDEN,images/1271-Uto7l43.jpg,videos/1271-Uto7l43.gif,,,,,,,,,,,,,,,,,,,,
DVAR-410ADD7957C17443,DVAR-410ADD7957C17443,upper_back_stretch_mobility_stretch_bodyweight__knee_no_load_safe_v1,exercise-catalog-v2.0.2-final,PAIN_ALTERNATIVE_POLICY,pain_alternative_policy,1365,VALID_NUMERIC,DVAR-410ADD7957C17443,GYMVISUAL,EXACT_NAME_MATCH,,UNAVAILABLE,UNAVAILABLE,NO_RECORD_SPECIFIC_MEDIA_MAPPING_REVIEWED,NOT_REQUESTED,,APPROVED,USER_DIRECT_REVIEW_2026_08_29,2026-08-29T00:00:00+09:00,EXTERNAL_EXPERT_SOURCE_APPROVAL; OWNER_VISUAL_REVIEW; NO_RECORD_SPECIFIC_MEDIA_MAPPING,true,HIDDEN,images/1365-GSDioYu.jpg,videos/1365-GSDioYu.gif,,,,,,,,,,,,,,,,,,,,
DVAR-439BA655BC3B7BC0,DVAR-439BA655BC3B7BC0,seated_calf_raise_isolation_barbell__shoulder_no_load_safe_v1,exercise-catalog-v2.0.2-final,PAIN_ALTERNATIVE_POLICY,pain_alternative_policy,0088,VALID_NUMERIC,DVAR-439BA655BC3B7BC0,GYMVISUAL,ALTERNATIVE_BASE_EXERCISE_MATCH,,UNAVAILABLE,UNAVAILABLE,NO_RECORD_SPECIFIC_MEDIA_MAPPING_REVIEWED,NOT_REQUESTED,,APPROVED,USER_DIRECT_REVIEW_2026_08_29,2026-08-29T00:00:00+09:00,EXTERNAL_EXPERT_SOURCE_APPROVAL; OWNER_VISUAL_REVIEW; NO_RECORD_SPECIFIC_MEDIA_MAPPING,true,HIDDEN,images/0088-ktsFQAZ.jpg,videos/0088-ktsFQAZ.gif,,,,,,,,,,,,,,,,,,,,
DVAR-45620004263946C3,DVAR-45620004263946C3,side_lying_quadriceps_stretch_mobility_stretch_bodyweight__upper_back_no_load_safe_v1,exercise-catalog-v2.0.2-final,PAIN_ALTERNATIVE_POLICY,pain_alternative_policy,0613,VALID_NUMERIC,DVAR-45620004263946C3,GYMVISUAL,ALTERNATIVE_BASE_EXERCISE_MATCH,,UNAVAILABLE,UNAVAILABLE,NO_RECORD_SPECIFIC_MEDIA_MAPPING_REVIEWED,NOT_REQUESTED,,APPROVED,USER_DIRECT_REVIEW_2026_08_29,2026-08-29T00:00:00+09:00,EXTERNAL_EXPERT_SOURCE_APPROVAL; OWNER_VISUAL_REVIEW; NO_RECORD_SPECIFIC_MEDIA_MAPPING,true,HIDDEN,images/0613-BWnJR72.jpg,videos/0613-BWnJR72.gif,,,,,,,,,,,,,,,,,,,,
DVAR-487544E110C93537,DVAR-487544E110C93537,dumbbell_standing_curl_isolation_dumbbell__hip_no_load_safe_v1,exercise-catalog-v2.0.2-final,PAIN_ALTERNATIVE_POLICY,pain_alternative_policy,0416,VALID_NUMERIC,DVAR-487544E110C93537,GYMVISUAL,EXACT_NAME_MATCH,,UNAVAILABLE,UNAVAILABLE,NO_RECORD_SPECIFIC_MEDIA_MAPPING_REVIEWED,NOT_REQUESTED,,APPROVED,USER_DIRECT_REVIEW_2026_08_29,2026-08-29T00:00:00+09:00,EXTERNAL_EXPERT_SOURCE_APPROVAL; OWNER_VISUAL_REVIEW; NO_RECORD_SPECIFIC_MEDIA_MAPPING,true,HIDDEN,images/0416-3s4NnTh.jpg,videos/0416-3s4NnTh.gif,,,,,,,,,,,,,,,,,,,,
DVAR-49E0D30E19CCD2DA,DVAR-49E0D30E19CCD2DA,side_wrist_pull_stretch_mobility_stretch_bodyweight__hip_no_load_safe_v1,exercise-catalog-v2.0.2-final,PAIN_ALTERNATIVE_POLICY,pain_alternative_policy,0721,VALID_NUMERIC,DVAR-49E0D30E19CCD2DA,GYMVISUAL,EXACT_NAME_MATCH,,UNAVAILABLE,UNAVAILABLE,NO_RECORD_SPECIFIC_MEDIA_MAPPING_REVIEWED,NOT_REQUESTED,,APPROVED,USER_DIRECT_REVIEW_2026_08_29,2026-08-29T00:00:00+09:00,EXTERNAL_EXPERT_SOURCE_APPROVAL; OWNER_VISUAL_REVIEW; NO_RECORD_SPECIFIC_MEDIA_MAPPING,true,HIDDEN,images/0721-UtmIqcI.jpg,videos/0721-UtmIqcI.gif,,,,,,,,,,,,,,,,,,,,
DVAR-4AFB61578A427189,DVAR-4AFB61578A427189,butterfly_adductor_stretch_mobility_stretch_bodyweight__shoulder_no_load_safe_v1,exercise-catalog-v2.0.2-final,PAIN_ALTERNATIVE_POLICY,pain_alternative_policy,1494,VALID_NUMERIC,DVAR-4AFB61578A427189,GYMVISUAL,EXACT_NAME_MATCH,,UNAVAILABLE,UNAVAILABLE,NO_RECORD_SPECIFIC_MEDIA_MAPPING_REVIEWED,NOT_REQUESTED,,APPROVED,USER_DIRECT_REVIEW_2026_08_29,2026-08-29T00:00:00+09:00,EXTERNAL_EXPERT_SOURCE_APPROVAL; OWNER_VISUAL_REVIEW; NO_RECORD_SPECIFIC_MEDIA_MAPPING,true,HIDDEN,images/1494-bWlZvXh.jpg,videos/1494-bWlZvXh.gif,,,,,,,,,,,,,,,,,,,,
DVAR-4CEDEDE6230588EC,DVAR-4CEDEDE6230588EC,runners_stretch_mobility_stretch_bodyweight__upper_back_no_load_safe_v1,exercise-catalog-v2.0.2-final,PAIN_ALTERNATIVE_POLICY,pain_alternative_policy,1585,VALID_NUMERIC,DVAR-4CEDEDE6230588EC,GYMVISUAL,EXACT_NAME_MATCH,,UNAVAILABLE,UNAVAILABLE,NO_RECORD_SPECIFIC_MEDIA_MAPPING_REVIEWED,NOT_REQUESTED,,APPROVED,USER_DIRECT_REVIEW_2026_08_29,2026-08-29T00:00:00+09:00,EXTERNAL_EXPERT_SOURCE_APPROVAL; OWNER_VISUAL_REVIEW; NO_RECORD_SPECIFIC_MEDIA_MAPPING,true,HIDDEN,images/1585-0mB6wHO.jpg,videos/1585-0mB6wHO.gif,,,,,,,,,,,,,,,,,,,,
DVAR-4E47895F88158AE5,DVAR-4E47895F88158AE5,hamstring_stretch_mobility_stretch_bodyweight__abdomen_no_load_safe_v1,exercise-catalog-v2.0.2-final,PAIN_ALTERNATIVE_POLICY,pain_alternative_policy,1511,VALID_NUMERIC,DVAR-4E47895F88158AE5,GYMVISUAL,EXACT_NAME_MATCH,,UNAVAILABLE,UNAVAILABLE,NO_RECORD_SPECIFIC_MEDIA_MAPPING_REVIEWED,NOT_REQUESTED,,APPROVED,USER_DIRECT_REVIEW_2026_08_29,2026-08-29T00:00:00+09:00,EXTERNAL_EXPERT_SOURCE_APPROVAL; OWNER_VISUAL_REVIEW; NO_RECORD_SPECIFIC_MEDIA_MAPPING,true,HIDDEN,images/1511-99rWm7w.jpg,videos/1511-99rWm7w.gif,,,,,,,,,,,,,,,,,,,,
DVAR-51B939268597C1C2,DVAR-51B939268597C1C2,barbell_front_raise_isolation_barbell__abdomen_no_load_safe_v1,exercise-catalog-v2.0.2-final,PAIN_ALTERNATIVE_POLICY,pain_alternative_policy,0041,VALID_NUMERIC,DVAR-51B939268597C1C2,GYMVISUAL,EXACT_NAME_MATCH,,UNAVAILABLE,UNAVAILABLE,NO_RECORD_SPECIFIC_MEDIA_MAPPING_REVIEWED,NOT_REQUESTED,,APPROVED,USER_DIRECT_REVIEW_2026_08_29,2026-08-29T00:00:00+09:00,EXTERNAL_EXPERT_SOURCE_APPROVAL; OWNER_VISUAL_REVIEW; NO_RECORD_SPECIFIC_MEDIA_MAPPING,true,HIDDEN,images/0041-b2Uoz54.jpg,videos/0041-b2Uoz54.gif,,,,,,,,,,,,,,,,,,,,
DVAR-57A865079E6288C0,DVAR-57A865079E6288C0,triceps_stretch_mobility_stretch_bodyweight__ankle_foot_no_load_safe_v1,exercise-catalog-v2.0.2-final,PAIN_ALTERNATIVE_POLICY,pain_alternative_policy,0817,VALID_NUMERIC,DVAR-57A865079E6288C0,GYMVISUAL,EXACT_NAME_MATCH,,UNAVAILABLE,UNAVAILABLE,NO_RECORD_SPECIFIC_MEDIA_MAPPING_REVIEWED,NOT_REQUESTED,,APPROVED,USER_DIRECT_REVIEW_2026_08_29,2026-08-29T00:00:00+09:00,EXTERNAL_EXPERT_SOURCE_APPROVAL; OWNER_VISUAL_REVIEW; NO_RECORD_SPECIFIC_MEDIA_MAPPING,true,HIDDEN,images/0817-uOV3Itw.jpg,videos/0817-uOV3Itw.gif,,,,,,,,,,,,,,,,,,,,
DVAR-57ADC482D0C91C98,DVAR-57ADC482D0C91C98,barbell_front_raise_isolation_barbell__lower_back_no_load_safe_v1,exercise-catalog-v2.0.2-final,PAIN_ALTERNATIVE_POLICY,pain_alternative_policy,0041,VALID_NUMERIC,DVAR-57ADC482D0C91C98,GYMVISUAL,EXACT_NAME_MATCH,,UNAVAILABLE,UNAVAILABLE,NO_RECORD_SPECIFIC_MEDIA_MAPPING_REVIEWED,NOT_REQUESTED,,APPROVED,USER_DIRECT_REVIEW_2026_08_29,2026-08-29T00:00:00+09:00,EXTERNAL_EXPERT_SOURCE_APPROVAL; OWNER_VISUAL_REVIEW; NO_RECORD_SPECIFIC_MEDIA_MAPPING,true,HIDDEN,images/0041-b2Uoz54.jpg,videos/0041-b2Uoz54.gif,,,,,,,,,,,,,,,,,,,,
DVAR-5C8E3929479AD7D8,DVAR-5C8E3929479AD7D8,bodyweight_standing_calf_raise_isolation_bodyweight__lower_back_no_load_safe_v1,exercise-catalog-v2.0.2-final,PAIN_ALTERNATIVE_POLICY,pain_alternative_policy,1373,VALID_NUMERIC,DVAR-5C8E3929479AD7D8,GYMVISUAL,ALTERNATIVE_BASE_EXERCISE_MATCH,,UNAVAILABLE,UNAVAILABLE,NO_RECORD_SPECIFIC_MEDIA_MAPPING_REVIEWED,NOT_REQUESTED,,APPROVED,USER_DIRECT_REVIEW_2026_08_29,2026-08-29T00:00:00+09:00,EXTERNAL_EXPERT_SOURCE_APPROVAL; OWNER_VISUAL_REVIEW; NO_RECORD_SPECIFIC_MEDIA_MAPPING,true,HIDDEN,images/1373-bJYHBIN.jpg,videos/1373-bJYHBIN.gif,,,,,,,,,,,,,,,,,,,,
DVAR-63AD4E2D01416860,DVAR-63AD4E2D01416860,runners_stretch_mobility_stretch_bodyweight__neck_no_load_safe_v1,exercise-catalog-v2.0.2-final,PAIN_ALTERNATIVE_POLICY,pain_alternative_policy,1585,VALID_NUMERIC,DVAR-63AD4E2D01416860,GYMVISUAL,EXACT_NAME_MATCH,,UNAVAILABLE,UNAVAILABLE,NO_RECORD_SPECIFIC_MEDIA_MAPPING_REVIEWED,NOT_REQUESTED,,APPROVED,USER_DIRECT_REVIEW_2026_08_29,2026-08-29T00:00:00+09:00,EXTERNAL_EXPERT_SOURCE_APPROVAL; OWNER_VISUAL_REVIEW; NO_RECORD_SPECIFIC_MEDIA_MAPPING,true,HIDDEN,images/1585-0mB6wHO.jpg,videos/1585-0mB6wHO.gif,,,,,,,,,,,,,,,,,,,,
DVAR-6764158E5944E97A,DVAR-6764158E5944E97A,seated_calf_stretch_mobility_stretch_bodyweight__lower_back_no_load_safe_v1,exercise-catalog-v2.0.2-final,PAIN_ALTERNATIVE_POLICY,pain_alternative_policy,1390,VALID_NUMERIC,DVAR-6764158E5944E97A,GYMVISUAL,ALTERNATIVE_BASE_EXERCISE_MATCH,,UNAVAILABLE,UNAVAILABLE,NO_RECORD_SPECIFIC_MEDIA_MAPPING_REVIEWED,NOT_REQUESTED,,APPROVED,USER_DIRECT_REVIEW_2026_08_29,2026-08-29T00:00:00+09:00,EXTERNAL_EXPERT_SOURCE_APPROVAL; OWNER_VISUAL_REVIEW; NO_RECORD_SPECIFIC_MEDIA_MAPPING,true,HIDDEN,images/1390-17bqEXD.jpg,videos/1390-17bqEXD.gif,,,,,,,,,,,,,,,,,,,,
DVAR-67F0C6ACF2D0B6BA,DVAR-67F0C6ACF2D0B6BA,seated_piriformis_stretch_mobility_stretch_bodyweight__neck_no_load_safe_v1,exercise-catalog-v2.0.2-final,PAIN_ALTERNATIVE_POLICY,pain_alternative_policy,2567,VALID_NUMERIC,DVAR-67F0C6ACF2D0B6BA,GYMVISUAL,ALTERNATIVE_BASE_EXERCISE_MATCH,,UNAVAILABLE,UNAVAILABLE,NO_RECORD_SPECIFIC_MEDIA_MAPPING_REVIEWED,NOT_REQUESTED,,APPROVED,USER_DIRECT_REVIEW_2026_08_29,2026-08-29T00:00:00+09:00,EXTERNAL_EXPERT_SOURCE_APPROVAL; OWNER_VISUAL_REVIEW; NO_RECORD_SPECIFIC_MEDIA_MAPPING,true,HIDDEN,images/2567-QY39eBr.jpg,videos/2567-QY39eBr.gif,,,,,,,,,,,,,,,,,,,,
DVAR-691B90C811748C97,DVAR-691B90C811748C97,butterfly_adductor_stretch_mobility_stretch_bodyweight__upper_back_no_load_safe_v1,exercise-catalog-v2.0.2-final,PAIN_ALTERNATIVE_POLICY,pain_alternative_policy,1494,VALID_NUMERIC,DVAR-691B90C811748C97,GYMVISUAL,EXACT_NAME_MATCH,,UNAVAILABLE,UNAVAILABLE,NO_RECORD_SPECIFIC_MEDIA_MAPPING_REVIEWED,NOT_REQUESTED,,APPROVED,USER_DIRECT_REVIEW_2026_08_29,2026-08-29T00:00:00+09:00,EXTERNAL_EXPERT_SOURCE_APPROVAL; OWNER_VISUAL_REVIEW; NO_RECORD_SPECIFIC_MEDIA_MAPPING,true,HIDDEN,images/1494-bWlZvXh.jpg,videos/1494-bWlZvXh.gif,,,,,,,,,,,,,,,,,,,,
DVAR-6B6A6F150F4812B5,DVAR-6B6A6F150F4812B5,one_arm_wall_lats_isolation_bodyweight__hip_no_load_safe_v1,exercise-catalog-v2.0.2-final,PAIN_ALTERNATIVE_POLICY,pain_alternative_policy,1355,VALID_NUMERIC,DVAR-6B6A6F150F4812B5,GYMVISUAL,ALTERNATIVE_BASE_EXERCISE_MATCH,,UNAVAILABLE,UNAVAILABLE,NO_RECORD_SPECIFIC_MEDIA_MAPPING_REVIEWED,NOT_REQUESTED,,APPROVED,USER_DIRECT_REVIEW_2026_08_29,2026-08-29T00:00:00+09:00,EXTERNAL_EXPERT_SOURCE_APPROVAL; OWNER_VISUAL_REVIEW; NO_RECORD_SPECIFIC_MEDIA_MAPPING,true,HIDDEN,images/1355-ZZTGMKh.jpg,videos/1355-ZZTGMKh.gif,,,,,,,,,,,,,,,,,,,,
DVAR-6E70CC6524F991D2,DVAR-6E70CC6524F991D2,wall_calf_stretch_mobility_stretch_bodyweight__abdomen_no_load_safe_v1,exercise-catalog-v2.0.2-final,PAIN_ALTERNATIVE_POLICY,pain_alternative_policy,1377,VALID_NUMERIC,DVAR-6E70CC6524F991D2,GYMVISUAL,ALTERNATIVE_BASE_EXERCISE_MATCH,,UNAVAILABLE,UNAVAILABLE,NO_RECORD_SPECIFIC_MEDIA_MAPPING_REVIEWED,NOT_REQUESTED,,APPROVED,USER_DIRECT_REVIEW_2026_08_29,2026-08-29T00:00:00+09:00,EXTERNAL_EXPERT_SOURCE_APPROVAL; OWNER_VISUAL_REVIEW; NO_RECORD_SPECIFIC_MEDIA_MAPPING,true,HIDDEN,images/1377-m0tCHqc.jpg,videos/1377-m0tCHqc.gif,,,,,,,,,,,,,,,,,,,,
DVAR-6F87AC6ADC514415,DVAR-6F87AC6ADC514415,seated_glute_stretch_mobility_stretch_bodyweight__upper_back_no_load_safe_v1,exercise-catalog-v2.0.2-final,PAIN_ALTERNATIVE_POLICY,pain_alternative_policy,1424,VALID_NUMERIC,DVAR-6F87AC6ADC514415,GYMVISUAL,ALTERNATIVE_BASE_EXERCISE_MATCH,,UNAVAILABLE,UNAVAILABLE,NO_RECORD_SPECIFIC_MEDIA_MAPPING_REVIEWED,NOT_REQUESTED,,APPROVED,USER_DIRECT_REVIEW_2026_08_29,2026-08-29T00:00:00+09:00,EXTERNAL_EXPERT_SOURCE_APPROVAL; OWNER_VISUAL_REVIEW; NO_RECORD_SPECIFIC_MEDIA_MAPPING,true,HIDDEN,images/1424-DeDThfG.jpg,videos/1424-DeDThfG.gif,,,,,,,,,,,,,,,,,,,,
DVAR-754CFA40B1C65427,DVAR-754CFA40B1C65427,butterfly_adductor_stretch_mobility_stretch_bodyweight__elbow_no_load_safe_v1,exercise-catalog-v2.0.2-final,PAIN_ALTERNATIVE_POLICY,pain_alternative_policy,1494,VALID_NUMERIC,DVAR-754CFA40B1C65427,GYMVISUAL,EXACT_NAME_MATCH,,UNAVAILABLE,UNAVAILABLE,NO_RECORD_SPECIFIC_MEDIA_MAPPING_REVIEWED,NOT_REQUESTED,,APPROVED,USER_DIRECT_REVIEW_2026_08_29,2026-08-29T00:00:00+09:00,EXTERNAL_EXPERT_SOURCE_APPROVAL; OWNER_VISUAL_REVIEW; NO_RECORD_SPECIFIC_MEDIA_MAPPING,true,HIDDEN,images/1494-bWlZvXh.jpg,videos/1494-bWlZvXh.gif,,,,,,,,,,,,,,,,,,,,
DVAR-78019BC41BCE770A,DVAR-78019BC41BCE770A,chair_leg_extended_stretch_mobility_stretch_bodyweight__wrist_hand_no_load_safe_v1,exercise-catalog-v2.0.2-final,PAIN_ALTERNATIVE_POLICY,pain_alternative_policy,1548,VALID_NUMERIC,DVAR-78019BC41BCE770A,GYMVISUAL,ALTERNATIVE_BASE_EXERCISE_MATCH,,UNAVAILABLE,UNAVAILABLE,NO_RECORD_SPECIFIC_MEDIA_MAPPING_REVIEWED,NOT_REQUESTED,,APPROVED,USER_DIRECT_REVIEW_2026_08_29,2026-08-29T00:00:00+09:00,EXTERNAL_EXPERT_SOURCE_APPROVAL; OWNER_VISUAL_REVIEW; NO_RECORD_SPECIFIC_MEDIA_MAPPING,true,HIDDEN,images/1548-xGgAGPm.jpg,videos/1548-xGgAGPm.gif,,,,,,,,,,,,,,,,,,,,
DVAR-797356CB391528BF,DVAR-797356CB391528BF,overhead_triceps_stretch_mobility_stretch_bodyweight__ankle_foot_no_load_safe_v1,exercise-catalog-v2.0.2-final,PAIN_ALTERNATIVE_POLICY,pain_alternative_policy,0643,VALID_NUMERIC,DVAR-797356CB391528BF,GYMVISUAL,EXACT_NAME_MATCH,,UNAVAILABLE,UNAVAILABLE,NO_RECORD_SPECIFIC_MEDIA_MAPPING_REVIEWED,NOT_REQUESTED,,APPROVED,USER_DIRECT_REVIEW_2026_08_29,2026-08-29T00:00:00+09:00,EXTERNAL_EXPERT_SOURCE_APPROVAL; OWNER_VISUAL_REVIEW; NO_RECORD_SPECIFIC_MEDIA_MAPPING,true,HIDDEN,images/0643-Z5YStHW.jpg,videos/0643-Z5YStHW.gif,,,,,,,,,,,,,,,,,,,,
DVAR-7D30F2A8308533FE,DVAR-7D30F2A8308533FE,seated_glute_stretch_mobility_stretch_bodyweight__lower_back_no_load_safe_v1,exercise-catalog-v2.0.2-final,PAIN_ALTERNATIVE_POLICY,pain_alternative_policy,1424,VALID_NUMERIC,DVAR-7D30F2A8308533FE,GYMVISUAL,ALTERNATIVE_BASE_EXERCISE_MATCH,,UNAVAILABLE,UNAVAILABLE,NO_RECORD_SPECIFIC_MEDIA_MAPPING_REVIEWED,NOT_REQUESTED,,APPROVED,USER_DIRECT_REVIEW_2026_08_29,2026-08-29T00:00:00+09:00,EXTERNAL_EXPERT_SOURCE_APPROVAL; OWNER_VISUAL_REVIEW; NO_RECORD_SPECIFIC_MEDIA_MAPPING,true,HIDDEN,images/1424-DeDThfG.jpg,videos/1424-DeDThfG.gif,,,,,,,,,,,,,,,,,,,,
DVAR-82501686CF95380A,DVAR-82501686CF95380A,neck_lateral_stretch_mobility_stretch_bodyweight__ankle_foot_no_load_safe_v1,exercise-catalog-v2.0.2-final,PAIN_ALTERNATIVE_POLICY,pain_alternative_policy,1403,VALID_NUMERIC,DVAR-82501686CF95380A,GYMVISUAL,EXACT_NAME_MATCH,,UNAVAILABLE,UNAVAILABLE,NO_RECORD_SPECIFIC_MEDIA_MAPPING_REVIEWED,NOT_REQUESTED,,APPROVED,USER_DIRECT_REVIEW_2026_08_29,2026-08-29T00:00:00+09:00,EXTERNAL_EXPERT_SOURCE_APPROVAL; OWNER_VISUAL_REVIEW; NO_RECORD_SPECIFIC_MEDIA_MAPPING,true,HIDDEN,images/1403-x2chWLO.jpg,videos/1403-x2chWLO.gif,,,,,,,,,,,,,,,,,,,,
DVAR-889F35FB54AD157C,DVAR-889F35FB54AD157C,dumbbell_standing_curl_isolation_dumbbell__lower_back_no_load_safe_v1,exercise-catalog-v2.0.2-final,PAIN_ALTERNATIVE_POLICY,pain_alternative_policy,0416,VALID_NUMERIC,DVAR-889F35FB54AD157C,GYMVISUAL,EXACT_NAME_MATCH,,UNAVAILABLE,UNAVAILABLE,NO_RECORD_SPECIFIC_MEDIA_MAPPING_REVIEWED,NOT_REQUESTED,,APPROVED,USER_DIRECT_REVIEW_2026_08_29,2026-08-29T00:00:00+09:00,EXTERNAL_EXPERT_SOURCE_APPROVAL; OWNER_VISUAL_REVIEW; NO_RECORD_SPECIFIC_MEDIA_MAPPING,true,HIDDEN,images/0416-3s4NnTh.jpg,videos/0416-3s4NnTh.gif,,,,,,,,,,,,,,,,,,,,
DVAR-8986420CC1824B81,DVAR-8986420CC1824B81,seated_glute_stretch_mobility_stretch_bodyweight__neck_no_load_safe_v1,exercise-catalog-v2.0.2-final,PAIN_ALTERNATIVE_POLICY,pain_alternative_policy,1424,VALID_NUMERIC,DVAR-8986420CC1824B81,GYMVISUAL,ALTERNATIVE_BASE_EXERCISE_MATCH,,UNAVAILABLE,UNAVAILABLE,NO_RECORD_SPECIFIC_MEDIA_MAPPING_REVIEWED,NOT_REQUESTED,,APPROVED,USER_DIRECT_REVIEW_2026_08_29,2026-08-29T00:00:00+09:00,EXTERNAL_EXPERT_SOURCE_APPROVAL; OWNER_VISUAL_REVIEW; NO_RECORD_SPECIFIC_MEDIA_MAPPING,true,HIDDEN,images/1424-DeDThfG.jpg,videos/1424-DeDThfG.gif,,,,,,,,,,,,,,,,,,,,
DVAR-8C83EA75C5EB2A81,DVAR-8C83EA75C5EB2A81,side_lying_quadriceps_stretch_mobility_stretch_bodyweight__abdomen_no_load_safe_v1,exercise-catalog-v2.0.2-final,PAIN_ALTERNATIVE_POLICY,pain_alternative_policy,0613,VALID_NUMERIC,DVAR-8C83EA75C5EB2A81,GYMVISUAL,ALTERNATIVE_BASE_EXERCISE_MATCH,,UNAVAILABLE,UNAVAILABLE,NO_RECORD_SPECIFIC_MEDIA_MAPPING_REVIEWED,NOT_REQUESTED,,APPROVED,USER_DIRECT_REVIEW_2026_08_29,2026-08-29T00:00:00+09:00,EXTERNAL_EXPERT_SOURCE_APPROVAL; OWNER_VISUAL_REVIEW; NO_RECORD_SPECIFIC_MEDIA_MAPPING,true,HIDDEN,images/0613-BWnJR72.jpg,videos/0613-BWnJR72.gif,,,,,,,,,,,,,,,,,,,,
DVAR-9432BB9760D2677F,DVAR-9432BB9760D2677F,butterfly_adductor_stretch_mobility_stretch_bodyweight__abdomen_no_load_safe_v1,exercise-catalog-v2.0.2-final,PAIN_ALTERNATIVE_POLICY,pain_alternative_policy,1494,VALID_NUMERIC,DVAR-9432BB9760D2677F,GYMVISUAL,EXACT_NAME_MATCH,,UNAVAILABLE,UNAVAILABLE,NO_RECORD_SPECIFIC_MEDIA_MAPPING_REVIEWED,NOT_REQUESTED,,APPROVED,USER_DIRECT_REVIEW_2026_08_29,2026-08-29T00:00:00+09:00,EXTERNAL_EXPERT_SOURCE_APPROVAL; OWNER_VISUAL_REVIEW; NO_RECORD_SPECIFIC_MEDIA_MAPPING,true,HIDDEN,images/1494-bWlZvXh.jpg,videos/1494-bWlZvXh.gif,,,,,,,,,,,,,,,,,,,,
DVAR-99EA1AE55B52D628,DVAR-99EA1AE55B52D628,rear_deltoid_stretch_mobility_stretch_bodyweight__ankle_foot_no_load_safe_v1,exercise-catalog-v2.0.2-final,PAIN_ALTERNATIVE_POLICY,pain_alternative_policy,0669,VALID_NUMERIC,DVAR-99EA1AE55B52D628,GYMVISUAL,EXACT_NAME_MATCH,,UNAVAILABLE,UNAVAILABLE,NO_RECORD_SPECIFIC_MEDIA_MAPPING_REVIEWED,NOT_REQUESTED,,APPROVED,USER_DIRECT_REVIEW_2026_08_29,2026-08-29T00:00:00+09:00,EXTERNAL_EXPERT_SOURCE_APPROVAL; OWNER_VISUAL_REVIEW; NO_RECORD_SPECIFIC_MEDIA_MAPPING,true,HIDDEN,images/0669-xifhB5W.jpg,videos/0669-xifhB5W.gif,,,,,,,,,,,,,,,,,,,,
DVAR-9A46CA5E3E420CBB,DVAR-9A46CA5E3E420CBB,seated_calf_stretch_mobility_stretch_bodyweight__wrist_hand_no_load_safe_v1,exercise-catalog-v2.0.2-final,PAIN_ALTERNATIVE_POLICY,pain_alternative_policy,1390,VALID_NUMERIC,DVAR-9A46CA5E3E420CBB,GYMVISUAL,ALTERNATIVE_BASE_EXERCISE_MATCH,,UNAVAILABLE,UNAVAILABLE,NO_RECORD_SPECIFIC_MEDIA_MAPPING_REVIEWED,NOT_REQUESTED,,APPROVED,USER_DIRECT_REVIEW_2026_08_29,2026-08-29T00:00:00+09:00,EXTERNAL_EXPERT_SOURCE_APPROVAL; OWNER_VISUAL_REVIEW; NO_RECORD_SPECIFIC_MEDIA_MAPPING,true,HIDDEN,images/1390-17bqEXD.jpg,videos/1390-17bqEXD.gif,,,,,,,,,,,,,,,,,,,,
DVAR-9D87E310514D2812,DVAR-9D87E310514D2812,wrist_circles_mobility_stretch_bodyweight__hip_no_load_safe_v1,exercise-catalog-v2.0.2-final,PAIN_ALTERNATIVE_POLICY,pain_alternative_policy,1428,VALID_NUMERIC,DVAR-9D87E310514D2812,GYMVISUAL,EXACT_NAME_MATCH,,UNAVAILABLE,UNAVAILABLE,NO_RECORD_SPECIFIC_MEDIA_MAPPING_REVIEWED,NOT_REQUESTED,,APPROVED,USER_DIRECT_REVIEW_2026_08_29,2026-08-29T00:00:00+09:00,EXTERNAL_EXPERT_SOURCE_APPROVAL; OWNER_VISUAL_REVIEW; NO_RECORD_SPECIFIC_MEDIA_MAPPING,true,HIDDEN,images/1428-2zNKRUB.jpg,videos/1428-2zNKRUB.gif,,,,,,,,,,,,,,,,,,,,
DVAR-9E51F99EBE51B94E,DVAR-9E51F99EBE51B94E,seated_glute_stretch_mobility_stretch_bodyweight__abdomen_no_load_safe_v1,exercise-catalog-v2.0.2-final,PAIN_ALTERNATIVE_POLICY,pain_alternative_policy,1424,VALID_NUMERIC,DVAR-9E51F99EBE51B94E,GYMVISUAL,ALTERNATIVE_BASE_EXERCISE_MATCH,,UNAVAILABLE,UNAVAILABLE,NO_RECORD_SPECIFIC_MEDIA_MAPPING_REVIEWED,NOT_REQUESTED,,APPROVED,USER_DIRECT_REVIEW_2026_08_29,2026-08-29T00:00:00+09:00,EXTERNAL_EXPERT_SOURCE_APPROVAL; OWNER_VISUAL_REVIEW; NO_RECORD_SPECIFIC_MEDIA_MAPPING,true,HIDDEN,images/1424-DeDThfG.jpg,videos/1424-DeDThfG.gif,,,,,,,,,,,,,,,,,,,,
DVAR-A5660508D8559197,DVAR-A5660508D8559197,butterfly_adductor_stretch_mobility_stretch_bodyweight__lower_back_no_load_safe_v1,exercise-catalog-v2.0.2-final,PAIN_ALTERNATIVE_POLICY,pain_alternative_policy,1494,VALID_NUMERIC,DVAR-A5660508D8559197,GYMVISUAL,EXACT_NAME_MATCH,,UNAVAILABLE,UNAVAILABLE,NO_RECORD_SPECIFIC_MEDIA_MAPPING_REVIEWED,NOT_REQUESTED,,APPROVED,USER_DIRECT_REVIEW_2026_08_29,2026-08-29T00:00:00+09:00,EXTERNAL_EXPERT_SOURCE_APPROVAL; OWNER_VISUAL_REVIEW; NO_RECORD_SPECIFIC_MEDIA_MAPPING,true,HIDDEN,images/1494-bWlZvXh.jpg,videos/1494-bWlZvXh.gif,,,,,,,,,,,,,,,,,,,,
DVAR-AB7187925CA96B5D,DVAR-AB7187925CA96B5D,overhead_triceps_stretch_mobility_stretch_bodyweight__hip_no_load_safe_v1,exercise-catalog-v2.0.2-final,PAIN_ALTERNATIVE_POLICY,pain_alternative_policy,0643,VALID_NUMERIC,DVAR-AB7187925CA96B5D,GYMVISUAL,EXACT_NAME_MATCH,,UNAVAILABLE,UNAVAILABLE,NO_RECORD_SPECIFIC_MEDIA_MAPPING_REVIEWED,NOT_REQUESTED,,APPROVED,USER_DIRECT_REVIEW_2026_08_29,2026-08-29T00:00:00+09:00,EXTERNAL_EXPERT_SOURCE_APPROVAL; OWNER_VISUAL_REVIEW; NO_RECORD_SPECIFIC_MEDIA_MAPPING,true,HIDDEN,images/0643-Z5YStHW.jpg,videos/0643-Z5YStHW.gif,,,,,,,,,,,,,,,,,,,,
DVAR-AC2A0EE066A11173,DVAR-AC2A0EE066A11173,wrist_circles_mobility_stretch_bodyweight__knee_no_load_safe_v1,exercise-catalog-v2.0.2-final,PAIN_ALTERNATIVE_POLICY,pain_alternative_policy,1428,VALID_NUMERIC,DVAR-AC2A0EE066A11173,GYMVISUAL,EXACT_NAME_MATCH,,UNAVAILABLE,UNAVAILABLE,NO_RECORD_SPECIFIC_MEDIA_MAPPING_REVIEWED,NOT_REQUESTED,,APPROVED,USER_DIRECT_REVIEW_2026_08_29,2026-08-29T00:00:00+09:00,EXTERNAL_EXPERT_SOURCE_APPROVAL; OWNER_VISUAL_REVIEW; NO_RECORD_SPECIFIC_MEDIA_MAPPING,true,HIDDEN,images/1428-2zNKRUB.jpg,videos/1428-2zNKRUB.gif,,,,,,,,,,,,,,,,,,,,
DVAR-B2924F279D12A89F,DVAR-B2924F279D12A89F,dynamic_chest_stretch_mobility_stretch_bodyweight__knee_no_load_safe_v1,exercise-catalog-v2.0.2-final,PAIN_ALTERNATIVE_POLICY,pain_alternative_policy,1167,VALID_NUMERIC,DVAR-B2924F279D12A89F,GYMVISUAL,EXACT_NAME_MATCH,,UNAVAILABLE,UNAVAILABLE,NO_RECORD_SPECIFIC_MEDIA_MAPPING_REVIEWED,NOT_REQUESTED,,APPROVED,USER_DIRECT_REVIEW_2026_08_29,2026-08-29T00:00:00+09:00,EXTERNAL_EXPERT_SOURCE_APPROVAL; OWNER_VISUAL_REVIEW; NO_RECORD_SPECIFIC_MEDIA_MAPPING,true,HIDDEN,images/1167-3uj0Ozg.jpg,videos/1167-3uj0Ozg.gif,,,,,,,,,,,,,,,,,,,,
DVAR-B7D200EC585E724E,DVAR-B7D200EC585E724E,runners_stretch_mobility_stretch_bodyweight__lower_back_no_load_safe_v1,exercise-catalog-v2.0.2-final,PAIN_ALTERNATIVE_POLICY,pain_alternative_policy,1585,VALID_NUMERIC,DVAR-B7D200EC585E724E,GYMVISUAL,EXACT_NAME_MATCH,,UNAVAILABLE,UNAVAILABLE,NO_RECORD_SPECIFIC_MEDIA_MAPPING_REVIEWED,NOT_REQUESTED,,APPROVED,USER_DIRECT_REVIEW_2026_08_29,2026-08-29T00:00:00+09:00,EXTERNAL_EXPERT_SOURCE_APPROVAL; OWNER_VISUAL_REVIEW; NO_RECORD_SPECIFIC_MEDIA_MAPPING,true,HIDDEN,images/1585-0mB6wHO.jpg,videos/1585-0mB6wHO.gif,,,,,,,,,,,,,,,,,,,,
DVAR-B8ECEA0A65C9CA22,DVAR-B8ECEA0A65C9CA22,hamstring_stretch_mobility_stretch_bodyweight__neck_no_load_safe_v1,exercise-catalog-v2.0.2-final,PAIN_ALTERNATIVE_POLICY,pain_alternative_policy,1511,VALID_NUMERIC,DVAR-B8ECEA0A65C9CA22,GYMVISUAL,EXACT_NAME_MATCH,,UNAVAILABLE,UNAVAILABLE,NO_RECORD_SPECIFIC_MEDIA_MAPPING_REVIEWED,NOT_REQUESTED,,APPROVED,USER_DIRECT_REVIEW_2026_08_29,2026-08-29T00:00:00+09:00,EXTERNAL_EXPERT_SOURCE_APPROVAL; OWNER_VISUAL_REVIEW; NO_RECORD_SPECIFIC_MEDIA_MAPPING,true,HIDDEN,images/1511-99rWm7w.jpg,videos/1511-99rWm7w.gif,,,,,,,,,,,,,,,,,,,,
DVAR-C5F648AFAEA2196E,DVAR-C5F648AFAEA2196E,peroneal_stretch_mobility_stretch_stretch_strap__lower_back_no_load_safe_v1,exercise-catalog-v2.0.2-final,PAIN_ALTERNATIVE_POLICY,pain_alternative_policy,1388,VALID_NUMERIC,DVAR-C5F648AFAEA2196E,GYMVISUAL,EXACT_NAME_MATCH,,UNAVAILABLE,UNAVAILABLE,NO_RECORD_SPECIFIC_MEDIA_MAPPING_REVIEWED,NOT_REQUESTED,,APPROVED,USER_DIRECT_REVIEW_2026_08_29,2026-08-29T00:00:00+09:00,EXTERNAL_EXPERT_SOURCE_APPROVAL; OWNER_VISUAL_REVIEW; NO_RECORD_SPECIFIC_MEDIA_MAPPING,true,HIDDEN,images/1388-XhfS1DZ.jpg,videos/1388-XhfS1DZ.gif,,,,,,,,,,,,,,,,,,,,
DVAR-C71E6316733CB362,DVAR-C71E6316733CB362,seated_calf_stretch_mobility_stretch_bodyweight__upper_back_no_load_safe_v1,exercise-catalog-v2.0.2-final,PAIN_ALTERNATIVE_POLICY,pain_alternative_policy,1390,VALID_NUMERIC,DVAR-C71E6316733CB362,GYMVISUAL,ALTERNATIVE_BASE_EXERCISE_MATCH,,UNAVAILABLE,UNAVAILABLE,NO_RECORD_SPECIFIC_MEDIA_MAPPING_REVIEWED,NOT_REQUESTED,,APPROVED,USER_DIRECT_REVIEW_2026_08_29,2026-08-29T00:00:00+09:00,EXTERNAL_EXPERT_SOURCE_APPROVAL; OWNER_VISUAL_REVIEW; NO_RECORD_SPECIFIC_MEDIA_MAPPING,true,HIDDEN,images/1390-17bqEXD.jpg,videos/1390-17bqEXD.gif,,,,,,,,,,,,,,,,,,,,
DVAR-CA1B072FBE998AD5,DVAR-CA1B072FBE998AD5,neck_lateral_stretch_mobility_stretch_bodyweight__hip_no_load_safe_v1,exercise-catalog-v2.0.2-final,PAIN_ALTERNATIVE_POLICY,pain_alternative_policy,1403,VALID_NUMERIC,DVAR-CA1B072FBE998AD5,GYMVISUAL,EXACT_NAME_MATCH,,UNAVAILABLE,UNAVAILABLE,NO_RECORD_SPECIFIC_MEDIA_MAPPING_REVIEWED,NOT_REQUESTED,,APPROVED,USER_DIRECT_REVIEW_2026_08_29,2026-08-29T00:00:00+09:00,EXTERNAL_EXPERT_SOURCE_APPROVAL; OWNER_VISUAL_REVIEW; NO_RECORD_SPECIFIC_MEDIA_MAPPING,true,HIDDEN,images/1403-x2chWLO.jpg,videos/1403-x2chWLO.gif,,,,,,,,,,,,,,,,,,,,
DVAR-D58F02F81420FBED,DVAR-D58F02F81420FBED,barbell_front_raise_isolation_barbell__knee_no_load_safe_v1,exercise-catalog-v2.0.2-final,PAIN_ALTERNATIVE_POLICY,pain_alternative_policy,0041,VALID_NUMERIC,DVAR-D58F02F81420FBED,GYMVISUAL,EXACT_NAME_MATCH,,UNAVAILABLE,UNAVAILABLE,NO_RECORD_SPECIFIC_MEDIA_MAPPING_REVIEWED,NOT_REQUESTED,,APPROVED,USER_DIRECT_REVIEW_2026_08_29,2026-08-29T00:00:00+09:00,EXTERNAL_EXPERT_SOURCE_APPROVAL; OWNER_VISUAL_REVIEW; NO_RECORD_SPECIFIC_MEDIA_MAPPING,true,HIDDEN,images/0041-b2Uoz54.jpg,videos/0041-b2Uoz54.gif,,,,,,,,,,,,,,,,,,,,
DVAR-DB658A7F33902A25,DVAR-DB658A7F33902A25,wall_calf_stretch_mobility_stretch_bodyweight__upper_back_no_load_safe_v1,exercise-catalog-v2.0.2-final,PAIN_ALTERNATIVE_POLICY,pain_alternative_policy,1377,VALID_NUMERIC,DVAR-DB658A7F33902A25,GYMVISUAL,ALTERNATIVE_BASE_EXERCISE_MATCH,,UNAVAILABLE,UNAVAILABLE,NO_RECORD_SPECIFIC_MEDIA_MAPPING_REVIEWED,NOT_REQUESTED,,APPROVED,USER_DIRECT_REVIEW_2026_08_29,2026-08-29T00:00:00+09:00,EXTERNAL_EXPERT_SOURCE_APPROVAL; OWNER_VISUAL_REVIEW; NO_RECORD_SPECIFIC_MEDIA_MAPPING,true,HIDDEN,images/1377-m0tCHqc.jpg,videos/1377-m0tCHqc.gif,,,,,,,,,,,,,,,,,,,,
DVAR-E6D026C8937BBCE6,DVAR-E6D026C8937BBCE6,side_wrist_pull_stretch_mobility_stretch_bodyweight__knee_no_load_safe_v1,exercise-catalog-v2.0.2-final,PAIN_ALTERNATIVE_POLICY,pain_alternative_policy,0721,VALID_NUMERIC,DVAR-E6D026C8937BBCE6,GYMVISUAL,EXACT_NAME_MATCH,,UNAVAILABLE,UNAVAILABLE,NO_RECORD_SPECIFIC_MEDIA_MAPPING_REVIEWED,NOT_REQUESTED,,APPROVED,USER_DIRECT_REVIEW_2026_08_29,2026-08-29T00:00:00+09:00,EXTERNAL_EXPERT_SOURCE_APPROVAL; OWNER_VISUAL_REVIEW; NO_RECORD_SPECIFIC_MEDIA_MAPPING,true,HIDDEN,images/0721-UtmIqcI.jpg,videos/0721-UtmIqcI.gif,,,,,,,,,,,,,,,,,,,,
DVAR-EA075728B904B48B,DVAR-EA075728B904B48B,side_lying_quadriceps_stretch_mobility_stretch_bodyweight__neck_no_load_safe_v1,exercise-catalog-v2.0.2-final,PAIN_ALTERNATIVE_POLICY,pain_alternative_policy,0613,VALID_NUMERIC,DVAR-EA075728B904B48B,GYMVISUAL,ALTERNATIVE_BASE_EXERCISE_MATCH,,UNAVAILABLE,UNAVAILABLE,NO_RECORD_SPECIFIC_MEDIA_MAPPING_REVIEWED,NOT_REQUESTED,,APPROVED,USER_DIRECT_REVIEW_2026_08_29,2026-08-29T00:00:00+09:00,EXTERNAL_EXPERT_SOURCE_APPROVAL; OWNER_VISUAL_REVIEW; NO_RECORD_SPECIFIC_MEDIA_MAPPING,true,HIDDEN,images/0613-BWnJR72.jpg,videos/0613-BWnJR72.gif,,,,,,,,,,,,,,,,,,,,
DVAR-EB514FBF13F9433D,DVAR-EB514FBF13F9433D,dumbbell_shrug_isolation_dumbbell__hip_no_load_safe_v1,exercise-catalog-v2.0.2-final,PAIN_ALTERNATIVE_POLICY,pain_alternative_policy,0406,VALID_NUMERIC,DVAR-EB514FBF13F9433D,GYMVISUAL,EXACT_NAME_MATCH,,UNAVAILABLE,UNAVAILABLE,NO_RECORD_SPECIFIC_MEDIA_MAPPING_REVIEWED,NOT_REQUESTED,,APPROVED,USER_DIRECT_REVIEW_2026_08_29,2026-08-29T00:00:00+09:00,EXTERNAL_EXPERT_SOURCE_APPROVAL; OWNER_VISUAL_REVIEW; NO_RECORD_SPECIFIC_MEDIA_MAPPING,true,HIDDEN,images/0406-NJzBsGJ.jpg,videos/0406-NJzBsGJ.gif,,,,,,,,,,,,,,,,,,,,
DVAR-EBD1C36964A0A133,DVAR-EBD1C36964A0A133,hamstring_stretch_mobility_stretch_bodyweight__shoulder_no_load_safe_v1,exercise-catalog-v2.0.2-final,PAIN_ALTERNATIVE_POLICY,pain_alternative_policy,1511,VALID_NUMERIC,DVAR-EBD1C36964A0A133,GYMVISUAL,EXACT_NAME_MATCH,,UNAVAILABLE,UNAVAILABLE,NO_RECORD_SPECIFIC_MEDIA_MAPPING_REVIEWED,NOT_REQUESTED,,APPROVED,USER_DIRECT_REVIEW_2026_08_29,2026-08-29T00:00:00+09:00,EXTERNAL_EXPERT_SOURCE_APPROVAL; OWNER_VISUAL_REVIEW; NO_RECORD_SPECIFIC_MEDIA_MAPPING,true,HIDDEN,images/1511-99rWm7w.jpg,videos/1511-99rWm7w.gif,,,,,,,,,,,,,,,,,,,,
DVAR-EC243CDB7A0537D3,DVAR-EC243CDB7A0537D3,bodyweight_standing_calf_raise_isolation_bodyweight__abdomen_no_load_safe_v1,exercise-catalog-v2.0.2-final,PAIN_ALTERNATIVE_POLICY,pain_alternative_policy,1373,VALID_NUMERIC,DVAR-EC243CDB7A0537D3,GYMVISUAL,ALTERNATIVE_BASE_EXERCISE_MATCH,,UNAVAILABLE,UNAVAILABLE,NO_RECORD_SPECIFIC_MEDIA_MAPPING_REVIEWED,NOT_REQUESTED,,APPROVED,USER_DIRECT_REVIEW_2026_08_29,2026-08-29T00:00:00+09:00,EXTERNAL_EXPERT_SOURCE_APPROVAL; OWNER_VISUAL_REVIEW; NO_RECORD_SPECIFIC_MEDIA_MAPPING,true,HIDDEN,images/1373-bJYHBIN.jpg,videos/1373-bJYHBIN.gif,,,,,,,,,,,,,,,,,,,,
DVAR-ED6FA4BC14919A64,DVAR-ED6FA4BC14919A64,wall_calf_stretch_mobility_stretch_bodyweight__lower_back_no_load_safe_v1,exercise-catalog-v2.0.2-final,PAIN_ALTERNATIVE_POLICY,pain_alternative_policy,1377,VALID_NUMERIC,DVAR-ED6FA4BC14919A64,GYMVISUAL,ALTERNATIVE_BASE_EXERCISE_MATCH,,UNAVAILABLE,UNAVAILABLE,NO_RECORD_SPECIFIC_MEDIA_MAPPING_REVIEWED,NOT_REQUESTED,,APPROVED,USER_DIRECT_REVIEW_2026_08_29,2026-08-29T00:00:00+09:00,EXTERNAL_EXPERT_SOURCE_APPROVAL; OWNER_VISUAL_REVIEW; NO_RECORD_SPECIFIC_MEDIA_MAPPING,true,HIDDEN,images/1377-m0tCHqc.jpg,videos/1377-m0tCHqc.gif,,,,,,,,,,,,,,,,,,,,
DVAR-F21D725050DC276C,DVAR-F21D725050DC276C,triceps_stretch_mobility_stretch_bodyweight__hip_no_load_safe_v1,exercise-catalog-v2.0.2-final,PAIN_ALTERNATIVE_POLICY,pain_alternative_policy,0817,VALID_NUMERIC,DVAR-F21D725050DC276C,GYMVISUAL,EXACT_NAME_MATCH,,UNAVAILABLE,UNAVAILABLE,NO_RECORD_SPECIFIC_MEDIA_MAPPING_REVIEWED,NOT_REQUESTED,,APPROVED,USER_DIRECT_REVIEW_2026_08_29,2026-08-29T00:00:00+09:00,EXTERNAL_EXPERT_SOURCE_APPROVAL; OWNER_VISUAL_REVIEW; NO_RECORD_SPECIFIC_MEDIA_MAPPING,true,HIDDEN,images/0817-uOV3Itw.jpg,videos/0817-uOV3Itw.gif,,,,,,,,,,,,,,,,,,,,
DVAR-F301899E2C8978E9,DVAR-F301899E2C8978E9,side_lying_quadriceps_stretch_mobility_stretch_bodyweight__lower_back_no_load_safe_v1,exercise-catalog-v2.0.2-final,PAIN_ALTERNATIVE_POLICY,pain_alternative_policy,0613,VALID_NUMERIC,DVAR-F301899E2C8978E9,GYMVISUAL,ALTERNATIVE_BASE_EXERCISE_MATCH,,UNAVAILABLE,UNAVAILABLE,NO_RECORD_SPECIFIC_MEDIA_MAPPING_REVIEWED,NOT_REQUESTED,,APPROVED,USER_DIRECT_REVIEW_2026_08_29,2026-08-29T00:00:00+09:00,EXTERNAL_EXPERT_SOURCE_APPROVAL; OWNER_VISUAL_REVIEW; NO_RECORD_SPECIFIC_MEDIA_MAPPING,true,HIDDEN,images/0613-BWnJR72.jpg,videos/0613-BWnJR72.gif,,,,,,,,,,,,,,,,,,,,
DVAR-FA12EFDF98D0EBA8,DVAR-FA12EFDF98D0EBA8,chest_front_shoulder_stretch_mobility_stretch_bodyweight__lower_back_no_load_safe_v1,exercise-catalog-v2.0.2-final,PAIN_ALTERNATIVE_POLICY,pain_alternative_policy,1271,VALID_NUMERIC,DVAR-FA12EFDF98D0EBA8,GYMVISUAL,EXACT_NAME_MATCH,,UNAVAILABLE,UNAVAILABLE,NO_RECORD_SPECIFIC_MEDIA_MAPPING_REVIEWED,NOT_REQUESTED,,APPROVED,USER_DIRECT_REVIEW_2026_08_29,2026-08-29T00:00:00+09:00,EXTERNAL_EXPERT_SOURCE_APPROVAL; OWNER_VISUAL_REVIEW; NO_RECORD_SPECIFIC_MEDIA_MAPPING,true,HIDDEN,images/1271-Uto7l43.jpg,videos/1271-Uto7l43.gif,,,,,,,,,,,,,,,,,,,,
DVAR-FAB7479B08EBDD54,DVAR-FAB7479B08EBDD54,dumbbell_shrug_isolation_dumbbell__knee_no_load_safe_v1,exercise-catalog-v2.0.2-final,PAIN_ALTERNATIVE_POLICY,pain_alternative_policy,0406,VALID_NUMERIC,DVAR-FAB7479B08EBDD54,GYMVISUAL,EXACT_NAME_MATCH,,UNAVAILABLE,UNAVAILABLE,NO_RECORD_SPECIFIC_MEDIA_MAPPING_REVIEWED,NOT_REQUESTED,,APPROVED,USER_DIRECT_REVIEW_2026_08_29,2026-08-29T00:00:00+09:00,EXTERNAL_EXPERT_SOURCE_APPROVAL; OWNER_VISUAL_REVIEW; NO_RECORD_SPECIFIC_MEDIA_MAPPING,true,HIDDEN,images/0406-NJzBsGJ.jpg,videos/0406-NJzBsGJ.gif,,,,,,,,,,,,,,,,,,,,
DVAR-FB90D94DF9793384,DVAR-FB90D94DF9793384,neck_lateral_stretch_mobility_stretch_bodyweight__knee_no_load_safe_v1,exercise-catalog-v2.0.2-final,PAIN_ALTERNATIVE_POLICY,pain_alternative_policy,1403,VALID_NUMERIC,DVAR-FB90D94DF9793384,GYMVISUAL,EXACT_NAME_MATCH,,UNAVAILABLE,UNAVAILABLE,NO_RECORD_SPECIFIC_MEDIA_MAPPING_REVIEWED,NOT_REQUESTED,,APPROVED,USER_DIRECT_REVIEW_2026_08_29,2026-08-29T00:00:00+09:00,EXTERNAL_EXPERT_SOURCE_APPROVAL; OWNER_VISUAL_REVIEW; NO_RECORD_SPECIFIC_MEDIA_MAPPING,true,HIDDEN,images/1403-x2chWLO.jpg,videos/1403-x2chWLO.gif,,,,,,,,,,,,,,,,,,,,
REX-000002,REX-000002,quadruped_quadriceps_stretch_mobility_stretch_bodyweight,exercise-catalog-v2.0.2-final,GYMVISUAL,gymvisual,1512,VALID_NUMERIC,1512,GYMVISUAL,SELF_CATALOG_SOURCE,catalog-media/gymvisual/all_fours_squat_stretch_mobility_stretch_bodyweight/demo.gif,AVAILABLE,AVAILABLE,EXISTING_RECORD_SPECIFIC_MEDIA_MAPPING,VERIFIED,2026-08-26T07:25:17.056133+00:00,APPROVED,Aliaksandr (Gym visual 관리자),2026-08-18T00:00:00+09:00,관리자 보관; 이메일 제목: [Gym visual] An answer to your message is available #ct6449 #tc3mq7TI7675Sa; 허가자: Gym visual 관리자 Aliaksandr; 허가 범위: Gymvisual GIF/thumbnail; 허가일: 2026-08-18,true,VISIBLE,images/1512-qBcKorM.jpg,videos/1512-qBcKorM.gif,image/gif,86664,"""b9134164d280e86baae788ce0c717647""",,,image/jpeg,5912,"""90806a7b753d4436d6da2469cefe331b""",,,image/gif,86664,"""b9134164d280e86baae788ce0c717647""",,,image/jpeg,5912,"""90806a7b753d4436d6da2469cefe331b""",,
REX-000003,REX-000003,ankle_circles_mobility_stretch_bodyweight,exercise-catalog-v2.0.2-final,GYMVISUAL,gymvisual,1368,VALID_NUMERIC,1368,GYMVISUAL,SELF_CATALOG_SOURCE,catalog-media/gymvisual/ankle_circles_mobility_stretch_bodyweight/demo.gif,AVAILABLE,AVAILABLE,EXISTING_RECORD_SPECIFIC_MEDIA_MAPPING,VERIFIED,2026-08-26T07:25:17.056133+00:00,APPROVED,Aliaksandr (Gym visual 관리자),2026-08-18T00:00:00+09:00,관리자 보관; 이메일 제목: [Gym visual] An answer to your message is available #ct6449 #tc3mq7TI7675Sa; 허가자: Gym visual 관리자 Aliaksandr; 허가 범위: Gymvisual GIF/thumbnail; 허가일: 2026-08-18,true,VISIBLE,images/1368-uL9CsKm.jpg,videos/1368-uL9CsKm.gif,image/gif,67960,"""91da54d8b999a97a8ecc879e13b76d58""",,,image/jpeg,5306,"""b4826f0e193a60617cce31000fe7e63d""",,,image/gif,67960,"""91da54d8b999a97a8ecc879e13b76d58""",,,image/jpeg,5306,"""b4826f0e193a60617cce31000fe7e63d""",,
REX-000004,REX-000004,barbell_deadlift_hip_dominant_barbell,exercise-catalog-v2.0.2-final,GYMVISUAL,gymvisual,0032,VALID_NUMERIC,0032,GYMVISUAL,SELF_CATALOG_SOURCE,catalog-media/gymvisual/barbell_deadlift_hip_dominant_barbell/demo.gif,AVAILABLE,AVAILABLE,EXISTING_RECORD_SPECIFIC_MEDIA_MAPPING,VERIFIED,2026-08-26T07:25:17.056133+00:00,APPROVED,Aliaksandr (Gym visual 관리자),2026-08-18T00:00:00+09:00,관리자 보관; 이메일 제목: [Gym visual] An answer to your message is available #ct6449 #tc3mq7TI7675Sa; 허가자: Gym visual 관리자 Aliaksandr; 허가 범위: Gymvisual GIF/thumbnail; 허가일: 2026-08-18,true,VISIBLE,images/0032-ila4NZS.jpg,videos/0032-ila4NZS.gif,image/gif,83236,"""4abc87477cc6ce37c663e96455a9fde5""",,,image/jpeg,5731,"""c74377744bf696b061f4b40b191e4a6b""",,,image/gif,83236,"""4abc87477cc6ce37c663e96455a9fde5""",,,image/jpeg,5731,"""c74377744bf696b061f4b40b191e4a6b""",,
REX-000005,REX-000005,barbell_front_raise_isolation_barbell,exercise-catalog-v2.0.2-final,GYMVISUAL,gymvisual,0041,VALID_NUMERIC,0041,GYMVISUAL,SELF_CATALOG_SOURCE,catalog-media/gymvisual/barbell_front_raise_isolation_barbell/demo.gif,AVAILABLE,AVAILABLE,EXISTING_RECORD_SPECIFIC_MEDIA_MAPPING,VERIFIED,2026-08-26T07:25:17.056133+00:00,APPROVED,Aliaksandr (Gym visual 관리자),2026-08-18T00:00:00+09:00,관리자 보관; 이메일 제목: [Gym visual] An answer to your message is available #ct6449 #tc3mq7TI7675Sa; 허가자: Gym visual 관리자 Aliaksandr; 허가 범위: Gymvisual GIF/thumbnail; 허가일: 2026-08-18,true,VISIBLE,images/0041-b2Uoz54.jpg,videos/0041-b2Uoz54.gif,image/gif,113037,"""ef32cc26ab57db5cd36014f2bc0fc4cb""",,,image/jpeg,7820,"""a7856c71324dfd862dab7abdcf56ac72""",,,image/gif,113037,"""ef32cc26ab57db5cd36014f2bc0fc4cb""",,,image/jpeg,7820,"""a7856c71324dfd862dab7abdcf56ac72""",,
REX-000007,REX-000007,barbell_straight_leg_deadlift_hip_dominant_barbell,exercise-catalog-v2.0.2-final,GYMVISUAL,gymvisual,0116,VALID_NUMERIC,0116,GYMVISUAL,SELF_CATALOG_SOURCE,catalog-media/gymvisual/barbell_straight_leg_deadlift_hip_dominant_barbell/demo.gif,AVAILABLE,AVAILABLE,EXISTING_RECORD_SPECIFIC_MEDIA_MAPPING,VERIFIED,2026-08-26T07:25:17.056133+00:00,APPROVED,Aliaksandr (Gym visual 관리자),2026-08-18T00:00:00+09:00,관리자 보관; 이메일 제목: [Gym visual] An answer to your message is available #ct6449 #tc3mq7TI7675Sa; 허가자: Gym visual 관리자 Aliaksandr; 허가 범위: Gymvisual GIF/thumbnail; 허가일: 2026-08-18,true,VISIBLE,images/0116-hrVQWvE.jpg,videos/0116-hrVQWvE.gif,image/gif,92189,"""4cb740fb75066d19133a34c47e2a1672""",,,image/jpeg,6203,"""24b7e5b357c292abc23a2178d0e48492""",,,image/gif,92189,"""4cb740fb75066d19133a34c47e2a1672""",,,image/jpeg,6203,"""24b7e5b357c292abc23a2178d0e48492""",,
REX-000008,REX-000008,bodyweight_back_extension_hip_dominant_bodyweight,exercise-catalog-v2.0.2-final,GYMVISUAL,gymvisual,0489,VALID_NUMERIC,0489,GYMVISUAL,SELF_CATALOG_SOURCE,catalog-media/gymvisual/bodyweight_back_extension_hip_dominant_bodyweight/demo.gif,AVAILABLE,AVAILABLE,EXISTING_RECORD_SPECIFIC_MEDIA_MAPPING,VERIFIED,2026-08-26T07:25:17.056133+00:00,APPROVED,Aliaksandr (Gym visual 관리자),2026-08-18T00:00:00+09:00,관리자 보관; 이메일 제목: [Gym visual] An answer to your message is available #ct6449 #tc3mq7TI7675Sa; 허가자: Gym visual 관리자 Aliaksandr; 허가 범위: Gymvisual GIF/thumbnail; 허가일: 2026-08-18,true,VISIBLE,images/0489-zhMwOwE.jpg,videos/0489-zhMwOwE.gif,image/gif,81966,"""6e0104745ddfdd3fdf0f1cb4227559a5""",,,image/jpeg,6401,"""c1fcb608d41ed23ddec6ad6db963bac3""",,,image/gif,81966,"""6e0104745ddfdd3fdf0f1cb4227559a5""",,,image/jpeg,6401,"""c1fcb608d41ed23ddec6ad6db963bac3""",,
REX-000009,REX-000009,bodyweight_crunch_core_brace_bodyweight,exercise-catalog-v2.0.2-final,GYMVISUAL,gymvisual,0274,VALID_NUMERIC,0274,GYMVISUAL,SELF_CATALOG_SOURCE,catalog-media/gymvisual/bodyweight_crunch_core_brace_bodyweight/demo.gif,AVAILABLE,AVAILABLE,EXISTING_RECORD_SPECIFIC_MEDIA_MAPPING,VERIFIED,2026-08-26T07:25:17.056133+00:00,APPROVED,Aliaksandr (Gym visual 관리자),2026-08-18T00:00:00+09:00,관리자 보관; 이메일 제목: [Gym visual] An answer to your message is available #ct6449 #tc3mq7TI7675Sa; 허가자: Gym visual 관리자 Aliaksandr; 허가 범위: Gymvisual GIF/thumbnail; 허가일: 2026-08-18,true,VISIBLE,images/0274-TFqbd8t.jpg,videos/0274-TFqbd8t.gif,image/gif,95123,"""7228c4409d94471074f029be7bfe7c94""",,,image/jpeg,6752,"""ade51acc8befceeb3053d9af37e9bc67""",,,image/gif,95123,"""7228c4409d94471074f029be7bfe7c94""",,,image/jpeg,6752,"""ade51acc8befceeb3053d9af37e9bc67""",,
REX-000010,REX-000010,bodyweight_forward_lunge_knee_dominant_bodyweight,exercise-catalog-v2.0.2-final,GYMVISUAL,gymvisual,3470,VALID_NUMERIC,3470,GYMVISUAL,SELF_CATALOG_SOURCE,catalog-media/gymvisual/bodyweight_forward_lunge_knee_dominant_bodyweight/demo.gif,AVAILABLE,AVAILABLE,EXISTING_RECORD_SPECIFIC_MEDIA_MAPPING,VERIFIED,2026-08-26T07:25:17.056133+00:00,APPROVED,Aliaksandr (Gym visual 관리자),2026-08-18T00:00:00+09:00,관리자 보관; 이메일 제목: [Gym visual] An answer to your message is available #ct6449 #tc3mq7TI7675Sa; 허가자: Gym visual 관리자 Aliaksandr; 허가 범위: Gymvisual GIF/thumbnail; 허가일: 2026-08-18,true,VISIBLE,images/3470-kMzUs9Y.jpg,videos/3470-kMzUs9Y.gif,image/gif,164646,"""15c42f021172e41010a67e8a45a7ecb2""",,,image/jpeg,4837,"""e511b35547bced2d2b4189efa4901916""",,,image/gif,164646,"""15c42f021172e41010a67e8a45a7ecb2""",,,image/jpeg,4837,"""e511b35547bced2d2b4189efa4901916""",,
REX-000011,REX-000011,bodyweight_glute_bridge_hip_dominant_bodyweight,exercise-catalog-v2.0.2-final,GYMVISUAL,gymvisual,3013,VALID_NUMERIC,3013,GYMVISUAL,SELF_CATALOG_SOURCE,catalog-media/gymvisual/bodyweight_glute_bridge_hip_dominant_bodyweight/demo.gif,AVAILABLE,AVAILABLE,EXISTING_RECORD_SPECIFIC_MEDIA_MAPPING,VERIFIED,2026-08-26T07:25:17.056133+00:00,APPROVED,Aliaksandr (Gym visual 관리자),2026-08-18T00:00:00+09:00,관리자 보관; 이메일 제목: [Gym visual] An answer to your message is available #ct6449 #tc3mq7TI7675Sa; 허가자: Gym visual 관리자 Aliaksandr; 허가 범위: Gymvisual GIF/thumbnail; 허가일: 2026-08-18,true,VISIBLE,images/3013-u0cNiij.jpg,videos/3013-u0cNiij.gif,image/gif,86092,"""ba9deaa223d526f65864cb635905184d""",,,image/jpeg,6183,"""48aa3c25aafdcbb3bd5523db874c075a""",,,image/gif,86092,"""ba9deaa223d526f65864cb635905184d""",,,image/jpeg,6183,"""48aa3c25aafdcbb3bd5523db874c075a""",,
REX-000013,REX-000013,bodyweight_reverse_crunch_core_brace_bodyweight,exercise-catalog-v2.0.2-final,GYMVISUAL,gymvisual,0872,VALID_NUMERIC,0872,GYMVISUAL,SELF_CATALOG_SOURCE,catalog-media/gymvisual/bodyweight_reverse_crunch_core_brace_bodyweight/demo.gif,AVAILABLE,AVAILABLE,EXISTING_RECORD_SPECIFIC_MEDIA_MAPPING,VERIFIED,2026-08-26T07:25:17.056133+00:00,APPROVED,Aliaksandr (Gym visual 관리자),2026-08-18T00:00:00+09:00,관리자 보관; 이메일 제목: [Gym visual] An answer to your message is available #ct6449 #tc3mq7TI7675Sa; 허가자: Gym visual 관리자 Aliaksandr; 허가 범위: Gymvisual GIF/thumbnail; 허가일: 2026-08-18,true,VISIBLE,images/0872-nCU1Ekp.jpg,videos/0872-nCU1Ekp.gif,image/gif,96552,"""f09bad3b9f6948345ed229f7b7cfbd8b""",,,image/jpeg,5990,"""0f40fd37be2e0c68e9ca07cd465ccdbd""",,,image/gif,96552,"""f09bad3b9f6948345ed229f7b7cfbd8b""",,,image/jpeg,5990,"""0f40fd37be2e0c68e9ca07cd465ccdbd""",,
REX-000016,REX-000016,bodyweight_standing_calf_raise_isolation_bodyweight,exercise-catalog-v2.0.2-final,GYMVISUAL,gymvisual,1373,VALID_NUMERIC,1373,GYMVISUAL,SELF_CATALOG_SOURCE,catalog-media/gymvisual/bodyweight_standing_calf_raise_isolation_bodyweight/demo.gif,AVAILABLE,AVAILABLE,EXISTING_RECORD_SPECIFIC_MEDIA_MAPPING,VERIFIED,2026-08-26T07:25:17.056133+00:00,APPROVED,Aliaksandr (Gym visual 관리자),2026-08-18T00:00:00+09:00,관리자 보관; 이메일 제목: [Gym visual] An answer to your message is available #ct6449 #tc3mq7TI7675Sa; 허가자: Gym visual 관리자 Aliaksandr; 허가 범위: Gymvisual GIF/thumbnail; 허가일: 2026-08-18,true,VISIBLE,images/1373-bJYHBIN.jpg,videos/1373-bJYHBIN.gif,image/gif,62166,"""1589011987c64907b9fe4bc5fa206a05""",,,image/jpeg,4734,"""897e4ad7c01f72a984536983fed40454""",,,image/gif,62166,"""1589011987c64907b9fe4bc5fa206a05""",,,image/jpeg,4734,"""897e4ad7c01f72a984536983fed40454""",,
REX-000017,REX-000017,butterfly_adductor_stretch_mobility_stretch_bodyweight,exercise-catalog-v2.0.2-final,GYMVISUAL,gymvisual,1494,VALID_NUMERIC,1494,GYMVISUAL,SELF_CATALOG_SOURCE,catalog-media/gymvisual/butterfly_adductor_stretch_mobility_stretch_bodyweight/demo.gif,AVAILABLE,AVAILABLE,EXISTING_RECORD_SPECIFIC_MEDIA_MAPPING,VERIFIED,2026-08-26T07:25:17.056133+00:00,APPROVED,Aliaksandr (Gym visual 관리자),2026-08-18T00:00:00+09:00,관리자 보관; 이메일 제목: [Gym visual] An answer to your message is available #ct6449 #tc3mq7TI7675Sa; 허가자: Gym visual 관리자 Aliaksandr; 허가 범위: Gymvisual GIF/thumbnail; 허가일: 2026-08-18,true,VISIBLE,images/1494-bWlZvXh.jpg,videos/1494-bWlZvXh.gif,image/gif,133922,"""1e60e2e09c5df6ecc482cf9cd6cd4418""",,,image/jpeg,9313,"""3ec12901a1e9a3abc17cab59b647fdce""",,,image/gif,133922,"""1e60e2e09c5df6ecc482cf9cd6cd4418""",,,image/jpeg,9313,"""3ec12901a1e9a3abc17cab59b647fdce""",,
REX-000019,REX-000019,cable_triceps_pushdown_isolation_cable_machine,exercise-catalog-v2.0.2-final,GYMVISUAL,gymvisual,0201,VALID_NUMERIC,0201,GYMVISUAL,SELF_CATALOG_SOURCE,catalog-media/gymvisual/cable_triceps_pushdown_isolation_cable_machine/demo.gif,AVAILABLE,AVAILABLE,EXISTING_RECORD_SPECIFIC_MEDIA_MAPPING,VERIFIED,2026-08-26T07:25:17.056133+00:00,APPROVED,Aliaksandr (Gym visual 관리자),2026-08-18T00:00:00+09:00,관리자 보관; 이메일 제목: [Gym visual] An answer to your message is available #ct6449 #tc3mq7TI7675Sa; 허가자: Gym visual 관리자 Aliaksandr; 허가 범위: Gymvisual GIF/thumbnail; 허가일: 2026-08-18,true,VISIBLE,images/0201-3ZflifB.jpg,videos/0201-3ZflifB.gif,image/gif,95234,"""ce2984c454f50b68839a66147bd367f4""",,,image/jpeg,6259,"""6b9f0f5f06a83eca1ce8d77f79b4d8de""",,,image/gif,95234,"""ce2984c454f50b68839a66147bd367f4""",,,image/jpeg,6259,"""6b9f0f5f06a83eca1ce8d77f79b4d8de""",,
REX-000020,REX-000020,chair_leg_extended_stretch_mobility_stretch_bodyweight,exercise-catalog-v2.0.2-final,GYMVISUAL,gymvisual,1548,VALID_NUMERIC,1548,GYMVISUAL,SELF_CATALOG_SOURCE,catalog-media/gymvisual/chair_leg_extended_stretch_mobility_stretch_bodyweight/demo.gif,AVAILABLE,AVAILABLE,EXISTING_RECORD_SPECIFIC_MEDIA_MAPPING,VERIFIED,2026-08-26T07:25:17.056133+00:00,APPROVED,Aliaksandr (Gym visual 관리자),2026-08-18T00:00:00+09:00,관리자 보관; 이메일 제목: [Gym visual] An answer to your message is available #ct6449 #tc3mq7TI7675Sa; 허가자: Gym visual 관리자 Aliaksandr; 허가 범위: Gymvisual GIF/thumbnail; 허가일: 2026-08-18,true,VISIBLE,images/1548-xGgAGPm.jpg,videos/1548-xGgAGPm.gif,image/gif,101703,"""3f9a51ceb699ac3da89a1aba2d636e29""",,,image/jpeg,7327,"""f5d3d478eb86678af6dc75e18658ef52""",,,image/gif,101703,"""3f9a51ceb699ac3da89a1aba2d636e29""",,,image/jpeg,7327,"""f5d3d478eb86678af6dc75e18658ef52""",,
REX-000021,REX-000021,chest_front_shoulder_stretch_mobility_stretch_bodyweight,exercise-catalog-v2.0.2-final,GYMVISUAL,gymvisual,1271,VALID_NUMERIC,1271,GYMVISUAL,SELF_CATALOG_SOURCE,catalog-media/gymvisual/chest_front_shoulder_stretch_mobility_stretch_bodyweight/demo.gif,AVAILABLE,AVAILABLE,EXISTING_RECORD_SPECIFIC_MEDIA_MAPPING,VERIFIED,2026-08-26T07:25:17.056133+00:00,APPROVED,Aliaksandr (Gym visual 관리자),2026-08-18T00:00:00+09:00,관리자 보관; 이메일 제목: [Gym visual] An answer to your message is available #ct6449 #tc3mq7TI7675Sa; 허가자: Gym visual 관리자 Aliaksandr; 허가 범위: Gymvisual GIF/thumbnail; 허가일: 2026-08-18,true,VISIBLE,images/1271-Uto7l43.jpg,videos/1271-Uto7l43.gif,image/gif,83211,"""42b83b963305b61ad49a9c81ebd97148""",,,image/jpeg,5952,"""a07b13bc87301302179b4d192018261d""",,,image/gif,83211,"""42b83b963305b61ad49a9c81ebd97148""",,,image/jpeg,5952,"""a07b13bc87301302179b4d192018261d""",,
REX-000022,REX-000022,close_grip_push_up_horizontal_push_bodyweight,exercise-catalog-v2.0.2-final,GYMVISUAL,gymvisual,0259,VALID_NUMERIC,0259,GYMVISUAL,SELF_CATALOG_SOURCE,catalog-media/gymvisual/close_grip_push_up_horizontal_push_bodyweight/demo.gif,AVAILABLE,AVAILABLE,EXISTING_RECORD_SPECIFIC_MEDIA_MAPPING,VERIFIED,2026-08-26T07:25:17.056133+00:00,APPROVED,Aliaksandr (Gym visual 관리자),2026-08-18T00:00:00+09:00,관리자 보관; 이메일 제목: [Gym visual] An answer to your message is available #ct6449 #tc3mq7TI7675Sa; 허가자: Gym visual 관리자 Aliaksandr; 허가 범위: Gymvisual GIF/thumbnail; 허가일: 2026-08-18,true,VISIBLE,images/0259-x6KpKpq.jpg,videos/0259-x6KpKpq.gif,image/gif,95179,"""46e2158f866217f6e952419ba809987b""",,,image/jpeg,5568,"""a7b8d57a0ae917cb40a44cbc0469e480""",,,image/gif,95179,"""46e2158f866217f6e952419ba809987b""",,,image/jpeg,5568,"""a7b8d57a0ae917cb40a44cbc0469e480""",,
REX-000025,REX-000025,dumbbell_goblet_squat_knee_dominant_dumbbell,exercise-catalog-v2.0.2-final,GYMVISUAL,gymvisual,1760,VALID_NUMERIC,1760,GYMVISUAL,SELF_CATALOG_SOURCE,catalog-media/gymvisual/dumbbell_goblet_squat_knee_dominant_dumbbell/demo.gif,AVAILABLE,AVAILABLE,EXISTING_RECORD_SPECIFIC_MEDIA_MAPPING,VERIFIED,2026-08-26T07:25:17.056133+00:00,APPROVED,Aliaksandr (Gym visual 관리자),2026-08-18T00:00:00+09:00,관리자 보관; 이메일 제목: [Gym visual] An answer to your message is available #ct6449 #tc3mq7TI7675Sa; 허가자: Gym visual 관리자 Aliaksandr; 허가 범위: Gymvisual GIF/thumbnail; 허가일: 2026-08-18,true,VISIBLE,images/1760-yn8yg1r.jpg,videos/1760-yn8yg1r.gif,image/gif,68809,"""5c0bbde340d105ed32beafd0d72f39d2""",,,image/jpeg,5977,"""76c3b3254352b3e20a41c2120007b0b0""",,,image/gif,68809,"""5c0bbde340d105ed32beafd0d72f39d2""",,,image/jpeg,5977,"""76c3b3254352b3e20a41c2120007b0b0""",,
REX-000026,REX-000026,dumbbell_lateral_raise_isolation_dumbbell,exercise-catalog-v2.0.2-final,GYMVISUAL,gymvisual,0334,VALID_NUMERIC,0334,GYMVISUAL,SELF_CATALOG_SOURCE,catalog-media/gymvisual/dumbbell_lateral_raise_isolation_dumbbell/demo.gif,AVAILABLE,AVAILABLE,EXISTING_RECORD_SPECIFIC_MEDIA_MAPPING,VERIFIED,2026-08-26T07:25:17.056133+00:00,APPROVED,Aliaksandr (Gym visual 관리자),2026-08-18T00:00:00+09:00,관리자 보관; 이메일 제목: [Gym visual] An answer to your message is available #ct6449 #tc3mq7TI7675Sa; 허가자: Gym visual 관리자 Aliaksandr; 허가 범위: Gymvisual GIF/thumbnail; 허가일: 2026-08-18,true,VISIBLE,images/0334-DsgkuIt.jpg,videos/0334-DsgkuIt.gif,image/gif,87645,"""bffab6bdd86e97a6eabaee93283d6325""",,,image/jpeg,5732,"""8f17b60d9920e597863db027fbd88f1b""",,,image/gif,87645,"""bffab6bdd86e97a6eabaee93283d6325""",,,image/jpeg,5732,"""8f17b60d9920e597863db027fbd88f1b""",,
REX-000027,REX-000027,dumbbell_preacher_curl_isolation_dumbbell,exercise-catalog-v2.0.2-final,GYMVISUAL,gymvisual,0372,VALID_NUMERIC,0372,GYMVISUAL,SELF_CATALOG_SOURCE,catalog-media/gymvisual/dumbbell_preacher_curl_isolation_dumbbell/demo.gif,AVAILABLE,AVAILABLE,EXISTING_RECORD_SPECIFIC_MEDIA_MAPPING,VERIFIED,2026-08-26T07:25:17.056133+00:00,APPROVED,Aliaksandr (Gym visual 관리자),2026-08-18T00:00:00+09:00,관리자 보관; 이메일 제목: [Gym visual] An answer to your message is available #ct6449 #tc3mq7TI7675Sa; 허가자: Gym visual 관리자 Aliaksandr; 허가 범위: Gymvisual GIF/thumbnail; 허가일: 2026-08-18,true,VISIBLE,images/0372-jivWf8n.jpg,videos/0372-jivWf8n.gif,image/gif,105901,"""ee5c401778d838b9f403da4b32b40d56""",,,image/jpeg,7871,"""55327deab7d8752ed3d4fceda2488fa3""",,,image/gif,105901,"""ee5c401778d838b9f403da4b32b40d56""",,,image/jpeg,7871,"""55327deab7d8752ed3d4fceda2488fa3""",,
REX-000028,REX-000028,dumbbell_rear_fly_isolation_dumbbell,exercise-catalog-v2.0.2-final,GYMVISUAL,gymvisual,0378,VALID_NUMERIC,0378,GYMVISUAL,SELF_CATALOG_SOURCE,catalog-media/gymvisual/dumbbell_rear_fly_isolation_dumbbell/demo.gif,AVAILABLE,AVAILABLE,EXISTING_RECORD_SPECIFIC_MEDIA_MAPPING,VERIFIED,2026-08-26T07:25:17.056133+00:00,APPROVED,Aliaksandr (Gym visual 관리자),2026-08-18T00:00:00+09:00,관리자 보관; 이메일 제목: [Gym visual] An answer to your message is available #ct6449 #tc3mq7TI7675Sa; 허가자: Gym visual 관리자 Aliaksandr; 허가 범위: Gymvisual GIF/thumbnail; 허가일: 2026-08-18,true,VISIBLE,images/0378-8DiFDVA.jpg,videos/0378-8DiFDVA.gif,image/gif,88850,"""3469bc09d172cc20f8136eabd1dab7c9""",,,image/jpeg,6491,"""0054bcc35527004a7cbcb15069213a54""",,,image/gif,88850,"""3469bc09d172cc20f8136eabd1dab7c9""",,,image/jpeg,6491,"""0054bcc35527004a7cbcb15069213a54""",,
REX-000029,REX-000029,dumbbell_shrug_isolation_dumbbell,exercise-catalog-v2.0.2-final,GYMVISUAL,gymvisual,0406,VALID_NUMERIC,0406,GYMVISUAL,SELF_CATALOG_SOURCE,catalog-media/gymvisual/dumbbell_shrug_isolation_dumbbell/demo.gif,AVAILABLE,AVAILABLE,EXISTING_RECORD_SPECIFIC_MEDIA_MAPPING,VERIFIED,2026-08-26T07:25:17.056133+00:00,APPROVED,Aliaksandr (Gym visual 관리자),2026-08-18T00:00:00+09:00,관리자 보관; 이메일 제목: [Gym visual] An answer to your message is available #ct6449 #tc3mq7TI7675Sa; 허가자: Gym visual 관리자 Aliaksandr; 허가 범위: Gymvisual GIF/thumbnail; 허가일: 2026-08-18,true,VISIBLE,images/0406-NJzBsGJ.jpg,videos/0406-NJzBsGJ.gif,image/gif,77551,"""9c97d43ca4801de3bb3f4a1b6de8416f""",,,image/jpeg,5740,"""05ea926ce72a812fe3cfeae1115791f6""",,,image/gif,77551,"""9c97d43ca4801de3bb3f4a1b6de8416f""",,,image/jpeg,5740,"""05ea926ce72a812fe3cfeae1115791f6""",,
REX-000030,REX-000030,dumbbell_standing_curl_isolation_dumbbell,exercise-catalog-v2.0.2-final,GYMVISUAL,gymvisual,0416,VALID_NUMERIC,0416,GYMVISUAL,SELF_CATALOG_SOURCE,catalog-media/gymvisual/dumbbell_standing_curl_isolation_dumbbell/demo.gif,AVAILABLE,AVAILABLE,EXISTING_RECORD_SPECIFIC_MEDIA_MAPPING,VERIFIED,2026-08-26T07:25:17.056133+00:00,APPROVED,Aliaksandr (Gym visual 관리자),2026-08-18T00:00:00+09:00,관리자 보관; 이메일 제목: [Gym visual] An answer to your message is available #ct6449 #tc3mq7TI7675Sa; 허가자: Gym visual 관리자 Aliaksandr; 허가 범위: Gymvisual GIF/thumbnail; 허가일: 2026-08-18,true,VISIBLE,images/0416-3s4NnTh.jpg,videos/0416-3s4NnTh.gif,image/gif,84470,"""39cf989d204f64b6c481e0df13d16e6c""",,,image/jpeg,6491,"""c87c11bc3fdec7d8a34fa869e64cb307""",,,image/gif,84470,"""39cf989d204f64b6c481e0df13d16e6c""",,,image/jpeg,6491,"""c87c11bc3fdec7d8a34fa869e64cb307""",,
REX-000031,REX-000031,dumbbell_step_up_lunge_knee_dominant_dumbbell_step_box,exercise-catalog-v2.0.2-final,GYMVISUAL,gymvisual,2796,VALID_NUMERIC,2796,GYMVISUAL,SELF_CATALOG_SOURCE,catalog-media/gymvisual/dumbbell_step_up_lunge_knee_dominant_dumbbell_step_box/demo.gif,AVAILABLE,AVAILABLE,EXISTING_RECORD_SPECIFIC_MEDIA_MAPPING,VERIFIED,2026-08-26T07:25:17.056133+00:00,APPROVED,Aliaksandr (Gym visual 관리자),2026-08-18T00:00:00+09:00,관리자 보관; 이메일 제목: [Gym visual] An answer to your message is available #ct6449 #tc3mq7TI7675Sa; 허가자: Gym visual 관리자 Aliaksandr; 허가 범위: Gymvisual GIF/thumbnail; 허가일: 2026-08-18,true,VISIBLE,images/2796-gFyFj9z.jpg,videos/2796-gFyFj9z.gif,image/gif,83449,"""a8e5b6d83e92b6dc47ee935b1fa05915""",,,image/jpeg,7468,"""af21616b22dc3a81d2000bdbde120dfa""",,,image/gif,83449,"""a8e5b6d83e92b6dc47ee935b1fa05915""",,,image/jpeg,7468,"""af21616b22dc3a81d2000bdbde120dfa""",,
REX-000032,REX-000032,dynamic_chest_stretch_mobility_stretch_bodyweight,exercise-catalog-v2.0.2-final,GYMVISUAL,gymvisual,1167,VALID_NUMERIC,1167,GYMVISUAL,SELF_CATALOG_SOURCE,catalog-media/gymvisual/dynamic_chest_stretch_mobility_stretch_bodyweight/demo.gif,AVAILABLE,AVAILABLE,EXISTING_RECORD_SPECIFIC_MEDIA_MAPPING,VERIFIED,2026-08-26T07:25:17.056133+00:00,APPROVED,Aliaksandr (Gym visual 관리자),2026-08-18T00:00:00+09:00,관리자 보관; 이메일 제목: [Gym visual] An answer to your message is available #ct6449 #tc3mq7TI7675Sa; 허가자: Gym visual 관리자 Aliaksandr; 허가 범위: Gymvisual GIF/thumbnail; 허가일: 2026-08-18,true,VISIBLE,images/1167-3uj0Ozg.jpg,videos/1167-3uj0Ozg.gif,image/gif,69828,"""62c46a5fb91f522882e302e3012b0e7e""",,,image/jpeg,5316,"""28151c8ea4913f93772c2869a0f68e38""",,,image/gif,69828,"""62c46a5fb91f522882e302e3012b0e7e""",,,image/jpeg,5316,"""28151c8ea4913f93772c2869a0f68e38""",,
REX-000033,REX-000033,exercise_ball_hip_flexor_stretch_mobility_stretch_stability_ball,exercise-catalog-v2.0.2-final,GYMVISUAL,gymvisual,1559,VALID_NUMERIC,1559,GYMVISUAL,SELF_CATALOG_SOURCE,catalog-media/gymvisual/exercise_ball_hip_flexor_stretch_mobility_stretch_stability_ball/demo.gif,AVAILABLE,AVAILABLE,EXISTING_RECORD_SPECIFIC_MEDIA_MAPPING,VERIFIED,2026-08-26T07:25:17.056133+00:00,APPROVED,Aliaksandr (Gym visual 관리자),2026-08-18T00:00:00+09:00,관리자 보관; 이메일 제목: [Gym visual] An answer to your message is available #ct6449 #tc3mq7TI7675Sa; 허가자: Gym visual 관리자 Aliaksandr; 허가 범위: Gymvisual GIF/thumbnail; 허가일: 2026-08-18,true,VISIBLE,images/1559-2LQkNPW.jpg,videos/1559-2LQkNPW.gif,image/gif,123653,"""8642e81934183ceb255f9bb5abf34de5""",,,image/jpeg,6894,"""af76fe4fb5a08c1a7e39b25dc8585003""",,,image/gif,123653,"""8642e81934183ceb255f9bb5abf34de5""",,,image/jpeg,6894,"""af76fe4fb5a08c1a7e39b25dc8585003""",,
REX-000034,REX-000034,hamstring_stretch_mobility_stretch_bodyweight,exercise-catalog-v2.0.2-final,GYMVISUAL,gymvisual,1511,VALID_NUMERIC,1511,GYMVISUAL,SELF_CATALOG_SOURCE,catalog-media/gymvisual/hamstring_stretch_mobility_stretch_bodyweight/demo.gif,AVAILABLE,AVAILABLE,EXISTING_RECORD_SPECIFIC_MEDIA_MAPPING,VERIFIED,2026-08-26T07:25:17.056133+00:00,APPROVED,Aliaksandr (Gym visual 관리자),2026-08-18T00:00:00+09:00,관리자 보관; 이메일 제목: [Gym visual] An answer to your message is available #ct6449 #tc3mq7TI7675Sa; 허가자: Gym visual 관리자 Aliaksandr; 허가 범위: Gymvisual GIF/thumbnail; 허가일: 2026-08-18,true,VISIBLE,images/1511-99rWm7w.jpg,videos/1511-99rWm7w.gif,image/gif,77100,"""600656dd00bcef780ecaf74229576185""",,,image/jpeg,5551,"""9416c4741bc3cf3d47771627fce10e48""",,,image/gif,77100,"""600656dd00bcef780ecaf74229576185""",,,image/jpeg,5551,"""9416c4741bc3cf3d47771627fce10e48""",,
REX-000035,REX-000035,hand_grip_squeeze_isolation_household_weight,exercise-catalog-v2.0.2-final,GYMVISUAL,gymvisual,0854,VALID_NUMERIC,0854,GYMVISUAL,SELF_CATALOG_SOURCE,catalog-media/gymvisual/hand_grip_squeeze_isolation_household_weight/demo.gif,AVAILABLE,AVAILABLE,EXISTING_RECORD_SPECIFIC_MEDIA_MAPPING,VERIFIED,2026-08-26T07:25:17.056133+00:00,APPROVED,Aliaksandr (Gym visual 관리자),2026-08-18T00:00:00+09:00,관리자 보관; 이메일 제목: [Gym visual] An answer to your message is available #ct6449 #tc3mq7TI7675Sa; 허가자: Gym visual 관리자 Aliaksandr; 허가 범위: Gymvisual GIF/thumbnail; 허가일: 2026-08-18,true,VISIBLE,images/0854-bjqbauy.jpg,videos/0854-bjqbauy.gif,image/gif,79658,"""3cef055ced9a49f6dcab807aaabd0e3d""",,,image/jpeg,5696,"""bc4abb480b009388daf7f673bf3edf0a""",,,image/gif,79658,"""3cef055ced9a49f6dcab807aaabd0e3d""",,,image/jpeg,5696,"""bc4abb480b009388daf7f673bf3edf0a""",,
REX-000036,REX-000036,hip_flexor_quadriceps_stretch_mobility_stretch_stretch_strap,exercise-catalog-v2.0.2-final,GYMVISUAL,gymvisual,1564,VALID_NUMERIC,1564,GYMVISUAL,SELF_CATALOG_SOURCE,catalog-media/gymvisual/hip_flexor_quadriceps_stretch_mobility_stretch_stretch_strap/demo.gif,AVAILABLE,AVAILABLE,EXISTING_RECORD_SPECIFIC_MEDIA_MAPPING,VERIFIED,2026-08-26T07:25:17.056133+00:00,APPROVED,Aliaksandr (Gym visual 관리자),2026-08-18T00:00:00+09:00,관리자 보관; 이메일 제목: [Gym visual] An answer to your message is available #ct6449 #tc3mq7TI7675Sa; 허가자: Gym visual 관리자 Aliaksandr; 허가 범위: Gymvisual GIF/thumbnail; 허가일: 2026-08-18,true,VISIBLE,images/1564-tFGKm99.jpg,videos/1564-tFGKm99.gif,image/gif,64344,"""809901a12cc2b31baf2741eed35deb66""",,,image/jpeg,5188,"""046e98d95ffd59f6515076bc489b4655""",,,image/gif,64344,"""809901a12cc2b31baf2741eed35deb66""",,,image/jpeg,5188,"""046e98d95ffd59f6515076bc489b4655""",,
REX-000038,REX-000038,inverted_row_horizontal_pull_bodyweight,exercise-catalog-v2.0.2-final,GYMVISUAL,gymvisual,0499,VALID_NUMERIC,0499,GYMVISUAL,SELF_CATALOG_SOURCE,catalog-media/gymvisual/inverted_row_horizontal_pull_bodyweight/demo.gif,AVAILABLE,AVAILABLE,EXISTING_RECORD_SPECIFIC_MEDIA_MAPPING,VERIFIED,2026-08-26T07:25:17.056133+00:00,APPROVED,Aliaksandr (Gym visual 관리자),2026-08-18T00:00:00+09:00,관리자 보관; 이메일 제목: [Gym visual] An answer to your message is available #ct6449 #tc3mq7TI7675Sa; 허가자: Gym visual 관리자 Aliaksandr; 허가 범위: Gymvisual GIF/thumbnail; 허가일: 2026-08-18,true,VISIBLE,images/0499-bZGHsAZ.jpg,videos/0499-bZGHsAZ.gif,image/gif,115920,"""86a75afad7bc611e22f3e6fee4979ce6""",,,image/jpeg,8268,"""10600cf8607aa1c176b8de6e788bdf79""",,,image/gif,115920,"""86a75afad7bc611e22f3e6fee4979ce6""",,,image/jpeg,8268,"""10600cf8607aa1c176b8de6e788bdf79""",,
REX-000039,REX-000039,kneeling_lat_stretch_mobility_stretch_bodyweight,exercise-catalog-v2.0.2-final,GYMVISUAL,gymvisual,1346,VALID_NUMERIC,1346,GYMVISUAL,SELF_CATALOG_SOURCE,catalog-media/gymvisual/kneeling_lat_stretch_mobility_stretch_bodyweight/demo.gif,AVAILABLE,AVAILABLE,EXISTING_RECORD_SPECIFIC_MEDIA_MAPPING,VERIFIED,2026-08-26T07:25:17.056133+00:00,APPROVED,Aliaksandr (Gym visual 관리자),2026-08-18T00:00:00+09:00,관리자 보관; 이메일 제목: [Gym visual] An answer to your message is available #ct6449 #tc3mq7TI7675Sa; 허가자: Gym visual 관리자 Aliaksandr; 허가 범위: Gymvisual GIF/thumbnail; 허가일: 2026-08-18,true,VISIBLE,images/1346-f38OEuO.jpg,videos/1346-f38OEuO.gif,image/gif,69095,"""6896511efad01b9c62a26f3da9aea478""",,,image/jpeg,5433,"""c26a9a0f4a41c11cd627f6ff69f91c8d""",,,image/gif,69095,"""6896511efad01b9c62a26f3da9aea478""",,,image/jpeg,5433,"""c26a9a0f4a41c11cd627f6ff69f91c8d""",,
REX-000040,REX-000040,lat_pulldown_vertical_pull_cable_machine,exercise-catalog-v2.0.2-final,GYMVISUAL,gymvisual,0198,VALID_NUMERIC,0198,GYMVISUAL,SELF_CATALOG_SOURCE,catalog-media/gymvisual/lat_pulldown_vertical_pull_cable_machine/demo.gif,AVAILABLE,AVAILABLE,EXISTING_RECORD_SPECIFIC_MEDIA_MAPPING,VERIFIED,2026-08-26T07:25:17.056133+00:00,APPROVED,Aliaksandr (Gym visual 관리자),2026-08-18T00:00:00+09:00,관리자 보관; 이메일 제목: [Gym visual] An answer to your message is available #ct6449 #tc3mq7TI7675Sa; 허가자: Gym visual 관리자 Aliaksandr; 허가 범위: Gymvisual GIF/thumbnail; 허가일: 2026-08-18,true,VISIBLE,images/0198-RVwzP10.jpg,videos/0198-RVwzP10.gif,image/gif,87118,"""c4b76dc61273e446e5fb3393d7447782""",,,image/jpeg,7768,"""7e9ee676e8d0dc032d0ac07c6a75427d""",,,image/gif,87118,"""c4b76dc61273e446e5fb3393d7447782""",,,image/jpeg,7768,"""7e9ee676e8d0dc032d0ac07c6a75427d""",,
REX-000043,REX-000043,lower_back_curl_core_brace_bodyweight,exercise-catalog-v2.0.2-final,GYMVISUAL,gymvisual,1352,VALID_NUMERIC,1352,GYMVISUAL,SELF_CATALOG_SOURCE,catalog-media/gymvisual/lower_back_curl_core_brace_bodyweight/demo.gif,AVAILABLE,AVAILABLE,EXISTING_RECORD_SPECIFIC_MEDIA_MAPPING,VERIFIED,2026-08-26T07:25:17.056133+00:00,APPROVED,Aliaksandr (Gym visual 관리자),2026-08-18T00:00:00+09:00,관리자 보관; 이메일 제목: [Gym visual] An answer to your message is available #ct6449 #tc3mq7TI7675Sa; 허가자: Gym visual 관리자 Aliaksandr; 허가 범위: Gymvisual GIF/thumbnail; 허가일: 2026-08-18,true,VISIBLE,images/1352-ANbbry2.jpg,videos/1352-ANbbry2.gif,image/gif,60693,"""03ed1216e4ad108bf139faae6595d3d4""",,,image/jpeg,4684,"""4b743885c1e7756de635c8ea130e2d0f""",,,image/gif,60693,"""03ed1216e4ad108bf139faae6595d3d4""",,,image/jpeg,4684,"""4b743885c1e7756de635c8ea130e2d0f""",,
REX-000045,REX-000045,neck_lateral_stretch_mobility_stretch_bodyweight,exercise-catalog-v2.0.2-final,GYMVISUAL,gymvisual,1403,VALID_NUMERIC,1403,GYMVISUAL,SELF_CATALOG_SOURCE,catalog-media/gymvisual/neck_lateral_stretch_mobility_stretch_bodyweight/demo.gif,AVAILABLE,AVAILABLE,EXISTING_RECORD_SPECIFIC_MEDIA_MAPPING,VERIFIED,2026-08-26T07:25:17.056133+00:00,APPROVED,Aliaksandr (Gym visual 관리자),2026-08-18T00:00:00+09:00,관리자 보관; 이메일 제목: [Gym visual] An answer to your message is available #ct6449 #tc3mq7TI7675Sa; 허가자: Gym visual 관리자 Aliaksandr; 허가 범위: Gymvisual GIF/thumbnail; 허가일: 2026-08-18,true,VISIBLE,images/1403-x2chWLO.jpg,videos/1403-x2chWLO.gif,image/gif,75026,"""c76da3f85a80a83a828852e0c03f9841""",,,image/jpeg,5360,"""15bfadcd57e8d5fd6634efc263308d5c""",,,image/gif,75026,"""c76da3f85a80a83a828852e0c03f9841""",,,image/jpeg,5360,"""15bfadcd57e8d5fd6634efc263308d5c""",,
REX-000046,REX-000046,one_arm_wall_lats_isolation_bodyweight,exercise-catalog-v2.0.2-final,GYMVISUAL,gymvisual,1355,VALID_NUMERIC,1355,GYMVISUAL,SELF_CATALOG_SOURCE,catalog-media/gymvisual/one_arm_wall_lats_isolation_bodyweight/demo.gif,AVAILABLE,AVAILABLE,EXISTING_RECORD_SPECIFIC_MEDIA_MAPPING,VERIFIED,2026-08-26T07:25:17.056133+00:00,APPROVED,Aliaksandr (Gym visual 관리자),2026-08-18T00:00:00+09:00,관리자 보관; 이메일 제목: [Gym visual] An answer to your message is available #ct6449 #tc3mq7TI7675Sa; 허가자: Gym visual 관리자 Aliaksandr; 허가 범위: Gymvisual GIF/thumbnail; 허가일: 2026-08-18,true,VISIBLE,images/1355-ZZTGMKh.jpg,videos/1355-ZZTGMKh.gif,image/gif,85841,"""2c76a729d4f12cd817cfaeaaec455638""",,,image/jpeg,5222,"""9f0a653657ca9feb54b9d808c93f7d3c""",,,image/gif,85841,"""2c76a729d4f12cd817cfaeaaec455638""",,,image/jpeg,5222,"""9f0a653657ca9feb54b9d808c93f7d3c""",,
REX-000047,REX-000047,overhead_triceps_extension_isolation_barbell,exercise-catalog-v2.0.2-final,GYMVISUAL,gymvisual,0109,VALID_NUMERIC,0109,GYMVISUAL,SELF_CATALOG_SOURCE,catalog-media/gymvisual/overhead_triceps_extension_isolation_barbell/demo.gif,AVAILABLE,AVAILABLE,EXISTING_RECORD_SPECIFIC_MEDIA_MAPPING,VERIFIED,2026-08-26T07:25:17.056133+00:00,APPROVED,Aliaksandr (Gym visual 관리자),2026-08-18T00:00:00+09:00,관리자 보관; 이메일 제목: [Gym visual] An answer to your message is available #ct6449 #tc3mq7TI7675Sa; 허가자: Gym visual 관리자 Aliaksandr; 허가 범위: Gymvisual GIF/thumbnail; 허가일: 2026-08-18,true,VISIBLE,images/0109-dZl9Q27.jpg,videos/0109-dZl9Q27.gif,image/gif,65810,"""e53991f2298e13b538c9221d666df51e""",,,image/jpeg,5462,"""9623916e98f7eb7a0b88e216f4e80439""",,,image/gif,65810,"""e53991f2298e13b538c9221d666df51e""",,,image/jpeg,5462,"""9623916e98f7eb7a0b88e216f4e80439""",,
REX-000048,REX-000048,overhead_triceps_stretch_mobility_stretch_bodyweight,exercise-catalog-v2.0.2-final,GYMVISUAL,gymvisual,0643,VALID_NUMERIC,0643,GYMVISUAL,SELF_CATALOG_SOURCE,catalog-media/gymvisual/overhead_triceps_stretch_mobility_stretch_bodyweight/demo.gif,AVAILABLE,AVAILABLE,EXISTING_RECORD_SPECIFIC_MEDIA_MAPPING,VERIFIED,2026-08-26T07:25:17.056133+00:00,APPROVED,Aliaksandr (Gym visual 관리자),2026-08-18T00:00:00+09:00,관리자 보관; 이메일 제목: [Gym visual] An answer to your message is available #ct6449 #tc3mq7TI7675Sa; 허가자: Gym visual 관리자 Aliaksandr; 허가 범위: Gymvisual GIF/thumbnail; 허가일: 2026-08-18,true,VISIBLE,images/0643-Z5YStHW.jpg,videos/0643-Z5YStHW.gif,image/gif,72740,"""bdffabb5d672d3326f3b3dbd80e36bfb""",,,image/jpeg,5275,"""9a1e2ec5e50cd693f72644b59a9337a5""",,,image/gif,72740,"""bdffabb5d672d3326f3b3dbd80e36bfb""",,,image/jpeg,5275,"""9a1e2ec5e50cd693f72644b59a9337a5""",,
REX-000049,REX-000049,pectorals_horizontal_push_horizontal_push_machine,exercise-catalog-v2.0.2-final,WGER,wger,1094,VALID_NON_NUMERIC,1094,WGER,SELF_CATALOG_SOURCE,,UNAVAILABLE,UNAVAILABLE,NO_RECORD_SPECIFIC_MEDIA_MAPPING_REVIEWED,NOT_REQUESTED,,APPROVED,USER_DIRECT_REVIEW_2026_08_29,2026-08-29T00:00:00+09:00,EXTERNAL_EXPERT_SOURCE_APPROVAL; OWNER_VISUAL_REVIEW; NO_RECORD_SPECIFIC_MEDIA_MAPPING,true,HIDDEN,,,,,,,,,,,,,,,,,,,,,,
REX-000050,REX-000050,peroneal_stretch_mobility_stretch_stretch_strap,exercise-catalog-v2.0.2-final,GYMVISUAL,gymvisual,1388,VALID_NUMERIC,1388,GYMVISUAL,SELF_CATALOG_SOURCE,catalog-media/gymvisual/peroneal_stretch_mobility_stretch_stretch_strap/demo.gif,AVAILABLE,AVAILABLE,EXISTING_RECORD_SPECIFIC_MEDIA_MAPPING,VERIFIED,2026-08-26T07:25:17.056133+00:00,APPROVED,Aliaksandr (Gym visual 관리자),2026-08-18T00:00:00+09:00,관리자 보관; 이메일 제목: [Gym visual] An answer to your message is available #ct6449 #tc3mq7TI7675Sa; 허가자: Gym visual 관리자 Aliaksandr; 허가 범위: Gymvisual GIF/thumbnail; 허가일: 2026-08-18,true,VISIBLE,images/1388-XhfS1DZ.jpg,videos/1388-XhfS1DZ.gif,image/gif,134662,"""f25df5ad1607b434be68120122eb9712""",,,image/jpeg,7882,"""ed66c51a4bfcec46e6437dee70ccf4da""",,,image/gif,134662,"""f25df5ad1607b434be68120122eb9712""",,,image/jpeg,7882,"""ed66c51a4bfcec46e6437dee70ccf4da""",,
REX-000052,REX-000052,push_up_horizontal_push_bodyweight,exercise-catalog-v2.0.2-final,GYMVISUAL,gymvisual,0662,VALID_NUMERIC,0662,GYMVISUAL,SELF_CATALOG_SOURCE,catalog-media/gymvisual/push_up_horizontal_push_bodyweight/demo.gif,AVAILABLE,AVAILABLE,EXISTING_RECORD_SPECIFIC_MEDIA_MAPPING,VERIFIED,2026-08-26T07:25:17.056133+00:00,APPROVED,Aliaksandr (Gym visual 관리자),2026-08-18T00:00:00+09:00,관리자 보관; 이메일 제목: [Gym visual] An answer to your message is available #ct6449 #tc3mq7TI7675Sa; 허가자: Gym visual 관리자 Aliaksandr; 허가 범위: Gymvisual GIF/thumbnail; 허가일: 2026-08-18,true,VISIBLE,images/0662-I4hDWkc.jpg,videos/0662-I4hDWkc.gif,image/gif,87535,"""21398408e5f4d870a846c69069dce46a""",,,image/jpeg,6556,"""ec7caa45d40368dccffbaf81ea3e5a0c""",,,image/gif,87535,"""21398408e5f4d870a846c69069dce46a""",,,image/jpeg,6556,"""ec7caa45d40368dccffbaf81ea3e5a0c""",,
REX-000053,REX-000053,rear_deltoid_stretch_mobility_stretch_bodyweight,exercise-catalog-v2.0.2-final,GYMVISUAL,gymvisual,0669,VALID_NUMERIC,0669,GYMVISUAL,SELF_CATALOG_SOURCE,catalog-media/gymvisual/rear_deltoid_stretch_mobility_stretch_bodyweight/demo.gif,AVAILABLE,AVAILABLE,EXISTING_RECORD_SPECIFIC_MEDIA_MAPPING,VERIFIED,2026-08-26T07:25:17.056133+00:00,APPROVED,Aliaksandr (Gym visual 관리자),2026-08-18T00:00:00+09:00,관리자 보관; 이메일 제목: [Gym visual] An answer to your message is available #ct6449 #tc3mq7TI7675Sa; 허가자: Gym visual 관리자 Aliaksandr; 허가 범위: Gymvisual GIF/thumbnail; 허가일: 2026-08-18,true,VISIBLE,images/0669-xifhB5W.jpg,videos/0669-xifhB5W.gif,image/gif,71516,"""5aa341a4fb6f98c2198634c2a9d6d6d0""",,,image/jpeg,5285,"""8820b7c5a8be344eda26dcc90ce5e4ff""",,,image/gif,71516,"""5aa341a4fb6f98c2198634c2a9d6d6d0""",,,image/jpeg,5285,"""8820b7c5a8be344eda26dcc90ce5e4ff""",,
REX-000054,REX-000054,reverse_calf_raise_isolation_resistance_band,exercise-catalog-v2.0.2-final,GYMVISUAL,gymvisual,1000,VALID_NUMERIC,1000,GYMVISUAL,SELF_CATALOG_SOURCE,catalog-media/gymvisual/reverse_calf_raise_isolation_resistance_band/demo.gif,AVAILABLE,AVAILABLE,EXISTING_RECORD_SPECIFIC_MEDIA_MAPPING,VERIFIED,2026-08-26T07:25:17.056133+00:00,APPROVED,Aliaksandr (Gym visual 관리자),2026-08-18T00:00:00+09:00,관리자 보관; 이메일 제목: [Gym visual] An answer to your message is available #ct6449 #tc3mq7TI7675Sa; 허가자: Gym visual 관리자 Aliaksandr; 허가 범위: Gymvisual GIF/thumbnail; 허가일: 2026-08-18,true,VISIBLE,images/1000-QsSQWbf.jpg,videos/1000-QsSQWbf.gif,image/gif,80041,"""fe3aecfa949ee2ac1049544370528e3e""",,,image/jpeg,6285,"""b79c4ab8ea7d13a7f979cc8353d9bc28""",,,image/gif,80041,"""fe3aecfa949ee2ac1049544370528e3e""",,,image/jpeg,6285,"""b79c4ab8ea7d13a7f979cc8353d9bc28""",,
REX-000055,REX-000055,reverse_wrist_curl_isolation_barbell,exercise-catalog-v2.0.2-final,GYMVISUAL,gymvisual,0082,VALID_NUMERIC,0082,GYMVISUAL,SELF_CATALOG_SOURCE,catalog-media/gymvisual/reverse_wrist_curl_isolation_barbell/demo.gif,AVAILABLE,AVAILABLE,EXISTING_RECORD_SPECIFIC_MEDIA_MAPPING,VERIFIED,2026-08-26T07:25:17.056133+00:00,APPROVED,Aliaksandr (Gym visual 관리자),2026-08-18T00:00:00+09:00,관리자 보관; 이메일 제목: [Gym visual] An answer to your message is available #ct6449 #tc3mq7TI7675Sa; 허가자: Gym visual 관리자 Aliaksandr; 허가 범위: Gymvisual GIF/thumbnail; 허가일: 2026-08-18,true,VISIBLE,images/0082-LsZkfU6.jpg,videos/0082-LsZkfU6.gif,image/gif,90845,"""2e7c6806d18a3ee45b4603ba2dc8b98c""",,,image/jpeg,7094,"""1704f15f632f092e36fcfb3310102101""",,,image/gif,90845,"""2e7c6806d18a3ee45b4603ba2dc8b98c""",,,image/jpeg,7094,"""1704f15f632f092e36fcfb3310102101""",,
REX-000056,REX-000056,cardio_gait_bodyweight,exercise-catalog-v2.0.2-final,GYMVISUAL,gymvisual,3672,VALID_NUMERIC,3672,GYMVISUAL,SELF_CATALOG_SOURCE,catalog-media/gymvisual/cardio_gait_bodyweight/demo.gif,AVAILABLE,AVAILABLE,EXISTING_RECORD_SPECIFIC_MEDIA_MAPPING,VERIFIED,2026-08-26T07:25:17.056133+00:00,APPROVED,Aliaksandr (Gym visual 관리자),2026-08-18T00:00:00+09:00,관리자 보관; 이메일 제목: [Gym visual] An answer to your message is available #ct6449 #tc3mq7TI7675Sa; 허가자: Gym visual 관리자 Aliaksandr; 허가 범위: Gymvisual GIF/thumbnail; 허가일: 2026-08-18,true,VISIBLE,images/3672-fNGumX0.jpg,videos/3672-fNGumX0.gif,image/gif,173160,"""fd840a25d395e465f3bae12a59e28a61""",,,image/jpeg,5102,"""20de0acaed304ce4a7dd4d05cb0f4455""",,,image/gif,173160,"""fd840a25d395e465f3bae12a59e28a61""",,,image/jpeg,5102,"""20de0acaed304ce4a7dd4d05cb0f4455""",,
REX-000057,REX-000057,hip_flexion_isolation_bodyweight,exercise-catalog-v2.0.2-final,KSPO,kspo,46ea8fdbe34474fac354a051f63b114e0a6d20a21f71226ae0db5da216d14861,VALID_NON_NUMERIC,46ea8fdbe34474fac354a051f63b114e0a6d20a21f71226ae0db5da216d14861,KSPO,SELF_CATALOG_SOURCE,,UNAVAILABLE,UNAVAILABLE,NO_RECORD_SPECIFIC_MEDIA_MAPPING_REVIEWED,NOT_REQUESTED,,APPROVED,USER_DIRECT_REVIEW_2026_08_29,2026-08-29T00:00:00+09:00,EXTERNAL_EXPERT_SOURCE_APPROVAL; OWNER_VISUAL_REVIEW; NO_RECORD_SPECIFIC_MEDIA_MAPPING,true,HIDDEN,,,,,,,,,,,,,,,,,,,,,,
REX-000058,REX-000058,cardio_gait_bodyweight_rex_000058,exercise-catalog-v2.0.2-final,GYMVISUAL,gymvisual,3636,VALID_NUMERIC,3636,GYMVISUAL,SELF_CATALOG_SOURCE,catalog-media/gymvisual/cardio_gait_bodyweight_rex_000058/demo.gif,AVAILABLE,AVAILABLE,EXISTING_RECORD_SPECIFIC_MEDIA_MAPPING,VERIFIED,2026-08-26T07:25:17.056133+00:00,APPROVED,Aliaksandr (Gym visual 관리자),2026-08-18T00:00:00+09:00,관리자 보관; 이메일 제목: [Gym visual] An answer to your message is available #ct6449 #tc3mq7TI7675Sa; 허가자: Gym visual 관리자 Aliaksandr; 허가 범위: Gymvisual GIF/thumbnail; 허가일: 2026-08-18,true,VISIBLE,images/3636-ealLwvX.jpg,videos/3636-ealLwvX.gif,image/gif,56086,"""061af75c12770b10c1868b1730d963e6""",,,image/jpeg,6099,"""6a1761a4c927f79ffc4cdff40b8e4429""",,,image/gif,56086,"""061af75c12770b10c1868b1730d963e6""",,,image/jpeg,6099,"""6a1761a4c927f79ffc4cdff40b8e4429""",,
REX-000059,REX-000059,cardio_jump_plyometric_bodyweight,exercise-catalog-v2.0.2-final,GYMVISUAL,gymvisual,3224,VALID_NUMERIC,3224,GYMVISUAL,SELF_CATALOG_SOURCE,catalog-media/gymvisual/cardio_jump_plyometric_bodyweight/demo.gif,AVAILABLE,AVAILABLE,EXISTING_RECORD_SPECIFIC_MEDIA_MAPPING,VERIFIED,2026-08-26T07:25:17.056133+00:00,APPROVED,Aliaksandr (Gym visual 관리자),2026-08-18T00:00:00+09:00,관리자 보관; 이메일 제목: [Gym visual] An answer to your message is available #ct6449 #tc3mq7TI7675Sa; 허가자: Gym visual 관리자 Aliaksandr; 허가 범위: Gymvisual GIF/thumbnail; 허가일: 2026-08-18,true,VISIBLE,images/3224-1g5bPpA.jpg,videos/3224-1g5bPpA.gif,image/gif,132797,"""9f3fe4f0fddeddc1fe22b99e329e9209""",,,image/jpeg,5341,"""d040ae0aede78aa3ae817456ebbf2687""",,,image/gif,132797,"""9f3fe4f0fddeddc1fe22b99e329e9209""",,,image/jpeg,5341,"""d040ae0aede78aa3ae817456ebbf2687""",,
REX-000064,REX-000064,hip_flexion_isolation_bodyweight_rex_000064,exercise-catalog-v2.0.2-final,KSPO,kspo,dfd7eaa07d42e118610eb6756d8dcdc351f5b1f3c9a1262fa94aa18d92a87e09,VALID_NON_NUMERIC,dfd7eaa07d42e118610eb6756d8dcdc351f5b1f3c9a1262fa94aa18d92a87e09,KSPO,SELF_CATALOG_SOURCE,,UNAVAILABLE,UNAVAILABLE,NO_RECORD_SPECIFIC_MEDIA_MAPPING_REVIEWED,NOT_REQUESTED,,APPROVED,USER_DIRECT_REVIEW_2026_08_29,2026-08-29T00:00:00+09:00,EXTERNAL_EXPERT_SOURCE_APPROVAL; OWNER_VISUAL_REVIEW; NO_RECORD_SPECIFIC_MEDIA_MAPPING,true,HIDDEN,,,,,,,,,,,,,,,,,,,,,,
REX-000066,REX-000066,mobility_balance_bodyweight,exercise-catalog-v2.0.2-final,KSPO,kspo,19af0f76cad5e01830e662585e3cea621cf8563f1955f83114bef440606379c4,VALID_NON_NUMERIC,19af0f76cad5e01830e662585e3cea621cf8563f1955f83114bef440606379c4,KSPO,SELF_CATALOG_SOURCE,,UNAVAILABLE,UNAVAILABLE,NO_RECORD_SPECIFIC_MEDIA_MAPPING_REVIEWED,NOT_REQUESTED,,APPROVED,USER_DIRECT_REVIEW_2026_08_29,2026-08-29T00:00:00+09:00,EXTERNAL_EXPERT_SOURCE_APPROVAL; OWNER_VISUAL_REVIEW; NO_RECORD_SPECIFIC_MEDIA_MAPPING,true,HIDDEN,,,,,,,,,,,,,,,,,,,,,,
REX-000068,REX-000068,cardio_gait_step_box,exercise-catalog-v2.0.2-final,KSPO,kspo,00c41c823f6141adb2f3b7da95c1213fea98dac6cb3bfaf453f1a4989133d2d2,VALID_NON_NUMERIC,00c41c823f6141adb2f3b7da95c1213fea98dac6cb3bfaf453f1a4989133d2d2,KSPO,SELF_CATALOG_SOURCE,,UNAVAILABLE,UNAVAILABLE,NO_RECORD_SPECIFIC_MEDIA_MAPPING_REVIEWED,NOT_REQUESTED,,APPROVED,USER_DIRECT_REVIEW_2026_08_29,2026-08-29T00:00:00+09:00,EXTERNAL_EXPERT_SOURCE_APPROVAL; OWNER_VISUAL_REVIEW; NO_RECORD_SPECIFIC_MEDIA_MAPPING,true,HIDDEN,,,,,,,,,,,,,,,,,,,,,,
REX-000069,REX-000069,leg_press_knee_dominant_resistance_band,exercise-catalog-v2.0.2-final,KSPO,kspo,72cc612abf8747105b33f64e0661b713012fb3f2ae378cd5c5142215eedc899b,VALID_NON_NUMERIC,72cc612abf8747105b33f64e0661b713012fb3f2ae378cd5c5142215eedc899b,KSPO,SELF_CATALOG_SOURCE,,UNAVAILABLE,UNAVAILABLE,NO_RECORD_SPECIFIC_MEDIA_MAPPING_REVIEWED,NOT_REQUESTED,,APPROVED,USER_DIRECT_REVIEW_2026_08_29,2026-08-29T00:00:00+09:00,EXTERNAL_EXPERT_SOURCE_APPROVAL; OWNER_VISUAL_REVIEW; NO_RECORD_SPECIFIC_MEDIA_MAPPING,true,HIDDEN,,,,,,,,,,,,,,,,,,,,,,
REX-000070,REX-000070,cardio_gait_machine,exercise-catalog-v2.0.2-final,GYMVISUAL,gymvisual,3666,VALID_NUMERIC,3666,GYMVISUAL,SELF_CATALOG_SOURCE,catalog-media/gymvisual/cardio_gait_machine/demo.gif,AVAILABLE,AVAILABLE,EXISTING_RECORD_SPECIFIC_MEDIA_MAPPING,VERIFIED,2026-08-26T07:25:17.056133+00:00,APPROVED,Aliaksandr (Gym visual 관리자),2026-08-18T00:00:00+09:00,관리자 보관; 이메일 제목: [Gym visual] An answer to your message is available #ct6449 #tc3mq7TI7675Sa; 허가자: Gym visual 관리자 Aliaksandr; 허가 범위: Gymvisual GIF/thumbnail; 허가일: 2026-08-18,true,VISIBLE,images/3666-rjiM4L3.jpg,videos/3666-rjiM4L3.gif,image/gif,199540,"""1f2f91fe20785db2dd1d8ac1f70f07f9""",,,image/jpeg,9736,"""6a42baba189c91cdec7b65c5b34a06b8""",,,image/gif,199540,"""1f2f91fe20785db2dd1d8ac1f70f07f9""",,,image/jpeg,9736,"""6a42baba189c91cdec7b65c5b34a06b8""",,
REX-000071,REX-000071,cardio_gait_machine_rex_000071,exercise-catalog-v2.0.2-final,GYMVISUAL,gymvisual,2311,VALID_NUMERIC,2311,GYMVISUAL,SELF_CATALOG_SOURCE,catalog-media/gymvisual/cardio_gait_machine_rex_000071/demo.gif,AVAILABLE,AVAILABLE,EXISTING_RECORD_SPECIFIC_MEDIA_MAPPING,VERIFIED,2026-08-26T07:25:17.056133+00:00,APPROVED,Aliaksandr (Gym visual 관리자),2026-08-18T00:00:00+09:00,관리자 보관; 이메일 제목: [Gym visual] An answer to your message is available #ct6449 #tc3mq7TI7675Sa; 허가자: Gym visual 관리자 Aliaksandr; 허가 범위: Gymvisual GIF/thumbnail; 허가일: 2026-08-18,true,VISIBLE,images/2311-j9Q5crt.jpg,videos/2311-j9Q5crt.gif,image/gif,91245,"""6ded94fde7c18bc24c60695bc8e0a6d6""",,,image/jpeg,8692,"""b719227714f17ed99517ff4a430c2995""",,,image/gif,91245,"""6ded94fde7c18bc24c60695bc8e0a6d6""",,,image/jpeg,8692,"""b719227714f17ed99517ff4a430c2995""",,
REX-000073,REX-000073,roller_back_stretch_mobility_stretch_foam_roller,exercise-catalog-v2.0.2-final,GYMVISUAL,gymvisual,2208,VALID_NUMERIC,2208,GYMVISUAL,SELF_CATALOG_SOURCE,catalog-media/gymvisual/roller_back_stretch_mobility_stretch_foam_roller/demo.gif,AVAILABLE,AVAILABLE,EXISTING_RECORD_SPECIFIC_MEDIA_MAPPING,VERIFIED,2026-08-26T07:25:17.056133+00:00,APPROVED,Aliaksandr (Gym visual 관리자),2026-08-18T00:00:00+09:00,관리자 보관; 이메일 제목: [Gym visual] An answer to your message is available #ct6449 #tc3mq7TI7675Sa; 허가자: Gym visual 관리자 Aliaksandr; 허가 범위: Gymvisual GIF/thumbnail; 허가일: 2026-08-18,true,VISIBLE,images/2208-isofgzg.jpg,videos/2208-isofgzg.gif,image/gif,66942,"""afb2d21990f8a0081e7d6e34c447c1e3""",,,image/jpeg,5131,"""8556139ebd6f4e7276bf2a0def2354ba""",,,image/gif,66942,"""afb2d21990f8a0081e7d6e34c447c1e3""",,,image/jpeg,5131,"""8556139ebd6f4e7276bf2a0def2354ba""",,
REX-000074,REX-000074,roller_hip_stretch_mobility_stretch_foam_roller,exercise-catalog-v2.0.2-final,GYMVISUAL,gymvisual,2202,VALID_NUMERIC,2202,GYMVISUAL,SELF_CATALOG_SOURCE,catalog-media/gymvisual/roller_hip_stretch_mobility_stretch_foam_roller/demo.gif,AVAILABLE,AVAILABLE,EXISTING_RECORD_SPECIFIC_MEDIA_MAPPING,VERIFIED,2026-08-26T07:25:17.056133+00:00,APPROVED,Aliaksandr (Gym visual 관리자),2026-08-18T00:00:00+09:00,관리자 보관; 이메일 제목: [Gym visual] An answer to your message is available #ct6449 #tc3mq7TI7675Sa; 허가자: Gym visual 관리자 Aliaksandr; 허가 범위: Gymvisual GIF/thumbnail; 허가일: 2026-08-18,true,VISIBLE,images/2202-oMypNrz.jpg,videos/2202-oMypNrz.gif,image/gif,101281,"""5e3009edaeac4faf7b99743ccfde3002""",,,image/jpeg,5921,"""469a58425cd4376d7af3dbbb4d638bd9""",,,image/gif,101281,"""5e3009edaeac4faf7b99743ccfde3002""",,,image/jpeg,5921,"""469a58425cd4376d7af3dbbb4d638bd9""",,
REX-000076,REX-000076,row_variant_horizontal_pull_cable_machine,exercise-catalog-v2.0.2-final,WGER,wger,1117,VALID_NON_NUMERIC,1117,WGER,SELF_CATALOG_SOURCE,,UNAVAILABLE,UNAVAILABLE,NO_RECORD_SPECIFIC_MEDIA_MAPPING_REVIEWED,NOT_REQUESTED,,APPROVED,USER_DIRECT_REVIEW_2026_08_29,2026-08-29T00:00:00+09:00,EXTERNAL_EXPERT_SOURCE_APPROVAL; OWNER_VISUAL_REVIEW; NO_RECORD_SPECIFIC_MEDIA_MAPPING,true,HIDDEN,,,,,,,,,,,,,,,,,,,,,,
REX-000077,REX-000077,runners_stretch_mobility_stretch_bodyweight,exercise-catalog-v2.0.2-final,GYMVISUAL,gymvisual,1585,VALID_NUMERIC,1585,GYMVISUAL,SELF_CATALOG_SOURCE,catalog-media/gymvisual/runners_stretch_mobility_stretch_bodyweight/demo.gif,AVAILABLE,AVAILABLE,EXISTING_RECORD_SPECIFIC_MEDIA_MAPPING,VERIFIED,2026-08-26T07:25:17.056133+00:00,APPROVED,Aliaksandr (Gym visual 관리자),2026-08-18T00:00:00+09:00,관리자 보관; 이메일 제목: [Gym visual] An answer to your message is available #ct6449 #tc3mq7TI7675Sa; 허가자: Gym visual 관리자 Aliaksandr; 허가 범위: Gymvisual GIF/thumbnail; 허가일: 2026-08-18,true,VISIBLE,images/1585-0mB6wHO.jpg,videos/1585-0mB6wHO.gif,image/gif,72789,"""12e67d3346088dab87a01e8e13ffe8be""",,,image/jpeg,4321,"""9e2da566f2ab64675ac0a5ef056c4dac""",,,image/gif,72789,"""12e67d3346088dab87a01e8e13ffe8be""",,,image/jpeg,4321,"""9e2da566f2ab64675ac0a5ef056c4dac""",,
REX-000079,REX-000079,seated_cable_row_horizontal_pull_cable_machine,exercise-catalog-v2.0.2-final,GYMVISUAL,gymvisual,0861,VALID_NUMERIC,0861,GYMVISUAL,SELF_CATALOG_SOURCE,catalog-media/gymvisual/seated_cable_row_horizontal_pull_cable_machine/demo.gif,AVAILABLE,AVAILABLE,EXISTING_RECORD_SPECIFIC_MEDIA_MAPPING,VERIFIED,2026-08-26T07:25:17.056133+00:00,APPROVED,Aliaksandr (Gym visual 관리자),2026-08-18T00:00:00+09:00,관리자 보관; 이메일 제목: [Gym visual] An answer to your message is available #ct6449 #tc3mq7TI7675Sa; 허가자: Gym visual 관리자 Aliaksandr; 허가 범위: Gymvisual GIF/thumbnail; 허가일: 2026-08-18,true,VISIBLE,images/0861-fUBheHs.jpg,videos/0861-fUBheHs.gif,image/gif,103011,"""95b1175cc73c3a7ab50de0696c160d78""",,,image/jpeg,8466,"""3ab6d0e027f9f46db0fa3b8354bd5814""",,,image/gif,103011,"""95b1175cc73c3a7ab50de0696c160d78""",,,image/jpeg,8466,"""3ab6d0e027f9f46db0fa3b8354bd5814""",,
REX-000080,REX-000080,seated_calf_raise_isolation_barbell,exercise-catalog-v2.0.2-final,GYMVISUAL,gymvisual,0088,VALID_NUMERIC,0088,GYMVISUAL,SELF_CATALOG_SOURCE,catalog-media/gymvisual/seated_calf_raise_isolation_barbell/demo.gif,AVAILABLE,AVAILABLE,EXISTING_RECORD_SPECIFIC_MEDIA_MAPPING,VERIFIED,2026-08-26T07:25:17.056133+00:00,APPROVED,Aliaksandr (Gym visual 관리자),2026-08-18T00:00:00+09:00,관리자 보관; 이메일 제목: [Gym visual] An answer to your message is available #ct6449 #tc3mq7TI7675Sa; 허가자: Gym visual 관리자 Aliaksandr; 허가 범위: Gymvisual GIF/thumbnail; 허가일: 2026-08-18,true,VISIBLE,images/0088-ktsFQAZ.jpg,videos/0088-ktsFQAZ.gif,image/gif,97536,"""82dab02066551bb393e8649ab7646a17""",,,image/jpeg,7399,"""bb874e94dfc016b970ae1776db7f4568""",,,image/gif,97536,"""82dab02066551bb393e8649ab7646a17""",,,image/jpeg,7399,"""bb874e94dfc016b970ae1776db7f4568""",,
REX-000081,REX-000081,seated_calf_stretch_mobility_stretch_bodyweight,exercise-catalog-v2.0.2-final,GYMVISUAL,gymvisual,1390,VALID_NUMERIC,1390,GYMVISUAL,SELF_CATALOG_SOURCE,catalog-media/gymvisual/seated_calf_stretch_mobility_stretch_bodyweight/demo.gif,AVAILABLE,AVAILABLE,EXISTING_RECORD_SPECIFIC_MEDIA_MAPPING,VERIFIED,2026-08-26T07:25:17.056133+00:00,APPROVED,Aliaksandr (Gym visual 관리자),2026-08-18T00:00:00+09:00,관리자 보관; 이메일 제목: [Gym visual] An answer to your message is available #ct6449 #tc3mq7TI7675Sa; 허가자: Gym visual 관리자 Aliaksandr; 허가 범위: Gymvisual GIF/thumbnail; 허가일: 2026-08-18,true,VISIBLE,images/1390-17bqEXD.jpg,videos/1390-17bqEXD.gif,image/gif,161588,"""27e81e9336aa1a4ad3dd6c78b0848d1f""",,,image/jpeg,8967,"""6e7cb494c73908c1f8236bbde47363c4""",,,image/gif,161588,"""27e81e9336aa1a4ad3dd6c78b0848d1f""",,,image/jpeg,8967,"""6e7cb494c73908c1f8236bbde47363c4""",,
REX-000082,REX-000082,seated_glute_stretch_mobility_stretch_bodyweight,exercise-catalog-v2.0.2-final,GYMVISUAL,gymvisual,1424,VALID_NUMERIC,1424,GYMVISUAL,SELF_CATALOG_SOURCE,catalog-media/gymvisual/seated_glute_stretch_mobility_stretch_bodyweight/demo.gif,AVAILABLE,AVAILABLE,EXISTING_RECORD_SPECIFIC_MEDIA_MAPPING,VERIFIED,2026-08-26T07:25:17.056133+00:00,APPROVED,Aliaksandr (Gym visual 관리자),2026-08-18T00:00:00+09:00,관리자 보관; 이메일 제목: [Gym visual] An answer to your message is available #ct6449 #tc3mq7TI7675Sa; 허가자: Gym visual 관리자 Aliaksandr; 허가 범위: Gymvisual GIF/thumbnail; 허가일: 2026-08-18,true,VISIBLE,images/1424-DeDThfG.jpg,videos/1424-DeDThfG.gif,image/gif,121069,"""dfc474a9175e9a1de31b7d4f6188191b""",,,image/jpeg,7449,"""6a7d0e3dae6d879c8434562a971d2d23""",,,image/gif,121069,"""dfc474a9175e9a1de31b7d4f6188191b""",,,image/jpeg,7449,"""6a7d0e3dae6d879c8434562a971d2d23""",,
REX-000083,REX-000083,seated_leg_curl_knee_flexion_machine,exercise-catalog-v2.0.2-final,GYMVISUAL,gymvisual,0599,VALID_NUMERIC,0599,GYMVISUAL,SELF_CATALOG_SOURCE,catalog-media/gymvisual/seated_leg_curl_knee_flexion_machine/demo.gif,AVAILABLE,AVAILABLE,EXISTING_RECORD_SPECIFIC_MEDIA_MAPPING,VERIFIED,2026-08-26T07:25:17.056133+00:00,APPROVED,Aliaksandr (Gym visual 관리자),2026-08-18T00:00:00+09:00,관리자 보관; 이메일 제목: [Gym visual] An answer to your message is available #ct6449 #tc3mq7TI7675Sa; 허가자: Gym visual 관리자 Aliaksandr; 허가 범위: Gymvisual GIF/thumbnail; 허가일: 2026-08-18,true,VISIBLE,images/0599-Zg3XY7P.jpg,videos/0599-Zg3XY7P.gif,image/gif,141354,"""a6f7e038c0e4fb3738e5494188fd964d""",,,image/jpeg,9935,"""51ac16f8d6fa8f13127af09346ffb848""",,,image/gif,141354,"""a6f7e038c0e4fb3738e5494188fd964d""",,,image/jpeg,9935,"""51ac16f8d6fa8f13127af09346ffb848""",,
REX-000084,REX-000084,seated_lower_back_stretch_mobility_stretch_bodyweight,exercise-catalog-v2.0.2-final,GYMVISUAL,gymvisual,0690,VALID_NUMERIC,0690,GYMVISUAL,SELF_CATALOG_SOURCE,catalog-media/gymvisual/seated_lower_back_stretch_mobility_stretch_bodyweight/demo.gif,AVAILABLE,AVAILABLE,EXISTING_RECORD_SPECIFIC_MEDIA_MAPPING,VERIFIED,2026-08-26T07:25:17.056133+00:00,APPROVED,Aliaksandr (Gym visual 관리자),2026-08-18T00:00:00+09:00,관리자 보관; 이메일 제목: [Gym visual] An answer to your message is available #ct6449 #tc3mq7TI7675Sa; 허가자: Gym visual 관리자 Aliaksandr; 허가 범위: Gymvisual GIF/thumbnail; 허가일: 2026-08-18,true,VISIBLE,images/0690-QFmz6ch.jpg,videos/0690-QFmz6ch.gif,image/gif,81563,"""b965de12722f51964cc45807e249ccee""",,,image/jpeg,5899,"""f404162fea114403f2121e95e4243261""",,,image/gif,81563,"""b965de12722f51964cc45807e249ccee""",,,image/jpeg,5899,"""f404162fea114403f2121e95e4243261""",,
REX-000085,REX-000085,seated_piriformis_stretch_mobility_stretch_bodyweight,exercise-catalog-v2.0.2-final,GYMVISUAL,gymvisual,2567,VALID_NUMERIC,2567,GYMVISUAL,SELF_CATALOG_SOURCE,catalog-media/gymvisual/seated_piriformis_stretch_mobility_stretch_bodyweight/demo.gif,AVAILABLE,AVAILABLE,EXISTING_RECORD_SPECIFIC_MEDIA_MAPPING,VERIFIED,2026-08-26T07:25:17.056133+00:00,APPROVED,Aliaksandr (Gym visual 관리자),2026-08-18T00:00:00+09:00,관리자 보관; 이메일 제목: [Gym visual] An answer to your message is available #ct6449 #tc3mq7TI7675Sa; 허가자: Gym visual 관리자 Aliaksandr; 허가 범위: Gymvisual GIF/thumbnail; 허가일: 2026-08-18,true,VISIBLE,images/2567-QY39eBr.jpg,videos/2567-QY39eBr.gif,image/gif,132583,"""a1430744fd1be7fbfde844a5cd4fb107""",,,image/jpeg,8190,"""2a59000b493fca05936a80b2c4137575""",,,image/gif,132583,"""a1430744fd1be7fbfde844a5cd4fb107""",,,image/jpeg,8190,"""2a59000b493fca05936a80b2c4137575""",,
REX-000087,REX-000087,seated_wide_angle_stretch_mobility_stretch_bodyweight,exercise-catalog-v2.0.2-final,GYMVISUAL,gymvisual,1587,VALID_NUMERIC,1587,GYMVISUAL,SELF_CATALOG_SOURCE,catalog-media/gymvisual/seated_wide_angle_stretch_mobility_stretch_bodyweight/demo.gif,AVAILABLE,AVAILABLE,EXISTING_RECORD_SPECIFIC_MEDIA_MAPPING,VERIFIED,2026-08-26T07:25:17.056133+00:00,APPROVED,Aliaksandr (Gym visual 관리자),2026-08-18T00:00:00+09:00,관리자 보관; 이메일 제목: [Gym visual] An answer to your message is available #ct6449 #tc3mq7TI7675Sa; 허가자: Gym visual 관리자 Aliaksandr; 허가 범위: Gymvisual GIF/thumbnail; 허가일: 2026-08-18,true,VISIBLE,images/1587-HIgYKAB.jpg,videos/1587-HIgYKAB.gif,image/gif,96821,"""ae207cbc9a87d7e9d472ea58633c1baa""",,,image/jpeg,6291,"""ef56383ba4c0c0bf79523fa808d8c5e0""",,,image/gif,96821,"""ae207cbc9a87d7e9d472ea58633c1baa""",,,image/jpeg,6291,"""ef56383ba4c0c0bf79523fa808d8c5e0""",,
REX-000088,REX-000088,side_lying_quadriceps_stretch_mobility_stretch_bodyweight,exercise-catalog-v2.0.2-final,GYMVISUAL,gymvisual,0613,VALID_NUMERIC,0613,GYMVISUAL,SELF_CATALOG_SOURCE,catalog-media/gymvisual/side_lying_quadriceps_stretch_mobility_stretch_bodyweight/demo.gif,AVAILABLE,AVAILABLE,EXISTING_RECORD_SPECIFIC_MEDIA_MAPPING,VERIFIED,2026-08-26T07:25:17.056133+00:00,APPROVED,Aliaksandr (Gym visual 관리자),2026-08-18T00:00:00+09:00,관리자 보관; 이메일 제목: [Gym visual] An answer to your message is available #ct6449 #tc3mq7TI7675Sa; 허가자: Gym visual 관리자 Aliaksandr; 허가 범위: Gymvisual GIF/thumbnail; 허가일: 2026-08-18,true,VISIBLE,images/0613-BWnJR72.jpg,videos/0613-BWnJR72.gif,image/gif,69123,"""c799eccc93d5359b2bb41aeae0055251""",,,image/jpeg,4975,"""ca99e62a69687e01dcd9bd6052ff295d""",,,image/gif,69123,"""c799eccc93d5359b2bb41aeae0055251""",,,image/jpeg,4975,"""ca99e62a69687e01dcd9bd6052ff295d""",,
REX-000089,REX-000089,side_wrist_pull_stretch_mobility_stretch_bodyweight,exercise-catalog-v2.0.2-final,GYMVISUAL,gymvisual,0721,VALID_NUMERIC,0721,GYMVISUAL,SELF_CATALOG_SOURCE,catalog-media/gymvisual/side_wrist_pull_stretch_mobility_stretch_bodyweight/demo.gif,AVAILABLE,AVAILABLE,EXISTING_RECORD_SPECIFIC_MEDIA_MAPPING,VERIFIED,2026-08-26T07:25:17.056133+00:00,APPROVED,Aliaksandr (Gym visual 관리자),2026-08-18T00:00:00+09:00,관리자 보관; 이메일 제목: [Gym visual] An answer to your message is available #ct6449 #tc3mq7TI7675Sa; 허가자: Gym visual 관리자 Aliaksandr; 허가 범위: Gymvisual GIF/thumbnail; 허가일: 2026-08-18,true,VISIBLE,images/0721-UtmIqcI.jpg,videos/0721-UtmIqcI.gif,image/gif,69235,"""f0edc6923ff34cfd200baed06285b6a7""",,,image/jpeg,5254,"""434de08ff8d452ee834ec4020c1da058""",,,image/gif,69235,"""f0edc6923ff34cfd200baed06285b6a7""",,,image/jpeg,5254,"""434de08ff8d452ee834ec4020c1da058""",,
REX-000091,REX-000091,spine_stretch_mobility_stretch_bodyweight,exercise-catalog-v2.0.2-final,GYMVISUAL,gymvisual,1363,VALID_NUMERIC,1363,GYMVISUAL,SELF_CATALOG_SOURCE,catalog-media/gymvisual/spine_stretch_mobility_stretch_bodyweight/demo.gif,AVAILABLE,AVAILABLE,EXISTING_RECORD_SPECIFIC_MEDIA_MAPPING,VERIFIED,2026-08-26T07:25:17.056133+00:00,APPROVED,Aliaksandr (Gym visual 관리자),2026-08-18T00:00:00+09:00,관리자 보관; 이메일 제목: [Gym visual] An answer to your message is available #ct6449 #tc3mq7TI7675Sa; 허가자: Gym visual 관리자 Aliaksandr; 허가 범위: Gymvisual GIF/thumbnail; 허가일: 2026-08-18,true,VISIBLE,images/1363-JbC2iaV.jpg,videos/1363-JbC2iaV.gif,image/gif,119336,"""4c53309975f7ed9f7cd56980cc544eec""",,,image/jpeg,7979,"""ad7cb79f37d8b68c53709d7d44646ef1""",,,image/gif,119336,"""4c53309975f7ed9f7cd56980cc544eec""",,,image/jpeg,7979,"""ad7cb79f37d8b68c53709d7d44646ef1""",,
REX-000094,REX-000094,standing_hamstring_calf_strap_stretch_mobility_stretch_stretch_strap,exercise-catalog-v2.0.2-final,GYMVISUAL,gymvisual,1599,VALID_NUMERIC,1599,GYMVISUAL,SELF_CATALOG_SOURCE,catalog-media/gymvisual/standing_hamstring_calf_strap_stretch_mobility_stretch_stretch_strap/demo.gif,AVAILABLE,AVAILABLE,EXISTING_RECORD_SPECIFIC_MEDIA_MAPPING,VERIFIED,2026-08-26T07:25:17.056133+00:00,APPROVED,Aliaksandr (Gym visual 관리자),2026-08-18T00:00:00+09:00,관리자 보관; 이메일 제목: [Gym visual] An answer to your message is available #ct6449 #tc3mq7TI7675Sa; 허가자: Gym visual 관리자 Aliaksandr; 허가 범위: Gymvisual GIF/thumbnail; 허가일: 2026-08-18,true,VISIBLE,images/1599-xTjr103.jpg,videos/1599-xTjr103.gif,image/gif,90502,"""8b268187bb512dc2e726af1ebb4e1554""",,,image/jpeg,6190,"""e13fa9cea4e23e89a0cd7b5354387bab""",,,image/gif,90502,"""8b268187bb512dc2e726af1ebb4e1554""",,,image/jpeg,6190,"""e13fa9cea4e23e89a0cd7b5354387bab""",,
REX-000095,REX-000095,standing_lateral_stretch_mobility_stretch_bodyweight,exercise-catalog-v2.0.2-final,GYMVISUAL,gymvisual,0794,VALID_NUMERIC,0794,GYMVISUAL,SELF_CATALOG_SOURCE,catalog-media/gymvisual/standing_lateral_stretch_mobility_stretch_bodyweight/demo.gif,AVAILABLE,AVAILABLE,EXISTING_RECORD_SPECIFIC_MEDIA_MAPPING,VERIFIED,2026-08-26T07:25:17.056133+00:00,APPROVED,Aliaksandr (Gym visual 관리자),2026-08-18T00:00:00+09:00,관리자 보관; 이메일 제목: [Gym visual] An answer to your message is available #ct6449 #tc3mq7TI7675Sa; 허가자: Gym visual 관리자 Aliaksandr; 허가 범위: Gymvisual GIF/thumbnail; 허가일: 2026-08-18,true,VISIBLE,images/0794-1jXLYEw.jpg,videos/0794-1jXLYEw.gif,image/gif,77783,"""ab3de7963fab14033a302e68192a5be9""",,,image/jpeg,5427,"""721fd493aaef2a2541c6b6fc64afc1ae""",,,image/gif,77783,"""ab3de7963fab14033a302e68192a5be9""",,,image/jpeg,5427,"""721fd493aaef2a2541c6b6fc64afc1ae""",,
REX-000096,REX-000096,triceps_stretch_mobility_stretch_bodyweight,exercise-catalog-v2.0.2-final,GYMVISUAL,gymvisual,0817,VALID_NUMERIC,0817,GYMVISUAL,SELF_CATALOG_SOURCE,catalog-media/gymvisual/triceps_stretch_mobility_stretch_bodyweight/demo.gif,AVAILABLE,AVAILABLE,EXISTING_RECORD_SPECIFIC_MEDIA_MAPPING,VERIFIED,2026-08-26T07:25:17.056133+00:00,APPROVED,Aliaksandr (Gym visual 관리자),2026-08-18T00:00:00+09:00,관리자 보관; 이메일 제목: [Gym visual] An answer to your message is available #ct6449 #tc3mq7TI7675Sa; 허가자: Gym visual 관리자 Aliaksandr; 허가 범위: Gymvisual GIF/thumbnail; 허가일: 2026-08-18,true,VISIBLE,images/0817-uOV3Itw.jpg,videos/0817-uOV3Itw.gif,image/gif,73004,"""b9baab9b01e91786c9d10877673d2469""",,,image/jpeg,5358,"""4956534f56d0bd94802e2370e422c9cc""",,,image/gif,73004,"""b9baab9b01e91786c9d10877673d2469""",,,image/jpeg,5358,"""4956534f56d0bd94802e2370e422c9cc""",,
REX-000097,REX-000097,upper_back_isolation_isolation_resistance_band,exercise-catalog-v2.0.2-final,KSPO,kspo,ab41f78cd9e548e1217b4460122ca0a1e9824cd570da589f1b37ffe86d6db937,VALID_NON_NUMERIC,ab41f78cd9e548e1217b4460122ca0a1e9824cd570da589f1b37ffe86d6db937,KSPO,SELF_CATALOG_SOURCE,,UNAVAILABLE,UNAVAILABLE,NO_RECORD_SPECIFIC_MEDIA_MAPPING_REVIEWED,NOT_REQUESTED,,APPROVED,USER_DIRECT_REVIEW_2026_08_29,2026-08-29T00:00:00+09:00,EXTERNAL_EXPERT_SOURCE_APPROVAL; OWNER_VISUAL_REVIEW; NO_RECORD_SPECIFIC_MEDIA_MAPPING,true,HIDDEN,,,,,,,,,,,,,,,,,,,,,,
REX-000098,REX-000098,upper_back_stretch_mobility_stretch_bodyweight,exercise-catalog-v2.0.2-final,GYMVISUAL,gymvisual,1365,VALID_NUMERIC,1365,GYMVISUAL,SELF_CATALOG_SOURCE,catalog-media/gymvisual/upper_back_stretch_mobility_stretch_bodyweight/demo.gif,AVAILABLE,AVAILABLE,EXISTING_RECORD_SPECIFIC_MEDIA_MAPPING,VERIFIED,2026-08-26T07:25:17.056133+00:00,APPROVED,Aliaksandr (Gym visual 관리자),2026-08-18T00:00:00+09:00,관리자 보관; 이메일 제목: [Gym visual] An answer to your message is available #ct6449 #tc3mq7TI7675Sa; 허가자: Gym visual 관리자 Aliaksandr; 허가 범위: Gymvisual GIF/thumbnail; 허가일: 2026-08-18,true,VISIBLE,images/1365-GSDioYu.jpg,videos/1365-GSDioYu.gif,image/gif,70887,"""7e331a9e1fc0c724562dc6c8774569ff""",,,image/jpeg,5035,"""cf670f328726d171462e047640803c1f""",,,image/gif,70887,"""7e331a9e1fc0c724562dc6c8774569ff""",,,image/jpeg,5035,"""cf670f328726d171462e047640803c1f""",,
REX-000099,REX-000099,wall_calf_stretch_mobility_stretch_bodyweight,exercise-catalog-v2.0.2-final,GYMVISUAL,gymvisual,1377,VALID_NUMERIC,1377,GYMVISUAL,SELF_CATALOG_SOURCE,catalog-media/gymvisual/wall_calf_stretch_mobility_stretch_bodyweight/demo.gif,AVAILABLE,AVAILABLE,EXISTING_RECORD_SPECIFIC_MEDIA_MAPPING,VERIFIED,2026-08-26T07:25:17.056133+00:00,APPROVED,Aliaksandr (Gym visual 관리자),2026-08-18T00:00:00+09:00,관리자 보관; 이메일 제목: [Gym visual] An answer to your message is available #ct6449 #tc3mq7TI7675Sa; 허가자: Gym visual 관리자 Aliaksandr; 허가 범위: Gymvisual GIF/thumbnail; 허가일: 2026-08-18,true,VISIBLE,images/1377-m0tCHqc.jpg,videos/1377-m0tCHqc.gif,image/gif,82277,"""f0618ad146590a1588d66df7ec585f31""",,,image/jpeg,5240,"""74870203bcfc60bab06accf40520f7f5""",,,image/gif,82277,"""f0618ad146590a1588d66df7ec585f31""",,,image/jpeg,5240,"""74870203bcfc60bab06accf40520f7f5""",,
REX-000100,REX-000100,world_greatest_stretch_mobility_stretch_bodyweight,exercise-catalog-v2.0.2-final,GYMVISUAL,gymvisual,1604,VALID_NUMERIC,1604,GYMVISUAL,SELF_CATALOG_SOURCE,catalog-media/gymvisual/world_greatest_stretch_mobility_stretch_bodyweight/demo.gif,AVAILABLE,AVAILABLE,EXISTING_RECORD_SPECIFIC_MEDIA_MAPPING,VERIFIED,2026-08-26T07:25:17.056133+00:00,APPROVED,Aliaksandr (Gym visual 관리자),2026-08-18T00:00:00+09:00,관리자 보관; 이메일 제목: [Gym visual] An answer to your message is available #ct6449 #tc3mq7TI7675Sa; 허가자: Gym visual 관리자 Aliaksandr; 허가 범위: Gymvisual GIF/thumbnail; 허가일: 2026-08-18,true,VISIBLE,images/1604-DFGXwZr.jpg,videos/1604-DFGXwZr.gif,image/gif,129548,"""4fa80e90e4a6195066d2e77e8a5bf2da""",,,image/jpeg,6454,"""87009f5b74b3389b1c3a8afa8fa6e12a""",,,image/gif,129548,"""4fa80e90e4a6195066d2e77e8a5bf2da""",,,image/jpeg,6454,"""87009f5b74b3389b1c3a8afa8fa6e12a""",,
REX-000101,REX-000101,wrist_circles_mobility_stretch_bodyweight,exercise-catalog-v2.0.2-final,GYMVISUAL,gymvisual,1428,VALID_NUMERIC,1428,GYMVISUAL,SELF_CATALOG_SOURCE,catalog-media/gymvisual/wrist_circles_mobility_stretch_bodyweight/demo.gif,AVAILABLE,AVAILABLE,EXISTING_RECORD_SPECIFIC_MEDIA_MAPPING,VERIFIED,2026-08-26T07:25:17.056133+00:00,APPROVED,Aliaksandr (Gym visual 관리자),2026-08-18T00:00:00+09:00,관리자 보관; 이메일 제목: [Gym visual] An answer to your message is available #ct6449 #tc3mq7TI7675Sa; 허가자: Gym visual 관리자 Aliaksandr; 허가 범위: Gymvisual GIF/thumbnail; 허가일: 2026-08-18,true,VISIBLE,images/1428-2zNKRUB.jpg,videos/1428-2zNKRUB.gif,image/gif,70789,"""cfedac2f13b5424c18c452636a2dcf3d""",,,image/jpeg,5480,"""e65cd1623476f4ca21ec7187ecbdf693""",,,image/gif,70789,"""cfedac2f13b5424c18c452636a2dcf3d""",,,image/jpeg,5480,"""e65cd1623476f4ca21ec7187ecbdf693""",,
REX-000102,REX-000102,wrist_curl_isolation_barbell,exercise-catalog-v2.0.2-final,GYMVISUAL,gymvisual,0126,VALID_NUMERIC,0126,GYMVISUAL,SELF_CATALOG_SOURCE,catalog-media/gymvisual/wrist_curl_isolation_barbell/demo.gif,AVAILABLE,AVAILABLE,EXISTING_RECORD_SPECIFIC_MEDIA_MAPPING,VERIFIED,2026-08-26T07:25:17.056133+00:00,APPROVED,Aliaksandr (Gym visual 관리자),2026-08-18T00:00:00+09:00,관리자 보관; 이메일 제목: [Gym visual] An answer to your message is available #ct6449 #tc3mq7TI7675Sa; 허가자: Gym visual 관리자 Aliaksandr; 허가 범위: Gymvisual GIF/thumbnail; 허가일: 2026-08-18,true,VISIBLE,images/0126-82LxxkW.jpg,videos/0126-82LxxkW.gif,image/gif,92202,"""5306a85795db49437da92317c63496c4""",,,image/jpeg,7289,"""e938d374bed09901708f54fc8d037c7e""",,,image/gif,92202,"""5306a85795db49437da92317c63496c4""",,,image/jpeg,7289,"""e938d374bed09901708f54fc8d037c7e""",,
REX-000109,REX-000109,dumbbell_lateral_to_front_raise_isolation_dumbbell,exercise-catalog-v2.0.2-final,GYMVISUAL,gymvisual,0335,VALID_NUMERIC,0335,GYMVISUAL,SELF_CATALOG_SOURCE,,UNAVAILABLE,UNAVAILABLE,NO_RECORD_SPECIFIC_MEDIA_MAPPING_REVIEWED,NOT_REQUESTED,,APPROVED,USER_DIRECT_REVIEW_2026_08_29,2026-08-29T00:00:00+09:00,EXTERNAL_EXPERT_SOURCE_APPROVAL; OWNER_VISUAL_REVIEW; NO_RECORD_SPECIFIC_MEDIA_MAPPING,true,HIDDEN,images/0335-xMjBKwn.jpg,videos/0335-xMjBKwn.gif,,,,,,,,,,,,,,,,,,,,
REX-000119,REX-000119,smith_reverse_calf_raises_isolation_machine,exercise-catalog-v2.0.2-final,GYMVISUAL,gymvisual,0763,VALID_NUMERIC,0763,GYMVISUAL,SELF_CATALOG_SOURCE,,UNAVAILABLE,UNAVAILABLE,NO_RECORD_SPECIFIC_MEDIA_MAPPING_REVIEWED,NOT_REQUESTED,,APPROVED,USER_DIRECT_REVIEW_2026_08_29,2026-08-29T00:00:00+09:00,EXTERNAL_EXPERT_SOURCE_APPROVAL; OWNER_VISUAL_REVIEW; NO_RECORD_SPECIFIC_MEDIA_MAPPING,true,HIDDEN,images/0763-ywaNfuh.jpg,videos/0763-ywaNfuh.gif,,,,,,,,,,,,,,,,,,,,
REX-000124,REX-000124,band_two_legs_calf_raise_band_under_both_legs_v_2_isolation_resistance_band,exercise-catalog-v2.0.2-final,GYMVISUAL,gymvisual,1369,VALID_NUMERIC,1369,GYMVISUAL,SELF_CATALOG_SOURCE,,UNAVAILABLE,UNAVAILABLE,NO_RECORD_SPECIFIC_MEDIA_MAPPING_REVIEWED,NOT_REQUESTED,,APPROVED,USER_DIRECT_REVIEW_2026_08_29,2026-08-29T00:00:00+09:00,EXTERNAL_EXPERT_SOURCE_APPROVAL; OWNER_VISUAL_REVIEW; NO_RECORD_SPECIFIC_MEDIA_MAPPING,true,HIDDEN,images/1369-jl6uxZV.jpg,videos/1369-jl6uxZV.gif,,,,,,,,,,,,,,,,,,,,
REX-000125,REX-000125,one_leg_donkey_calf_raise_isolation_bodyweight,exercise-catalog-v2.0.2-final,GYMVISUAL,gymvisual,1386,VALID_NUMERIC,1386,GYMVISUAL,SELF_CATALOG_SOURCE,,UNAVAILABLE,UNAVAILABLE,NO_RECORD_SPECIFIC_MEDIA_MAPPING_REVIEWED,NOT_REQUESTED,,APPROVED,USER_DIRECT_REVIEW_2026_08_29,2026-08-29T00:00:00+09:00,EXTERNAL_EXPERT_SOURCE_APPROVAL; OWNER_VISUAL_REVIEW; NO_RECORD_SPECIFIC_MEDIA_MAPPING,true,HIDDEN,images/1386-A2upspL.jpg,videos/1386-A2upspL.gif,,,,,,,,,,,,,,,,,,,,
VEX-000004,VEX-000004,dumbbell_front_raise_v_2_isolation_dumbbell,exercise-catalog-v2.0.2-final,GYMVISUAL,gymvisual,0309,VALID_NUMERIC,0309,GYMVISUAL,SELF_CATALOG_SOURCE,,UNAVAILABLE,UNAVAILABLE,NO_RECORD_SPECIFIC_MEDIA_MAPPING_REVIEWED,NOT_REQUESTED,,APPROVED,USER_DIRECT_REVIEW_2026_08_29,2026-08-29T00:00:00+09:00,EXTERNAL_EXPERT_SOURCE_APPROVAL; OWNER_VISUAL_REVIEW; NO_RECORD_SPECIFIC_MEDIA_MAPPING,true,HIDDEN,images/0309-Rr7S3yg.jpg,videos/0309-Rr7S3yg.gif,,,,,,,,,,,,,,,,,,,,
VEX-000005,VEX-000005,dumbbell_front_raise_isolation_dumbbell,exercise-catalog-v2.0.2-final,GYMVISUAL,gymvisual,0310,VALID_NUMERIC,0310,GYMVISUAL,SELF_CATALOG_SOURCE,,UNAVAILABLE,UNAVAILABLE,NO_RECORD_SPECIFIC_MEDIA_MAPPING_REVIEWED,NOT_REQUESTED,,APPROVED,USER_DIRECT_REVIEW_2026_08_29,2026-08-29T00:00:00+09:00,EXTERNAL_EXPERT_SOURCE_APPROVAL; OWNER_VISUAL_REVIEW; NO_RECORD_SPECIFIC_MEDIA_MAPPING,true,HIDDEN,images/0310-3eGE2JC.jpg,videos/0310-3eGE2JC.gif,,,,,,,,,,,,,,,,,,,,
VEX-000006,VEX-000006,dumbbell_seated_alternate_front_raise_isolation_dumbbell,exercise-catalog-v2.0.2-final,GYMVISUAL,gymvisual,0387,VALID_NUMERIC,0387,GYMVISUAL,SELF_CATALOG_SOURCE,,UNAVAILABLE,UNAVAILABLE,NO_RECORD_SPECIFIC_MEDIA_MAPPING_REVIEWED,NOT_REQUESTED,,APPROVED,USER_DIRECT_REVIEW_2026_08_29,2026-08-29T00:00:00+09:00,EXTERNAL_EXPERT_SOURCE_APPROVAL; OWNER_VISUAL_REVIEW; NO_RECORD_SPECIFIC_MEDIA_MAPPING,true,HIDDEN,images/0387-gH5fRsC.jpg,videos/0387-gH5fRsC.gif,,,,,,,,,,,,,,,,,,,,
VEX-000007,VEX-000007,band_front_raise_isolation_resistance_band,exercise-catalog-v2.0.2-final,GYMVISUAL,gymvisual,0978,VALID_NUMERIC,0978,GYMVISUAL,SELF_CATALOG_SOURCE,,UNAVAILABLE,UNAVAILABLE,NO_RECORD_SPECIFIC_MEDIA_MAPPING_REVIEWED,NOT_REQUESTED,,APPROVED,USER_DIRECT_REVIEW_2026_08_29,2026-08-29T00:00:00+09:00,EXTERNAL_EXPERT_SOURCE_APPROVAL; OWNER_VISUAL_REVIEW; NO_RECORD_SPECIFIC_MEDIA_MAPPING,true,HIDDEN,images/0978-TFA88iB.jpg,videos/0978-TFA88iB.gif,,,,,,,,,,,,,,,,,,,,
VEX-000026,VEX-000026,dumbbell_single_leg_calf_raise_isolation_dumbbell,exercise-catalog-v2.0.2-final,GYMVISUAL,gymvisual,0409,VALID_NUMERIC,0409,GYMVISUAL,SELF_CATALOG_SOURCE,,UNAVAILABLE,UNAVAILABLE,NO_RECORD_SPECIFIC_MEDIA_MAPPING_REVIEWED,NOT_REQUESTED,,APPROVED,USER_DIRECT_REVIEW_2026_08_29,2026-08-29T00:00:00+09:00,EXTERNAL_EXPERT_SOURCE_APPROVAL; OWNER_VISUAL_REVIEW; NO_RECORD_SPECIFIC_MEDIA_MAPPING,true,HIDDEN,images/0409-1kB3Wmk.jpg,videos/0409-1kB3Wmk.gif,,,,,,,,,,,,,,,,,,,,
VEX-000027,VEX-000027,band_single_leg_calf_raise_isolation_resistance_band,exercise-catalog-v2.0.2-final,GYMVISUAL,gymvisual,0999,VALID_NUMERIC,0999,GYMVISUAL,SELF_CATALOG_SOURCE,,UNAVAILABLE,UNAVAILABLE,NO_RECORD_SPECIFIC_MEDIA_MAPPING_REVIEWED,NOT_REQUESTED,,APPROVED,USER_DIRECT_REVIEW_2026_08_29,2026-08-29T00:00:00+09:00,EXTERNAL_EXPERT_SOURCE_APPROVAL; OWNER_VISUAL_REVIEW; NO_RECORD_SPECIFIC_MEDIA_MAPPING,true,HIDDEN,images/0999-9JprnPh.jpg,videos/0999-9JprnPh.gif,,,,,,,,,,,,,,,,,,,,
VEX-000028,VEX-000028,one_leg_floor_calf_raise_isolation_bodyweight,exercise-catalog-v2.0.2-final,GYMVISUAL,gymvisual,1387,VALID_NUMERIC,1387,GYMVISUAL,SELF_CATALOG_SOURCE,,UNAVAILABLE,UNAVAILABLE,NO_RECORD_SPECIFIC_MEDIA_MAPPING_REVIEWED,NOT_REQUESTED,,APPROVED,USER_DIRECT_REVIEW_2026_08_29,2026-08-29T00:00:00+09:00,EXTERNAL_EXPERT_SOURCE_APPROVAL; OWNER_VISUAL_REVIEW; NO_RECORD_SPECIFIC_MEDIA_MAPPING,true,HIDDEN,images/1387-0jp9Rlz.jpg,videos/1387-0jp9Rlz.gif,,,,,,,,,,,,,,,,,,,,
VEX-000037,VEX-000037,cable_shrug_isolation_cable_machine,exercise-catalog-v2.0.2-final,GYMVISUAL,gymvisual,0220,VALID_NUMERIC,0220,GYMVISUAL,SELF_CATALOG_SOURCE,,UNAVAILABLE,UNAVAILABLE,NO_RECORD_SPECIFIC_MEDIA_MAPPING_REVIEWED,NOT_REQUESTED,,APPROVED,USER_DIRECT_REVIEW_2026_08_29,2026-08-29T00:00:00+09:00,EXTERNAL_EXPERT_SOURCE_APPROVAL; OWNER_VISUAL_REVIEW; NO_RECORD_SPECIFIC_MEDIA_MAPPING,true,HIDDEN,images/0220-Eg98Ft9.jpg,videos/0220-Eg98Ft9.gif,,,,,,,,,,,,,,,,,,,,
VEX-000038,VEX-000038,dumbbell_decline_shrug_v_2_isolation_dumbbell,exercise-catalog-v2.0.2-final,GYMVISUAL,gymvisual,0304,VALID_NUMERIC,0304,GYMVISUAL,SELF_CATALOG_SOURCE,,UNAVAILABLE,UNAVAILABLE,NO_RECORD_SPECIFIC_MEDIA_MAPPING_REVIEWED,NOT_REQUESTED,,APPROVED,USER_DIRECT_REVIEW_2026_08_29,2026-08-29T00:00:00+09:00,EXTERNAL_EXPERT_SOURCE_APPROVAL; OWNER_VISUAL_REVIEW; NO_RECORD_SPECIFIC_MEDIA_MAPPING,true,HIDDEN,images/0304-bRlbdjK.jpg,videos/0304-bRlbdjK.gif,,,,,,,,,,,,,,,,,,,,
VEX-000039,VEX-000039,dumbbell_decline_shrug_isolation_dumbbell,exercise-catalog-v2.0.2-final,GYMVISUAL,gymvisual,0305,VALID_NUMERIC,0305,GYMVISUAL,SELF_CATALOG_SOURCE,,UNAVAILABLE,UNAVAILABLE,NO_RECORD_SPECIFIC_MEDIA_MAPPING_REVIEWED,NOT_REQUESTED,,APPROVED,USER_DIRECT_REVIEW_2026_08_29,2026-08-29T00:00:00+09:00,EXTERNAL_EXPERT_SOURCE_APPROVAL; OWNER_VISUAL_REVIEW; NO_RECORD_SPECIFIC_MEDIA_MAPPING,true,HIDDEN,images/0305-cwsAI4G.jpg,videos/0305-cwsAI4G.gif,,,,,,,,,,,,,,,,,,,,
VEX-000040,VEX-000040,dumbbell_incline_shrug_isolation_dumbbell,exercise-catalog-v2.0.2-final,GYMVISUAL,gymvisual,0329,VALID_NUMERIC,0329,GYMVISUAL,SELF_CATALOG_SOURCE,,UNAVAILABLE,UNAVAILABLE,NO_RECORD_SPECIFIC_MEDIA_MAPPING_REVIEWED,NOT_REQUESTED,,APPROVED,USER_DIRECT_REVIEW_2026_08_29,2026-08-29T00:00:00+09:00,EXTERNAL_EXPERT_SOURCE_APPROVAL; OWNER_VISUAL_REVIEW; NO_RECORD_SPECIFIC_MEDIA_MAPPING,true,HIDDEN,images/0329-JymLInS.jpg,videos/0329-JymLInS.gif,,,,,,,,,,,,,,,,,,,,
VEX-000041,VEX-000041,band_shrug_isolation_resistance_band,exercise-catalog-v2.0.2-final,GYMVISUAL,gymvisual,1018,VALID_NUMERIC,1018,GYMVISUAL,SELF_CATALOG_SOURCE,,UNAVAILABLE,UNAVAILABLE,NO_RECORD_SPECIFIC_MEDIA_MAPPING_REVIEWED,NOT_REQUESTED,,APPROVED,USER_DIRECT_REVIEW_2026_08_29,2026-08-29T00:00:00+09:00,EXTERNAL_EXPERT_SOURCE_APPROVAL; OWNER_VISUAL_REVIEW; NO_RECORD_SPECIFIC_MEDIA_MAPPING,true,HIDDEN,images/1018-trmte8s.jpg,videos/1018-trmte8s.gif,,,,,,,,,,,,,,,,,,,,
VEX-000045,VEX-000045,side_push_neck_stretch_mobility_stretch_bodyweight,exercise-catalog-v2.0.2-final,GYMVISUAL,gymvisual,0716,VALID_NUMERIC,0716,GYMVISUAL,SELF_CATALOG_SOURCE,,UNAVAILABLE,UNAVAILABLE,NO_RECORD_SPECIFIC_MEDIA_MAPPING_REVIEWED,NOT_REQUESTED,,APPROVED,USER_DIRECT_REVIEW_2026_08_29,2026-08-29T00:00:00+09:00,EXTERNAL_EXPERT_SOURCE_APPROVAL; OWNER_VISUAL_REVIEW; NO_RECORD_SPECIFIC_MEDIA_MAPPING,true,HIDDEN,images/0716-oQRJYkC.jpg,videos/0716-oQRJYkC.gif,,,,,,,,,,,,,,,,,,,,
VEX-000054,VEX-000054,lever_seated_calf_raise_isolation_machine,exercise-catalog-v2.0.2-final,GYMVISUAL,gymvisual,0594,VALID_NUMERIC,0594,GYMVISUAL,SELF_CATALOG_SOURCE,,UNAVAILABLE,UNAVAILABLE,NO_RECORD_SPECIFIC_MEDIA_MAPPING_REVIEWED,NOT_REQUESTED,,APPROVED,USER_DIRECT_REVIEW_2026_08_29,2026-08-29T00:00:00+09:00,EXTERNAL_EXPERT_SOURCE_APPROVAL; OWNER_VISUAL_REVIEW; NO_RECORD_SPECIFIC_MEDIA_MAPPING,true,HIDDEN,images/0594-bOOdeyc.jpg,videos/0594-bOOdeyc.gif,,,,,,,,,,,,,,,,,,,,
VEX-000055,VEX-000055,dumbbell_seated_calf_raise_isolation_dumbbell,exercise-catalog-v2.0.2-final,GYMVISUAL,gymvisual,1379,VALID_NUMERIC,1379,GYMVISUAL,SELF_CATALOG_SOURCE,,UNAVAILABLE,UNAVAILABLE,NO_RECORD_SPECIFIC_MEDIA_MAPPING_REVIEWED,NOT_REQUESTED,,APPROVED,USER_DIRECT_REVIEW_2026_08_29,2026-08-29T00:00:00+09:00,EXTERNAL_EXPERT_SOURCE_APPROVAL; OWNER_VISUAL_REVIEW; NO_RECORD_SPECIFIC_MEDIA_MAPPING,true,HIDDEN,images/1379-r29jP7S.jpg,videos/1379-r29jP7S.gif,,,,,,,,,,,,,,,,,,,,
