representative_exercise_id,rule_id,action,alternative_required,source_rule_ids,activation_status,mapping_review_status,production_eligible
REX-000001,SRV2-NEW-0010,EXCLUDE,YES,LEGACY-RULE-0001|LEGACY-RULE-0223,INACTIVE_PENDING_DOMAIN_APPROVAL,PENDING_DOMAIN_APPROVAL,false
REX-000001,SRV2-NEW-0018,CAUTION,NO,LEGACY-RULE-0037|LEGACY-RULE-0044|LEGACY-RULE-0066|LEGACY-RULE-0076|LEGACY-RULE-0091|LEGACY-RULE-0111|LEGACY-RULE-0142|LEGACY-RULE-0145|LEGACY-RULE-0155|LEGACY-RULE-0157|LEGACY-RULE-0160|LEGACY-RULE-0164|LEGACY-RULE-0185|LEGACY-RULE-0250|LEGACY-RULE-0264|LEGACY-RULE-0270|LEGACY-RULE-0272,INACTIVE_PENDING_DOMAIN_APPROVAL,PENDING_DOMAIN_APPROVAL,false
REX-000001,SRV2-NEW-0019,EXCLUDE,YES,LEGACY-RULE-0038|LEGACY-RULE-0045|LEGACY-RULE-0067|LEGACY-RULE-0077|LEGACY-RULE-0092|LEGACY-RULE-0112|LEGACY-RULE-0143|LEGACY-RULE-0146|LEGACY-RULE-0156|LEGACY-RULE-0158|LEGACY-RULE-0161|LEGACY-RULE-0165|LEGACY-RULE-0186|LEGACY-RULE-0251|LEGACY-RULE-0265|LEGACY-RULE-0271|LEGACY-RULE-0273,INACTIVE_PENDING_DOMAIN_APPROVAL,PENDING_DOMAIN_APPROVAL,false
REX-000002,SRV2-NEW-0039,CAUTION,NO,LEGACY-RULE-0025|LEGACY-RULE-0031|LEGACY-RULE-0078|LEGACY-RULE-0109|LEGACY-RULE-0147|LEGACY-RULE-0189|LEGACY-RULE-0262|LEGACY-RULE-0268|LEGACY-RULE-0281,INACTIVE_PENDING_DOMAIN_APPROVAL,PENDING_DOMAIN_APPROVAL,false
REX-000002,SRV2-NEW-0041,EXCLUDE,YES,LEGACY-RULE-0026|LEGACY-RULE-0032|LEGACY-RULE-0079|LEGACY-RULE-0110|LEGACY-RULE-0148|LEGACY-RULE-0190|LEGACY-RULE-0263|LEGACY-RULE-0269|LEGACY-RULE-0282,INACTIVE_PENDING_DOMAIN_APPROVAL,PENDING_DOMAIN_APPROVAL,false
REX-000002,SRV2-NEW-0049,EXCLUDE,YES,LEGACY-RULE-0004|LEGACY-RULE-0006|LEGACY-RULE-0029|LEGACY-RULE-0075|LEGACY-RULE-0108|LEGACY-RULE-0144|LEGACY-RULE-0261,INACTIVE_PENDING_DOMAIN_APPROVAL,PENDING_DOMAIN_APPROVAL,false
REX-000002,SRV2-NEW-0052,EXCLUDE,YES,LEGACY-RULE-0005|LEGACY-RULE-0015|LEGACY-RULE-0016,INACTIVE_PENDING_DOMAIN_APPROVAL,PENDING_DOMAIN_APPROVAL,false
REX-000003,SRV2-NEW-0040,EXCLUDE,YES,LEGACY-RULE-0003|LEGACY-RULE-0149|LEGACY-RULE-0215,INACTIVE_PENDING_DOMAIN_APPROVAL,PENDING_DOMAIN_APPROVAL,false
REX-000003,SRV2-NEW-0051,CAUTION,NO,LEGACY-RULE-0069|LEGACY-RULE-0094|LEGACY-RULE-0116|LEGACY-RULE-0134|LEGACY-RULE-0150|LEGACY-RULE-0170|LEGACY-RULE-0177|LEGACY-RULE-0198|LEGACY-RULE-0216|LEGACY-RULE-0230|LEGACY-RULE-0252|LEGACY-RULE-0266|LEGACY-RULE-0275,INACTIVE_PENDING_DOMAIN_APPROVAL,PENDING_DOMAIN_APPROVAL,false
REX-000003,SRV2-NEW-0053,EXCLUDE,YES,LEGACY-RULE-0070|LEGACY-RULE-0095|LEGACY-RULE-0117|LEGACY-RULE-0135|LEGACY-RULE-0151|LEGACY-RULE-0171|LEGACY-RULE-0178|LEGACY-RULE-0199|LEGACY-RULE-0217|LEGACY-RULE-0231|LEGACY-RULE-0253|LEGACY-RULE-0267|LEGACY-RULE-0276,INACTIVE_PENDING_DOMAIN_APPROVAL,PENDING_DOMAIN_APPROVAL,false
REX-000004,SRV2-NEW-0023,EXCLUDE,YES,LEGACY-RULE-0004|LEGACY-RULE-0006|LEGACY-RULE-0029|LEGACY-RULE-0075|LEGACY-RULE-0108|LEGACY-RULE-0144|LEGACY-RULE-0261,INACTIVE_PENDING_DOMAIN_APPROVAL,PENDING_DOMAIN_APPROVAL,false
REX-000004,SRV2-NEW-0025,CAUTION,NO,LEGACY-RULE-0069|LEGACY-RULE-0094|LEGACY-RULE-0116|LEGACY-RULE-0134|LEGACY-RULE-0150|LEGACY-RULE-0170|LEGACY-RULE-0177|LEGACY-RULE-0198|LEGACY-RULE-0216|LEGACY-RULE-0230|LEGACY-RULE-0252|LEGACY-RULE-0266|LEGACY-RULE-0275,INACTIVE_PENDING_DOMAIN_APPROVAL,PENDING_DOMAIN_APPROVAL,false
REX-000004,SRV2-NEW-0026,EXCLUDE,YES,LEGACY-RULE-0005|LEGACY-RULE-0015|LEGACY-RULE-0016,INACTIVE_PENDING_DOMAIN_APPROVAL,PENDING_DOMAIN_APPROVAL,false
REX-000004,SRV2-NEW-0027,EXCLUDE,YES,LEGACY-RULE-0070|LEGACY-RULE-0095|LEGACY-RULE-0117|LEGACY-RULE-0135|LEGACY-RULE-0151|LEGACY-RULE-0171|LEGACY-RULE-0178|LEGACY-RULE-0199|LEGACY-RULE-0217|LEGACY-RULE-0231|LEGACY-RULE-0253|LEGACY-RULE-0267|LEGACY-RULE-0276,INACTIVE_PENDING_DOMAIN_APPROVAL,PENDING_DOMAIN_APPROVAL,false
REX-000004,SRV2-NEW-0028,CAUTION,NO,LEGACY-RULE-0037|LEGACY-RULE-0044|LEGACY-RULE-0066|LEGACY-RULE-0076|LEGACY-RULE-0091|LEGACY-RULE-0111|LEGACY-RULE-0142|LEGACY-RULE-0145|LEGACY-RULE-0155|LEGACY-RULE-0157|LEGACY-RULE-0160|LEGACY-RULE-0164|LEGACY-RULE-0185|LEGACY-RULE-0250|LEGACY-RULE-0264|LEGACY-RULE-0270|LEGACY-RULE-0272,INACTIVE_PENDING_DOMAIN_APPROVAL,PENDING_DOMAIN_APPROVAL,false
REX-000004,SRV2-NEW-0030,EXCLUDE,YES,LEGACY-RULE-0038|LEGACY-RULE-0045|LEGACY-RULE-0067|LEGACY-RULE-0077|LEGACY-RULE-0092|LEGACY-RULE-0112|LEGACY-RULE-0143|LEGACY-RULE-0146|LEGACY-RULE-0156|LEGACY-RULE-0158|LEGACY-RULE-0161|LEGACY-RULE-0165|LEGACY-RULE-0186|LEGACY-RULE-0251|LEGACY-RULE-0265|LEGACY-RULE-0271|LEGACY-RULE-0273,INACTIVE_PENDING_DOMAIN_APPROVAL,PENDING_DOMAIN_APPROVAL,false
REX-000005,SRV2-NEW-0086,CAUTION,NO,LEGACY-RULE-0009|LEGACY-RULE-0013|LEGACY-RULE-0018|LEGACY-RULE-0021|LEGACY-RULE-0053|LEGACY-RULE-0058,INACTIVE_PENDING_DOMAIN_APPROVAL,PENDING_DOMAIN_APPROVAL,false
REX-000005,SRV2-NEW-0088,EXCLUDE,YES,LEGACY-RULE-0010|LEGACY-RULE-0014|LEGACY-RULE-0019|LEGACY-RULE-0022|LEGACY-RULE-0054|LEGACY-RULE-0059,INACTIVE_PENDING_DOMAIN_APPROVAL,PENDING_DOMAIN_APPROVAL,false
REX-000005,SRV2-NEW-0090,EXCLUDE,YES,LEGACY-RULE-0007|LEGACY-RULE-0012|LEGACY-RULE-0017|LEGACY-RULE-0020|LEGACY-RULE-0057|LEGACY-RULE-0218|LEGACY-RULE-0245,INACTIVE_PENDING_DOMAIN_APPROVAL,PENDING_DOMAIN_APPROVAL,false
REX-000006,SRV2-NEW-0069,CAUTION,NO,LEGACY-RULE-0125,INACTIVE_PENDING_DOMAIN_APPROVAL,PENDING_DOMAIN_APPROVAL,false
REX-000006,SRV2-NEW-0070,EXCLUDE,YES,LEGACY-RULE-0126,INACTIVE_PENDING_DOMAIN_APPROVAL,PENDING_DOMAIN_APPROVAL,false
REX-000006,SRV2-NEW-0071,CAUTION,NO,LEGACY-RULE-0009|LEGACY-RULE-0013|LEGACY-RULE-0018|LEGACY-RULE-0021|LEGACY-RULE-0053|LEGACY-RULE-0058,INACTIVE_PENDING_DOMAIN_APPROVAL,PENDING_DOMAIN_APPROVAL,false
REX-000006,SRV2-NEW-0073,EXCLUDE,YES,LEGACY-RULE-0010|LEGACY-RULE-0014|LEGACY-RULE-0019|LEGACY-RULE-0022|LEGACY-RULE-0054|LEGACY-RULE-0059,INACTIVE_PENDING_DOMAIN_APPROVAL,PENDING_DOMAIN_APPROVAL,false
REX-000006,SRV2-NEW-0078,EXCLUDE,YES,LEGACY-RULE-0008|LEGACY-RULE-0115|LEGACY-RULE-0154|LEGACY-RULE-0191|LEGACY-RULE-0208,INACTIVE_PENDING_DOMAIN_APPROVAL,PENDING_DOMAIN_APPROVAL,false
REX-000007,SRV2-NEW-0023,EXCLUDE,YES,LEGACY-RULE-0004|LEGACY-RULE-0006|LEGACY-RULE-0029|LEGACY-RULE-0075|LEGACY-RULE-0108|LEGACY-RULE-0144|LEGACY-RULE-0261,INACTIVE_PENDING_DOMAIN_APPROVAL,PENDING_DOMAIN_APPROVAL,false
REX-000007,SRV2-NEW-0025,CAUTION,NO,LEGACY-RULE-0069|LEGACY-RULE-0094|LEGACY-RULE-0116|LEGACY-RULE-0134|LEGACY-RULE-0150|LEGACY-RULE-0170|LEGACY-RULE-0177|LEGACY-RULE-0198|LEGACY-RULE-0216|LEGACY-RULE-0230|LEGACY-RULE-0252|LEGACY-RULE-0266|LEGACY-RULE-0275,INACTIVE_PENDING_DOMAIN_APPROVAL,PENDING_DOMAIN_APPROVAL,false
REX-000007,SRV2-NEW-0027,EXCLUDE,YES,LEGACY-RULE-0070|LEGACY-RULE-0095|LEGACY-RULE-0117|LEGACY-RULE-0135|LEGACY-RULE-0151|LEGACY-RULE-0171|LEGACY-RULE-0178|LEGACY-RULE-0199|LEGACY-RULE-0217|LEGACY-RULE-0231|LEGACY-RULE-0253|LEGACY-RULE-0267|LEGACY-RULE-0276,INACTIVE_PENDING_DOMAIN_APPROVAL,PENDING_DOMAIN_APPROVAL,false
REX-000007,SRV2-NEW-0028,CAUTION,NO,LEGACY-RULE-0037|LEGACY-RULE-0044|LEGACY-RULE-0066|LEGACY-RULE-0076|LEGACY-RULE-0091|LEGACY-RULE-0111|LEGACY-RULE-0142|LEGACY-RULE-0145|LEGACY-RULE-0155|LEGACY-RULE-0157|LEGACY-RULE-0160|LEGACY-RULE-0164|LEGACY-RULE-0185|LEGACY-RULE-0250|LEGACY-RULE-0264|LEGACY-RULE-0270|LEGACY-RULE-0272,INACTIVE_PENDING_DOMAIN_APPROVAL,PENDING_DOMAIN_APPROVAL,false
REX-000007,SRV2-NEW-0030,EXCLUDE,YES,LEGACY-RULE-0038|LEGACY-RULE-0045|LEGACY-RULE-0067|LEGACY-RULE-0077|LEGACY-RULE-0092|LEGACY-RULE-0112|LEGACY-RULE-0143|LEGACY-RULE-0146|LEGACY-RULE-0156|LEGACY-RULE-0158|LEGACY-RULE-0161|LEGACY-RULE-0165|LEGACY-RULE-0186|LEGACY-RULE-0251|LEGACY-RULE-0265|LEGACY-RULE-0271|LEGACY-RULE-0273,INACTIVE_PENDING_DOMAIN_APPROVAL,PENDING_DOMAIN_APPROVAL,false
REX-000008,SRV2-NEW-0022,CAUTION,NO,LEGACY-RULE-0027|LEGACY-RULE-0055|LEGACY-RULE-0140|LEGACY-RULE-0187|LEGACY-RULE-0195|LEGACY-RULE-0204|LEGACY-RULE-0227|LEGACY-RULE-0236|LEGACY-RULE-0240|LEGACY-RULE-0254,INACTIVE_PENDING_DOMAIN_APPROVAL,PENDING_DOMAIN_APPROVAL,false
REX-000008,SRV2-NEW-0024,EXCLUDE,YES,LEGACY-RULE-0028|LEGACY-RULE-0056|LEGACY-RULE-0141|LEGACY-RULE-0188|LEGACY-RULE-0196|LEGACY-RULE-0205|LEGACY-RULE-0228|LEGACY-RULE-0237|LEGACY-RULE-0241|LEGACY-RULE-0255,INACTIVE_PENDING_DOMAIN_APPROVAL,PENDING_DOMAIN_APPROVAL,false
REX-000008,SRV2-NEW-0029,EXCLUDE,YES,LEGACY-RULE-0002|LEGACY-RULE-0030|LEGACY-RULE-0068|LEGACY-RULE-0093|LEGACY-RULE-0133|LEGACY-RULE-0176|LEGACY-RULE-0192|LEGACY-RULE-0197|LEGACY-RULE-0224|LEGACY-RULE-0229|LEGACY-RULE-0274,INACTIVE_PENDING_DOMAIN_APPROVAL,PENDING_DOMAIN_APPROVAL,false
REX-000008,SRV2-NEW-0031,CAUTION,NO,LEGACY-RULE-0033|LEGACY-RULE-0071|LEGACY-RULE-0080|LEGACY-RULE-0087|LEGACY-RULE-0096|LEGACY-RULE-0102|LEGACY-RULE-0136|LEGACY-RULE-0152|LEGACY-RULE-0174|LEGACY-RULE-0179|LEGACY-RULE-0200|LEGACY-RULE-0221|LEGACY-RULE-0232|LEGACY-RULE-0246,INACTIVE_PENDING_DOMAIN_APPROVAL,PENDING_DOMAIN_APPROVAL,false
REX-000008,SRV2-NEW-0032,EXCLUDE,YES,LEGACY-RULE-0034|LEGACY-RULE-0072|LEGACY-RULE-0081|LEGACY-RULE-0088|LEGACY-RULE-0097|LEGACY-RULE-0103|LEGACY-RULE-0137|LEGACY-RULE-0153|LEGACY-RULE-0175|LEGACY-RULE-0180|LEGACY-RULE-0201|LEGACY-RULE-0222|LEGACY-RULE-0233|LEGACY-RULE-0247,INACTIVE_PENDING_DOMAIN_APPROVAL,PENDING_DOMAIN_APPROVAL,false
REX-000009,SRV2-NEW-0010,EXCLUDE,YES,LEGACY-RULE-0001|LEGACY-RULE-0223,INACTIVE_PENDING_DOMAIN_APPROVAL,PENDING_DOMAIN_APPROVAL,false
REX-000009,SRV2-NEW-0018,CAUTION,NO,LEGACY-RULE-0037|LEGACY-RULE-0044|LEGACY-RULE-0066|LEGACY-RULE-0076|LEGACY-RULE-0091|LEGACY-RULE-0111|LEGACY-RULE-0142|LEGACY-RULE-0145|LEGACY-RULE-0155|LEGACY-RULE-0157|LEGACY-RULE-0160|LEGACY-RULE-0164|LEGACY-RULE-0185|LEGACY-RULE-0250|LEGACY-RULE-0264|LEGACY-RULE-0270|LEGACY-RULE-0272,INACTIVE_PENDING_DOMAIN_APPROVAL,PENDING_DOMAIN_APPROVAL,false
REX-000009,SRV2-NEW-0019,EXCLUDE,YES,LEGACY-RULE-0038|LEGACY-RULE-0045|LEGACY-RULE-0067|LEGACY-RULE-0077|LEGACY-RULE-0092|LEGACY-RULE-0112|LEGACY-RULE-0143|LEGACY-RULE-0146|LEGACY-RULE-0156|LEGACY-RULE-0158|LEGACY-RULE-0161|LEGACY-RULE-0165|LEGACY-RULE-0186|LEGACY-RULE-0251|LEGACY-RULE-0265|LEGACY-RULE-0271|LEGACY-RULE-0273,INACTIVE_PENDING_DOMAIN_APPROVAL,PENDING_DOMAIN_APPROVAL,false
REX-000010,SRV2-NEW-0033,CAUTION,NO,LEGACY-RULE-0025|LEGACY-RULE-0031|LEGACY-RULE-0078|LEGACY-RULE-0109|LEGACY-RULE-0147|LEGACY-RULE-0189|LEGACY-RULE-0262|LEGACY-RULE-0268|LEGACY-RULE-0281,INACTIVE_PENDING_DOMAIN_APPROVAL,PENDING_DOMAIN_APPROVAL,false
REX-000010,SRV2-NEW-0034,EXCLUDE,YES,LEGACY-RULE-0026|LEGACY-RULE-0032|LEGACY-RULE-0079|LEGACY-RULE-0110|LEGACY-RULE-0148|LEGACY-RULE-0190|LEGACY-RULE-0263|LEGACY-RULE-0269|LEGACY-RULE-0282,INACTIVE_PENDING_DOMAIN_APPROVAL,PENDING_DOMAIN_APPROVAL,false
REX-000010,SRV2-NEW-0035,EXCLUDE,YES,LEGACY-RULE-0004|LEGACY-RULE-0006|LEGACY-RULE-0029|LEGACY-RULE-0075|LEGACY-RULE-0108|LEGACY-RULE-0144|LEGACY-RULE-0261,INACTIVE_PENDING_DOMAIN_APPROVAL,PENDING_DOMAIN_APPROVAL,false
REX-000010,SRV2-NEW-0036,EXCLUDE,YES,LEGACY-RULE-0005|LEGACY-RULE-0015|LEGACY-RULE-0016,INACTIVE_PENDING_DOMAIN_APPROVAL,PENDING_DOMAIN_APPROVAL,false
REX-000011,SRV2-NEW-0023,EXCLUDE,YES,LEGACY-RULE-0004|LEGACY-RULE-0006|LEGACY-RULE-0029|LEGACY-RULE-0075|LEGACY-RULE-0108|LEGACY-RULE-0144|LEGACY-RULE-0261,INACTIVE_PENDING_DOMAIN_APPROVAL,PENDING_DOMAIN_APPROVAL,false
REX-000011,SRV2-NEW-0025,CAUTION,NO,LEGACY-RULE-0069|LEGACY-RULE-0094|LEGACY-RULE-0116|LEGACY-RULE-0134|LEGACY-RULE-0150|LEGACY-RULE-0170|LEGACY-RULE-0177|LEGACY-RULE-0198|LEGACY-RULE-0216|LEGACY-RULE-0230|LEGACY-RULE-0252|LEGACY-RULE-0266|LEGACY-RULE-0275,INACTIVE_PENDING_DOMAIN_APPROVAL,PENDING_DOMAIN_APPROVAL,false
REX-000011,SRV2-NEW-0027,EXCLUDE,YES,LEGACY-RULE-0070|LEGACY-RULE-0095|LEGACY-RULE-0117|LEGACY-RULE-0135|LEGACY-RULE-0151|LEGACY-RULE-0171|LEGACY-RULE-0178|LEGACY-RULE-0199|LEGACY-RULE-0217|LEGACY-RULE-0231|LEGACY-RULE-0253|LEGACY-RULE-0267|LEGACY-RULE-0276,INACTIVE_PENDING_DOMAIN_APPROVAL,PENDING_DOMAIN_APPROVAL,false
REX-000011,SRV2-NEW-0028,CAUTION,NO,LEGACY-RULE-0037|LEGACY-RULE-0044|LEGACY-RULE-0066|LEGACY-RULE-0076|LEGACY-RULE-0091|LEGACY-RULE-0111|LEGACY-RULE-0142|LEGACY-RULE-0145|LEGACY-RULE-0155|LEGACY-RULE-0157|LEGACY-RULE-0160|LEGACY-RULE-0164|LEGACY-RULE-0185|LEGACY-RULE-0250|LEGACY-RULE-0264|LEGACY-RULE-0270|LEGACY-RULE-0272,INACTIVE_PENDING_DOMAIN_APPROVAL,PENDING_DOMAIN_APPROVAL,false
REX-000011,SRV2-NEW-0030,EXCLUDE,YES,LEGACY-RULE-0038|LEGACY-RULE-0045|LEGACY-RULE-0067|LEGACY-RULE-0077|LEGACY-RULE-0092|LEGACY-RULE-0112|LEGACY-RULE-0143|LEGACY-RULE-0146|LEGACY-RULE-0156|LEGACY-RULE-0158|LEGACY-RULE-0161|LEGACY-RULE-0165|LEGACY-RULE-0186|LEGACY-RULE-0251|LEGACY-RULE-0265|LEGACY-RULE-0271|LEGACY-RULE-0273,INACTIVE_PENDING_DOMAIN_APPROVAL,PENDING_DOMAIN_APPROVAL,false
REX-000012,SRV2-NEW-0072,EXCLUDE,YES,LEGACY-RULE-0039|LEGACY-RULE-0046|LEGACY-RULE-0082|LEGACY-RULE-0120|LEGACY-RULE-0256,INACTIVE_PENDING_DOMAIN_APPROVAL,PENDING_DOMAIN_APPROVAL,false
REX-000012,SRV2-NEW-0077,CAUTION,NO,LEGACY-RULE-0033|LEGACY-RULE-0071|LEGACY-RULE-0080|LEGACY-RULE-0087|LEGACY-RULE-0096|LEGACY-RULE-0102|LEGACY-RULE-0136|LEGACY-RULE-0152|LEGACY-RULE-0174|LEGACY-RULE-0179|LEGACY-RULE-0200|LEGACY-RULE-0221|LEGACY-RULE-0232|LEGACY-RULE-0246,INACTIVE_PENDING_DOMAIN_APPROVAL,PENDING_DOMAIN_APPROVAL,false
REX-000012,SRV2-NEW-0079,EXCLUDE,YES,LEGACY-RULE-0034|LEGACY-RULE-0072|LEGACY-RULE-0081|LEGACY-RULE-0088|LEGACY-RULE-0097|LEGACY-RULE-0103|LEGACY-RULE-0137|LEGACY-RULE-0153|LEGACY-RULE-0175|LEGACY-RULE-0180|LEGACY-RULE-0201|LEGACY-RULE-0222|LEGACY-RULE-0233|LEGACY-RULE-0247,INACTIVE_PENDING_DOMAIN_APPROVAL,PENDING_DOMAIN_APPROVAL,false
REX-000012,SRV2-NEW-0080,CAUTION,NO,LEGACY-RULE-0035|LEGACY-RULE-0042|LEGACY-RULE-0047|LEGACY-RULE-0060|LEGACY-RULE-0064|LEGACY-RULE-0073|LEGACY-RULE-0085|LEGACY-RULE-0089|LEGACY-RULE-0098|LEGACY-RULE-0100|LEGACY-RULE-0104|LEGACY-RULE-0113|LEGACY-RULE-0121|LEGACY-RULE-0127|LEGACY-RULE-0129|LEGACY-RULE-0138|LEGACY-RULE-0168|LEGACY-RULE-0172|LEGACY-RULE-0181|LEGACY-RULE-0183|LEGACY-RULE-0202|LEGACY-RULE-0209|LEGACY-RULE-0211|LEGACY-RULE-0234|LEGACY-RULE-0257|LEGACY-RULE-0279,INACTIVE_PENDING_DOMAIN_APPROVAL,PENDING_DOMAIN_APPROVAL,false
REX-000012,SRV2-NEW-0082,EXCLUDE,YES,LEGACY-RULE-0036|LEGACY-RULE-0043|LEGACY-RULE-0048|LEGACY-RULE-0061|LEGACY-RULE-0065|LEGACY-RULE-0074|LEGACY-RULE-0086|LEGACY-RULE-0090|LEGACY-RULE-0099|LEGACY-RULE-0101|LEGACY-RULE-0105|LEGACY-RULE-0114|LEGACY-RULE-0122|LEGACY-RULE-0128|LEGACY-RULE-0130|LEGACY-RULE-0139|LEGACY-RULE-0169|LEGACY-RULE-0173|LEGACY-RULE-0182|LEGACY-RULE-0184|LEGACY-RULE-0203|LEGACY-RULE-0210|LEGACY-RULE-0212|LEGACY-RULE-0235|LEGACY-RULE-0258|LEGACY-RULE-0280,INACTIVE_PENDING_DOMAIN_APPROVAL,PENDING_DOMAIN_APPROVAL,false
REX-000013,SRV2-NEW-0010,EXCLUDE,YES,LEGACY-RULE-0001|LEGACY-RULE-0223,INACTIVE_PENDING_DOMAIN_APPROVAL,PENDING_DOMAIN_APPROVAL,false
REX-000013,SRV2-NEW-0018,CAUTION,NO,LEGACY-RULE-0037|LEGACY-RULE-0044|LEGACY-RULE-0066|LEGACY-RULE-0076|LEGACY-RULE-0091|LEGACY-RULE-0111|LEGACY-RULE-0142|LEGACY-RULE-0145|LEGACY-RULE-0155|LEGACY-RULE-0157|LEGACY-RULE-0160|LEGACY-RULE-0164|LEGACY-RULE-0185|LEGACY-RULE-0250|LEGACY-RULE-0264|LEGACY-RULE-0270|LEGACY-RULE-0272,INACTIVE_PENDING_DOMAIN_APPROVAL,PENDING_DOMAIN_APPROVAL,false
REX-000013,SRV2-NEW-0019,EXCLUDE,YES,LEGACY-RULE-0038|LEGACY-RULE-0045|LEGACY-RULE-0067|LEGACY-RULE-0077|LEGACY-RULE-0092|LEGACY-RULE-0112|LEGACY-RULE-0143|LEGACY-RULE-0146|LEGACY-RULE-0156|LEGACY-RULE-0158|LEGACY-RULE-0161|LEGACY-RULE-0165|LEGACY-RULE-0186|LEGACY-RULE-0251|LEGACY-RULE-0265|LEGACY-RULE-0271|LEGACY-RULE-0273,INACTIVE_PENDING_DOMAIN_APPROVAL,PENDING_DOMAIN_APPROVAL,false
REX-000014,SRV2-NEW-0010,EXCLUDE,YES,LEGACY-RULE-0001|LEGACY-RULE-0223,INACTIVE_PENDING_DOMAIN_APPROVAL,PENDING_DOMAIN_APPROVAL,false
REX-000014,SRV2-NEW-0018,CAUTION,NO,LEGACY-RULE-0037|LEGACY-RULE-0044|LEGACY-RULE-0066|LEGACY-RULE-0076|LEGACY-RULE-0091|LEGACY-RULE-0111|LEGACY-RULE-0142|LEGACY-RULE-0145|LEGACY-RULE-0155|LEGACY-RULE-0157|LEGACY-RULE-0160|LEGACY-RULE-0164|LEGACY-RULE-0185|LEGACY-RULE-0250|LEGACY-RULE-0264|LEGACY-RULE-0270|LEGACY-RULE-0272,INACTIVE_PENDING_DOMAIN_APPROVAL,PENDING_DOMAIN_APPROVAL,false
REX-000014,SRV2-NEW-0019,EXCLUDE,YES,LEGACY-RULE-0038|LEGACY-RULE-0045|LEGACY-RULE-0067|LEGACY-RULE-0077|LEGACY-RULE-0092|LEGACY-RULE-0112|LEGACY-RULE-0143|LEGACY-RULE-0146|LEGACY-RULE-0156|LEGACY-RULE-0158|LEGACY-RULE-0161|LEGACY-RULE-0165|LEGACY-RULE-0186|LEGACY-RULE-0251|LEGACY-RULE-0265|LEGACY-RULE-0271|LEGACY-RULE-0273,INACTIVE_PENDING_DOMAIN_APPROVAL,PENDING_DOMAIN_APPROVAL,false
REX-000015,SRV2-NEW-0033,CAUTION,NO,LEGACY-RULE-0025|LEGACY-RULE-0031|LEGACY-RULE-0078|LEGACY-RULE-0109|LEGACY-RULE-0147|LEGACY-RULE-0189|LEGACY-RULE-0262|LEGACY-RULE-0268|LEGACY-RULE-0281,INACTIVE_PENDING_DOMAIN_APPROVAL,PENDING_DOMAIN_APPROVAL,false
REX-000015,SRV2-NEW-0034,EXCLUDE,YES,LEGACY-RULE-0026|LEGACY-RULE-0032|LEGACY-RULE-0079|LEGACY-RULE-0110|LEGACY-RULE-0148|LEGACY-RULE-0190|LEGACY-RULE-0263|LEGACY-RULE-0269|LEGACY-RULE-0282,INACTIVE_PENDING_DOMAIN_APPROVAL,PENDING_DOMAIN_APPROVAL,false
REX-000015,SRV2-NEW-0035,EXCLUDE,YES,LEGACY-RULE-0004|LEGACY-RULE-0006|LEGACY-RULE-0029|LEGACY-RULE-0075|LEGACY-RULE-0108|LEGACY-RULE-0144|LEGACY-RULE-0261,INACTIVE_PENDING_DOMAIN_APPROVAL,PENDING_DOMAIN_APPROVAL,false
REX-000015,SRV2-NEW-0036,EXCLUDE,YES,LEGACY-RULE-0005|LEGACY-RULE-0015|LEGACY-RULE-0016,INACTIVE_PENDING_DOMAIN_APPROVAL,PENDING_DOMAIN_APPROVAL,false
REX-000016,SRV2-NEW-0093,EXCLUDE,YES,LEGACY-RULE-0003|LEGACY-RULE-0149|LEGACY-RULE-0215,INACTIVE_PENDING_DOMAIN_APPROVAL,PENDING_DOMAIN_APPROVAL,false
REX-000016,SRV2-NEW-0098,CAUTION,NO,LEGACY-RULE-0069|LEGACY-RULE-0094|LEGACY-RULE-0116|LEGACY-RULE-0134|LEGACY-RULE-0150|LEGACY-RULE-0170|LEGACY-RULE-0177|LEGACY-RULE-0198|LEGACY-RULE-0216|LEGACY-RULE-0230|LEGACY-RULE-0252|LEGACY-RULE-0266|LEGACY-RULE-0275,INACTIVE_PENDING_DOMAIN_APPROVAL,PENDING_DOMAIN_APPROVAL,false
REX-000016,SRV2-NEW-0100,EXCLUDE,YES,LEGACY-RULE-0070|LEGACY-RULE-0095|LEGACY-RULE-0117|LEGACY-RULE-0135|LEGACY-RULE-0151|LEGACY-RULE-0171|LEGACY-RULE-0178|LEGACY-RULE-0199|LEGACY-RULE-0217|LEGACY-RULE-0231|LEGACY-RULE-0253|LEGACY-RULE-0267|LEGACY-RULE-0276,INACTIVE_PENDING_DOMAIN_APPROVAL,PENDING_DOMAIN_APPROVAL,false
REX-000017,SRV2-NEW-0049,EXCLUDE,YES,LEGACY-RULE-0004|LEGACY-RULE-0006|LEGACY-RULE-0029|LEGACY-RULE-0075|LEGACY-RULE-0108|LEGACY-RULE-0144|LEGACY-RULE-0261,INACTIVE_PENDING_DOMAIN_APPROVAL,PENDING_DOMAIN_APPROVAL,false
REX-000017,SRV2-NEW-0051,CAUTION,NO,LEGACY-RULE-0069|LEGACY-RULE-0094|LEGACY-RULE-0116|LEGACY-RULE-0134|LEGACY-RULE-0150|LEGACY-RULE-0170|LEGACY-RULE-0177|LEGACY-RULE-0198|LEGACY-RULE-0216|LEGACY-RULE-0230|LEGACY-RULE-0252|LEGACY-RULE-0266|LEGACY-RULE-0275,INACTIVE_PENDING_DOMAIN_APPROVAL,PENDING_DOMAIN_APPROVAL,false
REX-000017,SRV2-NEW-0053,EXCLUDE,YES,LEGACY-RULE-0070|LEGACY-RULE-0095|LEGACY-RULE-0117|LEGACY-RULE-0135|LEGACY-RULE-0151|LEGACY-RULE-0171|LEGACY-RULE-0178|LEGACY-RULE-0199|LEGACY-RULE-0217|LEGACY-RULE-0231|LEGACY-RULE-0253|LEGACY-RULE-0267|LEGACY-RULE-0276,INACTIVE_PENDING_DOMAIN_APPROVAL,PENDING_DOMAIN_APPROVAL,false
REX-000018,SRV2-NEW-0083,CAUTION,NO,LEGACY-RULE-0106|LEGACY-RULE-0118|LEGACY-RULE-0131|LEGACY-RULE-0162|LEGACY-RULE-0213,INACTIVE_PENDING_DOMAIN_APPROVAL,PENDING_DOMAIN_APPROVAL,false
REX-000018,SRV2-NEW-0084,EXCLUDE,YES,LEGACY-RULE-0107|LEGACY-RULE-0119|LEGACY-RULE-0132|LEGACY-RULE-0163|LEGACY-RULE-0214,INACTIVE_PENDING_DOMAIN_APPROVAL,PENDING_DOMAIN_APPROVAL,false
REX-000018,SRV2-NEW-0085,EXCLUDE,YES,LEGACY-RULE-0011|LEGACY-RULE-0244,INACTIVE_PENDING_DOMAIN_APPROVAL,PENDING_DOMAIN_APPROVAL,false
REX-000018,SRV2-NEW-0089,CAUTION,NO,LEGACY-RULE-0040|LEGACY-RULE-0049|LEGACY-RULE-0051|LEGACY-RULE-0083|LEGACY-RULE-0123|LEGACY-RULE-0166|LEGACY-RULE-0206|LEGACY-RULE-0225|LEGACY-RULE-0238|LEGACY-RULE-0259|LEGACY-RULE-0277,INACTIVE_PENDING_DOMAIN_APPROVAL,PENDING_DOMAIN_APPROVAL,false
REX-000018,SRV2-NEW-0090,EXCLUDE,YES,LEGACY-RULE-0007|LEGACY-RULE-0012|LEGACY-RULE-0017|LEGACY-RULE-0020|LEGACY-RULE-0057|LEGACY-RULE-0218|LEGACY-RULE-0245,INACTIVE_PENDING_DOMAIN_APPROVAL,PENDING_DOMAIN_APPROVAL,false
REX-000018,SRV2-NEW-0091,EXCLUDE,YES,LEGACY-RULE-0041|LEGACY-RULE-0050|LEGACY-RULE-0052|LEGACY-RULE-0084|LEGACY-RULE-0124|LEGACY-RULE-0167|LEGACY-RULE-0207|LEGACY-RULE-0226|LEGACY-RULE-0239|LEGACY-RULE-0260|LEGACY-RULE-0278,INACTIVE_PENDING_DOMAIN_APPROVAL,PENDING_DOMAIN_APPROVAL,false
REX-000019,SRV2-NEW-0087,EXCLUDE,YES,LEGACY-RULE-0039|LEGACY-RULE-0046|LEGACY-RULE-0082|LEGACY-RULE-0120|LEGACY-RULE-0256,INACTIVE_PENDING_DOMAIN_APPROVAL,PENDING_DOMAIN_APPROVAL,false
REX-000019,SRV2-NEW-0089,CAUTION,NO,LEGACY-RULE-0040|LEGACY-RULE-0049|LEGACY-RULE-0051|LEGACY-RULE-0083|LEGACY-RULE-0123|LEGACY-RULE-0166|LEGACY-RULE-0206|LEGACY-RULE-0225|LEGACY-RULE-0238|LEGACY-RULE-0259|LEGACY-RULE-0277,INACTIVE_PENDING_DOMAIN_APPROVAL,PENDING_DOMAIN_APPROVAL,false
REX-000019,SRV2-NEW-0091,EXCLUDE,YES,LEGACY-RULE-0041|LEGACY-RULE-0050|LEGACY-RULE-0052|LEGACY-RULE-0084|LEGACY-RULE-0124|LEGACY-RULE-0167|LEGACY-RULE-0207|LEGACY-RULE-0226|LEGACY-RULE-0239|LEGACY-RULE-0260|LEGACY-RULE-0278,INACTIVE_PENDING_DOMAIN_APPROVAL,PENDING_DOMAIN_APPROVAL,false
REX-000020,SRV2-NEW-0048,CAUTION,NO,LEGACY-RULE-0027|LEGACY-RULE-0055|LEGACY-RULE-0140|LEGACY-RULE-0187|LEGACY-RULE-0195|LEGACY-RULE-0204|LEGACY-RULE-0227|LEGACY-RULE-0236|LEGACY-RULE-0240|LEGACY-RULE-0254,INACTIVE_PENDING_DOMAIN_APPROVAL,PENDING_DOMAIN_APPROVAL,false
REX-000020,SRV2-NEW-0050,EXCLUDE,YES,LEGACY-RULE-0028|LEGACY-RULE-0056|LEGACY-RULE-0141|LEGACY-RULE-0188|LEGACY-RULE-0196|LEGACY-RULE-0205|LEGACY-RULE-0228|LEGACY-RULE-0237|LEGACY-RULE-0241|LEGACY-RULE-0255,INACTIVE_PENDING_DOMAIN_APPROVAL,PENDING_DOMAIN_APPROVAL,false
REX-000020,SRV2-NEW-0052,EXCLUDE,YES,LEGACY-RULE-0005|LEGACY-RULE-0015|LEGACY-RULE-0016,INACTIVE_PENDING_DOMAIN_APPROVAL,PENDING_DOMAIN_APPROVAL,false
REX-000021,SRV2-NEW-0043,EXCLUDE,YES,LEGACY-RULE-0011|LEGACY-RULE-0244,INACTIVE_PENDING_DOMAIN_APPROVAL,PENDING_DOMAIN_APPROVAL,false
REX-000021,SRV2-NEW-0059,EXCLUDE,YES,LEGACY-RULE-0007|LEGACY-RULE-0012|LEGACY-RULE-0017|LEGACY-RULE-0020|LEGACY-RULE-0057|LEGACY-RULE-0218|LEGACY-RULE-0245,INACTIVE_PENDING_DOMAIN_APPROVAL,PENDING_DOMAIN_APPROVAL,false
REX-000021,SRV2-NEW-0061,CAUTION,NO,LEGACY-RULE-0033|LEGACY-RULE-0071|LEGACY-RULE-0080|LEGACY-RULE-0087|LEGACY-RULE-0096|LEGACY-RULE-0102|LEGACY-RULE-0136|LEGACY-RULE-0152|LEGACY-RULE-0174|LEGACY-RULE-0179|LEGACY-RULE-0200|LEGACY-RULE-0221|LEGACY-RULE-0232|LEGACY-RULE-0246,INACTIVE_PENDING_DOMAIN_APPROVAL,PENDING_DOMAIN_APPROVAL,false
REX-000021,SRV2-NEW-0063,EXCLUDE,YES,LEGACY-RULE-0034|LEGACY-RULE-0072|LEGACY-RULE-0081|LEGACY-RULE-0088|LEGACY-RULE-0097|LEGACY-RULE-0103|LEGACY-RULE-0137|LEGACY-RULE-0153|LEGACY-RULE-0175|LEGACY-RULE-0180|LEGACY-RULE-0201|LEGACY-RULE-0222|LEGACY-RULE-0233|LEGACY-RULE-0247,INACTIVE_PENDING_DOMAIN_APPROVAL,PENDING_DOMAIN_APPROVAL,false
REX-000022,SRV2-NEW-0083,CAUTION,NO,LEGACY-RULE-0106|LEGACY-RULE-0118|LEGACY-RULE-0131|LEGACY-RULE-0162|LEGACY-RULE-0213,INACTIVE_PENDING_DOMAIN_APPROVAL,PENDING_DOMAIN_APPROVAL,false
REX-000022,SRV2-NEW-0084,EXCLUDE,YES,LEGACY-RULE-0107|LEGACY-RULE-0119|LEGACY-RULE-0132|LEGACY-RULE-0163|LEGACY-RULE-0214,INACTIVE_PENDING_DOMAIN_APPROVAL,PENDING_DOMAIN_APPROVAL,false
REX-000022,SRV2-NEW-0085,EXCLUDE,YES,LEGACY-RULE-0011|LEGACY-RULE-0244,INACTIVE_PENDING_DOMAIN_APPROVAL,PENDING_DOMAIN_APPROVAL,false
REX-000022,SRV2-NEW-0087,EXCLUDE,YES,LEGACY-RULE-0039|LEGACY-RULE-0046|LEGACY-RULE-0082|LEGACY-RULE-0120|LEGACY-RULE-0256,INACTIVE_PENDING_DOMAIN_APPROVAL,PENDING_DOMAIN_APPROVAL,false
REX-000022,SRV2-NEW-0089,CAUTION,NO,LEGACY-RULE-0040|LEGACY-RULE-0049|LEGACY-RULE-0051|LEGACY-RULE-0083|LEGACY-RULE-0123|LEGACY-RULE-0166|LEGACY-RULE-0206|LEGACY-RULE-0225|LEGACY-RULE-0238|LEGACY-RULE-0259|LEGACY-RULE-0277,INACTIVE_PENDING_DOMAIN_APPROVAL,PENDING_DOMAIN_APPROVAL,false
REX-000022,SRV2-NEW-0091,EXCLUDE,YES,LEGACY-RULE-0041|LEGACY-RULE-0050|LEGACY-RULE-0052|LEGACY-RULE-0084|LEGACY-RULE-0124|LEGACY-RULE-0167|LEGACY-RULE-0207|LEGACY-RULE-0226|LEGACY-RULE-0239|LEGACY-RULE-0260|LEGACY-RULE-0278,INACTIVE_PENDING_DOMAIN_APPROVAL,PENDING_DOMAIN_APPROVAL,false
REX-000023,SRV2-NEW-0010,EXCLUDE,YES,LEGACY-RULE-0001|LEGACY-RULE-0223,INACTIVE_PENDING_DOMAIN_APPROVAL,PENDING_DOMAIN_APPROVAL,false
REX-000023,SRV2-NEW-0018,CAUTION,NO,LEGACY-RULE-0037|LEGACY-RULE-0044|LEGACY-RULE-0066|LEGACY-RULE-0076|LEGACY-RULE-0091|LEGACY-RULE-0111|LEGACY-RULE-0142|LEGACY-RULE-0145|LEGACY-RULE-0155|LEGACY-RULE-0157|LEGACY-RULE-0160|LEGACY-RULE-0164|LEGACY-RULE-0185|LEGACY-RULE-0250|LEGACY-RULE-0264|LEGACY-RULE-0270|LEGACY-RULE-0272,INACTIVE_PENDING_DOMAIN_APPROVAL,PENDING_DOMAIN_APPROVAL,false
REX-000023,SRV2-NEW-0019,EXCLUDE,YES,LEGACY-RULE-0038|LEGACY-RULE-0045|LEGACY-RULE-0067|LEGACY-RULE-0077|LEGACY-RULE-0092|LEGACY-RULE-0112|LEGACY-RULE-0143|LEGACY-RULE-0146|LEGACY-RULE-0156|LEGACY-RULE-0158|LEGACY-RULE-0161|LEGACY-RULE-0165|LEGACY-RULE-0186|LEGACY-RULE-0251|LEGACY-RULE-0265|LEGACY-RULE-0271|LEGACY-RULE-0273,INACTIVE_PENDING_DOMAIN_APPROVAL,PENDING_DOMAIN_APPROVAL,false
REX-000024,SRV2-NEW-0010,EXCLUDE,YES,LEGACY-RULE-0001|LEGACY-RULE-0223,INACTIVE_PENDING_DOMAIN_APPROVAL,PENDING_DOMAIN_APPROVAL,false
REX-000024,SRV2-NEW-0018,CAUTION,NO,LEGACY-RULE-0037|LEGACY-RULE-0044|LEGACY-RULE-0066|LEGACY-RULE-0076|LEGACY-RULE-0091|LEGACY-RULE-0111|LEGACY-RULE-0142|LEGACY-RULE-0145|LEGACY-RULE-0155|LEGACY-RULE-0157|LEGACY-RULE-0160|LEGACY-RULE-0164|LEGACY-RULE-0185|LEGACY-RULE-0250|LEGACY-RULE-0264|LEGACY-RULE-0270|LEGACY-RULE-0272,INACTIVE_PENDING_DOMAIN_APPROVAL,PENDING_DOMAIN_APPROVAL,false
REX-000024,SRV2-NEW-0019,EXCLUDE,YES,LEGACY-RULE-0038|LEGACY-RULE-0045|LEGACY-RULE-0067|LEGACY-RULE-0077|LEGACY-RULE-0092|LEGACY-RULE-0112|LEGACY-RULE-0143|LEGACY-RULE-0146|LEGACY-RULE-0156|LEGACY-RULE-0158|LEGACY-RULE-0161|LEGACY-RULE-0165|LEGACY-RULE-0186|LEGACY-RULE-0251|LEGACY-RULE-0265|LEGACY-RULE-0271|LEGACY-RULE-0273,INACTIVE_PENDING_DOMAIN_APPROVAL,PENDING_DOMAIN_APPROVAL,false
REX-000025,SRV2-NEW-0092,CAUTION,NO,LEGACY-RULE-0025|LEGACY-RULE-0031|LEGACY-RULE-0078|LEGACY-RULE-0109|LEGACY-RULE-0147|LEGACY-RULE-0189|LEGACY-RULE-0262|LEGACY-RULE-0268|LEGACY-RULE-0281,INACTIVE_PENDING_DOMAIN_APPROVAL,PENDING_DOMAIN_APPROVAL,false
REX-000025,SRV2-NEW-0094,EXCLUDE,YES,LEGACY-RULE-0026|LEGACY-RULE-0032|LEGACY-RULE-0079|LEGACY-RULE-0110|LEGACY-RULE-0148|LEGACY-RULE-0190|LEGACY-RULE-0263|LEGACY-RULE-0269|LEGACY-RULE-0282,INACTIVE_PENDING_DOMAIN_APPROVAL,PENDING_DOMAIN_APPROVAL,false
REX-000025,SRV2-NEW-0096,EXCLUDE,YES,LEGACY-RULE-0004|LEGACY-RULE-0006|LEGACY-RULE-0029|LEGACY-RULE-0075|LEGACY-RULE-0108|LEGACY-RULE-0144|LEGACY-RULE-0261,INACTIVE_PENDING_DOMAIN_APPROVAL,PENDING_DOMAIN_APPROVAL,false
REX-000025,SRV2-NEW-0099,EXCLUDE,YES,LEGACY-RULE-0005|LEGACY-RULE-0015|LEGACY-RULE-0016,INACTIVE_PENDING_DOMAIN_APPROVAL,PENDING_DOMAIN_APPROVAL,false
REX-000026,SRV2-NEW-0086,CAUTION,NO,LEGACY-RULE-0009|LEGACY-RULE-0013|LEGACY-RULE-0018|LEGACY-RULE-0021|LEGACY-RULE-0053|LEGACY-RULE-0058,INACTIVE_PENDING_DOMAIN_APPROVAL,PENDING_DOMAIN_APPROVAL,false
REX-000026,SRV2-NEW-0088,EXCLUDE,YES,LEGACY-RULE-0010|LEGACY-RULE-0014|LEGACY-RULE-0019|LEGACY-RULE-0022|LEGACY-RULE-0054|LEGACY-RULE-0059,INACTIVE_PENDING_DOMAIN_APPROVAL,PENDING_DOMAIN_APPROVAL,false
REX-000026,SRV2-NEW-0090,EXCLUDE,YES,LEGACY-RULE-0007|LEGACY-RULE-0012|LEGACY-RULE-0017|LEGACY-RULE-0020|LEGACY-RULE-0057|LEGACY-RULE-0218|LEGACY-RULE-0245,INACTIVE_PENDING_DOMAIN_APPROVAL,PENDING_DOMAIN_APPROVAL,false
REX-000027,SRV2-NEW-0072,EXCLUDE,YES,LEGACY-RULE-0039|LEGACY-RULE-0046|LEGACY-RULE-0082|LEGACY-RULE-0120|LEGACY-RULE-0256,INACTIVE_PENDING_DOMAIN_APPROVAL,PENDING_DOMAIN_APPROVAL,false
REX-000027,SRV2-NEW-0080,CAUTION,NO,LEGACY-RULE-0035|LEGACY-RULE-0042|LEGACY-RULE-0047|LEGACY-RULE-0060|LEGACY-RULE-0064|LEGACY-RULE-0073|LEGACY-RULE-0085|LEGACY-RULE-0089|LEGACY-RULE-0098|LEGACY-RULE-0100|LEGACY-RULE-0104|LEGACY-RULE-0113|LEGACY-RULE-0121|LEGACY-RULE-0127|LEGACY-RULE-0129|LEGACY-RULE-0138|LEGACY-RULE-0168|LEGACY-RULE-0172|LEGACY-RULE-0181|LEGACY-RULE-0183|LEGACY-RULE-0202|LEGACY-RULE-0209|LEGACY-RULE-0211|LEGACY-RULE-0234|LEGACY-RULE-0257|LEGACY-RULE-0279,INACTIVE_PENDING_DOMAIN_APPROVAL,PENDING_DOMAIN_APPROVAL,false
REX-000027,SRV2-NEW-0082,EXCLUDE,YES,LEGACY-RULE-0036|LEGACY-RULE-0043|LEGACY-RULE-0048|LEGACY-RULE-0061|LEGACY-RULE-0065|LEGACY-RULE-0074|LEGACY-RULE-0086|LEGACY-RULE-0090|LEGACY-RULE-0099|LEGACY-RULE-0101|LEGACY-RULE-0105|LEGACY-RULE-0114|LEGACY-RULE-0122|LEGACY-RULE-0128|LEGACY-RULE-0130|LEGACY-RULE-0139|LEGACY-RULE-0169|LEGACY-RULE-0173|LEGACY-RULE-0182|LEGACY-RULE-0184|LEGACY-RULE-0203|LEGACY-RULE-0210|LEGACY-RULE-0212|LEGACY-RULE-0235|LEGACY-RULE-0258|LEGACY-RULE-0280,INACTIVE_PENDING_DOMAIN_APPROVAL,PENDING_DOMAIN_APPROVAL,false
REX-000028,SRV2-NEW-0075,EXCLUDE,YES,LEGACY-RULE-0007|LEGACY-RULE-0012|LEGACY-RULE-0017|LEGACY-RULE-0020|LEGACY-RULE-0057|LEGACY-RULE-0218|LEGACY-RULE-0245,INACTIVE_PENDING_DOMAIN_APPROVAL,PENDING_DOMAIN_APPROVAL,false
REX-000028,SRV2-NEW-0077,CAUTION,NO,LEGACY-RULE-0033|LEGACY-RULE-0071|LEGACY-RULE-0080|LEGACY-RULE-0087|LEGACY-RULE-0096|LEGACY-RULE-0102|LEGACY-RULE-0136|LEGACY-RULE-0152|LEGACY-RULE-0174|LEGACY-RULE-0179|LEGACY-RULE-0200|LEGACY-RULE-0221|LEGACY-RULE-0232|LEGACY-RULE-0246,INACTIVE_PENDING_DOMAIN_APPROVAL,PENDING_DOMAIN_APPROVAL,false
REX-000028,SRV2-NEW-0079,EXCLUDE,YES,LEGACY-RULE-0034|LEGACY-RULE-0072|LEGACY-RULE-0081|LEGACY-RULE-0088|LEGACY-RULE-0097|LEGACY-RULE-0103|LEGACY-RULE-0137|LEGACY-RULE-0153|LEGACY-RULE-0175|LEGACY-RULE-0180|LEGACY-RULE-0201|LEGACY-RULE-0222|LEGACY-RULE-0233|LEGACY-RULE-0247,INACTIVE_PENDING_DOMAIN_APPROVAL,PENDING_DOMAIN_APPROVAL,false
REX-000028,SRV2-NEW-0086,CAUTION,NO,LEGACY-RULE-0009|LEGACY-RULE-0013|LEGACY-RULE-0018|LEGACY-RULE-0021|LEGACY-RULE-0053|LEGACY-RULE-0058,INACTIVE_PENDING_DOMAIN_APPROVAL,PENDING_DOMAIN_APPROVAL,false
REX-000028,SRV2-NEW-0088,EXCLUDE,YES,LEGACY-RULE-0010|LEGACY-RULE-0014|LEGACY-RULE-0019|LEGACY-RULE-0022|LEGACY-RULE-0054|LEGACY-RULE-0059,INACTIVE_PENDING_DOMAIN_APPROVAL,PENDING_DOMAIN_APPROVAL,false
REX-000028,SRV2-NEW-0090,EXCLUDE,YES,LEGACY-RULE-0007|LEGACY-RULE-0012|LEGACY-RULE-0017|LEGACY-RULE-0020|LEGACY-RULE-0057|LEGACY-RULE-0218|LEGACY-RULE-0245,INACTIVE_PENDING_DOMAIN_APPROVAL,PENDING_DOMAIN_APPROVAL,false
REX-000029,SRV2-NEW-0074,CAUTION,NO,LEGACY-RULE-0040|LEGACY-RULE-0049|LEGACY-RULE-0051|LEGACY-RULE-0083|LEGACY-RULE-0123|LEGACY-RULE-0166|LEGACY-RULE-0206|LEGACY-RULE-0225|LEGACY-RULE-0238|LEGACY-RULE-0259|LEGACY-RULE-0277,INACTIVE_PENDING_DOMAIN_APPROVAL,PENDING_DOMAIN_APPROVAL,false
REX-000029,SRV2-NEW-0076,EXCLUDE,YES,LEGACY-RULE-0041|LEGACY-RULE-0050|LEGACY-RULE-0052|LEGACY-RULE-0084|LEGACY-RULE-0124|LEGACY-RULE-0167|LEGACY-RULE-0207|LEGACY-RULE-0226|LEGACY-RULE-0239|LEGACY-RULE-0260|LEGACY-RULE-0278,INACTIVE_PENDING_DOMAIN_APPROVAL,PENDING_DOMAIN_APPROVAL,false
REX-000029,SRV2-NEW-0078,EXCLUDE,YES,LEGACY-RULE-0008|LEGACY-RULE-0115|LEGACY-RULE-0154|LEGACY-RULE-0191|LEGACY-RULE-0208,INACTIVE_PENDING_DOMAIN_APPROVAL,PENDING_DOMAIN_APPROVAL,false
REX-000030,SRV2-NEW-0072,EXCLUDE,YES,LEGACY-RULE-0039|LEGACY-RULE-0046|LEGACY-RULE-0082|LEGACY-RULE-0120|LEGACY-RULE-0256,INACTIVE_PENDING_DOMAIN_APPROVAL,PENDING_DOMAIN_APPROVAL,false
REX-000030,SRV2-NEW-0080,CAUTION,NO,LEGACY-RULE-0035|LEGACY-RULE-0042|LEGACY-RULE-0047|LEGACY-RULE-0060|LEGACY-RULE-0064|LEGACY-RULE-0073|LEGACY-RULE-0085|LEGACY-RULE-0089|LEGACY-RULE-0098|LEGACY-RULE-0100|LEGACY-RULE-0104|LEGACY-RULE-0113|LEGACY-RULE-0121|LEGACY-RULE-0127|LEGACY-RULE-0129|LEGACY-RULE-0138|LEGACY-RULE-0168|LEGACY-RULE-0172|LEGACY-RULE-0181|LEGACY-RULE-0183|LEGACY-RULE-0202|LEGACY-RULE-0209|LEGACY-RULE-0211|LEGACY-RULE-0234|LEGACY-RULE-0257|LEGACY-RULE-0279,INACTIVE_PENDING_DOMAIN_APPROVAL,PENDING_DOMAIN_APPROVAL,false
REX-000030,SRV2-NEW-0082,EXCLUDE,YES,LEGACY-RULE-0036|LEGACY-RULE-0043|LEGACY-RULE-0048|LEGACY-RULE-0061|LEGACY-RULE-0065|LEGACY-RULE-0074|LEGACY-RULE-0086|LEGACY-RULE-0090|LEGACY-RULE-0099|LEGACY-RULE-0101|LEGACY-RULE-0105|LEGACY-RULE-0114|LEGACY-RULE-0122|LEGACY-RULE-0128|LEGACY-RULE-0130|LEGACY-RULE-0139|LEGACY-RULE-0169|LEGACY-RULE-0173|LEGACY-RULE-0182|LEGACY-RULE-0184|LEGACY-RULE-0203|LEGACY-RULE-0210|LEGACY-RULE-0212|LEGACY-RULE-0235|LEGACY-RULE-0258|LEGACY-RULE-0280,INACTIVE_PENDING_DOMAIN_APPROVAL,PENDING_DOMAIN_APPROVAL,false
REX-000031,SRV2-NEW-0033,CAUTION,NO,LEGACY-RULE-0025|LEGACY-RULE-0031|LEGACY-RULE-0078|LEGACY-RULE-0109|LEGACY-RULE-0147|LEGACY-RULE-0189|LEGACY-RULE-0262|LEGACY-RULE-0268|LEGACY-RULE-0281,INACTIVE_PENDING_DOMAIN_APPROVAL,PENDING_DOMAIN_APPROVAL,false
REX-000031,SRV2-NEW-0034,EXCLUDE,YES,LEGACY-RULE-0026|LEGACY-RULE-0032|LEGACY-RULE-0079|LEGACY-RULE-0110|LEGACY-RULE-0148|LEGACY-RULE-0190|LEGACY-RULE-0263|LEGACY-RULE-0269|LEGACY-RULE-0282,INACTIVE_PENDING_DOMAIN_APPROVAL,PENDING_DOMAIN_APPROVAL,false
REX-000031,SRV2-NEW-0035,EXCLUDE,YES,LEGACY-RULE-0004|LEGACY-RULE-0006|LEGACY-RULE-0029|LEGACY-RULE-0075|LEGACY-RULE-0108|LEGACY-RULE-0144|LEGACY-RULE-0261,INACTIVE_PENDING_DOMAIN_APPROVAL,PENDING_DOMAIN_APPROVAL,false
REX-000031,SRV2-NEW-0036,EXCLUDE,YES,LEGACY-RULE-0005|LEGACY-RULE-0015|LEGACY-RULE-0016,INACTIVE_PENDING_DOMAIN_APPROVAL,PENDING_DOMAIN_APPROVAL,false
REX-000032,SRV2-NEW-0043,EXCLUDE,YES,LEGACY-RULE-0011|LEGACY-RULE-0244,INACTIVE_PENDING_DOMAIN_APPROVAL,PENDING_DOMAIN_APPROVAL,false
REX-000032,SRV2-NEW-0058,CAUTION,NO,LEGACY-RULE-0040|LEGACY-RULE-0049|LEGACY-RULE-0051|LEGACY-RULE-0083|LEGACY-RULE-0123|LEGACY-RULE-0166|LEGACY-RULE-0206|LEGACY-RULE-0225|LEGACY-RULE-0238|LEGACY-RULE-0259|LEGACY-RULE-0277,INACTIVE_PENDING_DOMAIN_APPROVAL,PENDING_DOMAIN_APPROVAL,false
REX-000032,SRV2-NEW-0060,EXCLUDE,YES,LEGACY-RULE-0041|LEGACY-RULE-0050|LEGACY-RULE-0052|LEGACY-RULE-0084|LEGACY-RULE-0124|LEGACY-RULE-0167|LEGACY-RULE-0207|LEGACY-RULE-0226|LEGACY-RULE-0239|LEGACY-RULE-0260|LEGACY-RULE-0278,INACTIVE_PENDING_DOMAIN_APPROVAL,PENDING_DOMAIN_APPROVAL,false
REX-000032,SRV2-NEW-0061,CAUTION,NO,LEGACY-RULE-0033|LEGACY-RULE-0071|LEGACY-RULE-0080|LEGACY-RULE-0087|LEGACY-RULE-0096|LEGACY-RULE-0102|LEGACY-RULE-0136|LEGACY-RULE-0152|LEGACY-RULE-0174|LEGACY-RULE-0179|LEGACY-RULE-0200|LEGACY-RULE-0221|LEGACY-RULE-0232|LEGACY-RULE-0246,INACTIVE_PENDING_DOMAIN_APPROVAL,PENDING_DOMAIN_APPROVAL,false
REX-000032,SRV2-NEW-0063,EXCLUDE,YES,LEGACY-RULE-0034|LEGACY-RULE-0072|LEGACY-RULE-0081|LEGACY-RULE-0088|LEGACY-RULE-0097|LEGACY-RULE-0103|LEGACY-RULE-0137|LEGACY-RULE-0153|LEGACY-RULE-0175|LEGACY-RULE-0180|LEGACY-RULE-0201|LEGACY-RULE-0222|LEGACY-RULE-0233|LEGACY-RULE-0247,INACTIVE_PENDING_DOMAIN_APPROVAL,PENDING_DOMAIN_APPROVAL,false
REX-000033,SRV2-NEW-0049,EXCLUDE,YES,LEGACY-RULE-0004|LEGACY-RULE-0006|LEGACY-RULE-0029|LEGACY-RULE-0075|LEGACY-RULE-0108|LEGACY-RULE-0144|LEGACY-RULE-0261,INACTIVE_PENDING_DOMAIN_APPROVAL,PENDING_DOMAIN_APPROVAL,false
REX-000033,SRV2-NEW-0054,CAUTION,NO,LEGACY-RULE-0037|LEGACY-RULE-0044|LEGACY-RULE-0066|LEGACY-RULE-0076|LEGACY-RULE-0091|LEGACY-RULE-0111|LEGACY-RULE-0142|LEGACY-RULE-0145|LEGACY-RULE-0155|LEGACY-RULE-0157|LEGACY-RULE-0160|LEGACY-RULE-0164|LEGACY-RULE-0185|LEGACY-RULE-0250|LEGACY-RULE-0264|LEGACY-RULE-0270|LEGACY-RULE-0272,INACTIVE_PENDING_DOMAIN_APPROVAL,PENDING_DOMAIN_APPROVAL,false
REX-000033,SRV2-NEW-0056,EXCLUDE,YES,LEGACY-RULE-0038|LEGACY-RULE-0045|LEGACY-RULE-0067|LEGACY-RULE-0077|LEGACY-RULE-0092|LEGACY-RULE-0112|LEGACY-RULE-0143|LEGACY-RULE-0146|LEGACY-RULE-0156|LEGACY-RULE-0158|LEGACY-RULE-0161|LEGACY-RULE-0165|LEGACY-RULE-0186|LEGACY-RULE-0251|LEGACY-RULE-0265|LEGACY-RULE-0271|LEGACY-RULE-0273,INACTIVE_PENDING_DOMAIN_APPROVAL,PENDING_DOMAIN_APPROVAL,false
REX-000034,SRV2-NEW-0048,CAUTION,NO,LEGACY-RULE-0027|LEGACY-RULE-0055|LEGACY-RULE-0140|LEGACY-RULE-0187|LEGACY-RULE-0195|LEGACY-RULE-0204|LEGACY-RULE-0227|LEGACY-RULE-0236|LEGACY-RULE-0240|LEGACY-RULE-0254,INACTIVE_PENDING_DOMAIN_APPROVAL,PENDING_DOMAIN_APPROVAL,false
REX-000034,SRV2-NEW-0050,EXCLUDE,YES,LEGACY-RULE-0028|LEGACY-RULE-0056|LEGACY-RULE-0141|LEGACY-RULE-0188|LEGACY-RULE-0196|LEGACY-RULE-0205|LEGACY-RULE-0228|LEGACY-RULE-0237|LEGACY-RULE-0241|LEGACY-RULE-0255,INACTIVE_PENDING_DOMAIN_APPROVAL,PENDING_DOMAIN_APPROVAL,false
REX-000034,SRV2-NEW-0052,EXCLUDE,YES,LEGACY-RULE-0005|LEGACY-RULE-0015|LEGACY-RULE-0016,INACTIVE_PENDING_DOMAIN_APPROVAL,PENDING_DOMAIN_APPROVAL,false
REX-000035,SRV2-NEW-0071,CAUTION,NO,LEGACY-RULE-0009|LEGACY-RULE-0013|LEGACY-RULE-0018|LEGACY-RULE-0021|LEGACY-RULE-0053|LEGACY-RULE-0058,INACTIVE_PENDING_DOMAIN_APPROVAL,PENDING_DOMAIN_APPROVAL,false
REX-000035,SRV2-NEW-0073,EXCLUDE,YES,LEGACY-RULE-0010|LEGACY-RULE-0014|LEGACY-RULE-0019|LEGACY-RULE-0022|LEGACY-RULE-0054|LEGACY-RULE-0059,INACTIVE_PENDING_DOMAIN_APPROVAL,PENDING_DOMAIN_APPROVAL,false
REX-000035,SRV2-NEW-0081,EXCLUDE,YES,LEGACY-RULE-0159,INACTIVE_PENDING_DOMAIN_APPROVAL,PENDING_DOMAIN_APPROVAL,false
REX-000036,SRV2-NEW-0048,CAUTION,NO,LEGACY-RULE-0027|LEGACY-RULE-0055|LEGACY-RULE-0140|LEGACY-RULE-0187|LEGACY-RULE-0195|LEGACY-RULE-0204|LEGACY-RULE-0227|LEGACY-RULE-0236|LEGACY-RULE-0240|LEGACY-RULE-0254,INACTIVE_PENDING_DOMAIN_APPROVAL,PENDING_DOMAIN_APPROVAL,false
REX-000036,SRV2-NEW-0050,EXCLUDE,YES,LEGACY-RULE-0028|LEGACY-RULE-0056|LEGACY-RULE-0141|LEGACY-RULE-0188|LEGACY-RULE-0196|LEGACY-RULE-0205|LEGACY-RULE-0228|LEGACY-RULE-0237|LEGACY-RULE-0241|LEGACY-RULE-0255,INACTIVE_PENDING_DOMAIN_APPROVAL,PENDING_DOMAIN_APPROVAL,false
REX-000036,SRV2-NEW-0052,EXCLUDE,YES,LEGACY-RULE-0005|LEGACY-RULE-0015|LEGACY-RULE-0016,INACTIVE_PENDING_DOMAIN_APPROVAL,PENDING_DOMAIN_APPROVAL,false
REX-000037,SRV2-NEW-0071,CAUTION,NO,LEGACY-RULE-0009|LEGACY-RULE-0013|LEGACY-RULE-0018|LEGACY-RULE-0021|LEGACY-RULE-0053|LEGACY-RULE-0058,INACTIVE_PENDING_DOMAIN_APPROVAL,PENDING_DOMAIN_APPROVAL,false
REX-000037,SRV2-NEW-0073,EXCLUDE,YES,LEGACY-RULE-0010|LEGACY-RULE-0014|LEGACY-RULE-0019|LEGACY-RULE-0022|LEGACY-RULE-0054|LEGACY-RULE-0059,INACTIVE_PENDING_DOMAIN_APPROVAL,PENDING_DOMAIN_APPROVAL,false
REX-000037,SRV2-NEW-0074,CAUTION,NO,LEGACY-RULE-0040|LEGACY-RULE-0049|LEGACY-RULE-0051|LEGACY-RULE-0083|LEGACY-RULE-0123|LEGACY-RULE-0166|LEGACY-RULE-0206|LEGACY-RULE-0225|LEGACY-RULE-0238|LEGACY-RULE-0259|LEGACY-RULE-0277,INACTIVE_PENDING_DOMAIN_APPROVAL,PENDING_DOMAIN_APPROVAL,false
REX-000037,SRV2-NEW-0076,EXCLUDE,YES,LEGACY-RULE-0041|LEGACY-RULE-0050|LEGACY-RULE-0052|LEGACY-RULE-0084|LEGACY-RULE-0124|LEGACY-RULE-0167|LEGACY-RULE-0207|LEGACY-RULE-0226|LEGACY-RULE-0239|LEGACY-RULE-0260|LEGACY-RULE-0278,INACTIVE_PENDING_DOMAIN_APPROVAL,PENDING_DOMAIN_APPROVAL,false
REX-000037,SRV2-NEW-0078,EXCLUDE,YES,LEGACY-RULE-0008|LEGACY-RULE-0115|LEGACY-RULE-0154|LEGACY-RULE-0191|LEGACY-RULE-0208,INACTIVE_PENDING_DOMAIN_APPROVAL,PENDING_DOMAIN_APPROVAL,false
REX-000038,SRV2-NEW-0071,CAUTION,NO,LEGACY-RULE-0009|LEGACY-RULE-0013|LEGACY-RULE-0018|LEGACY-RULE-0021|LEGACY-RULE-0053|LEGACY-RULE-0058,INACTIVE_PENDING_DOMAIN_APPROVAL,PENDING_DOMAIN_APPROVAL,false
REX-000038,SRV2-NEW-0073,EXCLUDE,YES,LEGACY-RULE-0010|LEGACY-RULE-0014|LEGACY-RULE-0019|LEGACY-RULE-0022|LEGACY-RULE-0054|LEGACY-RULE-0059,INACTIVE_PENDING_DOMAIN_APPROVAL,PENDING_DOMAIN_APPROVAL,false
REX-000038,SRV2-NEW-0074,CAUTION,NO,LEGACY-RULE-0040|LEGACY-RULE-0049|LEGACY-RULE-0051|LEGACY-RULE-0083|LEGACY-RULE-0123|LEGACY-RULE-0166|LEGACY-RULE-0206|LEGACY-RULE-0225|LEGACY-RULE-0238|LEGACY-RULE-0259|LEGACY-RULE-0277,INACTIVE_PENDING_DOMAIN_APPROVAL,PENDING_DOMAIN_APPROVAL,false
REX-000038,SRV2-NEW-0076,EXCLUDE,YES,LEGACY-RULE-0041|LEGACY-RULE-0050|LEGACY-RULE-0052|LEGACY-RULE-0084|LEGACY-RULE-0124|LEGACY-RULE-0167|LEGACY-RULE-0207|LEGACY-RULE-0226|LEGACY-RULE-0239|LEGACY-RULE-0260|LEGACY-RULE-0278,INACTIVE_PENDING_DOMAIN_APPROVAL,PENDING_DOMAIN_APPROVAL,false
REX-000038,SRV2-NEW-0078,EXCLUDE,YES,LEGACY-RULE-0008|LEGACY-RULE-0115|LEGACY-RULE-0154|LEGACY-RULE-0191|LEGACY-RULE-0208,INACTIVE_PENDING_DOMAIN_APPROVAL,PENDING_DOMAIN_APPROVAL,false
REX-000039,SRV2-NEW-0042,CAUTION,NO,LEGACY-RULE-0125,INACTIVE_PENDING_DOMAIN_APPROVAL,PENDING_DOMAIN_APPROVAL,false
REX-000039,SRV2-NEW-0044,EXCLUDE,YES,LEGACY-RULE-0126,INACTIVE_PENDING_DOMAIN_APPROVAL,PENDING_DOMAIN_APPROVAL,false
REX-000039,SRV2-NEW-0058,CAUTION,NO,LEGACY-RULE-0040|LEGACY-RULE-0049|LEGACY-RULE-0051|LEGACY-RULE-0083|LEGACY-RULE-0123|LEGACY-RULE-0166|LEGACY-RULE-0206|LEGACY-RULE-0225|LEGACY-RULE-0238|LEGACY-RULE-0259|LEGACY-RULE-0277,INACTIVE_PENDING_DOMAIN_APPROVAL,PENDING_DOMAIN_APPROVAL,false
REX-000039,SRV2-NEW-0060,EXCLUDE,YES,LEGACY-RULE-0041|LEGACY-RULE-0050|LEGACY-RULE-0052|LEGACY-RULE-0084|LEGACY-RULE-0124|LEGACY-RULE-0167|LEGACY-RULE-0207|LEGACY-RULE-0226|LEGACY-RULE-0239|LEGACY-RULE-0260|LEGACY-RULE-0278,INACTIVE_PENDING_DOMAIN_APPROVAL,PENDING_DOMAIN_APPROVAL,false
REX-000039,SRV2-NEW-0062,EXCLUDE,YES,LEGACY-RULE-0008|LEGACY-RULE-0115|LEGACY-RULE-0154|LEGACY-RULE-0191|LEGACY-RULE-0208,INACTIVE_PENDING_DOMAIN_APPROVAL,PENDING_DOMAIN_APPROVAL,false
REX-000040,SRV2-NEW-0067,CAUTION,NO,LEGACY-RULE-0106|LEGACY-RULE-0118|LEGACY-RULE-0131|LEGACY-RULE-0162|LEGACY-RULE-0213,INACTIVE_PENDING_DOMAIN_APPROVAL,PENDING_DOMAIN_APPROVAL,false
REX-000040,SRV2-NEW-0068,EXCLUDE,YES,LEGACY-RULE-0107|LEGACY-RULE-0119|LEGACY-RULE-0132|LEGACY-RULE-0163|LEGACY-RULE-0214,INACTIVE_PENDING_DOMAIN_APPROVAL,PENDING_DOMAIN_APPROVAL,false
REX-000040,SRV2-NEW-0071,CAUTION,NO,LEGACY-RULE-0009|LEGACY-RULE-0013|LEGACY-RULE-0018|LEGACY-RULE-0021|LEGACY-RULE-0053|LEGACY-RULE-0058,INACTIVE_PENDING_DOMAIN_APPROVAL,PENDING_DOMAIN_APPROVAL,false
REX-000040,SRV2-NEW-0073,EXCLUDE,YES,LEGACY-RULE-0010|LEGACY-RULE-0014|LEGACY-RULE-0019|LEGACY-RULE-0022|LEGACY-RULE-0054|LEGACY-RULE-0059,INACTIVE_PENDING_DOMAIN_APPROVAL,PENDING_DOMAIN_APPROVAL,false
REX-000040,SRV2-NEW-0074,CAUTION,NO,LEGACY-RULE-0040|LEGACY-RULE-0049|LEGACY-RULE-0051|LEGACY-RULE-0083|LEGACY-RULE-0123|LEGACY-RULE-0166|LEGACY-RULE-0206|LEGACY-RULE-0225|LEGACY-RULE-0238|LEGACY-RULE-0259|LEGACY-RULE-0277,INACTIVE_PENDING_DOMAIN_APPROVAL,PENDING_DOMAIN_APPROVAL,false
REX-000040,SRV2-NEW-0076,EXCLUDE,YES,LEGACY-RULE-0041|LEGACY-RULE-0050|LEGACY-RULE-0052|LEGACY-RULE-0084|LEGACY-RULE-0124|LEGACY-RULE-0167|LEGACY-RULE-0207|LEGACY-RULE-0226|LEGACY-RULE-0239|LEGACY-RULE-0260|LEGACY-RULE-0278,INACTIVE_PENDING_DOMAIN_APPROVAL,PENDING_DOMAIN_APPROVAL,false
REX-000040,SRV2-NEW-0078,EXCLUDE,YES,LEGACY-RULE-0008|LEGACY-RULE-0115|LEGACY-RULE-0154|LEGACY-RULE-0191|LEGACY-RULE-0208,INACTIVE_PENDING_DOMAIN_APPROVAL,PENDING_DOMAIN_APPROVAL,false
REX-000041,SRV2-NEW-0092,CAUTION,NO,LEGACY-RULE-0025|LEGACY-RULE-0031|LEGACY-RULE-0078|LEGACY-RULE-0109|LEGACY-RULE-0147|LEGACY-RULE-0189|LEGACY-RULE-0262|LEGACY-RULE-0268|LEGACY-RULE-0281,INACTIVE_PENDING_DOMAIN_APPROVAL,PENDING_DOMAIN_APPROVAL,false
REX-000041,SRV2-NEW-0094,EXCLUDE,YES,LEGACY-RULE-0026|LEGACY-RULE-0032|LEGACY-RULE-0079|LEGACY-RULE-0110|LEGACY-RULE-0148|LEGACY-RULE-0190|LEGACY-RULE-0263|LEGACY-RULE-0269|LEGACY-RULE-0282,INACTIVE_PENDING_DOMAIN_APPROVAL,PENDING_DOMAIN_APPROVAL,false
REX-000041,SRV2-NEW-0096,EXCLUDE,YES,LEGACY-RULE-0004|LEGACY-RULE-0006|LEGACY-RULE-0029|LEGACY-RULE-0075|LEGACY-RULE-0108|LEGACY-RULE-0144|LEGACY-RULE-0261,INACTIVE_PENDING_DOMAIN_APPROVAL,PENDING_DOMAIN_APPROVAL,false
REX-000041,SRV2-NEW-0099,EXCLUDE,YES,LEGACY-RULE-0005|LEGACY-RULE-0015|LEGACY-RULE-0016,INACTIVE_PENDING_DOMAIN_APPROVAL,PENDING_DOMAIN_APPROVAL,false
REX-000042,SRV2-NEW-0048,CAUTION,NO,LEGACY-RULE-0027|LEGACY-RULE-0055|LEGACY-RULE-0140|LEGACY-RULE-0187|LEGACY-RULE-0195|LEGACY-RULE-0204|LEGACY-RULE-0227|LEGACY-RULE-0236|LEGACY-RULE-0240|LEGACY-RULE-0254,INACTIVE_PENDING_DOMAIN_APPROVAL,PENDING_DOMAIN_APPROVAL,false
REX-000042,SRV2-NEW-0050,EXCLUDE,YES,LEGACY-RULE-0028|LEGACY-RULE-0056|LEGACY-RULE-0141|LEGACY-RULE-0188|LEGACY-RULE-0196|LEGACY-RULE-0205|LEGACY-RULE-0228|LEGACY-RULE-0237|LEGACY-RULE-0241|LEGACY-RULE-0255,INACTIVE_PENDING_DOMAIN_APPROVAL,PENDING_DOMAIN_APPROVAL,false
REX-000042,SRV2-NEW-0052,EXCLUDE,YES,LEGACY-RULE-0005|LEGACY-RULE-0015|LEGACY-RULE-0016,INACTIVE_PENDING_DOMAIN_APPROVAL,PENDING_DOMAIN_APPROVAL,false
REX-000043,SRV2-NEW-0055,EXCLUDE,YES,LEGACY-RULE-0002|LEGACY-RULE-0030|LEGACY-RULE-0068|LEGACY-RULE-0093|LEGACY-RULE-0133|LEGACY-RULE-0176|LEGACY-RULE-0192|LEGACY-RULE-0197|LEGACY-RULE-0224|LEGACY-RULE-0229|LEGACY-RULE-0274,INACTIVE_PENDING_DOMAIN_APPROVAL,PENDING_DOMAIN_APPROVAL,false
REX-000043,SRV2-NEW-0061,CAUTION,NO,LEGACY-RULE-0033|LEGACY-RULE-0071|LEGACY-RULE-0080|LEGACY-RULE-0087|LEGACY-RULE-0096|LEGACY-RULE-0102|LEGACY-RULE-0136|LEGACY-RULE-0152|LEGACY-RULE-0174|LEGACY-RULE-0179|LEGACY-RULE-0200|LEGACY-RULE-0221|LEGACY-RULE-0232|LEGACY-RULE-0246,INACTIVE_PENDING_DOMAIN_APPROVAL,PENDING_DOMAIN_APPROVAL,false
REX-000043,SRV2-NEW-0063,EXCLUDE,YES,LEGACY-RULE-0034|LEGACY-RULE-0072|LEGACY-RULE-0081|LEGACY-RULE-0088|LEGACY-RULE-0097|LEGACY-RULE-0103|LEGACY-RULE-0137|LEGACY-RULE-0153|LEGACY-RULE-0175|LEGACY-RULE-0180|LEGACY-RULE-0201|LEGACY-RULE-0222|LEGACY-RULE-0233|LEGACY-RULE-0247,INACTIVE_PENDING_DOMAIN_APPROVAL,PENDING_DOMAIN_APPROVAL,false
REX-000044,SRV2-NEW-0095,CAUTION,NO,LEGACY-RULE-0027|LEGACY-RULE-0055|LEGACY-RULE-0140|LEGACY-RULE-0187|LEGACY-RULE-0195|LEGACY-RULE-0204|LEGACY-RULE-0227|LEGACY-RULE-0236|LEGACY-RULE-0240|LEGACY-RULE-0254,INACTIVE_PENDING_DOMAIN_APPROVAL,PENDING_DOMAIN_APPROVAL,false
REX-000044,SRV2-NEW-0097,EXCLUDE,YES,LEGACY-RULE-0028|LEGACY-RULE-0056|LEGACY-RULE-0141|LEGACY-RULE-0188|LEGACY-RULE-0196|LEGACY-RULE-0205|LEGACY-RULE-0228|LEGACY-RULE-0237|LEGACY-RULE-0241|LEGACY-RULE-0255,INACTIVE_PENDING_DOMAIN_APPROVAL,PENDING_DOMAIN_APPROVAL,false
REX-000044,SRV2-NEW-0099,EXCLUDE,YES,LEGACY-RULE-0005|LEGACY-RULE-0015|LEGACY-RULE-0016,INACTIVE_PENDING_DOMAIN_APPROVAL,PENDING_DOMAIN_APPROVAL,false
REX-000045,SRV2-NEW-0057,EXCLUDE,YES,NO_EXACT_LEGACY_RULE,INACTIVE_PENDING_DOMAIN_APPROVAL,PENDING_DOMAIN_APPROVAL,false
REX-000045,SRV2-NEW-0058,CAUTION,NO,LEGACY-RULE-0040|LEGACY-RULE-0049|LEGACY-RULE-0051|LEGACY-RULE-0083|LEGACY-RULE-0123|LEGACY-RULE-0166|LEGACY-RULE-0206|LEGACY-RULE-0225|LEGACY-RULE-0238|LEGACY-RULE-0259|LEGACY-RULE-0277,INACTIVE_PENDING_DOMAIN_APPROVAL,PENDING_DOMAIN_APPROVAL,false
REX-000045,SRV2-NEW-0060,EXCLUDE,YES,LEGACY-RULE-0041|LEGACY-RULE-0050|LEGACY-RULE-0052|LEGACY-RULE-0084|LEGACY-RULE-0124|LEGACY-RULE-0167|LEGACY-RULE-0207|LEGACY-RULE-0226|LEGACY-RULE-0239|LEGACY-RULE-0260|LEGACY-RULE-0278,INACTIVE_PENDING_DOMAIN_APPROVAL,PENDING_DOMAIN_APPROVAL,false
REX-000046,SRV2-NEW-0071,CAUTION,NO,LEGACY-RULE-0009|LEGACY-RULE-0013|LEGACY-RULE-0018|LEGACY-RULE-0021|LEGACY-RULE-0053|LEGACY-RULE-0058,INACTIVE_PENDING_DOMAIN_APPROVAL,PENDING_DOMAIN_APPROVAL,false
REX-000046,SRV2-NEW-0073,EXCLUDE,YES,LEGACY-RULE-0010|LEGACY-RULE-0014|LEGACY-RULE-0019|LEGACY-RULE-0022|LEGACY-RULE-0054|LEGACY-RULE-0059,INACTIVE_PENDING_DOMAIN_APPROVAL,PENDING_DOMAIN_APPROVAL,false
REX-000046,SRV2-NEW-0074,CAUTION,NO,LEGACY-RULE-0040|LEGACY-RULE-0049|LEGACY-RULE-0051|LEGACY-RULE-0083|LEGACY-RULE-0123|LEGACY-RULE-0166|LEGACY-RULE-0206|LEGACY-RULE-0225|LEGACY-RULE-0238|LEGACY-RULE-0259|LEGACY-RULE-0277,INACTIVE_PENDING_DOMAIN_APPROVAL,PENDING_DOMAIN_APPROVAL,false
REX-000046,SRV2-NEW-0076,EXCLUDE,YES,LEGACY-RULE-0041|LEGACY-RULE-0050|LEGACY-RULE-0052|LEGACY-RULE-0084|LEGACY-RULE-0124|LEGACY-RULE-0167|LEGACY-RULE-0207|LEGACY-RULE-0226|LEGACY-RULE-0239|LEGACY-RULE-0260|LEGACY-RULE-0278,INACTIVE_PENDING_DOMAIN_APPROVAL,PENDING_DOMAIN_APPROVAL,false
REX-000046,SRV2-NEW-0078,EXCLUDE,YES,LEGACY-RULE-0008|LEGACY-RULE-0115|LEGACY-RULE-0154|LEGACY-RULE-0191|LEGACY-RULE-0208,INACTIVE_PENDING_DOMAIN_APPROVAL,PENDING_DOMAIN_APPROVAL,false
REX-000047,SRV2-NEW-0087,EXCLUDE,YES,LEGACY-RULE-0039|LEGACY-RULE-0046|LEGACY-RULE-0082|LEGACY-RULE-0120|LEGACY-RULE-0256,INACTIVE_PENDING_DOMAIN_APPROVAL,PENDING_DOMAIN_APPROVAL,false
REX-000047,SRV2-NEW-0089,CAUTION,NO,LEGACY-RULE-0040|LEGACY-RULE-0049|LEGACY-RULE-0051|LEGACY-RULE-0083|LEGACY-RULE-0123|LEGACY-RULE-0166|LEGACY-RULE-0206|LEGACY-RULE-0225|LEGACY-RULE-0238|LEGACY-RULE-0259|LEGACY-RULE-0277,INACTIVE_PENDING_DOMAIN_APPROVAL,PENDING_DOMAIN_APPROVAL,false
REX-000047,SRV2-NEW-0091,EXCLUDE,YES,LEGACY-RULE-0041|LEGACY-RULE-0050|LEGACY-RULE-0052|LEGACY-RULE-0084|LEGACY-RULE-0124|LEGACY-RULE-0167|LEGACY-RULE-0207|LEGACY-RULE-0226|LEGACY-RULE-0239|LEGACY-RULE-0260|LEGACY-RULE-0278,INACTIVE_PENDING_DOMAIN_APPROVAL,PENDING_DOMAIN_APPROVAL,false
REX-000048,SRV2-NEW-0046,EXCLUDE,YES,LEGACY-RULE-0039|LEGACY-RULE-0046|LEGACY-RULE-0082|LEGACY-RULE-0120|LEGACY-RULE-0256,INACTIVE_PENDING_DOMAIN_APPROVAL,PENDING_DOMAIN_APPROVAL,false
REX-000048,SRV2-NEW-0058,CAUTION,NO,LEGACY-RULE-0040|LEGACY-RULE-0049|LEGACY-RULE-0051|LEGACY-RULE-0083|LEGACY-RULE-0123|LEGACY-RULE-0166|LEGACY-RULE-0206|LEGACY-RULE-0225|LEGACY-RULE-0238|LEGACY-RULE-0259|LEGACY-RULE-0277,INACTIVE_PENDING_DOMAIN_APPROVAL,PENDING_DOMAIN_APPROVAL,false
REX-000048,SRV2-NEW-0060,EXCLUDE,YES,LEGACY-RULE-0041|LEGACY-RULE-0050|LEGACY-RULE-0052|LEGACY-RULE-0084|LEGACY-RULE-0124|LEGACY-RULE-0167|LEGACY-RULE-0207|LEGACY-RULE-0226|LEGACY-RULE-0239|LEGACY-RULE-0260|LEGACY-RULE-0278,INACTIVE_PENDING_DOMAIN_APPROVAL,PENDING_DOMAIN_APPROVAL,false
REX-000048,SRV2-NEW-0064,CAUTION,NO,LEGACY-RULE-0035|LEGACY-RULE-0042|LEGACY-RULE-0047|LEGACY-RULE-0060|LEGACY-RULE-0064|LEGACY-RULE-0073|LEGACY-RULE-0085|LEGACY-RULE-0089|LEGACY-RULE-0098|LEGACY-RULE-0100|LEGACY-RULE-0104|LEGACY-RULE-0113|LEGACY-RULE-0121|LEGACY-RULE-0127|LEGACY-RULE-0129|LEGACY-RULE-0138|LEGACY-RULE-0168|LEGACY-RULE-0172|LEGACY-RULE-0181|LEGACY-RULE-0183|LEGACY-RULE-0202|LEGACY-RULE-0209|LEGACY-RULE-0211|LEGACY-RULE-0234|LEGACY-RULE-0257|LEGACY-RULE-0279,INACTIVE_PENDING_DOMAIN_APPROVAL,PENDING_DOMAIN_APPROVAL,false
REX-000048,SRV2-NEW-0066,EXCLUDE,YES,LEGACY-RULE-0036|LEGACY-RULE-0043|LEGACY-RULE-0048|LEGACY-RULE-0061|LEGACY-RULE-0065|LEGACY-RULE-0074|LEGACY-RULE-0086|LEGACY-RULE-0090|LEGACY-RULE-0099|LEGACY-RULE-0101|LEGACY-RULE-0105|LEGACY-RULE-0114|LEGACY-RULE-0122|LEGACY-RULE-0128|LEGACY-RULE-0130|LEGACY-RULE-0139|LEGACY-RULE-0169|LEGACY-RULE-0173|LEGACY-RULE-0182|LEGACY-RULE-0184|LEGACY-RULE-0203|LEGACY-RULE-0210|LEGACY-RULE-0212|LEGACY-RULE-0235|LEGACY-RULE-0258|LEGACY-RULE-0280,INACTIVE_PENDING_DOMAIN_APPROVAL,PENDING_DOMAIN_APPROVAL,false
REX-000049,SRV2-NEW-0085,EXCLUDE,YES,LEGACY-RULE-0011|LEGACY-RULE-0244,INACTIVE_PENDING_DOMAIN_APPROVAL,PENDING_DOMAIN_APPROVAL,false
REX-000049,SRV2-NEW-0086,CAUTION,NO,LEGACY-RULE-0009|LEGACY-RULE-0013|LEGACY-RULE-0018|LEGACY-RULE-0021|LEGACY-RULE-0053|LEGACY-RULE-0058,INACTIVE_PENDING_DOMAIN_APPROVAL,PENDING_DOMAIN_APPROVAL,false
REX-000049,SRV2-NEW-0088,EXCLUDE,YES,LEGACY-RULE-0010|LEGACY-RULE-0014|LEGACY-RULE-0019|LEGACY-RULE-0022|LEGACY-RULE-0054|LEGACY-RULE-0059,INACTIVE_PENDING_DOMAIN_APPROVAL,PENDING_DOMAIN_APPROVAL,false
REX-000049,SRV2-NEW-0089,CAUTION,NO,LEGACY-RULE-0040|LEGACY-RULE-0049|LEGACY-RULE-0051|LEGACY-RULE-0083|LEGACY-RULE-0123|LEGACY-RULE-0166|LEGACY-RULE-0206|LEGACY-RULE-0225|LEGACY-RULE-0238|LEGACY-RULE-0259|LEGACY-RULE-0277,INACTIVE_PENDING_DOMAIN_APPROVAL,PENDING_DOMAIN_APPROVAL,false
REX-000049,SRV2-NEW-0091,EXCLUDE,YES,LEGACY-RULE-0041|LEGACY-RULE-0050|LEGACY-RULE-0052|LEGACY-RULE-0084|LEGACY-RULE-0124|LEGACY-RULE-0167|LEGACY-RULE-0207|LEGACY-RULE-0226|LEGACY-RULE-0239|LEGACY-RULE-0260|LEGACY-RULE-0278,INACTIVE_PENDING_DOMAIN_APPROVAL,PENDING_DOMAIN_APPROVAL,false
REX-000050,SRV2-NEW-0040,EXCLUDE,YES,LEGACY-RULE-0003|LEGACY-RULE-0149|LEGACY-RULE-0215,INACTIVE_PENDING_DOMAIN_APPROVAL,PENDING_DOMAIN_APPROVAL,false
REX-000050,SRV2-NEW-0051,CAUTION,NO,LEGACY-RULE-0069|LEGACY-RULE-0094|LEGACY-RULE-0116|LEGACY-RULE-0134|LEGACY-RULE-0150|LEGACY-RULE-0170|LEGACY-RULE-0177|LEGACY-RULE-0198|LEGACY-RULE-0216|LEGACY-RULE-0230|LEGACY-RULE-0252|LEGACY-RULE-0266|LEGACY-RULE-0275,INACTIVE_PENDING_DOMAIN_APPROVAL,PENDING_DOMAIN_APPROVAL,false
REX-000050,SRV2-NEW-0053,EXCLUDE,YES,LEGACY-RULE-0070|LEGACY-RULE-0095|LEGACY-RULE-0117|LEGACY-RULE-0135|LEGACY-RULE-0151|LEGACY-RULE-0171|LEGACY-RULE-0178|LEGACY-RULE-0199|LEGACY-RULE-0217|LEGACY-RULE-0231|LEGACY-RULE-0253|LEGACY-RULE-0267|LEGACY-RULE-0276,INACTIVE_PENDING_DOMAIN_APPROVAL,PENDING_DOMAIN_APPROVAL,false
REX-000051,SRV2-NEW-0010,EXCLUDE,YES,LEGACY-RULE-0001|LEGACY-RULE-0223,INACTIVE_PENDING_DOMAIN_APPROVAL,PENDING_DOMAIN_APPROVAL,false
REX-000051,SRV2-NEW-0018,CAUTION,NO,LEGACY-RULE-0037|LEGACY-RULE-0044|LEGACY-RULE-0066|LEGACY-RULE-0076|LEGACY-RULE-0091|LEGACY-RULE-0111|LEGACY-RULE-0142|LEGACY-RULE-0145|LEGACY-RULE-0155|LEGACY-RULE-0157|LEGACY-RULE-0160|LEGACY-RULE-0164|LEGACY-RULE-0185|LEGACY-RULE-0250|LEGACY-RULE-0264|LEGACY-RULE-0270|LEGACY-RULE-0272,INACTIVE_PENDING_DOMAIN_APPROVAL,PENDING_DOMAIN_APPROVAL,false
REX-000051,SRV2-NEW-0019,EXCLUDE,YES,LEGACY-RULE-0038|LEGACY-RULE-0045|LEGACY-RULE-0067|LEGACY-RULE-0077|LEGACY-RULE-0092|LEGACY-RULE-0112|LEGACY-RULE-0143|LEGACY-RULE-0146|LEGACY-RULE-0156|LEGACY-RULE-0158|LEGACY-RULE-0161|LEGACY-RULE-0165|LEGACY-RULE-0186|LEGACY-RULE-0251|LEGACY-RULE-0265|LEGACY-RULE-0271|LEGACY-RULE-0273,INACTIVE_PENDING_DOMAIN_APPROVAL,PENDING_DOMAIN_APPROVAL,false
REX-000052,SRV2-NEW-0085,EXCLUDE,YES,LEGACY-RULE-0011|LEGACY-RULE-0244,INACTIVE_PENDING_DOMAIN_APPROVAL,PENDING_DOMAIN_APPROVAL,false
REX-000052,SRV2-NEW-0086,CAUTION,NO,LEGACY-RULE-0009|LEGACY-RULE-0013|LEGACY-RULE-0018|LEGACY-RULE-0021|LEGACY-RULE-0053|LEGACY-RULE-0058,INACTIVE_PENDING_DOMAIN_APPROVAL,PENDING_DOMAIN_APPROVAL,false
REX-000052,SRV2-NEW-0088,EXCLUDE,YES,LEGACY-RULE-0010|LEGACY-RULE-0014|LEGACY-RULE-0019|LEGACY-RULE-0022|LEGACY-RULE-0054|LEGACY-RULE-0059,INACTIVE_PENDING_DOMAIN_APPROVAL,PENDING_DOMAIN_APPROVAL,false
REX-000052,SRV2-NEW-0089,CAUTION,NO,LEGACY-RULE-0040|LEGACY-RULE-0049|LEGACY-RULE-0051|LEGACY-RULE-0083|LEGACY-RULE-0123|LEGACY-RULE-0166|LEGACY-RULE-0206|LEGACY-RULE-0225|LEGACY-RULE-0238|LEGACY-RULE-0259|LEGACY-RULE-0277,INACTIVE_PENDING_DOMAIN_APPROVAL,PENDING_DOMAIN_APPROVAL,false
REX-000052,SRV2-NEW-0091,EXCLUDE,YES,LEGACY-RULE-0041|LEGACY-RULE-0050|LEGACY-RULE-0052|LEGACY-RULE-0084|LEGACY-RULE-0124|LEGACY-RULE-0167|LEGACY-RULE-0207|LEGACY-RULE-0226|LEGACY-RULE-0239|LEGACY-RULE-0260|LEGACY-RULE-0278,INACTIVE_PENDING_DOMAIN_APPROVAL,PENDING_DOMAIN_APPROVAL,false
REX-000053,SRV2-NEW-0059,EXCLUDE,YES,LEGACY-RULE-0007|LEGACY-RULE-0012|LEGACY-RULE-0017|LEGACY-RULE-0020|LEGACY-RULE-0057|LEGACY-RULE-0218|LEGACY-RULE-0245,INACTIVE_PENDING_DOMAIN_APPROVAL,PENDING_DOMAIN_APPROVAL,false
REX-000053,SRV2-NEW-0061,CAUTION,NO,LEGACY-RULE-0033|LEGACY-RULE-0071|LEGACY-RULE-0080|LEGACY-RULE-0087|LEGACY-RULE-0096|LEGACY-RULE-0102|LEGACY-RULE-0136|LEGACY-RULE-0152|LEGACY-RULE-0174|LEGACY-RULE-0179|LEGACY-RULE-0200|LEGACY-RULE-0221|LEGACY-RULE-0232|LEGACY-RULE-0246,INACTIVE_PENDING_DOMAIN_APPROVAL,PENDING_DOMAIN_APPROVAL,false
REX-000053,SRV2-NEW-0063,EXCLUDE,YES,LEGACY-RULE-0034|LEGACY-RULE-0072|LEGACY-RULE-0081|LEGACY-RULE-0088|LEGACY-RULE-0097|LEGACY-RULE-0103|LEGACY-RULE-0137|LEGACY-RULE-0153|LEGACY-RULE-0175|LEGACY-RULE-0180|LEGACY-RULE-0201|LEGACY-RULE-0222|LEGACY-RULE-0233|LEGACY-RULE-0247,INACTIVE_PENDING_DOMAIN_APPROVAL,PENDING_DOMAIN_APPROVAL,false
REX-000054,SRV2-NEW-0093,EXCLUDE,YES,LEGACY-RULE-0003|LEGACY-RULE-0149|LEGACY-RULE-0215,INACTIVE_PENDING_DOMAIN_APPROVAL,PENDING_DOMAIN_APPROVAL,false
REX-000054,SRV2-NEW-0098,CAUTION,NO,LEGACY-RULE-0069|LEGACY-RULE-0094|LEGACY-RULE-0116|LEGACY-RULE-0134|LEGACY-RULE-0150|LEGACY-RULE-0170|LEGACY-RULE-0177|LEGACY-RULE-0198|LEGACY-RULE-0216|LEGACY-RULE-0230|LEGACY-RULE-0252|LEGACY-RULE-0266|LEGACY-RULE-0275,INACTIVE_PENDING_DOMAIN_APPROVAL,PENDING_DOMAIN_APPROVAL,false
REX-000054,SRV2-NEW-0100,EXCLUDE,YES,LEGACY-RULE-0070|LEGACY-RULE-0095|LEGACY-RULE-0117|LEGACY-RULE-0135|LEGACY-RULE-0151|LEGACY-RULE-0171|LEGACY-RULE-0178|LEGACY-RULE-0199|LEGACY-RULE-0217|LEGACY-RULE-0231|LEGACY-RULE-0253|LEGACY-RULE-0267|LEGACY-RULE-0276,INACTIVE_PENDING_DOMAIN_APPROVAL,PENDING_DOMAIN_APPROVAL,false
REX-000055,SRV2-NEW-0071,CAUTION,NO,LEGACY-RULE-0009|LEGACY-RULE-0013|LEGACY-RULE-0018|LEGACY-RULE-0021|LEGACY-RULE-0053|LEGACY-RULE-0058,INACTIVE_PENDING_DOMAIN_APPROVAL,PENDING_DOMAIN_APPROVAL,false
REX-000055,SRV2-NEW-0073,EXCLUDE,YES,LEGACY-RULE-0010|LEGACY-RULE-0014|LEGACY-RULE-0019|LEGACY-RULE-0022|LEGACY-RULE-0054|LEGACY-RULE-0059,INACTIVE_PENDING_DOMAIN_APPROVAL,PENDING_DOMAIN_APPROVAL,false
REX-000055,SRV2-NEW-0081,EXCLUDE,YES,LEGACY-RULE-0159,INACTIVE_PENDING_DOMAIN_APPROVAL,PENDING_DOMAIN_APPROVAL,false
REX-000056,SRV2-NEW-0002,EXCLUDE,YES,LEGACY-RULE-0003|LEGACY-RULE-0149|LEGACY-RULE-0215,INACTIVE_PENDING_DOMAIN_APPROVAL,PENDING_DOMAIN_APPROVAL,false
REX-000056,SRV2-NEW-0004,CAUTION,NO,LEGACY-RULE-0027|LEGACY-RULE-0055|LEGACY-RULE-0140|LEGACY-RULE-0187|LEGACY-RULE-0195|LEGACY-RULE-0204|LEGACY-RULE-0227|LEGACY-RULE-0236|LEGACY-RULE-0240|LEGACY-RULE-0254,INACTIVE_PENDING_DOMAIN_APPROVAL,PENDING_DOMAIN_APPROVAL,false
REX-000056,SRV2-NEW-0006,EXCLUDE,YES,LEGACY-RULE-0028|LEGACY-RULE-0056|LEGACY-RULE-0141|LEGACY-RULE-0188|LEGACY-RULE-0196|LEGACY-RULE-0205|LEGACY-RULE-0228|LEGACY-RULE-0237|LEGACY-RULE-0241|LEGACY-RULE-0255,INACTIVE_PENDING_DOMAIN_APPROVAL,PENDING_DOMAIN_APPROVAL,false
REX-000056,SRV2-NEW-0007,EXCLUDE,YES,LEGACY-RULE-0005|LEGACY-RULE-0015|LEGACY-RULE-0016,INACTIVE_PENDING_DOMAIN_APPROVAL,PENDING_DOMAIN_APPROVAL,false
REX-000057,SRV2-NEW-0092,CAUTION,NO,LEGACY-RULE-0025|LEGACY-RULE-0031|LEGACY-RULE-0078|LEGACY-RULE-0109|LEGACY-RULE-0147|LEGACY-RULE-0189|LEGACY-RULE-0262|LEGACY-RULE-0268|LEGACY-RULE-0281,INACTIVE_PENDING_DOMAIN_APPROVAL,PENDING_DOMAIN_APPROVAL,false
REX-000057,SRV2-NEW-0094,EXCLUDE,YES,LEGACY-RULE-0026|LEGACY-RULE-0032|LEGACY-RULE-0079|LEGACY-RULE-0110|LEGACY-RULE-0148|LEGACY-RULE-0190|LEGACY-RULE-0263|LEGACY-RULE-0269|LEGACY-RULE-0282,INACTIVE_PENDING_DOMAIN_APPROVAL,PENDING_DOMAIN_APPROVAL,false
REX-000057,SRV2-NEW-0095,CAUTION,NO,LEGACY-RULE-0027|LEGACY-RULE-0055|LEGACY-RULE-0140|LEGACY-RULE-0187|LEGACY-RULE-0195|LEGACY-RULE-0204|LEGACY-RULE-0227|LEGACY-RULE-0236|LEGACY-RULE-0240|LEGACY-RULE-0254,INACTIVE_PENDING_DOMAIN_APPROVAL,PENDING_DOMAIN_APPROVAL,false
REX-000057,SRV2-NEW-0097,EXCLUDE,YES,LEGACY-RULE-0028|LEGACY-RULE-0056|LEGACY-RULE-0141|LEGACY-RULE-0188|LEGACY-RULE-0196|LEGACY-RULE-0205|LEGACY-RULE-0228|LEGACY-RULE-0237|LEGACY-RULE-0241|LEGACY-RULE-0255,INACTIVE_PENDING_DOMAIN_APPROVAL,PENDING_DOMAIN_APPROVAL,false
REX-000057,SRV2-NEW-0099,EXCLUDE,YES,LEGACY-RULE-0005|LEGACY-RULE-0015|LEGACY-RULE-0016,INACTIVE_PENDING_DOMAIN_APPROVAL,PENDING_DOMAIN_APPROVAL,false
REX-000058,SRV2-NEW-0001,CAUTION,NO,LEGACY-RULE-0025|LEGACY-RULE-0031|LEGACY-RULE-0078|LEGACY-RULE-0109|LEGACY-RULE-0147|LEGACY-RULE-0189|LEGACY-RULE-0262|LEGACY-RULE-0268|LEGACY-RULE-0281,INACTIVE_PENDING_DOMAIN_APPROVAL,PENDING_DOMAIN_APPROVAL,false
REX-000058,SRV2-NEW-0003,EXCLUDE,YES,LEGACY-RULE-0026|LEGACY-RULE-0032|LEGACY-RULE-0079|LEGACY-RULE-0110|LEGACY-RULE-0148|LEGACY-RULE-0190|LEGACY-RULE-0263|LEGACY-RULE-0269|LEGACY-RULE-0282,INACTIVE_PENDING_DOMAIN_APPROVAL,PENDING_DOMAIN_APPROVAL,false
REX-000058,SRV2-NEW-0005,EXCLUDE,YES,LEGACY-RULE-0004|LEGACY-RULE-0006|LEGACY-RULE-0029|LEGACY-RULE-0075|LEGACY-RULE-0108|LEGACY-RULE-0144|LEGACY-RULE-0261,INACTIVE_PENDING_DOMAIN_APPROVAL,PENDING_DOMAIN_APPROVAL,false
REX-000058,SRV2-NEW-0007,EXCLUDE,YES,LEGACY-RULE-0005|LEGACY-RULE-0015|LEGACY-RULE-0016,INACTIVE_PENDING_DOMAIN_APPROVAL,PENDING_DOMAIN_APPROVAL,false
REX-000059,SRV2-NEW-0002,EXCLUDE,YES,LEGACY-RULE-0003|LEGACY-RULE-0149|LEGACY-RULE-0215,INACTIVE_PENDING_DOMAIN_APPROVAL,PENDING_DOMAIN_APPROVAL,false
REX-000059,SRV2-NEW-0004,CAUTION,NO,LEGACY-RULE-0027|LEGACY-RULE-0055|LEGACY-RULE-0140|LEGACY-RULE-0187|LEGACY-RULE-0195|LEGACY-RULE-0204|LEGACY-RULE-0227|LEGACY-RULE-0236|LEGACY-RULE-0240|LEGACY-RULE-0254,INACTIVE_PENDING_DOMAIN_APPROVAL,PENDING_DOMAIN_APPROVAL,false
REX-000059,SRV2-NEW-0006,EXCLUDE,YES,LEGACY-RULE-0028|LEGACY-RULE-0056|LEGACY-RULE-0141|LEGACY-RULE-0188|LEGACY-RULE-0196|LEGACY-RULE-0205|LEGACY-RULE-0228|LEGACY-RULE-0237|LEGACY-RULE-0241|LEGACY-RULE-0255,INACTIVE_PENDING_DOMAIN_APPROVAL,PENDING_DOMAIN_APPROVAL,false
REX-000059,SRV2-NEW-0007,EXCLUDE,YES,LEGACY-RULE-0005|LEGACY-RULE-0015|LEGACY-RULE-0016,INACTIVE_PENDING_DOMAIN_APPROVAL,PENDING_DOMAIN_APPROVAL,false
REX-000059,SRV2-NEW-0008,CAUTION,NO,LEGACY-RULE-0040|LEGACY-RULE-0049|LEGACY-RULE-0051|LEGACY-RULE-0083|LEGACY-RULE-0123|LEGACY-RULE-0166|LEGACY-RULE-0206|LEGACY-RULE-0225|LEGACY-RULE-0238|LEGACY-RULE-0259|LEGACY-RULE-0277,INACTIVE_PENDING_DOMAIN_APPROVAL,PENDING_DOMAIN_APPROVAL,false
REX-000059,SRV2-NEW-0009,EXCLUDE,YES,LEGACY-RULE-0041|LEGACY-RULE-0050|LEGACY-RULE-0052|LEGACY-RULE-0084|LEGACY-RULE-0124|LEGACY-RULE-0167|LEGACY-RULE-0207|LEGACY-RULE-0226|LEGACY-RULE-0239|LEGACY-RULE-0260|LEGACY-RULE-0278,INACTIVE_PENDING_DOMAIN_APPROVAL,PENDING_DOMAIN_APPROVAL,false
REX-000060,SRV2-NEW-0002,EXCLUDE,YES,LEGACY-RULE-0003|LEGACY-RULE-0149|LEGACY-RULE-0215,INACTIVE_PENDING_DOMAIN_APPROVAL,PENDING_DOMAIN_APPROVAL,false
REX-000060,SRV2-NEW-0004,CAUTION,NO,LEGACY-RULE-0027|LEGACY-RULE-0055|LEGACY-RULE-0140|LEGACY-RULE-0187|LEGACY-RULE-0195|LEGACY-RULE-0204|LEGACY-RULE-0227|LEGACY-RULE-0236|LEGACY-RULE-0240|LEGACY-RULE-0254,INACTIVE_PENDING_DOMAIN_APPROVAL,PENDING_DOMAIN_APPROVAL,false
REX-000060,SRV2-NEW-0006,EXCLUDE,YES,LEGACY-RULE-0028|LEGACY-RULE-0056|LEGACY-RULE-0141|LEGACY-RULE-0188|LEGACY-RULE-0196|LEGACY-RULE-0205|LEGACY-RULE-0228|LEGACY-RULE-0237|LEGACY-RULE-0241|LEGACY-RULE-0255,INACTIVE_PENDING_DOMAIN_APPROVAL,PENDING_DOMAIN_APPROVAL,false
REX-000060,SRV2-NEW-0007,EXCLUDE,YES,LEGACY-RULE-0005|LEGACY-RULE-0015|LEGACY-RULE-0016,INACTIVE_PENDING_DOMAIN_APPROVAL,PENDING_DOMAIN_APPROVAL,false
REX-000061,SRV2-NEW-0023,EXCLUDE,YES,LEGACY-RULE-0004|LEGACY-RULE-0006|LEGACY-RULE-0029|LEGACY-RULE-0075|LEGACY-RULE-0108|LEGACY-RULE-0144|LEGACY-RULE-0261,INACTIVE_PENDING_DOMAIN_APPROVAL,PENDING_DOMAIN_APPROVAL,false
REX-000061,SRV2-NEW-0025,CAUTION,NO,LEGACY-RULE-0069|LEGACY-RULE-0094|LEGACY-RULE-0116|LEGACY-RULE-0134|LEGACY-RULE-0150|LEGACY-RULE-0170|LEGACY-RULE-0177|LEGACY-RULE-0198|LEGACY-RULE-0216|LEGACY-RULE-0230|LEGACY-RULE-0252|LEGACY-RULE-0266|LEGACY-RULE-0275,INACTIVE_PENDING_DOMAIN_APPROVAL,PENDING_DOMAIN_APPROVAL,false
REX-000061,SRV2-NEW-0027,EXCLUDE,YES,LEGACY-RULE-0070|LEGACY-RULE-0095|LEGACY-RULE-0117|LEGACY-RULE-0135|LEGACY-RULE-0151|LEGACY-RULE-0171|LEGACY-RULE-0178|LEGACY-RULE-0199|LEGACY-RULE-0217|LEGACY-RULE-0231|LEGACY-RULE-0253|LEGACY-RULE-0267|LEGACY-RULE-0276,INACTIVE_PENDING_DOMAIN_APPROVAL,PENDING_DOMAIN_APPROVAL,false
REX-000061,SRV2-NEW-0028,CAUTION,NO,LEGACY-RULE-0037|LEGACY-RULE-0044|LEGACY-RULE-0066|LEGACY-RULE-0076|LEGACY-RULE-0091|LEGACY-RULE-0111|LEGACY-RULE-0142|LEGACY-RULE-0145|LEGACY-RULE-0155|LEGACY-RULE-0157|LEGACY-RULE-0160|LEGACY-RULE-0164|LEGACY-RULE-0185|LEGACY-RULE-0250|LEGACY-RULE-0264|LEGACY-RULE-0270|LEGACY-RULE-0272,INACTIVE_PENDING_DOMAIN_APPROVAL,PENDING_DOMAIN_APPROVAL,false
REX-000061,SRV2-NEW-0030,EXCLUDE,YES,LEGACY-RULE-0038|LEGACY-RULE-0045|LEGACY-RULE-0067|LEGACY-RULE-0077|LEGACY-RULE-0092|LEGACY-RULE-0112|LEGACY-RULE-0143|LEGACY-RULE-0146|LEGACY-RULE-0156|LEGACY-RULE-0158|LEGACY-RULE-0161|LEGACY-RULE-0165|LEGACY-RULE-0186|LEGACY-RULE-0251|LEGACY-RULE-0265|LEGACY-RULE-0271|LEGACY-RULE-0273,INACTIVE_PENDING_DOMAIN_APPROVAL,PENDING_DOMAIN_APPROVAL,false
REX-000062,SRV2-NEW-0002,EXCLUDE,YES,LEGACY-RULE-0003|LEGACY-RULE-0149|LEGACY-RULE-0215,INACTIVE_PENDING_DOMAIN_APPROVAL,PENDING_DOMAIN_APPROVAL,false
REX-000062,SRV2-NEW-0004,CAUTION,NO,LEGACY-RULE-0027|LEGACY-RULE-0055|LEGACY-RULE-0140|LEGACY-RULE-0187|LEGACY-RULE-0195|LEGACY-RULE-0204|LEGACY-RULE-0227|LEGACY-RULE-0236|LEGACY-RULE-0240|LEGACY-RULE-0254,INACTIVE_PENDING_DOMAIN_APPROVAL,PENDING_DOMAIN_APPROVAL,false
REX-000062,SRV2-NEW-0006,EXCLUDE,YES,LEGACY-RULE-0028|LEGACY-RULE-0056|LEGACY-RULE-0141|LEGACY-RULE-0188|LEGACY-RULE-0196|LEGACY-RULE-0205|LEGACY-RULE-0228|LEGACY-RULE-0237|LEGACY-RULE-0241|LEGACY-RULE-0255,INACTIVE_PENDING_DOMAIN_APPROVAL,PENDING_DOMAIN_APPROVAL,false
REX-000062,SRV2-NEW-0007,EXCLUDE,YES,LEGACY-RULE-0005|LEGACY-RULE-0015|LEGACY-RULE-0016,INACTIVE_PENDING_DOMAIN_APPROVAL,PENDING_DOMAIN_APPROVAL,false
REX-000063,SRV2-NEW-0095,CAUTION,NO,LEGACY-RULE-0027|LEGACY-RULE-0055|LEGACY-RULE-0140|LEGACY-RULE-0187|LEGACY-RULE-0195|LEGACY-RULE-0204|LEGACY-RULE-0227|LEGACY-RULE-0236|LEGACY-RULE-0240|LEGACY-RULE-0254,INACTIVE_PENDING_DOMAIN_APPROVAL,PENDING_DOMAIN_APPROVAL,false
REX-000063,SRV2-NEW-0097,EXCLUDE,YES,LEGACY-RULE-0028|LEGACY-RULE-0056|LEGACY-RULE-0141|LEGACY-RULE-0188|LEGACY-RULE-0196|LEGACY-RULE-0205|LEGACY-RULE-0228|LEGACY-RULE-0237|LEGACY-RULE-0241|LEGACY-RULE-0255,INACTIVE_PENDING_DOMAIN_APPROVAL,PENDING_DOMAIN_APPROVAL,false
REX-000063,SRV2-NEW-0099,EXCLUDE,YES,LEGACY-RULE-0005|LEGACY-RULE-0015|LEGACY-RULE-0016,INACTIVE_PENDING_DOMAIN_APPROVAL,PENDING_DOMAIN_APPROVAL,false
REX-000064,SRV2-NEW-0095,CAUTION,NO,LEGACY-RULE-0027|LEGACY-RULE-0055|LEGACY-RULE-0140|LEGACY-RULE-0187|LEGACY-RULE-0195|LEGACY-RULE-0204|LEGACY-RULE-0227|LEGACY-RULE-0236|LEGACY-RULE-0240|LEGACY-RULE-0254,INACTIVE_PENDING_DOMAIN_APPROVAL,PENDING_DOMAIN_APPROVAL,false
REX-000064,SRV2-NEW-0097,EXCLUDE,YES,LEGACY-RULE-0028|LEGACY-RULE-0056|LEGACY-RULE-0141|LEGACY-RULE-0188|LEGACY-RULE-0196|LEGACY-RULE-0205|LEGACY-RULE-0228|LEGACY-RULE-0237|LEGACY-RULE-0241|LEGACY-RULE-0255,INACTIVE_PENDING_DOMAIN_APPROVAL,PENDING_DOMAIN_APPROVAL,false
REX-000064,SRV2-NEW-0099,EXCLUDE,YES,LEGACY-RULE-0005|LEGACY-RULE-0015|LEGACY-RULE-0016,INACTIVE_PENDING_DOMAIN_APPROVAL,PENDING_DOMAIN_APPROVAL,false
REX-000065,SRV2-NEW-0002,EXCLUDE,YES,LEGACY-RULE-0003|LEGACY-RULE-0149|LEGACY-RULE-0215,INACTIVE_PENDING_DOMAIN_APPROVAL,PENDING_DOMAIN_APPROVAL,false
REX-000065,SRV2-NEW-0004,CAUTION,NO,LEGACY-RULE-0027|LEGACY-RULE-0055|LEGACY-RULE-0140|LEGACY-RULE-0187|LEGACY-RULE-0195|LEGACY-RULE-0204|LEGACY-RULE-0227|LEGACY-RULE-0236|LEGACY-RULE-0240|LEGACY-RULE-0254,INACTIVE_PENDING_DOMAIN_APPROVAL,PENDING_DOMAIN_APPROVAL,false
REX-000065,SRV2-NEW-0006,EXCLUDE,YES,LEGACY-RULE-0028|LEGACY-RULE-0056|LEGACY-RULE-0141|LEGACY-RULE-0188|LEGACY-RULE-0196|LEGACY-RULE-0205|LEGACY-RULE-0228|LEGACY-RULE-0237|LEGACY-RULE-0241|LEGACY-RULE-0255,INACTIVE_PENDING_DOMAIN_APPROVAL,PENDING_DOMAIN_APPROVAL,false
REX-000065,SRV2-NEW-0007,EXCLUDE,YES,LEGACY-RULE-0005|LEGACY-RULE-0015|LEGACY-RULE-0016,INACTIVE_PENDING_DOMAIN_APPROVAL,PENDING_DOMAIN_APPROVAL,false
REX-000066,SRV2-NEW-0011,CAUTION,NO,LEGACY-RULE-0025|LEGACY-RULE-0031|LEGACY-RULE-0078|LEGACY-RULE-0109|LEGACY-RULE-0147|LEGACY-RULE-0189|LEGACY-RULE-0262|LEGACY-RULE-0268|LEGACY-RULE-0281,INACTIVE_PENDING_DOMAIN_APPROVAL,PENDING_DOMAIN_APPROVAL,false
REX-000066,SRV2-NEW-0012,EXCLUDE,YES,LEGACY-RULE-0026|LEGACY-RULE-0032|LEGACY-RULE-0079|LEGACY-RULE-0110|LEGACY-RULE-0148|LEGACY-RULE-0190|LEGACY-RULE-0263|LEGACY-RULE-0269|LEGACY-RULE-0282,INACTIVE_PENDING_DOMAIN_APPROVAL,PENDING_DOMAIN_APPROVAL,false
REX-000066,SRV2-NEW-0014,EXCLUDE,YES,LEGACY-RULE-0004|LEGACY-RULE-0006|LEGACY-RULE-0029|LEGACY-RULE-0075|LEGACY-RULE-0108|LEGACY-RULE-0144|LEGACY-RULE-0261,INACTIVE_PENDING_DOMAIN_APPROVAL,PENDING_DOMAIN_APPROVAL,false
REX-000066,SRV2-NEW-0016,CAUTION,NO,LEGACY-RULE-0069|LEGACY-RULE-0094|LEGACY-RULE-0116|LEGACY-RULE-0134|LEGACY-RULE-0150|LEGACY-RULE-0170|LEGACY-RULE-0177|LEGACY-RULE-0198|LEGACY-RULE-0216|LEGACY-RULE-0230|LEGACY-RULE-0252|LEGACY-RULE-0266|LEGACY-RULE-0275,INACTIVE_PENDING_DOMAIN_APPROVAL,PENDING_DOMAIN_APPROVAL,false
REX-000066,SRV2-NEW-0017,EXCLUDE,YES,LEGACY-RULE-0070|LEGACY-RULE-0095|LEGACY-RULE-0117|LEGACY-RULE-0135|LEGACY-RULE-0151|LEGACY-RULE-0171|LEGACY-RULE-0178|LEGACY-RULE-0199|LEGACY-RULE-0217|LEGACY-RULE-0231|LEGACY-RULE-0253|LEGACY-RULE-0267|LEGACY-RULE-0276,INACTIVE_PENDING_DOMAIN_APPROVAL,PENDING_DOMAIN_APPROVAL,false
REX-000067,SRV2-NEW-0001,CAUTION,NO,LEGACY-RULE-0025|LEGACY-RULE-0031|LEGACY-RULE-0078|LEGACY-RULE-0109|LEGACY-RULE-0147|LEGACY-RULE-0189|LEGACY-RULE-0262|LEGACY-RULE-0268|LEGACY-RULE-0281,INACTIVE_PENDING_DOMAIN_APPROVAL,PENDING_DOMAIN_APPROVAL,false
REX-000067,SRV2-NEW-0003,EXCLUDE,YES,LEGACY-RULE-0026|LEGACY-RULE-0032|LEGACY-RULE-0079|LEGACY-RULE-0110|LEGACY-RULE-0148|LEGACY-RULE-0190|LEGACY-RULE-0263|LEGACY-RULE-0269|LEGACY-RULE-0282,INACTIVE_PENDING_DOMAIN_APPROVAL,PENDING_DOMAIN_APPROVAL,false
REX-000067,SRV2-NEW-0005,EXCLUDE,YES,LEGACY-RULE-0004|LEGACY-RULE-0006|LEGACY-RULE-0029|LEGACY-RULE-0075|LEGACY-RULE-0108|LEGACY-RULE-0144|LEGACY-RULE-0261,INACTIVE_PENDING_DOMAIN_APPROVAL,PENDING_DOMAIN_APPROVAL,false
REX-000067,SRV2-NEW-0007,EXCLUDE,YES,LEGACY-RULE-0005|LEGACY-RULE-0015|LEGACY-RULE-0016,INACTIVE_PENDING_DOMAIN_APPROVAL,PENDING_DOMAIN_APPROVAL,false
REX-000068,SRV2-NEW-0002,EXCLUDE,YES,LEGACY-RULE-0003|LEGACY-RULE-0149|LEGACY-RULE-0215,INACTIVE_PENDING_DOMAIN_APPROVAL,PENDING_DOMAIN_APPROVAL,false
REX-000068,SRV2-NEW-0004,CAUTION,NO,LEGACY-RULE-0027|LEGACY-RULE-0055|LEGACY-RULE-0140|LEGACY-RULE-0187|LEGACY-RULE-0195|LEGACY-RULE-0204|LEGACY-RULE-0227|LEGACY-RULE-0236|LEGACY-RULE-0240|LEGACY-RULE-0254,INACTIVE_PENDING_DOMAIN_APPROVAL,PENDING_DOMAIN_APPROVAL,false
REX-000068,SRV2-NEW-0006,EXCLUDE,YES,LEGACY-RULE-0028|LEGACY-RULE-0056|LEGACY-RULE-0141|LEGACY-RULE-0188|LEGACY-RULE-0196|LEGACY-RULE-0205|LEGACY-RULE-0228|LEGACY-RULE-0237|LEGACY-RULE-0241|LEGACY-RULE-0255,INACTIVE_PENDING_DOMAIN_APPROVAL,PENDING_DOMAIN_APPROVAL,false
REX-000068,SRV2-NEW-0007,EXCLUDE,YES,LEGACY-RULE-0005|LEGACY-RULE-0015|LEGACY-RULE-0016,INACTIVE_PENDING_DOMAIN_APPROVAL,PENDING_DOMAIN_APPROVAL,false
REX-000069,SRV2-NEW-0095,CAUTION,NO,LEGACY-RULE-0027|LEGACY-RULE-0055|LEGACY-RULE-0140|LEGACY-RULE-0187|LEGACY-RULE-0195|LEGACY-RULE-0204|LEGACY-RULE-0227|LEGACY-RULE-0236|LEGACY-RULE-0240|LEGACY-RULE-0254,INACTIVE_PENDING_DOMAIN_APPROVAL,PENDING_DOMAIN_APPROVAL,false
REX-000069,SRV2-NEW-0097,EXCLUDE,YES,LEGACY-RULE-0028|LEGACY-RULE-0056|LEGACY-RULE-0141|LEGACY-RULE-0188|LEGACY-RULE-0196|LEGACY-RULE-0205|LEGACY-RULE-0228|LEGACY-RULE-0237|LEGACY-RULE-0241|LEGACY-RULE-0255,INACTIVE_PENDING_DOMAIN_APPROVAL,PENDING_DOMAIN_APPROVAL,false
REX-000069,SRV2-NEW-0099,EXCLUDE,YES,LEGACY-RULE-0005|LEGACY-RULE-0015|LEGACY-RULE-0016,INACTIVE_PENDING_DOMAIN_APPROVAL,PENDING_DOMAIN_APPROVAL,false
REX-000070,SRV2-NEW-0002,EXCLUDE,YES,LEGACY-RULE-0003|LEGACY-RULE-0149|LEGACY-RULE-0215,INACTIVE_PENDING_DOMAIN_APPROVAL,PENDING_DOMAIN_APPROVAL,false
REX-000070,SRV2-NEW-0004,CAUTION,NO,LEGACY-RULE-0027|LEGACY-RULE-0055|LEGACY-RULE-0140|LEGACY-RULE-0187|LEGACY-RULE-0195|LEGACY-RULE-0204|LEGACY-RULE-0227|LEGACY-RULE-0236|LEGACY-RULE-0240|LEGACY-RULE-0254,INACTIVE_PENDING_DOMAIN_APPROVAL,PENDING_DOMAIN_APPROVAL,false
REX-000070,SRV2-NEW-0006,EXCLUDE,YES,LEGACY-RULE-0028|LEGACY-RULE-0056|LEGACY-RULE-0141|LEGACY-RULE-0188|LEGACY-RULE-0196|LEGACY-RULE-0205|LEGACY-RULE-0228|LEGACY-RULE-0237|LEGACY-RULE-0241|LEGACY-RULE-0255,INACTIVE_PENDING_DOMAIN_APPROVAL,PENDING_DOMAIN_APPROVAL,false
REX-000070,SRV2-NEW-0007,EXCLUDE,YES,LEGACY-RULE-0005|LEGACY-RULE-0015|LEGACY-RULE-0016,INACTIVE_PENDING_DOMAIN_APPROVAL,PENDING_DOMAIN_APPROVAL,false
REX-000071,SRV2-NEW-0002,EXCLUDE,YES,LEGACY-RULE-0003|LEGACY-RULE-0149|LEGACY-RULE-0215,INACTIVE_PENDING_DOMAIN_APPROVAL,PENDING_DOMAIN_APPROVAL,false
REX-000071,SRV2-NEW-0004,CAUTION,NO,LEGACY-RULE-0027|LEGACY-RULE-0055|LEGACY-RULE-0140|LEGACY-RULE-0187|LEGACY-RULE-0195|LEGACY-RULE-0204|LEGACY-RULE-0227|LEGACY-RULE-0236|LEGACY-RULE-0240|LEGACY-RULE-0254,INACTIVE_PENDING_DOMAIN_APPROVAL,PENDING_DOMAIN_APPROVAL,false
REX-000071,SRV2-NEW-0006,EXCLUDE,YES,LEGACY-RULE-0028|LEGACY-RULE-0056|LEGACY-RULE-0141|LEGACY-RULE-0188|LEGACY-RULE-0196|LEGACY-RULE-0205|LEGACY-RULE-0228|LEGACY-RULE-0237|LEGACY-RULE-0241|LEGACY-RULE-0255,INACTIVE_PENDING_DOMAIN_APPROVAL,PENDING_DOMAIN_APPROVAL,false
REX-000071,SRV2-NEW-0007,EXCLUDE,YES,LEGACY-RULE-0005|LEGACY-RULE-0015|LEGACY-RULE-0016,INACTIVE_PENDING_DOMAIN_APPROVAL,PENDING_DOMAIN_APPROVAL,false
REX-000072,SRV2-NEW-0001,CAUTION,NO,LEGACY-RULE-0025|LEGACY-RULE-0031|LEGACY-RULE-0078|LEGACY-RULE-0109|LEGACY-RULE-0147|LEGACY-RULE-0189|LEGACY-RULE-0262|LEGACY-RULE-0268|LEGACY-RULE-0281,INACTIVE_PENDING_DOMAIN_APPROVAL,PENDING_DOMAIN_APPROVAL,false
REX-000072,SRV2-NEW-0003,EXCLUDE,YES,LEGACY-RULE-0026|LEGACY-RULE-0032|LEGACY-RULE-0079|LEGACY-RULE-0110|LEGACY-RULE-0148|LEGACY-RULE-0190|LEGACY-RULE-0263|LEGACY-RULE-0269|LEGACY-RULE-0282,INACTIVE_PENDING_DOMAIN_APPROVAL,PENDING_DOMAIN_APPROVAL,false
REX-000072,SRV2-NEW-0005,EXCLUDE,YES,LEGACY-RULE-0004|LEGACY-RULE-0006|LEGACY-RULE-0029|LEGACY-RULE-0075|LEGACY-RULE-0108|LEGACY-RULE-0144|LEGACY-RULE-0261,INACTIVE_PENDING_DOMAIN_APPROVAL,PENDING_DOMAIN_APPROVAL,false
REX-000072,SRV2-NEW-0007,EXCLUDE,YES,LEGACY-RULE-0005|LEGACY-RULE-0015|LEGACY-RULE-0016,INACTIVE_PENDING_DOMAIN_APPROVAL,PENDING_DOMAIN_APPROVAL,false
REX-000073,SRV2-NEW-0054,CAUTION,NO,LEGACY-RULE-0037|LEGACY-RULE-0044|LEGACY-RULE-0066|LEGACY-RULE-0076|LEGACY-RULE-0091|LEGACY-RULE-0111|LEGACY-RULE-0142|LEGACY-RULE-0145|LEGACY-RULE-0155|LEGACY-RULE-0157|LEGACY-RULE-0160|LEGACY-RULE-0164|LEGACY-RULE-0185|LEGACY-RULE-0250|LEGACY-RULE-0264|LEGACY-RULE-0270|LEGACY-RULE-0272,INACTIVE_PENDING_DOMAIN_APPROVAL,PENDING_DOMAIN_APPROVAL,false
REX-000073,SRV2-NEW-0056,EXCLUDE,YES,LEGACY-RULE-0038|LEGACY-RULE-0045|LEGACY-RULE-0067|LEGACY-RULE-0077|LEGACY-RULE-0092|LEGACY-RULE-0112|LEGACY-RULE-0143|LEGACY-RULE-0146|LEGACY-RULE-0156|LEGACY-RULE-0158|LEGACY-RULE-0161|LEGACY-RULE-0165|LEGACY-RULE-0186|LEGACY-RULE-0251|LEGACY-RULE-0265|LEGACY-RULE-0271|LEGACY-RULE-0273,INACTIVE_PENDING_DOMAIN_APPROVAL,PENDING_DOMAIN_APPROVAL,false
REX-000073,SRV2-NEW-0062,EXCLUDE,YES,LEGACY-RULE-0008|LEGACY-RULE-0115|LEGACY-RULE-0154|LEGACY-RULE-0191|LEGACY-RULE-0208,INACTIVE_PENDING_DOMAIN_APPROVAL,PENDING_DOMAIN_APPROVAL,false
REX-000074,SRV2-NEW-0049,EXCLUDE,YES,LEGACY-RULE-0004|LEGACY-RULE-0006|LEGACY-RULE-0029|LEGACY-RULE-0075|LEGACY-RULE-0108|LEGACY-RULE-0144|LEGACY-RULE-0261,INACTIVE_PENDING_DOMAIN_APPROVAL,PENDING_DOMAIN_APPROVAL,false
REX-000074,SRV2-NEW-0054,CAUTION,NO,LEGACY-RULE-0037|LEGACY-RULE-0044|LEGACY-RULE-0066|LEGACY-RULE-0076|LEGACY-RULE-0091|LEGACY-RULE-0111|LEGACY-RULE-0142|LEGACY-RULE-0145|LEGACY-RULE-0155|LEGACY-RULE-0157|LEGACY-RULE-0160|LEGACY-RULE-0164|LEGACY-RULE-0185|LEGACY-RULE-0250|LEGACY-RULE-0264|LEGACY-RULE-0270|LEGACY-RULE-0272,INACTIVE_PENDING_DOMAIN_APPROVAL,PENDING_DOMAIN_APPROVAL,false
REX-000074,SRV2-NEW-0056,EXCLUDE,YES,LEGACY-RULE-0038|LEGACY-RULE-0045|LEGACY-RULE-0067|LEGACY-RULE-0077|LEGACY-RULE-0092|LEGACY-RULE-0112|LEGACY-RULE-0143|LEGACY-RULE-0146|LEGACY-RULE-0156|LEGACY-RULE-0158|LEGACY-RULE-0161|LEGACY-RULE-0165|LEGACY-RULE-0186|LEGACY-RULE-0251|LEGACY-RULE-0265|LEGACY-RULE-0271|LEGACY-RULE-0273,INACTIVE_PENDING_DOMAIN_APPROVAL,PENDING_DOMAIN_APPROVAL,false
REX-000075,SRV2-NEW-0010,EXCLUDE,YES,LEGACY-RULE-0001|LEGACY-RULE-0223,INACTIVE_PENDING_DOMAIN_APPROVAL,PENDING_DOMAIN_APPROVAL,false
REX-000075,SRV2-NEW-0018,CAUTION,NO,LEGACY-RULE-0037|LEGACY-RULE-0044|LEGACY-RULE-0066|LEGACY-RULE-0076|LEGACY-RULE-0091|LEGACY-RULE-0111|LEGACY-RULE-0142|LEGACY-RULE-0145|LEGACY-RULE-0155|LEGACY-RULE-0157|LEGACY-RULE-0160|LEGACY-RULE-0164|LEGACY-RULE-0185|LEGACY-RULE-0250|LEGACY-RULE-0264|LEGACY-RULE-0270|LEGACY-RULE-0272,INACTIVE_PENDING_DOMAIN_APPROVAL,PENDING_DOMAIN_APPROVAL,false
REX-000075,SRV2-NEW-0019,EXCLUDE,YES,LEGACY-RULE-0038|LEGACY-RULE-0045|LEGACY-RULE-0067|LEGACY-RULE-0077|LEGACY-RULE-0092|LEGACY-RULE-0112|LEGACY-RULE-0143|LEGACY-RULE-0146|LEGACY-RULE-0156|LEGACY-RULE-0158|LEGACY-RULE-0161|LEGACY-RULE-0165|LEGACY-RULE-0186|LEGACY-RULE-0251|LEGACY-RULE-0265|LEGACY-RULE-0271|LEGACY-RULE-0273,INACTIVE_PENDING_DOMAIN_APPROVAL,PENDING_DOMAIN_APPROVAL,false
REX-000075,SRV2-NEW-0020,CAUTION,NO,LEGACY-RULE-0040|LEGACY-RULE-0049|LEGACY-RULE-0051|LEGACY-RULE-0083|LEGACY-RULE-0123|LEGACY-RULE-0166|LEGACY-RULE-0206|LEGACY-RULE-0225|LEGACY-RULE-0238|LEGACY-RULE-0259|LEGACY-RULE-0277,INACTIVE_PENDING_DOMAIN_APPROVAL,PENDING_DOMAIN_APPROVAL,false
REX-000075,SRV2-NEW-0021,EXCLUDE,YES,LEGACY-RULE-0041|LEGACY-RULE-0050|LEGACY-RULE-0052|LEGACY-RULE-0084|LEGACY-RULE-0124|LEGACY-RULE-0167|LEGACY-RULE-0207|LEGACY-RULE-0226|LEGACY-RULE-0239|LEGACY-RULE-0260|LEGACY-RULE-0278,INACTIVE_PENDING_DOMAIN_APPROVAL,PENDING_DOMAIN_APPROVAL,false
REX-000076,SRV2-NEW-0071,CAUTION,NO,LEGACY-RULE-0009|LEGACY-RULE-0013|LEGACY-RULE-0018|LEGACY-RULE-0021|LEGACY-RULE-0053|LEGACY-RULE-0058,INACTIVE_PENDING_DOMAIN_APPROVAL,PENDING_DOMAIN_APPROVAL,false
REX-000076,SRV2-NEW-0073,EXCLUDE,YES,LEGACY-RULE-0010|LEGACY-RULE-0014|LEGACY-RULE-0019|LEGACY-RULE-0022|LEGACY-RULE-0054|LEGACY-RULE-0059,INACTIVE_PENDING_DOMAIN_APPROVAL,PENDING_DOMAIN_APPROVAL,false
REX-000076,SRV2-NEW-0074,CAUTION,NO,LEGACY-RULE-0040|LEGACY-RULE-0049|LEGACY-RULE-0051|LEGACY-RULE-0083|LEGACY-RULE-0123|LEGACY-RULE-0166|LEGACY-RULE-0206|LEGACY-RULE-0225|LEGACY-RULE-0238|LEGACY-RULE-0259|LEGACY-RULE-0277,INACTIVE_PENDING_DOMAIN_APPROVAL,PENDING_DOMAIN_APPROVAL,false
REX-000076,SRV2-NEW-0075,EXCLUDE,YES,LEGACY-RULE-0007|LEGACY-RULE-0012|LEGACY-RULE-0017|LEGACY-RULE-0020|LEGACY-RULE-0057|LEGACY-RULE-0218|LEGACY-RULE-0245,INACTIVE_PENDING_DOMAIN_APPROVAL,PENDING_DOMAIN_APPROVAL,false
REX-000076,SRV2-NEW-0076,EXCLUDE,YES,LEGACY-RULE-0041|LEGACY-RULE-0050|LEGACY-RULE-0052|LEGACY-RULE-0084|LEGACY-RULE-0124|LEGACY-RULE-0167|LEGACY-RULE-0207|LEGACY-RULE-0226|LEGACY-RULE-0239|LEGACY-RULE-0260|LEGACY-RULE-0278,INACTIVE_PENDING_DOMAIN_APPROVAL,PENDING_DOMAIN_APPROVAL,false
REX-000076,SRV2-NEW-0077,CAUTION,NO,LEGACY-RULE-0033|LEGACY-RULE-0071|LEGACY-RULE-0080|LEGACY-RULE-0087|LEGACY-RULE-0096|LEGACY-RULE-0102|LEGACY-RULE-0136|LEGACY-RULE-0152|LEGACY-RULE-0174|LEGACY-RULE-0179|LEGACY-RULE-0200|LEGACY-RULE-0221|LEGACY-RULE-0232|LEGACY-RULE-0246,INACTIVE_PENDING_DOMAIN_APPROVAL,PENDING_DOMAIN_APPROVAL,false
REX-000076,SRV2-NEW-0078,EXCLUDE,YES,LEGACY-RULE-0008|LEGACY-RULE-0115|LEGACY-RULE-0154|LEGACY-RULE-0191|LEGACY-RULE-0208,INACTIVE_PENDING_DOMAIN_APPROVAL,PENDING_DOMAIN_APPROVAL,false
REX-000076,SRV2-NEW-0079,EXCLUDE,YES,LEGACY-RULE-0034|LEGACY-RULE-0072|LEGACY-RULE-0081|LEGACY-RULE-0088|LEGACY-RULE-0097|LEGACY-RULE-0103|LEGACY-RULE-0137|LEGACY-RULE-0153|LEGACY-RULE-0175|LEGACY-RULE-0180|LEGACY-RULE-0201|LEGACY-RULE-0222|LEGACY-RULE-0233|LEGACY-RULE-0247,INACTIVE_PENDING_DOMAIN_APPROVAL,PENDING_DOMAIN_APPROVAL,false
REX-000077,SRV2-NEW-0040,EXCLUDE,YES,LEGACY-RULE-0003|LEGACY-RULE-0149|LEGACY-RULE-0215,INACTIVE_PENDING_DOMAIN_APPROVAL,PENDING_DOMAIN_APPROVAL,false
REX-000077,SRV2-NEW-0048,CAUTION,NO,LEGACY-RULE-0027|LEGACY-RULE-0055|LEGACY-RULE-0140|LEGACY-RULE-0187|LEGACY-RULE-0195|LEGACY-RULE-0204|LEGACY-RULE-0227|LEGACY-RULE-0236|LEGACY-RULE-0240|LEGACY-RULE-0254,INACTIVE_PENDING_DOMAIN_APPROVAL,PENDING_DOMAIN_APPROVAL,false
REX-000077,SRV2-NEW-0050,EXCLUDE,YES,LEGACY-RULE-0028|LEGACY-RULE-0056|LEGACY-RULE-0141|LEGACY-RULE-0188|LEGACY-RULE-0196|LEGACY-RULE-0205|LEGACY-RULE-0228|LEGACY-RULE-0237|LEGACY-RULE-0241|LEGACY-RULE-0255,INACTIVE_PENDING_DOMAIN_APPROVAL,PENDING_DOMAIN_APPROVAL,false
REX-000077,SRV2-NEW-0052,EXCLUDE,YES,LEGACY-RULE-0005|LEGACY-RULE-0015|LEGACY-RULE-0016,INACTIVE_PENDING_DOMAIN_APPROVAL,PENDING_DOMAIN_APPROVAL,false
REX-000078,SRV2-NEW-0071,CAUTION,NO,LEGACY-RULE-0009|LEGACY-RULE-0013|LEGACY-RULE-0018|LEGACY-RULE-0021|LEGACY-RULE-0053|LEGACY-RULE-0058,INACTIVE_PENDING_DOMAIN_APPROVAL,PENDING_DOMAIN_APPROVAL,false
REX-000078,SRV2-NEW-0073,EXCLUDE,YES,LEGACY-RULE-0010|LEGACY-RULE-0014|LEGACY-RULE-0019|LEGACY-RULE-0022|LEGACY-RULE-0054|LEGACY-RULE-0059,INACTIVE_PENDING_DOMAIN_APPROVAL,PENDING_DOMAIN_APPROVAL,false
REX-000078,SRV2-NEW-0074,CAUTION,NO,LEGACY-RULE-0040|LEGACY-RULE-0049|LEGACY-RULE-0051|LEGACY-RULE-0083|LEGACY-RULE-0123|LEGACY-RULE-0166|LEGACY-RULE-0206|LEGACY-RULE-0225|LEGACY-RULE-0238|LEGACY-RULE-0259|LEGACY-RULE-0277,INACTIVE_PENDING_DOMAIN_APPROVAL,PENDING_DOMAIN_APPROVAL,false
REX-000078,SRV2-NEW-0076,EXCLUDE,YES,LEGACY-RULE-0041|LEGACY-RULE-0050|LEGACY-RULE-0052|LEGACY-RULE-0084|LEGACY-RULE-0124|LEGACY-RULE-0167|LEGACY-RULE-0207|LEGACY-RULE-0226|LEGACY-RULE-0239|LEGACY-RULE-0260|LEGACY-RULE-0278,INACTIVE_PENDING_DOMAIN_APPROVAL,PENDING_DOMAIN_APPROVAL,false
REX-000078,SRV2-NEW-0078,EXCLUDE,YES,LEGACY-RULE-0008|LEGACY-RULE-0115|LEGACY-RULE-0154|LEGACY-RULE-0191|LEGACY-RULE-0208,INACTIVE_PENDING_DOMAIN_APPROVAL,PENDING_DOMAIN_APPROVAL,false
REX-000079,SRV2-NEW-0071,CAUTION,NO,LEGACY-RULE-0009|LEGACY-RULE-0013|LEGACY-RULE-0018|LEGACY-RULE-0021|LEGACY-RULE-0053|LEGACY-RULE-0058,INACTIVE_PENDING_DOMAIN_APPROVAL,PENDING_DOMAIN_APPROVAL,false
REX-000079,SRV2-NEW-0073,EXCLUDE,YES,LEGACY-RULE-0010|LEGACY-RULE-0014|LEGACY-RULE-0019|LEGACY-RULE-0022|LEGACY-RULE-0054|LEGACY-RULE-0059,INACTIVE_PENDING_DOMAIN_APPROVAL,PENDING_DOMAIN_APPROVAL,false
REX-000079,SRV2-NEW-0074,CAUTION,NO,LEGACY-RULE-0040|LEGACY-RULE-0049|LEGACY-RULE-0051|LEGACY-RULE-0083|LEGACY-RULE-0123|LEGACY-RULE-0166|LEGACY-RULE-0206|LEGACY-RULE-0225|LEGACY-RULE-0238|LEGACY-RULE-0259|LEGACY-RULE-0277,INACTIVE_PENDING_DOMAIN_APPROVAL,PENDING_DOMAIN_APPROVAL,false
REX-000079,SRV2-NEW-0076,EXCLUDE,YES,LEGACY-RULE-0041|LEGACY-RULE-0050|LEGACY-RULE-0052|LEGACY-RULE-0084|LEGACY-RULE-0124|LEGACY-RULE-0167|LEGACY-RULE-0207|LEGACY-RULE-0226|LEGACY-RULE-0239|LEGACY-RULE-0260|LEGACY-RULE-0278,INACTIVE_PENDING_DOMAIN_APPROVAL,PENDING_DOMAIN_APPROVAL,false
REX-000079,SRV2-NEW-0078,EXCLUDE,YES,LEGACY-RULE-0008|LEGACY-RULE-0115|LEGACY-RULE-0154|LEGACY-RULE-0191|LEGACY-RULE-0208,INACTIVE_PENDING_DOMAIN_APPROVAL,PENDING_DOMAIN_APPROVAL,false
REX-000080,SRV2-NEW-0093,EXCLUDE,YES,LEGACY-RULE-0003|LEGACY-RULE-0149|LEGACY-RULE-0215,INACTIVE_PENDING_DOMAIN_APPROVAL,PENDING_DOMAIN_APPROVAL,false
REX-000080,SRV2-NEW-0098,CAUTION,NO,LEGACY-RULE-0069|LEGACY-RULE-0094|LEGACY-RULE-0116|LEGACY-RULE-0134|LEGACY-RULE-0150|LEGACY-RULE-0170|LEGACY-RULE-0177|LEGACY-RULE-0198|LEGACY-RULE-0216|LEGACY-RULE-0230|LEGACY-RULE-0252|LEGACY-RULE-0266|LEGACY-RULE-0275,INACTIVE_PENDING_DOMAIN_APPROVAL,PENDING_DOMAIN_APPROVAL,false
REX-000080,SRV2-NEW-0100,EXCLUDE,YES,LEGACY-RULE-0070|LEGACY-RULE-0095|LEGACY-RULE-0117|LEGACY-RULE-0135|LEGACY-RULE-0151|LEGACY-RULE-0171|LEGACY-RULE-0178|LEGACY-RULE-0199|LEGACY-RULE-0217|LEGACY-RULE-0231|LEGACY-RULE-0253|LEGACY-RULE-0267|LEGACY-RULE-0276,INACTIVE_PENDING_DOMAIN_APPROVAL,PENDING_DOMAIN_APPROVAL,false
REX-000081,SRV2-NEW-0040,EXCLUDE,YES,LEGACY-RULE-0003|LEGACY-RULE-0149|LEGACY-RULE-0215,INACTIVE_PENDING_DOMAIN_APPROVAL,PENDING_DOMAIN_APPROVAL,false
REX-000081,SRV2-NEW-0051,CAUTION,NO,LEGACY-RULE-0069|LEGACY-RULE-0094|LEGACY-RULE-0116|LEGACY-RULE-0134|LEGACY-RULE-0150|LEGACY-RULE-0170|LEGACY-RULE-0177|LEGACY-RULE-0198|LEGACY-RULE-0216|LEGACY-RULE-0230|LEGACY-RULE-0252|LEGACY-RULE-0266|LEGACY-RULE-0275,INACTIVE_PENDING_DOMAIN_APPROVAL,PENDING_DOMAIN_APPROVAL,false
REX-000081,SRV2-NEW-0053,EXCLUDE,YES,LEGACY-RULE-0070|LEGACY-RULE-0095|LEGACY-RULE-0117|LEGACY-RULE-0135|LEGACY-RULE-0151|LEGACY-RULE-0171|LEGACY-RULE-0178|LEGACY-RULE-0199|LEGACY-RULE-0217|LEGACY-RULE-0231|LEGACY-RULE-0253|LEGACY-RULE-0267|LEGACY-RULE-0276,INACTIVE_PENDING_DOMAIN_APPROVAL,PENDING_DOMAIN_APPROVAL,false
REX-000082,SRV2-NEW-0049,EXCLUDE,YES,LEGACY-RULE-0004|LEGACY-RULE-0006|LEGACY-RULE-0029|LEGACY-RULE-0075|LEGACY-RULE-0108|LEGACY-RULE-0144|LEGACY-RULE-0261,INACTIVE_PENDING_DOMAIN_APPROVAL,PENDING_DOMAIN_APPROVAL,false
REX-000082,SRV2-NEW-0051,CAUTION,NO,LEGACY-RULE-0069|LEGACY-RULE-0094|LEGACY-RULE-0116|LEGACY-RULE-0134|LEGACY-RULE-0150|LEGACY-RULE-0170|LEGACY-RULE-0177|LEGACY-RULE-0198|LEGACY-RULE-0216|LEGACY-RULE-0230|LEGACY-RULE-0252|LEGACY-RULE-0266|LEGACY-RULE-0275,INACTIVE_PENDING_DOMAIN_APPROVAL,PENDING_DOMAIN_APPROVAL,false
REX-000082,SRV2-NEW-0053,EXCLUDE,YES,LEGACY-RULE-0070|LEGACY-RULE-0095|LEGACY-RULE-0117|LEGACY-RULE-0135|LEGACY-RULE-0151|LEGACY-RULE-0171|LEGACY-RULE-0178|LEGACY-RULE-0199|LEGACY-RULE-0217|LEGACY-RULE-0231|LEGACY-RULE-0253|LEGACY-RULE-0267|LEGACY-RULE-0276,INACTIVE_PENDING_DOMAIN_APPROVAL,PENDING_DOMAIN_APPROVAL,false
REX-000083,SRV2-NEW-0022,CAUTION,NO,LEGACY-RULE-0027|LEGACY-RULE-0055|LEGACY-RULE-0140|LEGACY-RULE-0187|LEGACY-RULE-0195|LEGACY-RULE-0204|LEGACY-RULE-0227|LEGACY-RULE-0236|LEGACY-RULE-0240|LEGACY-RULE-0254,INACTIVE_PENDING_DOMAIN_APPROVAL,PENDING_DOMAIN_APPROVAL,false
REX-000083,SRV2-NEW-0024,EXCLUDE,YES,LEGACY-RULE-0028|LEGACY-RULE-0056|LEGACY-RULE-0141|LEGACY-RULE-0188|LEGACY-RULE-0196|LEGACY-RULE-0205|LEGACY-RULE-0228|LEGACY-RULE-0237|LEGACY-RULE-0241|LEGACY-RULE-0255,INACTIVE_PENDING_DOMAIN_APPROVAL,PENDING_DOMAIN_APPROVAL,false
REX-000083,SRV2-NEW-0026,EXCLUDE,YES,LEGACY-RULE-0005|LEGACY-RULE-0015|LEGACY-RULE-0016,INACTIVE_PENDING_DOMAIN_APPROVAL,PENDING_DOMAIN_APPROVAL,false
REX-000084,SRV2-NEW-0037,CAUTION,NO,LEGACY-RULE-0106|LEGACY-RULE-0118|LEGACY-RULE-0131|LEGACY-RULE-0162|LEGACY-RULE-0213,INACTIVE_PENDING_DOMAIN_APPROVAL,PENDING_DOMAIN_APPROVAL,false
REX-000084,SRV2-NEW-0038,EXCLUDE,YES,LEGACY-RULE-0107|LEGACY-RULE-0119|LEGACY-RULE-0132|LEGACY-RULE-0163|LEGACY-RULE-0214,INACTIVE_PENDING_DOMAIN_APPROVAL,PENDING_DOMAIN_APPROVAL,false
REX-000084,SRV2-NEW-0055,EXCLUDE,YES,LEGACY-RULE-0002|LEGACY-RULE-0030|LEGACY-RULE-0068|LEGACY-RULE-0093|LEGACY-RULE-0133|LEGACY-RULE-0176|LEGACY-RULE-0192|LEGACY-RULE-0197|LEGACY-RULE-0224|LEGACY-RULE-0229|LEGACY-RULE-0274,INACTIVE_PENDING_DOMAIN_APPROVAL,PENDING_DOMAIN_APPROVAL,false
REX-000084,SRV2-NEW-0061,CAUTION,NO,LEGACY-RULE-0033|LEGACY-RULE-0071|LEGACY-RULE-0080|LEGACY-RULE-0087|LEGACY-RULE-0096|LEGACY-RULE-0102|LEGACY-RULE-0136|LEGACY-RULE-0152|LEGACY-RULE-0174|LEGACY-RULE-0179|LEGACY-RULE-0200|LEGACY-RULE-0221|LEGACY-RULE-0232|LEGACY-RULE-0246,INACTIVE_PENDING_DOMAIN_APPROVAL,PENDING_DOMAIN_APPROVAL,false
REX-000084,SRV2-NEW-0063,EXCLUDE,YES,LEGACY-RULE-0034|LEGACY-RULE-0072|LEGACY-RULE-0081|LEGACY-RULE-0088|LEGACY-RULE-0097|LEGACY-RULE-0103|LEGACY-RULE-0137|LEGACY-RULE-0153|LEGACY-RULE-0175|LEGACY-RULE-0180|LEGACY-RULE-0201|LEGACY-RULE-0222|LEGACY-RULE-0233|LEGACY-RULE-0247,INACTIVE_PENDING_DOMAIN_APPROVAL,PENDING_DOMAIN_APPROVAL,false
REX-000085,SRV2-NEW-0049,EXCLUDE,YES,LEGACY-RULE-0004|LEGACY-RULE-0006|LEGACY-RULE-0029|LEGACY-RULE-0075|LEGACY-RULE-0108|LEGACY-RULE-0144|LEGACY-RULE-0261,INACTIVE_PENDING_DOMAIN_APPROVAL,PENDING_DOMAIN_APPROVAL,false
REX-000085,SRV2-NEW-0051,CAUTION,NO,LEGACY-RULE-0069|LEGACY-RULE-0094|LEGACY-RULE-0116|LEGACY-RULE-0134|LEGACY-RULE-0150|LEGACY-RULE-0170|LEGACY-RULE-0177|LEGACY-RULE-0198|LEGACY-RULE-0216|LEGACY-RULE-0230|LEGACY-RULE-0252|LEGACY-RULE-0266|LEGACY-RULE-0275,INACTIVE_PENDING_DOMAIN_APPROVAL,PENDING_DOMAIN_APPROVAL,false
REX-000085,SRV2-NEW-0053,EXCLUDE,YES,LEGACY-RULE-0070|LEGACY-RULE-0095|LEGACY-RULE-0117|LEGACY-RULE-0135|LEGACY-RULE-0151|LEGACY-RULE-0171|LEGACY-RULE-0178|LEGACY-RULE-0199|LEGACY-RULE-0217|LEGACY-RULE-0231|LEGACY-RULE-0253|LEGACY-RULE-0267|LEGACY-RULE-0276,INACTIVE_PENDING_DOMAIN_APPROVAL,PENDING_DOMAIN_APPROVAL,false
REX-000086,SRV2-NEW-0086,CAUTION,NO,LEGACY-RULE-0009|LEGACY-RULE-0013|LEGACY-RULE-0018|LEGACY-RULE-0021|LEGACY-RULE-0053|LEGACY-RULE-0058,INACTIVE_PENDING_DOMAIN_APPROVAL,PENDING_DOMAIN_APPROVAL,false
REX-000086,SRV2-NEW-0088,EXCLUDE,YES,LEGACY-RULE-0010|LEGACY-RULE-0014|LEGACY-RULE-0019|LEGACY-RULE-0022|LEGACY-RULE-0054|LEGACY-RULE-0059,INACTIVE_PENDING_DOMAIN_APPROVAL,PENDING_DOMAIN_APPROVAL,false
REX-000086,SRV2-NEW-0090,EXCLUDE,YES,LEGACY-RULE-0007|LEGACY-RULE-0012|LEGACY-RULE-0017|LEGACY-RULE-0020|LEGACY-RULE-0057|LEGACY-RULE-0218|LEGACY-RULE-0245,INACTIVE_PENDING_DOMAIN_APPROVAL,PENDING_DOMAIN_APPROVAL,false
REX-000087,SRV2-NEW-0049,EXCLUDE,YES,LEGACY-RULE-0004|LEGACY-RULE-0006|LEGACY-RULE-0029|LEGACY-RULE-0075|LEGACY-RULE-0108|LEGACY-RULE-0144|LEGACY-RULE-0261,INACTIVE_PENDING_DOMAIN_APPROVAL,PENDING_DOMAIN_APPROVAL,false
REX-000087,SRV2-NEW-0052,EXCLUDE,YES,LEGACY-RULE-0005|LEGACY-RULE-0015|LEGACY-RULE-0016,INACTIVE_PENDING_DOMAIN_APPROVAL,PENDING_DOMAIN_APPROVAL,false
REX-000088,SRV2-NEW-0048,CAUTION,NO,LEGACY-RULE-0027|LEGACY-RULE-0055|LEGACY-RULE-0140|LEGACY-RULE-0187|LEGACY-RULE-0195|LEGACY-RULE-0204|LEGACY-RULE-0227|LEGACY-RULE-0236|LEGACY-RULE-0240|LEGACY-RULE-0254,INACTIVE_PENDING_DOMAIN_APPROVAL,PENDING_DOMAIN_APPROVAL,false
REX-000088,SRV2-NEW-0050,EXCLUDE,YES,LEGACY-RULE-0028|LEGACY-RULE-0056|LEGACY-RULE-0141|LEGACY-RULE-0188|LEGACY-RULE-0196|LEGACY-RULE-0205|LEGACY-RULE-0228|LEGACY-RULE-0237|LEGACY-RULE-0241|LEGACY-RULE-0255,INACTIVE_PENDING_DOMAIN_APPROVAL,PENDING_DOMAIN_APPROVAL,false
REX-000088,SRV2-NEW-0052,EXCLUDE,YES,LEGACY-RULE-0005|LEGACY-RULE-0015|LEGACY-RULE-0016,INACTIVE_PENDING_DOMAIN_APPROVAL,PENDING_DOMAIN_APPROVAL,false
REX-000089,SRV2-NEW-0045,CAUTION,NO,LEGACY-RULE-0009|LEGACY-RULE-0013|LEGACY-RULE-0018|LEGACY-RULE-0021|LEGACY-RULE-0053|LEGACY-RULE-0058,INACTIVE_PENDING_DOMAIN_APPROVAL,PENDING_DOMAIN_APPROVAL,false
REX-000089,SRV2-NEW-0047,EXCLUDE,YES,LEGACY-RULE-0010|LEGACY-RULE-0014|LEGACY-RULE-0019|LEGACY-RULE-0022|LEGACY-RULE-0054|LEGACY-RULE-0059,INACTIVE_PENDING_DOMAIN_APPROVAL,PENDING_DOMAIN_APPROVAL,false
REX-000089,SRV2-NEW-0065,EXCLUDE,YES,LEGACY-RULE-0159,INACTIVE_PENDING_DOMAIN_APPROVAL,PENDING_DOMAIN_APPROVAL,false
REX-000090,SRV2-NEW-0010,EXCLUDE,YES,LEGACY-RULE-0001|LEGACY-RULE-0223,INACTIVE_PENDING_DOMAIN_APPROVAL,PENDING_DOMAIN_APPROVAL,false
REX-000090,SRV2-NEW-0013,CAUTION,NO,LEGACY-RULE-0027|LEGACY-RULE-0055|LEGACY-RULE-0140|LEGACY-RULE-0187|LEGACY-RULE-0195|LEGACY-RULE-0204|LEGACY-RULE-0227|LEGACY-RULE-0236|LEGACY-RULE-0240|LEGACY-RULE-0254,INACTIVE_PENDING_DOMAIN_APPROVAL,PENDING_DOMAIN_APPROVAL,false
REX-000090,SRV2-NEW-0015,EXCLUDE,YES,LEGACY-RULE-0028|LEGACY-RULE-0056|LEGACY-RULE-0141|LEGACY-RULE-0188|LEGACY-RULE-0196|LEGACY-RULE-0205|LEGACY-RULE-0228|LEGACY-RULE-0237|LEGACY-RULE-0241|LEGACY-RULE-0255,INACTIVE_PENDING_DOMAIN_APPROVAL,PENDING_DOMAIN_APPROVAL,false
REX-000090,SRV2-NEW-0018,CAUTION,NO,LEGACY-RULE-0037|LEGACY-RULE-0044|LEGACY-RULE-0066|LEGACY-RULE-0076|LEGACY-RULE-0091|LEGACY-RULE-0111|LEGACY-RULE-0142|LEGACY-RULE-0145|LEGACY-RULE-0155|LEGACY-RULE-0157|LEGACY-RULE-0160|LEGACY-RULE-0164|LEGACY-RULE-0185|LEGACY-RULE-0250|LEGACY-RULE-0264|LEGACY-RULE-0270|LEGACY-RULE-0272,INACTIVE_PENDING_DOMAIN_APPROVAL,PENDING_DOMAIN_APPROVAL,false
REX-000090,SRV2-NEW-0019,EXCLUDE,YES,LEGACY-RULE-0038|LEGACY-RULE-0045|LEGACY-RULE-0067|LEGACY-RULE-0077|LEGACY-RULE-0092|LEGACY-RULE-0112|LEGACY-RULE-0143|LEGACY-RULE-0146|LEGACY-RULE-0156|LEGACY-RULE-0158|LEGACY-RULE-0161|LEGACY-RULE-0165|LEGACY-RULE-0186|LEGACY-RULE-0251|LEGACY-RULE-0265|LEGACY-RULE-0271|LEGACY-RULE-0273,INACTIVE_PENDING_DOMAIN_APPROVAL,PENDING_DOMAIN_APPROVAL,false
REX-000090,SRV2-NEW-0020,CAUTION,NO,LEGACY-RULE-0040|LEGACY-RULE-0049|LEGACY-RULE-0051|LEGACY-RULE-0083|LEGACY-RULE-0123|LEGACY-RULE-0166|LEGACY-RULE-0206|LEGACY-RULE-0225|LEGACY-RULE-0238|LEGACY-RULE-0259|LEGACY-RULE-0277,INACTIVE_PENDING_DOMAIN_APPROVAL,PENDING_DOMAIN_APPROVAL,false
REX-000090,SRV2-NEW-0021,EXCLUDE,YES,LEGACY-RULE-0041|LEGACY-RULE-0050|LEGACY-RULE-0052|LEGACY-RULE-0084|LEGACY-RULE-0124|LEGACY-RULE-0167|LEGACY-RULE-0207|LEGACY-RULE-0226|LEGACY-RULE-0239|LEGACY-RULE-0260|LEGACY-RULE-0278,INACTIVE_PENDING_DOMAIN_APPROVAL,PENDING_DOMAIN_APPROVAL,false
REX-000091,SRV2-NEW-0037,CAUTION,NO,LEGACY-RULE-0106|LEGACY-RULE-0118|LEGACY-RULE-0131|LEGACY-RULE-0162|LEGACY-RULE-0213,INACTIVE_PENDING_DOMAIN_APPROVAL,PENDING_DOMAIN_APPROVAL,false
REX-000091,SRV2-NEW-0038,EXCLUDE,YES,LEGACY-RULE-0107|LEGACY-RULE-0119|LEGACY-RULE-0132|LEGACY-RULE-0163|LEGACY-RULE-0214,INACTIVE_PENDING_DOMAIN_APPROVAL,PENDING_DOMAIN_APPROVAL,false
REX-000091,SRV2-NEW-0055,EXCLUDE,YES,LEGACY-RULE-0002|LEGACY-RULE-0030|LEGACY-RULE-0068|LEGACY-RULE-0093|LEGACY-RULE-0133|LEGACY-RULE-0176|LEGACY-RULE-0192|LEGACY-RULE-0197|LEGACY-RULE-0224|LEGACY-RULE-0229|LEGACY-RULE-0274,INACTIVE_PENDING_DOMAIN_APPROVAL,PENDING_DOMAIN_APPROVAL,false
REX-000091,SRV2-NEW-0062,EXCLUDE,YES,LEGACY-RULE-0008|LEGACY-RULE-0115|LEGACY-RULE-0154|LEGACY-RULE-0191|LEGACY-RULE-0208,INACTIVE_PENDING_DOMAIN_APPROVAL,PENDING_DOMAIN_APPROVAL,false
REX-000092,SRV2-NEW-0037,CAUTION,NO,LEGACY-RULE-0106|LEGACY-RULE-0118|LEGACY-RULE-0131|LEGACY-RULE-0162|LEGACY-RULE-0213,INACTIVE_PENDING_DOMAIN_APPROVAL,PENDING_DOMAIN_APPROVAL,false
REX-000092,SRV2-NEW-0038,EXCLUDE,YES,LEGACY-RULE-0107|LEGACY-RULE-0119|LEGACY-RULE-0132|LEGACY-RULE-0163|LEGACY-RULE-0214,INACTIVE_PENDING_DOMAIN_APPROVAL,PENDING_DOMAIN_APPROVAL,false
REX-000092,SRV2-NEW-0055,EXCLUDE,YES,LEGACY-RULE-0002|LEGACY-RULE-0030|LEGACY-RULE-0068|LEGACY-RULE-0093|LEGACY-RULE-0133|LEGACY-RULE-0176|LEGACY-RULE-0192|LEGACY-RULE-0197|LEGACY-RULE-0224|LEGACY-RULE-0229|LEGACY-RULE-0274,INACTIVE_PENDING_DOMAIN_APPROVAL,PENDING_DOMAIN_APPROVAL,false
REX-000092,SRV2-NEW-0062,EXCLUDE,YES,LEGACY-RULE-0008|LEGACY-RULE-0115|LEGACY-RULE-0154|LEGACY-RULE-0191|LEGACY-RULE-0208,INACTIVE_PENDING_DOMAIN_APPROVAL,PENDING_DOMAIN_APPROVAL,false
REX-000093,SRV2-NEW-0092,CAUTION,NO,LEGACY-RULE-0025|LEGACY-RULE-0031|LEGACY-RULE-0078|LEGACY-RULE-0109|LEGACY-RULE-0147|LEGACY-RULE-0189|LEGACY-RULE-0262|LEGACY-RULE-0268|LEGACY-RULE-0281,INACTIVE_PENDING_DOMAIN_APPROVAL,PENDING_DOMAIN_APPROVAL,false
REX-000093,SRV2-NEW-0094,EXCLUDE,YES,LEGACY-RULE-0026|LEGACY-RULE-0032|LEGACY-RULE-0079|LEGACY-RULE-0110|LEGACY-RULE-0148|LEGACY-RULE-0190|LEGACY-RULE-0263|LEGACY-RULE-0269|LEGACY-RULE-0282,INACTIVE_PENDING_DOMAIN_APPROVAL,PENDING_DOMAIN_APPROVAL,false
REX-000093,SRV2-NEW-0096,EXCLUDE,YES,LEGACY-RULE-0004|LEGACY-RULE-0006|LEGACY-RULE-0029|LEGACY-RULE-0075|LEGACY-RULE-0108|LEGACY-RULE-0144|LEGACY-RULE-0261,INACTIVE_PENDING_DOMAIN_APPROVAL,PENDING_DOMAIN_APPROVAL,false
REX-000093,SRV2-NEW-0099,EXCLUDE,YES,LEGACY-RULE-0005|LEGACY-RULE-0015|LEGACY-RULE-0016,INACTIVE_PENDING_DOMAIN_APPROVAL,PENDING_DOMAIN_APPROVAL,false
REX-000093,SRV2-NEW-0101,CAUTION,NO,LEGACY-RULE-0037|LEGACY-RULE-0044|LEGACY-RULE-0066|LEGACY-RULE-0076|LEGACY-RULE-0091|LEGACY-RULE-0111|LEGACY-RULE-0142|LEGACY-RULE-0145|LEGACY-RULE-0155|LEGACY-RULE-0157|LEGACY-RULE-0160|LEGACY-RULE-0164|LEGACY-RULE-0185|LEGACY-RULE-0250|LEGACY-RULE-0264|LEGACY-RULE-0270|LEGACY-RULE-0272,INACTIVE_PENDING_DOMAIN_APPROVAL,PENDING_DOMAIN_APPROVAL,false
REX-000093,SRV2-NEW-0102,EXCLUDE,YES,LEGACY-RULE-0038|LEGACY-RULE-0045|LEGACY-RULE-0067|LEGACY-RULE-0077|LEGACY-RULE-0092|LEGACY-RULE-0112|LEGACY-RULE-0143|LEGACY-RULE-0146|LEGACY-RULE-0156|LEGACY-RULE-0158|LEGACY-RULE-0161|LEGACY-RULE-0165|LEGACY-RULE-0186|LEGACY-RULE-0251|LEGACY-RULE-0265|LEGACY-RULE-0271|LEGACY-RULE-0273,INACTIVE_PENDING_DOMAIN_APPROVAL,PENDING_DOMAIN_APPROVAL,false
REX-000094,SRV2-NEW-0040,EXCLUDE,YES,LEGACY-RULE-0003|LEGACY-RULE-0149|LEGACY-RULE-0215,INACTIVE_PENDING_DOMAIN_APPROVAL,PENDING_DOMAIN_APPROVAL,false
REX-000094,SRV2-NEW-0048,CAUTION,NO,LEGACY-RULE-0027|LEGACY-RULE-0055|LEGACY-RULE-0140|LEGACY-RULE-0187|LEGACY-RULE-0195|LEGACY-RULE-0204|LEGACY-RULE-0227|LEGACY-RULE-0236|LEGACY-RULE-0240|LEGACY-RULE-0254,INACTIVE_PENDING_DOMAIN_APPROVAL,PENDING_DOMAIN_APPROVAL,false
REX-000094,SRV2-NEW-0050,EXCLUDE,YES,LEGACY-RULE-0028|LEGACY-RULE-0056|LEGACY-RULE-0141|LEGACY-RULE-0188|LEGACY-RULE-0196|LEGACY-RULE-0205|LEGACY-RULE-0228|LEGACY-RULE-0237|LEGACY-RULE-0241|LEGACY-RULE-0255,INACTIVE_PENDING_DOMAIN_APPROVAL,PENDING_DOMAIN_APPROVAL,false
REX-000094,SRV2-NEW-0052,EXCLUDE,YES,LEGACY-RULE-0005|LEGACY-RULE-0015|LEGACY-RULE-0016,INACTIVE_PENDING_DOMAIN_APPROVAL,PENDING_DOMAIN_APPROVAL,false
REX-000095,SRV2-NEW-0037,CAUTION,NO,LEGACY-RULE-0106|LEGACY-RULE-0118|LEGACY-RULE-0131|LEGACY-RULE-0162|LEGACY-RULE-0213,INACTIVE_PENDING_DOMAIN_APPROVAL,PENDING_DOMAIN_APPROVAL,false
REX-000095,SRV2-NEW-0038,EXCLUDE,YES,LEGACY-RULE-0107|LEGACY-RULE-0119|LEGACY-RULE-0132|LEGACY-RULE-0163|LEGACY-RULE-0214,INACTIVE_PENDING_DOMAIN_APPROVAL,PENDING_DOMAIN_APPROVAL,false
REX-000095,SRV2-NEW-0054,CAUTION,NO,LEGACY-RULE-0037|LEGACY-RULE-0044|LEGACY-RULE-0066|LEGACY-RULE-0076|LEGACY-RULE-0091|LEGACY-RULE-0111|LEGACY-RULE-0142|LEGACY-RULE-0145|LEGACY-RULE-0155|LEGACY-RULE-0157|LEGACY-RULE-0160|LEGACY-RULE-0164|LEGACY-RULE-0185|LEGACY-RULE-0250|LEGACY-RULE-0264|LEGACY-RULE-0270|LEGACY-RULE-0272,INACTIVE_PENDING_DOMAIN_APPROVAL,PENDING_DOMAIN_APPROVAL,false
REX-000095,SRV2-NEW-0056,EXCLUDE,YES,LEGACY-RULE-0038|LEGACY-RULE-0045|LEGACY-RULE-0067|LEGACY-RULE-0077|LEGACY-RULE-0092|LEGACY-RULE-0112|LEGACY-RULE-0143|LEGACY-RULE-0146|LEGACY-RULE-0156|LEGACY-RULE-0158|LEGACY-RULE-0161|LEGACY-RULE-0165|LEGACY-RULE-0186|LEGACY-RULE-0251|LEGACY-RULE-0265|LEGACY-RULE-0271|LEGACY-RULE-0273,INACTIVE_PENDING_DOMAIN_APPROVAL,PENDING_DOMAIN_APPROVAL,false
REX-000095,SRV2-NEW-0062,EXCLUDE,YES,LEGACY-RULE-0008|LEGACY-RULE-0115|LEGACY-RULE-0154|LEGACY-RULE-0191|LEGACY-RULE-0208,INACTIVE_PENDING_DOMAIN_APPROVAL,PENDING_DOMAIN_APPROVAL,false
REX-000096,SRV2-NEW-0046,EXCLUDE,YES,LEGACY-RULE-0039|LEGACY-RULE-0046|LEGACY-RULE-0082|LEGACY-RULE-0120|LEGACY-RULE-0256,INACTIVE_PENDING_DOMAIN_APPROVAL,PENDING_DOMAIN_APPROVAL,false
REX-000096,SRV2-NEW-0058,CAUTION,NO,LEGACY-RULE-0040|LEGACY-RULE-0049|LEGACY-RULE-0051|LEGACY-RULE-0083|LEGACY-RULE-0123|LEGACY-RULE-0166|LEGACY-RULE-0206|LEGACY-RULE-0225|LEGACY-RULE-0238|LEGACY-RULE-0259|LEGACY-RULE-0277,INACTIVE_PENDING_DOMAIN_APPROVAL,PENDING_DOMAIN_APPROVAL,false
REX-000096,SRV2-NEW-0060,EXCLUDE,YES,LEGACY-RULE-0041|LEGACY-RULE-0050|LEGACY-RULE-0052|LEGACY-RULE-0084|LEGACY-RULE-0124|LEGACY-RULE-0167|LEGACY-RULE-0207|LEGACY-RULE-0226|LEGACY-RULE-0239|LEGACY-RULE-0260|LEGACY-RULE-0278,INACTIVE_PENDING_DOMAIN_APPROVAL,PENDING_DOMAIN_APPROVAL,false
REX-000096,SRV2-NEW-0064,CAUTION,NO,LEGACY-RULE-0035|LEGACY-RULE-0042|LEGACY-RULE-0047|LEGACY-RULE-0060|LEGACY-RULE-0064|LEGACY-RULE-0073|LEGACY-RULE-0085|LEGACY-RULE-0089|LEGACY-RULE-0098|LEGACY-RULE-0100|LEGACY-RULE-0104|LEGACY-RULE-0113|LEGACY-RULE-0121|LEGACY-RULE-0127|LEGACY-RULE-0129|LEGACY-RULE-0138|LEGACY-RULE-0168|LEGACY-RULE-0172|LEGACY-RULE-0181|LEGACY-RULE-0183|LEGACY-RULE-0202|LEGACY-RULE-0209|LEGACY-RULE-0211|LEGACY-RULE-0234|LEGACY-RULE-0257|LEGACY-RULE-0279,INACTIVE_PENDING_DOMAIN_APPROVAL,PENDING_DOMAIN_APPROVAL,false
REX-000096,SRV2-NEW-0066,EXCLUDE,YES,LEGACY-RULE-0036|LEGACY-RULE-0043|LEGACY-RULE-0048|LEGACY-RULE-0061|LEGACY-RULE-0065|LEGACY-RULE-0074|LEGACY-RULE-0086|LEGACY-RULE-0090|LEGACY-RULE-0099|LEGACY-RULE-0101|LEGACY-RULE-0105|LEGACY-RULE-0114|LEGACY-RULE-0122|LEGACY-RULE-0128|LEGACY-RULE-0130|LEGACY-RULE-0139|LEGACY-RULE-0169|LEGACY-RULE-0173|LEGACY-RULE-0182|LEGACY-RULE-0184|LEGACY-RULE-0203|LEGACY-RULE-0210|LEGACY-RULE-0212|LEGACY-RULE-0235|LEGACY-RULE-0258|LEGACY-RULE-0280,INACTIVE_PENDING_DOMAIN_APPROVAL,PENDING_DOMAIN_APPROVAL,false
REX-000097,SRV2-NEW-0071,CAUTION,NO,LEGACY-RULE-0009|LEGACY-RULE-0013|LEGACY-RULE-0018|LEGACY-RULE-0021|LEGACY-RULE-0053|LEGACY-RULE-0058,INACTIVE_PENDING_DOMAIN_APPROVAL,PENDING_DOMAIN_APPROVAL,false
REX-000097,SRV2-NEW-0073,EXCLUDE,YES,LEGACY-RULE-0010|LEGACY-RULE-0014|LEGACY-RULE-0019|LEGACY-RULE-0022|LEGACY-RULE-0054|LEGACY-RULE-0059,INACTIVE_PENDING_DOMAIN_APPROVAL,PENDING_DOMAIN_APPROVAL,false
REX-000097,SRV2-NEW-0074,CAUTION,NO,LEGACY-RULE-0040|LEGACY-RULE-0049|LEGACY-RULE-0051|LEGACY-RULE-0083|LEGACY-RULE-0123|LEGACY-RULE-0166|LEGACY-RULE-0206|LEGACY-RULE-0225|LEGACY-RULE-0238|LEGACY-RULE-0259|LEGACY-RULE-0277,INACTIVE_PENDING_DOMAIN_APPROVAL,PENDING_DOMAIN_APPROVAL,false
REX-000097,SRV2-NEW-0076,EXCLUDE,YES,LEGACY-RULE-0041|LEGACY-RULE-0050|LEGACY-RULE-0052|LEGACY-RULE-0084|LEGACY-RULE-0124|LEGACY-RULE-0167|LEGACY-RULE-0207|LEGACY-RULE-0226|LEGACY-RULE-0239|LEGACY-RULE-0260|LEGACY-RULE-0278,INACTIVE_PENDING_DOMAIN_APPROVAL,PENDING_DOMAIN_APPROVAL,false
REX-000097,SRV2-NEW-0078,EXCLUDE,YES,LEGACY-RULE-0008|LEGACY-RULE-0115|LEGACY-RULE-0154|LEGACY-RULE-0191|LEGACY-RULE-0208,INACTIVE_PENDING_DOMAIN_APPROVAL,PENDING_DOMAIN_APPROVAL,false
REX-000098,SRV2-NEW-0042,CAUTION,NO,LEGACY-RULE-0125,INACTIVE_PENDING_DOMAIN_APPROVAL,PENDING_DOMAIN_APPROVAL,false
REX-000098,SRV2-NEW-0044,EXCLUDE,YES,LEGACY-RULE-0126,INACTIVE_PENDING_DOMAIN_APPROVAL,PENDING_DOMAIN_APPROVAL,false
REX-000098,SRV2-NEW-0058,CAUTION,NO,LEGACY-RULE-0040|LEGACY-RULE-0049|LEGACY-RULE-0051|LEGACY-RULE-0083|LEGACY-RULE-0123|LEGACY-RULE-0166|LEGACY-RULE-0206|LEGACY-RULE-0225|LEGACY-RULE-0238|LEGACY-RULE-0259|LEGACY-RULE-0277,INACTIVE_PENDING_DOMAIN_APPROVAL,PENDING_DOMAIN_APPROVAL,false
REX-000098,SRV2-NEW-0060,EXCLUDE,YES,LEGACY-RULE-0041|LEGACY-RULE-0050|LEGACY-RULE-0052|LEGACY-RULE-0084|LEGACY-RULE-0124|LEGACY-RULE-0167|LEGACY-RULE-0207|LEGACY-RULE-0226|LEGACY-RULE-0239|LEGACY-RULE-0260|LEGACY-RULE-0278,INACTIVE_PENDING_DOMAIN_APPROVAL,PENDING_DOMAIN_APPROVAL,false
REX-000098,SRV2-NEW-0062,EXCLUDE,YES,LEGACY-RULE-0008|LEGACY-RULE-0115|LEGACY-RULE-0154|LEGACY-RULE-0191|LEGACY-RULE-0208,INACTIVE_PENDING_DOMAIN_APPROVAL,PENDING_DOMAIN_APPROVAL,false
REX-000099,SRV2-NEW-0040,EXCLUDE,YES,LEGACY-RULE-0003|LEGACY-RULE-0149|LEGACY-RULE-0215,INACTIVE_PENDING_DOMAIN_APPROVAL,PENDING_DOMAIN_APPROVAL,false
REX-000099,SRV2-NEW-0051,CAUTION,NO,LEGACY-RULE-0069|LEGACY-RULE-0094|LEGACY-RULE-0116|LEGACY-RULE-0134|LEGACY-RULE-0150|LEGACY-RULE-0170|LEGACY-RULE-0177|LEGACY-RULE-0198|LEGACY-RULE-0216|LEGACY-RULE-0230|LEGACY-RULE-0252|LEGACY-RULE-0266|LEGACY-RULE-0275,INACTIVE_PENDING_DOMAIN_APPROVAL,PENDING_DOMAIN_APPROVAL,false
REX-000099,SRV2-NEW-0053,EXCLUDE,YES,LEGACY-RULE-0070|LEGACY-RULE-0095|LEGACY-RULE-0117|LEGACY-RULE-0135|LEGACY-RULE-0151|LEGACY-RULE-0171|LEGACY-RULE-0178|LEGACY-RULE-0199|LEGACY-RULE-0217|LEGACY-RULE-0231|LEGACY-RULE-0253|LEGACY-RULE-0267|LEGACY-RULE-0276,INACTIVE_PENDING_DOMAIN_APPROVAL,PENDING_DOMAIN_APPROVAL,false
REX-000100,SRV2-NEW-0039,CAUTION,NO,LEGACY-RULE-0025|LEGACY-RULE-0031|LEGACY-RULE-0078|LEGACY-RULE-0109|LEGACY-RULE-0147|LEGACY-RULE-0189|LEGACY-RULE-0262|LEGACY-RULE-0268|LEGACY-RULE-0281,INACTIVE_PENDING_DOMAIN_APPROVAL,PENDING_DOMAIN_APPROVAL,false
REX-000100,SRV2-NEW-0041,EXCLUDE,YES,LEGACY-RULE-0026|LEGACY-RULE-0032|LEGACY-RULE-0079|LEGACY-RULE-0110|LEGACY-RULE-0148|LEGACY-RULE-0190|LEGACY-RULE-0263|LEGACY-RULE-0269|LEGACY-RULE-0282,INACTIVE_PENDING_DOMAIN_APPROVAL,PENDING_DOMAIN_APPROVAL,false
REX-000100,SRV2-NEW-0049,EXCLUDE,YES,LEGACY-RULE-0004|LEGACY-RULE-0006|LEGACY-RULE-0029|LEGACY-RULE-0075|LEGACY-RULE-0108|LEGACY-RULE-0144|LEGACY-RULE-0261,INACTIVE_PENDING_DOMAIN_APPROVAL,PENDING_DOMAIN_APPROVAL,false
REX-000100,SRV2-NEW-0052,EXCLUDE,YES,LEGACY-RULE-0005|LEGACY-RULE-0015|LEGACY-RULE-0016,INACTIVE_PENDING_DOMAIN_APPROVAL,PENDING_DOMAIN_APPROVAL,false
REX-000101,SRV2-NEW-0045,CAUTION,NO,LEGACY-RULE-0009|LEGACY-RULE-0013|LEGACY-RULE-0018|LEGACY-RULE-0021|LEGACY-RULE-0053|LEGACY-RULE-0058,INACTIVE_PENDING_DOMAIN_APPROVAL,PENDING_DOMAIN_APPROVAL,false
REX-000101,SRV2-NEW-0047,EXCLUDE,YES,LEGACY-RULE-0010|LEGACY-RULE-0014|LEGACY-RULE-0019|LEGACY-RULE-0022|LEGACY-RULE-0054|LEGACY-RULE-0059,INACTIVE_PENDING_DOMAIN_APPROVAL,PENDING_DOMAIN_APPROVAL,false
REX-000101,SRV2-NEW-0065,EXCLUDE,YES,LEGACY-RULE-0159,INACTIVE_PENDING_DOMAIN_APPROVAL,PENDING_DOMAIN_APPROVAL,false
REX-000102,SRV2-NEW-0071,CAUTION,NO,LEGACY-RULE-0009|LEGACY-RULE-0013|LEGACY-RULE-0018|LEGACY-RULE-0021|LEGACY-RULE-0053|LEGACY-RULE-0058,INACTIVE_PENDING_DOMAIN_APPROVAL,PENDING_DOMAIN_APPROVAL,false
REX-000102,SRV2-NEW-0073,EXCLUDE,YES,LEGACY-RULE-0010|LEGACY-RULE-0014|LEGACY-RULE-0019|LEGACY-RULE-0022|LEGACY-RULE-0054|LEGACY-RULE-0059,INACTIVE_PENDING_DOMAIN_APPROVAL,PENDING_DOMAIN_APPROVAL,false
REX-000102,SRV2-NEW-0081,EXCLUDE,YES,LEGACY-RULE-0159,INACTIVE_PENDING_DOMAIN_APPROVAL,PENDING_DOMAIN_APPROVAL,false
