exercise_id,exercise_name_ko,body_focus_code,primary_body_area_codes,secondary_body_area_codes,proposed_body_focus_code,proposed_difficulty_code,difficulty_code,timing_mode_code,default_sets,default_reps,default_work_seconds,default_rest_seconds,default_transition_seconds,intensity_level,name_ko_status,body_focus_status,body_area_status,difficulty_status,fitt_status,name_ko_basis,body_focus_basis,body_area_basis,difficulty_basis,fitt_basis,catalog_exposure_code,canonical_exercise_id,variant_relation_code,variant_basis,reviewer,reviewed_at,name_en,fitt_template_id,default_intensity,fitt_mapping_exception_code,fitt_mapping_note,suggested_movement_pattern,current_training_type
NEX-000001,바벨 데드리프트,GLUTES,"[""HIP""]","[""KNEE"",""LOWER_BACK""]",,INTERMEDIATE,INTERMEDIATE,REPS,3,8-12,,90,,MODERATE,REVIEW_REQUIRED,APPROVED,APPROVED,APPROVED,APPROVED,source title converted to Korean draft; Korean localization review required,DOMAIN_APPROVED_V2_TARGET_MUSCLE_REVIEW_2026_08_25,Codex-assisted review: primary records direct force-producing area(s); secondary records assisting or stabilizing area(s).,"Codex-assisted review: requires baseline form, load/posture control, or free-weight coordination.","작업 요청의 보수적 카탈로그 기본값. ACSM 2009 Position Stand의 초보자 8–12 RM 및 초보·중급 저항운동 1–2분 휴식 원칙, NSCA의 다관절 운동 우선 원칙을 반영; 개인별 부하·진행은 Agent가 결정.",PRIMARY,NEX-000001,NONE,No versioned source-pair decision recorded.,DOMAIN_EXPERT_REVIEW,2026-08-25T00:00:00+09:00,barbell deadlift,FITT-COMPOUND-HINGE-V1,MODERATE,NONE,다관절 저항운동 패턴 전용 복합 템플릿 적용.,HINGE,STRENGTH
NEX-000002,바벨 디클라인 벤트 암 풀오버,BACK,"[""UPPER_BACK""]","[""CHEST"",""ELBOW""]",,INTERMEDIATE,INTERMEDIATE,REPS,3,10-15,,60-90,,MODERATE,REVIEW_REQUIRED,APPROVED,APPROVED,APPROVED,APPROVED,source title converted to Korean draft; Korean localization review required,DOMAIN_APPROVED_V2_TARGET_MUSCLE_REVIEW_2026_08_25,Codex-assisted review: primary records direct force-producing area(s); secondary records assisting or stabilizing area(s).,"Codex-assisted review: requires baseline form, load/posture control, or free-weight coordination.","작업 요청의 보수적 카탈로그 기본값. ACSM 2009 Position Stand의 초보자 8–12 RM과 보조운동 1–2분 휴식 원칙을 참고해 반복 수를 10–15회, 휴식을 60–90초로 설정; 단일관절 여부와 개인별 부하는 Agent가 확인.",PRIMARY,NEX-000002,NONE,No versioned source-pair decision recorded.,DOMAIN_EXPERT_REVIEW,2026-08-25T00:00:00+09:00,barbell decline bent arm pullover,FITT-ISOLATION-STRENGTH-V1,MODERATE,NONE,단일관절 또는 고립 저항운동 특성으로 ISOLATION_STRENGTH 템플릿 적용.,PULL,STRENGTH
NEX-000003,바벨 디클라인 와이드그립 풀오버,BACK,"[""UPPER_BACK""]","[""CHEST"",""ELBOW""]",,INTERMEDIATE,INTERMEDIATE,REPS,3,10-15,,60-90,,MODERATE,REVIEW_REQUIRED,APPROVED,APPROVED,APPROVED,APPROVED,source title converted to Korean draft; Korean localization review required,DOMAIN_APPROVED_V2_TARGET_MUSCLE_REVIEW_2026_08_25,Codex-assisted review: primary records direct force-producing area(s); secondary records assisting or stabilizing area(s).,"Codex-assisted review: requires baseline form, load/posture control, or free-weight coordination.","작업 요청의 보수적 카탈로그 기본값. ACSM 2009 Position Stand의 초보자 8–12 RM과 보조운동 1–2분 휴식 원칙을 참고해 반복 수를 10–15회, 휴식을 60–90초로 설정; 단일관절 여부와 개인별 부하는 Agent가 확인.",PRIMARY,NEX-000003,NONE,No versioned source-pair decision recorded.,DOMAIN_EXPERT_REVIEW,2026-08-25T00:00:00+09:00,barbell decline wide-grip pullover,FITT-ISOLATION-STRENGTH-V1,MODERATE,NONE,단일관절 또는 고립 저항운동 특성으로 ISOLATION_STRENGTH 템플릿 적용.,PULL,STRENGTH
NEX-000004,바벨 프론트 레이즈,SHOULDERS,"[""SHOULDER""]","[""ELBOW""]",,BEGINNER,BEGINNER,REPS,3,10-15,,60-90,,MODERATE,REVIEW_REQUIRED,APPROVED,APPROVED,APPROVED,APPROVED,source title converted to Korean draft; Korean localization review required,DOMAIN_APPROVED_V2_TARGET_MUSCLE_REVIEW_2026_08_25,Codex-assisted review: primary records direct force-producing area(s); secondary records assisting or stabilizing area(s).,Codex-assisted review: basic movement in a stable setup with low technical demand for entry-level learners.,"작업 요청의 보수적 카탈로그 기본값. ACSM 2009 Position Stand의 초보자 8–12 RM과 보조운동 1–2분 휴식 원칙을 참고해 반복 수를 10–15회, 휴식을 60–90초로 설정; 단일관절 여부와 개인별 부하는 Agent가 확인.",PRIMARY,NEX-000004,NONE,No versioned source-pair decision recorded.,DOMAIN_EXPERT_REVIEW,2026-08-25T00:00:00+09:00,barbell front raise,FITT-ISOLATION-STRENGTH-V1,MODERATE,NONE,단일관절 또는 고립 저항운동 특성으로 ISOLATION_STRENGTH 템플릿 적용.,PUSH,STRENGTH
NEX-000005,바벨 풀오버,BACK,"[""UPPER_BACK""]","[""CHEST"",""ELBOW""]",,INTERMEDIATE,INTERMEDIATE,REPS,3,10-15,,60-90,,MODERATE,REVIEW_REQUIRED,APPROVED,APPROVED,APPROVED,APPROVED,source title converted to Korean draft; Korean localization review required,DOMAIN_APPROVED_V2_TARGET_MUSCLE_REVIEW_2026_08_25,Codex-assisted review: primary records direct force-producing area(s); secondary records assisting or stabilizing area(s).,"Codex-assisted review: requires baseline form, load/posture control, or free-weight coordination.","작업 요청의 보수적 카탈로그 기본값. ACSM 2009 Position Stand의 초보자 8–12 RM과 보조운동 1–2분 휴식 원칙을 참고해 반복 수를 10–15회, 휴식을 60–90초로 설정; 단일관절 여부와 개인별 부하는 Agent가 확인.",PRIMARY,NEX-000005,NONE,No versioned source-pair decision recorded.,DOMAIN_EXPERT_REVIEW,2026-08-25T00:00:00+09:00,barbell pullover,FITT-ISOLATION-STRENGTH-V1,MODERATE,NONE,단일관절 또는 고립 저항운동 특성으로 ISOLATION_STRENGTH 템플릿 적용.,PULL,STRENGTH
NEX-000006,바벨 리버스 리스트 컬,FOREARMS,"[""WRIST_HAND""]","[""ELBOW""]",,BEGINNER,BEGINNER,REPS,3,10-15,,60-90,,MODERATE,REVIEW_REQUIRED,APPROVED,APPROVED,APPROVED,APPROVED,source title converted to Korean draft; Korean localization review required,DOMAIN_APPROVED_V2_TARGET_MUSCLE_REVIEW_2026_08_25,Codex-assisted review: primary records direct force-producing area(s); secondary records assisting or stabilizing area(s).,Codex-assisted review: basic movement in a stable setup with low technical demand for entry-level learners.,"작업 요청의 보수적 카탈로그 기본값. ACSM 2009 Position Stand의 초보자 8–12 RM과 보조운동 1–2분 휴식 원칙을 참고해 반복 수를 10–15회, 휴식을 60–90초로 설정; 단일관절 여부와 개인별 부하는 Agent가 확인.",PRIMARY,NEX-000006,NONE,No versioned source-pair decision recorded.,DOMAIN_EXPERT_REVIEW,2026-08-25T00:00:00+09:00,barbell reverse wrist curl,FITT-ISOLATION-STRENGTH-V1,MODERATE,NONE,단일관절 또는 고립 저항운동 특성으로 ISOLATION_STRENGTH 템플릿 적용.,PULL,STRENGTH
NEX-000007,바벨 시티드 카프 레이즈,CALVES,"[""ANKLE_FOOT""]","[""KNEE""]",,BEGINNER,BEGINNER,REPS,3,10-15,,60-90,,MODERATE,REVIEW_REQUIRED,APPROVED,APPROVED,APPROVED,APPROVED,source title converted to Korean draft; Korean localization review required,DOMAIN_APPROVED_V2_TARGET_MUSCLE_REVIEW_2026_08_25,Codex-assisted review: primary records direct force-producing area(s); secondary records assisting or stabilizing area(s).,Codex-assisted review: basic movement in a stable setup with low technical demand for entry-level learners.,"작업 요청의 보수적 카탈로그 기본값. ACSM 2009 Position Stand의 초보자 8–12 RM과 보조운동 1–2분 휴식 원칙을 참고해 반복 수를 10–15회, 휴식을 60–90초로 설정; 단일관절 여부와 개인별 부하는 Agent가 확인.",PRIMARY,NEX-000007,NONE,No versioned source-pair decision recorded.,DOMAIN_EXPERT_REVIEW,2026-08-25T00:00:00+09:00,barbell seated calf raise,FITT-ISOLATION-STRENGTH-V1,MODERATE,NONE,단일관절 또는 고립 저항운동 특성으로 ISOLATION_STRENGTH 템플릿 적용.,SQUAT,STRENGTH
NEX-000008,바벨 스탠딩 오버헤드 삼두 익스텐션,TRICEPS,"[""ELBOW""]","[""SHOULDER""]",,BEGINNER,BEGINNER,REPS,3,10-15,,60-90,,MODERATE,REVIEW_REQUIRED,APPROVED,APPROVED,APPROVED,APPROVED,source title converted to Korean draft; Korean localization review required,DOMAIN_APPROVED_V2_TARGET_MUSCLE_REVIEW_2026_08_25,Codex-assisted review: primary records direct force-producing area(s); secondary records assisting or stabilizing area(s).,Codex-assisted review: basic movement in a stable setup with low technical demand for entry-level learners.,"작업 요청의 보수적 카탈로그 기본값. ACSM 2009 Position Stand의 초보자 8–12 RM과 보조운동 1–2분 휴식 원칙을 참고해 반복 수를 10–15회, 휴식을 60–90초로 설정; 단일관절 여부와 개인별 부하는 Agent가 확인.",PRIMARY,NEX-000008,NONE,No versioned source-pair decision recorded.,DOMAIN_EXPERT_REVIEW,2026-08-25T00:00:00+09:00,barbell standing overhead triceps extension,FITT-ISOLATION-STRENGTH-V1,MODERATE,NONE,단일관절 또는 고립 저항운동 특성으로 ISOLATION_STRENGTH 템플릿 적용.,PUSH,STRENGTH
NEX-000009,바벨 스트레이트 레그 데드리프트,HAMSTRINGS,"[""HIP""]","[""KNEE"",""LOWER_BACK""]",,INTERMEDIATE,INTERMEDIATE,REPS,3,8-12,,90,,MODERATE,REVIEW_REQUIRED,APPROVED,APPROVED,APPROVED,APPROVED,source title converted to Korean draft; Korean localization review required,DOMAIN_APPROVED_V2_TARGET_MUSCLE_REVIEW_2026_08_25,Codex-assisted review: primary records direct force-producing area(s); secondary records assisting or stabilizing area(s).,"Codex-assisted review: requires baseline form, load/posture control, or free-weight coordination.","작업 요청의 보수적 카탈로그 기본값. ACSM 2009 Position Stand의 초보자 8–12 RM 및 초보·중급 저항운동 1–2분 휴식 원칙, NSCA의 다관절 운동 우선 원칙을 반영; 개인별 부하·진행은 Agent가 결정.",PRIMARY,NEX-000009,NONE,No versioned source-pair decision recorded.,DOMAIN_EXPERT_REVIEW,2026-08-25T00:00:00+09:00,barbell straight leg deadlift,FITT-COMPOUND-HINGE-V1,MODERATE,NONE,다관절 저항운동 패턴 전용 복합 템플릿 적용.,HINGE,STRENGTH
NEX-000010,바벨 리스트 컬,FOREARMS,"[""WRIST_HAND""]","[""ELBOW""]",,BEGINNER,BEGINNER,REPS,3,10-15,,60-90,,MODERATE,REVIEW_REQUIRED,APPROVED,APPROVED,APPROVED,APPROVED,source title converted to Korean draft; Korean localization review required,DOMAIN_APPROVED_V2_TARGET_MUSCLE_REVIEW_2026_08_25,Codex-assisted review: primary records direct force-producing area(s); secondary records assisting or stabilizing area(s).,Codex-assisted review: basic movement in a stable setup with low technical demand for entry-level learners.,"작업 요청의 보수적 카탈로그 기본값. ACSM 2009 Position Stand의 초보자 8–12 RM과 보조운동 1–2분 휴식 원칙을 참고해 반복 수를 10–15회, 휴식을 60–90초로 설정; 단일관절 여부와 개인별 부하는 Agent가 확인.",PRIMARY,NEX-000010,NONE,No versioned source-pair decision recorded.,DOMAIN_EXPERT_REVIEW,2026-08-25T00:00:00+09:00,barbell wrist curl,FITT-ISOLATION-STRENGTH-V1,MODERATE,NONE,단일관절 또는 고립 저항운동 특성으로 ISOLATION_STRENGTH 템플릿 적용.,PULL,STRENGTH
NEX-000011,이두 풀업,BICEPS,"[""ELBOW""]","[""UPPER_BACK"",""WRIST_HAND""]",,INTERMEDIATE,INTERMEDIATE,REPS,3,8-12,,90,,MODERATE,REVIEW_REQUIRED,APPROVED,APPROVED,APPROVED,APPROVED,source title converted to Korean draft; Korean localization review required,DOMAIN_APPROVED_V2_TARGET_MUSCLE_REVIEW_2026_08_25,Codex-assisted review: primary records direct force-producing area(s); secondary records assisting or stabilizing area(s).,"Codex-assisted review: requires baseline form, load/posture control, or free-weight coordination; classify at the highest allowed service difficulty.","작업 요청의 보수적 카탈로그 기본값. ACSM 2009 Position Stand의 초보자 8–12 RM 및 초보·중급 저항운동 1–2분 휴식 원칙, NSCA의 다관절 운동 우선 원칙을 반영; 개인별 부하·진행은 Agent가 결정.",PRIMARY,NEX-000011,NONE,No versioned source-pair decision recorded.,DOMAIN_EXPERT_REVIEW,2026-08-25T00:00:00+09:00,biceps pull-up,FITT-COMPOUND-PULL-V1,MODERATE,NONE,다관절 저항운동 패턴 전용 복합 템플릿 적용.,PULL,STRENGTH
NEX-000012,케이블 디클라인 플라이,CHEST,"[""CHEST""]","[""SHOULDER""]",,BEGINNER,BEGINNER,REPS,3,10-15,,60-90,,MODERATE,REVIEW_REQUIRED,APPROVED,APPROVED,APPROVED,APPROVED,source title converted to Korean draft; Korean localization review required,DOMAIN_APPROVED_V2_TARGET_MUSCLE_REVIEW_2026_08_25,Codex-assisted review: primary records direct force-producing area(s); secondary records assisting or stabilizing area(s).,Codex-assisted review: basic movement in a stable setup with low technical demand for entry-level learners.,"작업 요청의 보수적 카탈로그 기본값. ACSM 2009 Position Stand의 초보자 8–12 RM과 보조운동 1–2분 휴식 원칙을 참고해 반복 수를 10–15회, 휴식을 60–90초로 설정; 단일관절 여부와 개인별 부하는 Agent가 확인.",PRIMARY,NEX-000012,NONE,No versioned source-pair decision recorded.,DOMAIN_EXPERT_REVIEW,2026-08-25T00:00:00+09:00,cable decline fly,FITT-ISOLATION-STRENGTH-V1,MODERATE,NONE,단일관절 또는 고립 저항운동 특성으로 ISOLATION_STRENGTH 템플릿 적용.,PUSH,STRENGTH
NEX-000013,케이블 디클라인 시티드 와이드그립 로우,BACK,"[""UPPER_BACK""]","[""SHOULDER"",""ELBOW""]",,BEGINNER,BEGINNER,REPS,3,8-12,,90,,MODERATE,REVIEW_REQUIRED,APPROVED,APPROVED,APPROVED,APPROVED,source title converted to Korean draft; Korean localization review required,DOMAIN_APPROVED_V2_TARGET_MUSCLE_REVIEW_2026_08_25,Codex-assisted review: primary records direct force-producing area(s); secondary records assisting or stabilizing area(s).,Codex-assisted review: basic movement in a stable setup with low technical demand for entry-level learners.,"작업 요청의 보수적 카탈로그 기본값. ACSM 2009 Position Stand의 초보자 8–12 RM 및 초보·중급 저항운동 1–2분 휴식 원칙, NSCA의 다관절 운동 우선 원칙을 반영; 개인별 부하·진행은 Agent가 결정.",PRIMARY,NEX-000013,NONE,No versioned source-pair decision recorded.,DOMAIN_EXPERT_REVIEW,2026-08-25T00:00:00+09:00,cable decline seated wide-grip row,FITT-COMPOUND-PULL-V1,MODERATE,NONE,다관절 저항운동 패턴 전용 복합 템플릿 적용.,PULL,STRENGTH
NEX-000014,케이블 바닥 시티드 와이드그립 로우,BACK,"[""UPPER_BACK""]","[""SHOULDER"",""ELBOW""]",,BEGINNER,BEGINNER,REPS,3,8-12,,90,,MODERATE,REVIEW_REQUIRED,APPROVED,APPROVED,APPROVED,APPROVED,source title converted to Korean draft; Korean localization review required,DOMAIN_APPROVED_V2_TARGET_MUSCLE_REVIEW_2026_08_25,Codex-assisted review: primary records direct force-producing area(s); secondary records assisting or stabilizing area(s).,Codex-assisted review: basic movement in a stable setup with low technical demand for entry-level learners.,"작업 요청의 보수적 카탈로그 기본값. ACSM 2009 Position Stand의 초보자 8–12 RM 및 초보·중급 저항운동 1–2분 휴식 원칙, NSCA의 다관절 운동 우선 원칙을 반영; 개인별 부하·진행은 Agent가 결정.",PRIMARY,NEX-000014,NONE,No versioned source-pair decision recorded.,DOMAIN_EXPERT_REVIEW,2026-08-25T00:00:00+09:00,cable floor seated wide-grip row,FITT-COMPOUND-PULL-V1,MODERATE,NONE,다관절 저항운동 패턴 전용 복합 템플릿 적용.,PULL,STRENGTH
NEX-000015,케이블 하이 로우(니링),BACK,"[""UPPER_BACK""]","[""SHOULDER"",""ELBOW""]",,BEGINNER,BEGINNER,REPS,3,8-12,,90,,MODERATE,REVIEW_REQUIRED,APPROVED,APPROVED,APPROVED,APPROVED,source title converted to Korean draft; Korean localization review required,DOMAIN_APPROVED_V2_TARGET_MUSCLE_REVIEW_2026_08_25,Codex-assisted review: primary records direct force-producing area(s); secondary records assisting or stabilizing area(s).,Codex-assisted review: basic movement in a stable setup with low technical demand for entry-level learners.,"작업 요청의 보수적 카탈로그 기본값. ACSM 2009 Position Stand의 초보자 8–12 RM 및 초보·중급 저항운동 1–2분 휴식 원칙, NSCA의 다관절 운동 우선 원칙을 반영; 개인별 부하·진행은 Agent가 결정.",PRIMARY,NEX-000015,NONE,No versioned source-pair decision recorded.,DOMAIN_EXPERT_REVIEW,2026-08-25T00:00:00+09:00,cable high row (kneeling),FITT-COMPOUND-PULL-V1,MODERATE,NONE,다관절 저항운동 패턴 전용 복합 템플릿 적용.,PULL,STRENGTH
NEX-000016,케이블 인클라인 플라이(메디신볼),CHEST,"[""CHEST"",""SHOULDER""]","[""ABDOMEN""]",,INTERMEDIATE,INTERMEDIATE,REPS,3,10-15,,60-90,,MODERATE,REVIEW_REQUIRED,APPROVED,APPROVED,APPROVED,APPROVED,source title converted to Korean draft; Korean localization review required,DOMAIN_APPROVED_V2_TARGET_MUSCLE_REVIEW_2026_08_25,Codex-assisted review: primary records direct force-producing area(s); secondary records assisting or stabilizing area(s).,"Codex-assisted review: requires baseline form, load/posture control, or free-weight coordination; classify at the highest allowed service difficulty.","작업 요청의 보수적 카탈로그 기본값. ACSM 2009 Position Stand의 초보자 8–12 RM과 보조운동 1–2분 휴식 원칙을 참고해 반복 수를 10–15회, 휴식을 60–90초로 설정; 단일관절 여부와 개인별 부하는 Agent가 확인.",PRIMARY,NEX-000016,NONE,No versioned source-pair decision recorded.,DOMAIN_EXPERT_REVIEW,2026-08-25T00:00:00+09:00,cable incline fly (on stability ball),FITT-ISOLATION-STRENGTH-V1,MODERATE,NONE,단일관절 또는 고립 저항운동 특성으로 ISOLATION_STRENGTH 템플릿 적용.,PUSH,STRENGTH
NEX-000017,케이블 인클라인 플라이,CHEST,"[""CHEST""]","[""SHOULDER""]",,BEGINNER,BEGINNER,REPS,3,10-15,,60-90,,MODERATE,REVIEW_REQUIRED,APPROVED,APPROVED,APPROVED,APPROVED,source title converted to Korean draft; Korean localization review required,DOMAIN_APPROVED_V2_TARGET_MUSCLE_REVIEW_2026_08_25,Codex-assisted review: primary records direct force-producing area(s); secondary records assisting or stabilizing area(s).,Codex-assisted review: basic movement in a stable setup with low technical demand for entry-level learners.,"작업 요청의 보수적 카탈로그 기본값. ACSM 2009 Position Stand의 초보자 8–12 RM과 보조운동 1–2분 휴식 원칙을 참고해 반복 수를 10–15회, 휴식을 60–90초로 설정; 단일관절 여부와 개인별 부하는 Agent가 확인.",PRIMARY,NEX-000017,NONE,No versioned source-pair decision recorded.,DOMAIN_EXPERT_REVIEW,2026-08-25T00:00:00+09:00,cable incline fly,FITT-ISOLATION-STRENGTH-V1,MODERATE,NONE,단일관절 또는 고립 저항운동 특성으로 ISOLATION_STRENGTH 템플릿 적용.,PUSH,STRENGTH
NEX-000018,케이블 라잉 익스텐션 풀오버,BACK,"[""UPPER_BACK""]","[""CHEST"",""ELBOW""]",,INTERMEDIATE,INTERMEDIATE,REPS,3,10-15,,60-90,,MODERATE,REVIEW_REQUIRED,APPROVED,APPROVED,APPROVED,APPROVED,source title converted to Korean draft; Korean localization review required,DOMAIN_APPROVED_V2_TARGET_MUSCLE_REVIEW_2026_08_25,Codex-assisted review: primary records direct force-producing area(s); secondary records assisting or stabilizing area(s).,"Codex-assisted review: requires baseline form, load/posture control, or free-weight coordination.","작업 요청의 보수적 카탈로그 기본값. ACSM 2009 Position Stand의 초보자 8–12 RM과 보조운동 1–2분 휴식 원칙을 참고해 반복 수를 10–15회, 휴식을 60–90초로 설정; 단일관절 여부와 개인별 부하는 Agent가 확인.",PRIMARY,NEX-000018,NONE,No versioned source-pair decision recorded.,DOMAIN_EXPERT_REVIEW,2026-08-25T00:00:00+09:00,cable lying extension pullover (with rope attachment),FITT-ISOLATION-STRENGTH-V1,MODERATE,NONE,단일관절 또는 고립 저항운동 특성으로 ISOLATION_STRENGTH 템플릿 적용.,PULL,STRENGTH
NEX-000019,케이블 라잉 플라이,CHEST,"[""CHEST""]","[""SHOULDER""]",,BEGINNER,BEGINNER,REPS,3,10-15,,60-90,,MODERATE,REVIEW_REQUIRED,APPROVED,APPROVED,APPROVED,APPROVED,source title converted to Korean draft; Korean localization review required,DOMAIN_APPROVED_V2_TARGET_MUSCLE_REVIEW_2026_08_25,Codex-assisted review: primary records direct force-producing area(s); secondary records assisting or stabilizing area(s).,Codex-assisted review: basic movement in a stable setup with low technical demand for entry-level learners.,"작업 요청의 보수적 카탈로그 기본값. ACSM 2009 Position Stand의 초보자 8–12 RM과 보조운동 1–2분 휴식 원칙을 참고해 반복 수를 10–15회, 휴식을 60–90초로 설정; 단일관절 여부와 개인별 부하는 Agent가 확인.",PRIMARY,NEX-000019,NONE,No versioned source-pair decision recorded.,DOMAIN_EXPERT_REVIEW,2026-08-25T00:00:00+09:00,cable lying fly,FITT-ISOLATION-STRENGTH-V1,MODERATE,NONE,단일관절 또는 고립 저항운동 특성으로 ISOLATION_STRENGTH 템플릿 적용.,PUSH,STRENGTH
NEX-000020,케이블 풀다운,BACK,"[""UPPER_BACK""]","[""ELBOW"",""SHOULDER""]",,BEGINNER,BEGINNER,REPS,3,8-12,,90,,MODERATE,REVIEW_REQUIRED,APPROVED,APPROVED,APPROVED,APPROVED,source title converted to Korean draft; Korean localization review required,DOMAIN_APPROVED_V2_TARGET_MUSCLE_REVIEW_2026_08_25,Codex-assisted review: primary records direct force-producing area(s); secondary records assisting or stabilizing area(s).,Codex-assisted review: basic movement in a stable setup with low technical demand for entry-level learners.,"작업 요청의 보수적 카탈로그 기본값. ACSM 2009 Position Stand의 초보자 8–12 RM 및 초보·중급 저항운동 1–2분 휴식 원칙, NSCA의 다관절 운동 우선 원칙을 반영; 개인별 부하·진행은 Agent가 결정.",PRIMARY,NEX-000020,NONE,No versioned source-pair decision recorded.,DOMAIN_EXPERT_REVIEW,2026-08-25T00:00:00+09:00,cable pulldown,FITT-COMPOUND-PULL-V1,MODERATE,NONE,다관절 저항운동 패턴 전용 복합 템플릿 적용.,PULL,STRENGTH
NEX-000021,케이블 푸시다운,TRICEPS,"[""ELBOW""]","[""SHOULDER""]",,BEGINNER,BEGINNER,REPS,3,10-15,,60-90,,MODERATE,REVIEW_REQUIRED,APPROVED,APPROVED,APPROVED,APPROVED,source title converted to Korean draft; Korean localization review required,DOMAIN_APPROVED_V2_TARGET_MUSCLE_REVIEW_2026_08_25,Codex-assisted review: primary records direct force-producing area(s); secondary records assisting or stabilizing area(s).,Codex-assisted review: basic movement in a stable setup with low technical demand for entry-level learners.,"작업 요청의 보수적 카탈로그 기본값. ACSM 2009 Position Stand의 초보자 8–12 RM과 보조운동 1–2분 휴식 원칙을 참고해 반복 수를 10–15회, 휴식을 60–90초로 설정; 단일관절 여부와 개인별 부하는 Agent가 확인.",PRIMARY,NEX-000021,NONE,No versioned source-pair decision recorded.,DOMAIN_EXPERT_REVIEW,2026-08-25T00:00:00+09:00,cable pushdown,FITT-ISOLATION-STRENGTH-V1,MODERATE,NONE,단일관절 또는 고립 저항운동 특성으로 ISOLATION_STRENGTH 템플릿 적용.,PUSH,STRENGTH
NEX-000022,케이블 리버스-그립 스트레이트 등 시티드 하이 로우,BACK,"[""UPPER_BACK""]","[""SHOULDER"",""ELBOW""]",,BEGINNER,BEGINNER,REPS,3,8-12,,90,,MODERATE,REVIEW_REQUIRED,APPROVED,APPROVED,APPROVED,APPROVED,source title converted to Korean draft; Korean localization review required,DOMAIN_APPROVED_V2_TARGET_MUSCLE_REVIEW_2026_08_25,Codex-assisted review: primary records direct force-producing area(s); secondary records assisting or stabilizing area(s).,Codex-assisted review: basic movement in a stable setup with low technical demand for entry-level learners.,"작업 요청의 보수적 카탈로그 기본값. ACSM 2009 Position Stand의 초보자 8–12 RM 및 초보·중급 저항운동 1–2분 휴식 원칙, NSCA의 다관절 운동 우선 원칙을 반영; 개인별 부하·진행은 Agent가 결정.",PRIMARY,NEX-000022,NONE,No versioned source-pair decision recorded.,DOMAIN_EXPERT_REVIEW,2026-08-25T00:00:00+09:00,cable reverse-grip straight back seated high row,FITT-COMPOUND-PULL-V1,MODERATE,NONE,다관절 저항운동 패턴 전용 복합 템플릿 적용.,PULL,STRENGTH
NEX-000023,케이블 러시안 트위스트(메디신볼),CORE,"[""ABDOMEN""]","[""LOWER_BACK""]",,INTERMEDIATE,INTERMEDIATE,DURATION,2-3,,30-45,45-60,,LIGHT_MODERATE,REVIEW_REQUIRED,APPROVED,APPROVED,APPROVED,APPROVED,source title converted to Korean draft; Korean localization review required,DOMAIN_APPROVED_V2_TARGET_MUSCLE_REVIEW_2026_08_25,Codex-assisted review: primary records direct force-producing area(s); secondary records assisting or stabilizing area(s).,"Codex-assisted review: requires baseline form, load/posture control, or free-weight coordination; classify at the highest allowed service difficulty.",작업 요청의 보수적 코어 안정화 기본값. 시간·휴식 범위는 일반 수행 템플릿이며 통증·재활 처방이 아님; 개인별 자세·진행은 Agent가 조정.,PRIMARY,NEX-000023,NONE,No versioned source-pair decision recorded.,DOMAIN_EXPERT_REVIEW,2026-08-25T00:00:00+09:00,cable russian twists (on stability ball),FITT-CORE-STABILITY-V1,LIGHT_MODERATE,NONE,패턴 전용 FITT 템플릿 적용.,CORE,STRENGTH
NEX-000024,케이블 시티드 와이드그립 로우,BACK,"[""UPPER_BACK""]","[""SHOULDER"",""ELBOW""]",,BEGINNER,BEGINNER,REPS,3,8-12,,90,,MODERATE,REVIEW_REQUIRED,APPROVED,APPROVED,APPROVED,APPROVED,source title converted to Korean draft; Korean localization review required,DOMAIN_APPROVED_V2_TARGET_MUSCLE_REVIEW_2026_08_25,Codex-assisted review: primary records direct force-producing area(s); secondary records assisting or stabilizing area(s).,Codex-assisted review: basic movement in a stable setup with low technical demand for entry-level learners.,"작업 요청의 보수적 카탈로그 기본값. ACSM 2009 Position Stand의 초보자 8–12 RM 및 초보·중급 저항운동 1–2분 휴식 원칙, NSCA의 다관절 운동 우선 원칙을 반영; 개인별 부하·진행은 Agent가 결정.",PRIMARY,NEX-000024,NONE,No versioned source-pair decision recorded.,DOMAIN_EXPERT_REVIEW,2026-08-25T00:00:00+09:00,cable seated wide-grip row,FITT-COMPOUND-PULL-V1,MODERATE,NONE,다관절 저항운동 패턴 전용 복합 템플릿 적용.,PULL,STRENGTH
NEX-000025,케이블 슈러그,BACK,"[""UPPER_BACK""]","[""SHOULDER""]",,BEGINNER,BEGINNER,REPS,3,10-15,,60-90,,MODERATE,REVIEW_REQUIRED,APPROVED,APPROVED,APPROVED,APPROVED,source title converted to Korean draft; Korean localization review required,DOMAIN_APPROVED_V2_TARGET_MUSCLE_REVIEW_2026_08_25,Codex-assisted review: primary records direct force-producing area(s); secondary records assisting or stabilizing area(s).,Codex-assisted review: basic movement in a stable setup with low technical demand for entry-level learners.,"작업 요청의 보수적 카탈로그 기본값. ACSM 2009 Position Stand의 초보자 8–12 RM과 보조운동 1–2분 휴식 원칙을 참고해 반복 수를 10–15회, 휴식을 60–90초로 설정; 단일관절 여부와 개인별 부하는 Agent가 확인.",PRIMARY,NEX-000025,NONE,No versioned source-pair decision recorded.,DOMAIN_EXPERT_REVIEW,2026-08-25T00:00:00+09:00,cable shrug,FITT-ISOLATION-STRENGTH-V1,MODERATE,NONE,단일관절 또는 고립 저항운동 특성으로 ISOLATION_STRENGTH 템플릿 적용.,PULL,STRENGTH
NEX-000026,케이블 스탠딩 플라이,CHEST,"[""CHEST""]","[""SHOULDER""]",,BEGINNER,BEGINNER,REPS,3,10-15,,60-90,,MODERATE,REVIEW_REQUIRED,APPROVED,APPROVED,APPROVED,APPROVED,source title converted to Korean draft; Korean localization review required,DOMAIN_APPROVED_V2_TARGET_MUSCLE_REVIEW_2026_08_25,Codex-assisted review: primary records direct force-producing area(s); secondary records assisting or stabilizing area(s).,Codex-assisted review: basic movement in a stable setup with low technical demand for entry-level learners.,"작업 요청의 보수적 카탈로그 기본값. ACSM 2009 Position Stand의 초보자 8–12 RM과 보조운동 1–2분 휴식 원칙을 참고해 반복 수를 10–15회, 휴식을 60–90초로 설정; 단일관절 여부와 개인별 부하는 Agent가 확인.",PRIMARY,NEX-000026,NONE,No versioned source-pair decision recorded.,DOMAIN_EXPERT_REVIEW,2026-08-25T00:00:00+09:00,cable standing fly,FITT-ISOLATION-STRENGTH-V1,MODERATE,NONE,단일관절 또는 고립 저항운동 특성으로 ISOLATION_STRENGTH 템플릿 적용.,PUSH,STRENGTH
NEX-000027,케이블 턱 리버스 크런치,CORE,"[""ABDOMEN""]","[""LOWER_BACK""]",,INTERMEDIATE,INTERMEDIATE,DURATION,2-3,,30-45,45-60,,LIGHT_MODERATE,REVIEW_REQUIRED,APPROVED,APPROVED,APPROVED,APPROVED,source title converted to Korean draft; Korean localization review required,DOMAIN_APPROVED_V2_TARGET_MUSCLE_REVIEW_2026_08_25,Codex-assisted review: primary records direct force-producing area(s); secondary records assisting or stabilizing area(s).,"Codex-assisted review: requires baseline form, load/posture control, or free-weight coordination.",작업 요청의 보수적 코어 안정화 기본값. 시간·휴식 범위는 일반 수행 템플릿이며 통증·재활 처방이 아님; 개인별 자세·진행은 Agent가 조정.,PRIMARY,NEX-000027,NONE,No versioned source-pair decision recorded.,DOMAIN_EXPERT_REVIEW,2026-08-25T00:00:00+09:00,cable tuck reverse crunch,FITT-CORE-STABILITY-V1,LIGHT_MODERATE,NONE,패턴 전용 FITT 템플릿 적용.,CORE,STRENGTH
NEX-000028,클로즈그립 푸시업,TRICEPS,"[""ELBOW"",""CHEST""]","[""SHOULDER"",""ABDOMEN""]",,BEGINNER,BEGINNER,REPS,3,8-12,,90,,MODERATE,REVIEW_REQUIRED,APPROVED,APPROVED,APPROVED,APPROVED,source title converted to Korean draft; Korean localization review required,DOMAIN_APPROVED_V2_TARGET_MUSCLE_REVIEW_2026_08_25,Codex-assisted review: primary records direct force-producing area(s); secondary records assisting or stabilizing area(s).,Codex-assisted review: basic movement in a stable setup with low technical demand for entry-level learners.,"작업 요청의 보수적 카탈로그 기본값. ACSM 2009 Position Stand의 초보자 8–12 RM 및 초보·중급 저항운동 1–2분 휴식 원칙, NSCA의 다관절 운동 우선 원칙을 반영; 개인별 부하·진행은 Agent가 결정.",PRIMARY,NEX-000028,NONE,No versioned source-pair decision recorded.,DOMAIN_EXPERT_REVIEW,2026-08-25T00:00:00+09:00,close-grip push-up,FITT-COMPOUND-PUSH-V1,MODERATE,NONE,다관절 저항운동 패턴 전용 복합 템플릿 적용.,PUSH,STRENGTH
NEX-000029,크런치 바닥,CORE,"[""ABDOMEN""]","[""LOWER_BACK""]",,BEGINNER,BEGINNER,DURATION,2-3,,30-45,45-60,,LIGHT_MODERATE,REVIEW_REQUIRED,APPROVED,APPROVED,APPROVED,APPROVED,source title converted to Korean draft; Korean localization review required,DOMAIN_APPROVED_V2_TARGET_MUSCLE_REVIEW_2026_08_25,Codex-assisted review: primary records direct force-producing area(s); secondary records assisting or stabilizing area(s).,Codex-assisted review: basic movement in a stable setup with low technical demand for entry-level learners.,작업 요청의 보수적 코어 안정화 기본값. 시간·휴식 범위는 일반 수행 템플릿이며 통증·재활 처방이 아님; 개인별 자세·진행은 Agent가 조정.,PRIMARY,NEX-000029,NONE,No versioned source-pair decision recorded.,DOMAIN_EXPERT_REVIEW,2026-08-25T00:00:00+09:00,crunch floor,FITT-CORE-STABILITY-V1,LIGHT_MODERATE,NONE,패턴 전용 FITT 템플릿 적용.,CORE,STRENGTH
NEX-000030,데드 버그,CORE,"[""ABDOMEN""]","[""LOWER_BACK""]",,BEGINNER,BEGINNER,DURATION,2-3,,30-45,45-60,,LIGHT_MODERATE,REVIEW_REQUIRED,APPROVED,APPROVED,APPROVED,APPROVED,source title converted to Korean draft; Korean localization review required,DOMAIN_APPROVED_V2_TARGET_MUSCLE_REVIEW_2026_08_25,Codex-assisted review: primary records direct force-producing area(s); secondary records assisting or stabilizing area(s).,Codex-assisted review: basic movement in a stable setup with low technical demand for entry-level learners.,작업 요청의 보수적 코어 안정화 기본값. 시간·휴식 범위는 일반 수행 템플릿이며 통증·재활 처방이 아님; 개인별 자세·진행은 Agent가 조정.,PRIMARY,NEX-000030,NONE,No versioned source-pair decision recorded.,DOMAIN_EXPERT_REVIEW,2026-08-25T00:00:00+09:00,dead bug,FITT-CORE-STABILITY-V1,LIGHT_MODERATE,NONE,패턴 전용 FITT 템플릿 적용.,CORE,STRENGTH
NEX-000031,디클라인 크런치,CORE,"[""ABDOMEN""]","[""LOWER_BACK""]",,INTERMEDIATE,INTERMEDIATE,DURATION,2-3,,30-45,45-60,,LIGHT_MODERATE,REVIEW_REQUIRED,APPROVED,APPROVED,APPROVED,APPROVED,source title converted to Korean draft; Korean localization review required,DOMAIN_APPROVED_V2_TARGET_MUSCLE_REVIEW_2026_08_25,Codex-assisted review: primary records direct force-producing area(s); secondary records assisting or stabilizing area(s).,"Codex-assisted review: requires baseline form, load/posture control, or free-weight coordination.",작업 요청의 보수적 코어 안정화 기본값. 시간·휴식 범위는 일반 수행 템플릿이며 통증·재활 처방이 아님; 개인별 자세·진행은 Agent가 조정.,PRIMARY,NEX-000031,NONE,No versioned source-pair decision recorded.,DOMAIN_EXPERT_REVIEW,2026-08-25T00:00:00+09:00,decline crunch,FITT-CORE-STABILITY-V1,LIGHT_MODERATE,NONE,패턴 전용 FITT 템플릿 적용.,CORE,STRENGTH
NEX-000032,덤벨 데드리프트,GLUTES,"[""HIP""]","[""KNEE"",""LOWER_BACK""]",,INTERMEDIATE,INTERMEDIATE,REPS,3,8-12,,90,,MODERATE,REVIEW_REQUIRED,APPROVED,APPROVED,APPROVED,APPROVED,source title converted to Korean draft; Korean localization review required,DOMAIN_APPROVED_V2_TARGET_MUSCLE_REVIEW_2026_08_25,Codex-assisted review: primary records direct force-producing area(s); secondary records assisting or stabilizing area(s).,"Codex-assisted review: requires baseline form, load/posture control, or free-weight coordination.","작업 요청의 보수적 카탈로그 기본값. ACSM 2009 Position Stand의 초보자 8–12 RM 및 초보·중급 저항운동 1–2분 휴식 원칙, NSCA의 다관절 운동 우선 원칙을 반영; 개인별 부하·진행은 Agent가 결정.",PRIMARY,NEX-000032,NONE,No versioned source-pair decision recorded.,DOMAIN_EXPERT_REVIEW,2026-08-25T00:00:00+09:00,dumbbell deadlift,FITT-COMPOUND-HINGE-V1,MODERATE,NONE,다관절 저항운동 패턴 전용 복합 템플릿 적용.,HINGE,STRENGTH
NEX-000033,덤벨 디클라인 슈러그,BACK,"[""UPPER_BACK""]","[""SHOULDER""]",,BEGINNER,BEGINNER,REPS,3,10-15,,60-90,,MODERATE,REVIEW_REQUIRED,APPROVED,APPROVED,APPROVED,APPROVED,source title converted to Korean draft; Korean localization review required,DOMAIN_APPROVED_V2_TARGET_MUSCLE_REVIEW_2026_08_25,Codex-assisted review: primary records direct force-producing area(s); secondary records assisting or stabilizing area(s).,Codex-assisted review: basic movement in a stable setup with low technical demand for entry-level learners.,"작업 요청의 보수적 카탈로그 기본값. ACSM 2009 Position Stand의 초보자 8–12 RM과 보조운동 1–2분 휴식 원칙을 참고해 반복 수를 10–15회, 휴식을 60–90초로 설정; 단일관절 여부와 개인별 부하는 Agent가 확인.",MEDIA_VARIANT,NEX-000034,SAME_MOVEMENT_MEDIA_VARIANT,"Same target, equipment, decline posture, and movement; 0304 differs only in media and cues.",DOMAIN_EXPERT_REVIEW,2026-08-25T00:00:00+09:00,dumbbell decline shrug v. 2,FITT-ISOLATION-STRENGTH-V1,MODERATE,NONE,단일관절 또는 고립 저항운동 특성으로 ISOLATION_STRENGTH 템플릿 적용.,PULL,STRENGTH
NEX-000034,덤벨 디클라인 슈러그,BACK,"[""UPPER_BACK""]","[""SHOULDER""]",,BEGINNER,BEGINNER,REPS,3,10-15,,60-90,,MODERATE,REVIEW_REQUIRED,APPROVED,APPROVED,APPROVED,APPROVED,source title converted to Korean draft; Korean localization review required,DOMAIN_APPROVED_V2_TARGET_MUSCLE_REVIEW_2026_08_25,Codex-assisted review: primary records direct force-producing area(s); secondary records assisting or stabilizing area(s).,Codex-assisted review: basic movement in a stable setup with low technical demand for entry-level learners.,"작업 요청의 보수적 카탈로그 기본값. ACSM 2009 Position Stand의 초보자 8–12 RM과 보조운동 1–2분 휴식 원칙을 참고해 반복 수를 10–15회, 휴식을 60–90초로 설정; 단일관절 여부와 개인별 부하는 Agent가 확인.",PRIMARY,NEX-000034,NONE,Canonical user-facing record for the decline dumbbell shrug source pair.,DOMAIN_EXPERT_REVIEW,2026-08-25T00:00:00+09:00,dumbbell decline shrug,FITT-ISOLATION-STRENGTH-V1,MODERATE,NONE,단일관절 또는 고립 저항운동 특성으로 ISOLATION_STRENGTH 템플릿 적용.,PULL,STRENGTH
NEX-000035,덤벨 프론트 레이즈,SHOULDERS,"[""SHOULDER""]","[""ELBOW""]",,BEGINNER,BEGINNER,REPS,3,10-15,,60-90,,MODERATE,REVIEW_REQUIRED,APPROVED,APPROVED,APPROVED,APPROVED,source title converted to Korean draft; Korean localization review required,DOMAIN_APPROVED_V2_TARGET_MUSCLE_REVIEW_2026_08_25,Codex-assisted review: primary records direct force-producing area(s); secondary records assisting or stabilizing area(s).,Codex-assisted review: basic movement in a stable setup with low technical demand for entry-level learners.,"작업 요청의 보수적 카탈로그 기본값. ACSM 2009 Position Stand의 초보자 8–12 RM과 보조운동 1–2분 휴식 원칙을 참고해 반복 수를 10–15회, 휴식을 60–90초로 설정; 단일관절 여부와 개인별 부하는 Agent가 확인.",MEDIA_VARIANT,NEX-000036,SAME_MOVEMENT_MEDIA_VARIANT,"Same target, equipment, stance, and shoulder-height range; 0309 only adds a core cue.",DOMAIN_EXPERT_REVIEW,2026-08-25T00:00:00+09:00,dumbbell front raise v. 2,FITT-ISOLATION-STRENGTH-V1,MODERATE,NONE,단일관절 또는 고립 저항운동 특성으로 ISOLATION_STRENGTH 템플릿 적용.,PUSH,STRENGTH
NEX-000036,덤벨 프론트 레이즈,SHOULDERS,"[""SHOULDER""]","[""ELBOW""]",,BEGINNER,BEGINNER,REPS,3,10-15,,60-90,,MODERATE,REVIEW_REQUIRED,APPROVED,APPROVED,APPROVED,APPROVED,source title converted to Korean draft; Korean localization review required,DOMAIN_APPROVED_V2_TARGET_MUSCLE_REVIEW_2026_08_25,Codex-assisted review: primary records direct force-producing area(s); secondary records assisting or stabilizing area(s).,Codex-assisted review: basic movement in a stable setup with low technical demand for entry-level learners.,"작업 요청의 보수적 카탈로그 기본값. ACSM 2009 Position Stand의 초보자 8–12 RM과 보조운동 1–2분 휴식 원칙을 참고해 반복 수를 10–15회, 휴식을 60–90초로 설정; 단일관절 여부와 개인별 부하는 Agent가 확인.",PRIMARY,NEX-000036,NONE,Canonical user-facing record for the dumbbell front raise source pair.,DOMAIN_EXPERT_REVIEW,2026-08-25T00:00:00+09:00,dumbbell front raise,FITT-ISOLATION-STRENGTH-V1,MODERATE,NONE,단일관절 또는 고립 저항운동 특성으로 ISOLATION_STRENGTH 템플릿 적용.,PUSH,STRENGTH
NEX-000037,덤벨 인클라인 리어 레터럴 레이즈,SHOULDERS,"[""SHOULDER""]","[""UPPER_BACK""]",,BEGINNER,BEGINNER,REPS,3,10-15,,60-90,,MODERATE,REVIEW_REQUIRED,APPROVED,APPROVED,APPROVED,APPROVED,source title converted to Korean draft; Korean localization review required,DOMAIN_APPROVED_V2_TARGET_MUSCLE_REVIEW_2026_08_25,Codex-assisted review: primary records direct force-producing area(s); secondary records assisting or stabilizing area(s).,Codex-assisted review: basic movement in a stable setup with low technical demand for entry-level learners.,"작업 요청의 보수적 카탈로그 기본값. ACSM 2009 Position Stand의 초보자 8–12 RM과 보조운동 1–2분 휴식 원칙을 참고해 반복 수를 10–15회, 휴식을 60–90초로 설정; 단일관절 여부와 개인별 부하는 Agent가 확인.",PRIMARY,NEX-000037,NONE,No versioned source-pair decision recorded.,DOMAIN_EXPERT_REVIEW,2026-08-25T00:00:00+09:00,dumbbell incline rear lateral raise,FITT-ISOLATION-STRENGTH-V1,MODERATE,NONE,단일관절 또는 고립 저항운동 특성으로 ISOLATION_STRENGTH 템플릿 적용.,PULL,STRENGTH
NEX-000038,덤벨 인클라인 슈러그,BACK,"[""UPPER_BACK""]","[""SHOULDER""]",,BEGINNER,BEGINNER,REPS,3,10-15,,60-90,,MODERATE,REVIEW_REQUIRED,APPROVED,APPROVED,APPROVED,APPROVED,source title converted to Korean draft; Korean localization review required,DOMAIN_APPROVED_V2_TARGET_MUSCLE_REVIEW_2026_08_25,Codex-assisted review: primary records direct force-producing area(s); secondary records assisting or stabilizing area(s).,Codex-assisted review: basic movement in a stable setup with low technical demand for entry-level learners.,"작업 요청의 보수적 카탈로그 기본값. ACSM 2009 Position Stand의 초보자 8–12 RM과 보조운동 1–2분 휴식 원칙을 참고해 반복 수를 10–15회, 휴식을 60–90초로 설정; 단일관절 여부와 개인별 부하는 Agent가 확인.",PRIMARY,NEX-000038,NONE,No versioned source-pair decision recorded.,DOMAIN_EXPERT_REVIEW,2026-08-25T00:00:00+09:00,dumbbell incline shrug,FITT-ISOLATION-STRENGTH-V1,MODERATE,NONE,단일관절 또는 고립 저항운동 특성으로 ISOLATION_STRENGTH 템플릿 적용.,PULL,STRENGTH
NEX-000039,덤벨 레터럴 레이즈,SHOULDERS,"[""SHOULDER""]","[""ELBOW""]",,BEGINNER,BEGINNER,REPS,3,10-15,,60-90,,MODERATE,REVIEW_REQUIRED,APPROVED,APPROVED,APPROVED,APPROVED,source title converted to Korean draft; Korean localization review required,DOMAIN_APPROVED_V2_TARGET_MUSCLE_REVIEW_2026_08_25,Codex-assisted review: primary records direct force-producing area(s); secondary records assisting or stabilizing area(s).,Codex-assisted review: basic movement in a stable setup with low technical demand for entry-level learners.,"작업 요청의 보수적 카탈로그 기본값. ACSM 2009 Position Stand의 초보자 8–12 RM과 보조운동 1–2분 휴식 원칙을 참고해 반복 수를 10–15회, 휴식을 60–90초로 설정; 단일관절 여부와 개인별 부하는 Agent가 확인.",PRIMARY,NEX-000039,NONE,No versioned source-pair decision recorded.,DOMAIN_EXPERT_REVIEW,2026-08-25T00:00:00+09:00,dumbbell lateral raise,FITT-ISOLATION-STRENGTH-V1,MODERATE,NONE,단일관절 또는 고립 저항운동 특성으로 ISOLATION_STRENGTH 템플릿 적용.,PUSH,STRENGTH
NEX-000040,덤벨 레터럴 투 프론트 레이즈,SHOULDERS,"[""SHOULDER""]","[""ELBOW""]",,INTERMEDIATE,INTERMEDIATE,REPS,3,10-15,,60-90,,MODERATE,REVIEW_REQUIRED,APPROVED,APPROVED,APPROVED,APPROVED,source title converted to Korean draft; Korean localization review required,DOMAIN_APPROVED_V2_TARGET_MUSCLE_REVIEW_2026_08_25,Codex-assisted review: primary records direct force-producing area(s); secondary records assisting or stabilizing area(s).,"Codex-assisted review: requires baseline form, load/posture control, or free-weight coordination.","작업 요청의 보수적 카탈로그 기본값. ACSM 2009 Position Stand의 초보자 8–12 RM과 보조운동 1–2분 휴식 원칙을 참고해 반복 수를 10–15회, 휴식을 60–90초로 설정; 단일관절 여부와 개인별 부하는 Agent가 확인.",PRIMARY,NEX-000040,NONE,No versioned source-pair decision recorded.,DOMAIN_EXPERT_REVIEW,2026-08-25T00:00:00+09:00,dumbbell lateral to front raise,FITT-ISOLATION-STRENGTH-V1,MODERATE,NONE,단일관절 또는 고립 저항운동 특성으로 ISOLATION_STRENGTH 템플릿 적용.,PUSH,STRENGTH
NEX-000041,덤벨 런지,GLUTES,"[""HIP"",""KNEE""]","[""ANKLE_FOOT""]",,INTERMEDIATE,INTERMEDIATE,REPS,3,8-12,,90,,MODERATE,REVIEW_REQUIRED,APPROVED,APPROVED,APPROVED,APPROVED,source title converted to Korean draft; Korean localization review required,DOMAIN_APPROVED_V2_TARGET_MUSCLE_REVIEW_2026_08_25,Codex-assisted review: primary records direct force-producing area(s); secondary records assisting or stabilizing area(s).,"Codex-assisted review: requires baseline form, load/posture control, or free-weight coordination.","작업 요청의 보수적 카탈로그 기본값. ACSM 2009 Position Stand의 초보자 8–12 RM 및 초보·중급 저항운동 1–2분 휴식 원칙, NSCA의 다관절 운동 우선 원칙을 반영; 개인별 부하·진행은 Agent가 결정.",PRIMARY,NEX-000041,NONE,No versioned source-pair decision recorded.,DOMAIN_EXPERT_REVIEW,2026-08-25T00:00:00+09:00,dumbbell lunge,FITT-COMPOUND-LUNGE-V1,MODERATE,NONE,다관절 저항운동 패턴 전용 복합 템플릿 적용.,LUNGE,STRENGTH
NEX-000042,덤벨 라잉 리어 레터럴 레이즈,SHOULDERS,"[""SHOULDER""]","[""UPPER_BACK""]",,BEGINNER,BEGINNER,REPS,3,10-15,,60-90,,MODERATE,REVIEW_REQUIRED,APPROVED,APPROVED,APPROVED,APPROVED,source title converted to Korean draft; Korean localization review required,DOMAIN_APPROVED_V2_TARGET_MUSCLE_REVIEW_2026_08_25,Codex-assisted review: primary records direct force-producing area(s); secondary records assisting or stabilizing area(s).,Codex-assisted review: basic movement in a stable setup with low technical demand for entry-level learners.,"작업 요청의 보수적 카탈로그 기본값. ACSM 2009 Position Stand의 초보자 8–12 RM과 보조운동 1–2분 휴식 원칙을 참고해 반복 수를 10–15회, 휴식을 60–90초로 설정; 단일관절 여부와 개인별 부하는 Agent가 확인.",PRIMARY,NEX-000042,NONE,No versioned source-pair decision recorded.,DOMAIN_EXPERT_REVIEW,2026-08-25T00:00:00+09:00,dumbbell lying rear lateral raise,FITT-ISOLATION-STRENGTH-V1,MODERATE,NONE,단일관절 또는 고립 저항운동 특성으로 ISOLATION_STRENGTH 템플릿 적용.,PULL,STRENGTH
NEX-000043,원암 덤벨 숄더 프레스,SHOULDERS,"[""SHOULDER""]","[""ELBOW""]",,INTERMEDIATE,INTERMEDIATE,REPS,3,8-12,,90,,MODERATE,REVIEW_REQUIRED,APPROVED,APPROVED,APPROVED,APPROVED,source title converted to Korean draft; Korean localization review required,DOMAIN_APPROVED_V2_TARGET_MUSCLE_REVIEW_2026_08_25,Codex-assisted review: primary records direct force-producing area(s); secondary records assisting or stabilizing area(s).,"Codex-assisted review: requires baseline form, load/posture control, or free-weight coordination.","작업 요청의 보수적 카탈로그 기본값. ACSM 2009 Position Stand의 초보자 8–12 RM 및 초보·중급 저항운동 1–2분 휴식 원칙, NSCA의 다관절 운동 우선 원칙을 반영; 개인별 부하·진행은 Agent가 결정.",MEDIA_VARIANT,NEX-000044,SAME_MOVEMENT_MEDIA_VARIANT,"Same target, equipment, stance, and overhead press; 0360 only adds a core cue.",DOMAIN_EXPERT_REVIEW,2026-08-25T00:00:00+09:00,dumbbell one arm shoulder press v. 2,FITT-COMPOUND-PUSH-V1,MODERATE,NONE,다관절 저항운동 패턴 전용 복합 템플릿 적용.,PUSH,STRENGTH
NEX-000044,원암 덤벨 숄더 프레스,SHOULDERS,"[""SHOULDER""]","[""ELBOW""]",,INTERMEDIATE,INTERMEDIATE,REPS,3,8-12,,90,,MODERATE,REVIEW_REQUIRED,APPROVED,APPROVED,APPROVED,APPROVED,source title converted to Korean draft; Korean localization review required,DOMAIN_APPROVED_V2_TARGET_MUSCLE_REVIEW_2026_08_25,Codex-assisted review: primary records direct force-producing area(s); secondary records assisting or stabilizing area(s).,"Codex-assisted review: requires baseline form, load/posture control, or free-weight coordination.","작업 요청의 보수적 카탈로그 기본값. ACSM 2009 Position Stand의 초보자 8–12 RM 및 초보·중급 저항운동 1–2분 휴식 원칙, NSCA의 다관절 운동 우선 원칙을 반영; 개인별 부하·진행은 Agent가 결정.",PRIMARY,NEX-000044,NONE,Canonical user-facing record for the one-arm shoulder press source pair.,DOMAIN_EXPERT_REVIEW,2026-08-25T00:00:00+09:00,dumbbell one arm shoulder press,FITT-COMPOUND-PUSH-V1,MODERATE,NONE,다관절 저항운동 패턴 전용 복합 템플릿 적용.,PUSH,STRENGTH
NEX-000045,덤벨 오버 벤치 리버스 리스트 컬,FOREARMS,"[""WRIST_HAND""]","[""ELBOW""]",,BEGINNER,BEGINNER,REPS,3,10-15,,60-90,,MODERATE,REVIEW_REQUIRED,APPROVED,APPROVED,APPROVED,APPROVED,source title converted to Korean draft; Korean localization review required,DOMAIN_APPROVED_V2_TARGET_MUSCLE_REVIEW_2026_08_25,Codex-assisted review: primary records direct force-producing area(s); secondary records assisting or stabilizing area(s).,Codex-assisted review: basic movement in a stable setup with low technical demand for entry-level learners.,"작업 요청의 보수적 카탈로그 기본값. ACSM 2009 Position Stand의 초보자 8–12 RM과 보조운동 1–2분 휴식 원칙을 참고해 반복 수를 10–15회, 휴식을 60–90초로 설정; 단일관절 여부와 개인별 부하는 Agent가 확인.",PRIMARY,NEX-000045,NONE,No versioned source-pair decision recorded.,DOMAIN_EXPERT_REVIEW,2026-08-25T00:00:00+09:00,dumbbell over bench revers wrist curl,FITT-ISOLATION-STRENGTH-V1,MODERATE,NONE,단일관절 또는 고립 저항운동 특성으로 ISOLATION_STRENGTH 템플릿 적용.,PULL,STRENGTH
NEX-000046,덤벨 오버 벤치 리스트 컬,FOREARMS,"[""WRIST_HAND""]","[""ELBOW""]",,BEGINNER,BEGINNER,REPS,3,10-15,,60-90,,MODERATE,REVIEW_REQUIRED,APPROVED,APPROVED,APPROVED,APPROVED,source title converted to Korean draft; Korean localization review required,DOMAIN_APPROVED_V2_TARGET_MUSCLE_REVIEW_2026_08_25,Codex-assisted review: primary records direct force-producing area(s); secondary records assisting or stabilizing area(s).,Codex-assisted review: basic movement in a stable setup with low technical demand for entry-level learners.,"작업 요청의 보수적 카탈로그 기본값. ACSM 2009 Position Stand의 초보자 8–12 RM과 보조운동 1–2분 휴식 원칙을 참고해 반복 수를 10–15회, 휴식을 60–90초로 설정; 단일관절 여부와 개인별 부하는 Agent가 확인.",PRIMARY,NEX-000046,NONE,No versioned source-pair decision recorded.,DOMAIN_EXPERT_REVIEW,2026-08-25T00:00:00+09:00,dumbbell over bench wrist curl,FITT-ISOLATION-STRENGTH-V1,MODERATE,NONE,단일관절 또는 고립 저항운동 특성으로 ISOLATION_STRENGTH 템플릿 적용.,PULL,STRENGTH
NEX-000047,덤벨 프리처 컬,BICEPS,"[""ELBOW""]","[""WRIST_HAND""]",,BEGINNER,BEGINNER,REPS,3,10-15,,60-90,,MODERATE,REVIEW_REQUIRED,APPROVED,APPROVED,APPROVED,APPROVED,source title converted to Korean draft; Korean localization review required,DOMAIN_APPROVED_V2_TARGET_MUSCLE_REVIEW_2026_08_25,Codex-assisted review: primary records direct force-producing area(s); secondary records assisting or stabilizing area(s).,Codex-assisted review: basic movement in a stable setup with low technical demand for entry-level learners.,"작업 요청의 보수적 카탈로그 기본값. ACSM 2009 Position Stand의 초보자 8–12 RM과 보조운동 1–2분 휴식 원칙을 참고해 반복 수를 10–15회, 휴식을 60–90초로 설정; 단일관절 여부와 개인별 부하는 Agent가 확인.",PRIMARY,NEX-000047,NONE,No versioned source-pair decision recorded.,DOMAIN_EXPERT_REVIEW,2026-08-25T00:00:00+09:00,dumbbell preacher curl,FITT-ISOLATION-STRENGTH-V1,MODERATE,NONE,단일관절 또는 고립 저항운동 특성으로 ISOLATION_STRENGTH 템플릿 적용.,PULL,STRENGTH
NEX-000048,덤벨 리어 플라이,SHOULDERS,"[""SHOULDER""]","[""UPPER_BACK""]",,BEGINNER,BEGINNER,REPS,3,10-15,,60-90,,MODERATE,REVIEW_REQUIRED,APPROVED,APPROVED,APPROVED,APPROVED,source title converted to Korean draft; Korean localization review required,DOMAIN_APPROVED_V2_TARGET_MUSCLE_REVIEW_2026_08_25,Codex-assisted review: primary records direct force-producing area(s); secondary records assisting or stabilizing area(s).,Codex-assisted review: basic movement in a stable setup with low technical demand for entry-level learners.,"작업 요청의 보수적 카탈로그 기본값. ACSM 2009 Position Stand의 초보자 8–12 RM과 보조운동 1–2분 휴식 원칙을 참고해 반복 수를 10–15회, 휴식을 60–90초로 설정; 단일관절 여부와 개인별 부하는 Agent가 확인.",PRIMARY,NEX-000048,NONE,No versioned source-pair decision recorded.,DOMAIN_EXPERT_REVIEW,2026-08-25T00:00:00+09:00,dumbbell rear fly,FITT-ISOLATION-STRENGTH-V1,MODERATE,NONE,단일관절 또는 고립 저항운동 특성으로 ISOLATION_STRENGTH 템플릿 적용.,PULL,STRENGTH
NEX-000049,덤벨 레터럴 레이즈,SHOULDERS,"[""SHOULDER""]","[""ELBOW""]",,BEGINNER,BEGINNER,REPS,3,10-15,,60-90,,MODERATE,REVIEW_REQUIRED,APPROVED,APPROVED,APPROVED,APPROVED,source title converted to Korean draft; Korean localization review required,DOMAIN_APPROVED_V2_TARGET_MUSCLE_REVIEW_2026_08_25,Codex-assisted review: primary records direct force-producing area(s); secondary records assisting or stabilizing area(s).,Codex-assisted review: basic movement in a stable setup with low technical demand for entry-level learners.,"작업 요청의 보수적 카탈로그 기본값. ACSM 2009 Position Stand의 초보자 8–12 RM과 보조운동 1–2분 휴식 원칙을 참고해 반복 수를 10–15회, 휴식을 60–90초로 설정; 단일관절 여부와 개인별 부하는 Agent가 확인.",PRIMARY,NEX-000049,NONE,No versioned source-pair decision recorded.,DOMAIN_EXPERT_REVIEW,2026-08-25T00:00:00+09:00,dumbbell rear lateral raise (support head),FITT-ISOLATION-STRENGTH-V1,MODERATE,NONE,단일관절 또는 고립 저항운동 특성으로 ISOLATION_STRENGTH 템플릿 적용.,PUSH,STRENGTH
NEX-000050,덤벨 레터럴 레이즈,SHOULDERS,"[""SHOULDER""]","[""ELBOW""]",,BEGINNER,BEGINNER,REPS,3,10-15,,60-90,,MODERATE,REVIEW_REQUIRED,APPROVED,APPROVED,APPROVED,APPROVED,source title converted to Korean draft; Korean localization review required,DOMAIN_APPROVED_V2_TARGET_MUSCLE_REVIEW_2026_08_25,Codex-assisted review: primary records direct force-producing area(s); secondary records assisting or stabilizing area(s).,Codex-assisted review: basic movement in a stable setup with low technical demand for entry-level learners.,"작업 요청의 보수적 카탈로그 기본값. ACSM 2009 Position Stand의 초보자 8–12 RM과 보조운동 1–2분 휴식 원칙을 참고해 반복 수를 10–15회, 휴식을 60–90초로 설정; 단일관절 여부와 개인별 부하는 Agent가 확인.",PRIMARY,NEX-000050,NONE,No versioned source-pair decision recorded.,DOMAIN_EXPERT_REVIEW,2026-08-25T00:00:00+09:00,dumbbell rear lateral raise,FITT-ISOLATION-STRENGTH-V1,MODERATE,NONE,단일관절 또는 고립 저항운동 특성으로 ISOLATION_STRENGTH 템플릿 적용.,PUSH,STRENGTH
NEX-000051,덤벨 런지,GLUTES,"[""HIP"",""KNEE""]","[""ANKLE_FOOT""]",,INTERMEDIATE,INTERMEDIATE,REPS,3,8-12,,90,,MODERATE,REVIEW_REQUIRED,APPROVED,APPROVED,APPROVED,APPROVED,source title converted to Korean draft; Korean localization review required,DOMAIN_APPROVED_V2_TARGET_MUSCLE_REVIEW_2026_08_25,Codex-assisted review: primary records direct force-producing area(s); secondary records assisting or stabilizing area(s).,"Codex-assisted review: requires baseline form, load/posture control, or free-weight coordination.","작업 요청의 보수적 카탈로그 기본값. ACSM 2009 Position Stand의 초보자 8–12 RM 및 초보·중급 저항운동 1–2분 휴식 원칙, NSCA의 다관절 운동 우선 원칙을 반영; 개인별 부하·진행은 Agent가 결정.",PRIMARY,NEX-000051,NONE,No versioned source-pair decision recorded.,DOMAIN_EXPERT_REVIEW,2026-08-25T00:00:00+09:00,dumbbell rear lunge,FITT-COMPOUND-LUNGE-V1,MODERATE,NONE,다관절 저항운동 패턴 전용 복합 템플릿 적용.,LUNGE,STRENGTH
NEX-000052,덤벨 리버스 리스트 컬,FOREARMS,"[""WRIST_HAND""]","[""ELBOW""]",,BEGINNER,BEGINNER,REPS,3,10-15,,60-90,,MODERATE,REVIEW_REQUIRED,APPROVED,APPROVED,APPROVED,APPROVED,source title converted to Korean draft; Korean localization review required,DOMAIN_APPROVED_V2_TARGET_MUSCLE_REVIEW_2026_08_25,Codex-assisted review: primary records direct force-producing area(s); secondary records assisting or stabilizing area(s).,Codex-assisted review: basic movement in a stable setup with low technical demand for entry-level learners.,"작업 요청의 보수적 카탈로그 기본값. ACSM 2009 Position Stand의 초보자 8–12 RM과 보조운동 1–2분 휴식 원칙을 참고해 반복 수를 10–15회, 휴식을 60–90초로 설정; 단일관절 여부와 개인별 부하는 Agent가 확인.",PRIMARY,NEX-000052,NONE,No versioned source-pair decision recorded.,DOMAIN_EXPERT_REVIEW,2026-08-25T00:00:00+09:00,dumbbell reverse wrist curl,FITT-ISOLATION-STRENGTH-V1,MODERATE,NONE,단일관절 또는 고립 저항운동 특성으로 ISOLATION_STRENGTH 템플릿 적용.,PULL,STRENGTH
NEX-000053,덤벨 시티드 교대 프론트 레이즈,SHOULDERS,"[""SHOULDER""]","[""ELBOW""]",,BEGINNER,BEGINNER,REPS,3,10-15,,60-90,,MODERATE,REVIEW_REQUIRED,APPROVED,APPROVED,APPROVED,APPROVED,source title converted to Korean draft; Korean localization review required,DOMAIN_APPROVED_V2_TARGET_MUSCLE_REVIEW_2026_08_25,Codex-assisted review: primary records direct force-producing area(s); secondary records assisting or stabilizing area(s).,Codex-assisted review: basic movement in a stable setup with low technical demand for entry-level learners.,"작업 요청의 보수적 카탈로그 기본값. ACSM 2009 Position Stand의 초보자 8–12 RM과 보조운동 1–2분 휴식 원칙을 참고해 반복 수를 10–15회, 휴식을 60–90초로 설정; 단일관절 여부와 개인별 부하는 Agent가 확인.",PRIMARY,NEX-000053,NONE,No versioned source-pair decision recorded.,DOMAIN_EXPERT_REVIEW,2026-08-25T00:00:00+09:00,dumbbell seated alternate front raise,FITT-ISOLATION-STRENGTH-V1,MODERATE,NONE,단일관절 또는 고립 저항운동 특성으로 ISOLATION_STRENGTH 템플릿 적용.,PUSH,STRENGTH
NEX-000054,덤벨 시티드 프리처 컬,BICEPS,"[""ELBOW""]","[""WRIST_HAND""]",,BEGINNER,BEGINNER,REPS,3,10-15,,60-90,,MODERATE,REVIEW_REQUIRED,APPROVED,APPROVED,APPROVED,APPROVED,source title converted to Korean draft; Korean localization review required,DOMAIN_APPROVED_V2_TARGET_MUSCLE_REVIEW_2026_08_25,Codex-assisted review: primary records direct force-producing area(s); secondary records assisting or stabilizing area(s).,Codex-assisted review: basic movement in a stable setup with low technical demand for entry-level learners.,"작업 요청의 보수적 카탈로그 기본값. ACSM 2009 Position Stand의 초보자 8–12 RM과 보조운동 1–2분 휴식 원칙을 참고해 반복 수를 10–15회, 휴식을 60–90초로 설정; 단일관절 여부와 개인별 부하는 Agent가 확인.",PRIMARY,NEX-000054,NONE,No versioned source-pair decision recorded.,DOMAIN_EXPERT_REVIEW,2026-08-25T00:00:00+09:00,dumbbell seated preacher curl,FITT-ISOLATION-STRENGTH-V1,MODERATE,NONE,단일관절 또는 고립 저항운동 특성으로 ISOLATION_STRENGTH 템플릿 적용.,PULL,STRENGTH
NEX-000055,덤벨 시티드 숄더 프레스,SHOULDERS,"[""SHOULDER""]","[""ELBOW""]",,INTERMEDIATE,INTERMEDIATE,REPS,3,8-12,,90,,MODERATE,REVIEW_REQUIRED,APPROVED,APPROVED,APPROVED,APPROVED,source title converted to Korean draft; Korean localization review required,DOMAIN_APPROVED_V2_TARGET_MUSCLE_REVIEW_2026_08_25,Codex-assisted review: primary records direct force-producing area(s); secondary records assisting or stabilizing area(s).,"Codex-assisted review: requires baseline form, load/posture control, or free-weight coordination.","작업 요청의 보수적 카탈로그 기본값. ACSM 2009 Position Stand의 초보자 8–12 RM 및 초보·중급 저항운동 1–2분 휴식 원칙, NSCA의 다관절 운동 우선 원칙을 반영; 개인별 부하·진행은 Agent가 결정.",PRIMARY,NEX-000055,NONE,No versioned source-pair decision recorded.,DOMAIN_EXPERT_REVIEW,2026-08-25T00:00:00+09:00,dumbbell seated shoulder press (parallel grip),FITT-COMPOUND-PUSH-V1,MODERATE,NONE,다관절 저항운동 패턴 전용 복합 템플릿 적용.,PUSH,STRENGTH
NEX-000056,덤벨 시티드 숄더 프레스,SHOULDERS,"[""SHOULDER""]","[""ELBOW""]",,INTERMEDIATE,INTERMEDIATE,REPS,3,8-12,,90,,MODERATE,REVIEW_REQUIRED,APPROVED,APPROVED,APPROVED,APPROVED,source title converted to Korean draft; Korean localization review required,DOMAIN_APPROVED_V2_TARGET_MUSCLE_REVIEW_2026_08_25,Codex-assisted review: primary records direct force-producing area(s); secondary records assisting or stabilizing area(s).,"Codex-assisted review: requires baseline form, load/posture control, or free-weight coordination.","작업 요청의 보수적 카탈로그 기본값. ACSM 2009 Position Stand의 초보자 8–12 RM 및 초보·중급 저항운동 1–2분 휴식 원칙, NSCA의 다관절 운동 우선 원칙을 반영; 개인별 부하·진행은 Agent가 결정.",PRIMARY,NEX-000056,NONE,No versioned source-pair decision recorded.,DOMAIN_EXPERT_REVIEW,2026-08-25T00:00:00+09:00,dumbbell seated shoulder press,FITT-COMPOUND-PUSH-V1,MODERATE,NONE,다관절 저항운동 패턴 전용 복합 템플릿 적용.,PUSH,STRENGTH
NEX-000057,덤벨 슈러그,BACK,"[""UPPER_BACK""]","[""SHOULDER""]",,BEGINNER,BEGINNER,REPS,3,10-15,,60-90,,MODERATE,REVIEW_REQUIRED,APPROVED,APPROVED,APPROVED,APPROVED,source title converted to Korean draft; Korean localization review required,DOMAIN_APPROVED_V2_TARGET_MUSCLE_REVIEW_2026_08_25,Codex-assisted review: primary records direct force-producing area(s); secondary records assisting or stabilizing area(s).,Codex-assisted review: basic movement in a stable setup with low technical demand for entry-level learners.,"작업 요청의 보수적 카탈로그 기본값. ACSM 2009 Position Stand의 초보자 8–12 RM과 보조운동 1–2분 휴식 원칙을 참고해 반복 수를 10–15회, 휴식을 60–90초로 설정; 단일관절 여부와 개인별 부하는 Agent가 확인.",PRIMARY,NEX-000057,NONE,No versioned source-pair decision recorded.,DOMAIN_EXPERT_REVIEW,2026-08-25T00:00:00+09:00,dumbbell shrug,FITT-ISOLATION-STRENGTH-V1,MODERATE,NONE,단일관절 또는 고립 저항운동 특성으로 ISOLATION_STRENGTH 템플릿 적용.,PULL,STRENGTH
NEX-000058,덤벨 싱글 레그 카프 레이즈,CALVES,"[""ANKLE_FOOT""]","[""KNEE""]",,INTERMEDIATE,INTERMEDIATE,REPS,3,10-15,,60-90,,MODERATE,REVIEW_REQUIRED,APPROVED,APPROVED,APPROVED,APPROVED,source title converted to Korean draft; Korean localization review required,DOMAIN_APPROVED_V2_TARGET_MUSCLE_REVIEW_2026_08_25,Codex-assisted review: primary records direct force-producing area(s); secondary records assisting or stabilizing area(s).,"Codex-assisted review: requires baseline form, load/posture control, or free-weight coordination.","작업 요청의 보수적 카탈로그 기본값. ACSM 2009 Position Stand의 초보자 8–12 RM과 보조운동 1–2분 휴식 원칙을 참고해 반복 수를 10–15회, 휴식을 60–90초로 설정; 단일관절 여부와 개인별 부하는 Agent가 확인.",PRIMARY,NEX-000058,NONE,No versioned source-pair decision recorded.,DOMAIN_EXPERT_REVIEW,2026-08-25T00:00:00+09:00,dumbbell single leg calf raise,FITT-ISOLATION-STRENGTH-V1,MODERATE,NONE,단일관절 또는 고립 저항운동 특성으로 ISOLATION_STRENGTH 템플릿 적용.,SQUAT,STRENGTH
NEX-000059,덤벨 스탠딩 이두 컬,BICEPS,"[""ELBOW""]","[""WRIST_HAND""]",,BEGINNER,BEGINNER,REPS,3,10-15,,60-90,,MODERATE,REVIEW_REQUIRED,APPROVED,APPROVED,APPROVED,APPROVED,source title converted to Korean draft; Korean localization review required,DOMAIN_APPROVED_V2_TARGET_MUSCLE_REVIEW_2026_08_25,Codex-assisted review: primary records direct force-producing area(s); secondary records assisting or stabilizing area(s).,Codex-assisted review: basic movement in a stable setup with low technical demand for entry-level learners.,"작업 요청의 보수적 카탈로그 기본값. ACSM 2009 Position Stand의 초보자 8–12 RM과 보조운동 1–2분 휴식 원칙을 참고해 반복 수를 10–15회, 휴식을 60–90초로 설정; 단일관절 여부와 개인별 부하는 Agent가 확인.",PRIMARY,NEX-000059,NONE,No versioned source-pair decision recorded.,DOMAIN_EXPERT_REVIEW,2026-08-25T00:00:00+09:00,dumbbell standing biceps curl,FITT-ISOLATION-STRENGTH-V1,MODERATE,NONE,단일관절 또는 고립 저항운동 특성으로 ISOLATION_STRENGTH 템플릿 적용.,PULL,STRENGTH
NEX-000060,덤벨 스탠딩 프리처 컬,BICEPS,"[""ELBOW""]","[""WRIST_HAND""]",,BEGINNER,BEGINNER,REPS,3,10-15,,60-90,,MODERATE,REVIEW_REQUIRED,APPROVED,APPROVED,APPROVED,APPROVED,source title converted to Korean draft; Korean localization review required,DOMAIN_APPROVED_V2_TARGET_MUSCLE_REVIEW_2026_08_25,Codex-assisted review: primary records direct force-producing area(s); secondary records assisting or stabilizing area(s).,Codex-assisted review: basic movement in a stable setup with low technical demand for entry-level learners.,"작업 요청의 보수적 카탈로그 기본값. ACSM 2009 Position Stand의 초보자 8–12 RM과 보조운동 1–2분 휴식 원칙을 참고해 반복 수를 10–15회, 휴식을 60–90초로 설정; 단일관절 여부와 개인별 부하는 Agent가 확인.",PRIMARY,NEX-000060,NONE,No versioned source-pair decision recorded.,DOMAIN_EXPERT_REVIEW,2026-08-25T00:00:00+09:00,dumbbell standing preacher curl,FITT-ISOLATION-STRENGTH-V1,MODERATE,NONE,단일관절 또는 고립 저항운동 특성으로 ISOLATION_STRENGTH 템플릿 적용.,PULL,STRENGTH
NEX-000061,덤벨 스티프 레그 데드리프트,GLUTES,"[""HIP""]","[""KNEE"",""LOWER_BACK""]",,INTERMEDIATE,INTERMEDIATE,REPS,3,8-12,,90,,MODERATE,REVIEW_REQUIRED,APPROVED,APPROVED,APPROVED,APPROVED,source title converted to Korean draft; Korean localization review required,DOMAIN_APPROVED_V2_TARGET_MUSCLE_REVIEW_2026_08_25,Codex-assisted review: primary records direct force-producing area(s); secondary records assisting or stabilizing area(s).,"Codex-assisted review: requires baseline form, load/posture control, or free-weight coordination.","작업 요청의 보수적 카탈로그 기본값. ACSM 2009 Position Stand의 초보자 8–12 RM 및 초보·중급 저항운동 1–2분 휴식 원칙, NSCA의 다관절 운동 우선 원칙을 반영; 개인별 부하·진행은 Agent가 결정.",PRIMARY,NEX-000061,NONE,No versioned source-pair decision recorded.,DOMAIN_EXPERT_REVIEW,2026-08-25T00:00:00+09:00,dumbbell stiff leg deadlift,FITT-COMPOUND-HINGE-V1,MODERATE,NONE,다관절 저항운동 패턴 전용 복합 템플릿 적용.,HINGE,STRENGTH
NEX-000062,덤벨 스트레이트 레그 데드리프트,GLUTES,"[""HIP""]","[""KNEE"",""LOWER_BACK""]",,INTERMEDIATE,INTERMEDIATE,REPS,3,8-12,,90,,MODERATE,REVIEW_REQUIRED,APPROVED,APPROVED,APPROVED,APPROVED,source title converted to Korean draft; Korean localization review required,DOMAIN_APPROVED_V2_TARGET_MUSCLE_REVIEW_2026_08_25,Codex-assisted review: primary records direct force-producing area(s); secondary records assisting or stabilizing area(s).,"Codex-assisted review: requires baseline form, load/posture control, or free-weight coordination.","작업 요청의 보수적 카탈로그 기본값. ACSM 2009 Position Stand의 초보자 8–12 RM 및 초보·중급 저항운동 1–2분 휴식 원칙, NSCA의 다관절 운동 우선 원칙을 반영; 개인별 부하·진행은 Agent가 결정.",PRIMARY,NEX-000062,NONE,No versioned source-pair decision recorded.,DOMAIN_EXPERT_REVIEW,2026-08-25T00:00:00+09:00,dumbbell straight leg deadlift,FITT-COMPOUND-HINGE-V1,MODERATE,NONE,다관절 저항운동 패턴 전용 복합 템플릿 적용.,HINGE,STRENGTH
NEX-000063,트위스트 플랭크,CORE,"[""ABDOMEN""]","[""LOWER_BACK""]",,INTERMEDIATE,INTERMEDIATE,DURATION,2-3,,30-45,45-60,,LIGHT_MODERATE,REVIEW_REQUIRED,APPROVED,APPROVED,APPROVED,APPROVED,source title converted to Korean draft; Korean localization review required,DOMAIN_APPROVED_V2_TARGET_MUSCLE_REVIEW_2026_08_25,Codex-assisted review: primary records direct force-producing area(s); secondary records assisting or stabilizing area(s).,"Codex-assisted review: requires baseline form, load/posture control, or free-weight coordination.",작업 요청의 보수적 코어 안정화 기본값. 시간·휴식 범위는 일반 수행 템플릿이며 통증·재활 처방이 아님; 개인별 자세·진행은 Agent가 조정.,PRIMARY,NEX-000063,NONE,No versioned source-pair decision recorded.,DOMAIN_EXPERT_REVIEW,2026-08-25T00:00:00+09:00,front plank with twist,FITT-CORE-STABILITY-V1,LIGHT_MODERATE,NONE,패턴 전용 FITT 템플릿 적용.,CORE,STRENGTH
NEX-000064,백익스텐션,BACK,"[""LOWER_BACK""]","[""HIP"",""UPPER_BACK""]",,INTERMEDIATE,INTERMEDIATE,REPS,3,8-12,,90,,MODERATE,REVIEW_REQUIRED,APPROVED,APPROVED,APPROVED,APPROVED,source title converted to Korean draft; Korean localization review required,DOMAIN_APPROVED_V2_TARGET_MUSCLE_REVIEW_2026_08_25,Codex-assisted review: primary records direct force-producing area(s); secondary records assisting or stabilizing area(s).,"Codex-assisted review: requires baseline form, load/posture control, or free-weight coordination.","작업 요청의 보수적 카탈로그 기본값. ACSM 2009 Position Stand의 초보자 8–12 RM 및 초보·중급 저항운동 1–2분 휴식 원칙, NSCA의 다관절 운동 우선 원칙을 반영; 개인별 부하·진행은 Agent가 결정.",PRIMARY,NEX-000064,NONE,No versioned source-pair decision recorded.,DOMAIN_EXPERT_REVIEW,2026-08-25T00:00:00+09:00,hyperextension,FITT-COMPOUND-HINGE-V1,MODERATE,NONE,다관절 저항운동 패턴 전용 복합 템플릿 적용.,HINGE,STRENGTH
NEX-000065,인버스 레그 컬,HAMSTRINGS,"[""KNEE""]","[""HIP""]",,BEGINNER,BEGINNER,REPS,3,10-15,,60-90,,MODERATE,REVIEW_REQUIRED,APPROVED,APPROVED,APPROVED,APPROVED,source title converted to Korean draft; Korean localization review required,DOMAIN_APPROVED_V2_TARGET_MUSCLE_REVIEW_2026_08_25,Codex-assisted review: primary records direct force-producing area(s); secondary records assisting or stabilizing area(s).,Codex-assisted review: basic movement in a stable setup with low technical demand for entry-level learners.,"작업 요청의 보수적 카탈로그 기본값. ACSM 2009 Position Stand의 초보자 8–12 RM과 보조운동 1–2분 휴식 원칙을 참고해 반복 수를 10–15회, 휴식을 60–90초로 설정; 단일관절 여부와 개인별 부하는 Agent가 확인.",PRIMARY,NEX-000065,NONE,No versioned source-pair decision recorded.,DOMAIN_EXPERT_REVIEW,2026-08-25T00:00:00+09:00,inverse leg curl (bench support),FITT-ISOLATION-STRENGTH-V1,MODERATE,NONE,단일관절 또는 고립 저항운동 특성으로 ISOLATION_STRENGTH 템플릿 적용.,HINGE,STRENGTH
NEX-000066,인버티드 로우(스트랩),BACK,"[""UPPER_BACK""]","[""ELBOW"",""SHOULDER""]",,INTERMEDIATE,INTERMEDIATE,REPS,3,8-12,,90,,MODERATE,REVIEW_REQUIRED,APPROVED,APPROVED,APPROVED,APPROVED,source title converted to Korean draft; Korean localization review required,DOMAIN_APPROVED_V2_TARGET_MUSCLE_REVIEW_2026_08_25,Codex-assisted review: primary records direct force-producing area(s); secondary records assisting or stabilizing area(s).,"Codex-assisted review: requires baseline form, load/posture control, or free-weight coordination.","작업 요청의 보수적 카탈로그 기본값. ACSM 2009 Position Stand의 초보자 8–12 RM 및 초보·중급 저항운동 1–2분 휴식 원칙, NSCA의 다관절 운동 우선 원칙을 반영; 개인별 부하·진행은 Agent가 결정.",PRIMARY,NEX-000066,NONE,No versioned source-pair decision recorded.,DOMAIN_EXPERT_REVIEW,2026-08-25T00:00:00+09:00,inverted row with straps,FITT-COMPOUND-PULL-V1,MODERATE,NONE,다관절 저항운동 패턴 전용 복합 템플릿 적용.,PULL,STRENGTH
NEX-000067,인버티드 로우,BACK,"[""UPPER_BACK""]","[""ELBOW"",""SHOULDER""]",,INTERMEDIATE,INTERMEDIATE,REPS,3,8-12,,90,,MODERATE,REVIEW_REQUIRED,APPROVED,APPROVED,APPROVED,APPROVED,source title converted to Korean draft; Korean localization review required,DOMAIN_APPROVED_V2_TARGET_MUSCLE_REVIEW_2026_08_25,Codex-assisted review: primary records direct force-producing area(s); secondary records assisting or stabilizing area(s).,"Codex-assisted review: requires baseline form, load/posture control, or free-weight coordination.","작업 요청의 보수적 카탈로그 기본값. ACSM 2009 Position Stand의 초보자 8–12 RM 및 초보·중급 저항운동 1–2분 휴식 원칙, NSCA의 다관절 운동 우선 원칙을 반영; 개인별 부하·진행은 Agent가 결정.",PRIMARY,NEX-000067,NONE,No versioned source-pair decision recorded.,DOMAIN_EXPERT_REVIEW,2026-08-25T00:00:00+09:00,inverted row,FITT-COMPOUND-PULL-V1,MODERATE,NONE,다관절 저항운동 패턴 전용 복합 템플릿 적용.,PULL,STRENGTH
NEX-000068,케틀벨 런지,GLUTES,"[""HIP"",""KNEE""]","[""ANKLE_FOOT""]",,INTERMEDIATE,INTERMEDIATE,REPS,3,8-12,,90,,MODERATE,REVIEW_REQUIRED,APPROVED,APPROVED,APPROVED,APPROVED,source title converted to Korean draft; Korean localization review required,DOMAIN_APPROVED_V2_TARGET_MUSCLE_REVIEW_2026_08_25,Codex-assisted review: primary records direct force-producing area(s); secondary records assisting or stabilizing area(s).,"Codex-assisted review: requires baseline form, load/posture control, or free-weight coordination; classify at the highest allowed service difficulty.","작업 요청의 보수적 카탈로그 기본값. ACSM 2009 Position Stand의 초보자 8–12 RM 및 초보·중급 저항운동 1–2분 휴식 원칙, NSCA의 다관절 운동 우선 원칙을 반영; 개인별 부하·진행은 Agent가 결정.",PRIMARY,NEX-000068,NONE,No versioned source-pair decision recorded.,DOMAIN_EXPERT_REVIEW,2026-08-25T00:00:00+09:00,kettlebell lunge pass through,FITT-COMPOUND-LUNGE-V1,MODERATE,NONE,다관절 저항운동 패턴 전용 복합 템플릿 적용.,LUNGE,STRENGTH
NEX-000069,레그 익스텐션,QUADRICEPS,"[""KNEE""]","[""HIP""]",,BEGINNER,BEGINNER,REPS,3,10-15,,60-90,,MODERATE,REVIEW_REQUIRED,APPROVED,APPROVED,APPROVED,APPROVED,source title converted to Korean draft; Korean localization review required,DOMAIN_APPROVED_V2_TARGET_MUSCLE_REVIEW_2026_08_25,Codex-assisted review: primary records direct force-producing area(s); secondary records assisting or stabilizing area(s).,Codex-assisted review: basic movement in a stable setup with low technical demand for entry-level learners.,"작업 요청의 보수적 카탈로그 기본값. ACSM 2009 Position Stand의 초보자 8–12 RM과 보조운동 1–2분 휴식 원칙을 참고해 반복 수를 10–15회, 휴식을 60–90초로 설정; 단일관절 여부와 개인별 부하는 Agent가 확인.",PRIMARY,NEX-000069,NONE,No versioned source-pair decision recorded.,DOMAIN_EXPERT_REVIEW,2026-08-25T00:00:00+09:00,lever leg extension,FITT-ISOLATION-STRENGTH-V1,MODERATE,NONE,단일관절 또는 고립 저항운동 특성으로 ISOLATION_STRENGTH 템플릿 적용.,SQUAT,STRENGTH
NEX-000070,시티드 카프 레이즈,CALVES,"[""ANKLE_FOOT""]","[""KNEE""]",,BEGINNER,BEGINNER,REPS,3,10-15,,60-90,,MODERATE,REVIEW_REQUIRED,APPROVED,APPROVED,APPROVED,APPROVED,source title converted to Korean draft; Korean localization review required,DOMAIN_APPROVED_V2_TARGET_MUSCLE_REVIEW_2026_08_25,Codex-assisted review: primary records direct force-producing area(s); secondary records assisting or stabilizing area(s).,Codex-assisted review: basic movement in a stable setup with low technical demand for entry-level learners.,"작업 요청의 보수적 카탈로그 기본값. ACSM 2009 Position Stand의 초보자 8–12 RM과 보조운동 1–2분 휴식 원칙을 참고해 반복 수를 10–15회, 휴식을 60–90초로 설정; 단일관절 여부와 개인별 부하는 Agent가 확인.",PRIMARY,NEX-000070,NONE,No versioned source-pair decision recorded.,DOMAIN_EXPERT_REVIEW,2026-08-25T00:00:00+09:00,lever seated calf raise,FITT-ISOLATION-STRENGTH-V1,MODERATE,NONE,단일관절 또는 고립 저항운동 특성으로 ISOLATION_STRENGTH 템플릿 적용.,SQUAT,STRENGTH
NEX-000071,시티드 레그 컬,HAMSTRINGS,"[""KNEE""]","[""HIP""]",,BEGINNER,BEGINNER,REPS,3,10-15,,60-90,,MODERATE,REVIEW_REQUIRED,APPROVED,APPROVED,APPROVED,APPROVED,source title converted to Korean draft; Korean localization review required,DOMAIN_APPROVED_V2_TARGET_MUSCLE_REVIEW_2026_08_25,Codex-assisted review: primary records direct force-producing area(s); secondary records assisting or stabilizing area(s).,Codex-assisted review: basic movement in a stable setup with low technical demand for entry-level learners.,"작업 요청의 보수적 카탈로그 기본값. ACSM 2009 Position Stand의 초보자 8–12 RM과 보조운동 1–2분 휴식 원칙을 참고해 반복 수를 10–15회, 휴식을 60–90초로 설정; 단일관절 여부와 개인별 부하는 Agent가 확인.",PRIMARY,NEX-000071,NONE,No versioned source-pair decision recorded.,DOMAIN_EXPERT_REVIEW,2026-08-25T00:00:00+09:00,lever seated leg curl,FITT-ISOLATION-STRENGTH-V1,MODERATE,NONE,단일관절 또는 고립 저항운동 특성으로 ISOLATION_STRENGTH 템플릿 적용.,HINGE,STRENGTH
NEX-000072,라잉 사이드 대퇴사두 스트레칭,MOBILITY,"[""KNEE""]","[""HIP""]",,BEGINNER,BEGINNER,DURATION,,,30-60,,15-30,LIGHT,REVIEW_REQUIRED,APPROVED,APPROVED,APPROVED,APPROVED,source title converted to Korean draft; Korean localization review required,DOMAIN_APPROVED_V2_TARGET_MUSCLE_REVIEW_2026_08_25,Codex-assisted review: primary records direct force-producing area(s); secondary records assisting or stabilizing area(s).,Codex-assisted review: basic movement in a stable setup with low technical demand for entry-level learners.,작업 요청의 보수적 가동성 기본값. 유지 시간과 전환 시간은 일반 준비·회복 목적의 카탈로그 값이며 치료 또는 재활 처방이 아님.,PRIMARY,NEX-000072,NONE,No versioned source-pair decision recorded.,DOMAIN_EXPERT_REVIEW,2026-08-25T00:00:00+09:00,lying (side) quads stretch,FITT-MOBILITY-V1,LIGHT,NONE,패턴 전용 FITT 템플릿 적용.,MOBILITY,MOBILITY
NEX-000073,오버헤드 삼두 스트레칭,MOBILITY,"[""ELBOW""]","[""SHOULDER"",""WRIST_HAND""]",,BEGINNER,BEGINNER,DURATION,,,30-60,,15-30,LIGHT,REVIEW_REQUIRED,APPROVED,APPROVED,APPROVED,APPROVED,source title converted to Korean draft; Korean localization review required,DOMAIN_APPROVED_V2_TARGET_MUSCLE_REVIEW_2026_08_25,Codex-assisted review: primary records direct force-producing area(s); secondary records assisting or stabilizing area(s).,Codex-assisted review: basic movement in a stable setup with low technical demand for entry-level learners.,작업 요청의 보수적 가동성 기본값. 유지 시간과 전환 시간은 일반 준비·회복 목적의 카탈로그 값이며 치료 또는 재활 처방이 아님.,PRIMARY,NEX-000073,NONE,No versioned source-pair decision recorded.,DOMAIN_EXPERT_REVIEW,2026-08-25T00:00:00+09:00,overhead triceps stretch,FITT-MOBILITY-V1,LIGHT,NONE,패턴 전용 FITT 템플릿 적용.,MOBILITY,MOBILITY
NEX-000074,푸시업,CHEST,"[""CHEST""]","[""SHOULDER"",""ELBOW""]",,BEGINNER,BEGINNER,REPS,2,8-15,,60,,LIGHT_MODERATE,REVIEW_REQUIRED,APPROVED,APPROVED,APPROVED,APPROVED,source title converted to Korean draft; Korean localization review required,DOMAIN_APPROVED_V2_TARGET_MUSCLE_REVIEW_2026_08_25,Codex-assisted review: primary records direct force-producing area(s); secondary records assisting or stabilizing area(s).,Codex-assisted review: basic movement in a stable setup with low technical demand for entry-level learners.,"작업 요청의 초보자용 맨몸 기본값. 외부 부하를 전제하지 않으며, 반복 상한·난이도·휴식은 Agent가 수행 품질과 개인 상태에 따라 조정.",PRIMARY,NEX-000074,NONE,No versioned source-pair decision recorded.,DOMAIN_EXPERT_REVIEW,2026-08-25T00:00:00+09:00,push-up,FITT-BODYWEIGHT-BEGINNER-V1,LIGHT_MODERATE,NONE,초급 맨몸 운동 특성으로 BODYWEIGHT_BEGINNER 템플릿 적용.,PUSH,STRENGTH
NEX-000075,리어 델토이드 스트레칭,MOBILITY,"[""SHOULDER""]","[""UPPER_BACK""]",,BEGINNER,BEGINNER,DURATION,,,30-60,,15-30,LIGHT,REVIEW_REQUIRED,APPROVED,APPROVED,APPROVED,APPROVED,source title converted to Korean draft; Korean localization review required,DOMAIN_APPROVED_V2_TARGET_MUSCLE_REVIEW_2026_08_25,Codex-assisted review: primary records direct force-producing area(s); secondary records assisting or stabilizing area(s).,Codex-assisted review: basic movement in a stable setup with low technical demand for entry-level learners.,작업 요청의 보수적 가동성 기본값. 유지 시간과 전환 시간은 일반 준비·회복 목적의 카탈로그 값이며 치료 또는 재활 처방이 아님.,PRIMARY,NEX-000075,NONE,No versioned source-pair decision recorded.,DOMAIN_EXPERT_REVIEW,2026-08-25T00:00:00+09:00,rear deltoid stretch,FITT-MOBILITY-V1,LIGHT,NONE,패턴 전용 FITT 템플릿 적용.,MOBILITY,MOBILITY
NEX-000076,달리기,CARDIO,"[""ANKLE_FOOT"",""KNEE""]","[""HIP""]",,BEGINNER,BEGINNER,DURATION,,,1200-2400,,,MODERATE,REVIEW_REQUIRED,APPROVED,APPROVED,APPROVED,APPROVED,source title converted to Korean draft; Korean localization review required,DOMAIN_APPROVED_V2_TARGET_MUSCLE_REVIEW_2026_08_25,Codex-assisted review: primary records direct force-producing area(s); secondary records assisting or stabilizing area(s).,Codex-assisted review: basic movement in a stable setup with low technical demand for entry-level learners.,"작업 요청의 중강도 유산소 카탈로그 기본값(20–40분). ACSM 일반 성인 유산소 활동 지침의 중강도 활동 원칙을 참고하며, 세부 강도·시간은 Agent가 조정.",PRIMARY,NEX-000076,NONE,No versioned source-pair decision recorded.,DOMAIN_EXPERT_REVIEW,2026-08-25T00:00:00+09:00,run,FITT-CARDIO-V1,MODERATE,NONE,패턴 전용 FITT 템플릿 적용.,CARDIO,CARDIO
NEX-000077,러시안 트위스트,CORE,"[""ABDOMEN""]","[""LOWER_BACK""]",,INTERMEDIATE,INTERMEDIATE,DURATION,2-3,,30-45,45-60,,LIGHT_MODERATE,REVIEW_REQUIRED,APPROVED,APPROVED,APPROVED,APPROVED,source title converted to Korean draft; Korean localization review required,DOMAIN_APPROVED_V2_TARGET_MUSCLE_REVIEW_2026_08_25,Codex-assisted review: primary records direct force-producing area(s); secondary records assisting or stabilizing area(s).,"Codex-assisted review: requires baseline form, load/posture control, or free-weight coordination.",작업 요청의 보수적 코어 안정화 기본값. 시간·휴식 범위는 일반 수행 템플릿이며 통증·재활 처방이 아님; 개인별 자세·진행은 Agent가 조정.,PRIMARY,NEX-000077,NONE,No versioned source-pair decision recorded.,DOMAIN_EXPERT_REVIEW,2026-08-25T00:00:00+09:00,russian twist,FITT-CORE-STABILITY-V1,LIGHT_MODERATE,NONE,패턴 전용 FITT 템플릿 적용.,CORE,STRENGTH
NEX-000078,견갑 풀업,BACK,"[""UPPER_BACK""]","[""SHOULDER"",""ELBOW""]",,INTERMEDIATE,INTERMEDIATE,REPS,3,8-12,,90,,MODERATE,REVIEW_REQUIRED,APPROVED,APPROVED,APPROVED,APPROVED,source title converted to Korean draft; Korean localization review required,DOMAIN_APPROVED_V2_TARGET_MUSCLE_REVIEW_2026_08_25,Codex-assisted review: primary records direct force-producing area(s); secondary records assisting or stabilizing area(s).,"Codex-assisted review: requires baseline form, load/posture control, or free-weight coordination.","작업 요청의 보수적 카탈로그 기본값. ACSM 2009 Position Stand의 초보자 8–12 RM 및 초보·중급 저항운동 1–2분 휴식 원칙, NSCA의 다관절 운동 우선 원칙을 반영; 개인별 부하·진행은 Agent가 결정.",PRIMARY,NEX-000078,NONE,No versioned source-pair decision recorded.,DOMAIN_EXPERT_REVIEW,2026-08-25T00:00:00+09:00,scapular pull-up,FITT-COMPOUND-PULL-V1,MODERATE,NONE,다관절 저항운동 패턴 전용 복합 템플릿 적용.,PULL,STRENGTH
NEX-000079,앉아서 허리 스트레칭,MOBILITY,"[""LOWER_BACK""]","[""UPPER_BACK"",""ABDOMEN""]",,BEGINNER,BEGINNER,DURATION,,,30-60,,15-30,LIGHT,REVIEW_REQUIRED,APPROVED,APPROVED,APPROVED,APPROVED,source title converted to Korean draft; Korean localization review required,DOMAIN_APPROVED_V2_TARGET_MUSCLE_REVIEW_2026_08_25,Codex-assisted review: primary records direct force-producing area(s); secondary records assisting or stabilizing area(s).,Codex-assisted review: basic movement in a stable setup with low technical demand for entry-level learners.,작업 요청의 보수적 가동성 기본값. 유지 시간과 전환 시간은 일반 준비·회복 목적의 카탈로그 값이며 치료 또는 재활 처방이 아님.,PRIMARY,NEX-000079,NONE,No versioned source-pair decision recorded.,DOMAIN_EXPERT_REVIEW,2026-08-25T00:00:00+09:00,seated lower back stretch,FITT-MOBILITY-V1,LIGHT,NONE,패턴 전용 FITT 템플릿 적용.,MOBILITY,MOBILITY
NEX-000080,사이드 크런치(벽),CORE,"[""ABDOMEN""]","[""LOWER_BACK""]",,BEGINNER,BEGINNER,DURATION,2-3,,30-45,45-60,,LIGHT_MODERATE,REVIEW_REQUIRED,APPROVED,APPROVED,APPROVED,APPROVED,source title converted to Korean draft; Korean localization review required,DOMAIN_APPROVED_V2_TARGET_MUSCLE_REVIEW_2026_08_25,Codex-assisted review: primary records direct force-producing area(s); secondary records assisting or stabilizing area(s).,Codex-assisted review: basic movement in a stable setup with low technical demand for entry-level learners.,작업 요청의 보수적 코어 안정화 기본값. 시간·휴식 범위는 일반 수행 템플릿이며 통증·재활 처방이 아님; 개인별 자세·진행은 Agent가 조정.,PRIMARY,NEX-000080,NONE,No versioned source-pair decision recorded.,DOMAIN_EXPERT_REVIEW,2026-08-25T00:00:00+09:00,seated side crunch (wall),FITT-CORE-STABILITY-V1,LIGHT_MODERATE,NONE,패턴 전용 FITT 템플릿 적용.,CORE,STRENGTH
NEX-000081,인버스 레그 컬(바닥),HAMSTRINGS,"[""KNEE""]","[""HIP""]",,BEGINNER,BEGINNER,REPS,3,10-15,,60-90,,MODERATE,REVIEW_REQUIRED,APPROVED,APPROVED,APPROVED,APPROVED,source title converted to Korean draft; Korean localization review required,DOMAIN_APPROVED_V2_TARGET_MUSCLE_REVIEW_2026_08_25,Codex-assisted review: primary records direct force-producing area(s); secondary records assisting or stabilizing area(s).,Codex-assisted review: basic movement in a stable setup with low technical demand for entry-level learners.,"작업 요청의 보수적 카탈로그 기본값. ACSM 2009 Position Stand의 초보자 8–12 RM과 보조운동 1–2분 휴식 원칙을 참고해 반복 수를 10–15회, 휴식을 60–90초로 설정; 단일관절 여부와 개인별 부하는 Agent가 확인.",PRIMARY,NEX-000081,NONE,No versioned source-pair decision recorded.,DOMAIN_EXPERT_REVIEW,2026-08-25T00:00:00+09:00,self assisted inverse leg curl (on floor),FITT-ISOLATION-STRENGTH-V1,MODERATE,NONE,단일관절 또는 고립 저항운동 특성으로 ISOLATION_STRENGTH 템플릿 적용.,HINGE,STRENGTH
NEX-000082,인버스 레그 컬,HAMSTRINGS,"[""KNEE""]","[""HIP""]",,BEGINNER,BEGINNER,REPS,3,10-15,,60-90,,MODERATE,REVIEW_REQUIRED,APPROVED,APPROVED,APPROVED,APPROVED,source title converted to Korean draft; Korean localization review required,DOMAIN_APPROVED_V2_TARGET_MUSCLE_REVIEW_2026_08_25,Codex-assisted review: primary records direct force-producing area(s); secondary records assisting or stabilizing area(s).,Codex-assisted review: basic movement in a stable setup with low technical demand for entry-level learners.,"작업 요청의 보수적 카탈로그 기본값. ACSM 2009 Position Stand의 초보자 8–12 RM과 보조운동 1–2분 휴식 원칙을 참고해 반복 수를 10–15회, 휴식을 60–90초로 설정; 단일관절 여부와 개인별 부하는 Agent가 확인.",PRIMARY,NEX-000082,NONE,No versioned source-pair decision recorded.,DOMAIN_EXPERT_REVIEW,2026-08-25T00:00:00+09:00,self assisted inverse leg curl,FITT-ISOLATION-STRENGTH-V1,MODERATE,NONE,단일관절 또는 고립 저항운동 특성으로 ISOLATION_STRENGTH 템플릿 적용.,HINGE,STRENGTH
NEX-000083,사이드 푸시 목 스트레칭,MOBILITY,"[""NECK""]","[""SHOULDER""]",,BEGINNER,BEGINNER,DURATION,,,30-60,,15-30,LIGHT,REVIEW_REQUIRED,APPROVED,APPROVED,APPROVED,APPROVED,source title converted to Korean draft; Korean localization review required,DOMAIN_APPROVED_V2_TARGET_MUSCLE_REVIEW_2026_08_25,Codex-assisted review: primary records direct force-producing area(s); secondary records assisting or stabilizing area(s).,Codex-assisted review: basic movement in a stable setup with low technical demand for entry-level learners.,작업 요청의 보수적 가동성 기본값. 유지 시간과 전환 시간은 일반 준비·회복 목적의 카탈로그 값이며 치료 또는 재활 처방이 아님.,PRIMARY,NEX-000083,NONE,No versioned source-pair decision recorded.,DOMAIN_EXPERT_REVIEW,2026-08-25T00:00:00+09:00,side push neck stretch,FITT-MOBILITY-V1,LIGHT,NONE,패턴 전용 FITT 템플릿 적용.,MOBILITY,MOBILITY
NEX-000084,사이드 리스트 풀 스트레칭,MOBILITY,"[""WRIST_HAND""]","[""ELBOW""]",,BEGINNER,BEGINNER,DURATION,,,30-60,,15-30,LIGHT,REVIEW_REQUIRED,APPROVED,APPROVED,APPROVED,APPROVED,source title converted to Korean draft; Korean localization review required,DOMAIN_APPROVED_V2_TARGET_MUSCLE_REVIEW_2026_08_25,Codex-assisted review: primary records direct force-producing area(s); secondary records assisting or stabilizing area(s).,Codex-assisted review: basic movement in a stable setup with low technical demand for entry-level learners.,작업 요청의 보수적 가동성 기본값. 유지 시간과 전환 시간은 일반 준비·회복 목적의 카탈로그 값이며 치료 또는 재활 처방이 아님.,PRIMARY,NEX-000084,NONE,No versioned source-pair decision recorded.,DOMAIN_EXPERT_REVIEW,2026-08-25T00:00:00+09:00,side wrist pull stretch,FITT-MOBILITY-V1,LIGHT,NONE,패턴 전용 FITT 템플릿 적용.,MOBILITY,MOBILITY
NEX-000085,스미스 리버스 카프 레이즈,CALVES,"[""ANKLE_FOOT""]","[""KNEE""]",,INTERMEDIATE,INTERMEDIATE,REPS,3,10-15,,60-90,,MODERATE,REVIEW_REQUIRED,APPROVED,APPROVED,APPROVED,APPROVED,source title converted to Korean draft; Korean localization review required,DOMAIN_APPROVED_V2_TARGET_MUSCLE_REVIEW_2026_08_25,Codex-assisted review: primary records direct force-producing area(s); secondary records assisting or stabilizing area(s).,"Codex-assisted review: requires baseline form, load/posture control, or free-weight coordination.","작업 요청의 보수적 카탈로그 기본값. ACSM 2009 Position Stand의 초보자 8–12 RM과 보조운동 1–2분 휴식 원칙을 참고해 반복 수를 10–15회, 휴식을 60–90초로 설정; 단일관절 여부와 개인별 부하는 Agent가 확인.",PRIMARY,NEX-000085,NONE,No versioned source-pair decision recorded.,DOMAIN_EXPERT_REVIEW,2026-08-25T00:00:00+09:00,smith reverse calf raises,FITT-ISOLATION-STRENGTH-V1,MODERATE,NONE,단일관절 또는 고립 저항운동 특성으로 ISOLATION_STRENGTH 템플릿 적용.,SQUAT,STRENGTH
NEX-000086,레터럴 스트레칭,MOBILITY,"[""UPPER_BACK""]","[""LOWER_BACK"",""ABDOMEN""]",,BEGINNER,BEGINNER,DURATION,,,30-60,,15-30,LIGHT,REVIEW_REQUIRED,APPROVED,APPROVED,APPROVED,APPROVED,source title converted to Korean draft; Korean localization review required,DOMAIN_APPROVED_V2_TARGET_MUSCLE_REVIEW_2026_08_25,Codex-assisted review: primary records direct force-producing area(s); secondary records assisting or stabilizing area(s).,Codex-assisted review: basic movement in a stable setup with low technical demand for entry-level learners.,작업 요청의 보수적 가동성 기본값. 유지 시간과 전환 시간은 일반 준비·회복 목적의 카탈로그 값이며 치료 또는 재활 처방이 아님.,PRIMARY,NEX-000086,NONE,No versioned source-pair decision recorded.,DOMAIN_EXPERT_REVIEW,2026-08-25T00:00:00+09:00,standing lateral stretch,FITT-MOBILITY-V1,LIGHT,NONE,패턴 전용 FITT 템플릿 적용.,MOBILITY,MOBILITY
NEX-000087,싱글 레그 컬,HAMSTRINGS,"[""KNEE""]","[""HIP""]",,INTERMEDIATE,INTERMEDIATE,REPS,3,10-15,,60-90,,MODERATE,REVIEW_REQUIRED,APPROVED,APPROVED,APPROVED,APPROVED,source title converted to Korean draft; Korean localization review required,DOMAIN_APPROVED_V2_TARGET_MUSCLE_REVIEW_2026_08_25,Codex-assisted review: primary records direct force-producing area(s); secondary records assisting or stabilizing area(s).,"Codex-assisted review: requires baseline form, load/posture control, or free-weight coordination.","작업 요청의 보수적 카탈로그 기본값. ACSM 2009 Position Stand의 초보자 8–12 RM과 보조운동 1–2분 휴식 원칙을 참고해 반복 수를 10–15회, 휴식을 60–90초로 설정; 단일관절 여부와 개인별 부하는 Agent가 확인.",PRIMARY,NEX-000087,NONE,No versioned source-pair decision recorded.,DOMAIN_EXPERT_REVIEW,2026-08-25T00:00:00+09:00,standing single leg curl,FITT-ISOLATION-STRENGTH-V1,MODERATE,NONE,단일관절 또는 고립 저항운동 특성으로 ISOLATION_STRENGTH 템플릿 적용.,HINGE,STRENGTH
NEX-000088,서스펜디드 리버스 크런치,CORE,"[""ABDOMEN""]","[""LOWER_BACK""]",,INTERMEDIATE,INTERMEDIATE,DURATION,2-3,,30-45,45-60,,LIGHT_MODERATE,REVIEW_REQUIRED,APPROVED,APPROVED,APPROVED,APPROVED,source title converted to Korean draft; Korean localization review required,DOMAIN_APPROVED_V2_TARGET_MUSCLE_REVIEW_2026_08_25,Codex-assisted review: primary records direct force-producing area(s); secondary records assisting or stabilizing area(s).,"Codex-assisted review: requires baseline form, load/posture control, or free-weight coordination.",작업 요청의 보수적 코어 안정화 기본값. 시간·휴식 범위는 일반 수행 템플릿이며 통증·재활 처방이 아님; 개인별 자세·진행은 Agent가 조정.,PRIMARY,NEX-000088,NONE,No versioned source-pair decision recorded.,DOMAIN_EXPERT_REVIEW,2026-08-25T00:00:00+09:00,suspended reverse crunch,FITT-CORE-STABILITY-V1,LIGHT_MODERATE,NONE,패턴 전용 FITT 템플릿 적용.,CORE,STRENGTH
NEX-000089,삼두 스트레칭,MOBILITY,"[""ELBOW""]","[""SHOULDER"",""WRIST_HAND""]",,BEGINNER,BEGINNER,DURATION,,,30-60,,15-30,LIGHT,REVIEW_REQUIRED,APPROVED,APPROVED,APPROVED,APPROVED,source title converted to Korean draft; Korean localization review required,DOMAIN_APPROVED_V2_TARGET_MUSCLE_REVIEW_2026_08_25,Codex-assisted review: primary records direct force-producing area(s); secondary records assisting or stabilizing area(s).,Codex-assisted review: basic movement in a stable setup with low technical demand for entry-level learners.,작업 요청의 보수적 가동성 기본값. 유지 시간과 전환 시간은 일반 준비·회복 목적의 카탈로그 값이며 치료 또는 재활 처방이 아님.,PRIMARY,NEX-000089,NONE,No versioned source-pair decision recorded.,DOMAIN_EXPERT_REVIEW,2026-08-25T00:00:00+09:00,triceps stretch,FITT-MOBILITY-V1,LIGHT,NONE,패턴 전용 FITT 템플릿 적용.,MOBILITY,MOBILITY
NEX-000090,중량 러시안 트위스트(레그 업),CORE,"[""ABDOMEN""]","[""LOWER_BACK""]",,INTERMEDIATE,INTERMEDIATE,DURATION,2-3,,30-45,45-60,,LIGHT_MODERATE,REVIEW_REQUIRED,APPROVED,APPROVED,APPROVED,APPROVED,source title converted to Korean draft; Korean localization review required,DOMAIN_APPROVED_V2_TARGET_MUSCLE_REVIEW_2026_08_25,Codex-assisted review: primary records direct force-producing area(s); secondary records assisting or stabilizing area(s).,"Codex-assisted review: requires baseline form, load/posture control, or free-weight coordination; classify at the highest allowed service difficulty.",작업 요청의 보수적 코어 안정화 기본값. 시간·휴식 범위는 일반 수행 템플릿이며 통증·재활 처방이 아님; 개인별 자세·진행은 Agent가 조정.,PRIMARY,NEX-000090,NONE,No versioned source-pair decision recorded.,DOMAIN_EXPERT_REVIEW,2026-08-25T00:00:00+09:00,weighted russian twist (legs up),FITT-CORE-STABILITY-V1,LIGHT_MODERATE,NONE,패턴 전용 FITT 템플릿 적용.,CORE,STRENGTH
NEX-000091,중량 러시안 트위스트(바닥 터치),CORE,"[""ABDOMEN""]","[""LOWER_BACK""]",,INTERMEDIATE,INTERMEDIATE,DURATION,2-3,,30-45,45-60,,LIGHT_MODERATE,REVIEW_REQUIRED,APPROVED,APPROVED,APPROVED,APPROVED,source title converted to Korean draft; Korean localization review required,DOMAIN_APPROVED_V2_TARGET_MUSCLE_REVIEW_2026_08_25,Codex-assisted review: primary records direct force-producing area(s); secondary records assisting or stabilizing area(s).,"Codex-assisted review: requires baseline form, load/posture control, or free-weight coordination.",작업 요청의 보수적 코어 안정화 기본값. 시간·휴식 범위는 일반 수행 템플릿이며 통증·재활 처방이 아님; 개인별 자세·진행은 Agent가 조정.,PRIMARY,NEX-000091,NONE,Canonical floor-touch range-of-motion record for the weighted Russian twist pair.,DOMAIN_EXPERT_REVIEW,2026-08-25T00:00:00+09:00,weighted russian twist,FITT-CORE-STABILITY-V1,LIGHT_MODERATE,NONE,패턴 전용 FITT 템플릿 적용.,CORE,STRENGTH
NEX-000092,중량 스탠딩 손 스퀴즈,FOREARMS,"[""WRIST_HAND""]","[""ELBOW""]",,BEGINNER,BEGINNER,REPS,3,10-15,,60-90,,MODERATE,REVIEW_REQUIRED,APPROVED,APPROVED,APPROVED,APPROVED,source title converted to Korean draft; Korean localization review required,DOMAIN_APPROVED_V2_TARGET_MUSCLE_REVIEW_2026_08_25,Codex-assisted review: primary records direct force-producing area(s); secondary records assisting or stabilizing area(s).,Codex-assisted review: basic movement in a stable setup with low technical demand for entry-level learners.,"작업 요청의 보수적 카탈로그 기본값. ACSM 2009 Position Stand의 초보자 8–12 RM과 보조운동 1–2분 휴식 원칙을 참고해 반복 수를 10–15회, 휴식을 60–90초로 설정; 단일관절 여부와 개인별 부하는 Agent가 확인.",PRIMARY,NEX-000092,NONE,No versioned source-pair decision recorded.,DOMAIN_EXPERT_REVIEW,2026-08-25T00:00:00+09:00,weighted standing hand squeeze,FITT-ISOLATION-STRENGTH-V1,MODERATE,NONE,단일관절 또는 고립 저항운동 특성으로 ISOLATION_STRENGTH 템플릿 적용.,PULL,STRENGTH
NEX-000093,케이블 시티드 로우,BACK,"[""UPPER_BACK""]","[""SHOULDER"",""ELBOW""]",,BEGINNER,BEGINNER,REPS,3,8-12,,90,,MODERATE,REVIEW_REQUIRED,APPROVED,APPROVED,APPROVED,APPROVED,source title converted to Korean draft; Korean localization review required,DOMAIN_APPROVED_V2_TARGET_MUSCLE_REVIEW_2026_08_25,Codex-assisted review: primary records direct force-producing area(s); secondary records assisting or stabilizing area(s).,Codex-assisted review: basic movement in a stable setup with low technical demand for entry-level learners.,"작업 요청의 보수적 카탈로그 기본값. ACSM 2009 Position Stand의 초보자 8–12 RM 및 초보·중급 저항운동 1–2분 휴식 원칙, NSCA의 다관절 운동 우선 원칙을 반영; 개인별 부하·진행은 Agent가 결정.",PRIMARY,NEX-000093,NONE,No versioned source-pair decision recorded.,DOMAIN_EXPERT_REVIEW,2026-08-25T00:00:00+09:00,cable seated row,FITT-COMPOUND-PULL-V1,MODERATE,NONE,다관절 저항운동 패턴 전용 복합 템플릿 적용.,PULL,STRENGTH
NEX-000094,리버스 크런치,CORE,"[""ABDOMEN""]","[""LOWER_BACK""]",,BEGINNER,BEGINNER,DURATION,2-3,,30-45,45-60,,LIGHT_MODERATE,REVIEW_REQUIRED,APPROVED,APPROVED,APPROVED,APPROVED,source title converted to Korean draft; Korean localization review required,DOMAIN_APPROVED_V2_TARGET_MUSCLE_REVIEW_2026_08_25,Codex-assisted review: primary records direct force-producing area(s); secondary records assisting or stabilizing area(s).,Codex-assisted review: basic movement in a stable setup with low technical demand for entry-level learners.,작업 요청의 보수적 코어 안정화 기본값. 시간·휴식 범위는 일반 수행 템플릿이며 통증·재활 처방이 아님; 개인별 자세·진행은 Agent가 조정.,PRIMARY,NEX-000094,NONE,No versioned source-pair decision recorded.,DOMAIN_EXPERT_REVIEW,2026-08-25T00:00:00+09:00,reverse crunch,FITT-CORE-STABILITY-V1,LIGHT_MODERATE,NONE,패턴 전용 FITT 템플릿 적용.,CORE,STRENGTH
NEX-000095,케이블 리버스 크런치,CORE,"[""ABDOMEN""]","[""LOWER_BACK""]",,INTERMEDIATE,INTERMEDIATE,DURATION,2-3,,30-45,45-60,,LIGHT_MODERATE,REVIEW_REQUIRED,APPROVED,APPROVED,APPROVED,APPROVED,source title converted to Korean draft; Korean localization review required,DOMAIN_APPROVED_V2_TARGET_MUSCLE_REVIEW_2026_08_25,Codex-assisted review: primary records direct force-producing area(s); secondary records assisting or stabilizing area(s).,"Codex-assisted review: requires baseline form, load/posture control, or free-weight coordination.",작업 요청의 보수적 코어 안정화 기본값. 시간·휴식 범위는 일반 수행 템플릿이며 통증·재활 처방이 아님; 개인별 자세·진행은 Agent가 조정.,PRIMARY,NEX-000095,NONE,No versioned source-pair decision recorded.,DOMAIN_EXPERT_REVIEW,2026-08-25T00:00:00+09:00,cable reverse crunch,FITT-CORE-STABILITY-V1,LIGHT_MODERATE,NONE,패턴 전용 FITT 템플릿 적용.,CORE,STRENGTH
NEX-000096,밴드 바이시클 크런치,CORE,"[""ABDOMEN""]","[""LOWER_BACK""]",,BEGINNER,BEGINNER,DURATION,2-3,,30-45,45-60,,LIGHT_MODERATE,REVIEW_REQUIRED,APPROVED,APPROVED,APPROVED,APPROVED,source title converted to Korean draft; Korean localization review required,DOMAIN_APPROVED_V2_TARGET_MUSCLE_REVIEW_2026_08_25,Codex-assisted review: primary records direct force-producing area(s); secondary records assisting or stabilizing area(s).,Codex-assisted review: basic movement in a stable setup with low technical demand for entry-level learners.,작업 요청의 보수적 코어 안정화 기본값. 시간·휴식 범위는 일반 수행 템플릿이며 통증·재활 처방이 아님; 개인별 자세·진행은 Agent가 조정.,PRIMARY,NEX-000096,NONE,No versioned source-pair decision recorded.,DOMAIN_EXPERT_REVIEW,2026-08-25T00:00:00+09:00,band bicycle crunch,FITT-CORE-STABILITY-V1,LIGHT_MODERATE,NONE,패턴 전용 FITT 템플릿 적용.,CORE,STRENGTH
NEX-000097,밴드 프론트 레터럴 레이즈,SHOULDERS,"[""SHOULDER""]","[""ELBOW""]",,BEGINNER,BEGINNER,REPS,3,10-15,,60-90,,MODERATE,REVIEW_REQUIRED,APPROVED,APPROVED,APPROVED,APPROVED,source title converted to Korean draft; Korean localization review required,DOMAIN_APPROVED_V2_TARGET_MUSCLE_REVIEW_2026_08_25,Codex-assisted review: primary records direct force-producing area(s); secondary records assisting or stabilizing area(s).,Codex-assisted review: basic movement in a stable setup with low technical demand for entry-level learners.,"작업 요청의 보수적 카탈로그 기본값. ACSM 2009 Position Stand의 초보자 8–12 RM과 보조운동 1–2분 휴식 원칙을 참고해 반복 수를 10–15회, 휴식을 60–90초로 설정; 단일관절 여부와 개인별 부하는 Agent가 확인.",PRIMARY,NEX-000097,NONE,No versioned source-pair decision recorded.,DOMAIN_EXPERT_REVIEW,2026-08-25T00:00:00+09:00,band front lateral raise,FITT-ISOLATION-STRENGTH-V1,MODERATE,NONE,단일관절 또는 고립 저항운동 특성으로 ISOLATION_STRENGTH 템플릿 적용.,PUSH,STRENGTH
NEX-000098,밴드 프론트 레이즈,SHOULDERS,"[""SHOULDER""]","[""ELBOW""]",,BEGINNER,BEGINNER,REPS,3,10-15,,60-90,,MODERATE,REVIEW_REQUIRED,APPROVED,APPROVED,APPROVED,APPROVED,source title converted to Korean draft; Korean localization review required,DOMAIN_APPROVED_V2_TARGET_MUSCLE_REVIEW_2026_08_25,Codex-assisted review: primary records direct force-producing area(s); secondary records assisting or stabilizing area(s).,Codex-assisted review: basic movement in a stable setup with low technical demand for entry-level learners.,"작업 요청의 보수적 카탈로그 기본값. ACSM 2009 Position Stand의 초보자 8–12 RM과 보조운동 1–2분 휴식 원칙을 참고해 반복 수를 10–15회, 휴식을 60–90초로 설정; 단일관절 여부와 개인별 부하는 Agent가 확인.",PRIMARY,NEX-000098,NONE,No versioned source-pair decision recorded.,DOMAIN_EXPERT_REVIEW,2026-08-25T00:00:00+09:00,band front raise,FITT-ISOLATION-STRENGTH-V1,MODERATE,NONE,단일관절 또는 고립 저항운동 특성으로 ISOLATION_STRENGTH 템플릿 적용.,PUSH,STRENGTH
NEX-000099,밴드 니링 트위스트 크런치,CORE,"[""ABDOMEN""]","[""LOWER_BACK""]",,BEGINNER,BEGINNER,DURATION,2-3,,30-45,45-60,,LIGHT_MODERATE,REVIEW_REQUIRED,APPROVED,APPROVED,APPROVED,APPROVED,source title converted to Korean draft; Korean localization review required,DOMAIN_APPROVED_V2_TARGET_MUSCLE_REVIEW_2026_08_25,Codex-assisted review: primary records direct force-producing area(s); secondary records assisting or stabilizing area(s).,Codex-assisted review: basic movement in a stable setup with low technical demand for entry-level learners.,작업 요청의 보수적 코어 안정화 기본값. 시간·휴식 범위는 일반 수행 템플릿이며 통증·재활 처방이 아님; 개인별 자세·진행은 Agent가 조정.,PRIMARY,NEX-000099,NONE,No versioned source-pair decision recorded.,DOMAIN_EXPERT_REVIEW,2026-08-25T00:00:00+09:00,band kneeling twisting crunch,FITT-CORE-STABILITY-V1,LIGHT_MODERATE,NONE,패턴 전용 FITT 템플릿 적용.,CORE,STRENGTH
NEX-000100,밴드 리버스 리스트 컬,FOREARMS,"[""WRIST_HAND""]","[""ELBOW""]",,BEGINNER,BEGINNER,REPS,3,10-15,,60-90,,MODERATE,REVIEW_REQUIRED,APPROVED,APPROVED,APPROVED,APPROVED,source title converted to Korean draft; Korean localization review required,DOMAIN_APPROVED_V2_TARGET_MUSCLE_REVIEW_2026_08_25,Codex-assisted review: primary records direct force-producing area(s); secondary records assisting or stabilizing area(s).,Codex-assisted review: basic movement in a stable setup with low technical demand for entry-level learners.,"작업 요청의 보수적 카탈로그 기본값. ACSM 2009 Position Stand의 초보자 8–12 RM과 보조운동 1–2분 휴식 원칙을 참고해 반복 수를 10–15회, 휴식을 60–90초로 설정; 단일관절 여부와 개인별 부하는 Agent가 확인.",PRIMARY,NEX-000100,NONE,No versioned source-pair decision recorded.,DOMAIN_EXPERT_REVIEW,2026-08-25T00:00:00+09:00,band reverse wrist curl,FITT-ISOLATION-STRENGTH-V1,MODERATE,NONE,단일관절 또는 고립 저항운동 특성으로 ISOLATION_STRENGTH 템플릿 적용.,PULL,STRENGTH
NEX-000101,밴드 숄더 프레스,SHOULDERS,"[""SHOULDER""]","[""ELBOW""]",,BEGINNER,BEGINNER,REPS,3,8-12,,90,,MODERATE,REVIEW_REQUIRED,APPROVED,APPROVED,APPROVED,APPROVED,source title converted to Korean draft; Korean localization review required,DOMAIN_APPROVED_V2_TARGET_MUSCLE_REVIEW_2026_08_25,Codex-assisted review: primary records direct force-producing area(s); secondary records assisting or stabilizing area(s).,Codex-assisted review: basic movement in a stable setup with low technical demand for entry-level learners.,"작업 요청의 보수적 카탈로그 기본값. ACSM 2009 Position Stand의 초보자 8–12 RM 및 초보·중급 저항운동 1–2분 휴식 원칙, NSCA의 다관절 운동 우선 원칙을 반영; 개인별 부하·진행은 Agent가 결정.",PRIMARY,NEX-000101,NONE,No versioned source-pair decision recorded.,DOMAIN_EXPERT_REVIEW,2026-08-25T00:00:00+09:00,band shoulder press,FITT-COMPOUND-PUSH-V1,MODERATE,NONE,다관절 저항운동 패턴 전용 복합 템플릿 적용.,PUSH,STRENGTH
NEX-000102,밴드 싱글 레그 카프 레이즈,CALVES,"[""ANKLE_FOOT""]","[""KNEE""]",,INTERMEDIATE,INTERMEDIATE,REPS,3,10-15,,60-90,,MODERATE,REVIEW_REQUIRED,APPROVED,APPROVED,APPROVED,APPROVED,source title converted to Korean draft; Korean localization review required,DOMAIN_APPROVED_V2_TARGET_MUSCLE_REVIEW_2026_08_25,Codex-assisted review: primary records direct force-producing area(s); secondary records assisting or stabilizing area(s).,"Codex-assisted review: requires baseline form, load/posture control, or free-weight coordination.","작업 요청의 보수적 카탈로그 기본값. ACSM 2009 Position Stand의 초보자 8–12 RM과 보조운동 1–2분 휴식 원칙을 참고해 반복 수를 10–15회, 휴식을 60–90초로 설정; 단일관절 여부와 개인별 부하는 Agent가 확인.",PRIMARY,NEX-000102,NONE,No versioned source-pair decision recorded.,DOMAIN_EXPERT_REVIEW,2026-08-25T00:00:00+09:00,band single leg calf raise,FITT-ISOLATION-STRENGTH-V1,MODERATE,NONE,단일관절 또는 고립 저항운동 특성으로 ISOLATION_STRENGTH 템플릿 적용.,SQUAT,STRENGTH
NEX-000103,밴드 싱글 레그 리버스 카프 레이즈,CALVES,"[""ANKLE_FOOT""]","[""KNEE""]",,INTERMEDIATE,INTERMEDIATE,REPS,3,10-15,,60-90,,MODERATE,REVIEW_REQUIRED,APPROVED,APPROVED,APPROVED,APPROVED,source title converted to Korean draft; Korean localization review required,DOMAIN_APPROVED_V2_TARGET_MUSCLE_REVIEW_2026_08_25,Codex-assisted review: primary records direct force-producing area(s); secondary records assisting or stabilizing area(s).,"Codex-assisted review: requires baseline form, load/posture control, or free-weight coordination.","작업 요청의 보수적 카탈로그 기본값. ACSM 2009 Position Stand의 초보자 8–12 RM과 보조운동 1–2분 휴식 원칙을 참고해 반복 수를 10–15회, 휴식을 60–90초로 설정; 단일관절 여부와 개인별 부하는 Agent가 확인.",PRIMARY,NEX-000103,NONE,No versioned source-pair decision recorded.,DOMAIN_EXPERT_REVIEW,2026-08-25T00:00:00+09:00,band single leg reverse calf raise,FITT-ISOLATION-STRENGTH-V1,MODERATE,NONE,단일관절 또는 고립 저항운동 특성으로 ISOLATION_STRENGTH 템플릿 적용.,SQUAT,STRENGTH
NEX-000104,밴드 스티프 레그 데드리프트,GLUTES,"[""HIP""]","[""KNEE"",""LOWER_BACK""]",,INTERMEDIATE,INTERMEDIATE,REPS,3,8-12,,90,,MODERATE,REVIEW_REQUIRED,APPROVED,APPROVED,APPROVED,APPROVED,source title converted to Korean draft; Korean localization review required,DOMAIN_APPROVED_V2_TARGET_MUSCLE_REVIEW_2026_08_25,Codex-assisted review: primary records direct force-producing area(s); secondary records assisting or stabilizing area(s).,"Codex-assisted review: requires baseline form, load/posture control, or free-weight coordination.","작업 요청의 보수적 카탈로그 기본값. ACSM 2009 Position Stand의 초보자 8–12 RM 및 초보·중급 저항운동 1–2분 휴식 원칙, NSCA의 다관절 운동 우선 원칙을 반영; 개인별 부하·진행은 Agent가 결정.",PRIMARY,NEX-000104,NONE,No versioned source-pair decision recorded.,DOMAIN_EXPERT_REVIEW,2026-08-25T00:00:00+09:00,band stiff leg deadlift,FITT-COMPOUND-HINGE-V1,MODERATE,NONE,다관절 저항운동 패턴 전용 복합 템플릿 적용.,HINGE,STRENGTH
NEX-000105,밴드 리스트 컬,FOREARMS,"[""WRIST_HAND""]","[""ELBOW""]",,BEGINNER,BEGINNER,REPS,3,10-15,,60-90,,MODERATE,REVIEW_REQUIRED,APPROVED,APPROVED,APPROVED,APPROVED,source title converted to Korean draft; Korean localization review required,DOMAIN_APPROVED_V2_TARGET_MUSCLE_REVIEW_2026_08_25,Codex-assisted review: primary records direct force-producing area(s); secondary records assisting or stabilizing area(s).,Codex-assisted review: basic movement in a stable setup with low technical demand for entry-level learners.,"작업 요청의 보수적 카탈로그 기본값. ACSM 2009 Position Stand의 초보자 8–12 RM과 보조운동 1–2분 휴식 원칙을 참고해 반복 수를 10–15회, 휴식을 60–90초로 설정; 단일관절 여부와 개인별 부하는 Agent가 확인.",PRIMARY,NEX-000105,NONE,No versioned source-pair decision recorded.,DOMAIN_EXPERT_REVIEW,2026-08-25T00:00:00+09:00,band wrist curl,FITT-ISOLATION-STRENGTH-V1,MODERATE,NONE,단일관절 또는 고립 저항운동 특성으로 ISOLATION_STRENGTH 템플릿 적용.,PULL,STRENGTH
NEX-000106,밴드 슈러그,BACK,"[""UPPER_BACK""]","[""SHOULDER""]",,BEGINNER,BEGINNER,REPS,3,10-15,,60-90,,MODERATE,REVIEW_REQUIRED,APPROVED,APPROVED,APPROVED,APPROVED,source title converted to Korean draft; Korean localization review required,DOMAIN_APPROVED_V2_TARGET_MUSCLE_REVIEW_2026_08_25,Codex-assisted review: primary records direct force-producing area(s); secondary records assisting or stabilizing area(s).,Codex-assisted review: basic movement in a stable setup with low technical demand for entry-level learners.,"작업 요청의 보수적 카탈로그 기본값. ACSM 2009 Position Stand의 초보자 8–12 RM과 보조운동 1–2분 휴식 원칙을 참고해 반복 수를 10–15회, 휴식을 60–90초로 설정; 단일관절 여부와 개인별 부하는 Agent가 확인.",PRIMARY,NEX-000106,NONE,No versioned source-pair decision recorded.,DOMAIN_EXPERT_REVIEW,2026-08-25T00:00:00+09:00,band shrug,FITT-ISOLATION-STRENGTH-V1,MODERATE,NONE,단일관절 또는 고립 저항운동 특성으로 ISOLATION_STRENGTH 템플릿 적용.,PULL,STRENGTH
NEX-000107,밴드 스트레이트 등 스티프 레그 데드리프트,GLUTES,"[""HIP""]","[""KNEE"",""LOWER_BACK""]",,INTERMEDIATE,INTERMEDIATE,REPS,3,8-12,,90,,MODERATE,REVIEW_REQUIRED,APPROVED,APPROVED,APPROVED,APPROVED,source title converted to Korean draft; Korean localization review required,DOMAIN_APPROVED_V2_TARGET_MUSCLE_REVIEW_2026_08_25,Codex-assisted review: primary records direct force-producing area(s); secondary records assisting or stabilizing area(s).,"Codex-assisted review: requires baseline form, load/posture control, or free-weight coordination.","작업 요청의 보수적 카탈로그 기본값. ACSM 2009 Position Stand의 초보자 8–12 RM 및 초보·중급 저항운동 1–2분 휴식 원칙, NSCA의 다관절 운동 우선 원칙을 반영; 개인별 부하·진행은 Agent가 결정.",PRIMARY,NEX-000107,NONE,No versioned source-pair decision recorded.,DOMAIN_EXPERT_REVIEW,2026-08-25T00:00:00+09:00,band straight back stiff leg deadlift,FITT-COMPOUND-HINGE-V1,MODERATE,NONE,다관절 저항운동 패턴 전용 복합 템플릿 적용.,HINGE,STRENGTH
NEX-000108,다이내믹 체스트 스트레칭,MOBILITY,"[""CHEST""]","[""SHOULDER"",""UPPER_BACK""]",,BEGINNER,BEGINNER,DURATION,,,30-60,,15-30,LIGHT,REVIEW_REQUIRED,APPROVED,APPROVED,APPROVED,APPROVED,source title converted to Korean draft; Korean localization review required,DOMAIN_APPROVED_V2_TARGET_MUSCLE_REVIEW_2026_08_25,Codex-assisted review: primary records direct force-producing area(s); secondary records assisting or stabilizing area(s).,Codex-assisted review: basic movement in a stable setup with low technical demand for entry-level learners.,작업 요청의 보수적 가동성 기본값. 유지 시간과 전환 시간은 일반 준비·회복 목적의 카탈로그 값이며 치료 또는 재활 처방이 아님.,PRIMARY,NEX-000108,NONE,No versioned source-pair decision recorded.,DOMAIN_EXPERT_REVIEW,2026-08-25T00:00:00+09:00,dynamic chest stretch (male),FITT-MOBILITY-V1,LIGHT,NONE,패턴 전용 FITT 템플릿 적용.,MOBILITY,MOBILITY
NEX-000109,케이블 원암 디클라인 체스트 플라이,CHEST,"[""CHEST""]","[""SHOULDER""]",,BEGINNER,BEGINNER,REPS,3,10-15,,60-90,,MODERATE,REVIEW_REQUIRED,APPROVED,APPROVED,APPROVED,APPROVED,source title converted to Korean draft; Korean localization review required,DOMAIN_APPROVED_V2_TARGET_MUSCLE_REVIEW_2026_08_25,Codex-assisted review: primary records direct force-producing area(s); secondary records assisting or stabilizing area(s).,Codex-assisted review: basic movement in a stable setup with low technical demand for entry-level learners.,"작업 요청의 보수적 카탈로그 기본값. ACSM 2009 Position Stand의 초보자 8–12 RM과 보조운동 1–2분 휴식 원칙을 참고해 반복 수를 10–15회, 휴식을 60–90초로 설정; 단일관절 여부와 개인별 부하는 Agent가 확인.",PRIMARY,NEX-000109,NONE,No versioned source-pair decision recorded.,DOMAIN_EXPERT_REVIEW,2026-08-25T00:00:00+09:00,cable one arm decline chest fly,FITT-ISOLATION-STRENGTH-V1,MODERATE,NONE,단일관절 또는 고립 저항운동 특성으로 ISOLATION_STRENGTH 템플릿 적용.,PUSH,STRENGTH
NEX-000110,체스트 및 앞쪽 어깨 스트레칭,MOBILITY,"[""CHEST"",""SHOULDER""]","[""UPPER_BACK""]",,BEGINNER,BEGINNER,DURATION,,,30-60,,15-30,LIGHT,REVIEW_REQUIRED,APPROVED,APPROVED,APPROVED,APPROVED,source title converted to Korean draft; Korean localization review required,DOMAIN_APPROVED_V2_TARGET_MUSCLE_REVIEW_2026_08_25,Codex-assisted review: primary records direct force-producing area(s); secondary records assisting or stabilizing area(s).,Codex-assisted review: basic movement in a stable setup with low technical demand for entry-level learners.,작업 요청의 보수적 가동성 기본값. 유지 시간과 전환 시간은 일반 준비·회복 목적의 카탈로그 값이며 치료 또는 재활 처방이 아님.,PRIMARY,NEX-000110,NONE,No versioned source-pair decision recorded.,DOMAIN_EXPERT_REVIEW,2026-08-25T00:00:00+09:00,chest and front of shoulder stretch,FITT-MOBILITY-V1,LIGHT,NONE,패턴 전용 FITT 템플릿 적용.,MOBILITY,MOBILITY
NEX-000111,광배근 스트레칭,MOBILITY,"[""UPPER_BACK""]","[""SHOULDER"",""CHEST""]",,BEGINNER,BEGINNER,DURATION,,,30-60,,15-30,LIGHT,REVIEW_REQUIRED,APPROVED,APPROVED,APPROVED,APPROVED,source title converted to Korean draft; Korean localization review required,DOMAIN_APPROVED_V2_TARGET_MUSCLE_REVIEW_2026_08_25,Codex-assisted review: primary records direct force-producing area(s); secondary records assisting or stabilizing area(s).,Codex-assisted review: basic movement in a stable setup with low technical demand for entry-level learners.,작업 요청의 보수적 가동성 기본값. 유지 시간과 전환 시간은 일반 준비·회복 목적의 카탈로그 값이며 치료 또는 재활 처방이 아님.,PRIMARY,NEX-000111,NONE,No versioned source-pair decision recorded.,DOMAIN_EXPERT_REVIEW,2026-08-25T00:00:00+09:00,kneeling lat stretch,FITT-MOBILITY-V1,LIGHT,NONE,패턴 전용 FITT 템플릿 적용.,MOBILITY,MOBILITY
NEX-000112,허리 스트레칭,BACK,"[""LOWER_BACK""]","[""UPPER_BACK""]",,INTERMEDIATE,INTERMEDIATE,DURATION,,,30-60,,15-30,LIGHT,REVIEW_REQUIRED,APPROVED,APPROVED,APPROVED,APPROVED,source title converted to Korean draft; Korean localization review required,DOMAIN_APPROVED_V2_TARGET_MUSCLE_REVIEW_2026_08_25,Codex-assisted review: primary records direct force-producing area(s); secondary records assisting or stabilizing area(s).,"Codex-assisted review: requires baseline form, load/posture control, or free-weight coordination.",작업 요청의 보수적 가동성 기본값. 유지 시간과 전환 시간은 일반 준비·회복 목적의 카탈로그 값이며 치료 또는 재활 처방이 아님.,PRIMARY,NEX-000112,NONE,No versioned source-pair decision recorded.,DOMAIN_EXPERT_REVIEW,2026-08-25T00:00:00+09:00,lower back curl,FITT-MOBILITY-V1,LIGHT,NONE,패턴 전용 FITT 템플릿 적용.,MOBILITY,STRENGTH
NEX-000113,벽 짚고 한 팔 운동,BACK,"[""UPPER_BACK""]","[""SHOULDER"",""ELBOW""]",,BEGINNER,BEGINNER,REPS,3,8-12,,90,,MODERATE,REVIEW_REQUIRED,APPROVED,APPROVED,APPROVED,APPROVED,source title converted to Korean draft; Korean localization review required,DOMAIN_APPROVED_V2_TARGET_MUSCLE_REVIEW_2026_08_25,Codex-assisted review: primary records direct force-producing area(s); secondary records assisting or stabilizing area(s).,Codex-assisted review: basic movement in a stable setup with low technical demand for entry-level learners.,"작업 요청의 보수적 카탈로그 기본값. ACSM 2009 Position Stand의 초보자 8–12 RM 및 초보·중급 저항운동 1–2분 휴식 원칙, NSCA의 다관절 운동 우선 원칙을 반영; 개인별 부하·진행은 Agent가 결정.",PRIMARY,NEX-000113,NONE,No versioned source-pair decision recorded.,DOMAIN_EXPERT_REVIEW,2026-08-25T00:00:00+09:00,one arm against wall,FITT-COMPOUND-PULL-V1,MODERATE,NONE,다관절 저항운동 패턴 전용 복합 템플릿 적용.,PULL,STRENGTH
NEX-000114,척추 스트레칭,MOBILITY,"[""UPPER_BACK"",""LOWER_BACK""]","[""ABDOMEN""]",,BEGINNER,BEGINNER,DURATION,,,30-60,,15-30,LIGHT,REVIEW_REQUIRED,APPROVED,APPROVED,APPROVED,APPROVED,source title converted to Korean draft; Korean localization review required,DOMAIN_APPROVED_V2_TARGET_MUSCLE_REVIEW_2026_08_25,Codex-assisted review: primary records direct force-producing area(s); secondary records assisting or stabilizing area(s).,Codex-assisted review: basic movement in a stable setup with low technical demand for entry-level learners.,작업 요청의 보수적 가동성 기본값. 유지 시간과 전환 시간은 일반 준비·회복 목적의 카탈로그 값이며 치료 또는 재활 처방이 아님.,PRIMARY,NEX-000114,NONE,No versioned source-pair decision recorded.,DOMAIN_EXPERT_REVIEW,2026-08-25T00:00:00+09:00,spine stretch,FITT-MOBILITY-V1,LIGHT,NONE,패턴 전용 FITT 템플릿 적용.,MOBILITY,MOBILITY
NEX-000115,등 위쪽 스트레칭,MOBILITY,"[""UPPER_BACK""]","[""SHOULDER"",""CHEST""]",,BEGINNER,BEGINNER,DURATION,,,30-60,,15-30,LIGHT,REVIEW_REQUIRED,APPROVED,APPROVED,APPROVED,APPROVED,source title converted to Korean draft; Korean localization review required,DOMAIN_APPROVED_V2_TARGET_MUSCLE_REVIEW_2026_08_25,Codex-assisted review: primary records direct force-producing area(s); secondary records assisting or stabilizing area(s).,Codex-assisted review: basic movement in a stable setup with low technical demand for entry-level learners.,작업 요청의 보수적 가동성 기본값. 유지 시간과 전환 시간은 일반 준비·회복 목적의 카탈로그 값이며 치료 또는 재활 처방이 아님.,PRIMARY,NEX-000115,NONE,No versioned source-pair decision recorded.,DOMAIN_EXPERT_REVIEW,2026-08-25T00:00:00+09:00,upper back stretch,FITT-MOBILITY-V1,LIGHT,NONE,패턴 전용 FITT 템플릿 적용.,MOBILITY,MOBILITY
NEX-000116,발목 돌리기,MOBILITY,"[""ANKLE_FOOT""]","[""KNEE""]",,BEGINNER,BEGINNER,DURATION,,,30-60,,15-30,LIGHT,REVIEW_REQUIRED,APPROVED,APPROVED,APPROVED,APPROVED,source title converted to Korean draft; Korean localization review required,DOMAIN_APPROVED_V2_TARGET_MUSCLE_REVIEW_2026_08_25,Codex-assisted review: primary records direct force-producing area(s); secondary records assisting or stabilizing area(s).,Codex-assisted review: basic movement in a stable setup with low technical demand for entry-level learners.,작업 요청의 보수적 가동성 기본값. 유지 시간과 전환 시간은 일반 준비·회복 목적의 카탈로그 값이며 치료 또는 재활 처방이 아님.,PRIMARY,NEX-000116,NONE,No versioned source-pair decision recorded.,DOMAIN_EXPERT_REVIEW,2026-08-25T00:00:00+09:00,ankle circles,FITT-MOBILITY-V1,LIGHT,NONE,패턴 전용 FITT 템플릿 적용.,MOBILITY,MOBILITY
NEX-000117,밴드 양발 카프 레이즈,CALVES,"[""ANKLE_FOOT""]","[""KNEE""]",,BEGINNER,BEGINNER,REPS,3,10-15,,60-90,,MODERATE,REVIEW_REQUIRED,APPROVED,APPROVED,APPROVED,APPROVED,source title converted to Korean draft; Korean localization review required,DOMAIN_APPROVED_V2_TARGET_MUSCLE_REVIEW_2026_08_25,Codex-assisted review: primary records direct force-producing area(s); secondary records assisting or stabilizing area(s).,Codex-assisted review: basic movement in a stable setup with low technical demand for entry-level learners.,"작업 요청의 보수적 카탈로그 기본값. ACSM 2009 Position Stand의 초보자 8–12 RM과 보조운동 1–2분 휴식 원칙을 참고해 반복 수를 10–15회, 휴식을 60–90초로 설정; 단일관절 여부와 개인별 부하는 Agent가 확인.",PRIMARY,NEX-000117,NONE,No unversioned peer exists in the preserved source; omit the source version suffix.,DOMAIN_EXPERT_REVIEW,2026-08-25T00:00:00+09:00,band two legs calf raise - (band under both legs) v. 2,FITT-ISOLATION-STRENGTH-V1,MODERATE,NONE,단일관절 또는 고립 저항운동 특성으로 ISOLATION_STRENGTH 템플릿 적용.,SQUAT,STRENGTH
NEX-000118,맨몸 스탠딩 카프 레이즈,CALVES,"[""ANKLE_FOOT""]","[""KNEE""]",,BEGINNER,BEGINNER,REPS,2,8-15,,60,,LIGHT_MODERATE,REVIEW_REQUIRED,APPROVED,APPROVED,APPROVED,APPROVED,source title converted to Korean draft; Korean localization review required,DOMAIN_APPROVED_V2_TARGET_MUSCLE_REVIEW_2026_08_25,Codex-assisted review: primary records direct force-producing area(s); secondary records assisting or stabilizing area(s).,Codex-assisted review: basic movement in a stable setup with low technical demand for entry-level learners.,"작업 요청의 초보자용 맨몸 기본값. 외부 부하를 전제하지 않으며, 반복 상한·난이도·휴식은 Agent가 수행 품질과 개인 상태에 따라 조정.",PRIMARY,NEX-000118,NONE,No versioned source-pair decision recorded.,DOMAIN_EXPERT_REVIEW,2026-08-25T00:00:00+09:00,bodyweight standing calf raise,FITT-BODYWEIGHT-BEGINNER-V1,LIGHT_MODERATE,NONE,초급 맨몸 운동 특성으로 BODYWEIGHT_BEGINNER 템플릿 적용.,SQUAT,STRENGTH
NEX-000119,벽 짚고 종아리 스트레칭,MOBILITY,"[""ANKLE_FOOT""]","[""KNEE""]",,BEGINNER,BEGINNER,DURATION,,,30-60,,15-30,LIGHT,REVIEW_REQUIRED,APPROVED,APPROVED,APPROVED,APPROVED,source title converted to Korean draft; Korean localization review required,DOMAIN_APPROVED_V2_TARGET_MUSCLE_REVIEW_2026_08_25,Codex-assisted review: primary records direct force-producing area(s); secondary records assisting or stabilizing area(s).,Codex-assisted review: basic movement in a stable setup with low technical demand for entry-level learners.,작업 요청의 보수적 가동성 기본값. 유지 시간과 전환 시간은 일반 준비·회복 목적의 카탈로그 값이며 치료 또는 재활 처방이 아님.,PRIMARY,NEX-000119,NONE,No versioned source-pair decision recorded.,DOMAIN_EXPERT_REVIEW,2026-08-25T00:00:00+09:00,calf stretch with hands against wall,FITT-MOBILITY-V1,LIGHT,NONE,패턴 전용 FITT 템플릿 적용.,MOBILITY,MOBILITY
NEX-000120,덤벨 시티드 카프 레이즈,CALVES,"[""ANKLE_FOOT""]","[""KNEE""]",,BEGINNER,BEGINNER,REPS,3,10-15,,60-90,,MODERATE,REVIEW_REQUIRED,APPROVED,APPROVED,APPROVED,APPROVED,source title converted to Korean draft; Korean localization review required,DOMAIN_APPROVED_V2_TARGET_MUSCLE_REVIEW_2026_08_25,Codex-assisted review: primary records direct force-producing area(s); secondary records assisting or stabilizing area(s).,Codex-assisted review: basic movement in a stable setup with low technical demand for entry-level learners.,"작업 요청의 보수적 카탈로그 기본값. ACSM 2009 Position Stand의 초보자 8–12 RM과 보조운동 1–2분 휴식 원칙을 참고해 반복 수를 10–15회, 휴식을 60–90초로 설정; 단일관절 여부와 개인별 부하는 Agent가 확인.",PRIMARY,NEX-000120,NONE,No versioned source-pair decision recorded.,DOMAIN_EXPERT_REVIEW,2026-08-25T00:00:00+09:00,dumbbell seated calf raise,FITT-ISOLATION-STRENGTH-V1,MODERATE,NONE,단일관절 또는 고립 저항운동 특성으로 ISOLATION_STRENGTH 템플릿 적용.,SQUAT,STRENGTH
NEX-000121,한발 동키 카프 레이즈,CALVES,"[""ANKLE_FOOT""]","[""KNEE""]",,INTERMEDIATE,INTERMEDIATE,REPS,3,10-15,,60-90,,MODERATE,REVIEW_REQUIRED,APPROVED,APPROVED,APPROVED,APPROVED,source title converted to Korean draft; Korean localization review required,DOMAIN_APPROVED_V2_TARGET_MUSCLE_REVIEW_2026_08_25,Codex-assisted review: primary records direct force-producing area(s); secondary records assisting or stabilizing area(s).,"Codex-assisted review: requires baseline form, load/posture control, or free-weight coordination.","작업 요청의 보수적 카탈로그 기본값. ACSM 2009 Position Stand의 초보자 8–12 RM과 보조운동 1–2분 휴식 원칙을 참고해 반복 수를 10–15회, 휴식을 60–90초로 설정; 단일관절 여부와 개인별 부하는 Agent가 확인.",PRIMARY,NEX-000121,NONE,No versioned source-pair decision recorded.,DOMAIN_EXPERT_REVIEW,2026-08-25T00:00:00+09:00,one leg donkey calf raise,FITT-ISOLATION-STRENGTH-V1,MODERATE,NONE,단일관절 또는 고립 저항운동 특성으로 ISOLATION_STRENGTH 템플릿 적용.,SQUAT,STRENGTH
NEX-000122,한발 카프 레이즈,CALVES,"[""ANKLE_FOOT""]","[""KNEE""]",,INTERMEDIATE,INTERMEDIATE,REPS,3,10-15,,60-90,,MODERATE,REVIEW_REQUIRED,APPROVED,APPROVED,APPROVED,APPROVED,source title converted to Korean draft; Korean localization review required,DOMAIN_APPROVED_V2_TARGET_MUSCLE_REVIEW_2026_08_25,Codex-assisted review: primary records direct force-producing area(s); secondary records assisting or stabilizing area(s).,"Codex-assisted review: requires baseline form, load/posture control, or free-weight coordination.","작업 요청의 보수적 카탈로그 기본값. ACSM 2009 Position Stand의 초보자 8–12 RM과 보조운동 1–2분 휴식 원칙을 참고해 반복 수를 10–15회, 휴식을 60–90초로 설정; 단일관절 여부와 개인별 부하는 Agent가 확인.",PRIMARY,NEX-000122,NONE,No versioned source-pair decision recorded.,DOMAIN_EXPERT_REVIEW,2026-08-25T00:00:00+09:00,one leg floor calf raise,FITT-ISOLATION-STRENGTH-V1,MODERATE,NONE,단일관절 또는 고립 저항운동 특성으로 ISOLATION_STRENGTH 템플릿 적용.,SQUAT,STRENGTH
NEX-000123,종아리 바깥쪽 스트레칭,MOBILITY,"[""ANKLE_FOOT""]","[""KNEE""]",,INTERMEDIATE,INTERMEDIATE,DURATION,,,30-60,,15-30,LIGHT,REVIEW_REQUIRED,APPROVED,APPROVED,APPROVED,APPROVED,source title converted to Korean draft; Korean localization review required,DOMAIN_APPROVED_V2_TARGET_MUSCLE_REVIEW_2026_08_25,Codex-assisted review: primary records direct force-producing area(s); secondary records assisting or stabilizing area(s).,"Codex-assisted review: requires baseline form, load/posture control, or free-weight coordination.",작업 요청의 보수적 가동성 기본값. 유지 시간과 전환 시간은 일반 준비·회복 목적의 카탈로그 값이며 치료 또는 재활 처방이 아님.,PRIMARY,NEX-000123,NONE,No versioned source-pair decision recorded.,DOMAIN_EXPERT_REVIEW,2026-08-25T00:00:00+09:00,peroneals stretch,FITT-MOBILITY-V1,LIGHT,NONE,패턴 전용 FITT 템플릿 적용.,MOBILITY,MOBILITY
NEX-000124,시티드 카프 스트레칭,MOBILITY,"[""ANKLE_FOOT""]","[""KNEE""]",,BEGINNER,BEGINNER,DURATION,,,30-60,,15-30,LIGHT,REVIEW_REQUIRED,APPROVED,APPROVED,APPROVED,APPROVED,source title converted to Korean draft; Korean localization review required,DOMAIN_APPROVED_V2_TARGET_MUSCLE_REVIEW_2026_08_25,Codex-assisted review: primary records direct force-producing area(s); secondary records assisting or stabilizing area(s).,Codex-assisted review: basic movement in a stable setup with low technical demand for entry-level learners.,작업 요청의 보수적 가동성 기본값. 유지 시간과 전환 시간은 일반 준비·회복 목적의 카탈로그 값이며 치료 또는 재활 처방이 아님.,PRIMARY,NEX-000124,NONE,No versioned source-pair decision recorded.,DOMAIN_EXPERT_REVIEW,2026-08-25T00:00:00+09:00,seated calf stretch (male),FITT-MOBILITY-V1,LIGHT,NONE,패턴 전용 FITT 템플릿 적용.,MOBILITY,MOBILITY
NEX-000125,목 스트레칭,MOBILITY,"[""NECK""]","[""SHOULDER""]",,BEGINNER,BEGINNER,DURATION,,,30-60,,15-30,LIGHT,REVIEW_REQUIRED,APPROVED,APPROVED,APPROVED,APPROVED,source title converted to Korean draft; Korean localization review required,DOMAIN_APPROVED_V2_TARGET_MUSCLE_REVIEW_2026_08_25,Codex-assisted review: primary records direct force-producing area(s); secondary records assisting or stabilizing area(s).,Codex-assisted review: basic movement in a stable setup with low technical demand for entry-level learners.,작업 요청의 보수적 가동성 기본값. 유지 시간과 전환 시간은 일반 준비·회복 목적의 카탈로그 값이며 치료 또는 재활 처방이 아님.,PRIMARY,NEX-000125,NONE,No versioned source-pair decision recorded.,DOMAIN_EXPERT_REVIEW,2026-08-25T00:00:00+09:00,neck side stretch,FITT-MOBILITY-V1,LIGHT,NONE,패턴 전용 FITT 템플릿 적용.,MOBILITY,MOBILITY
NEX-000126,둔근 스트레칭,MOBILITY,"[""HIP""]","[""KNEE""]",,BEGINNER,BEGINNER,DURATION,,,30-60,,15-30,LIGHT,REVIEW_REQUIRED,APPROVED,APPROVED,APPROVED,APPROVED,source title converted to Korean draft; Korean localization review required,DOMAIN_APPROVED_V2_TARGET_MUSCLE_REVIEW_2026_08_25,Codex-assisted review: primary records direct force-producing area(s); secondary records assisting or stabilizing area(s).,Codex-assisted review: basic movement in a stable setup with low technical demand for entry-level learners.,작업 요청의 보수적 가동성 기본값. 유지 시간과 전환 시간은 일반 준비·회복 목적의 카탈로그 값이며 치료 또는 재활 처방이 아님.,PRIMARY,NEX-000126,NONE,No versioned source-pair decision recorded.,DOMAIN_EXPERT_REVIEW,2026-08-25T00:00:00+09:00,seated glute stretch,FITT-MOBILITY-V1,LIGHT,NONE,패턴 전용 FITT 템플릿 적용.,MOBILITY,MOBILITY
NEX-000127,손목 돌리기,MOBILITY,"[""WRIST_HAND""]","[""ELBOW""]",,BEGINNER,BEGINNER,DURATION,,,30-60,,15-30,LIGHT,REVIEW_REQUIRED,APPROVED,APPROVED,APPROVED,APPROVED,source title converted to Korean draft; Korean localization review required,DOMAIN_APPROVED_V2_TARGET_MUSCLE_REVIEW_2026_08_25,Codex-assisted review: primary records direct force-producing area(s); secondary records assisting or stabilizing area(s).,Codex-assisted review: basic movement in a stable setup with low technical demand for entry-level learners.,작업 요청의 보수적 가동성 기본값. 유지 시간과 전환 시간은 일반 준비·회복 목적의 카탈로그 값이며 치료 또는 재활 처방이 아님.,PRIMARY,NEX-000127,NONE,No versioned source-pair decision recorded.,DOMAIN_EXPERT_REVIEW,2026-08-25T00:00:00+09:00,wrist circles,FITT-MOBILITY-V1,LIGHT,NONE,패턴 전용 FITT 템플릿 적용.,MOBILITY,MOBILITY
NEX-000128,워킹 런지,GLUTES,"[""HIP"",""KNEE""]","[""ANKLE_FOOT""]",,INTERMEDIATE,INTERMEDIATE,REPS,3,8-12,,90,,MODERATE,REVIEW_REQUIRED,APPROVED,APPROVED,APPROVED,APPROVED,source title converted to Korean draft; Korean localization review required,DOMAIN_APPROVED_V2_TARGET_MUSCLE_REVIEW_2026_08_25,Codex-assisted review: primary records direct force-producing area(s); secondary records assisting or stabilizing area(s).,"Codex-assisted review: requires baseline form, load/posture control, or free-weight coordination.","작업 요청의 보수적 카탈로그 기본값. ACSM 2009 Position Stand의 초보자 8–12 RM 및 초보·중급 저항운동 1–2분 휴식 원칙, NSCA의 다관절 운동 우선 원칙을 반영; 개인별 부하·진행은 Agent가 결정.",PRIMARY,NEX-000128,NONE,No versioned source-pair decision recorded.,DOMAIN_EXPERT_REVIEW,2026-08-25T00:00:00+09:00,walking lunge,FITT-COMPOUND-LUNGE-V1,MODERATE,NONE,다관절 저항운동 패턴 전용 복합 템플릿 적용.,LUNGE,STRENGTH
NEX-000129,버터플라이,MOBILITY,"[""HIP""]","[""KNEE""]",,BEGINNER,BEGINNER,DURATION,,,30-60,,15-30,LIGHT,REVIEW_REQUIRED,APPROVED,APPROVED,APPROVED,APPROVED,source title converted to Korean draft; Korean localization review required,DOMAIN_APPROVED_V2_TARGET_MUSCLE_REVIEW_2026_08_25,Codex-assisted review: primary records direct force-producing area(s); secondary records assisting or stabilizing area(s).,Codex-assisted review: basic movement in a stable setup with low technical demand for entry-level learners.,작업 요청의 보수적 가동성 기본값. 유지 시간과 전환 시간은 일반 준비·회복 목적의 카탈로그 값이며 치료 또는 재활 처방이 아님.,PRIMARY,NEX-000129,NONE,No versioned source-pair decision recorded.,DOMAIN_EXPERT_REVIEW,2026-08-25T00:00:00+09:00,butterfly yoga pose,FITT-MOBILITY-V1,LIGHT,NONE,패턴 전용 FITT 템플릿 적용.,MOBILITY,MOBILITY
NEX-000130,햄스트링 스트레칭,MOBILITY,"[""KNEE""]","[""HIP""]",,BEGINNER,BEGINNER,DURATION,,,30-60,,15-30,LIGHT,REVIEW_REQUIRED,APPROVED,APPROVED,APPROVED,APPROVED,source title converted to Korean draft; Korean localization review required,DOMAIN_APPROVED_V2_TARGET_MUSCLE_REVIEW_2026_08_25,Codex-assisted review: primary records direct force-producing area(s); secondary records assisting or stabilizing area(s).,Codex-assisted review: basic movement in a stable setup with low technical demand for entry-level learners.,작업 요청의 보수적 가동성 기본값. 유지 시간과 전환 시간은 일반 준비·회복 목적의 카탈로그 값이며 치료 또는 재활 처방이 아님.,PRIMARY,NEX-000130,NONE,No versioned source-pair decision recorded.,DOMAIN_EXPERT_REVIEW,2026-08-25T00:00:00+09:00,hamstring stretch,FITT-MOBILITY-V1,LIGHT,NONE,패턴 전용 FITT 템플릿 적용.,MOBILITY,MOBILITY
NEX-000131,네발기기 스쿼트 스트레칭,MOBILITY,"[""KNEE"",""HIP""]","[""ANKLE_FOOT""]",,INTERMEDIATE,INTERMEDIATE,DURATION,,,30-60,,15-30,LIGHT,REVIEW_REQUIRED,APPROVED,APPROVED,APPROVED,APPROVED,source title converted to Korean draft; Korean localization review required,DOMAIN_APPROVED_V2_TARGET_MUSCLE_REVIEW_2026_08_25,Codex-assisted review: primary records direct force-producing area(s); secondary records assisting or stabilizing area(s).,"Codex-assisted review: requires baseline form, load/posture control, or free-weight coordination.",작업 요청의 보수적 가동성 기본값. 유지 시간과 전환 시간은 일반 준비·회복 목적의 카탈로그 값이며 치료 또는 재활 처방이 아님.,PRIMARY,NEX-000131,NONE,No versioned source-pair decision recorded.,DOMAIN_EXPERT_REVIEW,2026-08-25T00:00:00+09:00,all fours squad stretch,FITT-MOBILITY-V1,LIGHT,NONE,패턴 전용 FITT 템플릿 적용.,MOBILITY,MOBILITY
NEX-000132,의자 다리 펴기 스트레칭,MOBILITY,"[""KNEE""]","[""HIP""]",,BEGINNER,BEGINNER,DURATION,,,30-60,,15-30,LIGHT,REVIEW_REQUIRED,APPROVED,APPROVED,APPROVED,APPROVED,source title converted to Korean draft; Korean localization review required,DOMAIN_APPROVED_V2_TARGET_MUSCLE_REVIEW_2026_08_25,Codex-assisted review: primary records direct force-producing area(s); secondary records assisting or stabilizing area(s).,Codex-assisted review: basic movement in a stable setup with low technical demand for entry-level learners.,작업 요청의 보수적 가동성 기본값. 유지 시간과 전환 시간은 일반 준비·회복 목적의 카탈로그 값이며 치료 또는 재활 처방이 아님.,PRIMARY,NEX-000132,NONE,No versioned source-pair decision recorded.,DOMAIN_EXPERT_REVIEW,2026-08-25T00:00:00+09:00,chair leg extended stretch,FITT-MOBILITY-V1,LIGHT,NONE,패턴 전용 FITT 템플릿 적용.,MOBILITY,MOBILITY
NEX-000133,짐볼 고관절 굴곡근 스트레칭,MOBILITY,"[""HIP""]","[""LOWER_BACK""]",,INTERMEDIATE,INTERMEDIATE,DURATION,,,30-60,,15-30,LIGHT,REVIEW_REQUIRED,APPROVED,APPROVED,APPROVED,APPROVED,source title converted to Korean draft; Korean localization review required,DOMAIN_APPROVED_V2_TARGET_MUSCLE_REVIEW_2026_08_25,Codex-assisted review: primary records direct force-producing area(s); secondary records assisting or stabilizing area(s).,"Codex-assisted review: requires baseline form, load/posture control, or free-weight coordination.",작업 요청의 보수적 가동성 기본값. 유지 시간과 전환 시간은 일반 준비·회복 목적의 카탈로그 값이며 치료 또는 재활 처방이 아님.,PRIMARY,NEX-000133,NONE,No versioned source-pair decision recorded.,DOMAIN_EXPERT_REVIEW,2026-08-25T00:00:00+09:00,exercise ball hip flexor stretch,FITT-MOBILITY-V1,LIGHT,NONE,패턴 전용 FITT 템플릿 적용.,MOBILITY,MOBILITY
NEX-000134,허벅지 앞쪽 스트레칭,MOBILITY,"[""KNEE""]","[""HIP""]",,INTERMEDIATE,INTERMEDIATE,DURATION,,,30-60,,15-30,LIGHT,REVIEW_REQUIRED,APPROVED,APPROVED,APPROVED,APPROVED,source title converted to Korean draft; Korean localization review required,DOMAIN_APPROVED_V2_TARGET_MUSCLE_REVIEW_2026_08_25,Codex-assisted review: primary records direct force-producing area(s); secondary records assisting or stabilizing area(s).,"Codex-assisted review: requires baseline form, load/posture control, or free-weight coordination.",작업 요청의 보수적 가동성 기본값. 유지 시간과 전환 시간은 일반 준비·회복 목적의 카탈로그 값이며 치료 또는 재활 처방이 아님.,PRIMARY,NEX-000134,NONE,No versioned source-pair decision recorded.,DOMAIN_EXPERT_REVIEW,2026-08-25T00:00:00+09:00,intermediate hip flexor and quad stretch,FITT-MOBILITY-V1,LIGHT,NONE,패턴 전용 FITT 템플릿 적용.,MOBILITY,MOBILITY
NEX-000135,햄스트링 스트레칭,MOBILITY,"[""KNEE""]","[""HIP""]",,BEGINNER,BEGINNER,DURATION,,,30-60,,15-30,LIGHT,REVIEW_REQUIRED,APPROVED,APPROVED,APPROVED,APPROVED,source title converted to Korean draft; Korean localization review required,DOMAIN_APPROVED_V2_TARGET_MUSCLE_REVIEW_2026_08_25,Codex-assisted review: primary records direct force-producing area(s); secondary records assisting or stabilizing area(s).,Codex-assisted review: basic movement in a stable setup with low technical demand for entry-level learners.,작업 요청의 보수적 가동성 기본값. 유지 시간과 전환 시간은 일반 준비·회복 목적의 카탈로그 값이며 치료 또는 재활 처방이 아님.,PRIMARY,NEX-000135,NONE,No versioned source-pair decision recorded.,DOMAIN_EXPERT_REVIEW,2026-08-25T00:00:00+09:00,leg up hamstring stretch,FITT-MOBILITY-V1,LIGHT,NONE,패턴 전용 FITT 템플릿 적용.,MOBILITY,MOBILITY
NEX-000136,러너 스트레칭,MOBILITY,"[""ANKLE_FOOT"",""KNEE""]","[""HIP""]",,BEGINNER,BEGINNER,DURATION,,,30-60,,15-30,LIGHT,REVIEW_REQUIRED,APPROVED,APPROVED,APPROVED,APPROVED,source title converted to Korean draft; Korean localization review required,DOMAIN_APPROVED_V2_TARGET_MUSCLE_REVIEW_2026_08_25,Codex-assisted review: primary records direct force-producing area(s); secondary records assisting or stabilizing area(s).,Codex-assisted review: basic movement in a stable setup with low technical demand for entry-level learners.,작업 요청의 보수적 가동성 기본값. 유지 시간과 전환 시간은 일반 준비·회복 목적의 카탈로그 값이며 치료 또는 재활 처방이 아님.,PRIMARY,NEX-000136,NONE,No versioned source-pair decision recorded.,DOMAIN_EXPERT_REVIEW,2026-08-25T00:00:00+09:00,runners stretch,FITT-MOBILITY-V1,LIGHT,NONE,패턴 전용 FITT 템플릿 적용.,MOBILITY,MOBILITY
NEX-000137,시티드 와이드 앵글 포즈,MOBILITY,"[""HIP"",""KNEE""]",[],,INTERMEDIATE,INTERMEDIATE,DURATION,,,30-60,,15-30,LIGHT,REVIEW_REQUIRED,APPROVED,APPROVED,APPROVED,APPROVED,source title converted to Korean draft; Korean localization review required,DOMAIN_APPROVED_V2_TARGET_MUSCLE_REVIEW_2026_08_25,Codex-assisted review: primary records direct force-producing area(s); secondary records assisting or stabilizing area(s).,"Codex-assisted review: requires baseline form, load/posture control, or free-weight coordination.",작업 요청의 보수적 가동성 기본값. 유지 시간과 전환 시간은 일반 준비·회복 목적의 카탈로그 값이며 치료 또는 재활 처방이 아님.,PRIMARY,NEX-000137,NONE,No versioned source-pair decision recorded.,DOMAIN_EXPERT_REVIEW,2026-08-25T00:00:00+09:00,seated wide angle pose sequence,FITT-MOBILITY-V1,LIGHT,NONE,패턴 전용 FITT 템플릿 적용.,MOBILITY,MOBILITY
NEX-000138,허벅지와 종아리 스트레칭,MOBILITY,"[""KNEE"",""ANKLE_FOOT""]","[""HIP""]",,BEGINNER,BEGINNER,DURATION,,,30-60,,15-30,LIGHT,REVIEW_REQUIRED,APPROVED,APPROVED,APPROVED,APPROVED,source title converted to Korean draft; Korean localization review required,DOMAIN_APPROVED_V2_TARGET_MUSCLE_REVIEW_2026_08_25,Codex-assisted review: primary records direct force-producing area(s); secondary records assisting or stabilizing area(s).,Codex-assisted review: basic movement in a stable setup with low technical demand for entry-level learners.,작업 요청의 보수적 가동성 기본값. 유지 시간과 전환 시간은 일반 준비·회복 목적의 카탈로그 값이며 치료 또는 재활 처방이 아님.,PRIMARY,NEX-000138,NONE,No versioned source-pair decision recorded.,DOMAIN_EXPERT_REVIEW,2026-08-25T00:00:00+09:00,standing hamstring and calf stretch with strap,FITT-MOBILITY-V1,LIGHT,NONE,패턴 전용 FITT 템플릿 적용.,MOBILITY,MOBILITY
NEX-000139,그레이티스트 스트레칭,MOBILITY,"[""HIP"",""KNEE""]","[""ANKLE_FOOT""]",,INTERMEDIATE,INTERMEDIATE,DURATION,,,30-60,,15-30,LIGHT,REVIEW_REQUIRED,APPROVED,APPROVED,APPROVED,APPROVED,source title converted to Korean draft; Korean localization review required,DOMAIN_APPROVED_V2_TARGET_MUSCLE_REVIEW_2026_08_25,Codex-assisted review: primary records direct force-producing area(s); secondary records assisting or stabilizing area(s).,"Codex-assisted review: requires baseline form, load/posture control, or free-weight coordination.",작업 요청의 보수적 가동성 기본값. 유지 시간과 전환 시간은 일반 준비·회복 목적의 카탈로그 값이며 치료 또는 재활 처방이 아님.,PRIMARY,NEX-000139,NONE,No versioned source-pair decision recorded.,DOMAIN_EXPERT_REVIEW,2026-08-25T00:00:00+09:00,world greatest stretch,FITT-MOBILITY-V1,LIGHT,NONE,패턴 전용 FITT 템플릿 적용.,MOBILITY,MOBILITY
NEX-000140,덤벨 해머 프리처 컬,BICEPS,"[""ELBOW""]","[""WRIST_HAND""]",,BEGINNER,BEGINNER,REPS,3,10-15,,60-90,,MODERATE,REVIEW_REQUIRED,APPROVED,APPROVED,APPROVED,APPROVED,source title converted to Korean draft; Korean localization review required,DOMAIN_APPROVED_V2_TARGET_MUSCLE_REVIEW_2026_08_25,Codex-assisted review: primary records direct force-producing area(s); secondary records assisting or stabilizing area(s).,Codex-assisted review: basic movement in a stable setup with low technical demand for entry-level learners.,"작업 요청의 보수적 카탈로그 기본값. ACSM 2009 Position Stand의 초보자 8–12 RM과 보조운동 1–2분 휴식 원칙을 참고해 반복 수를 10–15회, 휴식을 60–90초로 설정; 단일관절 여부와 개인별 부하는 Agent가 확인.",PRIMARY,NEX-000140,NONE,No versioned source-pair decision recorded.,DOMAIN_EXPERT_REVIEW,2026-08-25T00:00:00+09:00,dumbbell alternate hammer preacher curl,FITT-ISOLATION-STRENGTH-V1,MODERATE,NONE,단일관절 또는 고립 저항운동 특성으로 ISOLATION_STRENGTH 템플릿 적용.,PULL,STRENGTH
NEX-000141,덤벨 프리처 컬,BICEPS,"[""ELBOW""]","[""WRIST_HAND""]",,BEGINNER,BEGINNER,REPS,3,10-15,,60-90,,MODERATE,REVIEW_REQUIRED,APPROVED,APPROVED,APPROVED,APPROVED,source title converted to Korean draft; Korean localization review required,DOMAIN_APPROVED_V2_TARGET_MUSCLE_REVIEW_2026_08_25,Codex-assisted review: primary records direct force-producing area(s); secondary records assisting or stabilizing area(s).,Codex-assisted review: basic movement in a stable setup with low technical demand for entry-level learners.,"작업 요청의 보수적 카탈로그 기본값. ACSM 2009 Position Stand의 초보자 8–12 RM과 보조운동 1–2분 휴식 원칙을 참고해 반복 수를 10–15회, 휴식을 60–90초로 설정; 단일관절 여부와 개인별 부하는 Agent가 확인.",PRIMARY,NEX-000141,NONE,No versioned source-pair decision recorded.,DOMAIN_EXPERT_REVIEW,2026-08-25T00:00:00+09:00,dumbbell alternate preacher curl,FITT-ISOLATION-STRENGTH-V1,MODERATE,NONE,단일관절 또는 고립 저항운동 특성으로 ISOLATION_STRENGTH 템플릿 적용.,PULL,STRENGTH
NEX-000142,덤벨 고블릿 스쿼트,QUADRICEPS,"[""KNEE"",""HIP""]","[""ANKLE_FOOT""]",,BEGINNER,BEGINNER,REPS,3,8-12,,90,,MODERATE,REVIEW_REQUIRED,APPROVED,APPROVED,APPROVED,APPROVED,source title converted to Korean draft; Korean localization review required,DOMAIN_APPROVED_V2_TARGET_MUSCLE_REVIEW_2026_08_25,Codex-assisted review: primary records direct force-producing area(s); secondary records assisting or stabilizing area(s).,Codex-assisted review: basic movement in a stable setup with low technical demand for entry-level learners.,"작업 요청의 보수적 카탈로그 기본값. ACSM 2009 Position Stand의 초보자 8–12 RM 및 초보·중급 저항운동 1–2분 휴식 원칙, NSCA의 다관절 운동 우선 원칙을 반영; 개인별 부하·진행은 Agent가 결정.",PRIMARY,NEX-000142,NONE,No versioned source-pair decision recorded.,DOMAIN_EXPERT_REVIEW,2026-08-25T00:00:00+09:00,dumbbell goblet squat,FITT-COMPOUND-SQUAT-V1,MODERATE,NONE,다관절 저항운동 패턴 전용 복합 템플릿 적용.,SQUAT,STRENGTH
NEX-000143,실내 자전거 타기,CARDIO,"[""KNEE"",""HIP""]","[""ANKLE_FOOT""]",,BEGINNER,BEGINNER,DURATION,,,1200-2400,,,MODERATE,REVIEW_REQUIRED,APPROVED,APPROVED,APPROVED,APPROVED,source title converted to Korean draft; Korean localization review required,DOMAIN_APPROVED_V2_TARGET_MUSCLE_REVIEW_2026_08_25,Codex-assisted review: primary records direct force-producing area(s); secondary records assisting or stabilizing area(s).,Codex-assisted review: basic movement in a stable setup with low technical demand for entry-level learners.,"작업 요청의 중강도 유산소 카탈로그 기본값(20–40분). ACSM 일반 성인 유산소 활동 지침의 중강도 활동 원칙을 참고하며, 세부 강도·시간은 Agent가 조정.",PRIMARY,NEX-000143,NONE,No unversioned peer exists in the preserved source; omit the source version suffix.,DOMAIN_EXPERT_REVIEW,2026-08-25T00:00:00+09:00,stationary bike run v. 3,FITT-CARDIO-V1,MODERATE,NONE,패턴 전용 FITT 템플릿 적용.,CARDIO,CARDIO
NEX-000144,일립티컬,CARDIO,"[""KNEE"",""HIP""]","[""ANKLE_FOOT""]",,BEGINNER,BEGINNER,DURATION,,,1200-2400,,,MODERATE,REVIEW_REQUIRED,APPROVED,APPROVED,APPROVED,APPROVED,source title converted to Korean draft; Korean localization review required,DOMAIN_APPROVED_V2_TARGET_MUSCLE_REVIEW_2026_08_25,Codex-assisted review: primary records direct force-producing area(s); secondary records assisting or stabilizing area(s).,Codex-assisted review: basic movement in a stable setup with low technical demand for entry-level learners.,"작업 요청의 중강도 유산소 카탈로그 기본값(20–40분). ACSM 일반 성인 유산소 활동 지침의 중강도 활동 원칙을 참고하며, 세부 강도·시간은 Agent가 조정.",PRIMARY,NEX-000144,NONE,No versioned source-pair decision recorded.,DOMAIN_EXPERT_REVIEW,2026-08-25T00:00:00+09:00,walk elliptical cross trainer,FITT-CARDIO-V1,MODERATE,NONE,패턴 전용 FITT 템플릿 적용.,CARDIO,CARDIO
NEX-000145,폼롤러 힙 스트레칭,MOBILITY,"[""HIP""]","[""LOWER_BACK""]",,INTERMEDIATE,INTERMEDIATE,DURATION,,,30-60,,15-30,LIGHT,REVIEW_REQUIRED,APPROVED,APPROVED,APPROVED,APPROVED,source title converted to Korean draft; Korean localization review required,DOMAIN_APPROVED_V2_TARGET_MUSCLE_REVIEW_2026_08_25,Codex-assisted review: primary records direct force-producing area(s); secondary records assisting or stabilizing area(s).,"Codex-assisted review: requires baseline form, load/posture control, or free-weight coordination.",작업 요청의 보수적 가동성 기본값. 유지 시간과 전환 시간은 일반 준비·회복 목적의 카탈로그 값이며 치료 또는 재활 처방이 아님.,PRIMARY,NEX-000145,NONE,No versioned source-pair decision recorded.,DOMAIN_EXPERT_REVIEW,2026-08-25T00:00:00+09:00,roller hip stretch,FITT-MOBILITY-V1,LIGHT,NONE,패턴 전용 FITT 템플릿 적용.,MOBILITY,MOBILITY
NEX-000146,폼롤러 리버스 크런치,CORE,"[""ABDOMEN""]","[""LOWER_BACK""]",,INTERMEDIATE,INTERMEDIATE,DURATION,2-3,,30-45,45-60,,LIGHT_MODERATE,REVIEW_REQUIRED,APPROVED,APPROVED,APPROVED,APPROVED,source title converted to Korean draft; Korean localization review required,DOMAIN_APPROVED_V2_TARGET_MUSCLE_REVIEW_2026_08_25,Codex-assisted review: primary records direct force-producing area(s); secondary records assisting or stabilizing area(s).,"Codex-assisted review: requires baseline form, load/posture control, or free-weight coordination.",작업 요청의 보수적 코어 안정화 기본값. 시간·휴식 범위는 일반 수행 템플릿이며 통증·재활 처방이 아님; 개인별 자세·진행은 Agent가 조정.,PRIMARY,NEX-000146,NONE,No versioned source-pair decision recorded.,DOMAIN_EXPERT_REVIEW,2026-08-25T00:00:00+09:00,roller reverse crunch,FITT-CORE-STABILITY-V1,LIGHT_MODERATE,NONE,패턴 전용 FITT 템플릿 적용.,CORE,STRENGTH
NEX-000147,폼롤러 등 스트레칭,MOBILITY,"[""UPPER_BACK""]","[""LOWER_BACK""]",,INTERMEDIATE,INTERMEDIATE,DURATION,,,30-60,,15-30,LIGHT,REVIEW_REQUIRED,APPROVED,APPROVED,APPROVED,APPROVED,source title converted to Korean draft; Korean localization review required,DOMAIN_APPROVED_V2_TARGET_MUSCLE_REVIEW_2026_08_25,Codex-assisted review: primary records direct force-producing area(s); secondary records assisting or stabilizing area(s).,"Codex-assisted review: requires baseline form, load/posture control, or free-weight coordination.",작업 요청의 보수적 가동성 기본값. 유지 시간과 전환 시간은 일반 준비·회복 목적의 카탈로그 값이며 치료 또는 재활 처방이 아님.,PRIMARY,NEX-000147,NONE,No versioned source-pair decision recorded.,DOMAIN_EXPERT_REVIEW,2026-08-25T00:00:00+09:00,roller back stretch,FITT-MOBILITY-V1,LIGHT,NONE,패턴 전용 FITT 템플릿 적용.,MOBILITY,MOBILITY
NEX-000148,풀오버,BACK,"[""UPPER_BACK""]","[""CHEST"",""ELBOW""]",,INTERMEDIATE,INTERMEDIATE,REPS,3,10-15,,60-90,,MODERATE,REVIEW_REQUIRED,APPROVED,APPROVED,APPROVED,APPROVED,source title converted to Korean draft; Korean localization review required,DOMAIN_APPROVED_V2_TARGET_MUSCLE_REVIEW_2026_08_25,Codex-assisted review: primary records direct force-producing area(s); secondary records assisting or stabilizing area(s).,"Codex-assisted review: requires baseline form, load/posture control, or free-weight coordination.","작업 요청의 보수적 카탈로그 기본값. ACSM 2009 Position Stand의 초보자 8–12 RM과 보조운동 1–2분 휴식 원칙을 참고해 반복 수를 10–15회, 휴식을 60–90초로 설정; 단일관절 여부와 개인별 부하는 Agent가 확인.",PRIMARY,NEX-000148,NONE,No versioned source-pair decision recorded.,DOMAIN_EXPERT_REVIEW,2026-08-25T00:00:00+09:00,lever pullover,FITT-ISOLATION-STRENGTH-V1,MODERATE,NONE,단일관절 또는 고립 저항운동 특성으로 ISOLATION_STRENGTH 템플릿 적용.,PULL,STRENGTH
NEX-000149,덤벨 스탠딩 조트만 프리처 컬,BICEPS,"[""ELBOW""]","[""WRIST_HAND""]",,INTERMEDIATE,INTERMEDIATE,REPS,3,10-15,,60-90,,MODERATE,REVIEW_REQUIRED,APPROVED,APPROVED,APPROVED,APPROVED,source title converted to Korean draft; Korean localization review required,DOMAIN_APPROVED_V2_TARGET_MUSCLE_REVIEW_2026_08_25,Codex-assisted review: primary records direct force-producing area(s); secondary records assisting or stabilizing area(s).,"Codex-assisted review: requires baseline form, load/posture control, or free-weight coordination.","작업 요청의 보수적 카탈로그 기본값. ACSM 2009 Position Stand의 초보자 8–12 RM과 보조운동 1–2분 휴식 원칙을 참고해 반복 수를 10–15회, 휴식을 60–90초로 설정; 단일관절 여부와 개인별 부하는 Agent가 확인.",PRIMARY,NEX-000149,NONE,No versioned source-pair decision recorded.,DOMAIN_EXPERT_REVIEW,2026-08-25T00:00:00+09:00,dumbbell standing zottman preacher curl,FITT-ISOLATION-STRENGTH-V1,MODERATE,NONE,단일관절 또는 고립 저항운동 특성으로 ISOLATION_STRENGTH 템플릿 적용.,PULL,STRENGTH
NEX-000150,인버티드 로우 온 벤치,BACK,"[""UPPER_BACK""]","[""ELBOW"",""SHOULDER""]",,INTERMEDIATE,INTERMEDIATE,REPS,3,8-12,,90,,MODERATE,REVIEW_REQUIRED,APPROVED,APPROVED,APPROVED,APPROVED,source title converted to Korean draft; Korean localization review required,DOMAIN_APPROVED_V2_TARGET_MUSCLE_REVIEW_2026_08_25,Codex-assisted review: primary records direct force-producing area(s); secondary records assisting or stabilizing area(s).,"Codex-assisted review: requires baseline form, load/posture control, or free-weight coordination.","작업 요청의 보수적 카탈로그 기본값. ACSM 2009 Position Stand의 초보자 8–12 RM 및 초보·중급 저항운동 1–2분 휴식 원칙, NSCA의 다관절 운동 우선 원칙을 반영; 개인별 부하·진행은 Agent가 결정.",PRIMARY,NEX-000150,NONE,No versioned source-pair decision recorded.,DOMAIN_EXPERT_REVIEW,2026-08-25T00:00:00+09:00,inverted row on bench,FITT-COMPOUND-PULL-V1,MODERATE,NONE,다관절 저항운동 패턴 전용 복합 템플릿 적용.,PULL,STRENGTH
NEX-000151,러닝머신,CARDIO,"[""ANKLE_FOOT"",""KNEE""]","[""HIP""]",,INTERMEDIATE,INTERMEDIATE,DURATION,,,1200-2400,,,MODERATE,REVIEW_REQUIRED,APPROVED,APPROVED,APPROVED,APPROVED,source title converted to Korean draft; Korean localization review required,DOMAIN_APPROVED_V2_TARGET_MUSCLE_REVIEW_2026_08_25,Codex-assisted review: primary records direct force-producing area(s); secondary records assisting or stabilizing area(s).,"Codex-assisted review: requires baseline form, load/posture control, or free-weight coordination.","작업 요청의 중강도 유산소 카탈로그 기본값(20–40분). ACSM 일반 성인 유산소 활동 지침의 중강도 활동 원칙을 참고하며, 세부 강도·시간은 Agent가 조정.",PRIMARY,NEX-000151,NONE,No versioned source-pair decision recorded.,DOMAIN_EXPERT_REVIEW,2026-08-25T00:00:00+09:00,walking on stepmill,FITT-CARDIO-V1,MODERATE,NONE,패턴 전용 FITT 템플릿 적용.,CARDIO,CARDIO
NEX-000152,척추 트위스트,MOBILITY,"[""UPPER_BACK"",""LOWER_BACK""]","[""ABDOMEN""]",,BEGINNER,BEGINNER,DURATION,,,30-60,,15-30,LIGHT,REVIEW_REQUIRED,APPROVED,APPROVED,APPROVED,APPROVED,source title converted to Korean draft; Korean localization review required,DOMAIN_APPROVED_V2_TARGET_MUSCLE_REVIEW_2026_08_25,Codex-assisted review: primary records direct force-producing area(s); secondary records assisting or stabilizing area(s).,Codex-assisted review: basic movement in a stable setup with low technical demand for entry-level learners.,작업 요청의 보수적 가동성 기본값. 유지 시간과 전환 시간은 일반 준비·회복 목적의 카탈로그 값이며 치료 또는 재활 처방이 아님.,PRIMARY,NEX-000152,NONE,No versioned source-pair decision recorded.,DOMAIN_EXPERT_REVIEW,2026-08-25T00:00:00+09:00,spine twist,FITT-MOBILITY-V1,LIGHT,NONE,패턴 전용 FITT 템플릿 적용.,MOBILITY,MOBILITY
NEX-000153,시티드 카프 프레스,CALVES,"[""ANKLE_FOOT""]","[""KNEE""]",,BEGINNER,BEGINNER,REPS,3,10-15,,60-90,,MODERATE,REVIEW_REQUIRED,APPROVED,APPROVED,APPROVED,APPROVED,source title converted to Korean draft; Korean localization review required,DOMAIN_APPROVED_V2_TARGET_MUSCLE_REVIEW_2026_08_25,Codex-assisted review: primary records direct force-producing area(s); secondary records assisting or stabilizing area(s).,Codex-assisted review: basic movement in a stable setup with low technical demand for entry-level learners.,"작업 요청의 보수적 카탈로그 기본값. ACSM 2009 Position Stand의 초보자 8–12 RM과 보조운동 1–2분 휴식 원칙을 참고해 반복 수를 10–15회, 휴식을 60–90초로 설정; 단일관절 여부와 개인별 부하는 Agent가 확인.",PRIMARY,NEX-000153,NONE,No versioned source-pair decision recorded.,DOMAIN_EXPERT_REVIEW,2026-08-25T00:00:00+09:00,lever seated calf press,FITT-ISOLATION-STRENGTH-V1,MODERATE,NONE,단일관절 또는 고립 저항운동 특성으로 ISOLATION_STRENGTH 템플릿 적용.,SQUAT,STRENGTH
NEX-000154,스플릿 스쿼트,QUADRICEPS,"[""KNEE"",""HIP""]","[""ANKLE_FOOT""]",,INTERMEDIATE,INTERMEDIATE,REPS,3,8-12,,90,,MODERATE,REVIEW_REQUIRED,APPROVED,APPROVED,APPROVED,APPROVED,source title converted to Korean draft; Korean localization review required,DOMAIN_APPROVED_V2_TARGET_MUSCLE_REVIEW_2026_08_25,Codex-assisted review: primary records direct force-producing area(s); secondary records assisting or stabilizing area(s).,"Codex-assisted review: requires baseline form, load/posture control, or free-weight coordination.","작업 요청의 보수적 카탈로그 기본값. ACSM 2009 Position Stand의 초보자 8–12 RM 및 초보·중급 저항운동 1–2분 휴식 원칙, NSCA의 다관절 운동 우선 원칙을 반영; 개인별 부하·진행은 Agent가 결정.",PRIMARY,NEX-000154,NONE,No versioned source-pair decision recorded.,DOMAIN_EXPERT_REVIEW,2026-08-25T00:00:00+09:00,split squats,FITT-COMPOUND-LUNGE-V1,MODERATE,NONE,다관절 저항운동 패턴 전용 복합 템플릿 적용.,LUNGE,STRENGTH
NEX-000155,중량 러시안 트위스트,CORE,"[""ABDOMEN""]","[""LOWER_BACK""]",,INTERMEDIATE,INTERMEDIATE,DURATION,2-3,,30-45,45-60,,LIGHT_MODERATE,REVIEW_REQUIRED,APPROVED,APPROVED,APPROVED,APPROVED,source title converted to Korean draft; Korean localization review required,DOMAIN_APPROVED_V2_TARGET_MUSCLE_REVIEW_2026_08_25,Codex-assisted review: primary records direct force-producing area(s); secondary records assisting or stabilizing area(s).,"Codex-assisted review: requires baseline form, load/posture control, or free-weight coordination.",작업 요청의 보수적 코어 안정화 기본값. 시간·휴식 범위는 일반 수행 템플릿이며 통증·재활 처방이 아님; 개인별 자세·진행은 Agent가 조정.,DISTINCT_VARIANT,NEX-000091,RANGE_OF_MOTION_VARIANT,Source 2371 rotates beside the torso; 0846 directs the weight toward the floor.,DOMAIN_EXPERT_REVIEW,2026-08-25T00:00:00+09:00,weighted russian twist v. 2,FITT-CORE-STABILITY-V1,LIGHT_MODERATE,NONE,패턴 전용 FITT 템플릿 적용.,CORE,STRENGTH
NEX-000156,인버스 레그 컬,HAMSTRINGS,"[""KNEE""]","[""HIP""]",,INTERMEDIATE,INTERMEDIATE,REPS,3,10-15,,60-90,,MODERATE,REVIEW_REQUIRED,APPROVED,APPROVED,APPROVED,APPROVED,source title converted to Korean draft; Korean localization review required,DOMAIN_APPROVED_V2_TARGET_MUSCLE_REVIEW_2026_08_25,Codex-assisted review: primary records direct force-producing area(s); secondary records assisting or stabilizing area(s).,"Codex-assisted review: requires baseline form, load/posture control, or free-weight coordination; classify at the highest allowed service difficulty.","작업 요청의 보수적 카탈로그 기본값. ACSM 2009 Position Stand의 초보자 8–12 RM과 보조운동 1–2분 휴식 원칙을 참고해 반복 수를 10–15회, 휴식을 60–90초로 설정; 단일관절 여부와 개인별 부하는 Agent가 확인.",PRIMARY,NEX-000156,NONE,No versioned source-pair decision recorded.,DOMAIN_EXPERT_REVIEW,2026-08-25T00:00:00+09:00,inverse leg curl (on pull-up cable machine),FITT-ISOLATION-STRENGTH-V1,MODERATE,NONE,단일관절 또는 고립 저항운동 특성으로 ISOLATION_STRENGTH 템플릿 적용.,HINGE,STRENGTH
NEX-000157,고관절 스트레칭,MOBILITY,"[""HIP""]","[""KNEE""]",,BEGINNER,BEGINNER,DURATION,,,30-60,,15-30,LIGHT,REVIEW_REQUIRED,APPROVED,APPROVED,APPROVED,APPROVED,source title converted to Korean draft; Korean localization review required,DOMAIN_APPROVED_V2_TARGET_MUSCLE_REVIEW_2026_08_25,Codex-assisted review: primary records direct force-producing area(s); secondary records assisting or stabilizing area(s).,Codex-assisted review: basic movement in a stable setup with low technical demand for entry-level learners.,작업 요청의 보수적 가동성 기본값. 유지 시간과 전환 시간은 일반 준비·회복 목적의 카탈로그 값이며 치료 또는 재활 처방이 아님.,PRIMARY,NEX-000157,NONE,No versioned source-pair decision recorded.,DOMAIN_EXPERT_REVIEW,2026-08-25T00:00:00+09:00,seated piriformis stretch,FITT-MOBILITY-V1,LIGHT,NONE,패턴 전용 FITT 템플릿 적용.,MOBILITY,MOBILITY
NEX-000158,점프 로프,CARDIO,"[""ANKLE_FOOT"",""KNEE""]","[""HIP""]",,INTERMEDIATE,INTERMEDIATE,DURATION,,,1200-2400,,,MODERATE,REVIEW_REQUIRED,APPROVED,APPROVED,APPROVED,APPROVED,source title converted to Korean draft; Korean localization review required,DOMAIN_APPROVED_V2_TARGET_MUSCLE_REVIEW_2026_08_25,Codex-assisted review: primary records direct force-producing area(s); secondary records assisting or stabilizing area(s).,"Codex-assisted review: requires baseline form, load/posture control, or free-weight coordination.","작업 요청의 중강도 유산소 카탈로그 기본값(20–40분). ACSM 일반 성인 유산소 활동 지침의 중강도 활동 원칙을 참고하며, 세부 강도·시간은 Agent가 조정.",PRIMARY,NEX-000158,NONE,No versioned source-pair decision recorded.,DOMAIN_EXPERT_REVIEW,2026-08-25T00:00:00+09:00,jump rope,FITT-CARDIO-V1,MODERATE,NONE,패턴 전용 FITT 템플릿 적용.,CARDIO,CARDIO
NEX-000159,덤벨 스텝업 런지,QUADRICEPS,"[""KNEE"",""HIP""]","[""ANKLE_FOOT""]",,INTERMEDIATE,INTERMEDIATE,REPS,3,8-12,,90,,MODERATE,REVIEW_REQUIRED,APPROVED,APPROVED,APPROVED,APPROVED,source title converted to Korean draft; Korean localization review required,DOMAIN_APPROVED_V2_TARGET_MUSCLE_REVIEW_2026_08_25,Codex-assisted review: primary records direct force-producing area(s); secondary records assisting or stabilizing area(s).,"Codex-assisted review: requires baseline form, load/posture control, or free-weight coordination.","작업 요청의 보수적 카탈로그 기본값. ACSM 2009 Position Stand의 초보자 8–12 RM 및 초보·중급 저항운동 1–2분 휴식 원칙, NSCA의 다관절 운동 우선 원칙을 반영; 개인별 부하·진행은 Agent가 결정.",PRIMARY,NEX-000159,NONE,No versioned source-pair decision recorded.,DOMAIN_EXPERT_REVIEW,2026-08-25T00:00:00+09:00,dumbbell step-up lunge,FITT-COMPOUND-LUNGE-V1,MODERATE,NONE,다관절 저항운동 패턴 전용 복합 템플릿 적용.,LUNGE,STRENGTH
NEX-000160,밴드 레그 익스텐션,QUADRICEPS,"[""KNEE""]","[""HIP""]",,BEGINNER,BEGINNER,REPS,3,10-15,,60-90,,MODERATE,REVIEW_REQUIRED,APPROVED,APPROVED,APPROVED,APPROVED,source title converted to Korean draft; Korean localization review required,DOMAIN_APPROVED_V2_TARGET_MUSCLE_REVIEW_2026_08_25,Codex-assisted review: primary records direct force-producing area(s); secondary records assisting or stabilizing area(s).,Codex-assisted review: basic movement in a stable setup with low technical demand for entry-level learners.,"작업 요청의 보수적 카탈로그 기본값. ACSM 2009 Position Stand의 초보자 8–12 RM과 보조운동 1–2분 휴식 원칙을 참고해 반복 수를 10–15회, 휴식을 60–90초로 설정; 단일관절 여부와 개인별 부하는 Agent가 확인.",PRIMARY,NEX-000160,NONE,No versioned source-pair decision recorded.,DOMAIN_EXPERT_REVIEW,2026-08-25T00:00:00+09:00,resistance band leg extension,FITT-ISOLATION-STRENGTH-V1,MODERATE,NONE,단일관절 또는 고립 저항운동 특성으로 ISOLATION_STRENGTH 템플릿 적용.,SQUAT,STRENGTH
NEX-000161,라잉 벤트 암 풀오버,BACK,"[""UPPER_BACK""]","[""CHEST"",""ELBOW""]",,INTERMEDIATE,INTERMEDIATE,REPS,3,10-15,,60-90,,MODERATE,REVIEW_REQUIRED,APPROVED,APPROVED,APPROVED,APPROVED,source title converted to Korean draft; Korean localization review required,DOMAIN_APPROVED_V2_TARGET_MUSCLE_REVIEW_2026_08_25,Codex-assisted review: primary records direct force-producing area(s); secondary records assisting or stabilizing area(s).,"Codex-assisted review: requires baseline form, load/posture control, or free-weight coordination.","작업 요청의 보수적 카탈로그 기본값. ACSM 2009 Position Stand의 초보자 8–12 RM과 보조운동 1–2분 휴식 원칙을 참고해 반복 수를 10–15회, 휴식을 60–90초로 설정; 단일관절 여부와 개인별 부하는 Agent가 확인.",PRIMARY,NEX-000161,NONE,No versioned source-pair decision recorded.,DOMAIN_EXPERT_REVIEW,2026-08-25T00:00:00+09:00,ez bar lying bent arms pullover,FITT-ISOLATION-STRENGTH-V1,MODERATE,NONE,단일관절 또는 고립 저항운동 특성으로 ISOLATION_STRENGTH 템플릿 적용.,PULL,STRENGTH
NEX-000162,바닥 글루트 브릿지,GLUTES,"[""HIP""]","[""KNEE"",""LOWER_BACK""]",,BEGINNER,BEGINNER,REPS,2,8-15,,60,,LIGHT_MODERATE,REVIEW_REQUIRED,APPROVED,APPROVED,APPROVED,APPROVED,source title converted to Korean draft; Korean localization review required,DOMAIN_APPROVED_V2_TARGET_MUSCLE_REVIEW_2026_08_25,Codex-assisted review: primary records direct force-producing area(s); secondary records assisting or stabilizing area(s).,Codex-assisted review: basic movement in a stable setup with low technical demand for entry-level learners.,"작업 요청의 초보자용 맨몸 기본값. 외부 부하를 전제하지 않으며, 반복 상한·난이도·휴식은 Agent가 수행 품질과 개인 상태에 따라 조정.",PRIMARY,NEX-000162,NONE,No versioned source-pair decision recorded.,DOMAIN_EXPERT_REVIEW,2026-08-25T00:00:00+09:00,low glute bridge on floor,FITT-BODYWEIGHT-BEGINNER-V1,LIGHT_MODERATE,NONE,초급 맨몸 운동 특성으로 BODYWEIGHT_BEGINNER 템플릿 적용.,HINGE,STRENGTH
NEX-000163,밴드 시티드 숄더 프레스,SHOULDERS,"[""SHOULDER""]","[""ELBOW""]",,BEGINNER,BEGINNER,REPS,3,8-12,,90,,MODERATE,REVIEW_REQUIRED,APPROVED,APPROVED,APPROVED,APPROVED,source title converted to Korean draft; Korean localization review required,DOMAIN_APPROVED_V2_TARGET_MUSCLE_REVIEW_2026_08_25,Codex-assisted review: primary records direct force-producing area(s); secondary records assisting or stabilizing area(s).,Codex-assisted review: basic movement in a stable setup with low technical demand for entry-level learners.,"작업 요청의 보수적 카탈로그 기본값. ACSM 2009 Position Stand의 초보자 8–12 RM 및 초보·중급 저항운동 1–2분 휴식 원칙, NSCA의 다관절 운동 우선 원칙을 반영; 개인별 부하·진행은 Agent가 결정.",PRIMARY,NEX-000163,NONE,No versioned source-pair decision recorded.,DOMAIN_EXPERT_REVIEW,2026-08-25T00:00:00+09:00,resistance band seated shoulder press,FITT-COMPOUND-PUSH-V1,MODERATE,NONE,다관절 저항운동 패턴 전용 복합 템플릿 적용.,PUSH,STRENGTH
NEX-000164,점핑 잭(팔 벌려 뛰기),CARDIO,"[""ANKLE_FOOT"",""KNEE""]","[""HIP"",""SHOULDER""]",,BEGINNER,BEGINNER,DURATION,,,1200-2400,,,MODERATE,REVIEW_REQUIRED,APPROVED,APPROVED,APPROVED,APPROVED,source title converted to Korean draft; Korean localization review required,DOMAIN_APPROVED_V2_TARGET_MUSCLE_REVIEW_2026_08_25,Codex-assisted review: primary records direct force-producing area(s); secondary records assisting or stabilizing area(s).,Codex-assisted review: basic movement in a stable setup with low technical demand for entry-level learners.,"작업 요청의 중강도 유산소 카탈로그 기본값(20–40분). ACSM 일반 성인 유산소 활동 지침의 중강도 활동 원칙을 참고하며, 세부 강도·시간은 Agent가 조정.",PRIMARY,NEX-000164,NONE,No versioned source-pair decision recorded.,DOMAIN_EXPERT_REVIEW,2026-08-25T00:00:00+09:00,jack jump (male),FITT-CARDIO-V1,MODERATE,NONE,패턴 전용 FITT 템플릿 적용.,CARDIO,CARDIO
NEX-000165,런지,GLUTES,"[""HIP"",""KNEE""]","[""ANKLE_FOOT""]",,INTERMEDIATE,INTERMEDIATE,REPS,3,8-12,,90,,MODERATE,REVIEW_REQUIRED,APPROVED,APPROVED,APPROVED,APPROVED,source title converted to Korean draft; Korean localization review required,DOMAIN_APPROVED_V2_TARGET_MUSCLE_REVIEW_2026_08_25,Codex-assisted review: primary records direct force-producing area(s); secondary records assisting or stabilizing area(s).,"Codex-assisted review: requires baseline form, load/posture control, or free-weight coordination.","작업 요청의 보수적 카탈로그 기본값. ACSM 2009 Position Stand의 초보자 8–12 RM 및 초보·중급 저항운동 1–2분 휴식 원칙, NSCA의 다관절 운동 우선 원칙을 반영; 개인별 부하·진행은 Agent가 결정.",PRIMARY,NEX-000165,NONE,No versioned source-pair decision recorded.,DOMAIN_EXPERT_REVIEW,2026-08-25T00:00:00+09:00,forward lunge (male),FITT-COMPOUND-LUNGE-V1,MODERATE,NONE,다관절 저항운동 패턴 전용 복합 템플릿 적용.,LUNGE,STRENGTH
NEX-000166,덤벨 인클라인 와이-레이즈,BACK,"[""UPPER_BACK""]","[""SHOULDER"",""ELBOW""]",,INTERMEDIATE,INTERMEDIATE,REPS,3,10-15,,60-90,,MODERATE,REVIEW_REQUIRED,APPROVED,APPROVED,APPROVED,APPROVED,source title converted to Korean draft; Korean localization review required,DOMAIN_APPROVED_V2_TARGET_MUSCLE_REVIEW_2026_08_25,Codex-assisted review: primary records direct force-producing area(s); secondary records assisting or stabilizing area(s).,"Codex-assisted review: requires baseline form, load/posture control, or free-weight coordination.","작업 요청의 보수적 카탈로그 기본값. ACSM 2009 Position Stand의 초보자 8–12 RM과 보조운동 1–2분 휴식 원칙을 참고해 반복 수를 10–15회, 휴식을 60–90초로 설정; 단일관절 여부와 개인별 부하는 Agent가 확인.",PRIMARY,NEX-000166,NONE,No versioned source-pair decision recorded.,DOMAIN_EXPERT_REVIEW,2026-08-25T00:00:00+09:00,dumbbell incline y-raise,FITT-ISOLATION-STRENGTH-V1,MODERATE,NONE,단일관절 또는 고립 저항운동 특성으로 ISOLATION_STRENGTH 템플릿 적용.,PULL,STRENGTH
NEX-000167,덤벨 크로스 런지,GLUTES,"[""HIP"",""KNEE""]","[""ANKLE_FOOT""]",,INTERMEDIATE,INTERMEDIATE,REPS,3,8-12,,90,,MODERATE,REVIEW_REQUIRED,APPROVED,APPROVED,APPROVED,APPROVED,source title converted to Korean draft; Korean localization review required,DOMAIN_APPROVED_V2_TARGET_MUSCLE_REVIEW_2026_08_25,Codex-assisted review: primary records direct force-producing area(s); secondary records assisting or stabilizing area(s).,"Codex-assisted review: requires baseline form, load/posture control, or free-weight coordination; classify at the highest allowed service difficulty.","작업 요청의 보수적 카탈로그 기본값. ACSM 2009 Position Stand의 초보자 8–12 RM 및 초보·중급 저항운동 1–2분 휴식 원칙, NSCA의 다관절 운동 우선 원칙을 반영; 개인별 부하·진행은 Agent가 결정.",PRIMARY,NEX-000167,NONE,No versioned source-pair decision recorded.,DOMAIN_EXPERT_REVIEW,2026-08-25T00:00:00+09:00,dumbbell contralateral forward lunge,FITT-COMPOUND-LUNGE-V1,MODERATE,NONE,다관절 저항운동 패턴 전용 복합 템플릿 적용.,LUNGE,STRENGTH
NEX-000168,벽 짚고 무릎 올리기,CARDIO,"[""KNEE"",""HIP""]","[""ANKLE_FOOT""]",,BEGINNER,BEGINNER,DURATION,,,1200-2400,,,MODERATE,REVIEW_REQUIRED,APPROVED,APPROVED,APPROVED,APPROVED,source title converted to Korean draft; Korean localization review required,DOMAIN_APPROVED_V2_TARGET_MUSCLE_REVIEW_2026_08_25,Codex-assisted review: primary records direct force-producing area(s); secondary records assisting or stabilizing area(s).,Codex-assisted review: basic movement in a stable setup with low technical demand for entry-level learners.,"작업 요청의 중강도 유산소 카탈로그 기본값(20–40분). ACSM 일반 성인 유산소 활동 지침의 중강도 활동 원칙을 참고하며, 세부 강도·시간은 Agent가 조정.",PRIMARY,NEX-000168,NONE,No versioned source-pair decision recorded.,DOMAIN_EXPERT_REVIEW,2026-08-25T00:00:00+09:00,high knee against wall,FITT-CARDIO-V1,MODERATE,NONE,패턴 전용 FITT 템플릿 적용.,CARDIO,CARDIO
NEX-000169,조깅,CARDIO,"[""ANKLE_FOOT"",""KNEE""]","[""HIP""]",,BEGINNER,BEGINNER,DURATION,,,1200-2400,,,MODERATE,REVIEW_REQUIRED,APPROVED,APPROVED,APPROVED,APPROVED,source title converted to Korean draft; Korean localization review required,DOMAIN_APPROVED_V2_TARGET_MUSCLE_REVIEW_2026_08_25,Codex-assisted review: primary records direct force-producing area(s); secondary records assisting or stabilizing area(s).,Codex-assisted review: basic movement in a stable setup with low technical demand for entry-level learners.,"작업 요청의 중강도 유산소 카탈로그 기본값(20–40분). ACSM 일반 성인 유산소 활동 지침의 중강도 활동 원칙을 참고하며, 세부 강도·시간은 Agent가 조정.",PRIMARY,NEX-000169,NONE,No versioned source-pair decision recorded.,DOMAIN_EXPERT_REVIEW,2026-08-25T00:00:00+09:00,short stride run,FITT-CARDIO-V1,MODERATE,NONE,패턴 전용 FITT 템플릿 적용.,CARDIO,CARDIO
NEX-000170,인클라인 트레드밀,CARDIO,"[""ANKLE_FOOT"",""KNEE""]","[""HIP""]",,BEGINNER,BEGINNER,DURATION,,,1200-2400,,,MODERATE,REVIEW_REQUIRED,APPROVED,APPROVED,APPROVED,APPROVED,source title converted to Korean draft; Korean localization review required,DOMAIN_APPROVED_V2_TARGET_MUSCLE_REVIEW_2026_08_25,Codex-assisted review: primary records direct force-producing area(s); secondary records assisting or stabilizing area(s).,Codex-assisted review: basic movement in a stable setup with low technical demand for entry-level learners.,"작업 요청의 중강도 유산소 카탈로그 기본값(20–40분). ACSM 일반 성인 유산소 활동 지침의 중강도 활동 원칙을 참고하며, 세부 강도·시간은 Agent가 조정.",PRIMARY,NEX-000170,NONE,No versioned source-pair decision recorded.,DOMAIN_EXPERT_REVIEW,2026-08-25T00:00:00+09:00,walking on incline treadmill,FITT-CARDIO-V1,MODERATE,NONE,패턴 전용 FITT 템플릿 적용.,CARDIO,CARDIO
NEX-000171,앞뒤 스텝,CARDIO,"[""ANKLE_FOOT"",""KNEE""]","[""HIP""]",,BEGINNER,BEGINNER,DURATION,,,1200-2400,,,MODERATE,REVIEW_REQUIRED,APPROVED,APPROVED,APPROVED,APPROVED,source title converted to Korean draft; Korean localization review required,DOMAIN_APPROVED_V2_TARGET_MUSCLE_REVIEW_2026_08_25,Codex-assisted review: primary records direct force-producing area(s); secondary records assisting or stabilizing area(s).,Codex-assisted review: basic movement in a stable setup with low technical demand for entry-level learners.,"작업 요청의 중강도 유산소 카탈로그 기본값(20–40분). ACSM 일반 성인 유산소 활동 지침의 중강도 활동 원칙을 참고하며, 세부 강도·시간은 Agent가 조정.",PRIMARY,NEX-000171,NONE,No versioned source-pair decision recorded.,DOMAIN_EXPERT_REVIEW,2026-08-25T00:00:00+09:00,back and forth step,FITT-CARDIO-V1,MODERATE,NONE,패턴 전용 FITT 템플릿 적용.,CARDIO,CARDIO
NEX-000172,스텝박스 오르내리기,CARDIO,"[""ANKLE_FOOT"",""KNEE""]","[""HIP""]",,BEGINNER,BEGINNER,DURATION,,,1200-2400,,,MODERATE,REVIEW_REQUIRED,APPROVED,APPROVED,APPROVED,APPROVED,source title converted to Korean draft; Korean localization review required,DOMAIN_APPROVED_V2_TARGET_MUSCLE_REVIEW_2026_08_25,Codex-assisted review: primary records direct force-producing area(s); secondary records assisting or stabilizing area(s).,Codex-assisted review: basic movement in a stable setup with low technical demand for entry-level learners.,"작업 요청의 중강도 유산소 카탈로그 기본값(20–40분). ACSM 일반 성인 유산소 활동 지침의 중강도 활동 원칙을 참고하며, 세부 강도·시간은 Agent가 조정.",PRIMARY,NEX-000172,NONE,No versioned source-pair decision recorded.,DOMAIN_EXPERT_REVIEW,2026-08-25T00:00:00+09:00,스텝박스 오르내리기,FITT-CARDIO-V1,MODERATE,NONE,패턴 전용 FITT 템플릿 적용.,CARDIO,CARDIO
NEX-000173,한발 서서 균형잡기,GLUTES,"[""HIP""]","[""ANKLE_FOOT"",""KNEE""]",,BEGINNER,BEGINNER,DURATION,2-3,,30-45,45-60,,LIGHT_MODERATE,REVIEW_REQUIRED,APPROVED,APPROVED,APPROVED,APPROVED,source title converted to Korean draft; Korean localization review required,DOMAIN_APPROVED_V2_TARGET_MUSCLE_REVIEW_2026_08_25,Codex-assisted review: primary records direct force-producing area(s); secondary records assisting or stabilizing area(s).,Codex-assisted review: basic movement in a stable setup with low technical demand for entry-level learners.,작업 요청의 보수적 코어 안정화 기본값. 시간·휴식 범위는 일반 수행 템플릿이며 통증·재활 처방이 아님; 개인별 자세·진행은 Agent가 조정.,PRIMARY,NEX-000173,NONE,No versioned source-pair decision recorded.,DOMAIN_EXPERT_REVIEW,2026-08-25T00:00:00+09:00,한발 서서 균형잡기,FITT-CORE-STABILITY-V1,LIGHT_MODERATE,NONE,패턴 전용 FITT 템플릿 적용.,CORE,STRENGTH
NEX-000174,의자잡고 전방으로 무릎 굽혀 들기,QUADRICEPS,"[""KNEE""]","[""HIP"",""ANKLE_FOOT""]",,BEGINNER,BEGINNER,REPS,2,8-15,,60,,LIGHT_MODERATE,REVIEW_REQUIRED,APPROVED,APPROVED,APPROVED,APPROVED,source title converted to Korean draft; Korean localization review required,DOMAIN_APPROVED_V2_TARGET_MUSCLE_REVIEW_2026_08_25,Codex-assisted review: primary records direct force-producing area(s); secondary records assisting or stabilizing area(s).,Codex-assisted review: basic movement in a stable setup with low technical demand for entry-level learners.,"작업 요청의 초보자용 맨몸 기본값. 외부 부하를 전제하지 않으며, 반복 상한·난이도·휴식은 Agent가 수행 품질과 개인 상태에 따라 조정.",PRIMARY,NEX-000174,NONE,No versioned source-pair decision recorded.,DOMAIN_EXPERT_REVIEW,2026-08-25T00:00:00+09:00,의자잡고 전방으로 무릎 굽혀 들기,FITT-BODYWEIGHT-BEGINNER-V1,LIGHT_MODERATE,NONE,초급 맨몸 운동 특성으로 BODYWEIGHT_BEGINNER 템플릿 적용.,SQUAT,STRENGTH
NEX-000175,의자에 앉아 다리로 짐볼 쥐기,QUADRICEPS,"[""KNEE""]","[""HIP""]",,BEGINNER,BEGINNER,REPS,3,10-15,,60-90,,MODERATE,REVIEW_REQUIRED,APPROVED,APPROVED,APPROVED,APPROVED,source title converted to Korean draft; Korean localization review required,DOMAIN_APPROVED_V2_TARGET_MUSCLE_REVIEW_2026_08_25,Codex-assisted review: primary records direct force-producing area(s); secondary records assisting or stabilizing area(s).,Codex-assisted review: basic movement in a stable setup with low technical demand for entry-level learners.,"작업 요청의 보수적 카탈로그 기본값. ACSM 2009 Position Stand의 초보자 8–12 RM과 보조운동 1–2분 휴식 원칙을 참고해 반복 수를 10–15회, 휴식을 60–90초로 설정; 단일관절 여부와 개인별 부하는 Agent가 확인.",PRIMARY,NEX-000175,NONE,No versioned source-pair decision recorded.,DOMAIN_EXPERT_REVIEW,2026-08-25T00:00:00+09:00,의자에 앉아 다리로 짐볼 쥐기,FITT-ISOLATION-STRENGTH-V1,MODERATE,NONE,단일관절 또는 고립 저항운동 특성으로 ISOLATION_STRENGTH 템플릿 적용.,SQUAT,STRENGTH
NEX-000176,밴드 잡고 누워서 다리 밀기,QUADRICEPS,"[""KNEE""]","[""HIP""]",,BEGINNER,BEGINNER,REPS,3,10-15,,60-90,,MODERATE,REVIEW_REQUIRED,APPROVED,APPROVED,APPROVED,APPROVED,source title converted to Korean draft; Korean localization review required,DOMAIN_APPROVED_V2_TARGET_MUSCLE_REVIEW_2026_08_25,Codex-assisted review: primary records direct force-producing area(s); secondary records assisting or stabilizing area(s).,Codex-assisted review: basic movement in a stable setup with low technical demand for entry-level learners.,"작업 요청의 보수적 카탈로그 기본값. ACSM 2009 Position Stand의 초보자 8–12 RM과 보조운동 1–2분 휴식 원칙을 참고해 반복 수를 10–15회, 휴식을 60–90초로 설정; 단일관절 여부와 개인별 부하는 Agent가 확인.",PRIMARY,NEX-000176,NONE,No versioned source-pair decision recorded.,DOMAIN_EXPERT_REVIEW,2026-08-25T00:00:00+09:00,밴드 잡고 누워서 다리 밀기,FITT-ISOLATION-STRENGTH-V1,MODERATE,NONE,단일관절 또는 고립 저항운동 특성으로 ISOLATION_STRENGTH 템플릿 적용.,SQUAT,STRENGTH
NEX-000177,누워서 배가로근 수축,CORE,"[""ABDOMEN""]","[""LOWER_BACK""]",,BEGINNER,BEGINNER,DURATION,2-3,,30-45,45-60,,LIGHT_MODERATE,REVIEW_REQUIRED,APPROVED,APPROVED,APPROVED,APPROVED,source title converted to Korean draft; Korean localization review required,DOMAIN_APPROVED_V2_TARGET_MUSCLE_REVIEW_2026_08_25,Codex-assisted review: primary records direct force-producing area(s); secondary records assisting or stabilizing area(s).,Codex-assisted review: basic movement in a stable setup with low technical demand for entry-level learners.,작업 요청의 보수적 코어 안정화 기본값. 시간·휴식 범위는 일반 수행 템플릿이며 통증·재활 처방이 아님; 개인별 자세·진행은 Agent가 조정.,PRIMARY,NEX-000177,NONE,No versioned source-pair decision recorded.,DOMAIN_EXPERT_REVIEW,2026-08-25T00:00:00+09:00,누워서 배가로근 수축1,FITT-CORE-STABILITY-V1,LIGHT_MODERATE,NONE,패턴 전용 FITT 템플릿 적용.,CORE,STRENGTH
NEX-000178,의자에 앉아 밴드 양옆으로 늘이기,BACK,"[""UPPER_BACK""]","[""SHOULDER"",""ELBOW""]",,BEGINNER,BEGINNER,REPS,3,10-15,,60-90,,MODERATE,REVIEW_REQUIRED,APPROVED,APPROVED,APPROVED,APPROVED,source title converted to Korean draft; Korean localization review required,DOMAIN_APPROVED_V2_TARGET_MUSCLE_REVIEW_2026_08_25,Codex-assisted review: primary records direct force-producing area(s); secondary records assisting or stabilizing area(s).,Codex-assisted review: basic movement in a stable setup with low technical demand for entry-level learners.,"작업 요청의 보수적 카탈로그 기본값. ACSM 2009 Position Stand의 초보자 8–12 RM과 보조운동 1–2분 휴식 원칙을 참고해 반복 수를 10–15회, 휴식을 60–90초로 설정; 단일관절 여부와 개인별 부하는 Agent가 확인.",PRIMARY,NEX-000178,NONE,No versioned source-pair decision recorded.,DOMAIN_EXPERT_REVIEW,2026-08-25T00:00:00+09:00,의자에 앉아 밴드 양옆으로 늘이기,FITT-ISOLATION-STRENGTH-V1,MODERATE,NONE,단일관절 또는 고립 저항운동 특성으로 ISOLATION_STRENGTH 템플릿 적용.,PULL,STRENGTH
NEX-000179,네발기기 자세에서 팔 다리 들기,CORE,"[""ABDOMEN""]","[""LOWER_BACK"",""HIP"",""SHOULDER""]",,BEGINNER,BEGINNER,DURATION,2-3,,30-45,45-60,,LIGHT_MODERATE,REVIEW_REQUIRED,APPROVED,APPROVED,APPROVED,APPROVED,source title converted to Korean draft; Korean localization review required,DOMAIN_APPROVED_V2_TARGET_MUSCLE_REVIEW_2026_08_25,Codex-assisted review: primary records direct force-producing area(s); secondary records assisting or stabilizing area(s).,Codex-assisted review: basic movement in a stable setup with low technical demand for entry-level learners.,작업 요청의 보수적 코어 안정화 기본값. 시간·휴식 범위는 일반 수행 템플릿이며 통증·재활 처방이 아님; 개인별 자세·진행은 Agent가 조정.,PRIMARY,NEX-000179,NONE,No versioned source-pair decision recorded.,DOMAIN_EXPERT_REVIEW,2026-08-25T00:00:00+09:00,네발기기 자세에서 팔 다리 들기,FITT-CORE-STABILITY-V1,LIGHT_MODERATE,NONE,패턴 전용 FITT 템플릿 적용.,CORE,STRENGTH
NEX-000180,의자잡고 후방으로 무릎 굽혀 들기,HAMSTRINGS,"[""KNEE""]","[""HIP""]",,BEGINNER,BEGINNER,REPS,2,8-15,,60,,LIGHT_MODERATE,REVIEW_REQUIRED,APPROVED,APPROVED,APPROVED,APPROVED,source title converted to Korean draft; Korean localization review required,DOMAIN_APPROVED_V2_TARGET_MUSCLE_REVIEW_2026_08_25,Codex-assisted review: primary records direct force-producing area(s); secondary records assisting or stabilizing area(s).,Codex-assisted review: basic movement in a stable setup with low technical demand for entry-level learners.,"작업 요청의 초보자용 맨몸 기본값. 외부 부하를 전제하지 않으며, 반복 상한·난이도·휴식은 Agent가 수행 품질과 개인 상태에 따라 조정.",PRIMARY,NEX-000180,NONE,No versioned source-pair decision recorded.,DOMAIN_EXPERT_REVIEW,2026-08-25T00:00:00+09:00,의자잡고 후방으로 무릎 굽혀 들기,FITT-BODYWEIGHT-BEGINNER-V1,LIGHT_MODERATE,NONE,초급 맨몸 운동 특성으로 BODYWEIGHT_BEGINNER 템플릿 적용.,HINGE,STRENGTH
NEX-000181,앉아서 고관절 굽히기,QUADRICEPS,"[""KNEE""]","[""HIP""]",,BEGINNER,BEGINNER,REPS,2,8-15,,60,,LIGHT_MODERATE,REVIEW_REQUIRED,APPROVED,APPROVED,APPROVED,APPROVED,source title converted to Korean draft; Korean localization review required,DOMAIN_APPROVED_V2_TARGET_MUSCLE_REVIEW_2026_08_25,Codex-assisted review: primary records direct force-producing area(s); secondary records assisting or stabilizing area(s).,Codex-assisted review: basic movement in a stable setup with low technical demand for entry-level learners.,"작업 요청의 초보자용 맨몸 기본값. 외부 부하를 전제하지 않으며, 반복 상한·난이도·휴식은 Agent가 수행 품질과 개인 상태에 따라 조정.",PRIMARY,NEX-000181,NONE,No versioned source-pair decision recorded.,DOMAIN_EXPERT_REVIEW,2026-08-25T00:00:00+09:00,앉아서 엉덩관절 굽히기,FITT-BODYWEIGHT-BEGINNER-V1,LIGHT_MODERATE,NONE,초급 맨몸 운동 특성으로 BODYWEIGHT_BEGINNER 템플릿 적용.,SQUAT,STRENGTH
NEX-000182,시티드 벤치프레스,CHEST,"[""CHEST""]","[""SHOULDER"",""ELBOW""]",,BEGINNER,BEGINNER,REPS,3,8-12,,90,,MODERATE,REVIEW_REQUIRED,APPROVED,APPROVED,APPROVED,APPROVED,integrated name_ko,DOMAIN_APPROVED_V2_TARGET_MUSCLE_REVIEW_2026_08_25,Codex-assisted review: primary records direct force-producing area(s); secondary records assisting or stabilizing area(s).,Codex-assisted review: basic movement in a stable setup with low technical demand for entry-level learners.,"작업 요청의 보수적 카탈로그 기본값. ACSM 2009 Position Stand의 초보자 8–12 RM 및 초보·중급 저항운동 1–2분 휴식 원칙, NSCA의 다관절 운동 우선 원칙을 반영; 개인별 부하·진행은 Agent가 결정.",PRIMARY,NEX-000182,NONE,No versioned source-pair decision recorded.,DOMAIN_EXPERT_REVIEW,2026-08-25T00:00:00+09:00,Seated Bench Press,FITT-COMPOUND-PUSH-V1,MODERATE,NONE,다관절 저항운동 패턴 전용 복합 템플릿 적용.,PUSH,STRENGTH
NEX-000183,시티드 케이블 로우,BACK,"[""UPPER_BACK""]","[""ELBOW"",""SHOULDER""]",,BEGINNER,BEGINNER,REPS,3,8-12,,90,,MODERATE,REVIEW_REQUIRED,APPROVED,APPROVED,APPROVED,APPROVED,integrated name_ko,DOMAIN_APPROVED_V2_TARGET_MUSCLE_REVIEW_2026_08_25,Codex-assisted review: primary records direct force-producing area(s); secondary records assisting or stabilizing area(s).,Codex-assisted review: basic movement in a stable setup with low technical demand for entry-level learners.,"작업 요청의 보수적 카탈로그 기본값. ACSM 2009 Position Stand의 초보자 8–12 RM 및 초보·중급 저항운동 1–2분 휴식 원칙, NSCA의 다관절 운동 우선 원칙을 반영; 개인별 부하·진행은 Agent가 결정.",PRIMARY,NEX-000183,NONE,No versioned source-pair decision recorded.,DOMAIN_EXPERT_REVIEW,2026-08-25T00:00:00+09:00,Seated Cable Row,FITT-COMPOUND-PULL-V1,MODERATE,NONE,다관절 저항운동 패턴 전용 복합 템플릿 적용.,PULL,STRENGTH
NEX-000184,덤벨 델트 로우,SHOULDERS,"[""SHOULDER""]","[""UPPER_BACK"",""ELBOW""]",,INTERMEDIATE,INTERMEDIATE,REPS,3,8-12,,90,,MODERATE,REVIEW_REQUIRED,APPROVED,APPROVED,APPROVED,APPROVED,integrated name_ko,DOMAIN_APPROVED_V2_TARGET_MUSCLE_REVIEW_2026_08_25,Codex-assisted review: primary records direct force-producing area(s); secondary records assisting or stabilizing area(s).,"Codex-assisted review: requires baseline form, load/posture control, or free-weight coordination.","작업 요청의 보수적 카탈로그 기본값. ACSM 2009 Position Stand의 초보자 8–12 RM 및 초보·중급 저항운동 1–2분 휴식 원칙, NSCA의 다관절 운동 우선 원칙을 반영; 개인별 부하·진행은 Agent가 결정.",PRIMARY,NEX-000184,NONE,No versioned source-pair decision recorded.,DOMAIN_EXPERT_REVIEW,2026-08-25T00:00:00+09:00,Dumbbell rear delt row,FITT-COMPOUND-PULL-V1,MODERATE,NONE,다관절 저항운동 패턴 전용 복합 템플릿 적용.,PULL,STRENGTH
NEX-000185,인클라인 체스트 덤벨 로우,BACK,"[""UPPER_BACK""]","[""ELBOW"",""SHOULDER""]",,INTERMEDIATE,INTERMEDIATE,REPS,3,8-12,,90,,MODERATE,REVIEW_REQUIRED,APPROVED,APPROVED,APPROVED,APPROVED,integrated name_ko,DOMAIN_APPROVED_V2_TARGET_MUSCLE_REVIEW_2026_08_25,Codex-assisted review: primary records direct force-producing area(s); secondary records assisting or stabilizing area(s).,"Codex-assisted review: requires baseline form, load/posture control, or free-weight coordination.","작업 요청의 보수적 카탈로그 기본값. ACSM 2009 Position Stand의 초보자 8–12 RM 및 초보·중급 저항운동 1–2분 휴식 원칙, NSCA의 다관절 운동 우선 원칙을 반영; 개인별 부하·진행은 Agent가 결정.",PRIMARY,NEX-000185,NONE,No versioned source-pair decision recorded.,DOMAIN_EXPERT_REVIEW,2026-08-25T00:00:00+09:00,Incline Chest-Supported Dumbbell Row,FITT-COMPOUND-PULL-V1,MODERATE,NONE,다관절 저항운동 패턴 전용 복합 템플릿 적용.,PULL,STRENGTH
NEX-000186,덤벨 데드리프트,GLUTES,"[""HIP""]","[""KNEE"",""LOWER_BACK""]",,INTERMEDIATE,INTERMEDIATE,REPS,3,8-12,,90,,MODERATE,REVIEW_REQUIRED,APPROVED,APPROVED,APPROVED,APPROVED,integrated name_ko,DOMAIN_APPROVED_V2_TARGET_MUSCLE_REVIEW_2026_08_25,Codex-assisted review: primary records direct force-producing area(s); secondary records assisting or stabilizing area(s).,"Codex-assisted review: requires baseline form, load/posture control, or free-weight coordination.","작업 요청의 보수적 카탈로그 기본값. ACSM 2009 Position Stand의 초보자 8–12 RM 및 초보·중급 저항운동 1–2분 휴식 원칙, NSCA의 다관절 운동 우선 원칙을 반영; 개인별 부하·진행은 Agent가 결정.",PRIMARY,NEX-000186,NONE,No versioned source-pair decision recorded.,DOMAIN_EXPERT_REVIEW,2026-08-25T00:00:00+09:00,Dumbbell Deadlift,FITT-COMPOUND-HINGE-V1,MODERATE,NONE,다관절 저항운동 패턴 전용 복합 템플릿 적용.,HINGE,STRENGTH
NEX-000187,케이블 우드촙,CORE,"[""ABDOMEN""]","[""LOWER_BACK"",""SHOULDER""]",,INTERMEDIATE,INTERMEDIATE,DURATION,2-3,,30-45,45-60,,LIGHT_MODERATE,REVIEW_REQUIRED,APPROVED,APPROVED,APPROVED,APPROVED,integrated name_ko,DOMAIN_APPROVED_V2_TARGET_MUSCLE_REVIEW_2026_08_25,Codex-assisted review: primary records direct force-producing area(s); secondary records assisting or stabilizing area(s).,"Codex-assisted review: requires baseline form, load/posture control, or free-weight coordination.",작업 요청의 보수적 코어 안정화 기본값. 시간·휴식 범위는 일반 수행 템플릿이며 통증·재활 처방이 아님; 개인별 자세·진행은 Agent가 조정.,PRIMARY,NEX-000187,NONE,No versioned source-pair decision recorded.,DOMAIN_EXPERT_REVIEW,2026-08-25T00:00:00+09:00,Cable Woodchoppers,FITT-CORE-STABILITY-V1,LIGHT_MODERATE,NONE,패턴 전용 FITT 템플릿 적용.,CORE,STRENGTH
NEX-000188,머신 카프 프레스,CALVES,"[""ANKLE_FOOT""]","[""KNEE""]",,BEGINNER,BEGINNER,REPS,3,10-15,,60-90,,MODERATE,REVIEW_REQUIRED,APPROVED,APPROVED,APPROVED,APPROVED,integrated name_ko,DOMAIN_APPROVED_V2_TARGET_MUSCLE_REVIEW_2026_08_25,Codex-assisted review: primary records direct force-producing area(s); secondary records assisting or stabilizing area(s).,Codex-assisted review: basic movement in a stable setup with low technical demand for entry-level learners.,"작업 요청의 보수적 카탈로그 기본값. ACSM 2009 Position Stand의 초보자 8–12 RM과 보조운동 1–2분 휴식 원칙을 참고해 반복 수를 10–15회, 휴식을 60–90초로 설정; 단일관절 여부와 개인별 부하는 Agent가 확인.",PRIMARY,NEX-000188,NONE,No versioned source-pair decision recorded.,DOMAIN_EXPERT_REVIEW,2026-08-25T00:00:00+09:00,Calf Press Using Leg Press Machine,FITT-ISOLATION-STRENGTH-V1,MODERATE,NONE,단일관절 또는 고립 저항운동 특성으로 ISOLATION_STRENGTH 템플릿 적용.,SQUAT,STRENGTH
NEX-000189,하프 니링 원암 랫풀다운,BACK,"[""UPPER_BACK""]","[""ELBOW"",""SHOULDER"",""ABDOMEN""]",,INTERMEDIATE,INTERMEDIATE,REPS,3,8-12,,90,,MODERATE,REVIEW_REQUIRED,APPROVED,APPROVED,APPROVED,APPROVED,integrated name_ko,DOMAIN_APPROVED_V2_TARGET_MUSCLE_REVIEW_2026_08_25,Codex-assisted review: primary records direct force-producing area(s); secondary records assisting or stabilizing area(s).,"Codex-assisted review: requires baseline form, load/posture control, or free-weight coordination.","작업 요청의 보수적 카탈로그 기본값. ACSM 2009 Position Stand의 초보자 8–12 RM 및 초보·중급 저항운동 1–2분 휴식 원칙, NSCA의 다관절 운동 우선 원칙을 반영; 개인별 부하·진행은 Agent가 결정.",PRIMARY,NEX-000189,NONE,No versioned source-pair decision recorded.,DOMAIN_EXPERT_REVIEW,2026-08-25T00:00:00+09:00,1-Arm Half-Kneeling Lat Pulldown,FITT-COMPOUND-PULL-V1,MODERATE,NONE,다관절 저항운동 패턴 전용 복합 템플릿 적용.,PULL,STRENGTH
NEX-000190,뉴트럴 그립 랫풀다운,BACK,"[""UPPER_BACK""]","[""ELBOW"",""SHOULDER""]",,BEGINNER,BEGINNER,REPS,3,8-12,,90,,MODERATE,REVIEW_REQUIRED,APPROVED,APPROVED,APPROVED,APPROVED,integrated name_ko,DOMAIN_APPROVED_V2_TARGET_MUSCLE_REVIEW_2026_08_25,Codex-assisted review: primary records direct force-producing area(s); secondary records assisting or stabilizing area(s).,Codex-assisted review: basic movement in a stable setup with low technical demand for entry-level learners.,"작업 요청의 보수적 카탈로그 기본값. ACSM 2009 Position Stand의 초보자 8–12 RM 및 초보·중급 저항운동 1–2분 휴식 원칙, NSCA의 다관절 운동 우선 원칙을 반영; 개인별 부하·진행은 Agent가 결정.",PRIMARY,NEX-000190,NONE,No versioned source-pair decision recorded.,DOMAIN_EXPERT_REVIEW,2026-08-25T00:00:00+09:00,Neutral Grip Lat Pulldown,FITT-COMPOUND-PULL-V1,MODERATE,NONE,다관절 저항운동 패턴 전용 복합 템플릿 적용.,PULL,STRENGTH
NEX-000191,밴드 레그 컬,HAMSTRINGS,"[""KNEE""]","[""HIP""]",,BEGINNER,BEGINNER,REPS,3,10-15,,60-90,,MODERATE,REVIEW_REQUIRED,APPROVED,APPROVED,APPROVED,APPROVED,integrated name_ko,DOMAIN_APPROVED_V2_TARGET_MUSCLE_REVIEW_2026_08_25,Codex-assisted review: primary records direct force-producing area(s); secondary records assisting or stabilizing area(s).,Codex-assisted review: basic movement in a stable setup with low technical demand for entry-level learners.,"작업 요청의 보수적 카탈로그 기본값. ACSM 2009 Position Stand의 초보자 8–12 RM과 보조운동 1–2분 휴식 원칙을 참고해 반복 수를 10–15회, 휴식을 60–90초로 설정; 단일관절 여부와 개인별 부하는 Agent가 확인.",PRIMARY,NEX-000191,NONE,No versioned source-pair decision recorded.,DOMAIN_EXPERT_REVIEW,2026-08-25T00:00:00+09:00,Leg curl with elastic,FITT-ISOLATION-STRENGTH-V1,MODERATE,NONE,단일관절 또는 고립 저항운동 특성으로 ISOLATION_STRENGTH 템플릿 적용.,HINGE,STRENGTH
NEX-000192,케틀벨 스모 데드리프트,GLUTES,"[""HIP"",""KNEE""]","[""LOWER_BACK""]",,BEGINNER,BEGINNER,REPS,3,8-12,,90,,MODERATE,REVIEW_REQUIRED,APPROVED,APPROVED,APPROVED,APPROVED,integrated name_ko,DOMAIN_APPROVED_V2_TARGET_MUSCLE_REVIEW_2026_08_25,Codex-assisted review: primary records direct force-producing area(s); secondary records assisting or stabilizing area(s).,Codex-assisted review: basic movement in a stable setup with low technical demand for entry-level learners.,"작업 요청의 보수적 카탈로그 기본값. ACSM 2009 Position Stand의 초보자 8–12 RM 및 초보·중급 저항운동 1–2분 휴식 원칙, NSCA의 다관절 운동 우선 원칙을 반영; 개인별 부하·진행은 Agent가 결정.",PRIMARY,NEX-000192,NONE,No versioned source-pair decision recorded.,DOMAIN_EXPERT_REVIEW,2026-08-25T00:00:00+09:00,kettlebell sumo deadlift,FITT-COMPOUND-HINGE-V1,MODERATE,NONE,다관절 저항운동 패턴 전용 복합 템플릿 적용.,HINGE,STRENGTH
NEX-000193,덤벨 루마니안 데드리프트,HAMSTRINGS,"[""HIP""]","[""KNEE"",""LOWER_BACK""]",,INTERMEDIATE,INTERMEDIATE,REPS,3,8-12,,90,,MODERATE,REVIEW_REQUIRED,APPROVED,APPROVED,APPROVED,APPROVED,integrated name_ko,DOMAIN_APPROVED_V2_TARGET_MUSCLE_REVIEW_2026_08_25,Codex-assisted review: primary records direct force-producing area(s); secondary records assisting or stabilizing area(s).,"Codex-assisted review: requires baseline form, load/posture control, or free-weight coordination.","작업 요청의 보수적 카탈로그 기본값. ACSM 2009 Position Stand의 초보자 8–12 RM 및 초보·중급 저항운동 1–2분 휴식 원칙, NSCA의 다관절 운동 우선 원칙을 반영; 개인별 부하·진행은 Agent가 결정.",PRIMARY,NEX-000193,NONE,No versioned source-pair decision recorded.,DOMAIN_EXPERT_REVIEW,2026-08-25T00:00:00+09:00,Dumbbell Romanian Deadlift,FITT-COMPOUND-HINGE-V1,MODERATE,NONE,다관절 저항운동 패턴 전용 복합 템플릿 적용.,HINGE,STRENGTH
NEX-000194,스탠딩 케이블 체스트 프레스,CHEST,"[""CHEST""]","[""SHOULDER"",""ELBOW""]",,BEGINNER,BEGINNER,REPS,3,8-12,,90,,MODERATE,REVIEW_REQUIRED,APPROVED,APPROVED,APPROVED,APPROVED,integrated name_ko,DOMAIN_APPROVED_V2_TARGET_MUSCLE_REVIEW_2026_08_25,Codex-assisted review: primary records direct force-producing area(s); secondary records assisting or stabilizing area(s).,Codex-assisted review: basic movement in a stable setup with low technical demand for entry-level learners.,"작업 요청의 보수적 카탈로그 기본값. ACSM 2009 Position Stand의 초보자 8–12 RM 및 초보·중급 저항운동 1–2분 휴식 원칙, NSCA의 다관절 운동 우선 원칙을 반영; 개인별 부하·진행은 Agent가 결정.",PRIMARY,NEX-000194,NONE,No versioned source-pair decision recorded.,DOMAIN_EXPERT_REVIEW,2026-08-25T00:00:00+09:00,Cable Chest Press - Decline,FITT-COMPOUND-PUSH-V1,MODERATE,NONE,다관절 저항운동 패턴 전용 복합 템플릿 적용.,PUSH,STRENGTH
NEX-000195,덤벨 불가리안 스플릿 스쿼트,QUADRICEPS,"[""KNEE"",""HIP""]","[""ANKLE_FOOT""]",,INTERMEDIATE,INTERMEDIATE,REPS,3,8-12,,90,,MODERATE,REVIEW_REQUIRED,APPROVED,APPROVED,APPROVED,APPROVED,integrated name_ko,DOMAIN_APPROVED_V2_TARGET_MUSCLE_REVIEW_2026_08_25,Codex-assisted review: primary records direct force-producing area(s); secondary records assisting or stabilizing area(s).,"Codex-assisted review: requires baseline form, load/posture control, or free-weight coordination.","작업 요청의 보수적 카탈로그 기본값. ACSM 2009 Position Stand의 초보자 8–12 RM 및 초보·중급 저항운동 1–2분 휴식 원칙, NSCA의 다관절 운동 우선 원칙을 반영; 개인별 부하·진행은 Agent가 결정.",PRIMARY,NEX-000195,NONE,No versioned source-pair decision recorded.,DOMAIN_EXPERT_REVIEW,2026-08-25T00:00:00+09:00,Bulgarian Squat with Dumbbells,FITT-COMPOUND-LUNGE-V1,MODERATE,NONE,다관절 저항운동 패턴 전용 복합 템플릿 적용.,LUNGE,STRENGTH
NEX-000196,머신 시티드 로우,BACK,"[""UPPER_BACK""]","[""ELBOW"",""SHOULDER""]",,BEGINNER,BEGINNER,REPS,3,8-12,,90,,MODERATE,REVIEW_REQUIRED,APPROVED,APPROVED,APPROVED,APPROVED,integrated name_ko,DOMAIN_APPROVED_V2_TARGET_MUSCLE_REVIEW_2026_08_25,Codex-assisted review: primary records direct force-producing area(s); secondary records assisting or stabilizing area(s).,Codex-assisted review: basic movement in a stable setup with low technical demand for entry-level learners.,"작업 요청의 보수적 카탈로그 기본값. ACSM 2009 Position Stand의 초보자 8–12 RM 및 초보·중급 저항운동 1–2분 휴식 원칙, NSCA의 다관절 운동 우선 원칙을 반영; 개인별 부하·진행은 Agent가 결정.",PRIMARY,NEX-000196,NONE,No versioned source-pair decision recorded.,DOMAIN_EXPERT_REVIEW,2026-08-25T00:00:00+09:00,Seated Row (Machine),FITT-COMPOUND-PULL-V1,MODERATE,NONE,다관절 저항운동 패턴 전용 복합 템플릿 적용.,PULL,STRENGTH
NEX-000197,바벨 백 스쿼트,QUADRICEPS,"[""KNEE"",""HIP""]","[""LOWER_BACK"",""ANKLE_FOOT""]",,INTERMEDIATE,INTERMEDIATE,REPS,3,8-12,,90,,MODERATE,REVIEW_REQUIRED,APPROVED,APPROVED,APPROVED,APPROVED,integrated name_ko,DOMAIN_APPROVED_V2_TARGET_MUSCLE_REVIEW_2026_08_25,Codex-assisted review: primary records direct force-producing area(s); secondary records assisting or stabilizing area(s).,"Codex-assisted review: requires baseline form, load/posture control, or free-weight coordination.","작업 요청의 보수적 카탈로그 기본값. ACSM 2009 Position Stand의 초보자 8–12 RM 및 초보·중급 저항운동 1–2분 휴식 원칙, NSCA의 다관절 운동 우선 원칙을 반영; 개인별 부하·진행은 Agent가 결정.",PRIMARY,NEX-000197,NONE,No versioned source-pair decision recorded.,DOMAIN_EXPERT_REVIEW,2026-08-25T00:00:00+09:00,Barbell Full Squat,FITT-COMPOUND-SQUAT-V1,MODERATE,NONE,다관절 저항운동 패턴 전용 복합 템플릿 적용.,SQUAT,STRENGTH
NEX-000198,바벨 오버헤드 프레스,SHOULDERS,"[""SHOULDER""]","[""ELBOW""]",,INTERMEDIATE,INTERMEDIATE,REPS,3,8-12,,90,,MODERATE,REVIEW_REQUIRED,APPROVED,APPROVED,APPROVED,APPROVED,integrated name_ko,DOMAIN_APPROVED_V2_TARGET_MUSCLE_REVIEW_2026_08_25,Codex-assisted review: primary records direct force-producing area(s); secondary records assisting or stabilizing area(s).,"Codex-assisted review: requires baseline form, load/posture control, or free-weight coordination.","작업 요청의 보수적 카탈로그 기본값. ACSM 2009 Position Stand의 초보자 8–12 RM 및 초보·중급 저항운동 1–2분 휴식 원칙, NSCA의 다관절 운동 우선 원칙을 반영; 개인별 부하·진행은 Agent가 결정.",PRIMARY,NEX-000198,NONE,No versioned source-pair decision recorded.,DOMAIN_EXPERT_REVIEW,2026-08-25T00:00:00+09:00,Overhead Barbell Press,FITT-COMPOUND-PUSH-V1,MODERATE,NONE,다관절 저항운동 패턴 전용 복합 템플릿 적용.,PUSH,STRENGTH
NEX-000199,인버티드 로우,BACK,"[""UPPER_BACK""]","[""ELBOW"",""SHOULDER""]",,INTERMEDIATE,INTERMEDIATE,REPS,3,8-12,,90,,MODERATE,REVIEW_REQUIRED,APPROVED,APPROVED,APPROVED,APPROVED,integrated name_ko,DOMAIN_APPROVED_V2_TARGET_MUSCLE_REVIEW_2026_08_25,Codex-assisted review: primary records direct force-producing area(s); secondary records assisting or stabilizing area(s).,"Codex-assisted review: requires baseline form, load/posture control, or free-weight coordination.","작업 요청의 보수적 카탈로그 기본값. ACSM 2009 Position Stand의 초보자 8–12 RM 및 초보·중급 저항운동 1–2분 휴식 원칙, NSCA의 다관절 운동 우선 원칙을 반영; 개인별 부하·진행은 Agent가 결정.",PRIMARY,NEX-000199,NONE,No versioned source-pair decision recorded.,DOMAIN_EXPERT_REVIEW,2026-08-25T00:00:00+09:00,Inverted Lat Pull Down,FITT-COMPOUND-PULL-V1,MODERATE,NONE,다관절 저항운동 패턴 전용 복합 템플릿 적용.,PULL,STRENGTH
NEX-000200,덤벨 아놀드 프레스,SHOULDERS,"[""SHOULDER""]","[""ELBOW""]",,INTERMEDIATE,INTERMEDIATE,REPS,3,8-12,,90,,MODERATE,REVIEW_REQUIRED,APPROVED,APPROVED,APPROVED,APPROVED,integrated name_ko,DOMAIN_APPROVED_V2_TARGET_MUSCLE_REVIEW_2026_08_25,Codex-assisted review: primary records direct force-producing area(s); secondary records assisting or stabilizing area(s).,"Codex-assisted review: requires baseline form, load/posture control, or free-weight coordination.","작업 요청의 보수적 카탈로그 기본값. ACSM 2009 Position Stand의 초보자 8–12 RM 및 초보·중급 저항운동 1–2분 휴식 원칙, NSCA의 다관절 운동 우선 원칙을 반영; 개인별 부하·진행은 Agent가 결정.",PRIMARY,NEX-000200,NONE,No versioned source-pair decision recorded.,DOMAIN_EXPERT_REVIEW,2026-08-25T00:00:00+09:00,Arnold Shoulder Press,FITT-COMPOUND-PUSH-V1,MODERATE,NONE,다관절 저항운동 패턴 전용 복합 템플릿 적용.,PUSH,STRENGTH
NEX-000201,덤벨 고블릿 스쿼트,QUADRICEPS,"[""KNEE"",""HIP""]","[""ANKLE_FOOT""]",,BEGINNER,BEGINNER,REPS,3,8-12,,90,,MODERATE,REVIEW_REQUIRED,APPROVED,APPROVED,APPROVED,APPROVED,integrated name_ko,DOMAIN_APPROVED_V2_TARGET_MUSCLE_REVIEW_2026_08_25,Codex-assisted review: primary records direct force-producing area(s); secondary records assisting or stabilizing area(s).,Codex-assisted review: basic movement in a stable setup with low technical demand for entry-level learners.,"작업 요청의 보수적 카탈로그 기본값. ACSM 2009 Position Stand의 초보자 8–12 RM 및 초보·중급 저항운동 1–2분 휴식 원칙, NSCA의 다관절 운동 우선 원칙을 반영; 개인별 부하·진행은 Agent가 결정.",PRIMARY,NEX-000201,NONE,No versioned source-pair decision recorded.,DOMAIN_EXPERT_REVIEW,2026-08-25T00:00:00+09:00,Dumbbell Goblet Squat,FITT-COMPOUND-SQUAT-V1,MODERATE,NONE,다관절 저항운동 패턴 전용 복합 템플릿 적용.,SQUAT,STRENGTH
NEX-000202,레그컬,HAMSTRINGS,"[""KNEE""]","[""HIP""]",,BEGINNER,BEGINNER,REPS,3,10-15,,60-90,,MODERATE,REVIEW_REQUIRED,APPROVED,APPROVED,APPROVED,APPROVED,integrated name_ko,DOMAIN_APPROVED_V2_TARGET_MUSCLE_REVIEW_2026_08_25,Codex-assisted review: primary records direct force-producing area(s); secondary records assisting or stabilizing area(s).,Codex-assisted review: basic movement in a stable setup with low technical demand for entry-level learners.,"작업 요청의 보수적 카탈로그 기본값. ACSM 2009 Position Stand의 초보자 8–12 RM과 보조운동 1–2분 휴식 원칙을 참고해 반복 수를 10–15회, 휴식을 60–90초로 설정; 단일관절 여부와 개인별 부하는 Agent가 확인.",PRIMARY,NEX-000202,NONE,No versioned source-pair decision recorded.,DOMAIN_EXPERT_REVIEW,2026-08-25T00:00:00+09:00,Leg Curl,FITT-ISOLATION-STRENGTH-V1,MODERATE,NONE,단일관절 또는 고립 저항운동 특성으로 ISOLATION_STRENGTH 템플릿 적용.,HINGE,STRENGTH
NEX-000203,레그 익스텐션,QUADRICEPS,"[""KNEE""]","[""HIP""]",,BEGINNER,BEGINNER,REPS,3,10-15,,60-90,,MODERATE,REVIEW_REQUIRED,APPROVED,APPROVED,APPROVED,APPROVED,integrated name_ko,DOMAIN_APPROVED_V2_TARGET_MUSCLE_REVIEW_2026_08_25,Codex-assisted review: primary records direct force-producing area(s); secondary records assisting or stabilizing area(s).,Codex-assisted review: basic movement in a stable setup with low technical demand for entry-level learners.,"작업 요청의 보수적 카탈로그 기본값. ACSM 2009 Position Stand의 초보자 8–12 RM과 보조운동 1–2분 휴식 원칙을 참고해 반복 수를 10–15회, 휴식을 60–90초로 설정; 단일관절 여부와 개인별 부하는 Agent가 확인.",PRIMARY,NEX-000203,NONE,No versioned source-pair decision recorded.,DOMAIN_EXPERT_REVIEW,2026-08-25T00:00:00+09:00,Leg Extension,FITT-ISOLATION-STRENGTH-V1,MODERATE,NONE,단일관절 또는 고립 저항운동 특성으로 ISOLATION_STRENGTH 템플릿 적용.,SQUAT,STRENGTH
NEX-000204,레그프레스,QUADRICEPS,"[""KNEE"",""HIP""]","[""ANKLE_FOOT""]",,BEGINNER,BEGINNER,REPS,3,8-12,,90,,MODERATE,REVIEW_REQUIRED,APPROVED,APPROVED,APPROVED,APPROVED,integrated name_ko,DOMAIN_APPROVED_V2_TARGET_MUSCLE_REVIEW_2026_08_25,Codex-assisted review: primary records direct force-producing area(s); secondary records assisting or stabilizing area(s).,Codex-assisted review: basic movement in a stable setup with low technical demand for entry-level learners.,"작업 요청의 보수적 카탈로그 기본값. ACSM 2009 Position Stand의 초보자 8–12 RM 및 초보·중급 저항운동 1–2분 휴식 원칙, NSCA의 다관절 운동 우선 원칙을 반영; 개인별 부하·진행은 Agent가 결정.",PRIMARY,NEX-000204,NONE,No versioned source-pair decision recorded.,DOMAIN_EXPERT_REVIEW,2026-08-25T00:00:00+09:00,Leg Press,FITT-COMPOUND-SQUAT-V1,MODERATE,NONE,다관절 저항운동 패턴 전용 복합 템플릿 적용.,SQUAT,STRENGTH
NEX-000205,루마니안 데드리프트,HAMSTRINGS,"[""HIP""]","[""KNEE"",""LOWER_BACK""]",,INTERMEDIATE,INTERMEDIATE,REPS,3,8-12,,90,,MODERATE,REVIEW_REQUIRED,APPROVED,APPROVED,APPROVED,APPROVED,integrated name_ko,DOMAIN_APPROVED_V2_TARGET_MUSCLE_REVIEW_2026_08_25,Codex-assisted review: primary records direct force-producing area(s); secondary records assisting or stabilizing area(s).,"Codex-assisted review: requires baseline form, load/posture control, or free-weight coordination.","작업 요청의 보수적 카탈로그 기본값. ACSM 2009 Position Stand의 초보자 8–12 RM 및 초보·중급 저항운동 1–2분 휴식 원칙, NSCA의 다관절 운동 우선 원칙을 반영; 개인별 부하·진행은 Agent가 결정.",PRIMARY,NEX-000205,NONE,No versioned source-pair decision recorded.,DOMAIN_EXPERT_REVIEW,2026-08-25T00:00:00+09:00,Romanian Deadlift,FITT-COMPOUND-HINGE-V1,MODERATE,NONE,다관절 저항운동 패턴 전용 복합 템플릿 적용.,HINGE,STRENGTH
NEX-000206,인클라인 덤벨 벤치프레스,CHEST,"[""CHEST""]","[""SHOULDER"",""ELBOW""]",,INTERMEDIATE,INTERMEDIATE,REPS,3,8-12,,90,,MODERATE,REVIEW_REQUIRED,APPROVED,APPROVED,APPROVED,APPROVED,integrated name_ko,DOMAIN_APPROVED_V2_TARGET_MUSCLE_REVIEW_2026_08_25,Codex-assisted review: primary records direct force-producing area(s); secondary records assisting or stabilizing area(s).,"Codex-assisted review: requires baseline form, load/posture control, or free-weight coordination.","작업 요청의 보수적 카탈로그 기본값. ACSM 2009 Position Stand의 초보자 8–12 RM 및 초보·중급 저항운동 1–2분 휴식 원칙, NSCA의 다관절 운동 우선 원칙을 반영; 개인별 부하·진행은 Agent가 결정.",PRIMARY,NEX-000206,NONE,No versioned source-pair decision recorded.,DOMAIN_EXPERT_REVIEW,2026-08-25T00:00:00+09:00,Incline Bench Press - Dumbbell,FITT-COMPOUND-PUSH-V1,MODERATE,NONE,다관절 저항운동 패턴 전용 복합 템플릿 적용.,PUSH,STRENGTH
NEX-000207,머신 숄더프레스,SHOULDERS,"[""SHOULDER""]","[""ELBOW""]",,BEGINNER,BEGINNER,REPS,3,8-12,,90,,MODERATE,REVIEW_REQUIRED,APPROVED,APPROVED,APPROVED,APPROVED,integrated name_ko,DOMAIN_APPROVED_V2_TARGET_MUSCLE_REVIEW_2026_08_25,Codex-assisted review: primary records direct force-producing area(s); secondary records assisting or stabilizing area(s).,Codex-assisted review: basic movement in a stable setup with low technical demand for entry-level learners.,"작업 요청의 보수적 카탈로그 기본값. ACSM 2009 Position Stand의 초보자 8–12 RM 및 초보·중급 저항운동 1–2분 휴식 원칙, NSCA의 다관절 운동 우선 원칙을 반영; 개인별 부하·진행은 Agent가 결정.",PRIMARY,NEX-000207,NONE,No versioned source-pair decision recorded.,DOMAIN_EXPERT_REVIEW,2026-08-25T00:00:00+09:00,"Shoulder Press, on Machine",FITT-COMPOUND-PUSH-V1,MODERATE,NONE,다관절 저항운동 패턴 전용 복합 템플릿 적용.,PUSH,STRENGTH
NEX-000208,케틀벨 스윙,GLUTES,"[""HIP""]","[""KNEE"",""LOWER_BACK""]",,INTERMEDIATE,INTERMEDIATE,REPS,3,8-12,,90,,MODERATE,REVIEW_REQUIRED,APPROVED,APPROVED,APPROVED,APPROVED,integrated name_ko,DOMAIN_APPROVED_V2_TARGET_MUSCLE_REVIEW_2026_08_25,Codex-assisted review: primary records direct force-producing area(s); secondary records assisting or stabilizing area(s).,"Codex-assisted review: requires baseline form, load/posture control, or free-weight coordination.","작업 요청의 보수적 카탈로그 기본값. ACSM 2009 Position Stand의 초보자 8–12 RM 및 초보·중급 저항운동 1–2분 휴식 원칙, NSCA의 다관절 운동 우선 원칙을 반영; 개인별 부하·진행은 Agent가 결정.",PRIMARY,NEX-000208,NONE,No versioned source-pair decision recorded.,DOMAIN_EXPERT_REVIEW,2026-08-25T00:00:00+09:00,2 Handed Kettlebell Swing,FITT-COMPOUND-HINGE-V1,MODERATE,NONE,다관절 저항운동 패턴 전용 복합 템플릿 적용.,HINGE,STRENGTH
