body_focus_code,default_rest_seconds,default_seconds_per_rep,default_transition_seconds,default_work_seconds,difficulty_code,equipment_codes,family_code,form_cues_ko,form_cues_review_status,form_cues_source,general_pool_included,instruction_content_version,instruction_summary_ko,location_codes,name_en,name_ko,primary_body_area_codes,primary_movement_pattern_code,record_type,recovery_eligible,representative_stable_code,review_status_code,secondary_body_area_codes,safety_relevant_body_area_codes,source_identity,source_track,stable_code,timing_mode_code,training_type_code,met_value,met_source_code,met_source_activity_code,met_mapping_method_code,met_review_status_code,met_policy_version
MOBILITY,30,,15,30,BEGINNER,BODYWEIGHT,ANKLE_CIRCLES,당김이 느껴지는 편안한 범위까지만 움직입니다|반동으로 늘리지 말고 숨을 편안히 쉬며 자세를 유지합니다,APPROVED,data/scripts/normalize_v2_0_6_form_cues.py,True,user-natural-language-ko-v2.0.6,1. 서서 한쪽 다리를 바닥에서 가볍게 듭니다 2. 든 발의 발목을 원을 그리며 돌립니다 3. 반대쪽도 같은 순서로 수행합니다,GYM|HOME,ankle circles,발목 돌리기,ankle stabilizers,MOBILITY_STRETCH,REPRESENTATIVE,True,,DOMAIN_APPROVED,,KNEE|ANKLE_FOOT,1368,gymvisual,ankle_circles_mobility_stretch_bodyweight,DURATION,MOBILITY,2.3,ADULT_COMPENDIUM_PDF_2024,02101,DIRECT,DOMAIN_APPROVED,v2.0.6-met-compendium-direct-similar-1.0.0
CALVES,60,4,15,,BEGINNER,RESISTANCE_BAND,CALF_RAISE_STANDING,무릎을 잠그지 말고 발끝과 무릎의 방향을 맞춥니다|반동으로 올라가지 말고 뒤꿈치를 천천히 내립니다,APPROVED,data/videos/1369-jl6uxZV.gif,True,gif-reviewed-natural-language-ko-v2.0.6,1. 양발로 밴드를 밟고 서서 양끝을 손에 잡습니다 2. 뒤꿈치를 들어 발 앞부분으로 올라갔다가 천천히 뒤꿈치를 바닥으로 내립니다,GYM|HOME,band two legs calf raise - (band under both legs),밴드 카프레이즈,ankles,ISOLATION,VARIANT,False,bodyweight_standing_calf_raise_isolation_bodyweight,DOMAIN_APPROVED,feet,HIP|KNEE|ANKLE_FOOT,1369,gymvisual,band_two_legs_calf_raise_band_under_both_legs_v_2_isolation_resistance_band,REPS,STRENGTH,3.5,ADULT_COMPENDIUM_PDF_2024,02054,SIMILAR_ACTIVITY,DOMAIN_APPROVED,v2.0.6-met-compendium-direct-similar-1.0.0
GLUTES,90,4,15,,INTERMEDIATE,BARBELL,DEADLIFT,허리를 둥글게 말지 말고 배 주변에 가볍게 힘을 줍니다|발바닥 전체로 바닥을 누르며 엉덩이 움직임을 만듭니다,APPROVED,data/scripts/normalize_v2_0_6_form_cues.py,True,user-natural-language-ko-v2.0.6,1. 발을 어깨넓이로 벌리고 서서 바벨을 몸 앞 바닥에 놓습니다 2. 등을 곧게 유지하고 가슴을 펴면서 발 뒤꿈치로 힘을 주어 바벨을 들어올리고 허리와 무릎을 펼칩니다 3. 서서 일어나면서 둔근을 조이고 복부에 힘을 줍니다,GYM,barbell deadlift,바벨 데드리프트,hamstrings,HIP_DOMINANT,VARIANT,False,dumbbell_deadlift,DOMAIN_APPROVED,lower back,WRIST_HAND|UPPER_BACK|LOWER_BACK|HIP|KNEE|CHEST|ABDOMEN,0032,gymvisual,barbell_deadlift_hip_dominant_barbell,REPS,STRENGTH,5.0,ADULT_COMPENDIUM_PDF_2024,02052,SIMILAR_ACTIVITY,DOMAIN_APPROVED,v2.0.6-met-compendium-direct-similar-1.0.0
SHOULDERS,60,4,15,,BEGINNER,BARBELL,FRONT_RAISE,허리를 과하게 젖히지 말고 배 주변에 가볍게 힘을 줍니다|팔을 던지듯 움직이지 말고 천천히 올리고 내립니다,APPROVED,data/scripts/normalize_v2_0_6_form_cues.py,True,user-natural-language-ko-v2.0.6,1. 발을 어깨넓이로 벌리고 섭니다 2. 팔을 곧게 펼친 상태를 유지하면서 바벨을 앞으로 위쪽으로 들어올려 어깨 높이에 도달하게 합니다,GYM,barbell front raise,바벨 프론트 레이즈,biceps,ISOLATION,VARIANT,False,dumbbell_lateral_to_front_raise_isolation_dumbbell,DOMAIN_APPROVED,triceps,SHOULDER|ELBOW|WRIST_HAND|UPPER_BACK,0041,gymvisual,barbell_front_raise_isolation_barbell,REPS,STRENGTH,3.5,ADULT_COMPENDIUM_PDF_2024,02054,SIMILAR_ACTIVITY,DOMAIN_APPROVED,v2.0.6-met-compendium-direct-similar-1.0.0
HAMSTRINGS,90,4,15,,INTERMEDIATE,BARBELL,BARBELL_STRAIGHT_LEG_DEADLIFT,허리를 둥글게 말지 말고 배 주변에 가볍게 힘을 줍니다|발바닥 전체로 바닥을 누르며 엉덩이 움직임을 만듭니다,APPROVED,data/scripts/normalize_v2_0_6_form_cues.py,True,user-natural-language-ko-v2.0.6,1. 발을 어깨 너비로 벌리고 발가락을 앞으로 향하게 섭니다 2. 골반에서 몸을 굽히면서 바벨을 지면으로 내립니다 3. 종아리와 엉덩이를 사용하여 바벨을 들어올려 시작 자세로 돌아옵니다,GYM,barbell straight leg deadlift,바벨 루마니안 데드리프트,glutes,HIP_DOMINANT,REPRESENTATIVE,False,,DOMAIN_APPROVED,lower back,WRIST_HAND|UPPER_BACK|LOWER_BACK|HIP|KNEE,0116,gymvisual,barbell_straight_leg_deadlift_hip_dominant_barbell,REPS,STRENGTH,5.0,ADULT_COMPENDIUM_PDF_2024,02052,SIMILAR_ACTIVITY,DOMAIN_APPROVED,v2.0.6-met-compendium-direct-similar-1.0.0
BACK,60,4,15,,BEGINNER,BODYWEIGHT,BODYWEIGHT_BACK_EXTENSION,목과 허리를 과하게 꺾지 말고 편안한 자세를 유지합니다|반동을 쓰지 말고 천천히 움직입니다,APPROVED,data/scripts/normalize_v2_0_6_form_cues.py,True,user-natural-language-ko-v2.0.6,1. 하이퍼익스텐션 벤치를 조정하여 허벅지 위쪽이 패드에 걸쳐지고 발이 고정되도록 합니다 2. 아래에서 잠시 멈춘 후 상체를 들어 올려 다리와 일직선이 되도록 합니다,GYM,hyperextension,백 익스텐션,glutes,HIP_DOMINANT,REPRESENTATIVE,False,,DOMAIN_APPROVED,hamstrings,UPPER_BACK|LOWER_BACK|HIP|KNEE|CHEST,0489,gymvisual,bodyweight_back_extension_hip_dominant_bodyweight,REPS,STRENGTH,3.0,ADULT_COMPENDIUM_PDF_2024,02056,SIMILAR_ACTIVITY,DOMAIN_APPROVED,v2.0.6-met-compendium-direct-similar-1.0.0
CORE,60,4,15,,BEGINNER,BODYWEIGHT,CRUNCH,목을 손으로 당기지 말고 시선은 편안히 위쪽에 둡니다|허리가 과하게 뜨거나 처지지 않게 배 주변에 힘을 줍니다,APPROVED,data/scripts/normalize_v2_0_6_form_cues.py,True,user-natural-language-ko-v2.0.6,1. 등을 바닥에 대고 누워 무릎을 굽혀 발을 바닥에 둡니다 2. 배 주변에 힘을 주고 어깨를 들어 무릎 쪽으로 상체를 굽힙니다 3. 천천히 시작 자세로 돌아옵니다,GYM|HOME,crunch floor,크런치,hip flexors,CORE_BRACE,REPRESENTATIVE,False,,DOMAIN_APPROVED,,SHOULDER|ELBOW|UPPER_BACK|LOWER_BACK|HIP|KNEE|ANKLE_FOOT|ABDOMEN,0274,gymvisual,bodyweight_crunch_core_brace_bodyweight,REPS,STRENGTH,2.8,ADULT_COMPENDIUM_PDF_2024,02024,SIMILAR_ACTIVITY,DOMAIN_APPROVED,v2.0.6-met-compendium-direct-similar-1.0.0
GLUTES,60,4,15,,BEGINNER,BODYWEIGHT,LUNGE,무릎이 발끝과 같은 방향을 향하게 하고 안쪽으로 무너지지 않게 합니다|발바닥 전체로 바닥을 밀어 몸을 일으킵니다,APPROVED,data/scripts/normalize_v2_0_6_form_cues.py,True,user-natural-language-ko-v2.0.6,1. 발을 엉덩이 너비로 벌리고 손을 허리에 얹습니다 2. 오른쪽 발로 크게 한 발 앞으로 나아가 런지 자세로 몸을 내립니다 3. 오른쪽 발을 밀어 시작 자세로 돌아갑니다 4. 반대쪽도 같은 순서로 수행합니다,GYM|HOME,forward lunge (male),포워드 런지,quadriceps,KNEE_DOMINANT,VARIANT,False,smith_sprint_lunge,DOMAIN_APPROVED,hamstrings|calves,LOWER_BACK|HIP|KNEE|ANKLE_FOOT,3470,gymvisual,bodyweight_forward_lunge_knee_dominant_bodyweight,REPS,STRENGTH,3.0,ADULT_COMPENDIUM_PDF_2024,02056,SIMILAR_ACTIVITY,DOMAIN_APPROVED,v2.0.6-met-compendium-direct-similar-1.0.0
GLUTES,60,4,15,,BEGINNER,BODYWEIGHT,GLUTE_BRIDGE,허리를 둥글게 말지 말고 배 주변에 가볍게 힘을 줍니다|발바닥 전체로 바닥을 누르며 엉덩이 움직임을 만듭니다,APPROVED,data/scripts/normalize_v2_0_6_form_cues.py,True,user-natural-language-ko-v2.0.6,1. 등을 바닥에 대고 누워 무릎을 구부리고 발은 땅에 평평하게 놓습니다 2. 엉덩이와 코어에 힘을 주고 골반을 땅에서 들어올려 무릎부터 어깨까지 몸이 일직선을 이루도록 합니다 3. 천천히 골반을 시작 자세로 내립니다,GYM|HOME,low glute bridge on floor,글루트 브리지,hamstrings,HIP_DOMINANT,REPRESENTATIVE,False,,DOMAIN_APPROVED,core,SHOULDER|WRIST_HAND|UPPER_BACK|HIP|KNEE|ABDOMEN,3013,gymvisual,bodyweight_glute_bridge_hip_dominant_bodyweight,REPS,STRENGTH,2.8,ADULT_COMPENDIUM_PDF_2024,02024,SIMILAR_ACTIVITY,DOMAIN_APPROVED,v2.0.6-met-compendium-direct-similar-1.0.0
BICEPS,90,4,15,,INTERMEDIATE,BODYWEIGHT|PULL_UP_BAR,PULL_UP,어깨가 귀 쪽으로 올라가지 않게 합니다|몸을 흔들어 반동을 만들지 말고 천천히 당깁니다,APPROVED,data/scripts/normalize_v2_0_6_form_cues.py,True,user-natural-language-ko-v2.0.6,1. 풀업 봉에서 손바닥이 자신을 향하도록 매달리되 손은 어깨 너비로 벌립니다 2. 코어에 힘을 주고 팔꿈치를 구부려 가슴을 봉 쪽으로 당깁니다 3. 동작의 가장 높은 지점에서 멈춘 후 천천히 시작 자세로 내려갑니다 4. 어렵다면 어시스트 풀업 머신이나 밴드를 사용해 같은 동작으로 수행합니다,GYM,biceps pull-up,풀업,forearms,VERTICAL_PULL,VARIANT,False,assisted_pull_up,DOMAIN_APPROVED,shoulders,SHOULDER|ELBOW|WRIST_HAND|UPPER_BACK|ABDOMEN,0140,gymvisual,bodyweight_pull_up_biceps_vertical_pull_bodyweight_pull_up_bar,REPS,STRENGTH,3.0,ADULT_COMPENDIUM_PDF_2024,02056,SIMILAR_ACTIVITY,DOMAIN_APPROVED,v2.0.6-met-compendium-direct-similar-1.0.0
CORE,60,4,15,,BEGINNER,BODYWEIGHT,BODYWEIGHT_REVERSE_CRUNCH,목을 손으로 당기지 말고 시선은 편안히 위쪽에 둡니다|허리가 과하게 뜨거나 처지지 않게 배 주변에 힘을 줍니다,APPROVED,data/scripts/normalize_v2_0_6_form_cues.py,True,user-natural-language-ko-v2.0.6,1. 팔을 양옆으로 펼친 상태로 등을 바닥에 대고 누웁니다 2. 복부에 힘을 주고 골반을 바닥에서 들어올리면서 무릎을 가슴 쪽으로 모아냅니다 3. 가장 높은 지점에서 순간 멈춘 후 천천히 골반을 시작 자세로 낮춥니다,GYM|HOME,reverse crunch,리버스 크런치,hip flexors,CORE_BRACE,REPRESENTATIVE,False,,DOMAIN_APPROVED,,UPPER_BACK|LOWER_BACK|HIP|KNEE|ANKLE_FOOT|ABDOMEN,0872,gymvisual,bodyweight_reverse_crunch_core_brace_bodyweight,REPS,STRENGTH,2.8,ADULT_COMPENDIUM_PDF_2024,02024,SIMILAR_ACTIVITY,DOMAIN_APPROVED,v2.0.6-met-compendium-direct-similar-1.0.0
QUADRICEPS,60,4,15,,BEGINNER,BODYWEIGHT,SPLIT_SQUAT,무릎이 발끝과 같은 방향을 향하게 하고 안쪽으로 무너지지 않게 합니다|발바닥 전체로 바닥을 밀어 몸을 일으킵니다,APPROVED,data/scripts/normalize_v2_0_6_form_cues.py,True,user-natural-language-ko-v2.0.6,1. 발을 어깨 너비만큼 벌려진 위치에 서 있습니다 2. 앞다리의 허벅지가 바닥과 평행해지고 뒷다리의 무릎이 바닥 바로 위에 올 때까지 계속 내립니다 3. 잠깐 멈추고 앞다리의 뒤꿈치로 밀어 시작 자세로 돌아옵니다,GYM|HOME,split squats,스플릿 스쿼트,glutes,KNEE_DOMINANT,VARIANT,False,smith_single_leg_split_squat,DOMAIN_APPROVED,hamstrings|calves,LOWER_BACK|HIP|KNEE|ANKLE_FOOT,2368,gymvisual,bodyweight_split_squat_knee_dominant_bodyweight,REPS,STRENGTH,3.0,ADULT_COMPENDIUM_PDF_2024,02056,SIMILAR_ACTIVITY,DOMAIN_APPROVED,v2.0.6-met-compendium-direct-similar-1.0.0
CALVES,60,4,15,,BEGINNER,BODYWEIGHT,CALF_RAISE_STANDING,발끝과 무릎이 같은 방향을 향하게 합니다|내려올 때 발바닥 전체를 바닥에 안정적으로 둡니다,APPROVED,data/scripts/normalize_v2_0_6_form_cues.py,True,user-natural-language-ko-v2.0.6,1. 발을 어깨 너비만큼 벌려 서고 손가락을 앞으로 향합니다 2. 천천히 발뒤꿈치를 바닥에서 들어 올리면서 발 앞부분으로 체중을 옮깁니다 3. 가장 높은 지점에서 잠시 멈춘 후 천천히 발뒤꿈치를 시작 자세로 내립니다,GYM|HOME,bodyweight standing calf raise,스탠딩 카프 레이즈,ankles,ISOLATION,REPRESENTATIVE,False,,DOMAIN_APPROVED,feet,HIP|KNEE|ANKLE_FOOT,1373,gymvisual,bodyweight_standing_calf_raise_isolation_bodyweight,REPS,STRENGTH,3.0,ADULT_COMPENDIUM_PDF_2024,02056,SIMILAR_ACTIVITY,DOMAIN_APPROVED,v2.0.6-met-compendium-direct-similar-1.0.0
MOBILITY,30,,15,30,BEGINNER,BODYWEIGHT,BUTTERFLY_ADDUCTOR_STRETCH,무릎을 손으로 억지로 누르지 않습니다|허리를 둥글게 말아 과하게 숙이지 않습니다,APPROVED,data/videos/1494-bWlZvXh.gif,True,gif-reviewed-natural-language-ko-v2.0.6,1. 바닥에 앉아 발바닥을 맞대고 발을 몸 쪽으로 당깁니다 2. 등을 길게 세운 채 상체를 앞으로 기울였다가 편안한 범위에서 돌아옵니다,GYM|HOME,butterfly yoga pose,나비자세,hamstrings,MOBILITY_STRETCH,REPRESENTATIVE,True,,DOMAIN_APPROVED,groin,WRIST_HAND|LOWER_BACK|HIP|KNEE|ANKLE_FOOT|CHEST,1494,gymvisual,butterfly_adductor_stretch_mobility_stretch_bodyweight,DURATION,MOBILITY,2.3,ADULT_COMPENDIUM_PDF_2024,02101,DIRECT,DOMAIN_APPROVED,v2.0.6-met-compendium-direct-similar-1.0.0
TRICEPS,90,4,15,,INTERMEDIATE,CABLE_MACHINE,CABLE_TRICEPS_PUSHDOWN,팔꿈치와 손목을 과하게 꺾지 않게 합니다|몸통을 흔들어 반동을 만들지 말고 천천히 밀고 돌아옵니다,APPROVED,data/scripts/normalize_v2_0_6_form_cues.py,True,user-natural-language-ko-v2.0.6,1. 머신을 향해 어깨 너비로 발을 벌리고 무릎을 약간 구부립니다 2. 팔꿈치가 완전히 펴질 때까지 바를 아래로 밉니다 3. 잠깐 멈춘 후 천천히 바를 시작 자세로 돌립니다,GYM,cable pushdown,케이블 트라이셉스 푸시다운 머신,forearms,ISOLATION,REPRESENTATIVE,False,,DOMAIN_APPROVED,,SHOULDER|ELBOW|WRIST_HAND,0201,gymvisual,cable_triceps_pushdown_isolation_cable_machine,REPS,STRENGTH,3.5,ADULT_COMPENDIUM_PDF_2024,02054,SIMILAR_ACTIVITY,DOMAIN_APPROVED,v2.0.6-met-compendium-direct-similar-1.0.0
CARDIO,60,,15,60,BEGINNER,BODYWEIGHT,CARDIO_GAIT_BODYWEIGHT,발바닥 전체로 지면이나 발판을 부드럽게 디딥니다|무릎이 안쪽으로 무너지지 않게 발끝과 같은 방향으로 움직입니다,APPROVED,data/scripts/normalize_v2_0_6_form_cues.py,True,user-natural-language-ko-v2.0.6,1. 발을 어깨너비로 벌리고 섭니다 2. 오른쪽 발을 앞으로 내디뎠다가 제자리로 돌아옵니다 3. 왼쪽 발도 같은 순서로 앞뒤로 움직입니다,GYM|HOME,back and forth step,앞뒤 스텝,quadriceps,GAIT,REPRESENTATIVE,False,,DOMAIN_APPROVED,hamstrings|glutes|calves,UPPER_BACK|HIP|KNEE|ANKLE_FOOT,3672,gymvisual,cardio_gait_bodyweight,DURATION,CARDIO,3.8,ADULT_COMPENDIUM_PDF_2024,02064,SIMILAR_ACTIVITY,DOMAIN_APPROVED,v2.0.6-met-compendium-direct-similar-1.0.0
CARDIO,60,,15,60,BEGINNER,BODYWEIGHT,CARDIO_GAIT_BODYWEIGHT_REX_000058,발바닥 전체로 지면이나 발판을 부드럽게 디딥니다|무릎이 안쪽으로 무너지지 않게 발끝과 같은 방향으로 움직입니다,APPROVED,data/scripts/normalize_v2_0_6_form_cues.py,True,user-natural-language-ko-v2.0.6,1. 벽을 마주보고 어깨 너비만큼 발을 벌려 섭니다 2. 빠르게 다리를 바꾸어 왼쪽 무릎을 가슴 쪽으로 들어 올리고 오른쪽 발을 내립니다 3. 달리는 동작으로 양쪽 다리를 번갈아 가능한 높이까지 들어 올립니다,GYM|HOME,high knee against wall,하이니,quadriceps,GAIT,REPRESENTATIVE,False,,DOMAIN_APPROVED,hamstrings|glutes|calves,HIP|KNEE|ANKLE_FOOT|ABDOMEN,3636,gymvisual,cardio_gait_bodyweight_rex_000058,DURATION,CARDIO,7.5,ADULT_COMPENDIUM_PDF_2024,02020,SIMILAR_ACTIVITY,DOMAIN_APPROVED,v2.0.6-met-compendium-direct-similar-1.0.0
CARDIO,60,,15,60,BEGINNER,MACHINE,CARDIO_GAIT_MACHINE,손잡이에 체중을 싣지 않고 상체를 세웁니다|발을 벨트 위에 안정적으로 디디고 속도를 갑자기 바꾸지 않습니다,APPROVED,data/videos/3666-rjiM4L3.gif,True,gif-reviewed-natural-language-ko-v2.0.6,1. 인클라인 트레드밀의 경사와 속도를 설정하고 손잡이를 가볍게 잡습니다 2. 벨트가 움직이면 발을 번갈아 내디뎌 일정한 리듬으로 달립니다 3. 속도를 낮춘 뒤 발판으로 이동합니다,GYM,walking on incline treadmill,인클라인 트레드밀,quadriceps,GAIT,REPRESENTATIVE,False,,DOMAIN_APPROVED,hamstrings|calves,UPPER_BACK|LOWER_BACK|HIP|KNEE|ANKLE_FOOT|ABDOMEN,3666,gymvisual,cardio_gait_machine,DURATION,CARDIO,10.3,ADULT_COMPENDIUM_HOME_2024,12255,SIMILAR_ACTIVITY,DOMAIN_APPROVED,v2.0.6-met-compendium-direct-similar-1.0.0
CARDIO,60,,15,60,INTERMEDIATE,MACHINE,CARDIO_GAIT_MACHINE_REX_000071,발바닥 전체로 지면이나 발판을 부드럽게 디딥니다|무릎이 안쪽으로 무너지지 않게 발끝과 같은 방향으로 움직입니다,APPROVED,data/scripts/normalize_v2_0_6_form_cues.py,True,user-natural-language-ko-v2.0.6,1. 머신 위에 올라가 손잡이를 잡아 몸을 지지합니다 2. 한 발을 계단에 올려놓고 다른 발을 번갈아 올려놓아 걷기를 시작합니다,GYM,walking on stepmill,스텝밀 머신(천국의 계단),quadriceps,GAIT,REPRESENTATIVE,False,,DOMAIN_APPROVED,hamstrings|glutes|calves,WRIST_HAND|HIP|KNEE|ANKLE_FOOT|ABDOMEN,2311,gymvisual,cardio_gait_machine_rex_000071,DURATION,CARDIO,9.3,ADULT_COMPENDIUM_HOME_2024,02065,DIRECT,DOMAIN_APPROVED,v2.0.6-met-compendium-direct-similar-1.0.0
MOBILITY,30,,15,30,BEGINNER,BODYWEIGHT,CHAIR_LEG_EXTENDED_STRETCH,당김이 느껴지는 편안한 범위까지만 움직입니다|반동으로 늘리지 말고 숨을 편안히 쉬며 자세를 유지합니다,APPROVED,data/scripts/normalize_v2_0_6_form_cues.py,True,user-natural-language-ko-v2.0.6,1. 의자의 끝자리에 앉아서 등을 곧게 펴고 발을 지면에 붙입니다 2. 한쪽 다리를 앞쪽으로 곧게 펼쳐서 발뒤꿈치를 지면에 붙입니다 3. 약간 앞으로 기울어지면서 허벅지 앞쪽이 늘어나는 느낌이 들도록 합니다 4. 반대쪽도 같은 순서로 수행합니다,GYM|HOME,chair leg extended stretch,시티드 레그 익스텐션 스트레칭,hamstrings,MOBILITY_STRETCH,REPRESENTATIVE,True,,DOMAIN_APPROVED,calves,UPPER_BACK|LOWER_BACK|HIP|KNEE|ANKLE_FOOT,1548,gymvisual,chair_leg_extended_stretch_mobility_stretch_bodyweight,DURATION,MOBILITY,2.3,ADULT_COMPENDIUM_PDF_2024,02101,DIRECT,DOMAIN_APPROVED,v2.0.6-met-compendium-direct-similar-1.0.0
MOBILITY,30,,15,30,BEGINNER,BODYWEIGHT,CHEST_FRONT_SHOULDER_STRETCH,당김이 느껴지는 편안한 범위까지만 움직입니다|반동으로 늘리지 말고 숨을 편안히 쉬며 자세를 유지합니다,APPROVED,data/scripts/normalize_v2_0_6_form_cues.py,True,user-natural-language-ko-v2.0.6,1. 발을 어깨 너비로 떨어뜨리고 곧게 선 자세로 시작합니다 2. 부드럽게 어깨 뼈를 함께 짜면서 손을 앞으로 밀어 가슴과 어깨 앞쪽이 늘어나는 느낌이 들도록 합니다,GYM|HOME,chest and front of shoulder stretch,가슴·어깨 앞면 스트레칭,deltoids,MOBILITY_STRETCH,REPRESENTATIVE,True,,DOMAIN_APPROVED,,SHOULDER|ELBOW|CHEST,1271,gymvisual,chest_front_shoulder_stretch_mobility_stretch_bodyweight,DURATION,MOBILITY,2.3,ADULT_COMPENDIUM_PDF_2024,02101,DIRECT,DOMAIN_APPROVED,v2.0.6-met-compendium-direct-similar-1.0.0
TRICEPS,60,4,15,,BEGINNER,BODYWEIGHT,PUSH_UP,목을 손으로 당기지 말고 시선은 편안히 위쪽에 둡니다|허리가 과하게 뜨거나 처지지 않게 배 주변에 힘을 줍니다,APPROVED,data/scripts/normalize_v2_0_6_form_cues.py,True,user-natural-language-ko-v2.0.6,1. 손을 어깨 바로 아래에 가깝게 놓고 높은 플랭크 자세를 시작합니다 2. 복근을 긴장시키고 지면을 향해 몸을 내려놓되 팔꿈치를 몸에 가깝게 유지합니다 3. 손가락 끝으로 밀어서 팔을 펴고 시작 자세로 돌아갑니다,GYM|HOME,close-grip push-up,클로즈 그립 푸시업,chest,HORIZONTAL_PUSH,VARIANT,False,push_up_horizontal_push_bodyweight,DOMAIN_APPROVED,shoulders,SHOULDER|ELBOW|WRIST_HAND|CHEST|ABDOMEN,0259,gymvisual,close_grip_push_up_horizontal_push_bodyweight,REPS,STRENGTH,3.0,ADULT_COMPENDIUM_PDF_2024,02056,SIMILAR_ACTIVITY,DOMAIN_APPROVED,v2.0.6-met-compendium-direct-similar-1.0.0
QUADRICEPS,60,4,15,,BEGINNER,DUMBBELL,SQUAT,무릎이 발끝과 같은 방향을 향하게 하고 안쪽으로 무너지지 않게 합니다|발바닥 전체로 바닥을 밀어 몸을 일으킵니다,APPROVED,data/scripts/normalize_v2_0_6_form_cues.py,True,user-natural-language-ko-v2.0.6,1. 어깨너비로 발을 벌리고 서서 덤벨을 양손으로 수직으로 잡아 가슴에 안깁니다 2. 가슴을 위로 유지하고 코어를 조이면서 엉덩이를 뒤로 밀고 무릎을 굽혀 몸을 스쿼트 자세로 내립니다 3. 바닥에서 잠깐 멈춘 후 발꿈치를 밀어 시작 자세로 돌아옵니다,GYM|HOME,dumbbell goblet squat,덤벨 고블릿 스쿼트,glutes,KNEE_DOMINANT,VARIANT,False,bodyweight_squat,DOMAIN_APPROVED,hamstrings|calves,SHOULDER|WRIST_HAND|UPPER_BACK|LOWER_BACK|HIP|KNEE|ANKLE_FOOT|CHEST|ABDOMEN,1760,gymvisual,dumbbell_goblet_squat_knee_dominant_dumbbell,REPS,STRENGTH,5.0,ADULT_COMPENDIUM_PDF_2024,02052,SIMILAR_ACTIVITY,DOMAIN_APPROVED,v2.0.6-met-compendium-direct-similar-1.0.0
SHOULDERS,60,4,15,,BEGINNER,DUMBBELL,LATERAL_RAISE,허리를 과하게 젖히지 말고 배 주변에 가볍게 힘을 줍니다|팔을 던지듯 움직이지 말고 천천히 올리고 내립니다,APPROVED,data/scripts/normalize_v2_0_6_form_cues.py,True,user-natural-language-ko-v2.0.6,1. 어깨 너비만큼 발을 벌리고 각 손에 덤벨을 들되 손가락이 몸 쪽을 향합니다 2. 팔을 옆으로 들어올려 바닥과 평행하게 만들고 팔꿈치에 살짝 구부립니다 3. 정상에서 잠시 멈추었다가 팔을 천천히 시작 자세로 내립니다,GYM|HOME,dumbbell lateral raise,덤벨 레터럴 레이즈,traps,ISOLATION,VARIANT,False,lever_lateral_raise,DOMAIN_APPROVED,,SHOULDER|ELBOW|WRIST_HAND|UPPER_BACK,0334,gymvisual,dumbbell_lateral_raise_isolation_dumbbell,REPS,STRENGTH,3.5,ADULT_COMPENDIUM_PDF_2024,02054,SIMILAR_ACTIVITY,DOMAIN_APPROVED,v2.0.6-met-compendium-direct-similar-1.0.0
SHOULDERS,90,4,15,,INTERMEDIATE,DUMBBELL,FRONT_RAISE,허리를 과하게 젖히지 말고 배 주변에 가볍게 힘을 줍니다|팔을 던지듯 움직이지 말고 천천히 올리고 내립니다,APPROVED,data/scripts/normalize_v2_0_6_form_cues.py,True,user-natural-language-ko-v2.0.6,1. 어깨 너비만큼 발을 벌리고 각 손에 덤벨을 들되 손가락이 몸 쪽을 향합니다 2. 팔을 옆으로 들어올려 바닥과 평행하게 만들고 팔꿈치에 살짝 구부립니다 3. 정상에서 잠시 멈추었다가 팔을 천천히 시작 자세로 내립니다,GYM|HOME,dumbbell lateral to front raise,덤벨 레터럴 투 프론트 레이즈,traps,ISOLATION,REPRESENTATIVE,False,,DOMAIN_APPROVED,biceps,SHOULDER|ELBOW|WRIST_HAND|UPPER_BACK,0335,gymvisual,dumbbell_lateral_to_front_raise_isolation_dumbbell,REPS,STRENGTH,3.5,ADULT_COMPENDIUM_PDF_2024,02054,SIMILAR_ACTIVITY,DOMAIN_APPROVED,v2.0.6-met-compendium-direct-similar-1.0.0
BICEPS,60,4,15,,BEGINNER,DUMBBELL,BICEPS_CURL,어깨가 귀 쪽으로 올라가지 않게 합니다|몸을 흔들어 반동을 만들지 말고 천천히 당깁니다,APPROVED,data/scripts/normalize_v2_0_6_form_cues.py,True,user-natural-language-ko-v2.0.6,1. 프리처 컬 벤치에 앉아 팔을 패드에 올리고 가슴을 패드에 댑니다 2. 이두근이 완전히 수축되고 덤벨이 어깨 높이에 올 때까지 덤벨을 계속 올립니다 3. 천천히 덤벨을 시작 자세로 내립니다,GYM,dumbbell preacher curl,덤벨 프리처 컬,forearms,ISOLATION,VARIANT,False,dumbbell_standing_curl_isolation_dumbbell,DOMAIN_APPROVED,,SHOULDER|ELBOW|WRIST_HAND|CHEST,0372,gymvisual,dumbbell_preacher_curl_isolation_dumbbell,REPS,STRENGTH,3.5,ADULT_COMPENDIUM_PDF_2024,02054,SIMILAR_ACTIVITY,DOMAIN_APPROVED,v2.0.6-met-compendium-direct-similar-1.0.0
SHOULDERS,60,4,15,,BEGINNER,DUMBBELL,REVERSE_FLY,운동 전에 시트나 패드 위치와 무게를 몸에 맞게 조절합니다|반동을 쓰지 말고 무게를 천천히 움직입니다,APPROVED,data/scripts/normalize_v2_0_6_form_cues.py,True,user-natural-language-ko-v2.0.6,1. 발을 어깨 넓이로 벌리고 양손에 덤벨을 잡습니다 2. 무릎을 약간 구부리고 엉덩이에서 구부리면서 등을 곧게 펼칩니다 3. 가장 높은 지점에서 잠시 멈춘 후 천천히 팔을 시작 자세로 내립니다,GYM|HOME,dumbbell rear fly,덤벨 리어 델트 플라이,traps,ISOLATION,VARIANT,False,lever_seated_reverse_fly,DOMAIN_APPROVED,rhomboids,SHOULDER|ELBOW|WRIST_HAND|UPPER_BACK|LOWER_BACK|HIP|KNEE,0378,gymvisual,dumbbell_rear_fly_isolation_dumbbell,REPS,STRENGTH,3.5,ADULT_COMPENDIUM_PDF_2024,02054,SIMILAR_ACTIVITY,DOMAIN_APPROVED,v2.0.6-met-compendium-direct-similar-1.0.0
BACK,60,4,15,,BEGINNER,DUMBBELL,SHRUG,허리를 과하게 젖히지 말고 배 주변에 가볍게 힘을 줍니다|팔을 던지듯 움직이지 말고 천천히 올리고 내립니다,APPROVED,data/scripts/normalize_v2_0_6_form_cues.py,True,user-natural-language-ko-v2.0.6,1. 발을 어깨 너비로 벌리고 섭니다 2. 어깨를 최대한 높이 올려 귀에 닿으려는 듯이 합니다 3. 수축을 유지한 후 어깨를 시작 자세로 천천히 내립니다,GYM|HOME,dumbbell shrug,덤벨 슈러그,shoulders,ISOLATION,REPRESENTATIVE,False,,DOMAIN_APPROVED,,SHOULDER|WRIST_HAND|UPPER_BACK|LOWER_BACK,0406,gymvisual,dumbbell_shrug_isolation_dumbbell,REPS,STRENGTH,3.5,ADULT_COMPENDIUM_PDF_2024,02054,SIMILAR_ACTIVITY,DOMAIN_APPROVED,v2.0.6-met-compendium-direct-similar-1.0.0
BICEPS,60,4,15,,BEGINNER,DUMBBELL,BICEPS_CURL,어깨가 귀 쪽으로 올라가지 않게 합니다|몸을 흔들어 반동을 만들지 말고 천천히 당깁니다,APPROVED,data/scripts/normalize_v2_0_6_form_cues.py,True,user-natural-language-ko-v2.0.6,1. 손바닥이 앞을 향하고 팔을 완전히 뻗은 상태로 양손에 덤벨을 들고 바르게 섭니다 2. 이두근이 완전히 수축되고 덤벨이 어깨 높이에 도달할 때까지 계속 올립니다 3. 덤벨을 천천히 시작 자세로 내리기 시작합니다,GYM|HOME,dumbbell standing biceps curl,덤벨 바이셉스 컬,forearms,ISOLATION,REPRESENTATIVE,False,,DOMAIN_APPROVED,,SHOULDER|ELBOW|WRIST_HAND,0416,gymvisual,dumbbell_standing_curl_isolation_dumbbell,REPS,STRENGTH,3.5,ADULT_COMPENDIUM_PDF_2024,02054,SIMILAR_ACTIVITY,DOMAIN_APPROVED,v2.0.6-met-compendium-direct-similar-1.0.0
QUADRICEPS,90,4,15,,INTERMEDIATE,DUMBBELL|STEP_BOX,DUMBBELL_STEP_UP_LUNGE,무릎이 발끝과 같은 방향을 향하게 하고 안쪽으로 무너지지 않게 합니다|발바닥 전체로 바닥을 밀어 몸을 일으킵니다,APPROVED,data/scripts/normalize_v2_0_6_form_cues.py,True,user-natural-language-ko-v2.0.6,1. 양손에 덤벨을 들고 옆을 향하도록 손가락을 한 채로 계단이나 플랫폼 앞에 섭니다 2. 오른쪽 발뒤꿈치를 통해 몸을 밀어올리면서 계단 위로 올라가 왼쪽 발도 함께 올립니다 3. 두 발이 모두 계단 위에 올려지면 왼쪽 발을 내려 시작 자세로 돌아가면서 오른쪽 발은 계단 위에 유지합니다 4. 반대쪽도 같은 순서로 수행합니다,GYM,dumbbell step-up lunge,덤벨 스텝업 런지,glutes,KNEE_DOMINANT,REPRESENTATIVE,False,,DOMAIN_APPROVED,hamstrings|calves,SHOULDER|WRIST_HAND|UPPER_BACK|LOWER_BACK|HIP|KNEE|ANKLE_FOOT,2796,gymvisual,dumbbell_step_up_lunge_knee_dominant_dumbbell_step_box,REPS,STRENGTH,5.0,ADULT_COMPENDIUM_PDF_2024,02052,SIMILAR_ACTIVITY,DOMAIN_APPROVED,v2.0.6-met-compendium-direct-similar-1.0.0
MOBILITY,30,,15,30,BEGINNER,BODYWEIGHT,DYNAMIC_CHEST_STRETCH,당김이 느껴지는 편안한 범위까지만 움직입니다|반동으로 늘리지 말고 숨을 편안히 쉬며 자세를 유지합니다,APPROVED,data/scripts/normalize_v2_0_6_form_cues.py,True,user-natural-language-ko-v2.0.6,1. 어깨너비로 발을 벌리고 서 있습니다 2. 팔을 완전히 펼쳐 옆으로 땅과 평행하게 합니다,GYM|HOME,dynamic chest stretch (male),다이내믹 가슴 스트레칭,shoulders,MOBILITY_STRETCH,REPRESENTATIVE,True,,DOMAIN_APPROVED,triceps,SHOULDER|ELBOW|CHEST,1167,gymvisual,dynamic_chest_stretch_mobility_stretch_bodyweight,DURATION,MOBILITY,2.3,ADULT_COMPENDIUM_PDF_2024,02101,DIRECT,DOMAIN_APPROVED,v2.0.6-met-compendium-direct-similar-1.0.0
MOBILITY,30,,15,30,BEGINNER,STABILITY_BALL,EXERCISE_BALL_HIP_FLEXOR_STRETCH,당김이 느껴지는 편안한 범위까지만 움직입니다|반동으로 늘리지 말고 숨을 편안히 쉬며 자세를 유지합니다,APPROVED,data/scripts/normalize_v2_0_6_form_cues.py,True,user-natural-language-ko-v2.0.6,1. 짐볼을 바닥에 놓고 그 앞에 무릎을 꿇으습니다 2. 오른쪽 발을 짐볼 위에 올려놓되 무릎을 90도 각도로 구부리습니다 3. 자세를 잠시 유지한 뒤 반대쪽으로 바꿔 반복합니다,GYM,exercise ball hip flexor stretch,짐볼 고관절 스트레칭,quadriceps,MOBILITY_STRETCH,REPRESENTATIVE,True,,DOMAIN_APPROVED,hamstrings,LOWER_BACK|HIP|KNEE|ANKLE_FOOT,1559,gymvisual,exercise_ball_hip_flexor_stretch_mobility_stretch_stability_ball,DURATION,MOBILITY,2.3,ADULT_COMPENDIUM_PDF_2024,02101,DIRECT,DOMAIN_APPROVED,v2.0.6-met-compendium-direct-similar-1.0.0
MOBILITY,30,,15,30,BEGINNER,BODYWEIGHT,HAMSTRING_STRETCH,당김이 느껴지는 편안한 범위까지만 움직입니다|반동으로 늘리지 말고 숨을 편안히 쉬며 자세를 유지합니다,APPROVED,data/scripts/normalize_v2_0_6_form_cues.py,True,user-natural-language-ko-v2.0.6,1. 발을 어깨너비로 벌립니다 2. 오른쪽 발로 한 발 앞으로 나아가 오른쪽 다리에 무게를 옮깁니다 3. 자세를 잠시 유지한 뒤 시작 자세로 돌아갑니다 4. 반대쪽도 같은 순서로 수행합니다,GYM|HOME,hamstring stretch,햄스트링 스트레칭,glutes,MOBILITY_STRETCH,REPRESENTATIVE,True,,DOMAIN_APPROVED,,UPPER_BACK|HIP|KNEE,1511,gymvisual,hamstring_stretch_mobility_stretch_bodyweight,DURATION,MOBILITY,2.3,ADULT_COMPENDIUM_PDF_2024,02101,DIRECT,DOMAIN_APPROVED,v2.0.6-met-compendium-direct-similar-1.0.0
FOREARMS,60,4,15,,BEGINNER,HOUSEHOLD_WEIGHT,HAND_GRIP_SQUEEZE,목과 허리를 과하게 꺾지 말고 편안한 자세를 유지합니다|반동을 쓰지 말고 천천히 움직입니다,APPROVED,data/scripts/normalize_v2_0_6_form_cues.py,True,user-natural-language-ko-v2.0.6,1. 발을 어깨 너비만큼 벌리고 무게가 있는 물건을 양손에 하나씩 들고 서 있습니다 2. 팔을 앞으로 곧게 뻗고 손가락이 마주보도록 합니다 3. 악력을 사용해 물건을 손으로 단단히 쥐었다가 천천히 힘을 풉니다,GYM|HOME,weighted standing hand squeeze,손 악력 쥐기,biceps,ISOLATION,REPRESENTATIVE,False,,DOMAIN_APPROVED,triceps,SHOULDER|ELBOW|WRIST_HAND,0854,gymvisual,hand_grip_squeeze_isolation_household_weight,REPS,STRENGTH,3.5,ADULT_COMPENDIUM_PDF_2024,02054,SIMILAR_ACTIVITY,DOMAIN_APPROVED,v2.0.6-met-compendium-direct-similar-1.0.0
BACK,60,4,15,,BEGINNER,BODYWEIGHT,INVERTED_ROW,어깨가 귀 쪽으로 올라가지 않게 합니다|몸을 흔들어 반동을 만들지 말고 천천히 당깁니다,APPROVED,data/scripts/normalize_v2_0_6_form_cues.py,True,user-natural-language-ko-v2.0.6,1. 막대나 서스펜션 트레이너 앞에 서면서 발을 어깨너비로 벌립니다 2. 가슴을 막대나 손잡이 쪽으로 당기면서 어깨뼈를 함께 조입니다 3. 위쪽에서 잠시 멈춘 후 천천히 시작 자세로 내려옵니다,GYM,inverted row,인버티드 로우,biceps,HORIZONTAL_PULL,REPRESENTATIVE,False,,DOMAIN_APPROVED,forearms,SHOULDER|ELBOW|WRIST_HAND|UPPER_BACK|LOWER_BACK|HIP|KNEE|ABDOMEN,0499,gymvisual,inverted_row_horizontal_pull_bodyweight,REPS,STRENGTH,3.0,ADULT_COMPENDIUM_PDF_2024,02056,SIMILAR_ACTIVITY,DOMAIN_APPROVED,v2.0.6-met-compendium-direct-similar-1.0.0
MOBILITY,30,,15,30,BEGINNER,BODYWEIGHT,KNEELING_LAT_STRETCH,당김이 느껴지는 편안한 범위까지만 움직입니다|반동으로 늘리지 말고 숨을 편안히 쉬며 자세를 유지합니다,APPROVED,data/scripts/normalize_v2_0_6_form_cues.py,True,user-natural-language-ko-v2.0.6,1. 땅에 무릎을 꿇은 자세에서 무릎은 엉덩이너비로 벌리고 발가락은 뒤를 향하게 합니다 2. 팔을 머리 위로 펼치고 손가락을 깍지껴 연결합니다 3. 자세를 잠시 유지한 뒤 시작 자세로 돌아옵니다,GYM|HOME,kneeling lat stretch,무릎 꿇고 광배근 스트레칭,shoulders,MOBILITY_STRETCH,REPRESENTATIVE,True,,DOMAIN_APPROVED,triceps,SHOULDER|ELBOW|WRIST_HAND|UPPER_BACK|LOWER_BACK|HIP|KNEE|ANKLE_FOOT|ABDOMEN,1346,gymvisual,kneeling_lat_stretch_mobility_stretch_bodyweight,DURATION,MOBILITY,2.3,ADULT_COMPENDIUM_PDF_2024,02101,DIRECT,DOMAIN_APPROVED,v2.0.6-met-compendium-direct-similar-1.0.0
BACK,90,4,15,,INTERMEDIATE,CABLE_MACHINE,LAT_PULLDOWN,어깨가 귀 쪽으로 올라가지 않게 합니다|몸을 흔들어 반동을 만들지 말고 천천히 당깁니다,APPROVED,data/scripts/normalize_v2_0_6_form_cues.py,True,user-natural-language-ko-v2.0.6,1. 케이블 풀다운 머신의 좌석이 편안한 높이에 있도록 조정하고 무릎 패드를 고정합니다 2. 케이블 바를 가슴 방향으로 당기며 어깨뼈를 함께 조입니다 3. 움직임의 최하점에서 잠깐 멈춘 후 천천히 바를 시작 자세로 풀어 올립니다,GYM,cable pulldown,랫풀다운 머신,biceps,VERTICAL_PULL,VARIANT,False,alternate_lateral_pulldown,DOMAIN_APPROVED,forearms,SHOULDER|ELBOW|WRIST_HAND|UPPER_BACK|LOWER_BACK|KNEE|CHEST|ABDOMEN,0198,gymvisual,lat_pulldown_vertical_pull_cable_machine,REPS,STRENGTH,3.5,ADULT_COMPENDIUM_PDF_2024,02054,SIMILAR_ACTIVITY,DOMAIN_APPROVED,v2.0.6-met-compendium-direct-similar-1.0.0
BACK,60,4,15,,BEGINNER,BODYWEIGHT,LOWER_BACK_CURL,어깨가 귀 쪽으로 올라가지 않게 합니다|몸을 흔들어 반동을 만들지 말고 천천히 당깁니다,APPROVED,data/scripts/normalize_v2_0_6_form_cues.py,True,user-natural-language-ko-v2.0.6,1. 복부를 바닥에 대고 누워 다리를 쭉 펴고 양팔을 옆에 놓습니다 2. 엉덩이와 햄스트링에 힘을 주고 상체를 천천히 들어올려 등을 구부립니다 3. 가장 높은 지점에서 잠깐 멈춘 후 상체를 천천히 시작 자세로 내립니다,GYM|HOME,lower back curl,로어 백 컬,glutes,CORE_BRACE,REPRESENTATIVE,False,,DOMAIN_APPROVED,hamstrings,SHOULDER|ELBOW|UPPER_BACK|HIP|KNEE|ABDOMEN,1352,gymvisual,lower_back_curl_core_brace_bodyweight,REPS,STRENGTH,3.0,ADULT_COMPENDIUM_PDF_2024,02056,SIMILAR_ACTIVITY,DOMAIN_APPROVED,v2.0.6-met-compendium-direct-similar-1.0.0
MOBILITY,30,,15,30,BEGINNER,BODYWEIGHT,NECK_LATERAL_STRETCH,당김이 느껴지는 편안한 범위까지만 움직입니다|반동으로 늘리지 말고 숨을 편안히 쉬며 자세를 유지합니다,APPROVED,data/scripts/normalize_v2_0_6_form_cues.py,True,user-natural-language-ko-v2.0.6,1. 어깨를 이완하고 서 있거나 앉은 상태에서 척추를 곧게 펼칩니다 2. 머리를 한쪽으로 기울여 귀를 어깨 쪽으로 가져옵니다 3. 반대쪽에서 반복합니다,GYM|HOME,neck side stretch,목 옆면 스트레칭,traps,MOBILITY_STRETCH,REPRESENTATIVE,True,,DOMAIN_APPROVED,sternocleidomastoid,NECK|SHOULDER|UPPER_BACK|LOWER_BACK,1403,gymvisual,neck_lateral_stretch_mobility_stretch_bodyweight,DURATION,MOBILITY,2.3,ADULT_COMPENDIUM_PDF_2024,02101,DIRECT,DOMAIN_APPROVED,v2.0.6-met-compendium-direct-similar-1.0.0
BACK,60,4,15,,BEGINNER,BODYWEIGHT,ONE_ARM_WALL_LATS,당김이 느껴지는 편안한 범위까지만 움직입니다|반동으로 늘리지 말고 숨을 편안히 쉬며 자세를 유지합니다,APPROVED,data/scripts/normalize_v2_0_6_form_cues.py,True,user-natural-language-ko-v2.0.6,1. 발을 어깨 너비로 벌리고 벽을 마주 서서 섭니다 2. 손바닥으로 벽을 천천히 밀어 광배근을 활성화합니다,GYM|HOME,one arm against wall,벽 짚고 한 팔 광배근 스트레칭,shoulders,ISOLATION,REPRESENTATIVE,False,,DOMAIN_APPROVED,triceps,SHOULDER|ELBOW|WRIST_HAND|UPPER_BACK|ABDOMEN,1355,gymvisual,one_arm_wall_lats_isolation_bodyweight,REPS,STRENGTH,3.0,ADULT_COMPENDIUM_PDF_2024,02056,SIMILAR_ACTIVITY,DOMAIN_APPROVED,v2.0.6-met-compendium-direct-similar-1.0.0
CALVES,90,4,15,,INTERMEDIATE,BODYWEIGHT,CALF_RAISE_STANDING,발끝과 무릎이 같은 방향을 향하게 합니다|내려올 때 발바닥 전체를 바닥에 안정적으로 둡니다,APPROVED,data/scripts/normalize_v2_0_6_form_cues.py,True,user-natural-language-ko-v2.0.6,1. 발을 어깨 너비로 벌리고 발가락을 앞으로 향하게 하고 서서 있습니다 2. 한다리를 바닥에서 들어올려 무릎을 약간 구부린 상태로 유지합니다 3. 가장 높은 지점에서 잠시 멈춘 후 발뒤꿈치를 천천히 내립니다,GYM|HOME,one leg donkey calf raise,한발 동키 카프 레이즈,hamstrings,ISOLATION,VARIANT,False,bodyweight_standing_calf_raise_isolation_bodyweight,DOMAIN_APPROVED,glutes,HIP|KNEE|ANKLE_FOOT,1386,gymvisual,one_leg_donkey_calf_raise_isolation_bodyweight,REPS,STRENGTH,3.0,ADULT_COMPENDIUM_PDF_2024,02056,SIMILAR_ACTIVITY,DOMAIN_APPROVED,v2.0.6-met-compendium-direct-similar-1.0.0
TRICEPS,60,4,15,,BEGINNER,BARBELL,TRICEPS_EXTENSION,허리를 과하게 젖히지 말고 배 주변에 가볍게 힘을 줍니다|팔을 던지듯 움직이지 말고 천천히 올리고 내립니다,APPROVED,data/scripts/normalize_v2_0_6_form_cues.py,True,user-natural-language-ko-v2.0.6,1. 발을 어깨 너비로 벌리고 서서 바벨을 손바닥이 아래를 향하도록 잡습니다 2. 팔꿈치를 머리에 가깝게 유지하면서 팔꿈치를 구부려 천천히 바벨을 머리 뒤로 내립니다 3. 잠시 멈춘 후 팔을 펴서 바벨을 시작 자세로 올려 펼칩니다,GYM,barbell standing overhead triceps extension,바벨 오버헤드 트라이셉스 익스텐션,shoulders,ISOLATION,VARIANT,False,bodyweight_kneeling_triceps_extension,DOMAIN_APPROVED,,SHOULDER|ELBOW|WRIST_HAND|UPPER_BACK,0109,gymvisual,overhead_triceps_extension_isolation_barbell,REPS,STRENGTH,3.5,ADULT_COMPENDIUM_PDF_2024,02054,SIMILAR_ACTIVITY,DOMAIN_APPROVED,v2.0.6-met-compendium-direct-similar-1.0.0
MOBILITY,30,,15,30,BEGINNER,BODYWEIGHT,OVERHEAD_TRICEPS_STRETCH,당김이 느껴지는 편안한 범위까지만 움직입니다|반동으로 늘리지 말고 숨을 편안히 쉬며 자세를 유지합니다,APPROVED,data/scripts/normalize_v2_0_6_form_cues.py,True,user-natural-language-ko-v2.0.6,1. 발을 어깨 너비로 벌리고 서 있거나 앉아 있습니다 2. 한팔을 머리 위로 펼쳐 팔꿈치에서 구부려 손이 반대편 어깨 뼈 쪽으로 가도록 합니다 3. 다른 손으로 펼친 팔의 팔꿈치를 부드럽게 머리 반대편으로 당겨 팔 뒤쪽이 늘어나는 느낌이 들도록 합니다,GYM|HOME,overhead triceps stretch,오버헤드 삼두근 스트레칭,shoulders,MOBILITY_STRETCH,REPRESENTATIVE,True,,DOMAIN_APPROVED,,SHOULDER|ELBOW,0643,gymvisual,overhead_triceps_stretch_mobility_stretch_bodyweight,DURATION,MOBILITY,2.3,ADULT_COMPENDIUM_PDF_2024,02101,DIRECT,DOMAIN_APPROVED,v2.0.6-met-compendium-direct-similar-1.0.0
CHEST,60,4,15,,BEGINNER,BODYWEIGHT,PUSH_UP,목을 손으로 당기지 말고 시선은 편안히 위쪽에 둡니다|허리가 과하게 뜨거나 처지지 않게 배 주변에 힘을 줍니다,APPROVED,data/scripts/normalize_v2_0_6_form_cues.py,True,user-natural-language-ko-v2.0.6,1. 손이 어깨 너비보다 약간 넓고 발이 함께 있으며 머리에서 발끝까지 일직선인 높은 플랭크 자세에서 시작합니다 2. 코어를 조여 팔꿈치를 구부려 가슴을 땅 쪽으로 낮추면서 몸을 일직선으로 유지합니다 3. 가슴이 땅 바로 위에 있을 때 잠깐 멈춘 후 팔을 펴서 처음 자세로 다시 올립니다 4. 어려우면 무릎을 바닥에 대고 수행하거나 내려갈 때만 천천히 버틴 뒤 무릎을 대고 올라옵니다,GYM|HOME,push-up,푸시업,triceps,HORIZONTAL_PUSH,REPRESENTATIVE,False,,DOMAIN_APPROVED,deltoids|core,SHOULDER|ELBOW|WRIST_HAND|CHEST|ABDOMEN,0662,gymvisual,push_up_horizontal_push_bodyweight,REPS,STRENGTH,3.0,ADULT_COMPENDIUM_PDF_2024,02056,SIMILAR_ACTIVITY,DOMAIN_APPROVED,v2.0.6-met-compendium-direct-similar-1.0.0
MOBILITY,30,,15,30,BEGINNER,BODYWEIGHT,ALL_FOURS_SQUAT_STRETCH,허리가 과도하게 꺾이지 않도록 배 주변에 가볍게 힘을 줍니다|몸통을 돌리지 말고 다리를 통제하며 움직입니다,APPROVED,data/videos/1512-qBcKorM.gif,True,gif-reviewed-natural-language-ko-v2.0.6,1. 손과 무릎을 바닥에 대고 네발기기 자세를 만듭니다 2. 한쪽 무릎을 굽힌 채 다리를 뒤쪽 위로 들어 올렸다가 천천히 시작 자세로 내립니다 3. 반대쪽도 같은 순서로 수행합니다,GYM|HOME,quadruped quadriceps stretch,네발 햄스트링 스트레칭,hamstrings,MOBILITY_STRETCH,REPRESENTATIVE,True,,DOMAIN_APPROVED,glutes,SHOULDER|HIP|KNEE,1512,gymvisual,quadruped_quadriceps_stretch_mobility_stretch_bodyweight,DURATION,MOBILITY,2.3,ADULT_COMPENDIUM_PDF_2024,02101,DIRECT,DOMAIN_APPROVED,v2.0.6-met-compendium-direct-similar-1.0.0
MOBILITY,30,,15,30,BEGINNER,BODYWEIGHT,REAR_DELTOID_STRETCH,당김이 느껴지는 편안한 범위까지만 움직입니다|반동으로 늘리지 말고 숨을 편안히 쉬며 자세를 유지합니다,APPROVED,data/scripts/normalize_v2_0_6_form_cues.py,True,user-natural-language-ko-v2.0.6,1. 어깨 너비로 발을 벌리고 곧게 섭니다 2. 오른팔을 왼쪽 어깨 쪽으로 부드럽게 당기며 오른쪽 어깨 뒤쪽이 늘어나는 느낌이 들도록 합니다 3. 반대쪽도 반복합니다,GYM|HOME,rear deltoid stretch,후면 어깨 스트레칭,traps,MOBILITY_STRETCH,REPRESENTATIVE,True,,DOMAIN_APPROVED,rhomboids,SHOULDER,0669,gymvisual,rear_deltoid_stretch_mobility_stretch_bodyweight,DURATION,MOBILITY,2.3,ADULT_COMPENDIUM_PDF_2024,02101,DIRECT,DOMAIN_APPROVED,v2.0.6-met-compendium-direct-similar-1.0.0
CALVES,90,4,15,,INTERMEDIATE,RESISTANCE_BAND,CALF_RAISE_REVERSE,발끝과 무릎이 같은 방향을 향하게 합니다|내려올 때 발바닥 전체를 바닥에 안정적으로 둡니다,APPROVED,data/scripts/normalize_v2_0_6_form_cues.py,True,user-natural-language-ko-v2.0.6,1. 엉덩이 너비로 발을 벌리고 서서 밴드를 발 앞부분에 감습니다 2. 천천히 발꿈치를 지면에서 들어 발 앞부분에 체중을 올립니다 3. 가장 높은 지점에서 잠시 멈춘 후 천천히 발꿈치를 시작 자세로 내립니다,GYM|HOME,band single leg reverse calf raise,리버스 카프 레이즈,hamstrings,ISOLATION,VARIANT,False,smith_reverse_calf_raises_isolation_machine,DOMAIN_APPROVED,glutes,HIP|KNEE|ANKLE_FOOT,1000,gymvisual,reverse_calf_raise_isolation_resistance_band,REPS,STRENGTH,3.5,ADULT_COMPENDIUM_PDF_2024,02054,SIMILAR_ACTIVITY,DOMAIN_APPROVED,v2.0.6-met-compendium-direct-similar-1.0.0
FOREARMS,60,4,15,,BEGINNER,BARBELL,REVERSE_WRIST_CURL,어깨가 귀 쪽으로 올라가지 않게 합니다|몸을 흔들어 반동을 만들지 말고 천천히 당깁니다,APPROVED,data/scripts/normalize_v2_0_6_form_cues.py,True,user-natural-language-ko-v2.0.6,1. 벤치에 앉아 발은 바닥에 놓습니다 2. 손목을 천천히 위로 굽히며 바벨을 몸 방향으로 올립니다 3. 상단에서 잠시 멈춘 후 천천히 바벨을 시작 자세로 내립니다,GYM,barbell reverse wrist curl,바벨 리버스 리스트 컬,biceps,ISOLATION,REPRESENTATIVE,False,,DOMAIN_APPROVED,brachialis,ELBOW|WRIST_HAND,0082,gymvisual,reverse_wrist_curl_isolation_barbell,REPS,STRENGTH,3.5,ADULT_COMPENDIUM_PDF_2024,02054,SIMILAR_ACTIVITY,DOMAIN_APPROVED,v2.0.6-met-compendium-direct-similar-1.0.0
MOBILITY,30,,15,30,BEGINNER,FOAM_ROLLER,ROLLER_BACK_STRETCH,목을 과하게 젖히지 말고 머리와 목의 긴장을 풉니다|빠르게 굴리지 말고 압박이 과하지 않은 범위에서 움직입니다,APPROVED,data/videos/2208-isofgzg.gif,True,gif-reviewed-natural-language-ko-v2.0.6,1. 폼롤러를 등 아래에 두고 바닥에 누워 발로 몸을 지지합니다 2. 등을 폼롤러 위에서 앞뒤로 천천히 움직인 뒤 시작 위치로 돌아옵니다,GYM|HOME,roller back stretch,폼롤러 등 스트레칭,hamstrings,MOBILITY_STRETCH,REPRESENTATIVE,True,,DOMAIN_APPROVED,glutes,UPPER_BACK|HIP|KNEE,2208,gymvisual,roller_back_stretch,DURATION,MOBILITY,2.3,ADULT_COMPENDIUM_PDF_2024,02101,DIRECT,DOMAIN_APPROVED,v2.0.6-met-compendium-direct-similar-1.0.0
MOBILITY,30,,15,30,BEGINNER,FOAM_ROLLER,ROLLER_HIP_STRETCH,손과 발로 몸을 안정적으로 지지해 한쪽으로 무너지지 않게 합니다|통증이 느껴질 정도로 체중을 실어 누르지 않습니다,APPROVED,data/videos/2202-oMypNrz.gif,True,gif-reviewed-natural-language-ko-v2.0.6,1. 폼롤러를 엉덩이 아래쪽에 두고 손과 발로 몸을 지지합니다 2. 폼롤러가 닿는 부위를 따라 몸을 천천히 앞뒤로 움직인 뒤 시작 위치로 돌아옵니다,GYM|HOME,roller hip stretch,폼롤러 둔근 스트레칭,hamstrings,MOBILITY_STRETCH,REPRESENTATIVE,True,,DOMAIN_APPROVED,quadriceps,HIP|KNEE|CHEST,2202,gymvisual,roller_hip_stretch,DURATION,MOBILITY,2.3,ADULT_COMPENDIUM_PDF_2024,02101,DIRECT,DOMAIN_APPROVED,v2.0.6-met-compendium-direct-similar-1.0.0
MOBILITY,30,,15,30,BEGINNER,BODYWEIGHT,RUNNERS_STRETCH,당김이 느껴지는 편안한 범위까지만 움직입니다|반동으로 늘리지 말고 숨을 편안히 쉬며 자세를 유지합니다,APPROVED,data/scripts/normalize_v2_0_6_form_cues.py,True,user-natural-language-ko-v2.0.6,1. 양 발을 엉덩이 너비로 벌려 섭니다 2. 오른쪽 무릎을 구부려 몸을 아래로 내려가되 왼쪽 다리는 곧게 유지합니다 3. 자세를 잠시 유지한 뒤 반대쪽으로 바꾸어 반복합니다,GYM|HOME,runners stretch,러너스 스트레칭,calves,MOBILITY_STRETCH,REPRESENTATIVE,True,,DOMAIN_APPROVED,quadriceps,HIP|KNEE|ANKLE_FOOT,1585,gymvisual,runners_stretch_mobility_stretch_bodyweight,DURATION,MOBILITY,2.3,ADULT_COMPENDIUM_PDF_2024,02101,DIRECT,DOMAIN_APPROVED,v2.0.6-met-compendium-direct-similar-1.0.0
BACK,90,4,15,,INTERMEDIATE,BODYWEIGHT|PULL_UP_BAR,SCAPULAR_PULL_UP,어깨가 귀 쪽으로 올라가지 않게 합니다|몸을 흔들어 반동을 만들지 말고 천천히 당깁니다,APPROVED,data/scripts/normalize_v2_0_6_form_cues.py,True,user-natural-language-ko-v2.0.6,1. 풀업 바에 매달려 손바닥이 몸을 향하게 하고 팔을 완전히 펼칩니다 2. 어깨 견갑골을 아래로 그리고 뒤로 당겨서 수축시킵니다 3. 동작의 가장 높은 지점에서 잠시 멈춘 후 천천히 몸을 시작 자세로 내려갑니다,GYM,scapular pull-up,스캐풀라 풀업,biceps,VERTICAL_PULL,REPRESENTATIVE,False,,DOMAIN_APPROVED,rhomboids|rear deltoids,SHOULDER|ELBOW|WRIST_HAND|UPPER_BACK|ABDOMEN,0688,gymvisual,scapular_pull_up_vertical_pull_bodyweight_pull_up_bar,REPS,STRENGTH,3.0,ADULT_COMPENDIUM_PDF_2024,02056,SIMILAR_ACTIVITY,DOMAIN_APPROVED,v2.0.6-met-compendium-direct-similar-1.0.0
BACK,90,4,15,,INTERMEDIATE,CABLE_MACHINE,SEATED_CABLE_ROW,어깨가 귀 쪽으로 올라가지 않게 합니다|몸을 흔들어 반동을 만들지 말고 천천히 당깁니다,APPROVED,data/scripts/normalize_v2_0_6_form_cues.py,True,user-natural-language-ko-v2.0.6,1. 케이블 로우 머신에 앉아 발을 풋레스트에 평평하게 놓고 무릎을 약간 구부립니다 2. 핸들을 몸 쪽으로 당기며 견갑골을 함께 조입니다 3. 운동의 최고점에서 잠시 멈춘 후 천천히 핸들을 시작 자세로 돌려놓습니다,GYM,cable seated row,시티드 케이블 로우 머신,biceps,HORIZONTAL_PULL,REPRESENTATIVE,False,,DOMAIN_APPROVED,forearms,SHOULDER|ELBOW|WRIST_HAND|UPPER_BACK|LOWER_BACK|HIP|KNEE|ABDOMEN,0861,gymvisual,seated_cable_row_horizontal_pull_cable_machine,REPS,STRENGTH,3.5,ADULT_COMPENDIUM_PDF_2024,02054,SIMILAR_ACTIVITY,DOMAIN_APPROVED,v2.0.6-met-compendium-direct-similar-1.0.0
CALVES,60,4,15,,BEGINNER,BARBELL,SEATED_CALF_RAISE,발끝과 무릎이 같은 방향을 향하게 합니다|내려올 때 발바닥 전체를 바닥에 안정적으로 둡니다,APPROVED,data/scripts/normalize_v2_0_6_form_cues.py,True,user-natural-language-ko-v2.0.6,1. 벤치에 앉아 발은 바닥에 놓고 바벨을 허벅지 위에 올립니다 2. 발 앞부분을 블록이나 스텝과 같은 높은 플랫폼에 올립니다 3. 상단에서 잠시 멈춘 후 천천히 발뒤꿈치를 시작 자세로 내립니다,GYM,barbell seated calf raise,바벨 시티드 카프 레이즈,hamstrings,ISOLATION,REPRESENTATIVE,False,,DOMAIN_APPROVED,quadriceps,WRIST_HAND|UPPER_BACK|LOWER_BACK|HIP|KNEE|ANKLE_FOOT|ABDOMEN,0088,gymvisual,seated_calf_raise_isolation_barbell,REPS,STRENGTH,3.5,ADULT_COMPENDIUM_PDF_2024,02054,SIMILAR_ACTIVITY,DOMAIN_APPROVED,v2.0.6-met-compendium-direct-similar-1.0.0
MOBILITY,30,,15,30,BEGINNER,BODYWEIGHT,SEATED_CALF_STRETCH,당김이 느껴지는 편안한 범위까지만 움직입니다|반동으로 늘리지 말고 숨을 편안히 쉬며 자세를 유지합니다,APPROVED,data/scripts/normalize_v2_0_6_form_cues.py,True,user-natural-language-ko-v2.0.6,1. 의자나 벤치의 끝에 앉아 발을 땅에 평평하게 놓습니다 2. 약간 앞으로 기울여 종아리가 늘어나는 느낌이 들도록 합니다,GYM|HOME,seated calf stretch (male),앉아서 종아리 스트레칭,hamstrings,MOBILITY_STRETCH,REPRESENTATIVE,True,,DOMAIN_APPROVED,,UPPER_BACK|LOWER_BACK|HIP|KNEE|ANKLE_FOOT,1390,gymvisual,seated_calf_stretch_mobility_stretch_bodyweight,DURATION,MOBILITY,2.3,ADULT_COMPENDIUM_PDF_2024,02101,DIRECT,DOMAIN_APPROVED,v2.0.6-met-compendium-direct-similar-1.0.0
MOBILITY,30,,15,30,BEGINNER,BODYWEIGHT,SEATED_GLUTE_STRETCH,당김이 느껴지는 편안한 범위까지만 움직입니다|반동으로 늘리지 말고 숨을 편안히 쉬며 자세를 유지합니다,APPROVED,data/scripts/normalize_v2_0_6_form_cues.py,True,user-natural-language-ko-v2.0.6,1. 오른쪽 무릎을 구부려 오른쪽 발목을 왼쪽 허벅지 바깥쪽에 올립니다 2. 지지를 위해 오른쪽 손을 몸 뒤 지면에 올립니다 3. 반대쪽으로 바꾸어 반복합니다,GYM|HOME,seated glute stretch,앉아서 둔근 스트레칭,hamstrings,MOBILITY_STRETCH,REPRESENTATIVE,True,,DOMAIN_APPROVED,,HIP|KNEE|ANKLE_FOOT,1424,gymvisual,seated_glute_stretch_mobility_stretch_bodyweight,DURATION,MOBILITY,2.3,ADULT_COMPENDIUM_PDF_2024,02101,DIRECT,DOMAIN_APPROVED,v2.0.6-met-compendium-direct-similar-1.0.0
HAMSTRINGS,60,4,15,,BEGINNER,MACHINE,LEG_CURL,어깨가 귀 쪽으로 올라가지 않게 합니다|몸을 흔들어 반동을 만들지 말고 천천히 당깁니다,APPROVED,data/scripts/normalize_v2_0_6_form_cues.py,True,user-natural-language-ko-v2.0.6,1. 머신을 몸에 맞게 조절하고 등받이에 등을 붙여 앉습니다 2. 위쪽 다리를 고정한 상태에서 다리를 가능한 한 높이 위로 구부립니다 3. 천천히 레버를 시작 자세로 내립니다,GYM,lever seated leg curl,레그 컬 머신,calves,KNEE_FLEXION,VARIANT,False,lever_lying_leg_curl,DOMAIN_APPROVED,,HIP|KNEE|ANKLE_FOOT,0599,gymvisual,seated_leg_curl_knee_flexion_machine,REPS,STRENGTH,3.5,ADULT_COMPENDIUM_PDF_2024,02054,SIMILAR_ACTIVITY,DOMAIN_APPROVED,v2.0.6-met-compendium-direct-similar-1.0.0
MOBILITY,30,,15,30,BEGINNER,BODYWEIGHT,SEATED_LOWER_BACK_STRETCH,당김이 느껴지는 편안한 범위까지만 움직입니다|반동으로 늘리지 말고 숨을 편안히 쉬며 자세를 유지합니다,APPROVED,data/scripts/normalize_v2_0_6_form_cues.py,True,user-natural-language-ko-v2.0.6,1. 의자의 끝에 앉아 발을 땅에 평평하게 놓습니다 2. 지지를 위해 양 손을 허벅지 또는 의자의 옆에 올립니다 3. 천천히 엉덩이에서 접으며 등을 곧게 유지합니다,GYM|HOME,seated lower back stretch,앉아서 허리 스트레칭,glutes,MOBILITY_STRETCH,REPRESENTATIVE,True,,DOMAIN_APPROVED,hamstrings,UPPER_BACK|LOWER_BACK|HIP|KNEE,0690,gymvisual,seated_lower_back_stretch_mobility_stretch_bodyweight,DURATION,MOBILITY,2.3,ADULT_COMPENDIUM_PDF_2024,02101,DIRECT,DOMAIN_APPROVED,v2.0.6-met-compendium-direct-similar-1.0.0
MOBILITY,30,,15,30,BEGINNER,BODYWEIGHT,SEATED_PIRIFORMIS_STRETCH,당김이 느껴지는 편안한 범위까지만 움직입니다|반동으로 늘리지 말고 숨을 편안히 쉬며 자세를 유지합니다,APPROVED,data/scripts/normalize_v2_0_6_form_cues.py,True,user-natural-language-ko-v2.0.6,1. 오른쪽 무릎을 구부려 오른쪽 발을 왼쪽 무릎의 바깥쪽에 놓습니다 2. 왼쪽 팔꿈치를 오른쪽 무릎의 바깥쪽에 놓고 부드럽게 상체를 오른쪽으로 회전합니다 3. 자세를 잠시 유지한 뒤 반대쪽으로 바꾸어 반복합니다,GYM|HOME,seated piriformis stretch,앉아서 이상근 스트레칭,hamstrings,MOBILITY_STRETCH,REPRESENTATIVE,True,,DOMAIN_APPROVED,,ELBOW|UPPER_BACK|LOWER_BACK|HIP|KNEE|ANKLE_FOOT,2567,gymvisual,seated_piriformis_stretch_mobility_stretch_bodyweight,DURATION,MOBILITY,2.3,ADULT_COMPENDIUM_PDF_2024,02101,DIRECT,DOMAIN_APPROVED,v2.0.6-met-compendium-direct-similar-1.0.0
SHOULDERS,90,4,15,,INTERMEDIATE,DUMBBELL,SEATED_SHOULDER_PRESS,허리를 과하게 젖히지 말고 배 주변에 가볍게 힘을 줍니다|팔을 던지듯 움직이지 말고 천천히 올리고 내립니다,APPROVED,data/scripts/normalize_v2_0_6_form_cues.py,True,user-natural-language-ko-v2.0.6,1. 벤치에 앉아 각 손에 덤벨을 들어 허벅지에 올립니다 2. 덤벨을 어깨 높이까지 올려 손바닥이 앞을 향하도록 합니다 3. 꼭대기에서 잠깐 멈추었다가 덤벨을 어깨 높이로 천천히 내립니다,GYM|HOME,dumbbell seated shoulder press,숄더 프레스,triceps,VERTICAL_PUSH,REPRESENTATIVE,False,,DOMAIN_APPROVED,upper back,SHOULDER|ELBOW|WRIST_HAND|UPPER_BACK|HIP|KNEE,0405,gymvisual,seated_shoulder_press_vertical_push_dumbbell,REPS,STRENGTH,3.5,ADULT_COMPENDIUM_PDF_2024,02054,SIMILAR_ACTIVITY,DOMAIN_APPROVED,v2.0.6-met-compendium-direct-similar-1.0.0
MOBILITY,30,,15,30,BEGINNER,BODYWEIGHT,SEATED_WIDE_ANGLE_STRETCH,무릎을 완전히 잠그지 않고 편안한 범위에서 다리를 폅니다|상체를 억지로 끌어내리지 말고 천천히 기울입니다,APPROVED,data/videos/1587-HIgYKAB.gif,True,gif-reviewed-natural-language-ko-v2.0.6,1. 바닥에 앉아 다리를 넓게 벌리고 무릎을 편안히 폅니다 2. 상체를 한쪽 다리 쪽으로 기울였다가 가운데로 돌아오며 반대쪽도 같은 방식으로 수행합니다,GYM|HOME,seated wide angle pose sequence,앉아서 허벅지 안쪽 스트레칭,quadriceps,MOBILITY_STRETCH,REPRESENTATIVE,True,,DOMAIN_APPROVED,calves,UPPER_BACK|LOWER_BACK|HIP|KNEE|ANKLE_FOOT,1587,gymvisual,seated_wide_angle_stretch_mobility_stretch_bodyweight,DURATION,MOBILITY,2.3,ADULT_COMPENDIUM_PDF_2024,02101,DIRECT,DOMAIN_APPROVED,v2.0.6-met-compendium-direct-similar-1.0.0
MOBILITY,30,,15,30,BEGINNER,BODYWEIGHT,SIDE_LYING_QUADRICEPS_STRETCH,골반이 뒤로 넘어가지 않도록 옆으로 누운 자세를 유지합니다|다리를 억지로 끝까지 당기지 않습니다,APPROVED,data/videos/0613-BWnJR72.gif,True,gif-reviewed-natural-language-ko-v2.0.6,1. 옆으로 누워 아래쪽 팔로 머리를 받칩니다 2. 위쪽 다리를 편안한 범위에서 뒤로 움직여 허벅지 뒤쪽의 당김을 느낀 뒤 천천히 돌아옵니다,GYM|HOME,lying (side) quads stretch,옆으로 누워 햄스트링 스트레칭,hamstrings,MOBILITY_STRETCH,REPRESENTATIVE,True,,DOMAIN_APPROVED,,WRIST_HAND|HIP|KNEE|ANKLE_FOOT,0613,gymvisual,side_lying_quadriceps_stretch_mobility_stretch_bodyweight,DURATION,MOBILITY,2.3,ADULT_COMPENDIUM_PDF_2024,02101,DIRECT,DOMAIN_APPROVED,v2.0.6-met-compendium-direct-similar-1.0.0
MOBILITY,30,,15,30,BEGINNER,BODYWEIGHT,SIDE_WRIST_PULL_STRETCH,당김이 느껴지는 편안한 범위까지만 움직입니다|반동으로 늘리지 말고 숨을 편안히 쉬며 자세를 유지합니다,APPROVED,data/scripts/normalize_v2_0_6_form_cues.py,True,user-natural-language-ko-v2.0.6,1. 발을 어깨너비로 벌리고 팔을 앞으로 펼쳐 섭니다 2. 오른팔을 옆으로 펴 땅과 평행하게 하고 손바닥은 아래를 향합니다 3. 반대쪽에서 반복합니다,GYM|HOME,side wrist pull stretch,손목 당기기 스트레칭,wrists,MOBILITY_STRETCH,REPRESENTATIVE,True,,DOMAIN_APPROVED,hands,SHOULDER|ELBOW|WRIST_HAND,0721,gymvisual,side_wrist_pull_stretch_mobility_stretch_bodyweight,DURATION,MOBILITY,2.3,ADULT_COMPENDIUM_PDF_2024,02101,DIRECT,DOMAIN_APPROVED,v2.0.6-met-compendium-direct-similar-1.0.0
CALVES,90,4,15,,INTERMEDIATE,MACHINE,CALF_RAISE_REVERSE,발끝과 무릎이 같은 방향을 향하게 합니다|내려올 때 발바닥 전체를 바닥에 안정적으로 둡니다,APPROVED,data/scripts/normalize_v2_0_6_form_cues.py,True,user-natural-language-ko-v2.0.6,1. 바를 마주보고 발을 엉덩이너비로 벌려 발끝을 앞쪽을 향하게 섭니다 2. 발의 앞부분을 스텝이나 플랫폼의 가장자리에 올리고 발뒤꿈치를 내리게 합니다 3. 가장 높은 지점에서 잠깐 멈춘 후 발뒤꿈치를 천천히 시작 자세로 내립니다,GYM,smith reverse calf raises,스미스 리버스 카프 레이즈 머신,hamstrings,ISOLATION,REPRESENTATIVE,False,,DOMAIN_APPROVED,,HIP|KNEE|ANKLE_FOOT,0763,gymvisual,smith_reverse_calf_raises_isolation_machine,REPS,STRENGTH,3.5,ADULT_COMPENDIUM_PDF_2024,02054,SIMILAR_ACTIVITY,DOMAIN_APPROVED,v2.0.6-met-compendium-direct-similar-1.0.0
MOBILITY,30,,15,30,BEGINNER,BODYWEIGHT,SPINE_STRETCH,당김이 느껴지는 편안한 범위까지만 움직입니다|반동으로 늘리지 말고 숨을 편안히 쉬며 자세를 유지합니다,APPROVED,data/scripts/normalize_v2_0_6_form_cues.py,True,user-natural-language-ko-v2.0.6,1. 바닥에 앉아서 다리를 앞으로 펼칩니다 2. 복부에 힘을 주고 등을 펴진 상태로 천천히 뒤로 기울입니다 3. 자세를 잠시 유지한 뒤 천천히 시작 자세로 돌아옵니다,GYM|HOME,spine stretch,척추 스트레칭,hamstrings,MOBILITY_STRETCH,REPRESENTATIVE,True,,DOMAIN_APPROVED,glutes,WRIST_HAND|UPPER_BACK|LOWER_BACK|HIP|KNEE|ABDOMEN,1363,gymvisual,spine_stretch_mobility_stretch_bodyweight,DURATION,MOBILITY,2.3,ADULT_COMPENDIUM_PDF_2024,02101,DIRECT,DOMAIN_APPROVED,v2.0.6-met-compendium-direct-similar-1.0.0
MOBILITY,30,,15,30,BEGINNER,BODYWEIGHT,STANDING_LATERAL_STRETCH,당김이 느껴지는 편안한 범위까지만 움직입니다|반동으로 늘리지 말고 숨을 편안히 쉬며 자세를 유지합니다,APPROVED,data/scripts/normalize_v2_0_6_form_cues.py,True,user-natural-language-ko-v2.0.6,1. 발을 어깨너비로 벌리고 무릎을 약간 구부린 상태로 서 있습니다 2. 옆구리와 등 근육에 늘어남을 느끼면서 상체를 한쪽 방향으로 천천히 몸을 기울입니다 3. 시작 자세로 돌아와 다른 쪽에서 반복합니다 4. 반대쪽도 같은 순서로 수행합니다,GYM|HOME,standing lateral stretch,서서 옆구리 스트레칭,shoulders,MOBILITY_STRETCH,REPRESENTATIVE,True,,DOMAIN_APPROVED,obliques,UPPER_BACK|LOWER_BACK|HIP|KNEE|ABDOMEN,0794,gymvisual,standing_lateral_stretch_mobility_stretch_bodyweight,DURATION,MOBILITY,2.3,ADULT_COMPENDIUM_PDF_2024,02101,DIRECT,DOMAIN_APPROVED,v2.0.6-met-compendium-direct-similar-1.0.0
MOBILITY,30,,15,30,BEGINNER,BODYWEIGHT,TRICEPS_STRETCH,당김이 느껴지는 편안한 범위까지만 움직입니다|반동으로 늘리지 말고 숨을 편안히 쉬며 자세를 유지합니다,APPROVED,data/scripts/normalize_v2_0_6_form_cues.py,True,user-natural-language-ko-v2.0.6,1. 서거나 앉은 상태에서 등을 곧게 펴고 섭니다 2. 한쪽 팔을 머리 위로 쭉 뻗어 팔꿈치를 구부립니다 3. 반대쪽 손을 팔꿈치에 놓고 머리 쪽으로 부드럽게 당깁니다,GYM|HOME,triceps stretch,삼두근 스트레칭,shoulders,MOBILITY_STRETCH,REPRESENTATIVE,True,,DOMAIN_APPROVED,,SHOULDER|ELBOW,0817,gymvisual,triceps_stretch_mobility_stretch_bodyweight,DURATION,MOBILITY,2.3,ADULT_COMPENDIUM_PDF_2024,02101,DIRECT,DOMAIN_APPROVED,v2.0.6-met-compendium-direct-similar-1.0.0
MOBILITY,30,,15,30,BEGINNER,BODYWEIGHT,UPPER_BACK_STRETCH,당김이 느껴지는 편안한 범위까지만 움직입니다|반동으로 늘리지 말고 숨을 편안히 쉬며 자세를 유지합니다,APPROVED,data/scripts/normalize_v2_0_6_form_cues.py,True,user-natural-language-ko-v2.0.6,1. 발을 어깨너비만큼 떨어뜨리고 곧게 섭니다 2. 팔을 머리 위로 천천히 들어올립니다 팔은 곧게 유지하고 서로 평행하게 합니다 3. 팔을 올리면서 어깨뼈를 함께 조여줍니다,GYM|HOME,upper back stretch,상부 등 스트레칭,shoulders,MOBILITY_STRETCH,REPRESENTATIVE,True,,DOMAIN_APPROVED,,SHOULDER|WRIST_HAND|UPPER_BACK,1365,gymvisual,upper_back_stretch_mobility_stretch_bodyweight,DURATION,MOBILITY,2.3,ADULT_COMPENDIUM_PDF_2024,02101,DIRECT,DOMAIN_APPROVED,v2.0.6-met-compendium-direct-similar-1.0.0
MOBILITY,30,,15,30,BEGINNER,BODYWEIGHT,WALL_CALF_STRETCH,당김이 느껴지는 편안한 범위까지만 움직입니다|반동으로 늘리지 말고 숨을 편안히 쉬며 자세를 유지합니다,APPROVED,data/scripts/normalize_v2_0_6_form_cues.py,True,user-natural-language-ko-v2.0.6,1. 벽을 향해 서서 발을 엉덩이 너비로 떨어뜨립니다 2. 왼쪽 무릎을 구부리고 앞으로 기울어지면서 뒤쪽 다리를 곧게 펴고 발뒤꿈치를 지면에 붙입니다 3. 반대쪽도 같은 순서로 수행합니다,GYM|HOME,calf stretch with hands against wall,벽 짚고 종아리 스트레칭,hamstrings,MOBILITY_STRETCH,REPRESENTATIVE,True,,DOMAIN_APPROVED,,SHOULDER|HIP|KNEE|ANKLE_FOOT,1377,gymvisual,wall_calf_stretch_mobility_stretch_bodyweight,DURATION,MOBILITY,2.3,ADULT_COMPENDIUM_PDF_2024,02101,DIRECT,DOMAIN_APPROVED,v2.0.6-met-compendium-direct-similar-1.0.0
MOBILITY,30,,15,30,BEGINNER,BODYWEIGHT,WORLD_GREATEST_STRETCH,앞무릎이 발끝 안쪽으로 무너지지 않게 합니다|상체를 돌릴 때 허리를 비틀어 반동을 만들지 않습니다,APPROVED,data/videos/1604-DFGXwZr.gif,True,gif-reviewed-natural-language-ko-v2.0.6,1. 한쪽 발을 앞으로 크게 내디뎌 런지 자세를 만들고 양손을 앞발 안쪽 바닥에 둡니다 2. 한 손을 들어 상체를 회전한 뒤 손을 바닥으로 돌리고 반대쪽도 수행합니다,GYM|HOME,world greatest stretch,런지 스트레칭,glutes,MOBILITY_STRETCH,REPRESENTATIVE,True,,DOMAIN_APPROVED,quadriceps|calves,SHOULDER|WRIST_HAND|UPPER_BACK|LOWER_BACK|HIP|KNEE|ANKLE_FOOT|ABDOMEN,1604,gymvisual,world_greatest_stretch_mobility_stretch_bodyweight,DURATION,MOBILITY,2.3,ADULT_COMPENDIUM_PDF_2024,02101,DIRECT,DOMAIN_APPROVED,v2.0.6-met-compendium-direct-similar-1.0.0
MOBILITY,30,,15,30,BEGINNER,BODYWEIGHT,WRIST_CIRCLES,당김이 느껴지는 편안한 범위까지만 움직입니다|반동으로 늘리지 말고 숨을 편안히 쉬며 자세를 유지합니다,APPROVED,data/scripts/normalize_v2_0_6_form_cues.py,True,user-natural-language-ko-v2.0.6,1. 팔을 앞으로 곧게 뻗습니다 2. 팔을 고정하고 손목을 원형 운동으로 회전합니다,GYM|HOME,wrist circles,손목 돌리기,hands,MOBILITY_STRETCH,REPRESENTATIVE,True,,DOMAIN_APPROVED,wrists,SHOULDER|ELBOW|WRIST_HAND,1428,gymvisual,wrist_circles_mobility_stretch_bodyweight,DURATION,MOBILITY,2.3,ADULT_COMPENDIUM_PDF_2024,02101,DIRECT,DOMAIN_APPROVED,v2.0.6-met-compendium-direct-similar-1.0.0
FOREARMS,60,4,15,,BEGINNER,BARBELL,WRIST_CURL,어깨가 귀 쪽으로 올라가지 않게 합니다|몸을 흔들어 반동을 만들지 말고 천천히 당깁니다,APPROVED,data/scripts/normalize_v2_0_6_form_cues.py,True,user-natural-language-ko-v2.0.6,1. 벤치에 앉아 발을 땅에 디디고 팔뚝을 허벅지 위에 올린 상태에서 손바닥이 위를 향하도록 바벨을 잡습니다 2. 손목을 굽혀 바벨을 팔뚝 쪽으로 천천히 들어올립니다 3. 가장 높은 지점에서 잠깐 멈춘 후 천천히 바벨을 시작 자세로 내립니다,GYM,barbell wrist curl,바벨 리스트 컬,biceps,ISOLATION,REPRESENTATIVE,False,,DOMAIN_APPROVED,brachialis,ELBOW|WRIST_HAND,0126,gymvisual,wrist_curl_isolation_barbell,REPS,STRENGTH,3.5,ADULT_COMPENDIUM_PDF_2024,02054,SIMILAR_ACTIVITY,DOMAIN_APPROVED,v2.0.6-met-compendium-direct-similar-1.0.0
CORE,60,4,15,,BEGINNER,BODYWEIGHT,45_DEGREE_SIDE_BEND,목과 허리를 과하게 꺾지 말고 편안한 자세를 유지합니다|반동을 쓰지 말고 천천히 움직입니다,APPROVED,data/scripts/normalize_v2_0_6_form_cues.py,True,user-natural-language-ko-v2.0.6,1. 발을 어깨 넓이로 벌리고 팔을 양쪽에 내려 펼칩니다 2. 등을 곧게 펴고 복근을 긴장시킨 상태에서 천천히 몸통을 한쪽으로 구부려 손을 무릎 쪽으로 내립니다 3. 맨 아래에서 잠깐 멈췄다가 천천히 시작 자세로 돌아옵니다,GYM,45° side bend,45도 사이드 벤드,obliques,CORE_BRACE,REPRESENTATIVE,,,DOMAIN_APPROVED,,UPPER_BACK|LOWER_BACK|KNEE|ABDOMEN,0002,gymvisual,45_degree_side_bend,REPS,STRENGTH,3.0,ADULT_COMPENDIUM_PDF_2024,02056,SIMILAR_ACTIVITY,DOMAIN_APPROVED,v2.0.6-met-compendium-direct-similar-1.0.0
CORE,60,4,15,,BEGINNER,BODYWEIGHT,ALTERNATE_HEEL_TOUCHERS,목을 손으로 당기지 않고 시선은 위쪽에 둡니다|어깨를 바닥에서 과하게 들어 올리지 않습니다,APPROVED,data/videos/0006-qaZVsGk.gif,True,gif-reviewed-natural-language-ko-v2.0.6,1. 무릎을 굽혀 바닥에 누워 팔을 몸 옆에 둡니다 2. 상체를 살짝 들어 한쪽 손으로 같은 쪽 발뒤꿈치를 향해 움직인 뒤 반대쪽으로 번갈아 반복합니다,GYM|HOME,alternate heel touchers,좌우 발뒤꿈치 터치,obliques,ISOLATION,REPRESENTATIVE,,,DOMAIN_APPROVED,,SHOULDER|UPPER_BACK|LOWER_BACK|KNEE|ANKLE_FOOT|ABDOMEN,0006,gymvisual,alternate_heel_touchers,REPS,STRENGTH,3.0,ADULT_COMPENDIUM_PDF_2024,02056,SIMILAR_ACTIVITY,DOMAIN_APPROVED,v2.0.6-met-compendium-direct-similar-1.0.0
BACK,90,4,15,,INTERMEDIATE,CABLE_MACHINE,LAT_PULLDOWN,당길 때 몸통을 뒤로 과하게 젖히지 않습니다|무게가 올라갈 때 어깨가 으쓱하지 않게 합니다,APPROVED,data/videos/0007-4IKbhHV.gif,True,gif-reviewed-natural-language-ko-v2.0.6,1. 케이블 머신에 앉아 한 손으로 손잡이를 잡고 팔을 위로 뻗습니다 2. 팔꿈치를 옆구리 쪽으로 당겼다가 천천히 올리며 반대쪽도 동일하게 수행합니다,GYM,alternate lateral pulldown,좌우 레터럴 풀다운,biceps,VERTICAL_PULL,REPRESENTATIVE,,,DOMAIN_APPROVED,rhomboids,SHOULDER|ELBOW|WRIST_HAND|UPPER_BACK|LOWER_BACK,0007,gymvisual,alternate_lateral_pulldown,REPS,STRENGTH,3.5,ADULT_COMPENDIUM_PDF_2024,02054,SIMILAR_ACTIVITY,DOMAIN_APPROVED,v2.0.6-met-compendium-direct-similar-1.0.0
BACK,60,4,15,,BEGINNER,MACHINE,PULL_UP,발판이나 무릎 패드에 올라갈 때 기구가 흔들리지 않게 합니다|반동으로 몸을 올리지 않고 내려올 때도 천천히 통제합니다,APPROVED,data/videos/0017-kiJ4Z2K.gif,True,gif-reviewed-natural-language-ko-v2.0.6,1. 보조 풀업 머신의 발판이나 무릎 패드에 올라가 바를 잡습니다 2. 팔꿈치를 아래로 당겨 몸을 들어 올린 뒤 천천히 팔을 펴 시작 자세로 돌아옵니다,GYM,assisted pull-up,어시스트 풀업,biceps,VERTICAL_PULL,REPRESENTATIVE,,,DOMAIN_APPROVED,forearms,ELBOW|WRIST_HAND|UPPER_BACK,0017,gymvisual,assisted_pull_up,REPS,STRENGTH,3.5,ADULT_COMPENDIUM_PDF_2024,02054,SIMILAR_ACTIVITY,DOMAIN_APPROVED,v2.0.6-met-compendium-direct-similar-1.0.0
TRICEPS,60,4,15,,BEGINNER,MACHINE,DIP,어깨가 앞으로 과하게 말리지 않도록 가슴을 편안히 세웁니다|팔꿈치를 갑자기 잠그지 않고 부드럽게 폅니다,APPROVED,data/videos/0019-J60bN17.gif,True,gif-reviewed-natural-language-ko-v2.0.6,1. 보조 딥스 머신의 무릎 패드에 올라가 손잡이를 잡습니다 2. 팔꿈치를 굽혀 몸을 내렸다가 손잡이를 밀어 팔을 펴며 시작 자세로 돌아옵니다,GYM,assisted triceps dip (kneeling),어시스트 딥스,chest,HORIZONTAL_PUSH,REPRESENTATIVE,,,DOMAIN_APPROVED,shoulders,SHOULDER|ELBOW|WRIST_HAND|UPPER_BACK|KNEE|CHEST,0019,gymvisual,assisted_triceps_dip_kneeling,REPS,STRENGTH,3.5,ADULT_COMPENDIUM_PDF_2024,02054,SIMILAR_ACTIVITY,DOMAIN_APPROVED,v2.0.6-met-compendium-direct-similar-1.0.0
BACK,90,4,15,,INTERMEDIATE,BARBELL,BARBELL_PULLOVER_TO_PRESS,팔꿈치와 손목을 과하게 꺾지 않게 합니다|몸통을 흔들어 반동을 만들지 말고 천천히 밀고 돌아옵니다,APPROVED,data/scripts/normalize_v2_0_6_form_cues.py,True,user-natural-language-ko-v2.0.6,1. 벤치 위에 누워 머리는 한쪽 끝에 발은 바닥에 놓습니다 2. 팔을 곧게 펴면서 바벨을 호 모양으로 머리 뒤로 내리되 등이 당기는 느낌이 들 때까지 내립니다 3. 잠깐 멈춘 후 동작을 역으로 하여 바벨을 가슴 위의 시작 자세로 밀어올립니다 4. 반대쪽도 같은 순서로 수행합니다,GYM,barbell pullover to press,바벨 풀오버 투 프레스,triceps,ISOLATION,REPRESENTATIVE,,,DOMAIN_APPROVED,chest|shoulders,SHOULDER|ELBOW|WRIST_HAND|UPPER_BACK|CHEST,0022,gymvisual,barbell_pullover_to_press,REPS,STRENGTH,3.5,ADULT_COMPENDIUM_PDF_2024,02054,SIMILAR_ACTIVITY,DOMAIN_APPROVED,v2.0.6-met-compendium-direct-similar-1.0.0
QUADRICEPS,90,4,15,,INTERMEDIATE,BARBELL,SQUAT,무릎이 발끝과 같은 방향을 향하게 하고 안쪽으로 무너지지 않게 합니다|발바닥 전체로 바닥을 밀어 몸을 일으킵니다,APPROVED,data/scripts/normalize_v2_0_6_form_cues.py,True,user-natural-language-ko-v2.0.6,1. 랙에서 등을 돌려 어깨 너비로 발을 벌리고 섭니다 2. 무릎을 구부려 몸을 스쿼트 자세로 내리되 등을 곧게 펴고 가슴을 들어 올립니다 3. 맨 아래에서 잠시 멈춘 후 발꿈치를 통해 밀어 시작 자세로 돌아옵니다,GYM,barbell bench squat,바벨 벤치 스쿼트,glutes,KNEE_DOMINANT,VARIANT,,bodyweight_squat,DOMAIN_APPROVED,hamstrings|calves,WRIST_HAND|UPPER_BACK|LOWER_BACK|HIP|KNEE|ANKLE_FOOT|CHEST,0026,gymvisual,barbell_bench_squat,REPS,STRENGTH,5.0,ADULT_COMPENDIUM_PDF_2024,02052,SIMILAR_ACTIVITY,DOMAIN_APPROVED,v2.0.6-met-compendium-direct-similar-1.0.0
BACK,90,4,15,,INTERMEDIATE,BARBELL,BENT_OVER_ROW,어깨가 귀 쪽으로 올라가지 않게 합니다|몸을 흔들어 반동을 만들지 말고 천천히 당깁니다,APPROVED,data/scripts/normalize_v2_0_6_form_cues.py,True,user-natural-language-ko-v2.0.6,1. 발을 어깨넓이로 벌리고 무릎을 약간 구부린 상태로 섭니다 2. 어깨뼈를 뒤로 당기면서 등 근육을 수축시켜 바벨을 아래 가슴 쪽으로 당깁니다 3. 가장 높은 지점에서 잠시 멈춘 후 천천히 바벨을 시작 자세로 내립니다,GYM,barbell bent over row,바벨 벤트오버 로우,biceps,HORIZONTAL_PULL,VARIANT,,dumbbell_bent_over_row,DOMAIN_APPROVED,forearms,SHOULDER|ELBOW|WRIST_HAND|UPPER_BACK|LOWER_BACK|KNEE|CHEST,0027,gymvisual,barbell_bent_over_row,REPS,STRENGTH,3.5,ADULT_COMPENDIUM_PDF_2024,02054,SIMILAR_ACTIVITY,DOMAIN_APPROVED,v2.0.6-met-compendium-direct-similar-1.0.0
BICEPS,60,4,15,,BEGINNER,BARBELL,BICEPS_CURL,어깨가 귀 쪽으로 올라가지 않게 합니다|몸을 흔들어 반동을 만들지 말고 천천히 당깁니다,APPROVED,data/scripts/normalize_v2_0_6_form_cues.py,True,user-natural-language-ko-v2.0.6,1. 발을 어깨넓이로 벌리고 서서 손가락이 앞을 향하도록 바벨을 잡고 손바닥이 앞을 향하게 합니다 2. 이두근이 완전히 수축되어 바벨이 어깨 높이에 올 때까지 계속 올립니다 3. 천천히 바벨을 시작 자세로 내립니다,GYM,barbell curl,바벨 컬,forearms,ISOLATION,VARIANT,,dumbbell_standing_curl_isolation_dumbbell,DOMAIN_APPROVED,,SHOULDER|ELBOW|WRIST_HAND,0031,gymvisual,barbell_curl,REPS,STRENGTH,3.5,ADULT_COMPENDIUM_PDF_2024,02054,SIMILAR_ACTIVITY,DOMAIN_APPROVED,v2.0.6-met-compendium-direct-similar-1.0.0
BACK,90,4,15,,INTERMEDIATE,BARBELL,BARBELL_DECLINE_BENT_ARM_PULLOVER,어깨가 귀 쪽으로 올라가지 않게 합니다|몸을 흔들어 반동을 만들지 말고 천천히 당깁니다,APPROVED,data/scripts/normalize_v2_0_6_form_cues.py,True,user-natural-language-ko-v2.0.6,1. 머리가 허리보다 아래에 위치하도록 하강 벤치에 누우면서 발을 고정합니다 2. 팔을 약간 구부린 상태로 제어된 동작으로 바벨을 머리 뒤로 내립니다 3. 잠시 멈춘 후 광배근을 수축시키면서 바벨을 시작 자세로 올립니다,GYM,barbell decline bent arm pullover,바벨 디클라인 벤트암 풀오버,triceps,ISOLATION,REPRESENTATIVE,,,DOMAIN_APPROVED,chest,ELBOW|WRIST_HAND|UPPER_BACK|LOWER_BACK|CHEST|ABDOMEN,0034,gymvisual,barbell_decline_bent_arm_pullover,REPS,STRENGTH,3.5,ADULT_COMPENDIUM_PDF_2024,02054,SIMILAR_ACTIVITY,DOMAIN_APPROVED,v2.0.6-met-compendium-direct-similar-1.0.0
TRICEPS,90,4,15,,INTERMEDIATE,BARBELL,BARBELL_DECLINE_CLOSE_GRIP_TO_SKULL_PRESS,팔꿈치와 손목을 과하게 꺾지 않게 합니다|몸통을 흔들어 반동을 만들지 말고 천천히 밀고 돌아옵니다,APPROVED,data/scripts/normalize_v2_0_6_form_cues.py,True,user-natural-language-ko-v2.0.6,1. 머리가 발보다 아래에 위치하도록 하강 벤치에 누워 좁은 그립으로 바벨을 잡습니다 2. 팔꿈치를 구부려 바벨을 이마 쪽으로 내리면서 상박을 고정된 상태로 유지합니다 3. 잠시 멈춘 후 팔을 펼쳐 바벨을 시작 자세로 올립니다,GYM,barbell decline close grip to skull press,바벨 디클라인 클로즈그립 스컬 프레스,chest,ISOLATION,REPRESENTATIVE,,,DOMAIN_APPROVED,shoulders,SHOULDER|ELBOW|WRIST_HAND|CHEST,0035,gymvisual,barbell_decline_close_grip_to_skull_press,REPS,STRENGTH,3.5,ADULT_COMPENDIUM_PDF_2024,02054,SIMILAR_ACTIVITY,DOMAIN_APPROVED,v2.0.6-met-compendium-direct-similar-1.0.0
GLUTES,90,4,15,,INTERMEDIATE,BARBELL,SQUAT,무릎이 발끝과 같은 방향을 향하게 하고 안쪽으로 무너지지 않게 합니다|발바닥 전체로 바닥을 밀어 몸을 일으킵니다,APPROVED,data/scripts/normalize_v2_0_6_form_cues.py,True,user-natural-language-ko-v2.0.6,1. 발을 어깨넓이로 벌리고 발가락을 약간 바깥쪽으로 향하게 섭니다 2. 무릎과 허리를 구부려 의자에 앉는 것처럼 허리를 뒤로 내립니다 3. 넓적다리가 바닥과 평행하거나 약간 아래까지 내려갑니다,GYM,barbell full squat,바벨 풀 스쿼트,quadriceps,KNEE_DOMINANT,VARIANT,,bodyweight_squat,DOMAIN_APPROVED,hamstrings|calves|core,LOWER_BACK|HIP|KNEE|ANKLE_FOOT|CHEST|ABDOMEN,0043,gymvisual,barbell_full_squat,REPS,STRENGTH,5.0,ADULT_COMPENDIUM_PDF_2024,02052,SIMILAR_ACTIVITY,DOMAIN_APPROVED,v2.0.6-met-compendium-direct-similar-1.0.0
HAMSTRINGS,90,4,15,,INTERMEDIATE,BARBELL,GOOD_MORNING,허리를 둥글게 말지 말고 배 주변에 가볍게 힘을 줍니다|발바닥 전체로 바닥을 누르며 엉덩이 움직임을 만듭니다,APPROVED,data/scripts/normalize_v2_0_6_form_cues.py,True,user-natural-language-ko-v2.0.6,1. 양발을 어깨너비로 벌리고 서서 바벨을 상부 등 위에 올립니다 2. 몸통이 바닥과 평행할 때까지 내려가며 허벅지 뒤쪽이 늘어나는 느낌이 들도록 합니다 3. 잠깐 멈춘 후 둔근을 조이고 엉덩이를 앞으로 밀어 시작 자세로 돌아옵니다,GYM,barbell good morning,바벨 굿모닝,lower back,HIP_DOMINANT,VARIANT,,smith_bent_knee_good_morning,DOMAIN_APPROVED,,UPPER_BACK|LOWER_BACK|HIP|KNEE|ABDOMEN,0044,gymvisual,barbell_good_morning,REPS,STRENGTH,5.0,ADULT_COMPENDIUM_PDF_2024,02052,SIMILAR_ACTIVITY,DOMAIN_APPROVED,v2.0.6-met-compendium-direct-similar-1.0.0
CHEST,90,4,15,,INTERMEDIATE,BARBELL,CHEST_PRESS,팔꿈치와 손목을 과하게 꺾지 않게 합니다|몸통을 흔들어 반동을 만들지 말고 천천히 밀고 돌아옵니다,APPROVED,data/scripts/normalize_v2_0_6_form_cues.py,True,user-natural-language-ko-v2.0.6,1. 벤치에 누워 양발을 바닥에 놓습니다 2. 바벨을 랙에서 꺼내 천천히 가슴 쪽으로 내리면서 팔꿈치를 45도 각도로 유지합니다 3. 하단에서 잠깐 멈춘 후 바벨을 시작 자세로 밀어 올립니다,GYM,barbell incline bench press,바벨 인클라인 벤치 프레스,shoulders,HORIZONTAL_PUSH,VARIANT,,smith_bench_press,DOMAIN_APPROVED,triceps,SHOULDER|ELBOW|WRIST_HAND|CHEST,0047,gymvisual,barbell_incline_bench_press,REPS,STRENGTH,3.5,ADULT_COMPENDIUM_PDF_2024,02054,SIMILAR_ACTIVITY,DOMAIN_APPROVED,v2.0.6-met-compendium-direct-similar-1.0.0
BACK,90,4,15,,INTERMEDIATE,BARBELL,INCLINE_ROW,어깨가 귀 쪽으로 올라가지 않게 합니다|몸을 흔들어 반동을 만들지 말고 천천히 당깁니다,APPROVED,data/scripts/normalize_v2_0_6_form_cues.py,True,user-natural-language-ko-v2.0.6,1. 벤치에 엎드려 가슴이 패드에 닿게 하고 양발을 바닥에 놓습니다 2. 바벨을 가슴 쪽으로 당기면서 어깨 날개뼈를 모아줍니다 3. 가장 높은 지점에서 잠깐 멈춘 후 바벨을 천천히 시작 자세로 내립니다,GYM,barbell incline row,바벨 인클라인 로우,biceps,HORIZONTAL_PULL,VARIANT,,dumbbell_incline_row,DOMAIN_APPROVED,forearms,SHOULDER|ELBOW|WRIST_HAND|UPPER_BACK|LOWER_BACK|CHEST|ABDOMEN,0049,gymvisual,barbell_incline_row,REPS,STRENGTH,3.5,ADULT_COMPENDIUM_PDF_2024,02054,SIMILAR_ACTIVITY,DOMAIN_APPROVED,v2.0.6-met-compendium-direct-similar-1.0.0
GLUTES,90,4,15,,INTERMEDIATE,BARBELL,JUMP_SQUAT,무릎이 발끝과 같은 방향을 향하게 하고 안쪽으로 무너지지 않게 합니다|발바닥 전체로 바닥을 밀어 몸을 일으킵니다,APPROVED,data/scripts/normalize_v2_0_6_form_cues.py,True,user-natural-language-ko-v2.0.6,1. 양발을 어깨너비로 벌리고 서서 바벨을 상부 등에 올립니다 2. 무릎을 굽히고 엉덩이를 뒤로 밀어 스쿼트 자세로 내려갑니다 3. 스쿼트의 최하단에 도달하면 즉시 지면을 밀어내며 힘껏 점프합니다,GYM,barbell jump squat,바벨 점프 스쿼트,quadriceps,JUMP_PLYOMETRIC,VARIANT,,jump_squat,DOMAIN_APPROVED,hamstrings|calves,UPPER_BACK|LOWER_BACK|HIP|KNEE|ANKLE_FOOT,0053,gymvisual,barbell_jump_squat,REPS,STRENGTH,5.0,ADULT_COMPENDIUM_PDF_2024,02052,SIMILAR_ACTIVITY,DOMAIN_APPROVED,v2.0.6-met-compendium-direct-similar-1.0.0
GLUTES,90,4,15,,INTERMEDIATE,BARBELL,LUNGE,무릎이 발끝과 같은 방향을 향하게 하고 안쪽으로 무너지지 않게 합니다|발바닥 전체로 바닥을 밀어 몸을 일으킵니다,APPROVED,data/scripts/normalize_v2_0_6_form_cues.py,True,user-natural-language-ko-v2.0.6,1. 양발을 어깨너비로 벌리고 서서 바벨을 상부 등에 올립니다 2. 오른쪽 무릎을 굽혀 넓적다리가 바닥과 평행해질 때까지 몸을 내립니다 3. 오른쪽 발꿈치를 통해 힘을 주어 시작 자세로 돌아옵니다 4. 반대쪽도 같은 순서로 수행합니다,GYM,barbell lunge,바벨 런지,quadriceps,KNEE_DOMINANT,VARIANT,,smith_sprint_lunge,DOMAIN_APPROVED,hamstrings|calves,UPPER_BACK|LOWER_BACK|HIP|KNEE|ANKLE_FOOT|ABDOMEN,0054,gymvisual,barbell_lunge,REPS,STRENGTH,5.0,ADULT_COMPENDIUM_PDF_2024,02052,SIMILAR_ACTIVITY,DOMAIN_APPROVED,v2.0.6-met-compendium-direct-similar-1.0.0
TRICEPS,60,4,15,,BEGINNER,BARBELL,BARBELL_LYING_CLOSE_GRIP_TRICEPS_EXTENSION,운동 전에 시트나 패드 위치와 무게를 몸에 맞게 조절합니다|반동을 쓰지 말고 무게를 천천히 움직입니다,APPROVED,data/scripts/normalize_v2_0_6_form_cues.py,True,user-natural-language-ko-v2.0.6,1. 벤치에 누워 양발을 바닥에 놓고 머리가 벤치의 끝에 오도록 합니다 2. 팔을 완전히 펼쳐 바벨을 가슴 위로 올립니다 3. 하단에서 잠깐 멈춘 후 팔을 펼쳐 시작 자세로 돌아옵니다,GYM,barbell lying close-grip triceps extension,바벨 라잉 클로즈그립 삼두 익스텐션,shoulders,ISOLATION,REPRESENTATIVE,,,DOMAIN_APPROVED,,SHOULDER|ELBOW|WRIST_HAND|CHEST,0056,gymvisual,barbell_lying_close_grip_triceps_extension,REPS,STRENGTH,3.5,ADULT_COMPENDIUM_PDF_2024,02054,SIMILAR_ACTIVITY,DOMAIN_APPROVED,v2.0.6-met-compendium-direct-similar-1.0.0
GLUTES,60,4,15,,BEGINNER,BARBELL,BARBELL_LYING_LIFTING_ON_HIP,운동 전에 시트나 패드 위치와 무게를 몸에 맞게 조절합니다|반동을 쓰지 말고 무게를 천천히 움직입니다,APPROVED,data/scripts/normalize_v2_0_6_form_cues.py,True,user-natural-language-ko-v2.0.6,1. 벤치에 등을 대고 누워 양발을 바닥에 놓고 무릎을 굽힙니다 2. 둔근을 조이면서 엉덩이를 벤치에서 들어올려 무릎부터 어깨까지 일직선을 만듭니다 3. 가장 높은 지점에서 잠깐 멈춘 후 천천히 엉덩이를 시작 자세로 내립니다,GYM,barbell lying lifting (on hip),바벨 라잉 힙 리프팅,hamstrings,HIP_DOMINANT,REPRESENTATIVE,,,DOMAIN_APPROVED,quadriceps,SHOULDER|WRIST_HAND|UPPER_BACK|HIP|KNEE,0058,gymvisual,barbell_lying_lifting_on_hip,REPS,STRENGTH,5.0,ADULT_COMPENDIUM_PDF_2024,02052,SIMILAR_ACTIVITY,DOMAIN_APPROVED,v2.0.6-met-compendium-direct-similar-1.0.0
BICEPS,60,4,15,,BEGINNER,BARBELL,BICEPS_CURL,어깨가 귀 쪽으로 올라가지 않게 합니다|몸을 흔들어 반동을 만들지 말고 천천히 당깁니다,APPROVED,data/scripts/normalize_v2_0_6_form_cues.py,True,user-natural-language-ko-v2.0.6,1. 프리처 벤치에 앉아 가슴이 패드에 붙고 팔이 가장자리 위로 펼쳐지도록 합니다 2. 바벨을 어깨 높이까지 올려 이두근이 완전히 수축될 때까지 계속 올립니다 3. 이두근을 조이며 짧게 멈춘 후 천천히 바벨을 시작 자세로 내립니다,GYM,barbell lying preacher curl,바벨 라잉 프리처 컬,forearms,ISOLATION,VARIANT,,dumbbell_standing_curl_isolation_dumbbell,DOMAIN_APPROVED,,SHOULDER|ELBOW|WRIST_HAND|CHEST,0059,gymvisual,barbell_lying_preacher_curl,REPS,STRENGTH,3.5,ADULT_COMPENDIUM_PDF_2024,02054,SIMILAR_ACTIVITY,DOMAIN_APPROVED,v2.0.6-met-compendium-direct-similar-1.0.0
GLUTES,90,4,15,,INTERMEDIATE,BARBELL,SQUAT,무릎이 발끝과 같은 방향을 향하게 하고 안쪽으로 무너지지 않게 합니다|발바닥 전체로 바닥을 밀어 몸을 일으킵니다,APPROVED,data/scripts/normalize_v2_0_6_form_cues.py,True,user-natural-language-ko-v2.0.6,1. 양발을 어깨너비로 벌리고 발가락을 약간 바깥쪽으로 향하게 하여 섭니다 2. 복부에 력을 주고 가슴을 들어올린 상태에서 무릎을 굽히고 엉덩이를 뒤로 밀어 천천히 내려갑니다 3. 잠깐 멈춘 후 발꿈치를 통해 힘을 주어 시작 자세로 돌아옵니다,GYM,barbell narrow stance squat,바벨 내로우 스탠스 스쿼트,quadriceps,CORE_BRACE,VARIANT,,bodyweight_squat,DOMAIN_APPROVED,hamstrings|calves,ELBOW|UPPER_BACK|LOWER_BACK|HIP|KNEE|ANKLE_FOOT|CHEST|ABDOMEN,0063,gymvisual,barbell_narrow_stance_squat,REPS,STRENGTH,5.0,ADULT_COMPENDIUM_PDF_2024,02052,SIMILAR_ACTIVITY,DOMAIN_APPROVED,v2.0.6-met-compendium-direct-similar-1.0.0
QUADRICEPS,90,4,15,,INTERMEDIATE,BARBELL,SQUAT,무릎이 발끝과 같은 방향을 향하게 하고 안쪽으로 무너지지 않게 합니다|발바닥 전체로 바닥을 밀어 몸을 일으킵니다,APPROVED,data/scripts/normalize_v2_0_6_form_cues.py,True,user-natural-language-ko-v2.0.6,1. 어깨너비로 발을 벌리고 발끝은 약간 바깥쪽을 향하게 합니다 2. 넓은 그립으로 바벨을 잡고 머리 위에 위치시켜 팔을 완전히 펼칩니다 3. 아래에서 잠깐 멈춘 후 발뒤꿈치로 밀어 시작 자세로 돌아옵니다,GYM,barbell overhead squat,바벨 오버헤드 스쿼트,glutes,VERTICAL_PUSH,VARIANT,,bodyweight_squat,DOMAIN_APPROVED,hamstrings|calves|core,WRIST_HAND|LOWER_BACK|HIP|KNEE|ANKLE_FOOT|CHEST|ABDOMEN,0069,gymvisual,barbell_overhead_squat,REPS,STRENGTH,5.0,ADULT_COMPENDIUM_PDF_2024,02052,SIMILAR_ACTIVITY,DOMAIN_APPROVED,v2.0.6-met-compendium-direct-similar-1.0.0
BICEPS,60,4,15,,BEGINNER,BARBELL,BICEPS_CURL,어깨가 귀 쪽으로 올라가지 않게 합니다|몸을 흔들어 반동을 만들지 말고 천천히 당깁니다,APPROVED,data/scripts/normalize_v2_0_6_form_cues.py,True,user-natural-language-ko-v2.0.6,1. 프리처 벤치에 앉아 상완이 패드에 올려지고 가슴이 지지대에 닿도록 합니다 2. 상완을 움직이지 않게 고정하고 바벨을 어깨 방향으로 구부립니다 3. 바벨을 천천히 시작 자세로 내립니다,GYM,barbell preacher curl,바벨 프리처 컬,forearms,ISOLATION,VARIANT,,dumbbell_standing_curl_isolation_dumbbell,DOMAIN_APPROVED,,SHOULDER|ELBOW|WRIST_HAND|CHEST,0070,gymvisual,barbell_preacher_curl,REPS,STRENGTH,3.5,ADULT_COMPENDIUM_PDF_2024,02054,SIMILAR_ACTIVITY,DOMAIN_APPROVED,v2.0.6-met-compendium-direct-similar-1.0.0
GLUTES,90,4,15,,INTERMEDIATE,BARBELL,BARBELL_RACK_PULL,어깨가 귀 쪽으로 올라가지 않게 합니다|몸을 흔들어 반동을 만들지 말고 천천히 당깁니다,APPROVED,data/scripts/normalize_v2_0_6_form_cues.py,True,user-natural-language-ko-v2.0.6,1. 어깨너비로 발을 벌리고 발끝은 약간 바깥쪽을 향하게 합니다 2. 코어에 힘을 주고 엉덩이와 무릎을 펼치면서 바벨을 들어올리고 어깨를 뒤로 당기며 위에서 둔근을 짜냅니다 3. 엉덩이와 무릎에서 구부려 바벨을 시작 자세로 내립니다,GYM,barbell rack pull,바벨 랙 풀,hamstrings,ISOLATION,REPRESENTATIVE,,,DOMAIN_APPROVED,lower back,SHOULDER|WRIST_HAND|UPPER_BACK|HIP|KNEE|ABDOMEN,0074,gymvisual,barbell_rack_pull,REPS,STRENGTH,5.0,ADULT_COMPENDIUM_PDF_2024,02052,SIMILAR_ACTIVITY,DOMAIN_APPROVED,v2.0.6-met-compendium-direct-similar-1.0.0
SHOULDERS,90,4,15,,INTERMEDIATE,BARBELL,REAR_DELTOID_ROW,어깨가 귀 쪽으로 올라가지 않게 합니다|몸을 흔들어 반동을 만들지 말고 천천히 당깁니다,APPROVED,data/scripts/normalize_v2_0_6_form_cues.py,True,user-natural-language-ko-v2.0.6,1. 어깨너비로 발을 벌리고 무릎을 약간 구부립니다 2. 엉덩이에서 구부려 앞으로 숙이되 등을 곧게 펴고 가슴은 위로 향하게 합니다 3. 위에서 잠깐 멈춘 후 바벨을 천천히 시작 자세로 내립니다,GYM,barbell rear delt row,바벨 리어 델트 로우,traps,HORIZONTAL_PULL,VARIANT,,cable_standing_rear_delt_row_with_rope,DOMAIN_APPROVED,rhomboids|biceps,SHOULDER|ELBOW|WRIST_HAND|UPPER_BACK|LOWER_BACK|HIP|KNEE|CHEST,0076,gymvisual,barbell_rear_delt_row,REPS,STRENGTH,3.5,ADULT_COMPENDIUM_PDF_2024,02054,SIMILAR_ACTIVITY,DOMAIN_APPROVED,v2.0.6-met-compendium-direct-similar-1.0.0
GLUTES,90,4,15,,INTERMEDIATE,BARBELL,BARBELL_ROMANIAN_DEADLIFT,허리를 둥글게 말지 말고 배 주변에 가볍게 힘을 줍니다|발바닥 전체로 바닥을 누르며 엉덩이 움직임을 만듭니다,APPROVED,data/scripts/normalize_v2_0_6_form_cues.py,True,user-natural-language-ko-v2.0.6,1. 발을 어깨 너비로 벌리고 발끝은 앞을 향하도록 섭니다 2. 허벅지 뒤쪽이 당기는 느낌이 들 때까지 내립니다 3. 바벨을 시작 자세로 다시 내립니다,GYM,barbell romanian deadlift,바벨 루마니안 데드리프트,hamstrings,HIP_DOMINANT,REPRESENTATIVE,,,DOMAIN_APPROVED,lower back,WRIST_HAND|UPPER_BACK|LOWER_BACK|HIP|KNEE,0085,gymvisual,barbell_romanian_deadlift,REPS,STRENGTH,5.0,ADULT_COMPENDIUM_PDF_2024,02052,SIMILAR_ACTIVITY,DOMAIN_APPROVED,v2.0.6-met-compendium-direct-similar-1.0.0
GLUTES,90,4,15,,INTERMEDIATE,BARBELL,GOOD_MORNING,허리를 둥글게 말지 말고 배 주변에 가볍게 힘을 줍니다|발바닥 전체로 바닥을 누르며 엉덩이 움직임을 만듭니다,APPROVED,data/scripts/normalize_v2_0_6_form_cues.py,True,user-natural-language-ko-v2.0.6,1. 벤치에 앉아 발은 바닥에 놓고 바벨을 상등에 올려놓습니다 2. 천천히 허리에서 굽혀 몸을 땅을 향해 내립니다 3. 하단에서 잠시 멈춘 후 발뒤꿈치를 통해 밀어 시작 자세로 돌아갑니다,GYM,barbell seated good morning,바벨 시티드 굿모닝,hamstrings,HIP_DOMINANT,VARIANT,,smith_bent_knee_good_morning,DOMAIN_APPROVED,lower back,UPPER_BACK|LOWER_BACK|HIP|KNEE|ANKLE_FOOT|CHEST,0090,gymvisual,barbell_seated_good_morning,REPS,STRENGTH,5.0,ADULT_COMPENDIUM_PDF_2024,02052,SIMILAR_ACTIVITY,DOMAIN_APPROVED,v2.0.6-met-compendium-direct-similar-1.0.0
SHOULDERS,90,4,15,,INTERMEDIATE,BARBELL,SEATED_SHOULDER_PRESS,허리를 과하게 젖히지 말고 배 주변에 가볍게 힘을 줍니다|팔을 던지듯 움직이지 말고 천천히 올리고 내립니다,APPROVED,data/scripts/normalize_v2_0_6_form_cues.py,True,user-natural-language-ko-v2.0.6,1. 벤치에 앉아 등을 곧게 펴고 발은 바닥에 놓습니다 2. 팔을 펼쳐 바벨을 위로 밀어 올립니다 3. 상단에서 잠시 멈춘 후 천천히 바벨을 어깨 높이로 내립니다,GYM,barbell seated overhead press,바벨 시티드 오버헤드 프레스,triceps,VERTICAL_PUSH,VARIANT,,seated_shoulder_press_vertical_push_dumbbell,DOMAIN_APPROVED,upper back,SHOULDER|ELBOW|WRIST_HAND|UPPER_BACK|LOWER_BACK,0091,gymvisual,barbell_seated_overhead_press,REPS,STRENGTH,3.5,ADULT_COMPENDIUM_PDF_2024,02054,SIMILAR_ACTIVITY,DOMAIN_APPROVED,v2.0.6-met-compendium-direct-similar-1.0.0
CORE,90,4,15,,INTERMEDIATE,BARBELL,BARBELL_SEATED_TWIST,운동 전에 시트나 패드 위치와 무게를 몸에 맞게 조절합니다|반동을 쓰지 말고 무게를 천천히 움직입니다,APPROVED,data/scripts/normalize_v2_0_6_form_cues.py,True,user-natural-language-ko-v2.0.6,1. 플랫 벤치에 앉아 발은 바닥에 놓고 무릎은 구부립니다 2. 바벨을 양손으로 가슴 앞에 들고 팔꿈치는 약간 구부립니다 3. 회전 끝에서 잠시 멈춘 후 천천히 시작 자세로 돌아갑니다,GYM,barbell seated twist,바벨 시티드 트위스트,obliques,CORE_BRACE,REPRESENTATIVE,,,DOMAIN_APPROVED,lower back,ELBOW|UPPER_BACK|LOWER_BACK|KNEE|CHEST|ABDOMEN,0094,gymvisual,barbell_seated_twist,REPS,STRENGTH,3.5,ADULT_COMPENDIUM_PDF_2024,02054,SIMILAR_ACTIVITY,DOMAIN_APPROVED,v2.0.6-met-compendium-direct-similar-1.0.0
BACK,60,4,15,,BEGINNER,BARBELL,SHRUG,허리를 과하게 젖히지 말고 배 주변에 가볍게 힘을 줍니다|팔을 던지듯 움직이지 말고 천천히 올리고 내립니다,APPROVED,data/scripts/normalize_v2_0_6_form_cues.py,True,user-natural-language-ko-v2.0.6,1. 어깨넓이로 발을 벌리고 서서 바벨을 양손으로 오버그립으로 몸 앞에 들고 있습니다 2. 어깨를 귀 쪽으로 최대한 높이 들어올리면서 사다리근을 가장 높은 지점에서 꼬집습니다 3. 순간 멈춘 후 어깨를 천천히 시작 자세로 낮춥니다,GYM,barbell shrug,바벨 슈러그,shoulders,ISOLATION,VARIANT,,dumbbell_shrug_isolation_dumbbell,DOMAIN_APPROVED,,SHOULDER|WRIST_HAND|UPPER_BACK|LOWER_BACK,0095,gymvisual,barbell_shrug,REPS,STRENGTH,3.5,ADULT_COMPENDIUM_PDF_2024,02054,SIMILAR_ACTIVITY,DOMAIN_APPROVED,v2.0.6-met-compendium-direct-similar-1.0.0
CORE,90,4,15,,INTERMEDIATE,BARBELL,BARBELL_SIDE_BENT,운동 전에 시트나 패드 위치와 무게를 몸에 맞게 조절합니다|반동을 쓰지 말고 무게를 천천히 움직입니다,APPROVED,data/scripts/normalize_v2_0_6_form_cues.py,True,user-natural-language-ko-v2.0.6,1. 발을 어깨 너비로 벌리고 양손으로 바벨을 들며 손은 아래를 향합니다 2. 천천히 몸을 오른쪽으로 굽혀 바벨을 오른쪽 무릎을 향해 내립니다 3. 잠시 멈춘 후 시작 자세로 돌아갑니다 4. 반대쪽도 같은 순서로 수행합니다,GYM,barbell side bent,바벨 사이드 벤드,obliques,CORE_BRACE,REPRESENTATIVE,,,DOMAIN_APPROVED,lower back,UPPER_BACK|LOWER_BACK|KNEE|ABDOMEN,0096,gymvisual,barbell_side_bent,REPS,STRENGTH,3.5,ADULT_COMPENDIUM_PDF_2024,02054,SIMILAR_ACTIVITY,DOMAIN_APPROVED,v2.0.6-met-compendium-direct-similar-1.0.0
CALVES,60,4,15,,BEGINNER,BARBELL,CALF_RAISE_STANDING,발끝과 무릎이 같은 방향을 향하게 합니다|내려올 때 발바닥 전체를 바닥에 안정적으로 둡니다,APPROVED,data/scripts/normalize_v2_0_6_form_cues.py,True,user-natural-language-ko-v2.0.6,1. 발을 어깨 너비로 벌리고 서서 바벨을 상체 위쪽에 올려 등 위에 올려놓습니다 2. 발꿈치를 지면에서 최대한 높이 들어올려 종아리를 사용합니다 3. 가장 높은 지점에서 잠시 멈춘 후 천천히 발꿈치를 시작 자세로 내립니다,GYM,barbell standing leg calf raise,바벨 스탠딩 레그 카프 레이즈,hamstrings,ISOLATION,VARIANT,,bodyweight_standing_calf_raise_isolation_bodyweight,DOMAIN_APPROVED,glutes,HIP|KNEE|ANKLE_FOOT,0108,gymvisual,barbell_standing_leg_calf_raise,REPS,STRENGTH,3.5,ADULT_COMPENDIUM_PDF_2024,02054,SIMILAR_ACTIVITY,DOMAIN_APPROVED,v2.0.6-met-compendium-direct-similar-1.0.0
CALVES,90,4,15,,INTERMEDIATE,BARBELL,CALF_RAISE_STANDING,발끝과 무릎이 같은 방향을 향하게 합니다|내려올 때 발바닥 전체를 바닥에 안정적으로 둡니다,APPROVED,data/scripts/normalize_v2_0_6_form_cues.py,True,user-natural-language-ko-v2.0.6,1. 발을 어깨 너비로 벌리고 서서 바벨을 상체 위쪽에 올려 등 위에 올려놓습니다 2. 발꿈치를 지면에서 최대한 높이 들어올려 발가락 끝으로만 지탱합니다 3. 천천히 발꿈치를 시작 자세로 내립니다,GYM,barbell standing rocking leg calf raise,바벨 스탠딩 록킹 레그 카프 레이즈,hamstrings,ISOLATION,VARIANT,,bodyweight_standing_calf_raise_isolation_bodyweight,DOMAIN_APPROVED,quadriceps,HIP|KNEE|ANKLE_FOOT,0111,gymvisual,barbell_standing_rocking_leg_calf_raise,REPS,STRENGTH,3.5,ADULT_COMPENDIUM_PDF_2024,02054,SIMILAR_ACTIVITY,DOMAIN_APPROVED,v2.0.6-met-compendium-direct-similar-1.0.0
GLUTES,90,4,15,,INTERMEDIATE,BARBELL,BARBELL_SUMO_DEADLIFT,허리를 둥글게 말지 말고 배 주변에 가볍게 힘을 줍니다|발바닥 전체로 바닥을 누르며 엉덩이 움직임을 만듭니다,APPROVED,data/scripts/normalize_v2_0_6_form_cues.py,True,user-natural-language-ko-v2.0.6,1. 어깨 너비보다 넓게 발을 벌리고 발가락을 바깥쪽으로 향하게 합니다 2. 들어올리면서 가슴을 들어올리고 등을 곧게 유지하며 엉덩이를 앞으로 밀어 둔근을 완전히 활성화합니다 3. 가장 높은 지점에서 잠깐 멈춘 후 천천히 바벨을 시작 자세로 내립니다,GYM,barbell sumo deadlift,바벨 스모 데드리프트,hamstrings,HIP_DOMINANT,REPRESENTATIVE,,,DOMAIN_APPROVED,quadriceps|lower back,WRIST_HAND|UPPER_BACK|LOWER_BACK|HIP|KNEE|ANKLE_FOOT|CHEST|ABDOMEN,0117,gymvisual,barbell_sumo_deadlift,REPS,STRENGTH,5.0,ADULT_COMPENDIUM_PDF_2024,02052,SIMILAR_ACTIVITY,DOMAIN_APPROVED,v2.0.6-met-compendium-direct-similar-1.0.0
SHOULDERS,90,4,15,,INTERMEDIATE,BARBELL,BARBELL_UPRIGHT_ROW,어깨가 귀 쪽으로 올라가지 않게 합니다|몸을 흔들어 반동을 만들지 말고 천천히 당깁니다,APPROVED,data/scripts/normalize_v2_0_6_form_cues.py,True,user-natural-language-ko-v2.0.6,1. 어깨 너비로 발을 벌리고 서서 손바닥이 바깥쪽을 향하도록 바벨을 잡되 손은 어깨 너비보다 약간 넓게 벌립니다 2. 코어에 힘을 주고 등을 곧게 펴면서 팔꿈치를 앞으로 향하게 하여 바벨을 턱 쪽으로 들어올립니다 3. 가장 높은 지점에서 잠깐 멈춘 후 천천히 바벨을 시작 자세로 내립니다,GYM,barbell upright row,바벨 업라이트 로우,traps,HORIZONTAL_PULL,REPRESENTATIVE,,,DOMAIN_APPROVED,biceps,SHOULDER|ELBOW|WRIST_HAND|UPPER_BACK|LOWER_BACK|HIP|KNEE|ABDOMEN,0121,gymvisual,barbell_upright_row,REPS,STRENGTH,3.5,ADULT_COMPENDIUM_PDF_2024,02054,SIMILAR_ACTIVITY,DOMAIN_APPROVED,v2.0.6-met-compendium-direct-similar-1.0.0
TRICEPS,60,4,15,,BEGINNER,BODYWEIGHT,DIP,팔꿈치와 손목을 과하게 꺾지 않게 합니다|몸통을 흔들어 반동을 만들지 말고 천천히 밀고 돌아옵니다,APPROVED,data/scripts/normalize_v2_0_6_form_cues.py,True,user-natural-language-ko-v2.0.6,1. 벤치나 의자의 가장자리에 앉아 엉덩이 옆에 손을 올립니다 2. 팔꿈치를 구부려 몸을 땅 쪽으로 내리되 등은 벤치에 가깝게 유지합니다 3. 맨 아래에서 잠깐 멈춘 후 시작 자세로 밀어 올립니다,GYM|HOME,bench dip (knees bent),벤치 딥(무릎 굽힘),chest,HORIZONTAL_PUSH,VARIANT,,assisted_triceps_dip_kneeling,DOMAIN_APPROVED,shoulders,SHOULDER|ELBOW|HIP|KNEE|ANKLE_FOOT|CHEST,0129,gymvisual,bench_dip_knees_bent,REPS,STRENGTH,3.0,ADULT_COMPENDIUM_PDF_2024,02056,SIMILAR_ACTIVITY,DOMAIN_APPROVED,v2.0.6-met-compendium-direct-similar-1.0.0
GLUTES,60,4,15,,BEGINNER,BODYWEIGHT,BENCH_HIP_EXTENSION,허리를 둥글게 말지 말고 배 주변에 가볍게 힘을 줍니다|발바닥 전체로 바닥을 누르며 엉덩이 움직임을 만듭니다,APPROVED,data/scripts/normalize_v2_0_6_form_cues.py,True,user-natural-language-ko-v2.0.6,1. 벤치에 앉아 등을 벤치에 붙이고 발을 땅에 디딥니다 2. 둔근과 햄스트링에 힘을 주어 무릎에서 어깨까지 일직선을 이루는 높이까지 엉덩이를 들어올립니다 3. 가장 높은 지점에서 잠깐 멈춘 후 천천히 엉덩이를 시작 자세로 내립니다,GYM|HOME,bench hip extension,벤치 힙 익스텐션,hamstrings,HIP_DOMINANT,REPRESENTATIVE,,,DOMAIN_APPROVED,,SHOULDER|UPPER_BACK|HIP|KNEE,0130,gymvisual,bench_hip_extension,REPS,STRENGTH,3.0,ADULT_COMPENDIUM_PDF_2024,02056,SIMILAR_ACTIVITY,DOMAIN_APPROVED,v2.0.6-met-compendium-direct-similar-1.0.0
TRICEPS,60,4,15,,BEGINNER,BODYWEIGHT,BODY_UP,허리가 과도하게 꺾이지 않도록 몸통을 고정합니다|다리를 올릴 때 벤치에 기대어 어깨가 무너지지 않게 합니다,APPROVED,data/videos/0137-U6G2gk9.gif,True,gif-reviewed-natural-language-ko-v2.0.6,1. 벤치를 양손으로 짚고 상체를 고정합니다 2. 한쪽 다리를 무릎을 굽힌 채 뒤쪽 위로 들어 올린 뒤 천천히 시작 자세로 돌아오며 반대쪽도 수행합니다,GYM|HOME,body-up,벤치 덩키킥,chest,HIP_DOMINANT,REPRESENTATIVE,,,DOMAIN_APPROVED,shoulders,SHOULDER|ELBOW|WRIST_HAND|ANKLE_FOOT|CHEST,0137,gymvisual,body_up,REPS,STRENGTH,3.0,ADULT_COMPENDIUM_PDF_2024,02056,SIMILAR_ACTIVITY,DOMAIN_APPROVED,v2.0.6-met-compendium-direct-similar-1.0.0
CORE,60,4,15,,BEGINNER,BODYWEIGHT,BOTTOMS_UP,허리가 바닥에서 과하게 들리지 않도록 합니다|다리를 내릴 때 반동을 사용하지 않습니다,APPROVED,data/videos/0138-CI6baTY.gif,True,gif-reviewed-natural-language-ko-v2.0.6,1. 바닥에 누워 다리를 뻗고 팔을 몸 옆에 둡니다 2. 무릎을 굽혀 다리를 몸 쪽으로 당겼다가 천천히 다리를 뻗어 시작 자세로 돌아옵니다,GYM|HOME,bottoms-up,누워서 다리 당기기,obliques,KNEE_FLEXION,REPRESENTATIVE,,,DOMAIN_APPROVED,hip flexors,UPPER_BACK|LOWER_BACK|HIP|KNEE|CHEST|ABDOMEN,0138,gymvisual,bottoms_up,REPS,STRENGTH,3.0,ADULT_COMPENDIUM_PDF_2024,02056,SIMILAR_ACTIVITY,DOMAIN_APPROVED,v2.0.6-met-compendium-direct-similar-1.0.0
CHEST,90,4,15,,INTERMEDIATE,CABLE_MACHINE,CHEST_FLY,운동 전에 시트나 패드 위치와 무게를 몸에 맞게 조절합니다|반동을 쓰지 말고 무게를 천천히 움직입니다,APPROVED,data/scripts/normalize_v2_0_6_form_cues.py,True,user-natural-language-ko-v2.0.6,1. 머신을 등지고 서서 발을 어깨 너비로 벌립니다 2. 팔꿈치를 약간 구부린 상태에서 팔을 옆으로 벌리는 동작을 조절되게 진행합니다 3. 완전히 펼친 위치에서 잠깐 멈추었다가 천천히 시작 자세로 돌아갑니다,GYM,cable decline fly,케이블 디클라인 플라이,shoulders,HORIZONTAL_PUSH,VARIANT,,lever_seated_fly,DOMAIN_APPROVED,triceps,SHOULDER|ELBOW|WRIST_HAND|CHEST,0158,gymvisual,cable_decline_fly,REPS,STRENGTH,3.5,ADULT_COMPENDIUM_PDF_2024,02054,SIMILAR_ACTIVITY,DOMAIN_APPROVED,v2.0.6-met-compendium-direct-similar-1.0.0
BACK,90,4,15,,INTERMEDIATE,CABLE_MACHINE,SEATED_CABLE_ROW,어깨가 귀 쪽으로 올라가지 않게 합니다|몸을 흔들어 반동을 만들지 말고 천천히 당깁니다,APPROVED,data/scripts/normalize_v2_0_6_form_cues.py,True,user-natural-language-ko-v2.0.6,1. 디클라인 벤치에 앉아 케이블 머신을 향하고 발을 발판에 단단히 고정시킵니다 2. 케이블을 가슴 아래쪽으로 당기면서 견갑골을 모아 짜냅니다 3. 최고 수축 지점에서 잠깐 멈추었다가 케이블을 천천히 시작 자세로 돌아갑니다,GYM,cable decline seated wide-grip row,케이블 디클라인 시티드 와이드그립 로우,biceps,HORIZONTAL_PULL,VARIANT,,seated_cable_row_horizontal_pull_cable_machine,DOMAIN_APPROVED,forearms,SHOULDER|ELBOW|WRIST_HAND|UPPER_BACK|LOWER_BACK|CHEST|ABDOMEN,0159,gymvisual,cable_decline_seated_wide_grip_row,REPS,STRENGTH,3.5,ADULT_COMPENDIUM_PDF_2024,02054,SIMILAR_ACTIVITY,DOMAIN_APPROVED,v2.0.6-met-compendium-direct-similar-1.0.0
ADDUCTORS,90,4,15,,INTERMEDIATE,CABLE_MACHINE,HIP_ADDUCTION,운동 전에 시트나 패드 위치와 무게를 몸에 맞게 조절합니다|반동을 쓰지 말고 무게를 천천히 움직입니다,APPROVED,data/scripts/normalize_v2_0_6_form_cues.py,True,user-natural-language-ko-v2.0.6,1. 발목 커프를 부착하고 케이블 머신을 향해 섭니다 2. 다리를 곧게 유지하면서 다리를 천천히 몸 쪽으로 정중선 방향으로 옮깁니다 3. 동작의 끝에서 잠깐 멈추었다가 천천히 시작 자세로 돌아갑니다,GYM,cable hip adduction,케이블 힙 어덕션,glutes,ISOLATION,VARIANT,,lever_seated_hip_adduction,DOMAIN_APPROVED,quadriceps,HIP|KNEE|ANKLE_FOOT,0168,gymvisual,cable_hip_adduction,REPS,STRENGTH,3.5,ADULT_COMPENDIUM_PDF_2024,02054,SIMILAR_ACTIVITY,DOMAIN_APPROVED,v2.0.6-met-compendium-direct-similar-1.0.0
CHEST,90,4,15,,INTERMEDIATE,CABLE_MACHINE,CHEST_PRESS,팔꿈치와 손목을 과하게 꺾지 않게 합니다|몸통을 흔들어 반동을 만들지 말고 천천히 밀고 돌아옵니다,APPROVED,data/scripts/normalize_v2_0_6_form_cues.py,True,user-natural-language-ko-v2.0.6,1. 케이블 머신을 향해 벤치에 앉아 발을 바닥에 평평하게 놓습니다 2. 핸들을 앞으로 그리고 위로 밀어 팔을 완전히 펼칩니다 3. 잠깐 멈추었다가 핸들을 천천히 시작 자세로 내립니다,GYM,cable incline bench press,케이블 인클라인 벤치 프레스,deltoids,VERTICAL_PUSH,VARIANT,,smith_bench_press,DOMAIN_APPROVED,triceps,SHOULDER|ELBOW|WRIST_HAND|CHEST,0169,gymvisual,cable_incline_bench_press,REPS,STRENGTH,3.5,ADULT_COMPENDIUM_PDF_2024,02054,SIMILAR_ACTIVITY,DOMAIN_APPROVED,v2.0.6-met-compendium-direct-similar-1.0.0
BACK,90,4,15,,INTERMEDIATE,CABLE_MACHINE,SEATED_CABLE_ROW,어깨가 귀 쪽으로 올라가지 않게 합니다|몸을 흔들어 반동을 만들지 말고 천천히 당깁니다,APPROVED,data/scripts/normalize_v2_0_6_form_cues.py,True,user-natural-language-ko-v2.0.6,1. 발을 풋레스트에 평평하게 놓고 무릎을 약간 구부린 상태로 머신에 앉습니다 2. 손잡이를 몸 쪽으로 당겨 견갑골을 함께 쥡니다 3. 동작의 절정에서 잠깐 멈추었다가 천천히 손잡이를 시작 자세로 돌려놓습니다,GYM,cable low seated row,케이블 시티드 로우(낮은 위치),biceps,HORIZONTAL_PULL,VARIANT,,seated_cable_row_horizontal_pull_cable_machine,DOMAIN_APPROVED,forearms,SHOULDER|ELBOW|WRIST_HAND|UPPER_BACK|LOWER_BACK|KNEE,0180,gymvisual,cable_low_seated_row,REPS,STRENGTH,3.5,ADULT_COMPENDIUM_PDF_2024,02054,SIMILAR_ACTIVITY,DOMAIN_APPROVED,v2.0.6-met-compendium-direct-similar-1.0.0
BACK,90,4,15,,INTERMEDIATE,CABLE_MACHINE,CABLE_PUSHDOWN_STRAIGHT_ARM,팔꿈치와 손목을 과하게 꺾지 않게 합니다|몸통을 흔들어 반동을 만들지 말고 천천히 밀고 돌아옵니다,APPROVED,data/scripts/normalize_v2_0_6_form_cues.py,True,user-natural-language-ko-v2.0.6,1. 머신을 향해 어깨 너비로 발을 벌리고 무릎을 약간 구부립니다 2. 팔을 곧게 펴고 손바닥이 아래를 향하는 오버핸드 그립으로 바를 잡습니다 3. 최하점에서 잠깐 멈춘 후 천천히 바를 시작 자세로 돌립니다,GYM,cable pushdown (straight arm),케이블 푸시다운(팔을 곧게 편 자세),triceps,ISOLATION,REPRESENTATIVE,,,DOMAIN_APPROVED,shoulders,SHOULDER|ELBOW|WRIST_HAND|UPPER_BACK|LOWER_BACK|KNEE|ABDOMEN,0199,gymvisual,cable_pushdown_straight_arm,REPS,STRENGTH,3.5,ADULT_COMPENDIUM_PDF_2024,02054,SIMILAR_ACTIVITY,DOMAIN_APPROVED,v2.0.6-met-compendium-direct-similar-1.0.0
BACK,90,4,15,,INTERMEDIATE,CABLE_MACHINE,SEATED_CABLE_ROW,어깨가 귀 쪽으로 올라가지 않게 합니다|몸을 흔들어 반동을 만들지 말고 천천히 당깁니다,APPROVED,data/scripts/normalize_v2_0_6_form_cues.py,True,user-natural-language-ko-v2.0.6,1. 케이블 머신을 향해 벤치에 앉아 발을 바닥에 평평하게 놓고 무릎을 약간 구부립니다 2. 핸들을 몸통을 향해 당기면서 어깨 뼈를 뒤로 당기고 팔꿈치를 옆에 붙입니다 3. 핸들을 천천히 시작 자세로 돌려놓습니다,GYM,cable seated one arm alternate row,케이블 시티드 원암 교대 로우,biceps,HORIZONTAL_PULL,VARIANT,,seated_cable_row_horizontal_pull_cable_machine,DOMAIN_APPROVED,forearms,SHOULDER|ELBOW|WRIST_HAND|UPPER_BACK|LOWER_BACK|KNEE|ABDOMEN,0214,gymvisual,cable_seated_one_arm_alternate_row,REPS,STRENGTH,3.5,ADULT_COMPENDIUM_PDF_2024,02054,SIMILAR_ACTIVITY,DOMAIN_APPROVED,v2.0.6-met-compendium-direct-similar-1.0.0
BACK,90,4,15,,INTERMEDIATE,CABLE_MACHINE,SEATED_CABLE_ROW,어깨가 귀 쪽으로 올라가지 않게 합니다|몸을 흔들어 반동을 만들지 말고 천천히 당깁니다,APPROVED,data/scripts/normalize_v2_0_6_form_cues.py,True,user-natural-language-ko-v2.0.6,1. 케이블 로우 머신에 앉아 발을 풋레스트에 평평하게 놓고 무릎을 약간 구부립니다 2. 수축의 최고점에서 잠시 멈춥니다 3. 천천히 핸들을 시작 자세로 돌려놓고 팔을 완전히 펴 놓습니다,GYM,cable seated wide-grip row,케이블 시티드 와이드그립 로우,biceps,HORIZONTAL_PULL,VARIANT,,seated_cable_row_horizontal_pull_cable_machine,DOMAIN_APPROVED,forearms,SHOULDER|ELBOW|WRIST_HAND|UPPER_BACK|LOWER_BACK|KNEE,0218,gymvisual,cable_seated_wide_grip_row,REPS,STRENGTH,3.5,ADULT_COMPENDIUM_PDF_2024,02054,SIMILAR_ACTIVITY,DOMAIN_APPROVED,v2.0.6-met-compendium-direct-similar-1.0.0
GLUTES,90,4,15,,INTERMEDIATE,CABLE_MACHINE,CABLE_STANDING_HIP_EXTENSION,허리를 둥글게 말지 말고 배 주변에 가볍게 힘을 줍니다|발바닥 전체로 바닥을 누르며 엉덩이 움직임을 만듭니다,APPROVED,data/scripts/normalize_v2_0_6_form_cues.py,True,user-natural-language-ko-v2.0.6,1. 낮은 풀리에 케이블을 부착하고 머신을 등지고 서 있습니다 2. 천천히 다리를 뒤로 쭉 펴며 운동의 최고점에서 둔근을 조입니다 3. 잠시 멈춘 후 시작 자세로 돌아옵니다,GYM,cable standing hip extension,케이블 스탠딩 힙 익스텐션,hamstrings,HIP_DOMINANT,REPRESENTATIVE,,,DOMAIN_APPROVED,quadriceps,UPPER_BACK|LOWER_BACK|HIP|KNEE|ANKLE_FOOT|ABDOMEN,0228,gymvisual,cable_standing_hip_extension,REPS,STRENGTH,5.0,ADULT_COMPENDIUM_PDF_2024,02052,SIMILAR_ACTIVITY,DOMAIN_APPROVED,v2.0.6-met-compendium-direct-similar-1.0.0
SHOULDERS,90,4,15,,INTERMEDIATE,CABLE_MACHINE,REAR_DELTOID_ROW,어깨가 귀 쪽으로 올라가지 않게 합니다|몸을 흔들어 반동을 만들지 말고 천천히 당깁니다,APPROVED,data/scripts/normalize_v2_0_6_form_cues.py,True,user-natural-language-ko-v2.0.6,1. 케이블 머신을 마주보고 발을 어깨 너비만큼 벌려 서 있습니다 2. 양손으로 케이블 어댑터를 잡고 손바닥이 서로를 향하게 하며 뒤로 한 발 내디어 케이블에 긴장을 줍니다 3. 운동의 최고점에서 잠시 멈춘 후 천천히 케이블을 시작 자세로 풀어 놓습니다,GYM,cable standing rear delt row (with rope),케이블 스탠딩 리어 델트 로우(로프),traps,HORIZONTAL_PULL,REPRESENTATIVE,,,DOMAIN_APPROVED,rhomboids|biceps,SHOULDER|ELBOW|WRIST_HAND|UPPER_BACK|LOWER_BACK|KNEE|ANKLE_FOOT|ABDOMEN,0233,gymvisual,cable_standing_rear_delt_row_with_rope,REPS,STRENGTH,3.5,ADULT_COMPENDIUM_PDF_2024,02054,SIMILAR_ACTIVITY,DOMAIN_APPROVED,v2.0.6-met-compendium-direct-similar-1.0.0
BACK,90,4,15,,INTERMEDIATE,CABLE_MACHINE,SEATED_CABLE_ROW,어깨가 귀 쪽으로 올라가지 않게 합니다|몸을 흔들어 반동을 만들지 말고 천천히 당깁니다,APPROVED,data/scripts/normalize_v2_0_6_form_cues.py,True,user-natural-language-ko-v2.0.6,1. 케이블 로우 머신에 앉아 발을 풋레스트에 평평히 놓고 무릎을 약간 구부립니다 2. 케이블 핸들을 몸 쪽으로 당기면서 견갑골을 모읍니다 3. 동작의 가장 높은 지점에서 잠시 멈춘 후 천천히 핸들을 시작 자세로 돌려놓습니다,GYM,cable straight back seated row,케이블 스트레이트백 시티드 로우,biceps,HORIZONTAL_PULL,VARIANT,,seated_cable_row_horizontal_pull_cable_machine,DOMAIN_APPROVED,forearms|shoulders,SHOULDER|ELBOW|WRIST_HAND|UPPER_BACK|LOWER_BACK|HIP|KNEE,0239,gymvisual,cable_straight_back_seated_row,REPS,STRENGTH,3.5,ADULT_COMPENDIUM_PDF_2024,02054,SIMILAR_ACTIVITY,DOMAIN_APPROVED,v2.0.6-met-compendium-direct-similar-1.0.0
CORE,90,4,15,,INTERMEDIATE,BODYWEIGHT,COCOONS,목을 과하게 굽히지 말고 시선은 배 쪽으로 자연스럽게 둡니다|허리를 바닥에 세게 찍지 않도록 천천히 돌아옵니다,APPROVED,data/videos/0260-SLKj2pX.gif,True,gif-reviewed-natural-language-ko-v2.0.6,1. 바닥에 누워 팔과 다리를 길게 뻗습니다 2. 무릎과 상체를 함께 몸 가운데로 당겨 몸을 접었다가 천천히 다시 뻗습니다,GYM|HOME,cocoons,누워서 몸 접기,hip flexors,ISOLATION,REPRESENTATIVE,,,DOMAIN_APPROVED,lower back,ELBOW|UPPER_BACK|LOWER_BACK|HIP|KNEE|ABDOMEN,0260,gymvisual,cocoons,REPS,STRENGTH,3.0,ADULT_COMPENDIUM_PDF_2024,02056,SIMILAR_ACTIVITY,DOMAIN_APPROVED,v2.0.6-met-compendium-direct-similar-1.0.0
CORE,90,4,15,,INTERMEDIATE,BODYWEIGHT,CROSS_BODY_CRUNCH,목을 손으로 당기지 말고 시선은 편안히 위쪽에 둡니다|허리가 과하게 뜨거나 처지지 않게 배 주변에 힘을 줍니다,APPROVED,data/scripts/normalize_v2_0_6_form_cues.py,True,user-natural-language-ko-v2.0.6,1. 등을 지면에 대고 누워 무릎을 구부리고 발을 지면에 붙입니다 2. 복근을 긴장시키고 상체를 들어올리면서 오른쪽 팔꿈치를 왼쪽 무릎 쪽으로 회전합니다 3. 꼭대기에서 잠깐 멈춘 후 천천히 상체를 시작 자세로 내려놓습니다 4. 반대쪽도 같은 순서로 수행합니다,GYM|HOME,cross body crunch,크로스바디 크런치,obliques,GAIT,REPRESENTATIVE,,,DOMAIN_APPROVED,,ELBOW|UPPER_BACK|LOWER_BACK|KNEE|ANKLE_FOOT|ABDOMEN,0262,gymvisual,cross_body_crunch,REPS,STRENGTH,2.8,ADULT_COMPENDIUM_PDF_2024,02024,SIMILAR_ACTIVITY,DOMAIN_APPROVED,v2.0.6-met-compendium-direct-similar-1.0.0
CORE,90,4,15,,INTERMEDIATE,STABILITY_BALL,CRUNCH,공이 움직이지 않도록 발을 바닥에 단단히 둡니다|목을 손으로 당기거나 허리를 과하게 젖히지 않습니다,APPROVED,data/videos/0271-MCUhf1F.gif,True,gif-reviewed-natural-language-ko-v2.0.6,1. 짐볼에 허리를 기대고 발을 바닥에 둡니다 2. 상체를 짧게 들어 올렸다가 등을 공에 기대며 시작 자세로 돌아옵니다,GYM,crunch (on stability ball),짐볼 크런치,hip flexors,GAIT,VARIANT,,bodyweight_crunch_core_brace_bodyweight,DOMAIN_APPROVED,,LOWER_BACK|HIP|KNEE|ANKLE_FOOT|CHEST|ABDOMEN,0271,gymvisual,crunch_on_stability_ball,REPS,STRENGTH,2.8,ADULT_COMPENDIUM_PDF_2024,02112,SIMILAR_ACTIVITY,DOMAIN_APPROVED,v2.0.6-met-compendium-direct-similar-1.0.0
CORE,90,4,15,,INTERMEDIATE,STABILITY_BALL,CRUNCH,공 위에서 골반이 한쪽으로 기울지 않도록 발을 고정합니다|팔을 휘두르거나 목에 힘을 주지 않습니다,APPROVED,data/videos/0272-Sn8wxAI.gif,True,gif-reviewed-natural-language-ko-v2.0.6,1. 짐볼에 등을 기대고 팔을 위로 곧게 뻗습니다 2. 팔을 뻗은 채 상체를 들어 올렸다가 천천히 공에 기대며 돌아옵니다,GYM,"crunch (on stability ball, arms straight)",짐볼 팔을 곧게 편 크런치,hip flexors,GAIT,VARIANT,,bodyweight_crunch_core_brace_bodyweight,DOMAIN_APPROVED,,SHOULDER|LOWER_BACK|HIP|KNEE|ANKLE_FOOT|CHEST|ABDOMEN,0272,gymvisual,crunch_on_stability_ball_arms_straight,REPS,STRENGTH,2.8,ADULT_COMPENDIUM_PDF_2024,02112,SIMILAR_ACTIVITY,DOMAIN_APPROVED,v2.0.6-met-compendium-direct-similar-1.0.0
CORE,60,4,15,,BEGINNER,BODYWEIGHT,DEAD_BUG,목과 허리를 과하게 꺾지 말고 편안한 자세를 유지합니다|반동을 쓰지 말고 천천히 움직입니다,APPROVED,data/scripts/normalize_v2_0_6_form_cues.py,True,user-natural-language-ko-v2.0.6,1. 등을 바닥에 평평하게 눕습니다 팔을 천장을 향해 펼칩니다 2. 무릎을 구부리고 발을 들어올려 엉덩이와 무릎에서 90도 각도를 만듭니다 3. 잠시 멈춘 후 시작 자세로 돌아갑니다,GYM|HOME,dead bug,데드 버그,hip flexors,ISOLATION,REPRESENTATIVE,,,DOMAIN_APPROVED,lower back,UPPER_BACK|LOWER_BACK|HIP|KNEE|ABDOMEN,0276,gymvisual,dead_bug,REPS,STRENGTH,2.8,ADULT_COMPENDIUM_PDF_2024,02024,SIMILAR_ACTIVITY,DOMAIN_APPROVED,v2.0.6-met-compendium-direct-similar-1.0.0
BICEPS,60,4,15,,BEGINNER,DUMBBELL,BICEPS_CURL,어깨가 귀 쪽으로 올라가지 않게 합니다|몸을 흔들어 반동을 만들지 말고 천천히 당깁니다,APPROVED,data/scripts/normalize_v2_0_6_form_cues.py,True,user-natural-language-ko-v2.0.6,1. 양손에 덤벨을 들고 곧게 섭니다 손바닥이 앞을 향하고 팔이 완전히 펼쳐진 상태입니다 2. 상완을 고정하고 이두근에 힘을 주고 덤벨을 들어올립니다 3. 덤벨을 천천히 시작 자세로 내립니다,GYM|HOME,dumbbell alternate biceps curl,덤벨 교대 이두 컬,forearms,ISOLATION,VARIANT,,dumbbell_standing_curl_isolation_dumbbell,DOMAIN_APPROVED,,SHOULDER|ELBOW|WRIST_HAND,0285,gymvisual,dumbbell_alternate_biceps_curl,REPS,STRENGTH,3.5,ADULT_COMPENDIUM_PDF_2024,02054,SIMILAR_ACTIVITY,DOMAIN_APPROVED,v2.0.6-met-compendium-direct-similar-1.0.0
SHOULDERS,90,4,15,,INTERMEDIATE,DUMBBELL,DUMBBELL_ARNOLD_PRESS,팔꿈치와 손목을 과하게 꺾지 않게 합니다|몸통을 흔들어 반동을 만들지 말고 천천히 밀고 돌아옵니다,APPROVED,data/scripts/normalize_v2_0_6_form_cues.py,True,user-natural-language-ko-v2.0.6,1. 등받이가 있는 벤치에 앉아 양손에 덤벨을 어깨 높이에 들고 손바닥이 몸을 향하며 팔꿈치를 구부립니다 2. 들어올리면서 손목을 회전시켜 상단에서 손바닥이 앞을 향하게 됩니다 3. 상단에서 잠시 멈춘 후 천천히 덤벨을 시작 자세로 내립니다,GYM|HOME,dumbbell arnold press,덤벨 아놀드 프레스,triceps,ISOLATION,REPRESENTATIVE,,,DOMAIN_APPROVED,upper chest,SHOULDER|ELBOW|WRIST_HAND|CHEST,0287,gymvisual,dumbbell_arnold_press,REPS,STRENGTH,3.5,ADULT_COMPENDIUM_PDF_2024,02054,SIMILAR_ACTIVITY,DOMAIN_APPROVED,v2.0.6-met-compendium-direct-similar-1.0.0
GLUTES,60,4,15,,BEGINNER,DUMBBELL,SQUAT,무릎이 발끝과 같은 방향을 향하게 하고 안쪽으로 무너지지 않게 합니다|발바닥 전체로 바닥을 밀어 몸을 일으킵니다,APPROVED,data/scripts/normalize_v2_0_6_form_cues.py,True,user-natural-language-ko-v2.0.6,1. 벤치를 향해 서서 발을 어깨 너비로 벌립니다 2. 무릎과 엉덩이를 구부려 벤치 쪽으로 몸을 내립니다 가슴을 펴고 등을 곧게 유지합니다 3. 둔근이 벤치에 닿으면 발꿈치로 밀어 서서 시작 자세로 돌아갑니다,GYM|HOME,dumbbell bench squat,덤벨 벤치 스쿼트,quadriceps,KNEE_DOMINANT,VARIANT,,bodyweight_squat,DOMAIN_APPROVED,hamstrings|calves,UPPER_BACK|LOWER_BACK|HIP|KNEE|ANKLE_FOOT|CHEST,0291,gymvisual,dumbbell_bench_squat,REPS,STRENGTH,5.0,ADULT_COMPENDIUM_PDF_2024,02052,SIMILAR_ACTIVITY,DOMAIN_APPROVED,v2.0.6-met-compendium-direct-similar-1.0.0
BACK,90,4,15,,INTERMEDIATE,DUMBBELL,BENT_OVER_ROW,어깨가 귀 쪽으로 올라가지 않게 합니다|몸을 흔들어 반동을 만들지 말고 천천히 당깁니다,APPROVED,data/scripts/normalize_v2_0_6_form_cues.py,True,user-natural-language-ko-v2.0.6,1. 발을 어깨 넓이로 벌려 서서 한쪽 손에 덤벨을 들고 손가락이 몸을 향하도록 합니다 2. 덤벨을 땅을 향해 팔을 완전히 펼친 채 내립니다 3. 위에서 잠시 멈춘 후 천천히 덤벨을 시작 자세로 내립니다 4. 반대쪽도 같은 순서로 수행합니다,GYM|HOME,dumbbell one arm bent-over row,덤벨 원암 벤트오버 로우,biceps,HORIZONTAL_PULL,VARIANT,,dumbbell_bent_over_row,DOMAIN_APPROVED,forearms,SHOULDER|ELBOW|WRIST_HAND|UPPER_BACK|LOWER_BACK|HIP|KNEE|CHEST|ABDOMEN,0292,gymvisual,dumbbell_one_arm_bent_over_row,REPS,STRENGTH,3.5,ADULT_COMPENDIUM_PDF_2024,02054,SIMILAR_ACTIVITY,DOMAIN_APPROVED,v2.0.6-met-compendium-direct-similar-1.0.0
BACK,90,4,15,,INTERMEDIATE,DUMBBELL,BENT_OVER_ROW,어깨가 귀 쪽으로 올라가지 않게 합니다|몸을 흔들어 반동을 만들지 말고 천천히 당깁니다,APPROVED,data/scripts/normalize_v2_0_6_form_cues.py,True,user-natural-language-ko-v2.0.6,1. 발을 어깨 너비로 벌리고 무릎을 약간 구부린 상태에서 섭니다 각 손에 덤벨을 하나씩 들고 손바닥이 신체를 향하도록 합니다 2. 팔을 바닥을 향해 곧게 내립니다 팔꿈치는 약간 구부립니다 3. 정점에서 잠시 멈추고 천천히 덤벨을 시작 자세로 내립니다,GYM|HOME,dumbbell bent over row,덤벨 벤트오버 로우,biceps,HORIZONTAL_PULL,REPRESENTATIVE,,,DOMAIN_APPROVED,forearms,SHOULDER|ELBOW|WRIST_HAND|UPPER_BACK|LOWER_BACK|HIP|KNEE|ABDOMEN,0293,gymvisual,dumbbell_bent_over_row,REPS,STRENGTH,3.5,ADULT_COMPENDIUM_PDF_2024,02054,SIMILAR_ACTIVITY,DOMAIN_APPROVED,v2.0.6-met-compendium-direct-similar-1.0.0
SHOULDERS,90,4,15,,INTERMEDIATE,DUMBBELL,DUMBBELL_CUBAN_PRESS,팔꿈치와 손목을 과하게 꺾지 않게 합니다|몸통을 흔들어 반동을 만들지 말고 천천히 밀고 돌아옵니다,APPROVED,data/scripts/normalize_v2_0_6_form_cues.py,True,user-natural-language-ko-v2.0.6,1. 발을 어깨 너비로 벌리고 서서 각 손에 덤벨을 하나씩 들고 어깨 높이에서 손바닥이 아래를 향하도록 합니다 2. 손목을 회전하여 손바닥이 정면을 향하도록 합니다 3. 덤벨을 천천히 시작 자세로 내리면서 손목을 다시 시작 자세로 회전합니다,GYM|HOME,dumbbell cuban press,덤벨 쿠반 프레스,triceps,ISOLATION,REPRESENTATIVE,,,DOMAIN_APPROVED,upper back,SHOULDER|ELBOW|WRIST_HAND|UPPER_BACK|ABDOMEN,0299,gymvisual,dumbbell_cuban_press,REPS,STRENGTH,3.5,ADULT_COMPENDIUM_PDF_2024,02054,SIMILAR_ACTIVITY,DOMAIN_APPROVED,v2.0.6-met-compendium-direct-similar-1.0.0
GLUTES,60,4,15,,BEGINNER,DUMBBELL,DEADLIFT,허리를 둥글게 말지 말고 배 주변에 가볍게 힘을 줍니다|발바닥 전체로 바닥을 누르며 엉덩이 움직임을 만듭니다,APPROVED,data/scripts/normalize_v2_0_6_form_cues.py,True,user-natural-language-ko-v2.0.6,1. 발을 어깨 너비로 벌리고 서서 발가락이 정면을 향하도록 합니다 2. 엉덩이와 무릎을 구부려 덤벨을 바닥 쪽으로 내립니다 등을 곧게 유지합니다 3. 발꿈치로 밀어내며 엉덩이와 무릎을 펼쳐 덤벨을 시작 자세로 들어올립니다,GYM|HOME,dumbbell deadlift,덤벨 데드리프트,hamstrings,HIP_DOMINANT,REPRESENTATIVE,,,DOMAIN_APPROVED,lower back,WRIST_HAND|UPPER_BACK|LOWER_BACK|HIP|KNEE|ANKLE_FOOT,0300,gymvisual,dumbbell_deadlift,REPS,STRENGTH,5.0,ADULT_COMPENDIUM_PDF_2024,02052,SIMILAR_ACTIVITY,DOMAIN_APPROVED,v2.0.6-met-compendium-direct-similar-1.0.0
CHEST,90,4,15,,INTERMEDIATE,DUMBBELL,CHEST_PRESS,팔꿈치와 손목을 과하게 꺾지 않게 합니다|몸통을 흔들어 반동을 만들지 말고 천천히 밀고 돌아옵니다,APPROVED,data/scripts/normalize_v2_0_6_form_cues.py,True,user-natural-language-ko-v2.0.6,1. 인클라인 벤치에 누워 발을 고정하고 머리가 엉덩이보다 낮은 상태입니다 2. 덤벨을 가슴 옆으로 내려 팔꿈치를 약간 구부린 상태를 유지합니다 3. 덤벨을 시작 자세로 다시 올려 팔을 완전히 펼칩니다,GYM,dumbbell decline hammer press,덤벨 디클라인 해머 프레스,triceps,ISOLATION,VARIANT,,smith_bench_press,DOMAIN_APPROVED,shoulders,SHOULDER|ELBOW|WRIST_HAND|HIP|KNEE|CHEST,0303,gymvisual,dumbbell_decline_hammer_press,REPS,STRENGTH,3.5,ADULT_COMPENDIUM_PDF_2024,02054,SIMILAR_ACTIVITY,DOMAIN_APPROVED,v2.0.6-met-compendium-direct-similar-1.0.0
CHEST,90,4,15,,INTERMEDIATE,DUMBBELL,CHEST_PRESS,팔꿈치와 손목을 과하게 꺾지 않게 합니다|몸통을 흔들어 반동을 만들지 말고 천천히 밀고 돌아옵니다,APPROVED,data/scripts/normalize_v2_0_6_form_cues.py,True,user-natural-language-ko-v2.0.6,1. 벤치에 앉아 발을 땅에 딛고 등을 벤치에 꼭 붙입니다 2. 각 손에 덤벨을 들되 손바닥이 앞을 향하도록 하며 어깨 높이까지 올립니다 3. 덤벨을 시작 자세로 밀어 올려 팔을 완전히 펴집니다,GYM,dumbbell incline bench press,덤벨 인클라인 벤치 프레스,shoulders,HORIZONTAL_PUSH,VARIANT,,smith_bench_press,DOMAIN_APPROVED,triceps,SHOULDER|ELBOW|WRIST_HAND|UPPER_BACK|CHEST,0314,gymvisual,dumbbell_incline_bench_press,REPS,STRENGTH,3.5,ADULT_COMPENDIUM_PDF_2024,02054,SIMILAR_ACTIVITY,DOMAIN_APPROVED,v2.0.6-met-compendium-direct-similar-1.0.0
BICEPS,60,4,15,,BEGINNER,DUMBBELL,BICEPS_CURL,어깨가 귀 쪽으로 올라가지 않게 합니다|몸을 흔들어 반동을 만들지 말고 천천히 당깁니다,APPROVED,data/scripts/normalize_v2_0_6_form_cues.py,True,user-natural-language-ko-v2.0.6,1. 인클라인 벤치에 앉아 각 손에 덤벨을 들되 손바닥이 앞을 향하고 팔을 완전히 펴집니다 2. 상완을 고정한 상태에서 이두근을 수축시키며 무게를 들어 올립니다 3. 천천히 덤벨을 시작 자세로 내립니다,GYM,dumbbell incline curl,덤벨 인클라인 컬,forearms,ISOLATION,VARIANT,,dumbbell_standing_curl_isolation_dumbbell,DOMAIN_APPROVED,,SHOULDER|ELBOW|WRIST_HAND,0317,gymvisual,dumbbell_incline_curl,REPS,STRENGTH,3.5,ADULT_COMPENDIUM_PDF_2024,02054,SIMILAR_ACTIVITY,DOMAIN_APPROVED,v2.0.6-met-compendium-direct-similar-1.0.0
CHEST,90,4,15,,INTERMEDIATE,DUMBBELL,CHEST_PRESS,팔꿈치와 손목을 과하게 꺾지 않게 합니다|몸통을 흔들어 반동을 만들지 말고 천천히 밀고 돌아옵니다,APPROVED,data/scripts/normalize_v2_0_6_form_cues.py,True,user-natural-language-ko-v2.0.6,1. 인클라인 벤치를 45도 각도로 설정하고 앉아 양손에 덤벨을 들고 허벅지에 얹습니다 2. 덤벨을 몸에서 멀어지도록 위로 눌러 팔을 완전히 폅니다 3. 잠시 멈춘 후 천천히 덤벨을 시작 자세로 내립니다,GYM,dumbbell incline hammer press,덤벨 인클라인 해머 프레스,shoulders,ISOLATION,VARIANT,,smith_bench_press,DOMAIN_APPROVED,triceps,SHOULDER|ELBOW|WRIST_HAND|HIP|KNEE|CHEST,0321,gymvisual,dumbbell_incline_hammer_press,REPS,STRENGTH,3.5,ADULT_COMPENDIUM_PDF_2024,02054,SIMILAR_ACTIVITY,DOMAIN_APPROVED,v2.0.6-met-compendium-direct-similar-1.0.0
SHOULDERS,60,4,15,,BEGINNER,DUMBBELL,REVERSE_FLY,허리를 과하게 젖히지 말고 배 주변에 가볍게 힘을 줍니다|팔을 던지듯 움직이지 말고 천천히 올리고 내립니다,APPROVED,data/scripts/normalize_v2_0_6_form_cues.py,True,user-natural-language-ko-v2.0.6,1. 벤치에 앉아 가슴을 등받이에 대고 양손에 덤벨을 들고 있습니다 2. 팔꿈치에 약간의 굴곡을 유지하면서 팔을 옆으로 들어올려 지면과 평행해질 때까지 올립니다 3. 가장 높은 지점에서 잠시 멈춘 후 천천히 팔을 시작 자세로 내립니다,GYM,dumbbell incline rear lateral raise,덤벨 인클라인 리어 레터럴 레이즈,traps,ISOLATION,VARIANT,,lever_seated_reverse_fly,DOMAIN_APPROVED,rhomboids,SHOULDER|ELBOW|WRIST_HAND|UPPER_BACK|CHEST,0326,gymvisual,dumbbell_incline_rear_lateral_raise,REPS,STRENGTH,3.5,ADULT_COMPENDIUM_PDF_2024,02054,SIMILAR_ACTIVITY,DOMAIN_APPROVED,v2.0.6-met-compendium-direct-similar-1.0.0
BACK,90,4,15,,INTERMEDIATE,DUMBBELL,INCLINE_ROW,어깨가 귀 쪽으로 올라가지 않게 합니다|몸을 흔들어 반동을 만들지 말고 천천히 당깁니다,APPROVED,data/scripts/normalize_v2_0_6_form_cues.py,True,user-natural-language-ko-v2.0.6,1. 양손에 덤벨을 들고 벤치에 앉아 가슴을 인클라인에 대도록 합니다 2. 팔을 완전히 펴서 덤벨이 어깨 아래로 쭉 내려오도록 합니다 3. 가장 높은 지점에서 잠시 멈춘 후 천천히 덤벨을 시작 자세로 내립니다,GYM,dumbbell incline row,덤벨 인클라인 로우,biceps,HORIZONTAL_PULL,REPRESENTATIVE,,,DOMAIN_APPROVED,shoulders,SHOULDER|ELBOW|UPPER_BACK|LOWER_BACK|CHEST,0327,gymvisual,dumbbell_incline_row,REPS,STRENGTH,3.5,ADULT_COMPENDIUM_PDF_2024,02054,SIMILAR_ACTIVITY,DOMAIN_APPROVED,v2.0.6-met-compendium-direct-similar-1.0.0
GLUTES,90,4,15,,INTERMEDIATE,DUMBBELL,JUMP_SQUAT,무릎이 발끝과 같은 방향을 향하게 하고 안쪽으로 무너지지 않게 합니다|발바닥 전체로 바닥을 밀어 몸을 일으킵니다,APPROVED,data/scripts/normalize_v2_0_6_form_cues.py,True,user-natural-language-ko-v2.0.6,1. 발을 어깨 넓이로 벌리고 양손에 덤벨을 잡고 옆에 놓습니다 2. 스쿼트의 최하점에 도달하면 폭발적으로 위로 솟아올라 바닥에서 뛰어올립니다 3. 공중에서 빠르게 발의 위치를 바꾸고 반대쪽 발이 앞으로 향하게 착지합니다,GYM|HOME,dumbbell plyo squat,덤벨 플라이오 스쿼트,quadriceps,JUMP_PLYOMETRIC,VARIANT,,jump_squat,DOMAIN_APPROVED,hamstrings|calves,LOWER_BACK|HIP|KNEE|ANKLE_FOOT,0371,gymvisual,dumbbell_plyo_squat,REPS,STRENGTH,5.0,ADULT_COMPENDIUM_PDF_2024,02052,SIMILAR_ACTIVITY,DOMAIN_APPROVED,v2.0.6-met-compendium-direct-similar-1.0.0
SHOULDERS,60,4,15,,BEGINNER,DUMBBELL,REVERSE_FLY,허리를 과하게 젖히지 말고 배 주변에 가볍게 힘을 줍니다|팔을 던지듯 움직이지 말고 천천히 올리고 내립니다,APPROVED,data/scripts/normalize_v2_0_6_form_cues.py,True,user-natural-language-ko-v2.0.6,1. 발을 어깨 넓이로 벌리고 양손에 덤벨을 잡습니다 2. 무릎을 약간 구부리고 엉덩이에서 구부리면서 등을 곧게 펼칩니다 3. 가장 높은 지점에서 잠시 멈춘 후 천천히 팔을 시작 자세로 내립니다,GYM|HOME,dumbbell rear lateral raise (support head),덤벨 리어 레터럴 레이즈(머리 지지),traps,ISOLATION,VARIANT,,lever_seated_reverse_fly,DOMAIN_APPROVED,rhomboids,SHOULDER|ELBOW|UPPER_BACK|LOWER_BACK|HIP|KNEE,0379,gymvisual,dumbbell_rear_lateral_raise_support_head,REPS,STRENGTH,3.5,ADULT_COMPENDIUM_PDF_2024,02054,SIMILAR_ACTIVITY,DOMAIN_APPROVED,v2.0.6-met-compendium-direct-similar-1.0.0
TRICEPS,60,4,15,,BEGINNER,DUMBBELL,TRICEPS_EXTENSION,운동 전에 시트나 패드 위치와 무게를 몸에 맞게 조절합니다|반동을 쓰지 말고 무게를 천천히 움직입니다,APPROVED,data/scripts/normalize_v2_0_6_form_cues.py,True,user-natural-language-ko-v2.0.6,1. 벤치에 앉아 등을 곧게 펴고 발을 땅에 댑니다 2. 양손으로 덤벨 하나를 들고 팔을 머리 위로 곧게 폅니다 3. 잠깐 멈춘 후 덤벨을 시작 자세로 올립니다,GYM|HOME,dumbbell seated bench extension,덤벨 시티드 벤치 익스텐션,shoulders,ISOLATION,VARIANT,,bodyweight_kneeling_triceps_extension,DOMAIN_APPROVED,,SHOULDER|ELBOW|UPPER_BACK|LOWER_BACK,0389,gymvisual,dumbbell_seated_bench_extension,REPS,STRENGTH,3.5,ADULT_COMPENDIUM_PDF_2024,02054,SIMILAR_ACTIVITY,DOMAIN_APPROVED,v2.0.6-met-compendium-direct-similar-1.0.0
QUADRICEPS,90,4,15,,INTERMEDIATE,DUMBBELL,SPLIT_SQUAT,무릎이 발끝과 같은 방향을 향하게 하고 안쪽으로 무너지지 않게 합니다|발바닥 전체로 바닥을 밀어 몸을 일으킵니다,APPROVED,data/scripts/normalize_v2_0_6_form_cues.py,True,user-natural-language-ko-v2.0.6,1. 발을 어깨 너비로 벌리고 각 손에 덤벨을 들어 섭니다 2. 앞무릎과 엉덩이를 구부려 몸을 내리되 뒷무릎을 약간 구부린 상태를 유지하고 뒷발뒤꿈치는 바닥에서 떼어둡니다 3. 앞무릎이 지면과 평행해질 때까지 계속 내린 후 앞발뒤꿈치로 밀어 시작 자세로 돌아옵니다,GYM|HOME,dumbbell single leg split squat,덤벨 싱글 레그 스플릿 스쿼트,glutes,KNEE_DOMINANT,VARIANT,,smith_single_leg_split_squat,DOMAIN_APPROVED,hamstrings|calves,LOWER_BACK|HIP|KNEE|ANKLE_FOOT,0410,gymvisual,dumbbell_single_leg_split_squat,REPS,STRENGTH,5.0,ADULT_COMPENDIUM_PDF_2024,02052,SIMILAR_ACTIVITY,DOMAIN_APPROVED,v2.0.6-met-compendium-direct-similar-1.0.0
CORE,60,4,15,,BEGINNER,BODYWEIGHT,ELBOW_TO_KNEE,목과 허리를 과하게 꺾지 말고 편안한 자세를 유지합니다|반동을 쓰지 말고 천천히 움직입니다,APPROVED,data/scripts/normalize_v2_0_6_form_cues.py,True,user-natural-language-ko-v2.0.6,1. 등을 땅에 대고 누워 무릎을 구부리고 발을 땅에 디딥니다 2. 복부에 힘을 주고 상체를 들어올리면서 오른쪽 팔꿈치를 왼쪽 무릎 방향으로 가져갑니다 3. 가장 높은 지점에서 일시 정지한 후 상체와 다리를 천천히 시작 자세로 내립니다 4. 반대쪽도 같은 순서로 수행합니다,GYM|HOME,elbow-to-knee,팔꿈치-무릎 터치,obliques,CORE_BRACE,REPRESENTATIVE,,,DOMAIN_APPROVED,,ELBOW|UPPER_BACK|LOWER_BACK|KNEE|ABDOMEN,0443,gymvisual,elbow_to_knee,REPS,STRENGTH,3.0,ADULT_COMPENDIUM_PDF_2024,02056,SIMILAR_ACTIVITY,DOMAIN_APPROVED,v2.0.6-met-compendium-direct-similar-1.0.0
CORE,60,4,15,,BEGINNER,BODYWEIGHT,SIT_UP,목을 손으로 당기지 말고 시선은 편안히 위쪽에 둡니다|허리가 과하게 뜨거나 처지지 않게 배 주변에 힘을 줍니다,APPROVED,data/scripts/normalize_v2_0_6_form_cues.py,True,user-natural-language-ko-v2.0.6,1. 바닥에 누워 무릎을 구부리고 발을 바닥에 댑니다 2. 복부를 활성화시켜 천천히 상체를 바닥에서 들어올려 몸통이 45도 각도에 도달할 때까지 앞으로 구부립니다 3. 가장 높은 지점에서 잠깐 멈춘 후 상체와 다리를 천천히 시작 자세로 내립니다,GYM|HOME,flexion leg sit up (bent knee),무릎을 굽힌 레그 싯업,hip flexors,CORE_BRACE,VARIANT,,curl_up,DOMAIN_APPROVED,,ELBOW|LOWER_BACK|HIP|KNEE|ABDOMEN,0456,gymvisual,flexion_leg_sit_up_bent_knee,REPS,STRENGTH,2.8,ADULT_COMPENDIUM_PDF_2024,02024,SIMILAR_ACTIVITY,DOMAIN_APPROVED,v2.0.6-met-compendium-direct-similar-1.0.0
GLUTES,60,4,15,,BEGINNER,BODYWEIGHT,FLUTTER_KICKS,목과 허리를 과하게 꺾지 말고 편안한 자세를 유지합니다|반동을 쓰지 말고 천천히 움직입니다,APPROVED,data/scripts/normalize_v2_0_6_form_cues.py,True,user-natural-language-ko-v2.0.6,1. 등을 대고 누워 다리를 쭉 펼치고 손은 옆에 놓습니다 2. 복부를 조여 다리를 지면에서 약 6인치 높이로 들어올립니다 3. 다리를 쭉 펼친 상태로 한쪽 다리를 다른 쪽보다 약간 높게 번갈아 올립니다 4. 반대쪽도 같은 순서로 수행합니다,GYM|HOME,flutter kicks,플러터 킥,hip flexors,CORE_BRACE,REPRESENTATIVE,,,DOMAIN_APPROVED,lower abs,UPPER_BACK|HIP|KNEE|ABDOMEN,0459,gymvisual,flutter_kicks,REPS,STRENGTH,3.0,ADULT_COMPENDIUM_PDF_2024,02056,SIMILAR_ACTIVITY,DOMAIN_APPROVED,v2.0.6-met-compendium-direct-similar-1.0.0
CORE,60,4,15,,BEGINNER,BODYWEIGHT,GROIN_CRUNCH,목을 손으로 당기지 않습니다|상체를 들어 올릴 때 허리를 과하게 말지 않습니다,APPROVED,data/videos/0469-mWppALS.gif,True,gif-reviewed-natural-language-ko-v2.0.6,1. 바닥에 누워 발바닥을 맞대고 무릎을 옆으로 벌립니다 2. 손을 머리 옆에 가볍게 두고 상체를 들어 올렸다가 천천히 돌아옵니다,GYM|HOME,groin crunch,발바닥 붙이고 크런치,hip flexors,GAIT,REPRESENTATIVE,,,DOMAIN_APPROVED,inner thighs,ELBOW|UPPER_BACK|LOWER_BACK|HIP|KNEE|ANKLE_FOOT|ABDOMEN,0469,gymvisual,groin_crunch,REPS,STRENGTH,2.8,ADULT_COMPENDIUM_PDF_2024,02024,SIMILAR_ACTIVITY,DOMAIN_APPROVED,v2.0.6-met-compendium-direct-similar-1.0.0
GLUTES,60,4,15,,BEGINNER,BODYWEIGHT,JUMP_SQUAT,무릎이 발끝과 같은 방향을 향하게 하고 안쪽으로 무너지지 않게 합니다|발바닥 전체로 바닥을 밀어 몸을 일으킵니다,APPROVED,data/scripts/normalize_v2_0_6_form_cues.py,True,user-natural-language-ko-v2.0.6,1. 발을 어깨너비로 벌립니다 2. 고관절과 무릎을 완전히 펼치면서 폭발적으로 뛰어올립니다 3. 발가락 끝으로 부드럽게 착지하고 즉시 스쿼트 자세로 내려갑니다,GYM|HOME,jump squat,점프 스쿼트,quadriceps,JUMP_PLYOMETRIC,REPRESENTATIVE,,,DOMAIN_APPROVED,hamstrings|calves,LOWER_BACK|HIP|KNEE|ANKLE_FOOT,0513,gymvisual,jump_squat,REPS,STRENGTH,6.5,ADULT_COMPENDIUM_PDF_2024,02057,SIMILAR_ACTIVITY,DOMAIN_APPROVED,v2.0.6-met-compendium-direct-similar-1.0.0
GLUTES,60,4,15,,BEGINNER,BODYWEIGHT,SQUAT,무릎이 발끝과 같은 방향을 향하게 하고 안쪽으로 무너지지 않게 합니다|발바닥 전체로 바닥을 밀어 몸을 일으킵니다,APPROVED,data/scripts/normalize_v2_0_6_form_cues.py,True,user-natural-language-ko-v2.0.6,1. 발을 어깨너비로 벌리고 발끝을 약간 바깥쪽으로 향하게 섭니다 2. 가슴을 펴고 엉덩이를 뒤로 보내며 무릎을 굽혀 편안한 깊이까지 내려갑니다 3. 발바닥 전체로 바닥을 밀어 시작 자세로 돌아옵니다,GYM|HOME,bodyweight squat,맨몸 스쿼트,quadriceps,KNEE_DOMINANT,REPRESENTATIVE,,,DOMAIN_APPROVED,hamstrings|calves,SHOULDER|LOWER_BACK|HIP|KNEE|ANKLE_FOOT,0514,gymvisual,bodyweight_squat,REPS,STRENGTH,3.0,ADULT_COMPENDIUM_PDF_2024,02056,SIMILAR_ACTIVITY,DOMAIN_APPROVED,v2.0.6-met-compendium-direct-similar-1.0.0
BACK,90,4,15,,INTERMEDIATE,KETTLEBELL,KETTLEBELL_SUMO_HIGH_PULL,어깨가 귀 쪽으로 올라가지 않게 합니다|몸을 흔들어 반동을 만들지 말고 천천히 당깁니다,APPROVED,data/scripts/normalize_v2_0_6_form_cues.py,True,user-natural-language-ko-v2.0.6,1. 발을 어깨너비보다 넓게 벌리고 발가락은 바깥쪽을 향하게 선 자세에서 시작합니다 2. 발뒤꿈치로 밀어 폭발적으로 엉덩이와 무릎을 펴면서 케틀벨을 턱 쪽으로 잡아당깁니다,GYM,kettlebell sumo high pull,케틀벨 스모 하이 풀,shoulders,ISOLATION,REPRESENTATIVE,,,DOMAIN_APPROVED,glutes|hamstrings,SHOULDER|ELBOW|WRIST_HAND|UPPER_BACK|HIP|KNEE|ANKLE_FOOT,0548,gymvisual,kettlebell_sumo_high_pull,REPS,STRENGTH,3.5,ADULT_COMPENDIUM_PDF_2024,02054,SIMILAR_ACTIVITY,DOMAIN_APPROVED,v2.0.6-met-compendium-direct-similar-1.0.0
GLUTES,90,4,15,,INTERMEDIATE,KETTLEBELL,KETTLEBELL_SWING,목과 허리를 과하게 꺾지 말고 편안한 자세를 유지합니다|반동을 쓰지 말고 천천히 움직입니다,APPROVED,data/scripts/normalize_v2_0_6_form_cues.py,True,user-natural-language-ko-v2.0.6,1. 발을 어깨너비로 벌리고 발가락은 약간 바깥쪽을 향하게 선 자세에서 시작합니다 2. 무릎을 약간 구부리고 엉덩이를 뒤로 밀면서 허리에서 구부립니다 3. 엉덩이를 앞으로 밀어 케틀벨을 어깨 높이까지 스윙하면서 엉덩이가 생성한 모멘텀을 사용합니다,GYM,kettlebell swing,케틀벨 스윙,hamstrings,ISOLATION,REPRESENTATIVE,,,DOMAIN_APPROVED,core,SHOULDER|WRIST_HAND|LOWER_BACK|HIP|KNEE|ANKLE_FOOT|ABDOMEN,0549,gymvisual,kettlebell_swing,REPS,STRENGTH,9.8,ADULT_COMPENDIUM_PDF_2024,02058,DIRECT,DOMAIN_APPROVED,v2.0.6-met-compendium-direct-similar-1.0.0
HAMSTRINGS,90,4,15,,INTERMEDIATE,BODYWEIGHT,KICK_OUT_SIT,목을 손으로 당기지 말고 시선은 편안히 위쪽에 둡니다|허리가 과하게 뜨거나 처지지 않게 배 주변에 힘을 줍니다,APPROVED,data/scripts/normalize_v2_0_6_form_cues.py,True,user-natural-language-ko-v2.0.6,1. 벤치나 의자 모서리에 앉아 발은 땅에 닿고 무릎을 90도로 구부린 상태에서 시작합니다 2. 햄스트링에 힘을 주면서 발을 땅에서 들어올리고 다리를 몸 앞으로 곧게 펼칩니다 3. 가장 높은 지점에서 잠깐 멈춘 후 천천히 무릎을 구부리고 발을 몸 쪽으로 다시 가져옵니다,GYM|HOME,kick out sit,킥아웃 싯업,quadriceps,CORE_BRACE,REPRESENTATIVE,,,DOMAIN_APPROVED,glutes,HIP|KNEE,0555,gymvisual,kick_out_sit,REPS,STRENGTH,3.0,ADULT_COMPENDIUM_PDF_2024,02056,SIMILAR_ACTIVITY,DOMAIN_APPROVED,v2.0.6-met-compendium-direct-similar-1.0.0
SHOULDERS,60,4,15,,BEGINNER,MACHINE,LATERAL_RAISE,허리를 과하게 젖히지 말고 배 주변에 가볍게 힘을 줍니다|팔을 던지듯 움직이지 말고 천천히 올리고 내립니다,APPROVED,data/scripts/normalize_v2_0_6_form_cues.py,True,user-natural-language-ko-v2.0.6,1. 시트 높이를 조정하고 등을 패드에 기대고 머신에 위치합니다 2. 팔을 양옆으로 들어올려 바닥과 평행하게 만듭니다 3. 상단에서 잠깐 멈춘 후 팔을 천천히 시작 자세로 낮춥니다,GYM,lever lateral raise,레버 레터럴 레이즈,traps,ISOLATION,REPRESENTATIVE,,,DOMAIN_APPROVED,upper back,SHOULDER|WRIST_HAND|UPPER_BACK,0584,gymvisual,lever_lateral_raise,REPS,STRENGTH,3.5,ADULT_COMPENDIUM_PDF_2024,02054,SIMILAR_ACTIVITY,DOMAIN_APPROVED,v2.0.6-met-compendium-direct-similar-1.0.0
QUADRICEPS,60,4,15,,BEGINNER,MACHINE,LEG_EXTENSION,운동 전에 시트나 패드 위치와 무게를 몸에 맞게 조절합니다|반동을 쓰지 말고 무게를 천천히 움직입니다,APPROVED,data/scripts/normalize_v2_0_6_form_cues.py,True,user-natural-language-ko-v2.0.6,1. 등을 백레스트에 기대고 발을 풋패드에 올린 상태로 머신에 앉습니다 2. 무릎을 펴서 다리를 앞으로 뻗고 무게를 들어올립니다 3. 상단에서 잠깐 멈춘 후 무게를 천천히 시작 자세로 낮춥니다,GYM,lever leg extension,레버 레그 익스텐션,hamstrings,ISOLATION,REPRESENTATIVE,,,DOMAIN_APPROVED,,UPPER_BACK|HIP|KNEE,0585,gymvisual,lever_leg_extension,REPS,STRENGTH,3.5,ADULT_COMPENDIUM_PDF_2024,02054,SIMILAR_ACTIVITY,DOMAIN_APPROVED,v2.0.6-met-compendium-direct-similar-1.0.0
HAMSTRINGS,60,4,15,,BEGINNER,MACHINE,LEG_CURL,목을 손으로 당기지 말고 시선은 편안히 위쪽에 둡니다|허리가 과하게 뜨거나 처지지 않게 배 주변에 힘을 줍니다,APPROVED,data/scripts/normalize_v2_0_6_form_cues.py,True,user-natural-language-ko-v2.0.6,1. 머신에 얼굴을 아래로 향하게 하고 누워 다리를 일직선으로 펼친 후 발뒤꿈치를 패드 레버에 올립니다 2. 상체를 고정하고 발을 들어올리지 않고 다리를 위로 가능한 멀리 컬업합니다 3. 레버를 천천히 시작 자세로 낮춥니다,GYM,lever lying leg curl,레버 라잉 레그 컬,calves,CORE_BRACE,REPRESENTATIVE,,,DOMAIN_APPROVED,,ELBOW|HIP|KNEE|ANKLE_FOOT,0586,gymvisual,lever_lying_leg_curl,REPS,STRENGTH,3.5,ADULT_COMPENDIUM_PDF_2024,02054,SIMILAR_ACTIVITY,DOMAIN_APPROVED,v2.0.6-met-compendium-direct-similar-1.0.0
CHEST,60,4,15,,BEGINNER,MACHINE,CHEST_FLY,운동 전에 시트나 패드 위치와 무게를 몸에 맞게 조절합니다|반동을 쓰지 말고 무게를 천천히 움직입니다,APPROVED,data/scripts/normalize_v2_0_6_form_cues.py,True,user-natural-language-ko-v2.0.6,1. 시트 높이를 조절하고 머신에 앉아 등을 패드에 붙입니다 2. 손잡이를 앞으로 밀어 가슴 앞에서 마주치게 합니다 3. 천천히 시작 자세로 돌아와 가슴 근육을 늘입니다,GYM,lever seated fly,레버 시티드 플라이,deltoids,HORIZONTAL_PUSH,REPRESENTATIVE,,,DOMAIN_APPROVED,traps,SHOULDER|ELBOW|WRIST_HAND|UPPER_BACK|CHEST|ABDOMEN,0596,gymvisual,lever_seated_fly,REPS,STRENGTH,3.5,ADULT_COMPENDIUM_PDF_2024,02054,SIMILAR_ACTIVITY,DOMAIN_APPROVED,v2.0.6-met-compendium-direct-similar-1.0.0
ADDUCTORS,60,4,15,,BEGINNER,MACHINE,HIP_ABDUCTION,운동 전에 시트나 패드 위치와 무게를 몸에 맞게 조절합니다|반동을 쓰지 말고 무게를 천천히 움직입니다,APPROVED,data/scripts/normalize_v2_0_6_form_cues.py,True,user-natural-language-ko-v2.0.6,1. 머신에 앉아 등을 등받이에 붙이고 발을 풋레스트에 놓습니다 2. 외전근에 힘을 주고 천천히 다리를 벌려 몸의 중심선에서 멀어지게 합니다 3. 동작의 끝에서 잠시 멈춘 후 천천히 다리를 함께 모아 시작 자세로 돌아옵니다,GYM,lever seated hip abduction,레버 시티드 힙 어브덕션,glutes,ISOLATION,REPRESENTATIVE,,,DOMAIN_APPROVED,hamstrings,WRIST_HAND|UPPER_BACK|HIP|KNEE,0597,gymvisual,lever_seated_hip_abduction,REPS,STRENGTH,3.5,ADULT_COMPENDIUM_PDF_2024,02054,SIMILAR_ACTIVITY,DOMAIN_APPROVED,v2.0.6-met-compendium-direct-similar-1.0.0
GLUTES,60,4,15,,BEGINNER,MACHINE,HIP_ADDUCTION,운동 전에 시트나 패드 위치와 무게를 몸에 맞게 조절합니다|반동을 쓰지 말고 무게를 천천히 움직입니다,APPROVED,data/scripts/normalize_v2_0_6_form_cues.py,True,user-natural-language-ko-v2.0.6,1. 시트 높이를 조절하고 머신에 앉아 등을 등받이에 붙입니다 2. 내전근에 힘을 주고 천천히 다리를 모아 안쪽 허벅지를 조입니다 3. 최대 수축에서 잠시 멈춘 후 천천히 시작 자세로 돌아옵니다,GYM,lever seated hip adduction,레버 시티드 힙 어덕션,hamstrings,ISOLATION,REPRESENTATIVE,,,DOMAIN_APPROVED,glutes,WRIST_HAND|UPPER_BACK|HIP|KNEE,0598,gymvisual,lever_seated_hip_adduction,REPS,STRENGTH,3.5,ADULT_COMPENDIUM_PDF_2024,02054,SIMILAR_ACTIVITY,DOMAIN_APPROVED,v2.0.6-met-compendium-direct-similar-1.0.0
SHOULDERS,60,4,15,,BEGINNER,MACHINE,REVERSE_FLY,운동 전에 시트나 패드 위치와 무게를 몸에 맞게 조절합니다|반동을 쓰지 말고 무게를 천천히 움직입니다,APPROVED,data/scripts/normalize_v2_0_6_form_cues.py,True,user-natural-language-ko-v2.0.6,1. 시트 높이를 조절하고 머신에 앉아 가슴을 패드에 붙이고 발을 바닥에 평평하게 놓습니다 2. 견갑골을 조이고 손잡이를 뒤로 바깥쪽으로 당깁니다 3. 최대 수축에서 잠시 멈춘 후 천천히 시작 자세로 돌아옵니다,GYM,lever seated reverse fly (parallel grip),레버 시티드 리버스 플라이(평행 그립),traps,HORIZONTAL_PUSH,VARIANT,,lever_seated_reverse_fly,DOMAIN_APPROVED,rhomboids,SHOULDER|WRIST_HAND|UPPER_BACK|CHEST|ABDOMEN,0601,gymvisual,lever_seated_reverse_fly_parallel_grip,REPS,STRENGTH,3.5,ADULT_COMPENDIUM_PDF_2024,02054,SIMILAR_ACTIVITY,DOMAIN_APPROVED,v2.0.6-met-compendium-direct-similar-1.0.0
SHOULDERS,60,4,15,,BEGINNER,MACHINE,REVERSE_FLY,운동 전에 시트나 패드 위치와 무게를 몸에 맞게 조절합니다|반동을 쓰지 말고 무게를 천천히 움직입니다,APPROVED,data/scripts/normalize_v2_0_6_form_cues.py,True,user-natural-language-ko-v2.0.6,1. 시트 높이를 조절하고 머신에 앉아 가슴을 패드에 붙이고 발을 바닥에 평평하게 놓습니다 2. 견갑골을 조이고 손잡이를 뒤로 바깥쪽으로 당깁니다 3. 최대 수축에서 잠시 멈춘 후 천천히 시작 자세로 돌아옵니다,GYM,lever seated reverse fly,레버 시티드 리버스 플라이,traps,HORIZONTAL_PUSH,REPRESENTATIVE,,,DOMAIN_APPROVED,rhomboids,SHOULDER|WRIST_HAND|UPPER_BACK|CHEST|ABDOMEN,0602,gymvisual,lever_seated_reverse_fly,REPS,STRENGTH,3.5,ADULT_COMPENDIUM_PDF_2024,02054,SIMILAR_ACTIVITY,DOMAIN_APPROVED,v2.0.6-met-compendium-direct-similar-1.0.0
CORE,90,4,15,,INTERMEDIATE,BODYWEIGHT,LYING_LEG_RAISE_FLAT_BENCH,허리를 과하게 젖히지 말고 배 주변에 가볍게 힘을 줍니다|팔을 던지듯 움직이지 말고 천천히 올리고 내립니다,APPROVED,data/scripts/normalize_v2_0_6_form_cues.py,True,user-natural-language-ko-v2.0.6,1. 등을 플랫 벤치에 대고 누워 있습니다 2. 다리를 쭉 펴고 모아서 천장을 향해 들어올립니다 3. 가장 높은 지점에서 잠깐 멈춘 후 천천히 다리를 시작 자세로 내립니다,GYM,lying leg raise flat bench,플랫 벤치 라잉 레그 레이즈,hip flexors,ISOLATION,REPRESENTATIVE,,,DOMAIN_APPROVED,,UPPER_BACK|LOWER_BACK|HIP|KNEE|ABDOMEN,0620,gymvisual,lying_leg_raise_flat_bench,REPS,STRENGTH,3.0,ADULT_COMPENDIUM_PDF_2024,02056,SIMILAR_ACTIVITY,DOMAIN_APPROVED,v2.0.6-met-compendium-direct-similar-1.0.0
GLUTES,60,4,15,,BEGINNER,BODYWEIGHT,MONSTER_WALK,목과 허리를 과하게 꺾지 말고 편안한 자세를 유지합니다|반동을 쓰지 말고 천천히 움직입니다,APPROVED,data/scripts/normalize_v2_0_6_form_cues.py,True,user-natural-language-ko-v2.0.6,1. 어깨 너비로 발을 벌리고 무릎을 약간 구부립니다 2. 오른쪽 발을 옆으로 한 발 내디디면서 저항 밴드의 긴장을 유지합니다 3. 왼발로 따라 옆으로 한 발 내디디어 시작 자세로 돌아옵니다 4. 반대쪽도 같은 순서로 수행합니다,GYM|HOME,monster walk,몬스터 워크,hamstrings,GAIT,REPRESENTATIVE,,,DOMAIN_APPROVED,quadriceps,HIP|KNEE|ANKLE_FOOT,0628,gymvisual,monster_walk,REPS,STRENGTH,3.0,ADULT_COMPENDIUM_PDF_2024,02056,SIMILAR_ACTIVITY,DOMAIN_APPROVED,v2.0.6-met-compendium-direct-similar-1.0.0
CARDIO,60,,15,60,BEGINNER,BODYWEIGHT,MOUNTAIN_CLIMBER,목을 손으로 당기지 말고 시선은 편안히 위쪽에 둡니다|허리가 과하게 뜨거나 처지지 않게 배 주변에 힘을 줍니다,APPROVED,data/scripts/normalize_v2_0_6_form_cues.py,True,user-natural-language-ko-v2.0.6,1. 높은 플랭크 자세를 취해 손을 어깨 바로 아래 놓고 몸을 일직선으로 유지합니다 2. 코어에 힘을 주고 오른쪽 무릎을 가슴 쪽으로 가져온 후 빠르게 왼쪽 무릎으로 전환합니다 3. 반대쪽도 같은 순서로 수행합니다,GYM|HOME,mountain climber,마운틴 클라이머,core,CORE_BRACE,REPRESENTATIVE,,,DOMAIN_APPROVED,shoulders|triceps,SHOULDER|ELBOW|WRIST_HAND|HIP|KNEE|ANKLE_FOOT|ABDOMEN,0630,gymvisual,mountain_climber,DURATION,CARDIO,7.5,ADULT_COMPENDIUM_PDF_2024,02020,SIMILAR_ACTIVITY,DOMAIN_APPROVED,v2.0.6-met-compendium-direct-similar-1.0.0
CORE,60,4,15,,BEGINNER,BODYWEIGHT,OBLIQUE_CRUNCHES_FLOOR,목을 손으로 당기지 말고 시선은 편안히 위쪽에 둡니다|허리가 과하게 뜨거나 처지지 않게 배 주변에 힘을 줍니다,APPROVED,data/scripts/normalize_v2_0_6_form_cues.py,True,user-natural-language-ko-v2.0.6,1. 무릎을 구부리고 발을 바닥에 평평하게 놓고 등을 대고 누워 있습니다 2. 복근을 활성화하고 어깨 블레이드를 바닥에서 들어올리면서 몸통을 한쪽으로 회전합니다 3. 반대쪽에서 반복하며 각 회마다 양쪽을 번갈아 진행합니다,GYM|HOME,oblique crunches floor,바닥 오블리크 크런치,obliques,GAIT,REPRESENTATIVE,,,DOMAIN_APPROVED,,SHOULDER|UPPER_BACK|LOWER_BACK|KNEE|ANKLE_FOOT|CHEST|ABDOMEN,0635,gymvisual,oblique_crunches_floor,REPS,STRENGTH,2.8,ADULT_COMPENDIUM_PDF_2024,02024,SIMILAR_ACTIVITY,DOMAIN_APPROVED,v2.0.6-met-compendium-direct-similar-1.0.0
CHEST,60,4,15,,BEGINNER,BODYWEIGHT,PUSH_UP,손목을 과하게 꺾지 말고 손바닥 전체로 바닥을 지지합니다|허리가 처지거나 과하게 젖혀지지 않게 몸통을 유지합니다,APPROVED,data/scripts/normalize_v2_0_6_form_cues.py,True,user-natural-language-ko-v2.0.6,1. 벽을 마주보고 팔 길이 정도 거리에 서 있습니다 2. 팔꿈치를 구부려 가슴을 벽 쪽으로 낮추면서 몸을 일직선으로 유지합니다 3. 처음 자세로 다시 밀어올리면서 팔을 펼칩니다,GYM|HOME,push-up (wall),벽 푸시업,triceps,HORIZONTAL_PUSH,VARIANT,,push_up_horizontal_push_bodyweight,DOMAIN_APPROVED,deltoids,SHOULDER|ELBOW|WRIST_HAND|HIP|KNEE|CHEST|ABDOMEN,0659,gymvisual,push_up_wall,REPS,STRENGTH,3.0,ADULT_COMPENDIUM_PDF_2024,02056,SIMILAR_ACTIVITY,DOMAIN_APPROVED,v2.0.6-met-compendium-direct-similar-1.0.0
GLUTES,60,4,15,,BEGINNER,BODYWEIGHT,GLUTE_BRIDGE,허리를 둥글게 말지 말고 배 주변에 가볍게 힘을 줍니다|발바닥 전체로 바닥을 누르며 엉덩이 움직임을 만듭니다,APPROVED,data/scripts/normalize_v2_0_6_form_cues.py,True,user-natural-language-ko-v2.0.6,1. 등을 바닥에 누운 자세에서 발바닥을 땅에 붙이고 무릎을 구부립니다 2. 둔부와 햄스트링에 힘을 주고 엉덩이를 바닥에서 들어올려 무릎에서 어깨까지 일직선을 만듭니다 3. 이 자세를 유지한 후 엉덩이를 천천히 시작 자세로 내립니다,GYM,rear decline bridge,리어 디클라인 브리지,hamstrings,HIP_DOMINANT,VARIANT,,bodyweight_glute_bridge_hip_dominant_bodyweight,DOMAIN_APPROVED,lower back,SHOULDER|WRIST_HAND|UPPER_BACK|HIP|KNEE|ANKLE_FOOT|ABDOMEN,0668,gymvisual,rear_decline_bridge,REPS,STRENGTH,2.8,ADULT_COMPENDIUM_PDF_2024,02024,SIMILAR_ACTIVITY,DOMAIN_APPROVED,v2.0.6-met-compendium-direct-similar-1.0.0
CARDIO,60,,15,60,INTERMEDIATE,MACHINE,RUN_EQUIPMENT,발을 벨트 중앙에 두고 시선은 앞을 봅니다|속도를 갑자기 높이거나 손잡이에 체중을 싣지 않습니다,APPROVED,data/videos/0684-y5p0H8a.gif,True,gif-reviewed-natural-language-ko-v2.0.6,1. 러닝머신 벨트 위에 서서 손잡이를 가볍게 잡습니다 2. 한 발씩 번갈아 내디디며 일정한 리듬으로 달립니다,GYM,run (equipment),러닝머신,quadriceps,GAIT,REPRESENTATIVE,,,DOMAIN_APPROVED,hamstrings|calves,HIP|KNEE|ANKLE_FOOT|CHEST|ABDOMEN,0684,gymvisual,run_equipment,DURATION,CARDIO,8.0,ADULT_COMPENDIUM_HOME_2024,12150,SIMILAR_ACTIVITY,DOMAIN_APPROVED,v2.0.6-met-compendium-direct-similar-1.0.0
CORE,60,4,15,,BEGINNER,BODYWEIGHT,SEATED_LEG_RAISE,허리를 과하게 젖히지 말고 배 주변에 가볍게 힘을 줍니다|팔을 던지듯 움직이지 말고 천천히 올리고 내립니다,APPROVED,data/scripts/normalize_v2_0_6_form_cues.py,True,user-natural-language-ko-v2.0.6,1. 평평한 벤치에 앉아 등을 곧게 하고 발을 땅에 평평하게 놓습니다 2. 지지를 위해 양 손을 벤치의 옆에 올립니다 3. 가장 높은 지점에서 잠시 멈춘 후 천천히 다리를 시작 자세로 내려갑니다,GYM|HOME,seated leg raise,시티드 레그 레이즈,hip flexors,ISOLATION,REPRESENTATIVE,,,DOMAIN_APPROVED,,UPPER_BACK|LOWER_BACK|HIP|KNEE|ABDOMEN,0689,gymvisual,seated_leg_raise,REPS,STRENGTH,3.0,ADULT_COMPENDIUM_PDF_2024,02056,SIMILAR_ACTIVITY,DOMAIN_APPROVED,v2.0.6-met-compendium-direct-similar-1.0.0
CORE,60,4,15,,BEGINNER,BODYWEIGHT,SEATED_SIDE_CRUNCH_WALL,벽을 짚은 팔에 체중을 과하게 싣지 않습니다|상체를 옆으로 기울일 때 허리를 비틀지 않습니다,APPROVED,data/videos/0691-Y9hNPcN.gif,True,gif-reviewed-natural-language-ko-v2.0.6,1. 벽 옆에 서서 한 손으로 벽을 짚고 다리를 교차해 앉습니다 2. 옆구리를 수축하며 상체를 옆으로 기울였다가 천천히 가운데로 돌아옵니다,GYM|HOME,seated side crunch (wall),벽 짚고 시티드 사이드 크런치,obliques,GAIT,REPRESENTATIVE,,,DOMAIN_APPROVED,,ELBOW|UPPER_BACK|LOWER_BACK|HIP|KNEE|ANKLE_FOOT|ABDOMEN,0691,gymvisual,seated_side_crunch_wall,REPS,STRENGTH,2.8,ADULT_COMPENDIUM_PDF_2024,02024,SIMILAR_ACTIVITY,DOMAIN_APPROVED,v2.0.6-met-compendium-direct-similar-1.0.0
CORE,90,4,15,,INTERMEDIATE,BODYWEIGHT,SIDE_PLANK,허리를 둥글게 말지 말고 배 주변에 가볍게 힘을 줍니다|발바닥 전체로 바닥을 누르며 엉덩이 움직임을 만듭니다,APPROVED,data/scripts/normalize_v2_0_6_form_cues.py,True,user-natural-language-ko-v2.0.6,1. 옆으로 누워 다리를 펼친 상태로 한쪽 다리를 다른 쪽 위에 포개어 놓습니다 2. 팔뚝을 어깨 바로 아래 땅에 올려놓고 팔꿈치를 90도 각도로 구부립니다 3. 엉덩이를 천천히 시작 자세로 내립니다 4. 반대쪽도 같은 순서로 수행합니다,GYM|HOME,side bridge,사이드 브리지,obliques,HIP_DOMINANT,VARIANT,,bodyweight_incline_side_plank,DOMAIN_APPROVED,glutes,SHOULDER|ELBOW|WRIST_HAND|LOWER_BACK|HIP|KNEE|ABDOMEN,0705,gymvisual,side_bridge,REPS,STRENGTH,2.8,ADULT_COMPENDIUM_PDF_2024,02024,SIMILAR_ACTIVITY,DOMAIN_APPROVED,v2.0.6-met-compendium-direct-similar-1.0.0
CORE,60,4,15,,BEGINNER,BODYWEIGHT,SIDE_HIP_ON_PARALLEL_BARS,목과 허리를 과하게 꺾지 말고 편안한 자세를 유지합니다|반동을 쓰지 말고 천천히 움직입니다,APPROVED,data/scripts/normalize_v2_0_6_form_cues.py,True,user-natural-language-ko-v2.0.6,1. 두 개의 평행봉 사이에 발을 어깨너비로 벌리고 섭니다 2. 복부를 활성화하고 다리를 옆으로 천천히 들어 올립니다 다리는 펴진 상태로 유지합니다 3. 위쪽에서 잠깐 멈춘 후 다리를 천천히 시작 자세로 내립니다,GYM,side hip (on parallel bars),평행봉 사이드 힙,obliques,CORE_BRACE,REPRESENTATIVE,,,DOMAIN_APPROVED,hip flexors,LOWER_BACK|HIP|KNEE|ABDOMEN,0709,gymvisual,side_hip_on_parallel_bars,REPS,STRENGTH,3.0,ADULT_COMPENDIUM_PDF_2024,02056,SIMILAR_ACTIVITY,DOMAIN_APPROVED,v2.0.6-met-compendium-direct-similar-1.0.0
GLUTES,60,4,15,,BEGINNER,BODYWEIGHT,HIP_ABDUCTION,목과 허리를 과하게 꺾지 말고 편안한 자세를 유지합니다|반동을 쓰지 말고 천천히 움직입니다,APPROVED,data/scripts/normalize_v2_0_6_form_cues.py,True,user-natural-language-ko-v2.0.6,1. 발을 어깨너비로 벌리고 손을 엉덩이에 올려놓고 섭니다 2. 한쪽 다리로 체중을 이동하고 다른 쪽 다리를 옆으로 들어 올립니다 다리는 펴진 상태로 유지합니다 3. 위쪽에서 잠깐 멈춘 후 다리를 천천히 시작 자세로 내립니다 4. 반대쪽도 같은 순서로 수행합니다,GYM|HOME,side hip abduction,사이드 힙 어브덕션,glutes,ISOLATION,VARIANT,,lever_seated_hip_abduction,DOMAIN_APPROVED,quadriceps,HIP|KNEE,0710,gymvisual,side_hip_abduction,REPS,STRENGTH,3.0,ADULT_COMPENDIUM_PDF_2024,02056,SIMILAR_ACTIVITY,DOMAIN_APPROVED,v2.0.6-met-compendium-direct-similar-1.0.0
HAMSTRINGS,90,4,15,,INTERMEDIATE,BODYWEIGHT,SINGLE_LEG_PLATFORM_SLIDE,목과 허리를 과하게 꺾지 말고 편안한 자세를 유지합니다|반동을 쓰지 말고 천천히 움직입니다,APPROVED,data/scripts/normalize_v2_0_6_form_cues.py,True,user-natural-language-ko-v2.0.6,1. 한쪽 발을 플랫폼 또는 슬라이드 보드에 올려놓고 섭니다 2. 무릎을 약간 구부리고 플랫폼에 있는 발을 뒤로 밀어 다리를 펼칩니다 3. 발을 초기 위치로 다시 밀어 시작 자세로 천천히 돌아갑니다 4. 반대쪽도 같은 순서로 수행합니다,GYM,single leg platform slide,싱글 레그 발판 슬라이드,glutes,ISOLATION,REPRESENTATIVE,,,DOMAIN_APPROVED,quadriceps,UPPER_BACK|HIP|KNEE|ABDOMEN,0730,gymvisual,single_leg_platform_slide,REPS,STRENGTH,3.0,ADULT_COMPENDIUM_PDF_2024,02056,SIMILAR_ACTIVITY,DOMAIN_APPROVED,v2.0.6-met-compendium-direct-similar-1.0.0
GLUTES,60,4,15,,BEGINNER,MACHINE,SLED_45_DEGREE_LEG_WIDE_PRESS,무릎이 발끝 안쪽으로 무너지지 않게 합니다|무릎을 끝까지 세게 잠그지 않고 허리가 등받이에서 뜨지 않게 합니다,APPROVED,data/videos/0740-tj41Nu6.gif,True,gif-reviewed-natural-language-ko-v2.0.6,1. 45도 레그 프레스 기구에 등을 대고 발판에 발을 넓게 둡니다 2. 무릎을 굽혀 발판을 가까이 내렸다가 발바닥으로 밀어 다리를 폅니다,GYM,sled 45в° leg wide press,45도 와이드 레그 프레스,quadriceps,KNEE_DOMINANT,REPRESENTATIVE,,,DOMAIN_APPROVED,hamstrings|calves,UPPER_BACK|HIP|KNEE|ANKLE_FOOT,0740,gymvisual,sled_45_degree_leg_wide_press,REPS,STRENGTH,5.0,ADULT_COMPENDIUM_PDF_2024,02052,SIMILAR_ACTIVITY,DOMAIN_APPROVED,v2.0.6-met-compendium-direct-similar-1.0.0
CHEST,60,4,15,,BEGINNER,MACHINE,CHEST_PRESS,팔꿈치와 손목을 과하게 꺾지 않게 합니다|몸통을 흔들어 반동을 만들지 말고 천천히 밀고 돌아옵니다,APPROVED,data/scripts/normalize_v2_0_6_form_cues.py,True,user-natural-language-ko-v2.0.6,1. 벤치에 평평하게 누워 발을 땅에 단단히 디딥니다 2. 바가 가슴에 닿을 때 잠깐 멈춘 후 바를 밀어 팔을 완전히 폅니다 3. 바를 천천히 시작 자세로 내려놓습니다,GYM,smith bench press,스미스 벤치 프레스,triceps,HORIZONTAL_PUSH,REPRESENTATIVE,,,DOMAIN_APPROVED,shoulders,SHOULDER|ELBOW|WRIST_HAND|CHEST,0748,gymvisual,smith_bench_press,REPS,STRENGTH,3.5,ADULT_COMPENDIUM_PDF_2024,02054,SIMILAR_ACTIVITY,DOMAIN_APPROVED,v2.0.6-met-compendium-direct-similar-1.0.0
GLUTES,90,4,15,,INTERMEDIATE,MACHINE,GOOD_MORNING,허리를 둥글게 말지 말고 배 주변에 가볍게 힘을 줍니다|발바닥 전체로 바닥을 누르며 엉덩이 움직임을 만듭니다,APPROVED,data/scripts/normalize_v2_0_6_form_cues.py,True,user-natural-language-ko-v2.0.6,1. 발을 어깨 너비만큼 벌려서 섭니다 2. 무릎을 약간 구부려서 엉덩이 쪽으로 몸을 앞으로 굽히되 등을 폅니다 3. 몸통이 땅과 평행할 때까지 내려놓으면서 허벅지 뒤쪽이 늘어나는 느낌이 들도록 합니다,GYM,smith bent knee good morning,스미스 벤트 니 굿모닝,hamstrings,HIP_DOMINANT,REPRESENTATIVE,,,DOMAIN_APPROVED,lower back,UPPER_BACK|LOWER_BACK|HIP|KNEE|ABDOMEN,0749,gymvisual,smith_bent_knee_good_morning,REPS,STRENGTH,5.0,ADULT_COMPENDIUM_PDF_2024,02052,SIMILAR_ACTIVITY,DOMAIN_APPROVED,v2.0.6-met-compendium-direct-similar-1.0.0
TRICEPS,60,4,15,,BEGINNER,MACHINE,SMITH_CLOSE_GRIP_BENCH_PRESS,팔꿈치와 손목을 과하게 꺾지 않게 합니다|몸통을 흔들어 반동을 만들지 말고 천천히 밀고 돌아옵니다,APPROVED,data/scripts/normalize_v2_0_6_form_cues.py,True,user-natural-language-ko-v2.0.6,1. 시트 높이를 조정하고 벤치에 앉은 후 발을 지면에 단단히 디딥니다 2. 바벨을 가슴 쪽으로 천천히 내리면서 팔꿈치를 몸에 가깝게 유지합니다 3. 맨 아래에서 잠깐 멈춘 후 바벨을 시작 자세로 밀어 올립니다,GYM,smith close-grip bench press,스미스 클로즈그립 벤치 프레스,chest,HORIZONTAL_PUSH,REPRESENTATIVE,,,DOMAIN_APPROVED,shoulders,SHOULDER|ELBOW|CHEST,0751,gymvisual,smith_close_grip_bench_press,REPS,STRENGTH,3.5,ADULT_COMPENDIUM_PDF_2024,02054,SIMILAR_ACTIVITY,DOMAIN_APPROVED,v2.0.6-met-compendium-direct-similar-1.0.0
GLUTES,60,4,15,,BEGINNER,MACHINE,SMITH_LEG_PRESS,무릎이 발끝과 같은 방향을 향하게 하고 안쪽으로 무너지지 않게 합니다|발바닥 전체로 바닥을 밀어 몸을 일으킵니다,APPROVED,data/scripts/normalize_v2_0_6_form_cues.py,True,user-natural-language-ko-v2.0.6,1. 머신에 앉아 등과 머리를 백레스트에 대고 발을 풋플레이트에 어깨너비로 벌려 놓습니다 2. 다리를 펴서 풋플레이트를 앞으로 밀어내되 등은 백레스트에 대고 있습니다 3. 다리가 완전히 펴진 위치에서 잠깐 멈춥니다,GYM,smith leg press,스미스 레그 프레스,quadriceps,KNEE_DOMINANT,REPRESENTATIVE,,,DOMAIN_APPROVED,hamstrings|calves,HIP|KNEE|ANKLE_FOOT,0760,gymvisual,smith_leg_press,REPS,STRENGTH,5.0,ADULT_COMPENDIUM_PDF_2024,02052,SIMILAR_ACTIVITY,DOMAIN_APPROVED,v2.0.6-met-compendium-direct-similar-1.0.0
BACK,60,4,15,,BEGINNER,MACHINE,SMITH_NARROW_ROW,어깨가 귀 쪽으로 올라가지 않게 합니다|몸을 흔들어 반동을 만들지 말고 천천히 당깁니다,APPROVED,data/scripts/normalize_v2_0_6_form_cues.py,True,user-natural-language-ko-v2.0.6,1. 머신의 시트 높이를 조정하고 발을 바닥에 디딘 자세로 위치합니다 2. 등을 곧게 펴고 가슴을 펼친 후 핸들을 몸 쪽으로 당기면서 견갑골을 조여줍니다 3. 움직임의 최고점에서 잠깐 멈춘 후 핸들을 천천히 시작 자세로 돌려보냅니다,GYM,smith narrow row,스미스 내로우 로우,biceps,HORIZONTAL_PULL,REPRESENTATIVE,,,DOMAIN_APPROVED,rear deltoids,SHOULDER|ELBOW|WRIST_HAND|UPPER_BACK|LOWER_BACK|CHEST,0761,gymvisual,smith_narrow_row,REPS,STRENGTH,3.5,ADULT_COMPENDIUM_PDF_2024,02054,SIMILAR_ACTIVITY,DOMAIN_APPROVED,v2.0.6-met-compendium-direct-similar-1.0.0
QUADRICEPS,90,4,15,,INTERMEDIATE,MACHINE,SPLIT_SQUAT,무릎이 발끝과 같은 방향을 향하게 하고 안쪽으로 무너지지 않게 합니다|발바닥 전체로 바닥을 밀어 몸을 일으킵니다,APPROVED,data/scripts/normalize_v2_0_6_form_cues.py,True,user-natural-language-ko-v2.0.6,1. 스미스 머신 앞에 발을 어깨 너비만큼 벌려진 위치에 서 있습니다 2. 한쪽 발을 벤치나 스텝 위에 뒤로 올리되 발가락이 앞을 향합니다 3. 아래에서 잠깐 멈추고 앞다리의 뒤꿈치로 밀어 시작 자세로 돌아옵니다 4. 반대쪽도 같은 순서로 수행합니다,GYM,smith single leg split squat,스미스 싱글 레그 스플릿 스쿼트,glutes,GAIT,REPRESENTATIVE,,,DOMAIN_APPROVED,hamstrings,LOWER_BACK|HIP|KNEE|ANKLE_FOOT,0768,gymvisual,smith_single_leg_split_squat,REPS,STRENGTH,5.0,ADULT_COMPENDIUM_PDF_2024,02052,SIMILAR_ACTIVITY,DOMAIN_APPROVED,v2.0.6-met-compendium-direct-similar-1.0.0
GLUTES,90,4,15,,INTERMEDIATE,MACHINE,LUNGE,무릎이 발끝과 같은 방향을 향하게 하고 안쪽으로 무너지지 않게 합니다|발바닥 전체로 바닥을 밀어 몸을 일으킵니다,APPROVED,data/scripts/normalize_v2_0_6_form_cues.py,True,user-natural-language-ko-v2.0.6,1. 머신을 마주 보지 않고 발을 어깨 너비만큼 벌려진 위치에 서 있습니다 2. 오른쪽 발을 뒤로 물러 바 위에 올리고 발 윗부분을 바에 올립니다 3. 왼쪽 뒤꿈치로 밀어 시작 자세로 돌아옵니다 4. 반대쪽도 같은 순서로 수행합니다,GYM,smith sprint lunge,스미스 스프린트 런지,quadriceps,KNEE_DOMINANT,REPRESENTATIVE,,,DOMAIN_APPROVED,hamstrings|calves,LOWER_BACK|HIP|KNEE|ANKLE_FOOT,0769,gymvisual,smith_sprint_lunge,REPS,STRENGTH,5.0,ADULT_COMPENDIUM_PDF_2024,02052,SIMILAR_ACTIVITY,DOMAIN_APPROVED,v2.0.6-met-compendium-direct-similar-1.0.0
CARDIO,60,,15,60,BEGINNER,MACHINE,STATIONARY_BIKE_WALK,어깨에 힘을 빼고 손잡이를 과하게 잡지 않습니다|페달을 밟을 때 무릎이 안쪽으로 모이지 않게 합니다,APPROVED,data/videos/0798-a8VDgLw.gif,True,gif-reviewed-natural-language-ko-v2.0.6,1. 사이클 안장에 앉아 손잡이를 잡고 양발을 페달에 올립니다 2. 발을 번갈아 밀어 페달을 돌리며 일정한 리듬을 유지합니다,GYM,stationary bike walk,사이클,quadriceps,CYCLING,REPRESENTATIVE,,,DOMAIN_APPROVED,hamstrings|calves,UPPER_BACK|LOWER_BACK|HIP|KNEE|ANKLE_FOOT|ABDOMEN,0798,gymvisual,stationary_bike_walk,DURATION,CARDIO,6.8,ADULT_COMPENDIUM_HOME_2024,01200,DIRECT,DOMAIN_APPROVED,v2.0.6-met-compendium-direct-similar-1.0.0
CHEST,60,4,15,,BEGINNER,HOUSEHOLD_WEIGHT,WEIGHTED_SVEND_PRESS,원판을 놓치지 않도록 양손으로 안정적으로 누릅니다|팔을 뻗을 때 허리를 뒤로 젖히지 않습니다,APPROVED,data/videos/0856-I1OBLnn.gif,True,gif-reviewed-natural-language-ko-v2.0.6,1. 양손으로 원판을 가슴 앞에서 눌러 잡고 섭니다 2. 원판을 앞으로 밀어 팔을 뻗었다가 가슴 앞까지 천천히 당겨옵니다,GYM,weighted svend press,스벤드 프레스,shoulders,HORIZONTAL_PUSH,REPRESENTATIVE,,,DOMAIN_APPROVED,triceps,SHOULDER|ELBOW|WRIST_HAND|CHEST,0856,gymvisual,weighted_svend_press,REPS,STRENGTH,3.5,ADULT_COMPENDIUM_PDF_2024,02054,SIMILAR_ACTIVITY,DOMAIN_APPROVED,v2.0.6-met-compendium-direct-similar-1.0.0
QUADRICEPS,90,4,15,,INTERMEDIATE,RESISTANCE_BAND,SPLIT_SQUAT,무릎이 발끝과 같은 방향을 향하게 하고 안쪽으로 무너지지 않게 합니다|발바닥 전체로 바닥을 밀어 몸을 일으킵니다,APPROVED,data/scripts/normalize_v2_0_6_form_cues.py,True,user-natural-language-ko-v2.0.6,1. 엉덩이 너비로 발을 벌리고 서서 저항 밴드를 발목 주위에 감습니다 2. 무릎을 구부려 몸을 내리면서 오른쪽 넓적다리가 지면과 평행하게 되고 왼쪽 무릎은 약간 지면 위에 있도록 합니다 3. 오른쪽 발꿈치를 통해 밀어 시작 자세로 돌아옵니다 4. 반대쪽도 같은 순서로 수행합니다,GYM|HOME,band single leg split squat,밴드 싱글 레그 스플릿 스쿼트,glutes,KNEE_DOMINANT,VARIANT,,smith_single_leg_split_squat,DOMAIN_APPROVED,hamstrings,LOWER_BACK|HIP|KNEE|ANKLE_FOOT,1001,gymvisual,band_single_leg_split_squat,REPS,STRENGTH,5.0,ADULT_COMPENDIUM_PDF_2024,02052,SIMILAR_ACTIVITY,DOMAIN_APPROVED,v2.0.6-met-compendium-direct-similar-1.0.0
CHEST,60,4,15,,BEGINNER,BODYWEIGHT,BEHIND_HEAD_CHEST_STRETCH,당김이 느껴지는 편안한 범위까지만 움직입니다|반동으로 늘리지 말고 숨을 편안히 쉬며 자세를 유지합니다,APPROVED,data/scripts/normalize_v2_0_6_form_cues.py,True,user-natural-language-ko-v2.0.6,1. 어깨 너비로 발을 벌리고 똑바로 섭니다 2. 천천히 견갑골을 함께 조이고 가슴을 앞으로 밀어 냅니다,GYM|HOME,behind head chest stretch,머리 뒤 가슴 스트레칭,shoulders,ISOLATION,REPRESENTATIVE,,,DOMAIN_APPROVED,triceps,SHOULDER|ELBOW|WRIST_HAND|UPPER_BACK|CHEST,1259,gymvisual,behind_head_chest_stretch,REPS,STRENGTH,2.3,ADULT_COMPENDIUM_PDF_2024,02101,DIRECT,DOMAIN_APPROVED,v2.0.6-met-compendium-direct-similar-1.0.0
CHEST,60,4,15,,BEGINNER,BODYWEIGHT,ISOMETRIC_CHEST_SQUEEZE,어깨를 귀 쪽으로 올리지 않습니다|허리를 젖혀 손을 앞으로 밀지 않습니다,APPROVED,data/videos/1297-HbSG1Pw.gif,True,gif-reviewed-natural-language-ko-v2.0.6,1. 서서 양손을 가슴 앞에서 마주 댑니다 2. 양손을 서로 밀어 가슴 앞에 힘을 준 뒤 힘을 풀어 시작 자세로 돌아옵니다,GYM|HOME,isometric chest squeeze,체스트 스퀴즈,triceps,HORIZONTAL_PUSH,REPRESENTATIVE,,,DOMAIN_APPROVED,shoulders,SHOULDER|ELBOW|WRIST_HAND|KNEE|CHEST,1297,gymvisual,isometric_chest_squeeze,REPS,STRENGTH,3.0,ADULT_COMPENDIUM_PDF_2024,02056,SIMILAR_ACTIVITY,DOMAIN_APPROVED,v2.0.6-met-compendium-direct-similar-1.0.0
MOBILITY,30,,15,30,BEGINNER,BODYWEIGHT,SIDE_LYING_FLOOR_STRETCH,목이 꺾이지 않도록 머리를 편안히 지지합니다|관절 가동범위를 억지로 늘리지 않습니다,APPROVED,data/videos/1358-jDOKRM5.gif,True,gif-reviewed-natural-language-ko-v2.0.6,1. 옆으로 누워 아래쪽 팔을 앞으로 뻗고 다리를 포갭니다 2. 위쪽 팔과 다리를 천천히 움직여 몸 옆쪽을 늘린 뒤 시작 자세로 돌아옵니다,GYM|HOME,side lying floor stretch,옆으로 누워 스트레칭,obliques,MOBILITY_STRETCH,REPRESENTATIVE,,,DOMAIN_APPROVED,glutes,SHOULDER|UPPER_BACK|HIP|KNEE|ABDOMEN,1358,gymvisual,side_lying_floor_stretch,DURATION,MOBILITY,2.3,ADULT_COMPENDIUM_PDF_2024,02101,DIRECT,DOMAIN_APPROVED,v2.0.6-met-compendium-direct-similar-1.0.0
MOBILITY,30,,15,30,BEGINNER,BODYWEIGHT,SPHINX,당김이 느껴지는 편안한 범위까지만 움직입니다|반동으로 늘리지 말고 숨을 편안히 쉬며 자세를 유지합니다,APPROVED,data/scripts/normalize_v2_0_6_form_cues.py,True,user-natural-language-ko-v2.0.6,1. 바닥에 엎드려서 팔뚝을 바닥에 평평하게 놓고 팔꿈치가 어깨 바로 아래에 오도록 합니다 2. 가슴을 천천히 바닥으로 내립니다,GYM|HOME,sphinx,스핑크스 자세,glutes,MOBILITY_STRETCH,REPRESENTATIVE,,,DOMAIN_APPROVED,hamstrings,NECK|SHOULDER|ELBOW|UPPER_BACK|HIP|KNEE|ANKLE_FOOT|CHEST|ABDOMEN,1362,gymvisual,sphinx,DURATION,MOBILITY,2.3,ADULT_COMPENDIUM_PDF_2024,02101,DIRECT,DOMAIN_APPROVED,v2.0.6-met-compendium-direct-similar-1.0.0
MOBILITY,30,,15,30,BEGINNER,BODYWEIGHT,UPWARD_FACING_DOG,어깨가 귀 쪽으로 올라가지 않게 합니다|허리를 과도하게 꺾지 않고 편안한 범위에서 들어 올립니다,APPROVED,data/videos/1366-01qpYSe.gif,True,gif-reviewed-natural-language-ko-v2.0.6,1. 엎드린 자세에서 손을 가슴 옆 바닥에 둡니다 2. 손으로 바닥을 밀어 가슴을 들어 올리고 다리를 길게 뻗은 뒤 천천히 내려옵니다,GYM|HOME,upward facing dog,업독,shoulders,MOBILITY_STRETCH,REPRESENTATIVE,,,DOMAIN_APPROVED,chest,SHOULDER|WRIST_HAND|UPPER_BACK|CHEST,1366,gymvisual,upward_facing_dog,DURATION,MOBILITY,2.3,ADULT_COMPENDIUM_PDF_2024,02101,DIRECT,DOMAIN_APPROVED,v2.0.6-met-compendium-direct-similar-1.0.0
MOBILITY,30,,15,30,BEGINNER,RESISTANCE_BAND,PERONEALS_STRETCH,밴드를 갑자기 세게 당기지 않습니다|무릎을 과하게 잠그지 않고 발목을 천천히 움직입니다,APPROVED,data/videos/1388-XhfS1DZ.gif,True,gif-reviewed-natural-language-ko-v2.0.6,1. 바닥에 앉아 한쪽 다리를 앞으로 뻗고 발에 밴드를 겁니다 2. 밴드를 손으로 당겨 발목을 몸 쪽으로 움직였다가 천천히 풀며 반대쪽도 수행합니다,GYM|HOME,peroneals stretch,밴드 종아리 스트레칭,ankles,MOBILITY_STRETCH,REPRESENTATIVE,,,DOMAIN_APPROVED,feet,WRIST_HAND|ANKLE_FOOT,1388,gymvisual,peroneals_stretch,DURATION,MOBILITY,2.3,ADULT_COMPENDIUM_PDF_2024,02101,DIRECT,DOMAIN_APPROVED,v2.0.6-met-compendium-direct-similar-1.0.0
MOBILITY,30,,15,30,BEGINNER,RESISTANCE_BAND,POSTERIOR_TIBIALIS_STRETCH,발목을 비틀거나 급하게 꺾지 않습니다|밴드가 발에서 미끄러지지 않게 잡습니다,APPROVED,data/videos/1389-DEEqoI2.gif,True,gif-reviewed-natural-language-ko-v2.0.6,1. 바닥에 앉아 한쪽 다리를 뻗고 발에 밴드를 겁니다 2. 밴드를 잡은 채 발목을 천천히 움직여 정강이와 종아리 쪽을 늘린 뒤 반대쪽도 수행합니다,GYM|HOME,posterior tibialis stretch,밴드 정강이 종아리 스트레칭,hamstrings,MOBILITY_STRETCH,REPRESENTATIVE,,,DOMAIN_APPROVED,quadriceps,WRIST_HAND|ANKLE_FOOT,1389,gymvisual,posterior_tibialis_stretch,DURATION,MOBILITY,2.3,ADULT_COMPENDIUM_PDF_2024,02101,DIRECT,DOMAIN_APPROVED,v2.0.6-met-compendium-direct-similar-1.0.0
MOBILITY,30,,15,30,BEGINNER,BODYWEIGHT,STANDING_CALVES,당김이 느껴지는 편안한 범위까지만 움직입니다|반동으로 늘리지 말고 숨을 편안히 쉬며 자세를 유지합니다,APPROVED,data/scripts/normalize_v2_0_6_form_cues.py,True,user-natural-language-ko-v2.0.6,1. 발을 어깨너비로 벌리고 발가락이 앞을 향하도록 서 있습니다 2. 뒤꿈치를 땅에서 떼고 최대한 높이 올려 발가락 위로 서 있습니다 3. 자세를 잠깐 유지한 후 뒤꿈치를 천천히 시작 자세로 내립니다,GYM|HOME,standing calves,스탠딩 카프 레이즈,hamstrings,MOBILITY_STRETCH,REPRESENTATIVE,,,DOMAIN_APPROVED,glutes,HIP|KNEE|ANKLE_FOOT,1397,gymvisual,standing_calves,DURATION,MOBILITY,2.3,ADULT_COMPENDIUM_PDF_2024,02101,DIRECT,DOMAIN_APPROVED,v2.0.6-met-compendium-direct-similar-1.0.0
MOBILITY,30,,15,30,BEGINNER,BODYWEIGHT,CALF_PUSH_STRETCH_WITH_HANDS_AGAINST_WALL,뒤꿈치가 바닥에서 들리지 않게 합니다|허리를 꺾거나 반동으로 밀지 않습니다,APPROVED,data/videos/1407-PzNxakt.gif,True,gif-reviewed-natural-language-ko-v2.0.6,1. 벽을 양손으로 짚고 한쪽 발을 뒤로 보냅니다 2. 뒤쪽 다리의 뒤꿈치를 바닥 쪽으로 누른 뒤 천천히 힘을 풀며 반대쪽도 수행합니다,GYM|HOME,calf push stretch with hands against wall,벽 짚고 종아리 스트레칭,hamstrings,MOBILITY_STRETCH,REPRESENTATIVE,,,DOMAIN_APPROVED,,SHOULDER|HIP|KNEE|ANKLE_FOOT,1407,gymvisual,calf_push_stretch_with_hands_against_wall,DURATION,MOBILITY,2.3,ADULT_COMPENDIUM_PDF_2024,02101,DIRECT,DOMAIN_APPROVED,v2.0.6-met-compendium-direct-similar-1.0.0
MOBILITY,30,,15,30,BEGINNER,BODYWEIGHT,IRON_CROSS_STRETCH,당김이 느껴지는 편안한 범위까지만 움직입니다|반동으로 늘리지 말고 숨을 편안히 쉬며 자세를 유지합니다,APPROVED,data/scripts/normalize_v2_0_6_form_cues.py,True,user-natural-language-ko-v2.0.6,1. 등을 바닥에 대고 누워 팔을 양쪽으로 뻗습니다 2. 다리를 천장을 향해 들어올리며 다리를 곧게 펼칩니다 3. 자세를 잠시 유지한 뒤 다리를 시작 자세로 돌아옵니다,GYM|HOME,iron cross stretch,아이언 크로스 스트레칭,hamstrings,MOBILITY_STRETCH,REPRESENTATIVE,,,DOMAIN_APPROVED,quadriceps,UPPER_BACK|HIP|KNEE,1419,gymvisual,iron_cross_stretch,DURATION,MOBILITY,2.3,ADULT_COMPENDIUM_PDF_2024,02101,DIRECT,DOMAIN_APPROVED,v2.0.6-met-compendium-direct-similar-1.0.0
GLUTES,90,4,15,,INTERMEDIATE,BODYWEIGHT,REVERSE_HYPER_ON_FLAT_BENCH,목과 허리를 과하게 꺾지 말고 편안한 자세를 유지합니다|반동을 쓰지 말고 천천히 움직입니다,APPROVED,data/scripts/normalize_v2_0_6_form_cues.py,True,user-natural-language-ko-v2.0.6,1. 골반이 벤치 끝에 있고 다리가 벤치 아래로 매달린 상태로 평평한 벤치 위에 엎드립니다 2. 다리를 곧게 펴진 상태로 유지하면서 다리를 천장 쪽으로 최대한 높이 들어올립니다 3. 천천히 다리를 시작 자세로 낮춥니다,GYM,reverse hyper on flat bench,플랫 벤치 리버스 하이퍼익스텐션,hamstrings,ISOLATION,REPRESENTATIVE,,,DOMAIN_APPROVED,lower back,WRIST_HAND|UPPER_BACK|HIP|KNEE,1423,gymvisual,reverse_hyper_on_flat_bench,REPS,STRENGTH,3.0,ADULT_COMPENDIUM_PDF_2024,02056,SIMILAR_ACTIVITY,DOMAIN_APPROVED,v2.0.6-met-compendium-direct-similar-1.0.0
CHEST,90,4,15,,INTERMEDIATE,BODYWEIGHT,DIP,팔꿈치와 손목을 과하게 꺾지 않게 합니다|몸통을 흔들어 반동을 만들지 말고 천천히 밀고 돌아옵니다,APPROVED,data/scripts/normalize_v2_0_6_form_cues.py,True,user-natural-language-ko-v2.0.6,1. 바 사이에 서서 각 바에 손을 올리되 어깨 너비보다 약간 넓게 놓습니다 2. 위로 뛰어올라서 팔을 곧게 펴서 바 위에서 몸의 무게를 지탱합니다 3. 팔꿈치를 구부리면서 몸을 내려놓되 가슴을 들어올리고 어깨를 내린 상태를 유지합니다,GYM,chest dip (on dip-pull-up cage),딥-풀업 케이지 체스트 딥,triceps,VERTICAL_PULL,VARIANT,,assisted_triceps_dip_kneeling,DOMAIN_APPROVED,shoulders,SHOULDER|ELBOW|WRIST_HAND|UPPER_BACK|KNEE|ANKLE_FOOT|CHEST,1430,gymvisual,chest_dip_on_dip_pull_up_cage,REPS,STRENGTH,3.0,ADULT_COMPENDIUM_PDF_2024,02056,SIMILAR_ACTIVITY,DOMAIN_APPROVED,v2.0.6-met-compendium-direct-similar-1.0.0
BACK,60,4,15,,BEGINNER,MACHINE,PULL_UP,발판에 오르내릴 때 기구가 흔들리지 않게 합니다|몸을 흔들어 반동을 만들지 않습니다,APPROVED,data/videos/1432-f4xtKBj.gif,True,gif-reviewed-natural-language-ko-v2.0.6,1. 보조 풀업 머신의 발판에 서서 바를 잡습니다 2. 팔꿈치를 아래로 당겨 몸을 들어 올렸다가 천천히 팔을 펴 시작 자세로 돌아옵니다,GYM,assisted standing pull-up,어시스트 스탠딩 풀업,biceps,VERTICAL_PULL,VARIANT,,assisted_pull_up,DOMAIN_APPROVED,forearms,ELBOW|WRIST_HAND|UPPER_BACK|ABDOMEN,1432,gymvisual,assisted_standing_pull_up,REPS,STRENGTH,3.5,ADULT_COMPENDIUM_PDF_2024,02054,SIMILAR_ACTIVITY,DOMAIN_APPROVED,v2.0.6-met-compendium-direct-similar-1.0.0
GLUTES,60,4,15,,BEGINNER,BODYWEIGHT,LUNGE,무릎이 발끝과 같은 방향을 향하게 하고 안쪽으로 무너지지 않게 합니다|발바닥 전체로 바닥을 밀어 몸을 일으킵니다,APPROVED,data/scripts/normalize_v2_0_6_form_cues.py,True,user-natural-language-ko-v2.0.6,1. 발을 어깨 너비로 벌리고 섭니다 2. 오른쪽 다리를 앞으로 내딛고 런지 자세로 내려갑니다 3. 오른쪽 발을 밀어내고 왼쪽 발을 앞으로 내딛어 왼쪽 다리로 런지 자세를 잡습니다 4. 반대쪽도 같은 순서로 수행합니다,GYM|HOME,walking lunge,워킹 런지,quadriceps,GAIT,VARIANT,,smith_sprint_lunge,DOMAIN_APPROVED,hamstrings|calves,LOWER_BACK|HIP|KNEE|ANKLE_FOOT|ABDOMEN,1460,gymvisual,walking_lunge,REPS,STRENGTH,3.0,ADULT_COMPENDIUM_PDF_2024,02056,SIMILAR_ACTIVITY,DOMAIN_APPROVED,v2.0.6-met-compendium-direct-similar-1.0.0
GLUTES,90,4,15,,INTERMEDIATE,BODYWEIGHT,ONE_LEG_SQUAT,무릎이 발끝과 같은 방향을 향하게 하고 안쪽으로 무너지지 않게 합니다|발바닥 전체로 바닥을 밀어 몸을 일으킵니다,APPROVED,data/scripts/normalize_v2_0_6_form_cues.py,True,user-natural-language-ko-v2.0.6,1. 발을 어깨 너비로 벌리고 서 있습니다 2. 서 있는 다리를 구부려 마치 의자에 앉듯이 몸을 내립니다 3. 발뒤꿈치로 밀어 시작 자세로 돌아옵니다,GYM|HOME,one leg squat,싱글 레그 스쿼트,quadriceps,KNEE_DOMINANT,REPRESENTATIVE,,,DOMAIN_APPROVED,hamstrings|calves,UPPER_BACK|LOWER_BACK|HIP|KNEE|ANKLE_FOOT|CHEST,1476,gymvisual,one_leg_squat,REPS,STRENGTH,3.0,ADULT_COMPENDIUM_PDF_2024,02056,SIMILAR_ACTIVITY,DOMAIN_APPROVED,v2.0.6-met-compendium-direct-similar-1.0.0
MOBILITY,30,,15,30,BEGINNER,ROPE,INTERMEDIATE_HIP_FLEXOR_AND_QUAD_STRETCH,골반이 들리거나 허리가 과하게 뜨지 않게 합니다|다리를 억지로 끝까지 끌어당기지 않습니다,APPROVED,data/videos/1564-tFGKm99.gif,True,gif-reviewed-natural-language-ko-v2.0.6,1. 바닥에 누워 한쪽 다리를 길게 뻗고 반대쪽 다리를 들어 올립니다 2. 다리를 편안한 범위에서 몸 쪽으로 당겼다가 천천히 내려 반대쪽도 수행합니다,GYM,intermediate hip flexor and quad stretch,고관절 햄스트링 스트레칭,hamstrings,MOBILITY_STRETCH,REPRESENTATIVE,,,DOMAIN_APPROVED,glutes,WRIST_HAND|HIP|KNEE,1564,gymvisual,intermediate_hip_flexor_and_quad_stretch,DURATION,MOBILITY,2.3,ADULT_COMPENDIUM_PDF_2024,02101,DIRECT,DOMAIN_APPROVED,v2.0.6-met-compendium-direct-similar-1.0.0
CORE,60,4,15,,BEGINNER,BODYWEIGHT,POSTERIOR_STEP_TO_OVERHEAD_REACH,앞무릎이 발끝 안쪽으로 무너지지 않게 합니다|팔을 올릴 때 허리를 과하게 젖히지 않습니다,APPROVED,data/videos/1687-ErqK3UL.gif,True,gif-reviewed-natural-language-ko-v2.0.6,1. 서서 한쪽 발을 뒤로 내디디며 팔을 머리 위로 뻗습니다 2. 뒤쪽 무릎을 굽혔다가 앞발로 바닥을 밀어 서 있는 자세로 돌아오며 반대쪽도 수행합니다,GYM|HOME,posterior step to overhead reach,리버스 오버헤드 리치,glutes,VERTICAL_PUSH,REPRESENTATIVE,,,DOMAIN_APPROVED,hamstrings|quadriceps|shoulders,SHOULDER|LOWER_BACK|HIP|KNEE|ANKLE_FOOT|ABDOMEN,1687,gymvisual,posterior_step_to_overhead_reach,REPS,STRENGTH,3.0,ADULT_COMPENDIUM_PDF_2024,02056,SIMILAR_ACTIVITY,DOMAIN_APPROVED,v2.0.6-met-compendium-direct-similar-1.0.0
MOBILITY,30,,15,30,BEGINNER,BODYWEIGHT,PUSH_AND_PULL_BODYWEIGHT,당김이 느껴지는 편안한 범위까지만 움직입니다|반동으로 늘리지 말고 숨을 편안히 쉬며 자세를 유지합니다,APPROVED,data/scripts/normalize_v2_0_6_form_cues.py,True,user-natural-language-ko-v2.0.6,1. 손이 어깨 너비보다 약간 넓고 머리에서 발끝까지 일직선인 푸시업 자세에서 시작합니다 2. 푸시업 자세에서 팔꿈치를 구부려 가슴을 땅 쪽으로 당기면서 몸을 펴진 상태로 유지합니다 3. 손바닥을 밀어 팔을 펴고 처음 자세로 돌아옵니다 4. 어려우면 무릎을 바닥에 대고 수행하거나 내려갈 때만 천천히 버틴 뒤 무릎을 대고 올라옵니다,GYM|HOME,push and pull bodyweight,맨몸 푸시 앤 풀,triceps,MOBILITY_STRETCH,REPRESENTATIVE,,,DOMAIN_APPROVED,deltoids,SHOULDER|ELBOW|WRIST_HAND|CHEST|ABDOMEN,1689,gymvisual,push_and_pull_bodyweight,DURATION,MOBILITY,2.3,ADULT_COMPENDIUM_PDF_2024,02101,DIRECT,DOMAIN_APPROVED,v2.0.6-met-compendium-direct-similar-1.0.0
SHOULDERS,90,4,15,,INTERMEDIATE,DUMBBELL,DUMBBELL_PUSH_PRESS,허리를 과하게 젖히지 말고 배 주변에 가볍게 힘을 줍니다|팔을 던지듯 움직이지 말고 천천히 올리고 내립니다,APPROVED,data/scripts/normalize_v2_0_6_form_cues.py,True,user-natural-language-ko-v2.0.6,1. 발을 어깨 넓이로 벌리고 양손에 덤벨을 잡아 어깨 높이에 올립니다 2. 무릎을 약간 구부리고 몸을 살짝 내린 후 발을 폭발적으로 펼치면서 덤벨을 머리 위로 밉니다 3. 가장 높은 지점에서 팔을 완전히 펼친 후 덤벨을 어깨 높이로 다시 내립니다,GYM|HOME,dumbbell push press,덤벨 푸시 프레스,triceps,ISOLATION,REPRESENTATIVE,,,DOMAIN_APPROVED,core,SHOULDER|ELBOW|KNEE|ABDOMEN,1700,gymvisual,dumbbell_push_press,REPS,STRENGTH,3.5,ADULT_COMPENDIUM_PDF_2024,02054,SIMILAR_ACTIVITY,DOMAIN_APPROVED,v2.0.6-met-compendium-direct-similar-1.0.0
TRICEPS,90,4,15,,INTERMEDIATE,BODYWEIGHT,TRICEPS_EXTENSION,목과 허리를 과하게 꺾지 말고 편안한 자세를 유지합니다|반동을 쓰지 말고 천천히 움직입니다,APPROVED,data/scripts/normalize_v2_0_6_form_cues.py,True,user-natural-language-ko-v2.0.6,1. 무릎을 골반 너비로 벌려 바닥에 무릎을 꿇습니다 2. 팔꿈치를 구부리고 상체를 바닥 쪽으로 낮춥니다 팔꿈치는 몸에 붙여둡니다 3. 잠시 멈춘 후 손으로 밀어 팔을 펴면서 시작 자세로 돌아옵니다,GYM|HOME,bodyweight kneeling triceps extension,맨몸 니링 삼두 익스텐션,shoulders,ISOLATION,REPRESENTATIVE,,,DOMAIN_APPROVED,chest,SHOULDER|ELBOW|WRIST_HAND|HIP|KNEE|ANKLE_FOOT|CHEST,1771,gymvisual,bodyweight_kneeling_triceps_extension,REPS,STRENGTH,3.0,ADULT_COMPENDIUM_PDF_2024,02056,SIMILAR_ACTIVITY,DOMAIN_APPROVED,v2.0.6-met-compendium-direct-similar-1.0.0
QUADRICEPS,60,,15,30,BEGINNER,DUMBBELL,FARMERS_WALK,운동 전에 시트나 패드 위치와 무게를 몸에 맞게 조절합니다|반동을 쓰지 말고 무게를 천천히 움직입니다,APPROVED,data/scripts/normalize_v2_0_6_form_cues.py,True,user-natural-language-ko-v2.0.6,1. 각 손에 덤벨을 잡고 선 자세에서 손가락이 옆을 향하도록 합니다 2. 작고 조절된 걸음으로 앞으로 나아가면서 바른 자세를 유지합니다 3. 걷기를 멈추고 덤벨을 조심스럽게 옆에 내려놓습니다,GYM|HOME,farmers walk,파머스 워크,calves,GAIT,REPRESENTATIVE,,,DOMAIN_APPROVED,forearms|core,SHOULDER|WRIST_HAND|UPPER_BACK|LOWER_BACK|HIP|KNEE|ANKLE_FOOT,2133,gymvisual,farmers_walk,DURATION,STRENGTH,4.5,ADULT_COMPENDIUM_HOME_2024,17018,SIMILAR_ACTIVITY,DOMAIN_APPROVED,v2.0.6-met-compendium-direct-similar-1.0.0
CARDIO,60,,15,60,BEGINNER,MACHINE,WALK_ELLIPTICAL_CROSS_TRAINER,발판에서 발이 들리지 않도록 합니다|상체를 과하게 숙이지 않고 손잡이에 매달리지 않습니다,APPROVED,data/videos/2141-rjtuP6X.gif,True,gif-reviewed-natural-language-ko-v2.0.6,1. 일립티컬의 발판에 올라가 손잡이를 잡습니다 2. 팔과 다리를 함께 앞뒤로 움직이며 발판을 번갈아 밟습니다,GYM,walk elliptical cross trainer,일립티컬,quadriceps,ELLIPTICAL,REPRESENTATIVE,,,DOMAIN_APPROVED,hamstrings|glutes|calves,HIP|KNEE|ANKLE_FOOT|ABDOMEN,2141,gymvisual,walk_elliptical_cross_trainer,DURATION,CARDIO,5.0,ADULT_COMPENDIUM_HOME_2024,02048,DIRECT,DOMAIN_APPROVED,v2.0.6-met-compendium-direct-similar-1.0.0
MOBILITY,30,,15,30,BEGINNER,FOAM_ROLLER,ROLLER_SEATED_SHOULDER_FLEXOR_DEPRESOR_RETRACTOR,손목과 어깨에 체중이 과하게 실리지 않게 합니다|폼롤러를 빠르게 굴리거나 무릎을 과하게 꺾지 않습니다,APPROVED,data/videos/2203-8coXSYU.gif,True,gif-reviewed-natural-language-ko-v2.0.6,1. 바닥에 앉아 손을 뒤에 두고 다리를 폼롤러 위에 올립니다 2. 손으로 몸을 지지하며 폼롤러 위에서 허벅지 뒤쪽을 천천히 앞뒤로 굴립니다,GYM|HOME,foam roller hamstring stretch,폼롤러 햄스트링 스트레칭,deltoids,MOBILITY_STRETCH,REPRESENTATIVE,,,DOMAIN_APPROVED,triceps,SHOULDER|ELBOW|WRIST_HAND|HIP|KNEE|CHEST,2203,gymvisual,foam_roller_hamstring_stretch,DURATION,MOBILITY,2.3,ADULT_COMPENDIUM_PDF_2024,02101,DIRECT,DOMAIN_APPROVED,v2.0.6-met-compendium-direct-similar-1.0.0
MOBILITY,30,,15,30,BEGINNER,FOAM_ROLLER,ROLLER_BODY_SAW,허리가 처지지 않도록 몸통을 길게 유지합니다|폼롤러가 무릎 관절 위로 직접 지나가지 않게 합니다,APPROVED,data/videos/2204-XeMvLgE.gif,True,gif-reviewed-natural-language-ko-v2.0.6,1. 엎드려 폼롤러를 허벅지 아래에 두고 손으로 바닥을 짚습니다 2. 몸을 앞뒤로 천천히 움직여 허벅지를 폼롤러 위에서 굴립니다,GYM|HOME,foam roller thigh stretch,폼롤러 허벅지 스트레칭,shoulders,MOBILITY_STRETCH,REPRESENTATIVE,,,DOMAIN_APPROVED,triceps|core,SHOULDER|ELBOW|WRIST_HAND|LOWER_BACK|ABDOMEN,2204,gymvisual,foam_roller_thigh_stretch,DURATION,MOBILITY,2.3,ADULT_COMPENDIUM_PDF_2024,02101,DIRECT,DOMAIN_APPROVED,v2.0.6-met-compendium-direct-similar-1.0.0
MOBILITY,30,,15,30,BEGINNER,FOAM_ROLLER,ROLLER_HIP_LAT_STRETCH,골반이 바닥으로 떨어지지 않도록 손과 발로 지지합니다|옆구리나 무릎 관절을 폼롤러로 직접 누르지 않습니다,APPROVED,data/videos/2205-0L2KwtI.gif,True,gif-reviewed-natural-language-ko-v2.0.6,1. 옆으로 엎드려 폼롤러를 허벅지 바깥쪽 아래에 둡니다 2. 팔과 반대쪽 다리로 몸을 지지하며 옆허벅지를 천천히 앞뒤로 굴립니다,GYM|HOME,foam roller outer thigh stretch,폼롤러 옆허벅지 스트레칭,hamstrings,MOBILITY_STRETCH,REPRESENTATIVE,,,DOMAIN_APPROVED,quadriceps,UPPER_BACK|HIP|KNEE,2205,gymvisual,foam_roller_outer_thigh_stretch_2205,DURATION,MOBILITY,2.3,ADULT_COMPENDIUM_PDF_2024,02101,DIRECT,DOMAIN_APPROVED,v2.0.6-met-compendium-direct-similar-1.0.0
MOBILITY,30,,15,30,BEGINNER,FOAM_ROLLER,ROLLER_REVERSE_CRUNCH,손목에 체중이 과하게 실리지 않게 합니다|발목을 억지로 꺾지 않고 종아리를 천천히 굴립니다,APPROVED,data/videos/2206-SKXQAx3.gif,True,gif-reviewed-natural-language-ko-v2.0.6,1. 바닥에 앉아 손을 뒤에 두고 종아리를 폼롤러 위에 올립니다 2. 손으로 몸을 지지하며 종아리를 폼롤러 위에서 천천히 앞뒤로 굴립니다,GYM|HOME,foam roller calf stretch,폼롤러 종아리 스트레칭,hip flexors,MOBILITY_STRETCH,REPRESENTATIVE,,,DOMAIN_APPROVED,,SHOULDER|UPPER_BACK|LOWER_BACK|HIP|KNEE|ANKLE_FOOT|CHEST|ABDOMEN,2206,gymvisual,foam_roller_calf_stretch_2206,DURATION,MOBILITY,2.3,ADULT_COMPENDIUM_PDF_2024,02101,DIRECT,DOMAIN_APPROVED,v2.0.6-met-compendium-direct-similar-1.0.0
MOBILITY,30,,15,30,BEGINNER,FOAM_ROLLER,ROLLER_SIDE_LAT_STRETCH,몸통이 한쪽으로 꺾이지 않도록 지지합니다|압박이 강하면 체중을 줄이고 천천히 움직입니다,APPROVED,data/videos/2207-c3Pfhti.gif,True,gif-reviewed-natural-language-ko-v2.0.6,1. 옆으로 엎드려 폼롤러를 허벅지 바깥쪽 아래에 둡니다 2. 팔과 반대쪽 다리로 몸을 지지하며 옆허벅지를 천천히 앞뒤로 굴립니다,GYM|HOME,foam roller outer thigh stretch,폼롤러 옆허벅지 스트레칭,shoulders,MOBILITY_STRETCH,REPRESENTATIVE,,,DOMAIN_APPROVED,triceps,SHOULDER|ELBOW|UPPER_BACK|LOWER_BACK|HIP|KNEE|ABDOMEN,2207,gymvisual,foam_roller_outer_thigh_stretch_2207,DURATION,MOBILITY,2.3,ADULT_COMPENDIUM_PDF_2024,02101,DIRECT,DOMAIN_APPROVED,v2.0.6-met-compendium-direct-similar-1.0.0
MOBILITY,30,,15,30,BEGINNER,FOAM_ROLLER,ROLLER_SEATED_SINGLE_LEG_SHOULDER_FLEXOR_DEPRESOR_RETRACTOR,지지하는 손의 손목이 꺾이지 않게 합니다|한쪽 종아리에 체중을 과하게 싣지 않습니다,APPROVED,data/videos/2209-CjETvlw.gif,True,gif-reviewed-natural-language-ko-v2.0.6,1. 바닥에 앉아 손을 뒤에 두고 한쪽 종아리를 폼롤러 위에 올립니다 2. 몸을 앞뒤로 움직여 종아리를 천천히 굴린 뒤 반대쪽도 수행합니다,GYM|HOME,foam roller calf stretch,폼롤러 종아리 스트레칭,deltoids,MOBILITY_STRETCH,REPRESENTATIVE,,,DOMAIN_APPROVED,triceps,SHOULDER|ELBOW|WRIST_HAND|HIP|KNEE|CHEST|ABDOMEN,2209,gymvisual,foam_roller_calf_stretch_2209,DURATION,MOBILITY,2.3,ADULT_COMPENDIUM_PDF_2024,02101,DIRECT,DOMAIN_APPROVED,v2.0.6-met-compendium-direct-similar-1.0.0
CARDIO,60,,15,60,BEGINNER,BODYWEIGHT,LEFT_HOOK_BOXING,팔만 휘두르지 말고 몸통 회전은 작고 통제되게 합니다|팔꿈치를 과하게 펴거나 손목을 꺾지 않습니다,APPROVED,data/videos/2271-hoXt6wv.gif,True,gif-reviewed-natural-language-ko-v2.0.6,1. 가드를 올리고 서서 왼팔을 옆으로 원을 그리듯 휘둘러 주먹을 보냅니다 2. 팔을 다시 가드 위치로 가져오며 같은 동작을 반복합니다,GYM|HOME,left hook. boxing,레프트 훅,biceps,ISOLATION,REPRESENTATIVE,,,DOMAIN_APPROVED,triceps|forearms,SHOULDER|ELBOW|WRIST_HAND|KNEE|ABDOMEN,2271,gymvisual,left_hook_boxing,DURATION,CARDIO,5.8,ADULT_COMPENDIUM_HOME_2024,15110,SIMILAR_ACTIVITY,DOMAIN_APPROVED,v2.0.6-met-compendium-direct-similar-1.0.0
TRICEPS,60,4,15,,BEGINNER,BODYWEIGHT,PUSH_UP,손목을 과하게 꺾지 말고 손바닥 전체로 바닥을 지지합니다|허리가 처지거나 과하게 젖혀지지 않게 몸통을 유지합니다,APPROVED,data/scripts/normalize_v2_0_6_form_cues.py,True,user-natural-language-ko-v2.0.6,1. 손을 어깨 너비로 놓고 무릎을 엉덩이 너비로 떨어뜨려서 손과 무릎으로 시작 자세를 잡습니다 2. 팔꿈치를 구부려서 지면을 향해 상체를 내려놓되 팔꿈치를 몸에 가깝게 유지합니다 3. 손가락 끝으로 밀어서 팔을 펴고 시작 자세로 돌아갑니다,GYM|HOME,close-grip push-up (on knees),클로즈그립 푸시업(무릎 대고),chest,HORIZONTAL_PUSH,VARIANT,,push_up_horizontal_push_bodyweight,DOMAIN_APPROVED,shoulders,SHOULDER|ELBOW|WRIST_HAND|HIP|KNEE|CHEST|ABDOMEN,2398,gymvisual,close_grip_push_up_on_knees,REPS,STRENGTH,3.0,ADULT_COMPENDIUM_PDF_2024,02056,SIMILAR_ACTIVITY,DOMAIN_APPROVED,v2.0.6-met-compendium-direct-similar-1.0.0
MOBILITY,30,,15,30,BEGINNER,BODYWEIGHT,ROCKING_FROG_STRETCH,무릎에 통증이 느껴질 정도로 벌리지 않습니다|허리를 과하게 꺾거나 반동으로 흔들지 않습니다,APPROVED,data/videos/2571-2Dk4xQV.gif,True,gif-reviewed-natural-language-ko-v2.0.6,1. 무릎을 넓게 벌리고 팔꿈치와 손을 바닥에 둡니다 2. 엉덩이를 뒤로 천천히 보냈다가 앞으로 돌아오며 반복합니다,GYM|HOME,rocking frog stretch,개구리 스트레칭,hamstrings,MOBILITY_STRETCH,REPRESENTATIVE,,,DOMAIN_APPROVED,quadriceps,UPPER_BACK|LOWER_BACK|HIP|KNEE,2571,gymvisual,rocking_frog_stretch,DURATION,MOBILITY,2.3,ADULT_COMPENDIUM_PDF_2024,02101,DIRECT,DOMAIN_APPROVED,v2.0.6-met-compendium-direct-similar-1.0.0
GLUTES,60,4,15,,BEGINNER,RESISTANCE_BAND,HIP_ABDUCTION,목과 허리를 과하게 꺾지 말고 편안한 자세를 유지합니다|반동을 쓰지 말고 천천히 움직입니다,APPROVED,data/scripts/normalize_v2_0_6_form_cues.py,True,user-natural-language-ko-v2.0.6,1. 의자나 벤치에 앉아 등을 곧게 펴고 발을 땅에 붙입니다 2. 외측 대퇴근에 힘을 주고 밴드의 저항에 맞서 무릎을 천천히 옆으로 밀어냅니다 3. 동작의 끝에서 잠깐 멈춘 후 천천히 무릎을 다시 모읍니다,GYM|HOME,resistance band seated hip abduction,저항 밴드 시티드 힙 어브덕션,glutes,ISOLATION,VARIANT,,lever_seated_hip_abduction,DOMAIN_APPROVED,hamstrings,UPPER_BACK|LOWER_BACK|HIP|KNEE,3006,gymvisual,resistance_band_seated_hip_abduction,REPS,STRENGTH,3.5,ADULT_COMPENDIUM_PDF_2024,02054,SIMILAR_ACTIVITY,DOMAIN_APPROVED,v2.0.6-met-compendium-direct-similar-1.0.0
QUADRICEPS,60,4,15,,BEGINNER,RESISTANCE_BAND,LEG_EXTENSION,목과 허리를 과하게 꺾지 말고 편안한 자세를 유지합니다|반동을 쓰지 말고 천천히 움직입니다,APPROVED,data/scripts/normalize_v2_0_6_form_cues.py,True,user-natural-language-ko-v2.0.6,1. 고정점을 향해 어깨 너비로 발을 벌리고 섭니다 2. 코어에 힘을 주고 상체를 안정적으로 유지하면서 한쪽 다리를 앞으로 곧게 펼칩니다 3. 가장 높은 지점에서 잠깐 멈춘 후 다리를 천천히 시작 자세로 돌아옵니다 4. 반대쪽도 같은 순서로 수행합니다,GYM,resistance band leg extension,저항 밴드 레그 익스텐션,hamstrings,ISOLATION,VARIANT,,lever_leg_extension,DOMAIN_APPROVED,,HIP|KNEE|ANKLE_FOOT|ABDOMEN,3007,gymvisual,resistance_band_leg_extension,REPS,STRENGTH,3.5,ADULT_COMPENDIUM_PDF_2024,02054,SIMILAR_ACTIVITY,DOMAIN_APPROVED,v2.0.6-met-compendium-direct-similar-1.0.0
SHOULDERS,60,4,15,,BEGINNER,BODYWEIGHT,INCLINE_SCAPULA_PUSH_UP,팔꿈치를 굽혀 일반 푸시업처럼 내려가지 않습니다|허리가 처지지 않도록 몸통을 곧게 유지합니다,APPROVED,data/videos/3011-GdMa1ET.gif,True,gif-reviewed-natural-language-ko-v2.0.6,1. 벤치에 양손을 짚고 몸을 일직선으로 만듭니다 2. 팔꿈치는 편 채 가슴을 벤치 쪽으로 가깝게 했다가 바닥을 밀어 어깨뼈를 벌리며 돌아옵니다,GYM,incline scapula push up,날개뼈 푸시업,triceps,HORIZONTAL_PUSH,REPRESENTATIVE,,,DOMAIN_APPROVED,shoulders,SHOULDER|ELBOW|WRIST_HAND|CHEST|ABDOMEN,3011,gymvisual,incline_scapula_push_up,REPS,STRENGTH,3.0,ADULT_COMPENDIUM_PDF_2024,02056,SIMILAR_ACTIVITY,DOMAIN_APPROVED,v2.0.6-met-compendium-direct-similar-1.0.0
CORE,60,4,15,,BEGINNER,BODYWEIGHT,SIT_UP,목을 손으로 당기지 말고 시선은 편안히 위쪽에 둡니다|허리가 과하게 뜨거나 처지지 않게 배 주변에 힘을 줍니다,APPROVED,data/scripts/normalize_v2_0_6_form_cues.py,True,user-natural-language-ko-v2.0.6,1. 등을 바닥에 평평하게 눕습니다 무릎을 구부리고 발을 바닥에 붙입니다 2. 복부에 힘을 주어 상체를 천천히 들어올리며 몸통이 45도 각도가 될 때까지 앞으로 굽힙니다 3. 상단에서 잠시 멈춘 후 천천히 시작 자세로 돌아갑니다,GYM|HOME,curl-up,컬업,hip flexors,CORE_BRACE,REPRESENTATIVE,,,DOMAIN_APPROVED,,ELBOW|UPPER_BACK|LOWER_BACK|HIP|KNEE|ABDOMEN,3016,gymvisual,curl_up,REPS,STRENGTH,2.8,ADULT_COMPENDIUM_PDF_2024,02024,SIMILAR_ACTIVITY,DOMAIN_APPROVED,v2.0.6-met-compendium-direct-similar-1.0.0
CORE,60,,15,30,BEGINNER,BODYWEIGHT,PELVIC_TILT,목과 허리를 과하게 꺾지 말고 편안한 자세를 유지합니다|반동을 쓰지 말고 천천히 움직입니다,APPROVED,data/scripts/normalize_v2_0_6_form_cues.py,True,user-natural-language-ko-v2.0.6,1. 무릎을 구부리고 발을 바닥에 평평하게 놓고 등을 대고 누워 있습니다 2. 복근 수축에 집중하면서 이 자세를 유지합니다 3. 기울임을 놓고 시작 자세로 돌아옵니다,GYM|HOME,pelvic tilt,골반 기울이기,lower back,CORE_BRACE,REPRESENTATIVE,,,DOMAIN_APPROVED,,UPPER_BACK|LOWER_BACK|HIP|KNEE|ABDOMEN,3147,gymvisual,pelvic_tilt,DURATION,STRENGTH,2.8,ADULT_COMPENDIUM_PDF_2024,02024,SIMILAR_ACTIVITY,DOMAIN_APPROVED,v2.0.6-met-compendium-direct-similar-1.0.0
HAMSTRINGS,90,4,15,,INTERMEDIATE,MACHINE,LEG_CURL,어깨가 귀 쪽으로 올라가지 않게 합니다|몸을 흔들어 반동을 만들지 말고 천천히 당깁니다,APPROVED,data/scripts/normalize_v2_0_6_form_cues.py,True,user-natural-language-ko-v2.0.6,1. 머신을 몸에 맞게 조정하고 백레스트에 등을 기대고 앉습니다 2. 상체를 고정한 상태에서 다리를 둔근 쪽으로 올립니다 3. 상단에서 잠깐 멈춘 후 다리를 천천히 시작 자세로 낮춥니다,GYM,lever lying two-one leg curl,레버 라잉 투-원 레그 컬,glutes,KNEE_FLEXION,VARIANT,,lever_lying_leg_curl,DOMAIN_APPROVED,,ELBOW|UPPER_BACK|HIP|KNEE|ANKLE_FOOT,3195,gymvisual,lever_lying_two_one_leg_curl,REPS,STRENGTH,3.5,ADULT_COMPENDIUM_PDF_2024,02054,SIMILAR_ACTIVITY,DOMAIN_APPROVED,v2.0.6-met-compendium-direct-similar-1.0.0
CORE,60,4,15,,BEGINNER,BODYWEIGHT,SIT_UP,목을 손으로 당기지 말고 시선은 편안히 위쪽에 둡니다|허리가 과하게 뜨거나 처지지 않게 배 주변에 힘을 줍니다,APPROVED,data/scripts/normalize_v2_0_6_form_cues.py,True,user-natural-language-ko-v2.0.6,1. 등을 바닥에 누운 자세에서 무릎을 구부리고 발바닥을 땅에 붙입니다 2. 복부에 힘을 주고 상체를 서서히 일으켜 몸통이 45도 각도가 될 때까지 앞으로 말아올립니다 3. 가장 높은 지점에서 잠깐 멈춘 후 상체를 서서히 시작 자세로 내립니다,GYM|HOME,quarter sit-up,쿼터 싯업,hip flexors,CORE_BRACE,VARIANT,,curl_up,DOMAIN_APPROVED,,ELBOW|UPPER_BACK|LOWER_BACK|HIP|KNEE|ANKLE_FOOT|ABDOMEN,3201,gymvisual,quarter_sit_up,REPS,STRENGTH,2.8,ADULT_COMPENDIUM_PDF_2024,02024,SIMILAR_ACTIVITY,DOMAIN_APPROVED,v2.0.6-met-compendium-direct-similar-1.0.0
CARDIO,60,,15,60,BEGINNER,BODYWEIGHT,ASTRIDE_JUMPS_MALE,착지할 때 무릎이 안쪽으로 무너지지 않게 합니다|발 앞부분부터 부드럽게 착지하고 반동을 과하게 쓰지 않습니다,APPROVED,data/videos/3220-f9lVSSI.gif,True,gif-reviewed-natural-language-ko-v2.0.6,1. 발을 모으고 팔을 몸 옆에 둔 채 섭니다 2. 점프하며 발을 벌리고 팔을 머리 위로 올린 뒤 다시 점프해 시작 자세로 돌아옵니다,GYM|HOME,astride jumps (male),점핑잭,quadriceps,JUMP_PLYOMETRIC,REPRESENTATIVE,,,DOMAIN_APPROVED,hamstrings|calves,HIP|KNEE|ANKLE_FOOT,3220,gymvisual,astride_jumps_male,DURATION,CARDIO,7.5,ADULT_COMPENDIUM_PDF_2024,02020,SIMILAR_ACTIVITY,DOMAIN_APPROVED,v2.0.6-met-compendium-direct-similar-1.0.0
CARDIO,60,,15,60,BEGINNER,BODYWEIGHT,HALF_KNEE_BENDS_MALE,발바닥 전체로 지면이나 발판을 부드럽게 디딥니다|무릎이 안쪽으로 무너지지 않게 발끝과 같은 방향으로 움직입니다,APPROVED,data/scripts/normalize_v2_0_6_form_cues.py,True,user-natural-language-ko-v2.0.6,1. 발을 어깨너비로 벌립니다 2. 무릎을 구부려 의자에 앉듯이 몸을 내립니다 3. 아래쪽에서 잠깐 멈추었다가 발뒤꿈치로 밀어 시작 자세로 돌아갑니다,GYM|HOME,half knee bends (male),하프 니 벤드,quadriceps,KNEE_DOMINANT,REPRESENTATIVE,,,DOMAIN_APPROVED,hamstrings|glutes,HIP|KNEE|ANKLE_FOOT|CHEST,3221,gymvisual,half_knee_bends_male,DURATION,CARDIO,3.0,ADULT_COMPENDIUM_PDF_2024,02056,SIMILAR_ACTIVITY,DOMAIN_APPROVED,v2.0.6-met-compendium-direct-similar-1.0.0
MOBILITY,30,,15,30,BEGINNER,BODYWEIGHT,TWO_TOE_TOUCH_MALE,당김이 느껴지는 편안한 범위까지만 움직입니다|반동으로 늘리지 말고 숨을 편안히 쉬며 자세를 유지합니다,APPROVED,data/scripts/normalize_v2_0_6_form_cues.py,True,user-natural-language-ko-v2.0.6,1. 발을 어깨너비만큼 떨어뜨리고 팔을 옆으로 쭉 펴고 섭니다 2. 허리를 중심으로 앞으로 구부립니다 이때 등을 곧게 유지하고 무릎을 약간 구부립니다 3. 최하단에서 잠시 멈춘 후 천천히 시작 자세로 돌아옵니다,GYM|HOME,two toe touch (male),투 토 터치,hamstrings,MOBILITY_STRETCH,REPRESENTATIVE,,,DOMAIN_APPROVED,glutes,SHOULDER|UPPER_BACK|LOWER_BACK|HIP|KNEE,3231,gymvisual,two_toe_touch_male,DURATION,MOBILITY,2.3,ADULT_COMPENDIUM_PDF_2024,02101,DIRECT,DOMAIN_APPROVED,v2.0.6-met-compendium-direct-similar-1.0.0
CORE,90,4,15,,INTERMEDIATE,BODYWEIGHT,KNEELING_PLANK_TAP_SHOULDER_MALE,목을 손으로 당기지 말고 시선은 편안히 위쪽에 둡니다|허리가 과하게 뜨거나 처지지 않게 배 주변에 힘을 줍니다,APPROVED,data/scripts/normalize_v2_0_6_form_cues.py,True,user-natural-language-ko-v2.0.6,1. 무릎을 꿇은 자세에서 손을 땅에 어깨너비로 벌려 시작합니다 2. 다리를 뒤로 펼쳐 발가락으로 받친 상태에서 몸을 플랭크 자세로 들어올립니다 3. 코어에 힘을 주고 엉덩이를 안정적으로 유지하면서 한쪽 손을 땅에서 들어올려 반대쪽 어깨를 탭합니다,GYM|HOME,kneeling plank tap shoulder (male),니링 플랭크 숄더 탭,shoulders,CORE_BRACE,REPRESENTATIVE,,,DOMAIN_APPROVED,triceps,SHOULDER|ELBOW|WRIST_HAND|LOWER_BACK|HIP|KNEE|ANKLE_FOOT|ABDOMEN,3239,gymvisual,kneeling_plank_tap_shoulder_male,REPS,STRENGTH,2.8,ADULT_COMPENDIUM_PDF_2024,02024,SIMILAR_ACTIVITY,DOMAIN_APPROVED,v2.0.6-met-compendium-direct-similar-1.0.0
QUADRICEPS,90,4,15,,INTERMEDIATE,BODYWEIGHT,QUADS,앞무릎이 발끝 안쪽으로 무너지지 않게 합니다|상체를 과하게 앞으로 숙이거나 뒤쪽 발에 체중을 싣지 않습니다,APPROVED,data/videos/3533-6YUfHPL.gif,True,gif-reviewed-natural-language-ko-v2.0.6,1. 뒤쪽 발등을 벤치에 올리고 앞발로 바닥을 디딥니다 2. 앞무릎을 굽혀 몸을 아래로 내렸다가 앞발로 바닥을 밀어 올라오며 반대쪽도 수행합니다,GYM|HOME,quads,불가리안 스플릿 스쿼트,hamstrings,KNEE_DOMINANT,REPRESENTATIVE,,,DOMAIN_APPROVED,glutes,UPPER_BACK|LOWER_BACK|HIP|KNEE|ANKLE_FOOT|CHEST,3533,gymvisual,quads,REPS,STRENGTH,3.0,ADULT_COMPENDIUM_PDF_2024,02056,SIMILAR_ACTIVITY,DOMAIN_APPROVED,v2.0.6-met-compendium-direct-similar-1.0.0
CORE,60,4,15,,BEGINNER,BODYWEIGHT,SIDE_PLANK,목을 손으로 당기지 말고 시선은 편안히 위쪽에 둡니다|허리가 과하게 뜨거나 처지지 않게 배 주변에 힘을 줍니다,APPROVED,data/scripts/normalize_v2_0_6_form_cues.py,True,user-natural-language-ko-v2.0.6,1. 옆으로 누운 자세에서 다리를 쭉 펼친 후 겹쳐 놓습니다 2. 코어를 활성화하고 엉덩이를 바닥에서 들어 올려 머리에서 발까지 일직선을 만듭니다 3. 엉덩이를 바닥으로 내린 후 다른 쪽에서 반복합니다,GYM,bodyweight incline side plank,맨몸 인클라인 사이드 플랭크,obliques,CORE_BRACE,REPRESENTATIVE,,,DOMAIN_APPROVED,shoulders,SHOULDER|ELBOW|WRIST_HAND|LOWER_BACK|HIP|KNEE|ABDOMEN,3544,gymvisual,bodyweight_incline_side_plank,REPS,STRENGTH,2.8,ADULT_COMPENDIUM_PDF_2024,02024,SIMILAR_ACTIVITY,DOMAIN_APPROVED,v2.0.6-met-compendium-direct-similar-1.0.0
QUADRICEPS,60,,15,30,BEGINNER,BODYWEIGHT,QUICK_FEET,발을 무겁게 내리찍지 않고 짧고 가볍게 디딥니다|상체가 앞으로 과하게 쏠리지 않게 합니다,APPROVED,data/videos/3552-mweqJin.gif,True,gif-reviewed-natural-language-ko-v2.0.6,1. 서서 팔을 가볍게 굽히고 준비합니다 2. 제자리에서 발을 빠르게 번갈아 들어 바닥을 짧게 밟으며 계속 움직입니다,GYM|HOME,quick feet,제자리 빠르게 뛰기,calves,ISOLATION,REPRESENTATIVE,,,DOMAIN_APPROVED,hamstrings,SHOULDER|HIP|KNEE|ANKLE_FOOT,3552,gymvisual,quick_feet,DURATION,STRENGTH,7.5,ADULT_COMPENDIUM_PDF_2024,02020,SIMILAR_ACTIVITY,DOMAIN_APPROVED,v2.0.6-met-compendium-direct-similar-1.0.0
CORE,60,4,15,,BEGINNER,BODYWEIGHT,KNEE_TOUCH_CRUNCH,목을 손으로 당기지 말고 시선은 편안히 위쪽에 둡니다|허리가 과하게 뜨거나 처지지 않게 배 주변에 힘을 줍니다,APPROVED,data/scripts/normalize_v2_0_6_form_cues.py,True,user-natural-language-ko-v2.0.6,1. 등을 대고 누운 자세에서 무릎을 구부리고 발은 땅에 닿은 상태에서 시작합니다 2. 복근에 힘을 주고 어깨 날개뼈를 땅에서 들어올린 후 오른손을 왼쪽 무릎 쪽으로 뻗습니다 3. 시작 자세로 돌아온 후 이번에는 왼손을 오른쪽 무릎 쪽으로 뻗습니다 4. 반대쪽도 같은 순서로 수행합니다,GYM|HOME,knee touch crunch,니 터치 크런치,hip flexors,GAIT,REPRESENTATIVE,,,DOMAIN_APPROVED,,SHOULDER|ELBOW|UPPER_BACK|LOWER_BACK|HIP|KNEE|ANKLE_FOOT|ABDOMEN,3640,gymvisual,knee_touch_crunch,REPS,STRENGTH,2.8,ADULT_COMPENDIUM_PDF_2024,02024,SIMILAR_ACTIVITY,DOMAIN_APPROVED,v2.0.6-met-compendium-direct-similar-1.0.0
GLUTES,60,4,15,,BEGINNER,BODYWEIGHT,GLUTE_BRIDGE,허리가 과도하게 꺾이지 않도록 골반을 수평으로 유지합니다|발로 바닥을 밀 때 무릎이 안쪽으로 무너지지 않게 합니다,APPROVED,data/videos/3645-rmEukuS.gif,True,gif-reviewed-natural-language-ko-v2.0.6,1. 바닥에 누워 한쪽 무릎을 굽히고 반대쪽 다리를 들어 뻗습니다 2. 바닥을 딛는 발로 엉덩이를 들어 올렸다가 천천히 내리며 반대쪽도 수행합니다,GYM|HOME,single leg bridge with outstretched leg,싱글 레그 브릿지,hamstrings,HIP_DOMINANT,VARIANT,,bodyweight_glute_bridge_hip_dominant_bodyweight,DOMAIN_APPROVED,quadriceps,SHOULDER|UPPER_BACK|HIP|KNEE,3645,gymvisual,single_leg_bridge_with_outstretched_leg,REPS,STRENGTH,2.3,ADULT_COMPENDIUM_PDF_2024,02101,DIRECT,DOMAIN_APPROVED,v2.0.6-met-compendium-direct-similar-1.0.0
CARDIO,60,,15,60,INTERMEDIATE,BODYWEIGHT,SHORT_STRIDE_RUN,발바닥 전체로 지면이나 발판을 부드럽게 디딥니다|무릎이 안쪽으로 무너지지 않게 발끝과 같은 방향으로 움직입니다,APPROVED,data/scripts/normalize_v2_0_6_form_cues.py,True,user-natural-language-ko-v2.0.6,1. 발을 엉덩이 너비로 벌리고 똑바로 섭니다 2. 무릎을 높이 들고 팔을 펌프하며 제자리에서 가볍게 뛰기를 시작합니다 3. 빠른 속도를 유지하면서 짧은 보폭으로 앞으로 나아가기를 시작합니다,GYM|HOME,short stride run,짧은 보폭 달리기,quadriceps,GAIT,REPRESENTATIVE,,,DOMAIN_APPROVED,hamstrings|calves,HIP|KNEE|ANKLE_FOOT,3656,gymvisual,short_stride_run,DURATION,CARDIO,7.5,ADULT_COMPENDIUM_HOME_2024,12020,SIMILAR_ACTIVITY,DOMAIN_APPROVED,v2.0.6-met-compendium-direct-similar-1.0.0
GLUTES,90,4,15,,INTERMEDIATE,BODYWEIGHT,PIKE_TO_COBRA_PUSH_UP,목을 손으로 당기지 말고 시선은 편안히 위쪽에 둡니다|허리가 과하게 뜨거나 처지지 않게 배 주변에 힘을 줍니다,APPROVED,data/scripts/normalize_v2_0_6_form_cues.py,True,user-natural-language-ko-v2.0.6,1. 손을 어깨 너비보다 약간 넓게 발을 모아 고플랭크 자세를 취합니다 2. 내리면서 무게를 앞으로 이동시켜 팔을 펼치고 가슴을 들어올려 코브라 자세로 전환합니다 3. 팔꿈치를 구부려 가슴을 바닥 쪽으로 다시 내립니다,GYM|HOME,pike-to-cobra push-up,파이크-코브라 푸시업,core,CORE_BRACE,REPRESENTATIVE,,,DOMAIN_APPROVED,shoulders|triceps,SHOULDER|ELBOW|WRIST_HAND|HIP|KNEE|CHEST|ABDOMEN,3662,gymvisual,pike_to_cobra_push_up,REPS,STRENGTH,3.0,ADULT_COMPENDIUM_PDF_2024,02056,SIMILAR_ACTIVITY,DOMAIN_APPROVED,v2.0.6-met-compendium-direct-similar-1.0.0
ADDUCTORS,60,4,15,,BEGINNER,BODYWEIGHT,HIP_ADDUCTION,목과 허리를 과하게 꺾지 말고 편안한 자세를 유지합니다|반동을 쓰지 말고 천천히 움직입니다,APPROVED,data/scripts/normalize_v2_0_6_form_cues.py,True,user-natural-language-ko-v2.0.6,1. 옆으로 누워 다리를 펼친 상태로 한쪽 다리를 다른 쪽 위에 포개어 놓습니다 2. 내전근을 활성화하고 위쪽 다리를 회전시키지 않으면서 가능한 높이까지 들어 올립니다 또한 뒤로 기울어지지 않습니다 3. 위쪽에서 잠깐 멈춘 후 다리를 천천히 시작 자세로 내립니다 4. 반대쪽도 같은 순서로 수행합니다,GYM|HOME,side lying hip adduction (male),사이드 라잉 힙 어덕션,glutes,ISOLATION,VARIANT,,lever_seated_hip_adduction,DOMAIN_APPROVED,hamstrings,HIP|KNEE,3667,gymvisual,side_lying_hip_adduction_male,REPS,STRENGTH,3.0,ADULT_COMPENDIUM_PDF_2024,02056,SIMILAR_ACTIVITY,DOMAIN_APPROVED,v2.0.6-met-compendium-direct-similar-1.0.0
CARDIO,60,,15,60,INTERMEDIATE,BODYWEIGHT,SKI_STEP,발바닥 전체로 지면이나 발판을 부드럽게 디딥니다|무릎이 안쪽으로 무너지지 않게 발끝과 같은 방향으로 움직입니다,APPROVED,data/scripts/normalize_v2_0_6_form_cues.py,True,user-natural-language-ko-v2.0.6,1. 발을 어깨 너비만큼 벌려서 섭니다 2. 무릎을 약간 구부리고 등을 폅니다 3. 오른쪽으로 점프하여 오른발에 착지하고 왼쪽 다리를 오른쪽 다리 뒤로 스윙합니다 4. 반대쪽도 같은 순서로 수행합니다,GYM|HOME,ski step,스키 스텝,quadriceps,JUMP_PLYOMETRIC,REPRESENTATIVE,,,DOMAIN_APPROVED,hamstrings|glutes|calves,UPPER_BACK|HIP|KNEE|ANKLE_FOOT,3671,gymvisual,ski_step,DURATION,CARDIO,7.5,ADULT_COMPENDIUM_PDF_2024,02020,SIMILAR_ACTIVITY,DOMAIN_APPROVED,v2.0.6-met-compendium-direct-similar-1.0.0
GLUTES,60,4,15,,BEGINNER,BODYWEIGHT,CURTSEY_SQUAT,앞무릎이 발끝 안쪽으로 무너지지 않게 합니다|골반이 한쪽으로 기울지 않게 천천히 내려갑니다,APPROVED,data/videos/3769-gUjqdei.gif,True,gif-reviewed-natural-language-ko-v2.0.6,1. 서서 한쪽 다리를 다른 다리 뒤쪽으로 교차해 내딛습니다 2. 양쪽 무릎을 굽혀 몸을 낮췄다가 앞발로 바닥을 밀어 서며 반대쪽도 수행합니다,GYM|HOME,curtsey squat,뒤로 교차 런지,quadriceps,KNEE_DOMINANT,REPRESENTATIVE,,,DOMAIN_APPROVED,hamstrings|calves,LOWER_BACK|HIP|KNEE|ANKLE_FOOT|ABDOMEN,3769,gymvisual,curtsey_squat,REPS,STRENGTH,3.0,ADULT_COMPENDIUM_PDF_2024,02056,SIMILAR_ACTIVITY,DOMAIN_APPROVED,v2.0.6-met-compendium-direct-similar-1.0.0
