body_area_code,score_band_code,pain_score_min,pain_score_max,source_representative_exercise_id,alternative_representative_exercise_id,source_exercise_stable_code,alternative_exercise_stable_code,source_target_muscle_code,alternative_target_muscle_code,source_goal_group,alternative_goal_group,alternative_difficulty_code,goal_preservation_code,allowed_equipment_codes,allowed_location_codes,alternative_fitt_intensity_code,service_action_code,alternative_strategy_code,alternative_required,evidence_source,reviewer,reviewed_at,review_status_code,production_eligible,notes
ABDOMEN,NRS_1_3,1,3,REX-000001,REX-000009,abs_core_brace_core_brace_mat,bodyweight_crunch_core_brace_bodyweight,CORE,CORE,CORE_BRACE,CORE_BRACE,BEGINNER,SAME_GOAL,BODYWEIGHT,HOME|GYM,LIGHT_MODERATE,LOAD_REDUCED,SAME_GOAL_LOWER_LOAD_ROM_EASIER_VARIANT,true,data/normalized/v2_pain_action_policy.json,DOMAIN_EXPERT_REVIEW,2026-08-25T00:00:00+09:00,DOMAIN_APPROVED,false,"NRS 1-3: original goal first; runtime reduces load, then ROM, then uses this easier variant."
ABDOMEN,NRS_4_6,4,6,REX-000001,REX-000016,abs_core_brace_core_brace_mat,bodyweight_standing_calf_raise_isolation_bodyweight,CORE,CALVES,CORE_BRACE,ISOLATION,BEGINNER,ACTIVE_RECOVERY,BODYWEIGHT,HOME|GYM,LIGHT_MODERATE,SKIP_AFFECTED_AREA,AVOID_PAIN_AREA_ACTIVE_RECOVERY,true,data/normalized/v2_pain_action_policy.json,DOMAIN_EXPERT_REVIEW,2026-08-25T00:00:00+09:00,DOMAIN_APPROVED,false,NRS 4-6: primary and secondary pain-area use excluded; low-intensity active recovery only.
ABDOMEN,NRS_1_3,1,3,REX-000009,REX-000013,bodyweight_crunch_core_brace_bodyweight,bodyweight_reverse_crunch_core_brace_bodyweight,CORE,CORE,CORE_BRACE,CORE_BRACE,BEGINNER,SAME_GOAL,BODYWEIGHT,HOME|GYM,LIGHT_MODERATE,LOAD_REDUCED,SAME_GOAL_LOWER_LOAD_ROM_EASIER_VARIANT,true,data/normalized/v2_pain_action_policy.json,DOMAIN_EXPERT_REVIEW,2026-08-25T00:00:00+09:00,DOMAIN_APPROVED,false,"NRS 1-3: original goal first; runtime reduces load, then ROM, then uses this easier variant."
ABDOMEN,NRS_4_6,4,6,REX-000009,REX-000016,bodyweight_crunch_core_brace_bodyweight,bodyweight_standing_calf_raise_isolation_bodyweight,CORE,CALVES,CORE_BRACE,ISOLATION,BEGINNER,ACTIVE_RECOVERY,BODYWEIGHT,HOME|GYM,LIGHT_MODERATE,SKIP_AFFECTED_AREA,AVOID_PAIN_AREA_ACTIVE_RECOVERY,true,data/normalized/v2_pain_action_policy.json,DOMAIN_EXPERT_REVIEW,2026-08-25T00:00:00+09:00,DOMAIN_APPROVED,false,NRS 4-6: primary and secondary pain-area use excluded; low-intensity active recovery only.
ABDOMEN,NRS_1_3,1,3,REX-000013,REX-000009,bodyweight_reverse_crunch_core_brace_bodyweight,bodyweight_crunch_core_brace_bodyweight,CORE,CORE,CORE_BRACE,CORE_BRACE,BEGINNER,SAME_GOAL,BODYWEIGHT,HOME|GYM,LIGHT_MODERATE,LOAD_REDUCED,SAME_GOAL_LOWER_LOAD_ROM_EASIER_VARIANT,true,data/normalized/v2_pain_action_policy.json,DOMAIN_EXPERT_REVIEW,2026-08-25T00:00:00+09:00,DOMAIN_APPROVED,false,"NRS 1-3: original goal first; runtime reduces load, then ROM, then uses this easier variant."
ABDOMEN,NRS_4_6,4,6,REX-000013,REX-000016,bodyweight_reverse_crunch_core_brace_bodyweight,bodyweight_standing_calf_raise_isolation_bodyweight,CORE,CALVES,CORE_BRACE,ISOLATION,BEGINNER,ACTIVE_RECOVERY,BODYWEIGHT,HOME|GYM,LIGHT_MODERATE,SKIP_AFFECTED_AREA,AVOID_PAIN_AREA_ACTIVE_RECOVERY,true,data/normalized/v2_pain_action_policy.json,DOMAIN_EXPERT_REVIEW,2026-08-25T00:00:00+09:00,DOMAIN_APPROVED,false,NRS 4-6: primary and secondary pain-area use excluded; low-intensity active recovery only.
ABDOMEN,NRS_1_3,1,3,REX-000014,REX-000009,bodyweight_russian_twist_core_brace_bodyweight,bodyweight_crunch_core_brace_bodyweight,CORE,CORE,CORE_BRACE,CORE_BRACE,BEGINNER,SAME_GOAL,BODYWEIGHT,HOME|GYM,LIGHT_MODERATE,LOAD_REDUCED,SAME_GOAL_LOWER_LOAD_ROM_EASIER_VARIANT,true,data/normalized/v2_pain_action_policy.json,DOMAIN_EXPERT_REVIEW,2026-08-25T00:00:00+09:00,DOMAIN_APPROVED,false,"NRS 1-3: original goal first; runtime reduces load, then ROM, then uses this easier variant."
ABDOMEN,NRS_4_6,4,6,REX-000014,REX-000016,bodyweight_russian_twist_core_brace_bodyweight,bodyweight_standing_calf_raise_isolation_bodyweight,CORE,CALVES,CORE_BRACE,ISOLATION,BEGINNER,ACTIVE_RECOVERY,BODYWEIGHT,HOME|GYM,LIGHT_MODERATE,SKIP_AFFECTED_AREA,AVOID_PAIN_AREA_ACTIVE_RECOVERY,true,data/normalized/v2_pain_action_policy.json,DOMAIN_EXPERT_REVIEW,2026-08-25T00:00:00+09:00,DOMAIN_APPROVED,false,NRS 4-6: primary and secondary pain-area use excluded; low-intensity active recovery only.
ABDOMEN,NRS_1_3,1,3,REX-000022,REX-000047,close_grip_push_up_horizontal_push_bodyweight,overhead_triceps_extension_isolation_barbell,TRICEPS,TRICEPS,HORIZONTAL_PUSH,ISOLATION,BEGINNER,SAME_GOAL,BARBELL,GYM,MODERATE,LOAD_REDUCED,SAME_GOAL_LOWER_LOAD_ROM_EASIER_VARIANT,true,data/normalized/v2_pain_action_policy.json,DOMAIN_EXPERT_REVIEW,2026-08-25T00:00:00+09:00,DOMAIN_APPROVED,false,"NRS 1-3: original goal first; runtime reduces load, then ROM, then uses this easier variant."
ABDOMEN,NRS_4_6,4,6,REX-000022,REX-000016,close_grip_push_up_horizontal_push_bodyweight,bodyweight_standing_calf_raise_isolation_bodyweight,TRICEPS,CALVES,HORIZONTAL_PUSH,ISOLATION,BEGINNER,ACTIVE_RECOVERY,BODYWEIGHT,HOME|GYM,LIGHT_MODERATE,SKIP_AFFECTED_AREA,AVOID_PAIN_AREA_ACTIVE_RECOVERY,true,data/normalized/v2_pain_action_policy.json,DOMAIN_EXPERT_REVIEW,2026-08-25T00:00:00+09:00,DOMAIN_APPROVED,false,NRS 4-6: primary and secondary pain-area use excluded; low-intensity active recovery only.
ABDOMEN,NRS_1_3,1,3,REX-000023,REX-000009,crunch_variant_core_brace_bodyweight,bodyweight_crunch_core_brace_bodyweight,CORE,CORE,CORE_BRACE,CORE_BRACE,BEGINNER,SAME_GOAL,BODYWEIGHT,HOME|GYM,LIGHT_MODERATE,LOAD_REDUCED,SAME_GOAL_LOWER_LOAD_ROM_EASIER_VARIANT,true,data/normalized/v2_pain_action_policy.json,DOMAIN_EXPERT_REVIEW,2026-08-25T00:00:00+09:00,DOMAIN_APPROVED,false,"NRS 1-3: original goal first; runtime reduces load, then ROM, then uses this easier variant."
ABDOMEN,NRS_4_6,4,6,REX-000023,REX-000016,crunch_variant_core_brace_bodyweight,bodyweight_standing_calf_raise_isolation_bodyweight,CORE,CALVES,CORE_BRACE,ISOLATION,BEGINNER,ACTIVE_RECOVERY,BODYWEIGHT,HOME|GYM,LIGHT_MODERATE,SKIP_AFFECTED_AREA,AVOID_PAIN_AREA_ACTIVE_RECOVERY,true,data/normalized/v2_pain_action_policy.json,DOMAIN_EXPERT_REVIEW,2026-08-25T00:00:00+09:00,DOMAIN_APPROVED,false,NRS 4-6: primary and secondary pain-area use excluded; low-intensity active recovery only.
ABDOMEN,NRS_1_3,1,3,REX-000024,REX-000009,dead_bug_core_brace_bodyweight,bodyweight_crunch_core_brace_bodyweight,CORE,CORE,CORE_BRACE,CORE_BRACE,BEGINNER,SAME_GOAL,BODYWEIGHT,HOME|GYM,LIGHT_MODERATE,LOAD_REDUCED,SAME_GOAL_LOWER_LOAD_ROM_EASIER_VARIANT,true,data/normalized/v2_pain_action_policy.json,DOMAIN_EXPERT_REVIEW,2026-08-25T00:00:00+09:00,DOMAIN_APPROVED,false,"NRS 1-3: original goal first; runtime reduces load, then ROM, then uses this easier variant."
ABDOMEN,NRS_4_6,4,6,REX-000024,REX-000016,dead_bug_core_brace_bodyweight,bodyweight_standing_calf_raise_isolation_bodyweight,CORE,CALVES,CORE_BRACE,ISOLATION,BEGINNER,ACTIVE_RECOVERY,BODYWEIGHT,HOME|GYM,LIGHT_MODERATE,SKIP_AFFECTED_AREA,AVOID_PAIN_AREA_ACTIVE_RECOVERY,true,data/normalized/v2_pain_action_policy.json,DOMAIN_EXPERT_REVIEW,2026-08-25T00:00:00+09:00,DOMAIN_APPROVED,false,NRS 4-6: primary and secondary pain-area use excluded; low-intensity active recovery only.
ABDOMEN,NRS_1_3,1,3,REX-000051,REX-000009,plank_rotation_core_brace_bodyweight,bodyweight_crunch_core_brace_bodyweight,CORE,CORE,CORE_BRACE,CORE_BRACE,BEGINNER,SAME_GOAL,BODYWEIGHT,HOME|GYM,LIGHT_MODERATE,LOAD_REDUCED,SAME_GOAL_LOWER_LOAD_ROM_EASIER_VARIANT,true,data/normalized/v2_pain_action_policy.json,DOMAIN_EXPERT_REVIEW,2026-08-25T00:00:00+09:00,DOMAIN_APPROVED,false,"NRS 1-3: original goal first; runtime reduces load, then ROM, then uses this easier variant."
ABDOMEN,NRS_4_6,4,6,REX-000051,REX-000016,plank_rotation_core_brace_bodyweight,bodyweight_standing_calf_raise_isolation_bodyweight,CORE,CALVES,CORE_BRACE,ISOLATION,BEGINNER,ACTIVE_RECOVERY,BODYWEIGHT,HOME|GYM,LIGHT_MODERATE,SKIP_AFFECTED_AREA,AVOID_PAIN_AREA_ACTIVE_RECOVERY,true,data/normalized/v2_pain_action_policy.json,DOMAIN_EXPERT_REVIEW,2026-08-25T00:00:00+09:00,DOMAIN_APPROVED,false,NRS 4-6: primary and secondary pain-area use excluded; low-intensity active recovery only.
ABDOMEN,NRS_1_3,1,3,REX-000075,REX-000009,rotation_variant_core_brace_cable_machine,bodyweight_crunch_core_brace_bodyweight,CORE,CORE,CORE_BRACE,CORE_BRACE,BEGINNER,SAME_GOAL,BODYWEIGHT,HOME|GYM,LIGHT_MODERATE,LOAD_REDUCED,SAME_GOAL_LOWER_LOAD_ROM_EASIER_VARIANT,true,data/normalized/v2_pain_action_policy.json,DOMAIN_EXPERT_REVIEW,2026-08-25T00:00:00+09:00,DOMAIN_APPROVED,false,"NRS 1-3: original goal first; runtime reduces load, then ROM, then uses this easier variant."
ABDOMEN,NRS_4_6,4,6,REX-000075,REX-000016,rotation_variant_core_brace_cable_machine,bodyweight_standing_calf_raise_isolation_bodyweight,CORE,CALVES,CORE_BRACE,ISOLATION,BEGINNER,ACTIVE_RECOVERY,BODYWEIGHT,HOME|GYM,LIGHT_MODERATE,SKIP_AFFECTED_AREA,AVOID_PAIN_AREA_ACTIVE_RECOVERY,true,data/normalized/v2_pain_action_policy.json,DOMAIN_EXPERT_REVIEW,2026-08-25T00:00:00+09:00,DOMAIN_APPROVED,false,NRS 4-6: primary and secondary pain-area use excluded; low-intensity active recovery only.
ABDOMEN,NRS_1_3,1,3,REX-000084,REX-000003,seated_lower_back_stretch_mobility_stretch_bodyweight,ankle_circles_mobility_stretch_bodyweight,MOBILITY,MOBILITY,MOBILITY_STRETCH,MOBILITY_STRETCH,BEGINNER,SAME_GOAL,BODYWEIGHT,HOME|GYM,LIGHT,LOAD_REDUCED,SAME_GOAL_LOWER_LOAD_ROM_EASIER_VARIANT,true,data/normalized/v2_pain_action_policy.json,DOMAIN_EXPERT_REVIEW,2026-08-25T00:00:00+09:00,DOMAIN_APPROVED,false,"NRS 1-3: original goal first; runtime reduces load, then ROM, then uses this easier variant."
ABDOMEN,NRS_4_6,4,6,REX-000084,REX-000016,seated_lower_back_stretch_mobility_stretch_bodyweight,bodyweight_standing_calf_raise_isolation_bodyweight,MOBILITY,CALVES,MOBILITY_STRETCH,ISOLATION,BEGINNER,ACTIVE_RECOVERY,BODYWEIGHT,HOME|GYM,LIGHT_MODERATE,SKIP_AFFECTED_AREA,AVOID_PAIN_AREA_ACTIVE_RECOVERY,true,data/normalized/v2_pain_action_policy.json,DOMAIN_EXPERT_REVIEW,2026-08-25T00:00:00+09:00,DOMAIN_APPROVED,false,NRS 4-6: primary and secondary pain-area use excluded; low-intensity active recovery only.
ABDOMEN,NRS_1_3,1,3,REX-000090,REX-000009,spine_core_brace_core_brace_mat,bodyweight_crunch_core_brace_bodyweight,CORE,CORE,CORE_BRACE,CORE_BRACE,BEGINNER,SAME_GOAL,BODYWEIGHT,HOME|GYM,LIGHT_MODERATE,LOAD_REDUCED,SAME_GOAL_LOWER_LOAD_ROM_EASIER_VARIANT,true,data/normalized/v2_pain_action_policy.json,DOMAIN_EXPERT_REVIEW,2026-08-25T00:00:00+09:00,DOMAIN_APPROVED,false,"NRS 1-3: original goal first; runtime reduces load, then ROM, then uses this easier variant."
ABDOMEN,NRS_4_6,4,6,REX-000090,REX-000016,spine_core_brace_core_brace_mat,bodyweight_standing_calf_raise_isolation_bodyweight,CORE,CALVES,CORE_BRACE,ISOLATION,BEGINNER,ACTIVE_RECOVERY,BODYWEIGHT,HOME|GYM,LIGHT_MODERATE,SKIP_AFFECTED_AREA,AVOID_PAIN_AREA_ACTIVE_RECOVERY,true,data/normalized/v2_pain_action_policy.json,DOMAIN_EXPERT_REVIEW,2026-08-25T00:00:00+09:00,DOMAIN_APPROVED,false,NRS 4-6: primary and secondary pain-area use excluded; low-intensity active recovery only.
ABDOMEN,NRS_1_3,1,3,REX-000091,REX-000003,spine_stretch_mobility_stretch_bodyweight,ankle_circles_mobility_stretch_bodyweight,MOBILITY,MOBILITY,MOBILITY_STRETCH,MOBILITY_STRETCH,BEGINNER,SAME_GOAL,BODYWEIGHT,HOME|GYM,LIGHT,LOAD_REDUCED,SAME_GOAL_LOWER_LOAD_ROM_EASIER_VARIANT,true,data/normalized/v2_pain_action_policy.json,DOMAIN_EXPERT_REVIEW,2026-08-25T00:00:00+09:00,DOMAIN_APPROVED,false,"NRS 1-3: original goal first; runtime reduces load, then ROM, then uses this easier variant."
ABDOMEN,NRS_4_6,4,6,REX-000091,REX-000016,spine_stretch_mobility_stretch_bodyweight,bodyweight_standing_calf_raise_isolation_bodyweight,MOBILITY,CALVES,MOBILITY_STRETCH,ISOLATION,BEGINNER,ACTIVE_RECOVERY,BODYWEIGHT,HOME|GYM,LIGHT_MODERATE,SKIP_AFFECTED_AREA,AVOID_PAIN_AREA_ACTIVE_RECOVERY,true,data/normalized/v2_pain_action_policy.json,DOMAIN_EXPERT_REVIEW,2026-08-25T00:00:00+09:00,DOMAIN_APPROVED,false,NRS 4-6: primary and secondary pain-area use excluded; low-intensity active recovery only.
ABDOMEN,NRS_1_3,1,3,REX-000092,REX-000003,spine_twist_mobility_stretch_bodyweight,ankle_circles_mobility_stretch_bodyweight,MOBILITY,MOBILITY,MOBILITY_STRETCH,MOBILITY_STRETCH,BEGINNER,SAME_GOAL,BODYWEIGHT,HOME|GYM,LIGHT,LOAD_REDUCED,SAME_GOAL_LOWER_LOAD_ROM_EASIER_VARIANT,true,data/normalized/v2_pain_action_policy.json,DOMAIN_EXPERT_REVIEW,2026-08-25T00:00:00+09:00,DOMAIN_APPROVED,false,"NRS 1-3: original goal first; runtime reduces load, then ROM, then uses this easier variant."
ABDOMEN,NRS_4_6,4,6,REX-000092,REX-000016,spine_twist_mobility_stretch_bodyweight,bodyweight_standing_calf_raise_isolation_bodyweight,MOBILITY,CALVES,MOBILITY_STRETCH,ISOLATION,BEGINNER,ACTIVE_RECOVERY,BODYWEIGHT,HOME|GYM,LIGHT_MODERATE,SKIP_AFFECTED_AREA,AVOID_PAIN_AREA_ACTIVE_RECOVERY,true,data/normalized/v2_pain_action_policy.json,DOMAIN_EXPERT_REVIEW,2026-08-25T00:00:00+09:00,DOMAIN_APPROVED,false,NRS 4-6: primary and secondary pain-area use excluded; low-intensity active recovery only.
ABDOMEN,NRS_1_3,1,3,REX-000095,REX-000003,standing_lateral_stretch_mobility_stretch_bodyweight,ankle_circles_mobility_stretch_bodyweight,MOBILITY,MOBILITY,MOBILITY_STRETCH,MOBILITY_STRETCH,BEGINNER,SAME_GOAL,BODYWEIGHT,HOME|GYM,LIGHT,LOAD_REDUCED,SAME_GOAL_LOWER_LOAD_ROM_EASIER_VARIANT,true,data/normalized/v2_pain_action_policy.json,DOMAIN_EXPERT_REVIEW,2026-08-25T00:00:00+09:00,DOMAIN_APPROVED,false,"NRS 1-3: original goal first; runtime reduces load, then ROM, then uses this easier variant."
ABDOMEN,NRS_4_6,4,6,REX-000095,REX-000016,standing_lateral_stretch_mobility_stretch_bodyweight,bodyweight_standing_calf_raise_isolation_bodyweight,MOBILITY,CALVES,MOBILITY_STRETCH,ISOLATION,BEGINNER,ACTIVE_RECOVERY,BODYWEIGHT,HOME|GYM,LIGHT_MODERATE,SKIP_AFFECTED_AREA,AVOID_PAIN_AREA_ACTIVE_RECOVERY,true,data/normalized/v2_pain_action_policy.json,DOMAIN_EXPERT_REVIEW,2026-08-25T00:00:00+09:00,DOMAIN_APPROVED,false,NRS 4-6: primary and secondary pain-area use excluded; low-intensity active recovery only.
ANKLE_FOOT,NRS_1_3,1,3,REX-000002,REX-000003,all_fours_squat_stretch_mobility_stretch_bodyweight,ankle_circles_mobility_stretch_bodyweight,MOBILITY,MOBILITY,MOBILITY_STRETCH,MOBILITY_STRETCH,BEGINNER,SAME_GOAL,BODYWEIGHT,HOME|GYM,LIGHT,LOAD_REDUCED,SAME_GOAL_LOWER_LOAD_ROM_EASIER_VARIANT,true,data/normalized/v2_pain_action_policy.json,DOMAIN_EXPERT_REVIEW,2026-08-25T00:00:00+09:00,DOMAIN_APPROVED,false,"NRS 1-3: original goal first; runtime reduces load, then ROM, then uses this easier variant."
ANKLE_FOOT,NRS_4_6,4,6,REX-000002,REX-000009,all_fours_squat_stretch_mobility_stretch_bodyweight,bodyweight_crunch_core_brace_bodyweight,MOBILITY,CORE,MOBILITY_STRETCH,CORE_BRACE,BEGINNER,ACTIVE_RECOVERY,BODYWEIGHT,HOME|GYM,LIGHT_MODERATE,SKIP_AFFECTED_AREA,AVOID_PAIN_AREA_ACTIVE_RECOVERY,true,data/normalized/v2_pain_action_policy.json,DOMAIN_EXPERT_REVIEW,2026-08-25T00:00:00+09:00,DOMAIN_APPROVED,false,NRS 4-6: primary and secondary pain-area use excluded; low-intensity active recovery only.
ANKLE_FOOT,NRS_1_3,1,3,REX-000003,REX-000017,ankle_circles_mobility_stretch_bodyweight,butterfly_adductor_stretch_mobility_stretch_bodyweight,MOBILITY,MOBILITY,MOBILITY_STRETCH,MOBILITY_STRETCH,BEGINNER,SAME_GOAL,BODYWEIGHT,HOME|GYM,LIGHT,LOAD_REDUCED,SAME_GOAL_LOWER_LOAD_ROM_EASIER_VARIANT,true,data/normalized/v2_pain_action_policy.json,DOMAIN_EXPERT_REVIEW,2026-08-25T00:00:00+09:00,DOMAIN_APPROVED,false,"NRS 1-3: original goal first; runtime reduces load, then ROM, then uses this easier variant."
ANKLE_FOOT,NRS_4_6,4,6,REX-000003,REX-000009,ankle_circles_mobility_stretch_bodyweight,bodyweight_crunch_core_brace_bodyweight,MOBILITY,CORE,MOBILITY_STRETCH,CORE_BRACE,BEGINNER,ACTIVE_RECOVERY,BODYWEIGHT,HOME|GYM,LIGHT_MODERATE,SKIP_AFFECTED_AREA,AVOID_PAIN_AREA_ACTIVE_RECOVERY,true,data/normalized/v2_pain_action_policy.json,DOMAIN_EXPERT_REVIEW,2026-08-25T00:00:00+09:00,DOMAIN_APPROVED,false,NRS 4-6: primary and secondary pain-area use excluded; low-intensity active recovery only.
ANKLE_FOOT,NRS_1_3,1,3,REX-000010,REX-000066,bodyweight_forward_lunge_knee_dominant_bodyweight,mobility_balance_bodyweight,GLUTES,MOBILITY,KNEE_DOMINANT,BALANCE,BEGINNER,SAME_GOAL,BODYWEIGHT,HOME|GYM,LIGHT_MODERATE,LOAD_REDUCED,SAME_GOAL_LOWER_LOAD_ROM_EASIER_VARIANT,true,data/normalized/v2_pain_action_policy.json,DOMAIN_EXPERT_REVIEW,2026-08-25T00:00:00+09:00,DOMAIN_APPROVED,false,"NRS 1-3: original goal first; runtime reduces load, then ROM, then uses this easier variant."
ANKLE_FOOT,NRS_4_6,4,6,REX-000010,REX-000009,bodyweight_forward_lunge_knee_dominant_bodyweight,bodyweight_crunch_core_brace_bodyweight,GLUTES,CORE,KNEE_DOMINANT,CORE_BRACE,BEGINNER,ACTIVE_RECOVERY,BODYWEIGHT,HOME|GYM,LIGHT_MODERATE,SKIP_AFFECTED_AREA,AVOID_PAIN_AREA_ACTIVE_RECOVERY,true,data/normalized/v2_pain_action_policy.json,DOMAIN_EXPERT_REVIEW,2026-08-25T00:00:00+09:00,DOMAIN_APPROVED,false,NRS 4-6: primary and secondary pain-area use excluded; low-intensity active recovery only.
ANKLE_FOOT,NRS_1_3,1,3,REX-000015,REX-000069,bodyweight_split_squat_knee_dominant_bodyweight,leg_press_knee_dominant_resistance_band,QUADRICEPS,QUADRICEPS,KNEE_DOMINANT,KNEE_DOMINANT,BEGINNER,SAME_GOAL,RESISTANCE_BAND,HOME,MODERATE,LOAD_REDUCED,SAME_GOAL_LOWER_LOAD_ROM_EASIER_VARIANT,true,data/normalized/v2_pain_action_policy.json,DOMAIN_EXPERT_REVIEW,2026-08-25T00:00:00+09:00,DOMAIN_APPROVED,false,"NRS 1-3: original goal first; runtime reduces load, then ROM, then uses this easier variant."
ANKLE_FOOT,NRS_4_6,4,6,REX-000015,REX-000009,bodyweight_split_squat_knee_dominant_bodyweight,bodyweight_crunch_core_brace_bodyweight,QUADRICEPS,CORE,KNEE_DOMINANT,CORE_BRACE,BEGINNER,ACTIVE_RECOVERY,BODYWEIGHT,HOME|GYM,LIGHT_MODERATE,SKIP_AFFECTED_AREA,AVOID_PAIN_AREA_ACTIVE_RECOVERY,true,data/normalized/v2_pain_action_policy.json,DOMAIN_EXPERT_REVIEW,2026-08-25T00:00:00+09:00,DOMAIN_APPROVED,false,NRS 4-6: primary and secondary pain-area use excluded; low-intensity active recovery only.
ANKLE_FOOT,NRS_1_3,1,3,REX-000016,REX-000080,bodyweight_standing_calf_raise_isolation_bodyweight,seated_calf_raise_isolation_barbell,CALVES,CALVES,ISOLATION,ISOLATION,BEGINNER,SAME_GOAL,BARBELL,GYM,MODERATE,LOAD_REDUCED,SAME_GOAL_LOWER_LOAD_ROM_EASIER_VARIANT,true,data/normalized/v2_pain_action_policy.json,DOMAIN_EXPERT_REVIEW,2026-08-25T00:00:00+09:00,DOMAIN_APPROVED,false,"NRS 1-3: original goal first; runtime reduces load, then ROM, then uses this easier variant."
ANKLE_FOOT,NRS_4_6,4,6,REX-000016,REX-000009,bodyweight_standing_calf_raise_isolation_bodyweight,bodyweight_crunch_core_brace_bodyweight,CALVES,CORE,ISOLATION,CORE_BRACE,BEGINNER,ACTIVE_RECOVERY,BODYWEIGHT,HOME|GYM,LIGHT_MODERATE,SKIP_AFFECTED_AREA,AVOID_PAIN_AREA_ACTIVE_RECOVERY,true,data/normalized/v2_pain_action_policy.json,DOMAIN_EXPERT_REVIEW,2026-08-25T00:00:00+09:00,DOMAIN_APPROVED,false,NRS 4-6: primary and secondary pain-area use excluded; low-intensity active recovery only.
ANKLE_FOOT,NRS_1_3,1,3,REX-000025,REX-000069,dumbbell_goblet_squat_knee_dominant_dumbbell,leg_press_knee_dominant_resistance_band,QUADRICEPS,QUADRICEPS,KNEE_DOMINANT,KNEE_DOMINANT,BEGINNER,SAME_GOAL,RESISTANCE_BAND,HOME,MODERATE,LOAD_REDUCED,SAME_GOAL_LOWER_LOAD_ROM_EASIER_VARIANT,true,data/normalized/v2_pain_action_policy.json,DOMAIN_EXPERT_REVIEW,2026-08-25T00:00:00+09:00,DOMAIN_APPROVED,false,"NRS 1-3: original goal first; runtime reduces load, then ROM, then uses this easier variant."
ANKLE_FOOT,NRS_4_6,4,6,REX-000025,REX-000009,dumbbell_goblet_squat_knee_dominant_dumbbell,bodyweight_crunch_core_brace_bodyweight,QUADRICEPS,CORE,KNEE_DOMINANT,CORE_BRACE,BEGINNER,ACTIVE_RECOVERY,BODYWEIGHT,HOME|GYM,LIGHT_MODERATE,SKIP_AFFECTED_AREA,AVOID_PAIN_AREA_ACTIVE_RECOVERY,true,data/normalized/v2_pain_action_policy.json,DOMAIN_EXPERT_REVIEW,2026-08-25T00:00:00+09:00,DOMAIN_APPROVED,false,NRS 4-6: primary and secondary pain-area use excluded; low-intensity active recovery only.
ANKLE_FOOT,NRS_1_3,1,3,REX-000031,REX-000069,dumbbell_step_up_lunge_knee_dominant_dumbbell_step_box,leg_press_knee_dominant_resistance_band,QUADRICEPS,QUADRICEPS,KNEE_DOMINANT,KNEE_DOMINANT,BEGINNER,SAME_GOAL,RESISTANCE_BAND,HOME,MODERATE,LOAD_REDUCED,SAME_GOAL_LOWER_LOAD_ROM_EASIER_VARIANT,true,data/normalized/v2_pain_action_policy.json,DOMAIN_EXPERT_REVIEW,2026-08-25T00:00:00+09:00,DOMAIN_APPROVED,false,"NRS 1-3: original goal first; runtime reduces load, then ROM, then uses this easier variant."
ANKLE_FOOT,NRS_4_6,4,6,REX-000031,REX-000009,dumbbell_step_up_lunge_knee_dominant_dumbbell_step_box,bodyweight_crunch_core_brace_bodyweight,QUADRICEPS,CORE,KNEE_DOMINANT,CORE_BRACE,BEGINNER,ACTIVE_RECOVERY,BODYWEIGHT,HOME|GYM,LIGHT_MODERATE,SKIP_AFFECTED_AREA,AVOID_PAIN_AREA_ACTIVE_RECOVERY,true,data/normalized/v2_pain_action_policy.json,DOMAIN_EXPERT_REVIEW,2026-08-25T00:00:00+09:00,DOMAIN_APPROVED,false,NRS 4-6: primary and secondary pain-area use excluded; low-intensity active recovery only.
ANKLE_FOOT,NRS_1_3,1,3,REX-000041,REX-000069,leg_press_knee_dominant_machine,leg_press_knee_dominant_resistance_band,QUADRICEPS,QUADRICEPS,KNEE_DOMINANT,KNEE_DOMINANT,BEGINNER,SAME_GOAL,RESISTANCE_BAND,HOME,MODERATE,LOAD_REDUCED,SAME_GOAL_LOWER_LOAD_ROM_EASIER_VARIANT,true,data/normalized/v2_pain_action_policy.json,DOMAIN_EXPERT_REVIEW,2026-08-25T00:00:00+09:00,DOMAIN_APPROVED,false,"NRS 1-3: original goal first; runtime reduces load, then ROM, then uses this easier variant."
ANKLE_FOOT,NRS_4_6,4,6,REX-000041,REX-000009,leg_press_knee_dominant_machine,bodyweight_crunch_core_brace_bodyweight,QUADRICEPS,CORE,KNEE_DOMINANT,CORE_BRACE,BEGINNER,ACTIVE_RECOVERY,BODYWEIGHT,HOME|GYM,LIGHT_MODERATE,SKIP_AFFECTED_AREA,AVOID_PAIN_AREA_ACTIVE_RECOVERY,true,data/normalized/v2_pain_action_policy.json,DOMAIN_EXPERT_REVIEW,2026-08-25T00:00:00+09:00,DOMAIN_APPROVED,false,NRS 4-6: primary and secondary pain-area use excluded; low-intensity active recovery only.
ANKLE_FOOT,NRS_1_3,1,3,REX-000050,REX-000003,peroneal_stretch_mobility_stretch_stretch_strap,ankle_circles_mobility_stretch_bodyweight,MOBILITY,MOBILITY,MOBILITY_STRETCH,MOBILITY_STRETCH,BEGINNER,SAME_GOAL,BODYWEIGHT,HOME|GYM,LIGHT,LOAD_REDUCED,SAME_GOAL_LOWER_LOAD_ROM_EASIER_VARIANT,true,data/normalized/v2_pain_action_policy.json,DOMAIN_EXPERT_REVIEW,2026-08-25T00:00:00+09:00,DOMAIN_APPROVED,false,"NRS 1-3: original goal first; runtime reduces load, then ROM, then uses this easier variant."
ANKLE_FOOT,NRS_4_6,4,6,REX-000050,REX-000009,peroneal_stretch_mobility_stretch_stretch_strap,bodyweight_crunch_core_brace_bodyweight,MOBILITY,CORE,MOBILITY_STRETCH,CORE_BRACE,BEGINNER,ACTIVE_RECOVERY,BODYWEIGHT,HOME|GYM,LIGHT_MODERATE,SKIP_AFFECTED_AREA,AVOID_PAIN_AREA_ACTIVE_RECOVERY,true,data/normalized/v2_pain_action_policy.json,DOMAIN_EXPERT_REVIEW,2026-08-25T00:00:00+09:00,DOMAIN_APPROVED,false,NRS 4-6: primary and secondary pain-area use excluded; low-intensity active recovery only.
ANKLE_FOOT,NRS_1_3,1,3,REX-000054,REX-000016,reverse_calf_raise_isolation_resistance_band,bodyweight_standing_calf_raise_isolation_bodyweight,CALVES,CALVES,ISOLATION,ISOLATION,BEGINNER,SAME_GOAL,BODYWEIGHT,HOME|GYM,LIGHT_MODERATE,LOAD_REDUCED,SAME_GOAL_LOWER_LOAD_ROM_EASIER_VARIANT,true,data/normalized/v2_pain_action_policy.json,DOMAIN_EXPERT_REVIEW,2026-08-25T00:00:00+09:00,DOMAIN_APPROVED,false,"NRS 1-3: original goal first; runtime reduces load, then ROM, then uses this easier variant."
ANKLE_FOOT,NRS_4_6,4,6,REX-000054,REX-000009,reverse_calf_raise_isolation_resistance_band,bodyweight_crunch_core_brace_bodyweight,CALVES,CORE,ISOLATION,CORE_BRACE,BEGINNER,ACTIVE_RECOVERY,BODYWEIGHT,HOME|GYM,LIGHT_MODERATE,SKIP_AFFECTED_AREA,AVOID_PAIN_AREA_ACTIVE_RECOVERY,true,data/normalized/v2_pain_action_policy.json,DOMAIN_EXPERT_REVIEW,2026-08-25T00:00:00+09:00,DOMAIN_APPROVED,false,NRS 4-6: primary and secondary pain-area use excluded; low-intensity active recovery only.
ANKLE_FOOT,NRS_1_3,1,3,REX-000056,REX-000058,cardio_gait_bodyweight,cardio_gait_bodyweight_rex_000058,CARDIO,CARDIO,GAIT,GAIT,BEGINNER,SAME_GOAL,BODYWEIGHT,HOME,MODERATE,LOAD_REDUCED,SAME_GOAL_LOWER_LOAD_ROM_EASIER_VARIANT,true,data/normalized/v2_pain_action_policy.json,DOMAIN_EXPERT_REVIEW,2026-08-25T00:00:00+09:00,DOMAIN_APPROVED,false,"NRS 1-3: original goal first; runtime reduces load, then ROM, then uses this easier variant."
ANKLE_FOOT,NRS_4_6,4,6,REX-000056,REX-000009,cardio_gait_bodyweight,bodyweight_crunch_core_brace_bodyweight,CARDIO,CORE,GAIT,CORE_BRACE,BEGINNER,ACTIVE_RECOVERY,BODYWEIGHT,HOME|GYM,LIGHT_MODERATE,SKIP_AFFECTED_AREA,AVOID_PAIN_AREA_ACTIVE_RECOVERY,true,data/normalized/v2_pain_action_policy.json,DOMAIN_EXPERT_REVIEW,2026-08-25T00:00:00+09:00,DOMAIN_APPROVED,false,NRS 4-6: primary and secondary pain-area use excluded; low-intensity active recovery only.
ANKLE_FOOT,NRS_1_3,1,3,REX-000057,REX-000064,hip_flexion_isolation_bodyweight,hip_flexion_isolation_bodyweight_rex_000064,QUADRICEPS,QUADRICEPS,ISOLATION,ISOLATION,BEGINNER,SAME_GOAL,BODYWEIGHT,HOME,LIGHT_MODERATE,LOAD_REDUCED,SAME_GOAL_LOWER_LOAD_ROM_EASIER_VARIANT,true,data/normalized/v2_pain_action_policy.json,DOMAIN_EXPERT_REVIEW,2026-08-25T00:00:00+09:00,DOMAIN_APPROVED,false,"NRS 1-3: original goal first; runtime reduces load, then ROM, then uses this easier variant."
ANKLE_FOOT,NRS_4_6,4,6,REX-000057,REX-000009,hip_flexion_isolation_bodyweight,bodyweight_crunch_core_brace_bodyweight,QUADRICEPS,CORE,ISOLATION,CORE_BRACE,BEGINNER,ACTIVE_RECOVERY,BODYWEIGHT,HOME|GYM,LIGHT_MODERATE,SKIP_AFFECTED_AREA,AVOID_PAIN_AREA_ACTIVE_RECOVERY,true,data/normalized/v2_pain_action_policy.json,DOMAIN_EXPERT_REVIEW,2026-08-25T00:00:00+09:00,DOMAIN_APPROVED,false,NRS 4-6: primary and secondary pain-area use excluded; low-intensity active recovery only.
ANKLE_FOOT,NRS_1_3,1,3,REX-000058,REX-000056,cardio_gait_bodyweight_rex_000058,cardio_gait_bodyweight,CARDIO,CARDIO,GAIT,GAIT,BEGINNER,SAME_GOAL,BODYWEIGHT,HOME,MODERATE,LOAD_REDUCED,SAME_GOAL_LOWER_LOAD_ROM_EASIER_VARIANT,true,data/normalized/v2_pain_action_policy.json,DOMAIN_EXPERT_REVIEW,2026-08-25T00:00:00+09:00,DOMAIN_APPROVED,false,"NRS 1-3: original goal first; runtime reduces load, then ROM, then uses this easier variant."
ANKLE_FOOT,NRS_4_6,4,6,REX-000058,REX-000009,cardio_gait_bodyweight_rex_000058,bodyweight_crunch_core_brace_bodyweight,CARDIO,CORE,GAIT,CORE_BRACE,BEGINNER,ACTIVE_RECOVERY,BODYWEIGHT,HOME|GYM,LIGHT_MODERATE,SKIP_AFFECTED_AREA,AVOID_PAIN_AREA_ACTIVE_RECOVERY,true,data/normalized/v2_pain_action_policy.json,DOMAIN_EXPERT_REVIEW,2026-08-25T00:00:00+09:00,DOMAIN_APPROVED,false,NRS 4-6: primary and secondary pain-area use excluded; low-intensity active recovery only.
ANKLE_FOOT,NRS_1_3,1,3,REX-000059,REX-000056,cardio_jump_plyometric_bodyweight,cardio_gait_bodyweight,CARDIO,CARDIO,JUMP_PLYOMETRIC,GAIT,BEGINNER,SAME_GOAL,BODYWEIGHT,HOME,MODERATE,LOAD_REDUCED,SAME_GOAL_LOWER_LOAD_ROM_EASIER_VARIANT,true,data/normalized/v2_pain_action_policy.json,DOMAIN_EXPERT_REVIEW,2026-08-25T00:00:00+09:00,DOMAIN_APPROVED,false,"NRS 1-3: original goal first; runtime reduces load, then ROM, then uses this easier variant."
ANKLE_FOOT,NRS_4_6,4,6,REX-000059,REX-000009,cardio_jump_plyometric_bodyweight,bodyweight_crunch_core_brace_bodyweight,CARDIO,CORE,JUMP_PLYOMETRIC,CORE_BRACE,BEGINNER,ACTIVE_RECOVERY,BODYWEIGHT,HOME|GYM,LIGHT_MODERATE,SKIP_AFFECTED_AREA,AVOID_PAIN_AREA_ACTIVE_RECOVERY,true,data/normalized/v2_pain_action_policy.json,DOMAIN_EXPERT_REVIEW,2026-08-25T00:00:00+09:00,DOMAIN_APPROVED,false,NRS 4-6: primary and secondary pain-area use excluded; low-intensity active recovery only.
ANKLE_FOOT,NRS_1_3,1,3,REX-000060,REX-000059,cardio_jump_plyometric_jump_rope,cardio_jump_plyometric_bodyweight,CARDIO,CARDIO,JUMP_PLYOMETRIC,JUMP_PLYOMETRIC,BEGINNER,SAME_GOAL,BODYWEIGHT,HOME|GYM,MODERATE,LOAD_REDUCED,SAME_GOAL_LOWER_LOAD_ROM_EASIER_VARIANT,true,data/normalized/v2_pain_action_policy.json,DOMAIN_EXPERT_REVIEW,2026-08-25T00:00:00+09:00,DOMAIN_APPROVED,false,"NRS 1-3: original goal first; runtime reduces load, then ROM, then uses this easier variant."
ANKLE_FOOT,NRS_4_6,4,6,REX-000060,REX-000009,cardio_jump_plyometric_jump_rope,bodyweight_crunch_core_brace_bodyweight,CARDIO,CORE,JUMP_PLYOMETRIC,CORE_BRACE,BEGINNER,ACTIVE_RECOVERY,BODYWEIGHT,HOME|GYM,LIGHT_MODERATE,SKIP_AFFECTED_AREA,AVOID_PAIN_AREA_ACTIVE_RECOVERY,true,data/normalized/v2_pain_action_policy.json,DOMAIN_EXPERT_REVIEW,2026-08-25T00:00:00+09:00,DOMAIN_APPROVED,false,NRS 4-6: primary and secondary pain-area use excluded; low-intensity active recovery only.
ANKLE_FOOT,NRS_1_3,1,3,REX-000062,REX-000056,cardio_gait_bodyweight_rex_000062,cardio_gait_bodyweight,CARDIO,CARDIO,GAIT,GAIT,BEGINNER,SAME_GOAL,BODYWEIGHT,HOME,MODERATE,LOAD_REDUCED,SAME_GOAL_LOWER_LOAD_ROM_EASIER_VARIANT,true,data/normalized/v2_pain_action_policy.json,DOMAIN_EXPERT_REVIEW,2026-08-25T00:00:00+09:00,DOMAIN_APPROVED,false,"NRS 1-3: original goal first; runtime reduces load, then ROM, then uses this easier variant."
ANKLE_FOOT,NRS_4_6,4,6,REX-000062,REX-000009,cardio_gait_bodyweight_rex_000062,bodyweight_crunch_core_brace_bodyweight,CARDIO,CORE,GAIT,CORE_BRACE,BEGINNER,ACTIVE_RECOVERY,BODYWEIGHT,HOME|GYM,LIGHT_MODERATE,SKIP_AFFECTED_AREA,AVOID_PAIN_AREA_ACTIVE_RECOVERY,true,data/normalized/v2_pain_action_policy.json,DOMAIN_EXPERT_REVIEW,2026-08-25T00:00:00+09:00,DOMAIN_APPROVED,false,NRS 4-6: primary and secondary pain-area use excluded; low-intensity active recovery only.
ANKLE_FOOT,NRS_1_3,1,3,REX-000065,REX-000056,cardio_gait_bodyweight_rex_000065,cardio_gait_bodyweight,CARDIO,CARDIO,GAIT,GAIT,BEGINNER,SAME_GOAL,BODYWEIGHT,HOME,MODERATE,LOAD_REDUCED,SAME_GOAL_LOWER_LOAD_ROM_EASIER_VARIANT,true,data/normalized/v2_pain_action_policy.json,DOMAIN_EXPERT_REVIEW,2026-08-25T00:00:00+09:00,DOMAIN_APPROVED,false,"NRS 1-3: original goal first; runtime reduces load, then ROM, then uses this easier variant."
ANKLE_FOOT,NRS_4_6,4,6,REX-000065,REX-000009,cardio_gait_bodyweight_rex_000065,bodyweight_crunch_core_brace_bodyweight,CARDIO,CORE,GAIT,CORE_BRACE,BEGINNER,ACTIVE_RECOVERY,BODYWEIGHT,HOME|GYM,LIGHT_MODERATE,SKIP_AFFECTED_AREA,AVOID_PAIN_AREA_ACTIVE_RECOVERY,true,data/normalized/v2_pain_action_policy.json,DOMAIN_EXPERT_REVIEW,2026-08-25T00:00:00+09:00,DOMAIN_APPROVED,false,NRS 4-6: primary and secondary pain-area use excluded; low-intensity active recovery only.
ANKLE_FOOT,NRS_1_3,1,3,REX-000066,REX-000011,mobility_balance_bodyweight,bodyweight_glute_bridge_hip_dominant_bodyweight,MOBILITY,GLUTES,BALANCE,HIP_DOMINANT,BEGINNER,SAME_GOAL,BODYWEIGHT,HOME|GYM,LIGHT_MODERATE,LOAD_REDUCED,SAME_GOAL_LOWER_LOAD_ROM_EASIER_VARIANT,true,data/normalized/v2_pain_action_policy.json,DOMAIN_EXPERT_REVIEW,2026-08-25T00:00:00+09:00,DOMAIN_APPROVED,false,"NRS 1-3: original goal first; runtime reduces load, then ROM, then uses this easier variant."
ANKLE_FOOT,NRS_4_6,4,6,REX-000066,REX-000009,mobility_balance_bodyweight,bodyweight_crunch_core_brace_bodyweight,MOBILITY,CORE,BALANCE,CORE_BRACE,BEGINNER,ACTIVE_RECOVERY,BODYWEIGHT,HOME|GYM,LIGHT_MODERATE,SKIP_AFFECTED_AREA,AVOID_PAIN_AREA_ACTIVE_RECOVERY,true,data/normalized/v2_pain_action_policy.json,DOMAIN_EXPERT_REVIEW,2026-08-25T00:00:00+09:00,DOMAIN_APPROVED,false,NRS 4-6: primary and secondary pain-area use excluded; low-intensity active recovery only.
ANKLE_FOOT,NRS_1_3,1,3,REX-000067,REX-000056,cardio_cycling_stationary_bike,cardio_gait_bodyweight,CARDIO,CARDIO,CYCLING,GAIT,BEGINNER,SAME_GOAL,BODYWEIGHT,HOME,MODERATE,LOAD_REDUCED,SAME_GOAL_LOWER_LOAD_ROM_EASIER_VARIANT,true,data/normalized/v2_pain_action_policy.json,DOMAIN_EXPERT_REVIEW,2026-08-25T00:00:00+09:00,DOMAIN_APPROVED,false,"NRS 1-3: original goal first; runtime reduces load, then ROM, then uses this easier variant."
ANKLE_FOOT,NRS_4_6,4,6,REX-000067,REX-000009,cardio_cycling_stationary_bike,bodyweight_crunch_core_brace_bodyweight,CARDIO,CORE,CYCLING,CORE_BRACE,BEGINNER,ACTIVE_RECOVERY,BODYWEIGHT,HOME|GYM,LIGHT_MODERATE,SKIP_AFFECTED_AREA,AVOID_PAIN_AREA_ACTIVE_RECOVERY,true,data/normalized/v2_pain_action_policy.json,DOMAIN_EXPERT_REVIEW,2026-08-25T00:00:00+09:00,DOMAIN_APPROVED,false,NRS 4-6: primary and secondary pain-area use excluded; low-intensity active recovery only.
ANKLE_FOOT,NRS_1_3,1,3,REX-000068,REX-000056,cardio_gait_step_box,cardio_gait_bodyweight,CARDIO,CARDIO,GAIT,GAIT,BEGINNER,SAME_GOAL,BODYWEIGHT,HOME,MODERATE,LOAD_REDUCED,SAME_GOAL_LOWER_LOAD_ROM_EASIER_VARIANT,true,data/normalized/v2_pain_action_policy.json,DOMAIN_EXPERT_REVIEW,2026-08-25T00:00:00+09:00,DOMAIN_APPROVED,false,"NRS 1-3: original goal first; runtime reduces load, then ROM, then uses this easier variant."
ANKLE_FOOT,NRS_4_6,4,6,REX-000068,REX-000009,cardio_gait_step_box,bodyweight_crunch_core_brace_bodyweight,CARDIO,CORE,GAIT,CORE_BRACE,BEGINNER,ACTIVE_RECOVERY,BODYWEIGHT,HOME|GYM,LIGHT_MODERATE,SKIP_AFFECTED_AREA,AVOID_PAIN_AREA_ACTIVE_RECOVERY,true,data/normalized/v2_pain_action_policy.json,DOMAIN_EXPERT_REVIEW,2026-08-25T00:00:00+09:00,DOMAIN_APPROVED,false,NRS 4-6: primary and secondary pain-area use excluded; low-intensity active recovery only.
ANKLE_FOOT,NRS_1_3,1,3,REX-000070,REX-000056,cardio_gait_machine,cardio_gait_bodyweight,CARDIO,CARDIO,GAIT,GAIT,BEGINNER,SAME_GOAL,BODYWEIGHT,HOME,MODERATE,LOAD_REDUCED,SAME_GOAL_LOWER_LOAD_ROM_EASIER_VARIANT,true,data/normalized/v2_pain_action_policy.json,DOMAIN_EXPERT_REVIEW,2026-08-25T00:00:00+09:00,DOMAIN_APPROVED,false,"NRS 1-3: original goal first; runtime reduces load, then ROM, then uses this easier variant."
ANKLE_FOOT,NRS_4_6,4,6,REX-000070,REX-000009,cardio_gait_machine,bodyweight_crunch_core_brace_bodyweight,CARDIO,CORE,GAIT,CORE_BRACE,BEGINNER,ACTIVE_RECOVERY,BODYWEIGHT,HOME|GYM,LIGHT_MODERATE,SKIP_AFFECTED_AREA,AVOID_PAIN_AREA_ACTIVE_RECOVERY,true,data/normalized/v2_pain_action_policy.json,DOMAIN_EXPERT_REVIEW,2026-08-25T00:00:00+09:00,DOMAIN_APPROVED,false,NRS 4-6: primary and secondary pain-area use excluded; low-intensity active recovery only.
ANKLE_FOOT,NRS_1_3,1,3,REX-000071,REX-000056,cardio_gait_machine_rex_000071,cardio_gait_bodyweight,CARDIO,CARDIO,GAIT,GAIT,BEGINNER,SAME_GOAL,BODYWEIGHT,HOME,MODERATE,LOAD_REDUCED,SAME_GOAL_LOWER_LOAD_ROM_EASIER_VARIANT,true,data/normalized/v2_pain_action_policy.json,DOMAIN_EXPERT_REVIEW,2026-08-25T00:00:00+09:00,DOMAIN_APPROVED,false,"NRS 1-3: original goal first; runtime reduces load, then ROM, then uses this easier variant."
ANKLE_FOOT,NRS_4_6,4,6,REX-000071,REX-000009,cardio_gait_machine_rex_000071,bodyweight_crunch_core_brace_bodyweight,CARDIO,CORE,GAIT,CORE_BRACE,BEGINNER,ACTIVE_RECOVERY,BODYWEIGHT,HOME|GYM,LIGHT_MODERATE,SKIP_AFFECTED_AREA,AVOID_PAIN_AREA_ACTIVE_RECOVERY,true,data/normalized/v2_pain_action_policy.json,DOMAIN_EXPERT_REVIEW,2026-08-25T00:00:00+09:00,DOMAIN_APPROVED,false,NRS 4-6: primary and secondary pain-area use excluded; low-intensity active recovery only.
ANKLE_FOOT,NRS_1_3,1,3,REX-000072,REX-000056,cardio_elliptical_elliptical_machine,cardio_gait_bodyweight,CARDIO,CARDIO,ELLIPTICAL,GAIT,BEGINNER,SAME_GOAL,BODYWEIGHT,HOME,MODERATE,LOAD_REDUCED,SAME_GOAL_LOWER_LOAD_ROM_EASIER_VARIANT,true,data/normalized/v2_pain_action_policy.json,DOMAIN_EXPERT_REVIEW,2026-08-25T00:00:00+09:00,DOMAIN_APPROVED,false,"NRS 1-3: original goal first; runtime reduces load, then ROM, then uses this easier variant."
ANKLE_FOOT,NRS_4_6,4,6,REX-000072,REX-000009,cardio_elliptical_elliptical_machine,bodyweight_crunch_core_brace_bodyweight,CARDIO,CORE,ELLIPTICAL,CORE_BRACE,BEGINNER,ACTIVE_RECOVERY,BODYWEIGHT,HOME|GYM,LIGHT_MODERATE,SKIP_AFFECTED_AREA,AVOID_PAIN_AREA_ACTIVE_RECOVERY,true,data/normalized/v2_pain_action_policy.json,DOMAIN_EXPERT_REVIEW,2026-08-25T00:00:00+09:00,DOMAIN_APPROVED,false,NRS 4-6: primary and secondary pain-area use excluded; low-intensity active recovery only.
ANKLE_FOOT,NRS_1_3,1,3,REX-000077,REX-000003,runners_stretch_mobility_stretch_bodyweight,ankle_circles_mobility_stretch_bodyweight,MOBILITY,MOBILITY,MOBILITY_STRETCH,MOBILITY_STRETCH,BEGINNER,SAME_GOAL,BODYWEIGHT,HOME|GYM,LIGHT,LOAD_REDUCED,SAME_GOAL_LOWER_LOAD_ROM_EASIER_VARIANT,true,data/normalized/v2_pain_action_policy.json,DOMAIN_EXPERT_REVIEW,2026-08-25T00:00:00+09:00,DOMAIN_APPROVED,false,"NRS 1-3: original goal first; runtime reduces load, then ROM, then uses this easier variant."
ANKLE_FOOT,NRS_4_6,4,6,REX-000077,REX-000009,runners_stretch_mobility_stretch_bodyweight,bodyweight_crunch_core_brace_bodyweight,MOBILITY,CORE,MOBILITY_STRETCH,CORE_BRACE,BEGINNER,ACTIVE_RECOVERY,BODYWEIGHT,HOME|GYM,LIGHT_MODERATE,SKIP_AFFECTED_AREA,AVOID_PAIN_AREA_ACTIVE_RECOVERY,true,data/normalized/v2_pain_action_policy.json,DOMAIN_EXPERT_REVIEW,2026-08-25T00:00:00+09:00,DOMAIN_APPROVED,false,NRS 4-6: primary and secondary pain-area use excluded; low-intensity active recovery only.
ANKLE_FOOT,NRS_1_3,1,3,REX-000080,REX-000016,seated_calf_raise_isolation_barbell,bodyweight_standing_calf_raise_isolation_bodyweight,CALVES,CALVES,ISOLATION,ISOLATION,BEGINNER,SAME_GOAL,BODYWEIGHT,HOME|GYM,LIGHT_MODERATE,LOAD_REDUCED,SAME_GOAL_LOWER_LOAD_ROM_EASIER_VARIANT,true,data/normalized/v2_pain_action_policy.json,DOMAIN_EXPERT_REVIEW,2026-08-25T00:00:00+09:00,DOMAIN_APPROVED,false,"NRS 1-3: original goal first; runtime reduces load, then ROM, then uses this easier variant."
ANKLE_FOOT,NRS_4_6,4,6,REX-000080,REX-000009,seated_calf_raise_isolation_barbell,bodyweight_crunch_core_brace_bodyweight,CALVES,CORE,ISOLATION,CORE_BRACE,BEGINNER,ACTIVE_RECOVERY,BODYWEIGHT,HOME|GYM,LIGHT_MODERATE,SKIP_AFFECTED_AREA,AVOID_PAIN_AREA_ACTIVE_RECOVERY,true,data/normalized/v2_pain_action_policy.json,DOMAIN_EXPERT_REVIEW,2026-08-25T00:00:00+09:00,DOMAIN_APPROVED,false,NRS 4-6: primary and secondary pain-area use excluded; low-intensity active recovery only.
ANKLE_FOOT,NRS_1_3,1,3,REX-000081,REX-000003,seated_calf_stretch_mobility_stretch_bodyweight,ankle_circles_mobility_stretch_bodyweight,MOBILITY,MOBILITY,MOBILITY_STRETCH,MOBILITY_STRETCH,BEGINNER,SAME_GOAL,BODYWEIGHT,HOME|GYM,LIGHT,LOAD_REDUCED,SAME_GOAL_LOWER_LOAD_ROM_EASIER_VARIANT,true,data/normalized/v2_pain_action_policy.json,DOMAIN_EXPERT_REVIEW,2026-08-25T00:00:00+09:00,DOMAIN_APPROVED,false,"NRS 1-3: original goal first; runtime reduces load, then ROM, then uses this easier variant."
ANKLE_FOOT,NRS_4_6,4,6,REX-000081,REX-000009,seated_calf_stretch_mobility_stretch_bodyweight,bodyweight_crunch_core_brace_bodyweight,MOBILITY,CORE,MOBILITY_STRETCH,CORE_BRACE,BEGINNER,ACTIVE_RECOVERY,BODYWEIGHT,HOME|GYM,LIGHT_MODERATE,SKIP_AFFECTED_AREA,AVOID_PAIN_AREA_ACTIVE_RECOVERY,true,data/normalized/v2_pain_action_policy.json,DOMAIN_EXPERT_REVIEW,2026-08-25T00:00:00+09:00,DOMAIN_APPROVED,false,NRS 4-6: primary and secondary pain-area use excluded; low-intensity active recovery only.
ANKLE_FOOT,NRS_1_3,1,3,REX-000093,REX-000069,squat_variant_knee_dominant_barbell,leg_press_knee_dominant_resistance_band,QUADRICEPS,QUADRICEPS,KNEE_DOMINANT,KNEE_DOMINANT,BEGINNER,SAME_GOAL,RESISTANCE_BAND,HOME,MODERATE,LOAD_REDUCED,SAME_GOAL_LOWER_LOAD_ROM_EASIER_VARIANT,true,data/normalized/v2_pain_action_policy.json,DOMAIN_EXPERT_REVIEW,2026-08-25T00:00:00+09:00,DOMAIN_APPROVED,false,"NRS 1-3: original goal first; runtime reduces load, then ROM, then uses this easier variant."
ANKLE_FOOT,NRS_4_6,4,6,REX-000093,REX-000009,squat_variant_knee_dominant_barbell,bodyweight_crunch_core_brace_bodyweight,QUADRICEPS,CORE,KNEE_DOMINANT,CORE_BRACE,BEGINNER,ACTIVE_RECOVERY,BODYWEIGHT,HOME|GYM,LIGHT_MODERATE,SKIP_AFFECTED_AREA,AVOID_PAIN_AREA_ACTIVE_RECOVERY,true,data/normalized/v2_pain_action_policy.json,DOMAIN_EXPERT_REVIEW,2026-08-25T00:00:00+09:00,DOMAIN_APPROVED,false,NRS 4-6: primary and secondary pain-area use excluded; low-intensity active recovery only.
ANKLE_FOOT,NRS_1_3,1,3,REX-000094,REX-000003,standing_hamstring_calf_strap_stretch_mobility_stretch_stretch_strap,ankle_circles_mobility_stretch_bodyweight,MOBILITY,MOBILITY,MOBILITY_STRETCH,MOBILITY_STRETCH,BEGINNER,SAME_GOAL,BODYWEIGHT,HOME|GYM,LIGHT,LOAD_REDUCED,SAME_GOAL_LOWER_LOAD_ROM_EASIER_VARIANT,true,data/normalized/v2_pain_action_policy.json,DOMAIN_EXPERT_REVIEW,2026-08-25T00:00:00+09:00,DOMAIN_APPROVED,false,"NRS 1-3: original goal first; runtime reduces load, then ROM, then uses this easier variant."
ANKLE_FOOT,NRS_4_6,4,6,REX-000094,REX-000009,standing_hamstring_calf_strap_stretch_mobility_stretch_stretch_strap,bodyweight_crunch_core_brace_bodyweight,MOBILITY,CORE,MOBILITY_STRETCH,CORE_BRACE,BEGINNER,ACTIVE_RECOVERY,BODYWEIGHT,HOME|GYM,LIGHT_MODERATE,SKIP_AFFECTED_AREA,AVOID_PAIN_AREA_ACTIVE_RECOVERY,true,data/normalized/v2_pain_action_policy.json,DOMAIN_EXPERT_REVIEW,2026-08-25T00:00:00+09:00,DOMAIN_APPROVED,false,NRS 4-6: primary and secondary pain-area use excluded; low-intensity active recovery only.
ANKLE_FOOT,NRS_1_3,1,3,REX-000099,REX-000003,wall_calf_stretch_mobility_stretch_bodyweight,ankle_circles_mobility_stretch_bodyweight,MOBILITY,MOBILITY,MOBILITY_STRETCH,MOBILITY_STRETCH,BEGINNER,SAME_GOAL,BODYWEIGHT,HOME|GYM,LIGHT,LOAD_REDUCED,SAME_GOAL_LOWER_LOAD_ROM_EASIER_VARIANT,true,data/normalized/v2_pain_action_policy.json,DOMAIN_EXPERT_REVIEW,2026-08-25T00:00:00+09:00,DOMAIN_APPROVED,false,"NRS 1-3: original goal first; runtime reduces load, then ROM, then uses this easier variant."
ANKLE_FOOT,NRS_4_6,4,6,REX-000099,REX-000009,wall_calf_stretch_mobility_stretch_bodyweight,bodyweight_crunch_core_brace_bodyweight,MOBILITY,CORE,MOBILITY_STRETCH,CORE_BRACE,BEGINNER,ACTIVE_RECOVERY,BODYWEIGHT,HOME|GYM,LIGHT_MODERATE,SKIP_AFFECTED_AREA,AVOID_PAIN_AREA_ACTIVE_RECOVERY,true,data/normalized/v2_pain_action_policy.json,DOMAIN_EXPERT_REVIEW,2026-08-25T00:00:00+09:00,DOMAIN_APPROVED,false,NRS 4-6: primary and secondary pain-area use excluded; low-intensity active recovery only.
ANKLE_FOOT,NRS_1_3,1,3,REX-000100,REX-000003,world_greatest_stretch_mobility_stretch_bodyweight,ankle_circles_mobility_stretch_bodyweight,MOBILITY,MOBILITY,MOBILITY_STRETCH,MOBILITY_STRETCH,BEGINNER,SAME_GOAL,BODYWEIGHT,HOME|GYM,LIGHT,LOAD_REDUCED,SAME_GOAL_LOWER_LOAD_ROM_EASIER_VARIANT,true,data/normalized/v2_pain_action_policy.json,DOMAIN_EXPERT_REVIEW,2026-08-25T00:00:00+09:00,DOMAIN_APPROVED,false,"NRS 1-3: original goal first; runtime reduces load, then ROM, then uses this easier variant."
ANKLE_FOOT,NRS_4_6,4,6,REX-000100,REX-000009,world_greatest_stretch_mobility_stretch_bodyweight,bodyweight_crunch_core_brace_bodyweight,MOBILITY,CORE,MOBILITY_STRETCH,CORE_BRACE,BEGINNER,ACTIVE_RECOVERY,BODYWEIGHT,HOME|GYM,LIGHT_MODERATE,SKIP_AFFECTED_AREA,AVOID_PAIN_AREA_ACTIVE_RECOVERY,true,data/normalized/v2_pain_action_policy.json,DOMAIN_EXPERT_REVIEW,2026-08-25T00:00:00+09:00,DOMAIN_APPROVED,false,NRS 4-6: primary and secondary pain-area use excluded; low-intensity active recovery only.
CHEST,NRS_1_3,1,3,REX-000006,REX-000046,barbell_pullover_isolation_barbell,one_arm_wall_lats_isolation_bodyweight,BACK,BACK,ISOLATION,ISOLATION,BEGINNER,SAME_GOAL,BODYWEIGHT,HOME|GYM,MODERATE,LOAD_REDUCED,SAME_GOAL_LOWER_LOAD_ROM_EASIER_VARIANT,true,data/normalized/v2_pain_action_policy.json,DOMAIN_EXPERT_REVIEW,2026-08-25T00:00:00+09:00,DOMAIN_APPROVED,false,"NRS 1-3: original goal first; runtime reduces load, then ROM, then uses this easier variant."
CHEST,NRS_4_6,4,6,REX-000006,REX-000009,barbell_pullover_isolation_barbell,bodyweight_crunch_core_brace_bodyweight,BACK,CORE,ISOLATION,CORE_BRACE,BEGINNER,ACTIVE_RECOVERY,BODYWEIGHT,HOME|GYM,LIGHT_MODERATE,SKIP_AFFECTED_AREA,AVOID_PAIN_AREA_ACTIVE_RECOVERY,true,data/normalized/v2_pain_action_policy.json,DOMAIN_EXPERT_REVIEW,2026-08-25T00:00:00+09:00,DOMAIN_APPROVED,false,NRS 4-6: primary and secondary pain-area use excluded; low-intensity active recovery only.
CHEST,NRS_1_3,1,3,REX-000018,REX-000052,cable_fly_isolation_cable_machine,push_up_horizontal_push_bodyweight,CHEST,CHEST,ISOLATION,HORIZONTAL_PUSH,BEGINNER,SAME_GOAL,BODYWEIGHT,HOME|GYM,LIGHT_MODERATE,LOAD_REDUCED,SAME_GOAL_LOWER_LOAD_ROM_EASIER_VARIANT,true,data/normalized/v2_pain_action_policy.json,DOMAIN_EXPERT_REVIEW,2026-08-25T00:00:00+09:00,DOMAIN_APPROVED,false,"NRS 1-3: original goal first; runtime reduces load, then ROM, then uses this easier variant."
CHEST,NRS_4_6,4,6,REX-000018,REX-000009,cable_fly_isolation_cable_machine,bodyweight_crunch_core_brace_bodyweight,CHEST,CORE,ISOLATION,CORE_BRACE,BEGINNER,ACTIVE_RECOVERY,BODYWEIGHT,HOME|GYM,LIGHT_MODERATE,SKIP_AFFECTED_AREA,AVOID_PAIN_AREA_ACTIVE_RECOVERY,true,data/normalized/v2_pain_action_policy.json,DOMAIN_EXPERT_REVIEW,2026-08-25T00:00:00+09:00,DOMAIN_APPROVED,false,NRS 4-6: primary and secondary pain-area use excluded; low-intensity active recovery only.
CHEST,NRS_1_3,1,3,REX-000021,REX-000003,chest_front_shoulder_stretch_mobility_stretch_bodyweight,ankle_circles_mobility_stretch_bodyweight,MOBILITY,MOBILITY,MOBILITY_STRETCH,MOBILITY_STRETCH,BEGINNER,SAME_GOAL,BODYWEIGHT,HOME|GYM,LIGHT,LOAD_REDUCED,SAME_GOAL_LOWER_LOAD_ROM_EASIER_VARIANT,true,data/normalized/v2_pain_action_policy.json,DOMAIN_EXPERT_REVIEW,2026-08-25T00:00:00+09:00,DOMAIN_APPROVED,false,"NRS 1-3: original goal first; runtime reduces load, then ROM, then uses this easier variant."
CHEST,NRS_4_6,4,6,REX-000021,REX-000009,chest_front_shoulder_stretch_mobility_stretch_bodyweight,bodyweight_crunch_core_brace_bodyweight,MOBILITY,CORE,MOBILITY_STRETCH,CORE_BRACE,BEGINNER,ACTIVE_RECOVERY,BODYWEIGHT,HOME|GYM,LIGHT_MODERATE,SKIP_AFFECTED_AREA,AVOID_PAIN_AREA_ACTIVE_RECOVERY,true,data/normalized/v2_pain_action_policy.json,DOMAIN_EXPERT_REVIEW,2026-08-25T00:00:00+09:00,DOMAIN_APPROVED,false,NRS 4-6: primary and secondary pain-area use excluded; low-intensity active recovery only.
CHEST,NRS_1_3,1,3,REX-000022,REX-000047,close_grip_push_up_horizontal_push_bodyweight,overhead_triceps_extension_isolation_barbell,TRICEPS,TRICEPS,HORIZONTAL_PUSH,ISOLATION,BEGINNER,SAME_GOAL,BARBELL,GYM,MODERATE,LOAD_REDUCED,SAME_GOAL_LOWER_LOAD_ROM_EASIER_VARIANT,true,data/normalized/v2_pain_action_policy.json,DOMAIN_EXPERT_REVIEW,2026-08-25T00:00:00+09:00,DOMAIN_APPROVED,false,"NRS 1-3: original goal first; runtime reduces load, then ROM, then uses this easier variant."
CHEST,NRS_4_6,4,6,REX-000022,REX-000009,close_grip_push_up_horizontal_push_bodyweight,bodyweight_crunch_core_brace_bodyweight,TRICEPS,CORE,HORIZONTAL_PUSH,CORE_BRACE,BEGINNER,ACTIVE_RECOVERY,BODYWEIGHT,HOME|GYM,LIGHT_MODERATE,SKIP_AFFECTED_AREA,AVOID_PAIN_AREA_ACTIVE_RECOVERY,true,data/normalized/v2_pain_action_policy.json,DOMAIN_EXPERT_REVIEW,2026-08-25T00:00:00+09:00,DOMAIN_APPROVED,false,NRS 4-6: primary and secondary pain-area use excluded; low-intensity active recovery only.
CHEST,NRS_1_3,1,3,REX-000032,REX-000003,dynamic_chest_stretch_mobility_stretch_bodyweight,ankle_circles_mobility_stretch_bodyweight,MOBILITY,MOBILITY,MOBILITY_STRETCH,MOBILITY_STRETCH,BEGINNER,SAME_GOAL,BODYWEIGHT,HOME|GYM,LIGHT,LOAD_REDUCED,SAME_GOAL_LOWER_LOAD_ROM_EASIER_VARIANT,true,data/normalized/v2_pain_action_policy.json,DOMAIN_EXPERT_REVIEW,2026-08-25T00:00:00+09:00,DOMAIN_APPROVED,false,"NRS 1-3: original goal first; runtime reduces load, then ROM, then uses this easier variant."
CHEST,NRS_4_6,4,6,REX-000032,REX-000009,dynamic_chest_stretch_mobility_stretch_bodyweight,bodyweight_crunch_core_brace_bodyweight,MOBILITY,CORE,MOBILITY_STRETCH,CORE_BRACE,BEGINNER,ACTIVE_RECOVERY,BODYWEIGHT,HOME|GYM,LIGHT_MODERATE,SKIP_AFFECTED_AREA,AVOID_PAIN_AREA_ACTIVE_RECOVERY,true,data/normalized/v2_pain_action_policy.json,DOMAIN_EXPERT_REVIEW,2026-08-25T00:00:00+09:00,DOMAIN_APPROVED,false,NRS 4-6: primary and secondary pain-area use excluded; low-intensity active recovery only.
CHEST,NRS_1_3,1,3,REX-000039,REX-000003,kneeling_lat_stretch_mobility_stretch_bodyweight,ankle_circles_mobility_stretch_bodyweight,MOBILITY,MOBILITY,MOBILITY_STRETCH,MOBILITY_STRETCH,BEGINNER,SAME_GOAL,BODYWEIGHT,HOME|GYM,LIGHT,LOAD_REDUCED,SAME_GOAL_LOWER_LOAD_ROM_EASIER_VARIANT,true,data/normalized/v2_pain_action_policy.json,DOMAIN_EXPERT_REVIEW,2026-08-25T00:00:00+09:00,DOMAIN_APPROVED,false,"NRS 1-3: original goal first; runtime reduces load, then ROM, then uses this easier variant."
CHEST,NRS_4_6,4,6,REX-000039,REX-000009,kneeling_lat_stretch_mobility_stretch_bodyweight,bodyweight_crunch_core_brace_bodyweight,MOBILITY,CORE,MOBILITY_STRETCH,CORE_BRACE,BEGINNER,ACTIVE_RECOVERY,BODYWEIGHT,HOME|GYM,LIGHT_MODERATE,SKIP_AFFECTED_AREA,AVOID_PAIN_AREA_ACTIVE_RECOVERY,true,data/normalized/v2_pain_action_policy.json,DOMAIN_EXPERT_REVIEW,2026-08-25T00:00:00+09:00,DOMAIN_APPROVED,false,NRS 4-6: primary and secondary pain-area use excluded; low-intensity active recovery only.
CHEST,NRS_1_3,1,3,REX-000049,REX-000052,pectorals_horizontal_push_horizontal_push_machine,push_up_horizontal_push_bodyweight,CHEST,CHEST,HORIZONTAL_PUSH,HORIZONTAL_PUSH,BEGINNER,SAME_GOAL,BODYWEIGHT,HOME|GYM,LIGHT_MODERATE,LOAD_REDUCED,SAME_GOAL_LOWER_LOAD_ROM_EASIER_VARIANT,true,data/normalized/v2_pain_action_policy.json,DOMAIN_EXPERT_REVIEW,2026-08-25T00:00:00+09:00,DOMAIN_APPROVED,false,"NRS 1-3: original goal first; runtime reduces load, then ROM, then uses this easier variant."
CHEST,NRS_4_6,4,6,REX-000049,REX-000009,pectorals_horizontal_push_horizontal_push_machine,bodyweight_crunch_core_brace_bodyweight,CHEST,CORE,HORIZONTAL_PUSH,CORE_BRACE,BEGINNER,ACTIVE_RECOVERY,BODYWEIGHT,HOME|GYM,LIGHT_MODERATE,SKIP_AFFECTED_AREA,AVOID_PAIN_AREA_ACTIVE_RECOVERY,true,data/normalized/v2_pain_action_policy.json,DOMAIN_EXPERT_REVIEW,2026-08-25T00:00:00+09:00,DOMAIN_APPROVED,false,NRS 4-6: primary and secondary pain-area use excluded; low-intensity active recovery only.
CHEST,NRS_1_3,1,3,REX-000052,REX-000049,push_up_horizontal_push_bodyweight,pectorals_horizontal_push_horizontal_push_machine,CHEST,CHEST,HORIZONTAL_PUSH,HORIZONTAL_PUSH,BEGINNER,SAME_GOAL,MACHINE,GYM,MODERATE,LOAD_REDUCED,SAME_GOAL_LOWER_LOAD_ROM_EASIER_VARIANT,true,data/normalized/v2_pain_action_policy.json,DOMAIN_EXPERT_REVIEW,2026-08-25T00:00:00+09:00,DOMAIN_APPROVED,false,"NRS 1-3: original goal first; runtime reduces load, then ROM, then uses this easier variant."
CHEST,NRS_4_6,4,6,REX-000052,REX-000009,push_up_horizontal_push_bodyweight,bodyweight_crunch_core_brace_bodyweight,CHEST,CORE,HORIZONTAL_PUSH,CORE_BRACE,BEGINNER,ACTIVE_RECOVERY,BODYWEIGHT,HOME|GYM,LIGHT_MODERATE,SKIP_AFFECTED_AREA,AVOID_PAIN_AREA_ACTIVE_RECOVERY,true,data/normalized/v2_pain_action_policy.json,DOMAIN_EXPERT_REVIEW,2026-08-25T00:00:00+09:00,DOMAIN_APPROVED,false,NRS 4-6: primary and secondary pain-area use excluded; low-intensity active recovery only.
CHEST,NRS_1_3,1,3,REX-000098,REX-000003,upper_back_stretch_mobility_stretch_bodyweight,ankle_circles_mobility_stretch_bodyweight,MOBILITY,MOBILITY,MOBILITY_STRETCH,MOBILITY_STRETCH,BEGINNER,SAME_GOAL,BODYWEIGHT,HOME|GYM,LIGHT,LOAD_REDUCED,SAME_GOAL_LOWER_LOAD_ROM_EASIER_VARIANT,true,data/normalized/v2_pain_action_policy.json,DOMAIN_EXPERT_REVIEW,2026-08-25T00:00:00+09:00,DOMAIN_APPROVED,false,"NRS 1-3: original goal first; runtime reduces load, then ROM, then uses this easier variant."
CHEST,NRS_4_6,4,6,REX-000098,REX-000009,upper_back_stretch_mobility_stretch_bodyweight,bodyweight_crunch_core_brace_bodyweight,MOBILITY,CORE,MOBILITY_STRETCH,CORE_BRACE,BEGINNER,ACTIVE_RECOVERY,BODYWEIGHT,HOME|GYM,LIGHT_MODERATE,SKIP_AFFECTED_AREA,AVOID_PAIN_AREA_ACTIVE_RECOVERY,true,data/normalized/v2_pain_action_policy.json,DOMAIN_EXPERT_REVIEW,2026-08-25T00:00:00+09:00,DOMAIN_APPROVED,false,NRS 4-6: primary and secondary pain-area use excluded; low-intensity active recovery only.
ELBOW,NRS_1_3,1,3,REX-000005,REX-000026,barbell_front_raise_isolation_barbell,dumbbell_lateral_raise_isolation_dumbbell,SHOULDERS,SHOULDERS,ISOLATION,ISOLATION,BEGINNER,SAME_GOAL,DUMBBELL,HOME|GYM,MODERATE,LOAD_REDUCED,SAME_GOAL_LOWER_LOAD_ROM_EASIER_VARIANT,true,data/normalized/v2_pain_action_policy.json,DOMAIN_EXPERT_REVIEW,2026-08-25T00:00:00+09:00,DOMAIN_APPROVED,false,"NRS 1-3: original goal first; runtime reduces load, then ROM, then uses this easier variant."
ELBOW,NRS_4_6,4,6,REX-000005,REX-000009,barbell_front_raise_isolation_barbell,bodyweight_crunch_core_brace_bodyweight,SHOULDERS,CORE,ISOLATION,CORE_BRACE,BEGINNER,ACTIVE_RECOVERY,BODYWEIGHT,HOME|GYM,LIGHT_MODERATE,SKIP_AFFECTED_AREA,AVOID_PAIN_AREA_ACTIVE_RECOVERY,true,data/normalized/v2_pain_action_policy.json,DOMAIN_EXPERT_REVIEW,2026-08-25T00:00:00+09:00,DOMAIN_APPROVED,false,NRS 4-6: primary and secondary pain-area use excluded; low-intensity active recovery only.
ELBOW,NRS_1_3,1,3,REX-000006,REX-000046,barbell_pullover_isolation_barbell,one_arm_wall_lats_isolation_bodyweight,BACK,BACK,ISOLATION,ISOLATION,BEGINNER,SAME_GOAL,BODYWEIGHT,HOME|GYM,MODERATE,LOAD_REDUCED,SAME_GOAL_LOWER_LOAD_ROM_EASIER_VARIANT,true,data/normalized/v2_pain_action_policy.json,DOMAIN_EXPERT_REVIEW,2026-08-25T00:00:00+09:00,DOMAIN_APPROVED,false,"NRS 1-3: original goal first; runtime reduces load, then ROM, then uses this easier variant."
ELBOW,NRS_4_6,4,6,REX-000006,REX-000009,barbell_pullover_isolation_barbell,bodyweight_crunch_core_brace_bodyweight,BACK,CORE,ISOLATION,CORE_BRACE,BEGINNER,ACTIVE_RECOVERY,BODYWEIGHT,HOME|GYM,LIGHT_MODERATE,SKIP_AFFECTED_AREA,AVOID_PAIN_AREA_ACTIVE_RECOVERY,true,data/normalized/v2_pain_action_policy.json,DOMAIN_EXPERT_REVIEW,2026-08-25T00:00:00+09:00,DOMAIN_APPROVED,false,NRS 4-6: primary and secondary pain-area use excluded; low-intensity active recovery only.
ELBOW,NRS_1_3,1,3,REX-000012,REX-000027,bodyweight_pull_up_biceps_vertical_pull_bodyweight_pull_up_bar,dumbbell_preacher_curl_isolation_dumbbell,BICEPS,BICEPS,VERTICAL_PULL,ISOLATION,BEGINNER,SAME_GOAL,DUMBBELL,HOME|GYM,MODERATE,LOAD_REDUCED,SAME_GOAL_LOWER_LOAD_ROM_EASIER_VARIANT,true,data/normalized/v2_pain_action_policy.json,DOMAIN_EXPERT_REVIEW,2026-08-25T00:00:00+09:00,DOMAIN_APPROVED,false,"NRS 1-3: original goal first; runtime reduces load, then ROM, then uses this easier variant."
ELBOW,NRS_4_6,4,6,REX-000012,REX-000009,bodyweight_pull_up_biceps_vertical_pull_bodyweight_pull_up_bar,bodyweight_crunch_core_brace_bodyweight,BICEPS,CORE,VERTICAL_PULL,CORE_BRACE,BEGINNER,ACTIVE_RECOVERY,BODYWEIGHT,HOME|GYM,LIGHT_MODERATE,SKIP_AFFECTED_AREA,AVOID_PAIN_AREA_ACTIVE_RECOVERY,true,data/normalized/v2_pain_action_policy.json,DOMAIN_EXPERT_REVIEW,2026-08-25T00:00:00+09:00,DOMAIN_APPROVED,false,NRS 4-6: primary and secondary pain-area use excluded; low-intensity active recovery only.
ELBOW,NRS_1_3,1,3,REX-000019,REX-000047,cable_triceps_pushdown_isolation_cable_machine,overhead_triceps_extension_isolation_barbell,TRICEPS,TRICEPS,ISOLATION,ISOLATION,BEGINNER,SAME_GOAL,BARBELL,GYM,MODERATE,LOAD_REDUCED,SAME_GOAL_LOWER_LOAD_ROM_EASIER_VARIANT,true,data/normalized/v2_pain_action_policy.json,DOMAIN_EXPERT_REVIEW,2026-08-25T00:00:00+09:00,DOMAIN_APPROVED,false,"NRS 1-3: original goal first; runtime reduces load, then ROM, then uses this easier variant."
ELBOW,NRS_4_6,4,6,REX-000019,REX-000009,cable_triceps_pushdown_isolation_cable_machine,bodyweight_crunch_core_brace_bodyweight,TRICEPS,CORE,ISOLATION,CORE_BRACE,BEGINNER,ACTIVE_RECOVERY,BODYWEIGHT,HOME|GYM,LIGHT_MODERATE,SKIP_AFFECTED_AREA,AVOID_PAIN_AREA_ACTIVE_RECOVERY,true,data/normalized/v2_pain_action_policy.json,DOMAIN_EXPERT_REVIEW,2026-08-25T00:00:00+09:00,DOMAIN_APPROVED,false,NRS 4-6: primary and secondary pain-area use excluded; low-intensity active recovery only.
ELBOW,NRS_1_3,1,3,REX-000022,REX-000047,close_grip_push_up_horizontal_push_bodyweight,overhead_triceps_extension_isolation_barbell,TRICEPS,TRICEPS,HORIZONTAL_PUSH,ISOLATION,BEGINNER,SAME_GOAL,BARBELL,GYM,MODERATE,LOAD_REDUCED,SAME_GOAL_LOWER_LOAD_ROM_EASIER_VARIANT,true,data/normalized/v2_pain_action_policy.json,DOMAIN_EXPERT_REVIEW,2026-08-25T00:00:00+09:00,DOMAIN_APPROVED,false,"NRS 1-3: original goal first; runtime reduces load, then ROM, then uses this easier variant."
ELBOW,NRS_4_6,4,6,REX-000022,REX-000009,close_grip_push_up_horizontal_push_bodyweight,bodyweight_crunch_core_brace_bodyweight,TRICEPS,CORE,HORIZONTAL_PUSH,CORE_BRACE,BEGINNER,ACTIVE_RECOVERY,BODYWEIGHT,HOME|GYM,LIGHT_MODERATE,SKIP_AFFECTED_AREA,AVOID_PAIN_AREA_ACTIVE_RECOVERY,true,data/normalized/v2_pain_action_policy.json,DOMAIN_EXPERT_REVIEW,2026-08-25T00:00:00+09:00,DOMAIN_APPROVED,false,NRS 4-6: primary and secondary pain-area use excluded; low-intensity active recovery only.
ELBOW,NRS_1_3,1,3,REX-000026,REX-000028,dumbbell_lateral_raise_isolation_dumbbell,dumbbell_rear_fly_isolation_dumbbell,SHOULDERS,SHOULDERS,ISOLATION,ISOLATION,BEGINNER,SAME_GOAL,DUMBBELL,HOME|GYM,MODERATE,LOAD_REDUCED,SAME_GOAL_LOWER_LOAD_ROM_EASIER_VARIANT,true,data/normalized/v2_pain_action_policy.json,DOMAIN_EXPERT_REVIEW,2026-08-25T00:00:00+09:00,DOMAIN_APPROVED,false,"NRS 1-3: original goal first; runtime reduces load, then ROM, then uses this easier variant."
ELBOW,NRS_4_6,4,6,REX-000026,REX-000009,dumbbell_lateral_raise_isolation_dumbbell,bodyweight_crunch_core_brace_bodyweight,SHOULDERS,CORE,ISOLATION,CORE_BRACE,BEGINNER,ACTIVE_RECOVERY,BODYWEIGHT,HOME|GYM,LIGHT_MODERATE,SKIP_AFFECTED_AREA,AVOID_PAIN_AREA_ACTIVE_RECOVERY,true,data/normalized/v2_pain_action_policy.json,DOMAIN_EXPERT_REVIEW,2026-08-25T00:00:00+09:00,DOMAIN_APPROVED,false,NRS 4-6: primary and secondary pain-area use excluded; low-intensity active recovery only.
ELBOW,NRS_1_3,1,3,REX-000027,REX-000030,dumbbell_preacher_curl_isolation_dumbbell,dumbbell_standing_curl_isolation_dumbbell,BICEPS,BICEPS,ISOLATION,ISOLATION,BEGINNER,SAME_GOAL,DUMBBELL,HOME|GYM,MODERATE,LOAD_REDUCED,SAME_GOAL_LOWER_LOAD_ROM_EASIER_VARIANT,true,data/normalized/v2_pain_action_policy.json,DOMAIN_EXPERT_REVIEW,2026-08-25T00:00:00+09:00,DOMAIN_APPROVED,false,"NRS 1-3: original goal first; runtime reduces load, then ROM, then uses this easier variant."
ELBOW,NRS_4_6,4,6,REX-000027,REX-000009,dumbbell_preacher_curl_isolation_dumbbell,bodyweight_crunch_core_brace_bodyweight,BICEPS,CORE,ISOLATION,CORE_BRACE,BEGINNER,ACTIVE_RECOVERY,BODYWEIGHT,HOME|GYM,LIGHT_MODERATE,SKIP_AFFECTED_AREA,AVOID_PAIN_AREA_ACTIVE_RECOVERY,true,data/normalized/v2_pain_action_policy.json,DOMAIN_EXPERT_REVIEW,2026-08-25T00:00:00+09:00,DOMAIN_APPROVED,false,NRS 4-6: primary and secondary pain-area use excluded; low-intensity active recovery only.
ELBOW,NRS_1_3,1,3,REX-000030,REX-000027,dumbbell_standing_curl_isolation_dumbbell,dumbbell_preacher_curl_isolation_dumbbell,BICEPS,BICEPS,ISOLATION,ISOLATION,BEGINNER,SAME_GOAL,DUMBBELL,HOME|GYM,MODERATE,LOAD_REDUCED,SAME_GOAL_LOWER_LOAD_ROM_EASIER_VARIANT,true,data/normalized/v2_pain_action_policy.json,DOMAIN_EXPERT_REVIEW,2026-08-25T00:00:00+09:00,DOMAIN_APPROVED,false,"NRS 1-3: original goal first; runtime reduces load, then ROM, then uses this easier variant."
ELBOW,NRS_4_6,4,6,REX-000030,REX-000009,dumbbell_standing_curl_isolation_dumbbell,bodyweight_crunch_core_brace_bodyweight,BICEPS,CORE,ISOLATION,CORE_BRACE,BEGINNER,ACTIVE_RECOVERY,BODYWEIGHT,HOME|GYM,LIGHT_MODERATE,SKIP_AFFECTED_AREA,AVOID_PAIN_AREA_ACTIVE_RECOVERY,true,data/normalized/v2_pain_action_policy.json,DOMAIN_EXPERT_REVIEW,2026-08-25T00:00:00+09:00,DOMAIN_APPROVED,false,NRS 4-6: primary and secondary pain-area use excluded; low-intensity active recovery only.
ELBOW,NRS_1_3,1,3,REX-000035,REX-000055,hand_grip_squeeze_isolation_household_weight,reverse_wrist_curl_isolation_barbell,FOREARMS,FOREARMS,ISOLATION,ISOLATION,BEGINNER,SAME_GOAL,BARBELL,GYM,MODERATE,LOAD_REDUCED,SAME_GOAL_LOWER_LOAD_ROM_EASIER_VARIANT,true,data/normalized/v2_pain_action_policy.json,DOMAIN_EXPERT_REVIEW,2026-08-25T00:00:00+09:00,DOMAIN_APPROVED,false,"NRS 1-3: original goal first; runtime reduces load, then ROM, then uses this easier variant."
ELBOW,NRS_4_6,4,6,REX-000035,REX-000009,hand_grip_squeeze_isolation_household_weight,bodyweight_crunch_core_brace_bodyweight,FOREARMS,CORE,ISOLATION,CORE_BRACE,BEGINNER,ACTIVE_RECOVERY,BODYWEIGHT,HOME|GYM,LIGHT_MODERATE,SKIP_AFFECTED_AREA,AVOID_PAIN_AREA_ACTIVE_RECOVERY,true,data/normalized/v2_pain_action_policy.json,DOMAIN_EXPERT_REVIEW,2026-08-25T00:00:00+09:00,DOMAIN_APPROVED,false,NRS 4-6: primary and secondary pain-area use excluded; low-intensity active recovery only.
ELBOW,NRS_1_3,1,3,REX-000037,REX-000046,incline_y_raise_isolation_dumbbell,one_arm_wall_lats_isolation_bodyweight,BACK,BACK,ISOLATION,ISOLATION,BEGINNER,SAME_GOAL,BODYWEIGHT,HOME|GYM,MODERATE,LOAD_REDUCED,SAME_GOAL_LOWER_LOAD_ROM_EASIER_VARIANT,true,data/normalized/v2_pain_action_policy.json,DOMAIN_EXPERT_REVIEW,2026-08-25T00:00:00+09:00,DOMAIN_APPROVED,false,"NRS 1-3: original goal first; runtime reduces load, then ROM, then uses this easier variant."
ELBOW,NRS_4_6,4,6,REX-000037,REX-000009,incline_y_raise_isolation_dumbbell,bodyweight_crunch_core_brace_bodyweight,BACK,CORE,ISOLATION,CORE_BRACE,BEGINNER,ACTIVE_RECOVERY,BODYWEIGHT,HOME|GYM,LIGHT_MODERATE,SKIP_AFFECTED_AREA,AVOID_PAIN_AREA_ACTIVE_RECOVERY,true,data/normalized/v2_pain_action_policy.json,DOMAIN_EXPERT_REVIEW,2026-08-25T00:00:00+09:00,DOMAIN_APPROVED,false,NRS 4-6: primary and secondary pain-area use excluded; low-intensity active recovery only.
ELBOW,NRS_1_3,1,3,REX-000038,REX-000076,inverted_row_horizontal_pull_bodyweight,row_variant_horizontal_pull_cable_machine,BACK,BACK,HORIZONTAL_PULL,HORIZONTAL_PULL,BEGINNER,SAME_GOAL,CABLE_MACHINE,GYM,MODERATE,LOAD_REDUCED,SAME_GOAL_LOWER_LOAD_ROM_EASIER_VARIANT,true,data/normalized/v2_pain_action_policy.json,DOMAIN_EXPERT_REVIEW,2026-08-25T00:00:00+09:00,DOMAIN_APPROVED,false,"NRS 1-3: original goal first; runtime reduces load, then ROM, then uses this easier variant."
ELBOW,NRS_4_6,4,6,REX-000038,REX-000009,inverted_row_horizontal_pull_bodyweight,bodyweight_crunch_core_brace_bodyweight,BACK,CORE,HORIZONTAL_PULL,CORE_BRACE,BEGINNER,ACTIVE_RECOVERY,BODYWEIGHT,HOME|GYM,LIGHT_MODERATE,SKIP_AFFECTED_AREA,AVOID_PAIN_AREA_ACTIVE_RECOVERY,true,data/normalized/v2_pain_action_policy.json,DOMAIN_EXPERT_REVIEW,2026-08-25T00:00:00+09:00,DOMAIN_APPROVED,false,NRS 4-6: primary and secondary pain-area use excluded; low-intensity active recovery only.
ELBOW,NRS_1_3,1,3,REX-000040,REX-000046,lat_pulldown_vertical_pull_cable_machine,one_arm_wall_lats_isolation_bodyweight,BACK,BACK,VERTICAL_PULL,ISOLATION,BEGINNER,SAME_GOAL,BODYWEIGHT,HOME|GYM,MODERATE,LOAD_REDUCED,SAME_GOAL_LOWER_LOAD_ROM_EASIER_VARIANT,true,data/normalized/v2_pain_action_policy.json,DOMAIN_EXPERT_REVIEW,2026-08-25T00:00:00+09:00,DOMAIN_APPROVED,false,"NRS 1-3: original goal first; runtime reduces load, then ROM, then uses this easier variant."
ELBOW,NRS_4_6,4,6,REX-000040,REX-000009,lat_pulldown_vertical_pull_cable_machine,bodyweight_crunch_core_brace_bodyweight,BACK,CORE,VERTICAL_PULL,CORE_BRACE,BEGINNER,ACTIVE_RECOVERY,BODYWEIGHT,HOME|GYM,LIGHT_MODERATE,SKIP_AFFECTED_AREA,AVOID_PAIN_AREA_ACTIVE_RECOVERY,true,data/normalized/v2_pain_action_policy.json,DOMAIN_EXPERT_REVIEW,2026-08-25T00:00:00+09:00,DOMAIN_APPROVED,false,NRS 4-6: primary and secondary pain-area use excluded; low-intensity active recovery only.
ELBOW,NRS_1_3,1,3,REX-000046,REX-000097,one_arm_wall_lats_isolation_bodyweight,upper_back_isolation_isolation_resistance_band,BACK,BACK,ISOLATION,ISOLATION,BEGINNER,SAME_GOAL,RESISTANCE_BAND,HOME,MODERATE,LOAD_REDUCED,SAME_GOAL_LOWER_LOAD_ROM_EASIER_VARIANT,true,data/normalized/v2_pain_action_policy.json,DOMAIN_EXPERT_REVIEW,2026-08-25T00:00:00+09:00,DOMAIN_APPROVED,false,"NRS 1-3: original goal first; runtime reduces load, then ROM, then uses this easier variant."
ELBOW,NRS_4_6,4,6,REX-000046,REX-000009,one_arm_wall_lats_isolation_bodyweight,bodyweight_crunch_core_brace_bodyweight,BACK,CORE,ISOLATION,CORE_BRACE,BEGINNER,ACTIVE_RECOVERY,BODYWEIGHT,HOME|GYM,LIGHT_MODERATE,SKIP_AFFECTED_AREA,AVOID_PAIN_AREA_ACTIVE_RECOVERY,true,data/normalized/v2_pain_action_policy.json,DOMAIN_EXPERT_REVIEW,2026-08-25T00:00:00+09:00,DOMAIN_APPROVED,false,NRS 4-6: primary and secondary pain-area use excluded; low-intensity active recovery only.
ELBOW,NRS_1_3,1,3,REX-000047,REX-000019,overhead_triceps_extension_isolation_barbell,cable_triceps_pushdown_isolation_cable_machine,TRICEPS,TRICEPS,ISOLATION,ISOLATION,BEGINNER,SAME_GOAL,CABLE_MACHINE,GYM,MODERATE,LOAD_REDUCED,SAME_GOAL_LOWER_LOAD_ROM_EASIER_VARIANT,true,data/normalized/v2_pain_action_policy.json,DOMAIN_EXPERT_REVIEW,2026-08-25T00:00:00+09:00,DOMAIN_APPROVED,false,"NRS 1-3: original goal first; runtime reduces load, then ROM, then uses this easier variant."
ELBOW,NRS_4_6,4,6,REX-000047,REX-000009,overhead_triceps_extension_isolation_barbell,bodyweight_crunch_core_brace_bodyweight,TRICEPS,CORE,ISOLATION,CORE_BRACE,BEGINNER,ACTIVE_RECOVERY,BODYWEIGHT,HOME|GYM,LIGHT_MODERATE,SKIP_AFFECTED_AREA,AVOID_PAIN_AREA_ACTIVE_RECOVERY,true,data/normalized/v2_pain_action_policy.json,DOMAIN_EXPERT_REVIEW,2026-08-25T00:00:00+09:00,DOMAIN_APPROVED,false,NRS 4-6: primary and secondary pain-area use excluded; low-intensity active recovery only.
ELBOW,NRS_1_3,1,3,REX-000048,REX-000003,overhead_triceps_stretch_mobility_stretch_bodyweight,ankle_circles_mobility_stretch_bodyweight,MOBILITY,MOBILITY,MOBILITY_STRETCH,MOBILITY_STRETCH,BEGINNER,SAME_GOAL,BODYWEIGHT,HOME|GYM,LIGHT,LOAD_REDUCED,SAME_GOAL_LOWER_LOAD_ROM_EASIER_VARIANT,true,data/normalized/v2_pain_action_policy.json,DOMAIN_EXPERT_REVIEW,2026-08-25T00:00:00+09:00,DOMAIN_APPROVED,false,"NRS 1-3: original goal first; runtime reduces load, then ROM, then uses this easier variant."
ELBOW,NRS_4_6,4,6,REX-000048,REX-000009,overhead_triceps_stretch_mobility_stretch_bodyweight,bodyweight_crunch_core_brace_bodyweight,MOBILITY,CORE,MOBILITY_STRETCH,CORE_BRACE,BEGINNER,ACTIVE_RECOVERY,BODYWEIGHT,HOME|GYM,LIGHT_MODERATE,SKIP_AFFECTED_AREA,AVOID_PAIN_AREA_ACTIVE_RECOVERY,true,data/normalized/v2_pain_action_policy.json,DOMAIN_EXPERT_REVIEW,2026-08-25T00:00:00+09:00,DOMAIN_APPROVED,false,NRS 4-6: primary and secondary pain-area use excluded; low-intensity active recovery only.
ELBOW,NRS_1_3,1,3,REX-000049,REX-000052,pectorals_horizontal_push_horizontal_push_machine,push_up_horizontal_push_bodyweight,CHEST,CHEST,HORIZONTAL_PUSH,HORIZONTAL_PUSH,BEGINNER,SAME_GOAL,BODYWEIGHT,HOME|GYM,LIGHT_MODERATE,LOAD_REDUCED,SAME_GOAL_LOWER_LOAD_ROM_EASIER_VARIANT,true,data/normalized/v2_pain_action_policy.json,DOMAIN_EXPERT_REVIEW,2026-08-25T00:00:00+09:00,DOMAIN_APPROVED,false,"NRS 1-3: original goal first; runtime reduces load, then ROM, then uses this easier variant."
ELBOW,NRS_4_6,4,6,REX-000049,REX-000009,pectorals_horizontal_push_horizontal_push_machine,bodyweight_crunch_core_brace_bodyweight,CHEST,CORE,HORIZONTAL_PUSH,CORE_BRACE,BEGINNER,ACTIVE_RECOVERY,BODYWEIGHT,HOME|GYM,LIGHT_MODERATE,SKIP_AFFECTED_AREA,AVOID_PAIN_AREA_ACTIVE_RECOVERY,true,data/normalized/v2_pain_action_policy.json,DOMAIN_EXPERT_REVIEW,2026-08-25T00:00:00+09:00,DOMAIN_APPROVED,false,NRS 4-6: primary and secondary pain-area use excluded; low-intensity active recovery only.
ELBOW,NRS_1_3,1,3,REX-000052,REX-000049,push_up_horizontal_push_bodyweight,pectorals_horizontal_push_horizontal_push_machine,CHEST,CHEST,HORIZONTAL_PUSH,HORIZONTAL_PUSH,BEGINNER,SAME_GOAL,MACHINE,GYM,MODERATE,LOAD_REDUCED,SAME_GOAL_LOWER_LOAD_ROM_EASIER_VARIANT,true,data/normalized/v2_pain_action_policy.json,DOMAIN_EXPERT_REVIEW,2026-08-25T00:00:00+09:00,DOMAIN_APPROVED,false,"NRS 1-3: original goal first; runtime reduces load, then ROM, then uses this easier variant."
ELBOW,NRS_4_6,4,6,REX-000052,REX-000009,push_up_horizontal_push_bodyweight,bodyweight_crunch_core_brace_bodyweight,CHEST,CORE,HORIZONTAL_PUSH,CORE_BRACE,BEGINNER,ACTIVE_RECOVERY,BODYWEIGHT,HOME|GYM,LIGHT_MODERATE,SKIP_AFFECTED_AREA,AVOID_PAIN_AREA_ACTIVE_RECOVERY,true,data/normalized/v2_pain_action_policy.json,DOMAIN_EXPERT_REVIEW,2026-08-25T00:00:00+09:00,DOMAIN_APPROVED,false,NRS 4-6: primary and secondary pain-area use excluded; low-intensity active recovery only.
ELBOW,NRS_1_3,1,3,REX-000055,REX-000035,reverse_wrist_curl_isolation_barbell,hand_grip_squeeze_isolation_household_weight,FOREARMS,FOREARMS,ISOLATION,ISOLATION,BEGINNER,SAME_GOAL,HOUSEHOLD_WEIGHT,HOME|GYM,MODERATE,LOAD_REDUCED,SAME_GOAL_LOWER_LOAD_ROM_EASIER_VARIANT,true,data/normalized/v2_pain_action_policy.json,DOMAIN_EXPERT_REVIEW,2026-08-25T00:00:00+09:00,DOMAIN_APPROVED,false,"NRS 1-3: original goal first; runtime reduces load, then ROM, then uses this easier variant."
ELBOW,NRS_4_6,4,6,REX-000055,REX-000009,reverse_wrist_curl_isolation_barbell,bodyweight_crunch_core_brace_bodyweight,FOREARMS,CORE,ISOLATION,CORE_BRACE,BEGINNER,ACTIVE_RECOVERY,BODYWEIGHT,HOME|GYM,LIGHT_MODERATE,SKIP_AFFECTED_AREA,AVOID_PAIN_AREA_ACTIVE_RECOVERY,true,data/normalized/v2_pain_action_policy.json,DOMAIN_EXPERT_REVIEW,2026-08-25T00:00:00+09:00,DOMAIN_APPROVED,false,NRS 4-6: primary and secondary pain-area use excluded; low-intensity active recovery only.
ELBOW,NRS_1_3,1,3,REX-000076,REX-000079,row_variant_horizontal_pull_cable_machine,seated_cable_row_horizontal_pull_cable_machine,BACK,BACK,HORIZONTAL_PULL,HORIZONTAL_PULL,BEGINNER,SAME_GOAL,CABLE_MACHINE,GYM,MODERATE,LOAD_REDUCED,SAME_GOAL_LOWER_LOAD_ROM_EASIER_VARIANT,true,data/normalized/v2_pain_action_policy.json,DOMAIN_EXPERT_REVIEW,2026-08-25T00:00:00+09:00,DOMAIN_APPROVED,false,"NRS 1-3: original goal first; runtime reduces load, then ROM, then uses this easier variant."
ELBOW,NRS_4_6,4,6,REX-000076,REX-000009,row_variant_horizontal_pull_cable_machine,bodyweight_crunch_core_brace_bodyweight,BACK,CORE,HORIZONTAL_PULL,CORE_BRACE,BEGINNER,ACTIVE_RECOVERY,BODYWEIGHT,HOME|GYM,LIGHT_MODERATE,SKIP_AFFECTED_AREA,AVOID_PAIN_AREA_ACTIVE_RECOVERY,true,data/normalized/v2_pain_action_policy.json,DOMAIN_EXPERT_REVIEW,2026-08-25T00:00:00+09:00,DOMAIN_APPROVED,false,NRS 4-6: primary and secondary pain-area use excluded; low-intensity active recovery only.
ELBOW,NRS_1_3,1,3,REX-000078,REX-000040,scapular_pull_up_vertical_pull_bodyweight_pull_up_bar,lat_pulldown_vertical_pull_cable_machine,BACK,BACK,VERTICAL_PULL,VERTICAL_PULL,BEGINNER,SAME_GOAL,CABLE_MACHINE,GYM,MODERATE,LOAD_REDUCED,SAME_GOAL_LOWER_LOAD_ROM_EASIER_VARIANT,true,data/normalized/v2_pain_action_policy.json,DOMAIN_EXPERT_REVIEW,2026-08-25T00:00:00+09:00,DOMAIN_APPROVED,false,"NRS 1-3: original goal first; runtime reduces load, then ROM, then uses this easier variant."
ELBOW,NRS_4_6,4,6,REX-000078,REX-000009,scapular_pull_up_vertical_pull_bodyweight_pull_up_bar,bodyweight_crunch_core_brace_bodyweight,BACK,CORE,VERTICAL_PULL,CORE_BRACE,BEGINNER,ACTIVE_RECOVERY,BODYWEIGHT,HOME|GYM,LIGHT_MODERATE,SKIP_AFFECTED_AREA,AVOID_PAIN_AREA_ACTIVE_RECOVERY,true,data/normalized/v2_pain_action_policy.json,DOMAIN_EXPERT_REVIEW,2026-08-25T00:00:00+09:00,DOMAIN_APPROVED,false,NRS 4-6: primary and secondary pain-area use excluded; low-intensity active recovery only.
ELBOW,NRS_1_3,1,3,REX-000079,REX-000076,seated_cable_row_horizontal_pull_cable_machine,row_variant_horizontal_pull_cable_machine,BACK,BACK,HORIZONTAL_PULL,HORIZONTAL_PULL,BEGINNER,SAME_GOAL,CABLE_MACHINE,GYM,MODERATE,LOAD_REDUCED,SAME_GOAL_LOWER_LOAD_ROM_EASIER_VARIANT,true,data/normalized/v2_pain_action_policy.json,DOMAIN_EXPERT_REVIEW,2026-08-25T00:00:00+09:00,DOMAIN_APPROVED,false,"NRS 1-3: original goal first; runtime reduces load, then ROM, then uses this easier variant."
ELBOW,NRS_4_6,4,6,REX-000079,REX-000009,seated_cable_row_horizontal_pull_cable_machine,bodyweight_crunch_core_brace_bodyweight,BACK,CORE,HORIZONTAL_PULL,CORE_BRACE,BEGINNER,ACTIVE_RECOVERY,BODYWEIGHT,HOME|GYM,LIGHT_MODERATE,SKIP_AFFECTED_AREA,AVOID_PAIN_AREA_ACTIVE_RECOVERY,true,data/normalized/v2_pain_action_policy.json,DOMAIN_EXPERT_REVIEW,2026-08-25T00:00:00+09:00,DOMAIN_APPROVED,false,NRS 4-6: primary and secondary pain-area use excluded; low-intensity active recovery only.
ELBOW,NRS_1_3,1,3,REX-000086,REX-000026,seated_shoulder_press_vertical_push_dumbbell,dumbbell_lateral_raise_isolation_dumbbell,SHOULDERS,SHOULDERS,VERTICAL_PUSH,ISOLATION,BEGINNER,SAME_GOAL,DUMBBELL,HOME|GYM,MODERATE,LOAD_REDUCED,SAME_GOAL_LOWER_LOAD_ROM_EASIER_VARIANT,true,data/normalized/v2_pain_action_policy.json,DOMAIN_EXPERT_REVIEW,2026-08-25T00:00:00+09:00,DOMAIN_APPROVED,false,"NRS 1-3: original goal first; runtime reduces load, then ROM, then uses this easier variant."
ELBOW,NRS_4_6,4,6,REX-000086,REX-000009,seated_shoulder_press_vertical_push_dumbbell,bodyweight_crunch_core_brace_bodyweight,SHOULDERS,CORE,VERTICAL_PUSH,CORE_BRACE,BEGINNER,ACTIVE_RECOVERY,BODYWEIGHT,HOME|GYM,LIGHT_MODERATE,SKIP_AFFECTED_AREA,AVOID_PAIN_AREA_ACTIVE_RECOVERY,true,data/normalized/v2_pain_action_policy.json,DOMAIN_EXPERT_REVIEW,2026-08-25T00:00:00+09:00,DOMAIN_APPROVED,false,NRS 4-6: primary and secondary pain-area use excluded; low-intensity active recovery only.
ELBOW,NRS_1_3,1,3,REX-000089,REX-000003,side_wrist_pull_stretch_mobility_stretch_bodyweight,ankle_circles_mobility_stretch_bodyweight,MOBILITY,MOBILITY,MOBILITY_STRETCH,MOBILITY_STRETCH,BEGINNER,SAME_GOAL,BODYWEIGHT,HOME|GYM,LIGHT,LOAD_REDUCED,SAME_GOAL_LOWER_LOAD_ROM_EASIER_VARIANT,true,data/normalized/v2_pain_action_policy.json,DOMAIN_EXPERT_REVIEW,2026-08-25T00:00:00+09:00,DOMAIN_APPROVED,false,"NRS 1-3: original goal first; runtime reduces load, then ROM, then uses this easier variant."
ELBOW,NRS_4_6,4,6,REX-000089,REX-000009,side_wrist_pull_stretch_mobility_stretch_bodyweight,bodyweight_crunch_core_brace_bodyweight,MOBILITY,CORE,MOBILITY_STRETCH,CORE_BRACE,BEGINNER,ACTIVE_RECOVERY,BODYWEIGHT,HOME|GYM,LIGHT_MODERATE,SKIP_AFFECTED_AREA,AVOID_PAIN_AREA_ACTIVE_RECOVERY,true,data/normalized/v2_pain_action_policy.json,DOMAIN_EXPERT_REVIEW,2026-08-25T00:00:00+09:00,DOMAIN_APPROVED,false,NRS 4-6: primary and secondary pain-area use excluded; low-intensity active recovery only.
ELBOW,NRS_1_3,1,3,REX-000096,REX-000003,triceps_stretch_mobility_stretch_bodyweight,ankle_circles_mobility_stretch_bodyweight,MOBILITY,MOBILITY,MOBILITY_STRETCH,MOBILITY_STRETCH,BEGINNER,SAME_GOAL,BODYWEIGHT,HOME|GYM,LIGHT,LOAD_REDUCED,SAME_GOAL_LOWER_LOAD_ROM_EASIER_VARIANT,true,data/normalized/v2_pain_action_policy.json,DOMAIN_EXPERT_REVIEW,2026-08-25T00:00:00+09:00,DOMAIN_APPROVED,false,"NRS 1-3: original goal first; runtime reduces load, then ROM, then uses this easier variant."
ELBOW,NRS_4_6,4,6,REX-000096,REX-000009,triceps_stretch_mobility_stretch_bodyweight,bodyweight_crunch_core_brace_bodyweight,MOBILITY,CORE,MOBILITY_STRETCH,CORE_BRACE,BEGINNER,ACTIVE_RECOVERY,BODYWEIGHT,HOME|GYM,LIGHT_MODERATE,SKIP_AFFECTED_AREA,AVOID_PAIN_AREA_ACTIVE_RECOVERY,true,data/normalized/v2_pain_action_policy.json,DOMAIN_EXPERT_REVIEW,2026-08-25T00:00:00+09:00,DOMAIN_APPROVED,false,NRS 4-6: primary and secondary pain-area use excluded; low-intensity active recovery only.
ELBOW,NRS_1_3,1,3,REX-000097,REX-000046,upper_back_isolation_isolation_resistance_band,one_arm_wall_lats_isolation_bodyweight,BACK,BACK,ISOLATION,ISOLATION,BEGINNER,SAME_GOAL,BODYWEIGHT,HOME|GYM,MODERATE,LOAD_REDUCED,SAME_GOAL_LOWER_LOAD_ROM_EASIER_VARIANT,true,data/normalized/v2_pain_action_policy.json,DOMAIN_EXPERT_REVIEW,2026-08-25T00:00:00+09:00,DOMAIN_APPROVED,false,"NRS 1-3: original goal first; runtime reduces load, then ROM, then uses this easier variant."
ELBOW,NRS_4_6,4,6,REX-000097,REX-000009,upper_back_isolation_isolation_resistance_band,bodyweight_crunch_core_brace_bodyweight,BACK,CORE,ISOLATION,CORE_BRACE,BEGINNER,ACTIVE_RECOVERY,BODYWEIGHT,HOME|GYM,LIGHT_MODERATE,SKIP_AFFECTED_AREA,AVOID_PAIN_AREA_ACTIVE_RECOVERY,true,data/normalized/v2_pain_action_policy.json,DOMAIN_EXPERT_REVIEW,2026-08-25T00:00:00+09:00,DOMAIN_APPROVED,false,NRS 4-6: primary and secondary pain-area use excluded; low-intensity active recovery only.
ELBOW,NRS_1_3,1,3,REX-000101,REX-000003,wrist_circles_mobility_stretch_bodyweight,ankle_circles_mobility_stretch_bodyweight,MOBILITY,MOBILITY,MOBILITY_STRETCH,MOBILITY_STRETCH,BEGINNER,SAME_GOAL,BODYWEIGHT,HOME|GYM,LIGHT,LOAD_REDUCED,SAME_GOAL_LOWER_LOAD_ROM_EASIER_VARIANT,true,data/normalized/v2_pain_action_policy.json,DOMAIN_EXPERT_REVIEW,2026-08-25T00:00:00+09:00,DOMAIN_APPROVED,false,"NRS 1-3: original goal first; runtime reduces load, then ROM, then uses this easier variant."
ELBOW,NRS_4_6,4,6,REX-000101,REX-000009,wrist_circles_mobility_stretch_bodyweight,bodyweight_crunch_core_brace_bodyweight,MOBILITY,CORE,MOBILITY_STRETCH,CORE_BRACE,BEGINNER,ACTIVE_RECOVERY,BODYWEIGHT,HOME|GYM,LIGHT_MODERATE,SKIP_AFFECTED_AREA,AVOID_PAIN_AREA_ACTIVE_RECOVERY,true,data/normalized/v2_pain_action_policy.json,DOMAIN_EXPERT_REVIEW,2026-08-25T00:00:00+09:00,DOMAIN_APPROVED,false,NRS 4-6: primary and secondary pain-area use excluded; low-intensity active recovery only.
ELBOW,NRS_1_3,1,3,REX-000102,REX-000035,wrist_curl_isolation_barbell,hand_grip_squeeze_isolation_household_weight,FOREARMS,FOREARMS,ISOLATION,ISOLATION,BEGINNER,SAME_GOAL,HOUSEHOLD_WEIGHT,HOME|GYM,MODERATE,LOAD_REDUCED,SAME_GOAL_LOWER_LOAD_ROM_EASIER_VARIANT,true,data/normalized/v2_pain_action_policy.json,DOMAIN_EXPERT_REVIEW,2026-08-25T00:00:00+09:00,DOMAIN_APPROVED,false,"NRS 1-3: original goal first; runtime reduces load, then ROM, then uses this easier variant."
ELBOW,NRS_4_6,4,6,REX-000102,REX-000009,wrist_curl_isolation_barbell,bodyweight_crunch_core_brace_bodyweight,FOREARMS,CORE,ISOLATION,CORE_BRACE,BEGINNER,ACTIVE_RECOVERY,BODYWEIGHT,HOME|GYM,LIGHT_MODERATE,SKIP_AFFECTED_AREA,AVOID_PAIN_AREA_ACTIVE_RECOVERY,true,data/normalized/v2_pain_action_policy.json,DOMAIN_EXPERT_REVIEW,2026-08-25T00:00:00+09:00,DOMAIN_APPROVED,false,NRS 4-6: primary and secondary pain-area use excluded; low-intensity active recovery only.
HIP,NRS_1_3,1,3,REX-000002,REX-000003,all_fours_squat_stretch_mobility_stretch_bodyweight,ankle_circles_mobility_stretch_bodyweight,MOBILITY,MOBILITY,MOBILITY_STRETCH,MOBILITY_STRETCH,BEGINNER,SAME_GOAL,BODYWEIGHT,HOME|GYM,LIGHT,LOAD_REDUCED,SAME_GOAL_LOWER_LOAD_ROM_EASIER_VARIANT,true,data/normalized/v2_pain_action_policy.json,DOMAIN_EXPERT_REVIEW,2026-08-25T00:00:00+09:00,DOMAIN_APPROVED,false,"NRS 1-3: original goal first; runtime reduces load, then ROM, then uses this easier variant."
HIP,NRS_4_6,4,6,REX-000002,REX-000009,all_fours_squat_stretch_mobility_stretch_bodyweight,bodyweight_crunch_core_brace_bodyweight,MOBILITY,CORE,MOBILITY_STRETCH,CORE_BRACE,BEGINNER,ACTIVE_RECOVERY,BODYWEIGHT,HOME|GYM,LIGHT_MODERATE,SKIP_AFFECTED_AREA,AVOID_PAIN_AREA_ACTIVE_RECOVERY,true,data/normalized/v2_pain_action_policy.json,DOMAIN_EXPERT_REVIEW,2026-08-25T00:00:00+09:00,DOMAIN_APPROVED,false,NRS 4-6: primary and secondary pain-area use excluded; low-intensity active recovery only.
HIP,NRS_1_3,1,3,REX-000004,REX-000011,barbell_deadlift_hip_dominant_barbell,bodyweight_glute_bridge_hip_dominant_bodyweight,GLUTES,GLUTES,HIP_DOMINANT,HIP_DOMINANT,BEGINNER,SAME_GOAL,BODYWEIGHT,HOME|GYM,LIGHT_MODERATE,LOAD_REDUCED,SAME_GOAL_LOWER_LOAD_ROM_EASIER_VARIANT,true,data/normalized/v2_pain_action_policy.json,DOMAIN_EXPERT_REVIEW,2026-08-25T00:00:00+09:00,DOMAIN_APPROVED,false,"NRS 1-3: original goal first; runtime reduces load, then ROM, then uses this easier variant."
HIP,NRS_4_6,4,6,REX-000004,REX-000009,barbell_deadlift_hip_dominant_barbell,bodyweight_crunch_core_brace_bodyweight,GLUTES,CORE,HIP_DOMINANT,CORE_BRACE,BEGINNER,ACTIVE_RECOVERY,BODYWEIGHT,HOME|GYM,LIGHT_MODERATE,SKIP_AFFECTED_AREA,AVOID_PAIN_AREA_ACTIVE_RECOVERY,true,data/normalized/v2_pain_action_policy.json,DOMAIN_EXPERT_REVIEW,2026-08-25T00:00:00+09:00,DOMAIN_APPROVED,false,NRS 4-6: primary and secondary pain-area use excluded; low-intensity active recovery only.
HIP,NRS_1_3,1,3,REX-000007,REX-000083,barbell_straight_leg_deadlift_hip_dominant_barbell,seated_leg_curl_knee_flexion_machine,HAMSTRINGS,HAMSTRINGS,HIP_DOMINANT,KNEE_FLEXION,BEGINNER,SAME_GOAL,MACHINE,GYM,MODERATE,LOAD_REDUCED,SAME_GOAL_LOWER_LOAD_ROM_EASIER_VARIANT,true,data/normalized/v2_pain_action_policy.json,DOMAIN_EXPERT_REVIEW,2026-08-25T00:00:00+09:00,DOMAIN_APPROVED,false,"NRS 1-3: original goal first; runtime reduces load, then ROM, then uses this easier variant."
HIP,NRS_4_6,4,6,REX-000007,REX-000009,barbell_straight_leg_deadlift_hip_dominant_barbell,bodyweight_crunch_core_brace_bodyweight,HAMSTRINGS,CORE,HIP_DOMINANT,CORE_BRACE,BEGINNER,ACTIVE_RECOVERY,BODYWEIGHT,HOME|GYM,LIGHT_MODERATE,SKIP_AFFECTED_AREA,AVOID_PAIN_AREA_ACTIVE_RECOVERY,true,data/normalized/v2_pain_action_policy.json,DOMAIN_EXPERT_REVIEW,2026-08-25T00:00:00+09:00,DOMAIN_APPROVED,false,NRS 4-6: primary and secondary pain-area use excluded; low-intensity active recovery only.
HIP,NRS_1_3,1,3,REX-000008,REX-000046,bodyweight_back_extension_hip_dominant_bodyweight,one_arm_wall_lats_isolation_bodyweight,BACK,BACK,HIP_DOMINANT,ISOLATION,BEGINNER,SAME_GOAL,BODYWEIGHT,HOME|GYM,MODERATE,LOAD_REDUCED,SAME_GOAL_LOWER_LOAD_ROM_EASIER_VARIANT,true,data/normalized/v2_pain_action_policy.json,DOMAIN_EXPERT_REVIEW,2026-08-25T00:00:00+09:00,DOMAIN_APPROVED,false,"NRS 1-3: original goal first; runtime reduces load, then ROM, then uses this easier variant."
HIP,NRS_4_6,4,6,REX-000008,REX-000009,bodyweight_back_extension_hip_dominant_bodyweight,bodyweight_crunch_core_brace_bodyweight,BACK,CORE,HIP_DOMINANT,CORE_BRACE,BEGINNER,ACTIVE_RECOVERY,BODYWEIGHT,HOME|GYM,LIGHT_MODERATE,SKIP_AFFECTED_AREA,AVOID_PAIN_AREA_ACTIVE_RECOVERY,true,data/normalized/v2_pain_action_policy.json,DOMAIN_EXPERT_REVIEW,2026-08-25T00:00:00+09:00,DOMAIN_APPROVED,false,NRS 4-6: primary and secondary pain-area use excluded; low-intensity active recovery only.
HIP,NRS_1_3,1,3,REX-000010,REX-000066,bodyweight_forward_lunge_knee_dominant_bodyweight,mobility_balance_bodyweight,GLUTES,MOBILITY,KNEE_DOMINANT,BALANCE,BEGINNER,SAME_GOAL,BODYWEIGHT,HOME|GYM,LIGHT_MODERATE,LOAD_REDUCED,SAME_GOAL_LOWER_LOAD_ROM_EASIER_VARIANT,true,data/normalized/v2_pain_action_policy.json,DOMAIN_EXPERT_REVIEW,2026-08-25T00:00:00+09:00,DOMAIN_APPROVED,false,"NRS 1-3: original goal first; runtime reduces load, then ROM, then uses this easier variant."
HIP,NRS_4_6,4,6,REX-000010,REX-000009,bodyweight_forward_lunge_knee_dominant_bodyweight,bodyweight_crunch_core_brace_bodyweight,GLUTES,CORE,KNEE_DOMINANT,CORE_BRACE,BEGINNER,ACTIVE_RECOVERY,BODYWEIGHT,HOME|GYM,LIGHT_MODERATE,SKIP_AFFECTED_AREA,AVOID_PAIN_AREA_ACTIVE_RECOVERY,true,data/normalized/v2_pain_action_policy.json,DOMAIN_EXPERT_REVIEW,2026-08-25T00:00:00+09:00,DOMAIN_APPROVED,false,NRS 4-6: primary and secondary pain-area use excluded; low-intensity active recovery only.
HIP,NRS_1_3,1,3,REX-000011,REX-000066,bodyweight_glute_bridge_hip_dominant_bodyweight,mobility_balance_bodyweight,GLUTES,MOBILITY,HIP_DOMINANT,BALANCE,BEGINNER,SAME_GOAL,BODYWEIGHT,HOME|GYM,LIGHT_MODERATE,LOAD_REDUCED,SAME_GOAL_LOWER_LOAD_ROM_EASIER_VARIANT,true,data/normalized/v2_pain_action_policy.json,DOMAIN_EXPERT_REVIEW,2026-08-25T00:00:00+09:00,DOMAIN_APPROVED,false,"NRS 1-3: original goal first; runtime reduces load, then ROM, then uses this easier variant."
HIP,NRS_4_6,4,6,REX-000011,REX-000009,bodyweight_glute_bridge_hip_dominant_bodyweight,bodyweight_crunch_core_brace_bodyweight,GLUTES,CORE,HIP_DOMINANT,CORE_BRACE,BEGINNER,ACTIVE_RECOVERY,BODYWEIGHT,HOME|GYM,LIGHT_MODERATE,SKIP_AFFECTED_AREA,AVOID_PAIN_AREA_ACTIVE_RECOVERY,true,data/normalized/v2_pain_action_policy.json,DOMAIN_EXPERT_REVIEW,2026-08-25T00:00:00+09:00,DOMAIN_APPROVED,false,NRS 4-6: primary and secondary pain-area use excluded; low-intensity active recovery only.
HIP,NRS_1_3,1,3,REX-000015,REX-000069,bodyweight_split_squat_knee_dominant_bodyweight,leg_press_knee_dominant_resistance_band,QUADRICEPS,QUADRICEPS,KNEE_DOMINANT,KNEE_DOMINANT,BEGINNER,SAME_GOAL,RESISTANCE_BAND,HOME,MODERATE,LOAD_REDUCED,SAME_GOAL_LOWER_LOAD_ROM_EASIER_VARIANT,true,data/normalized/v2_pain_action_policy.json,DOMAIN_EXPERT_REVIEW,2026-08-25T00:00:00+09:00,DOMAIN_APPROVED,false,"NRS 1-3: original goal first; runtime reduces load, then ROM, then uses this easier variant."
HIP,NRS_4_6,4,6,REX-000015,REX-000009,bodyweight_split_squat_knee_dominant_bodyweight,bodyweight_crunch_core_brace_bodyweight,QUADRICEPS,CORE,KNEE_DOMINANT,CORE_BRACE,BEGINNER,ACTIVE_RECOVERY,BODYWEIGHT,HOME|GYM,LIGHT_MODERATE,SKIP_AFFECTED_AREA,AVOID_PAIN_AREA_ACTIVE_RECOVERY,true,data/normalized/v2_pain_action_policy.json,DOMAIN_EXPERT_REVIEW,2026-08-25T00:00:00+09:00,DOMAIN_APPROVED,false,NRS 4-6: primary and secondary pain-area use excluded; low-intensity active recovery only.
HIP,NRS_1_3,1,3,REX-000017,REX-000003,butterfly_adductor_stretch_mobility_stretch_bodyweight,ankle_circles_mobility_stretch_bodyweight,MOBILITY,MOBILITY,MOBILITY_STRETCH,MOBILITY_STRETCH,BEGINNER,SAME_GOAL,BODYWEIGHT,HOME|GYM,LIGHT,LOAD_REDUCED,SAME_GOAL_LOWER_LOAD_ROM_EASIER_VARIANT,true,data/normalized/v2_pain_action_policy.json,DOMAIN_EXPERT_REVIEW,2026-08-25T00:00:00+09:00,DOMAIN_APPROVED,false,"NRS 1-3: original goal first; runtime reduces load, then ROM, then uses this easier variant."
HIP,NRS_4_6,4,6,REX-000017,REX-000009,butterfly_adductor_stretch_mobility_stretch_bodyweight,bodyweight_crunch_core_brace_bodyweight,MOBILITY,CORE,MOBILITY_STRETCH,CORE_BRACE,BEGINNER,ACTIVE_RECOVERY,BODYWEIGHT,HOME|GYM,LIGHT_MODERATE,SKIP_AFFECTED_AREA,AVOID_PAIN_AREA_ACTIVE_RECOVERY,true,data/normalized/v2_pain_action_policy.json,DOMAIN_EXPERT_REVIEW,2026-08-25T00:00:00+09:00,DOMAIN_APPROVED,false,NRS 4-6: primary and secondary pain-area use excluded; low-intensity active recovery only.
HIP,NRS_1_3,1,3,REX-000020,REX-000003,chair_leg_extended_stretch_mobility_stretch_bodyweight,ankle_circles_mobility_stretch_bodyweight,MOBILITY,MOBILITY,MOBILITY_STRETCH,MOBILITY_STRETCH,BEGINNER,SAME_GOAL,BODYWEIGHT,HOME|GYM,LIGHT,LOAD_REDUCED,SAME_GOAL_LOWER_LOAD_ROM_EASIER_VARIANT,true,data/normalized/v2_pain_action_policy.json,DOMAIN_EXPERT_REVIEW,2026-08-25T00:00:00+09:00,DOMAIN_APPROVED,false,"NRS 1-3: original goal first; runtime reduces load, then ROM, then uses this easier variant."
HIP,NRS_4_6,4,6,REX-000020,REX-000009,chair_leg_extended_stretch_mobility_stretch_bodyweight,bodyweight_crunch_core_brace_bodyweight,MOBILITY,CORE,MOBILITY_STRETCH,CORE_BRACE,BEGINNER,ACTIVE_RECOVERY,BODYWEIGHT,HOME|GYM,LIGHT_MODERATE,SKIP_AFFECTED_AREA,AVOID_PAIN_AREA_ACTIVE_RECOVERY,true,data/normalized/v2_pain_action_policy.json,DOMAIN_EXPERT_REVIEW,2026-08-25T00:00:00+09:00,DOMAIN_APPROVED,false,NRS 4-6: primary and secondary pain-area use excluded; low-intensity active recovery only.
HIP,NRS_1_3,1,3,REX-000025,REX-000069,dumbbell_goblet_squat_knee_dominant_dumbbell,leg_press_knee_dominant_resistance_band,QUADRICEPS,QUADRICEPS,KNEE_DOMINANT,KNEE_DOMINANT,BEGINNER,SAME_GOAL,RESISTANCE_BAND,HOME,MODERATE,LOAD_REDUCED,SAME_GOAL_LOWER_LOAD_ROM_EASIER_VARIANT,true,data/normalized/v2_pain_action_policy.json,DOMAIN_EXPERT_REVIEW,2026-08-25T00:00:00+09:00,DOMAIN_APPROVED,false,"NRS 1-3: original goal first; runtime reduces load, then ROM, then uses this easier variant."
HIP,NRS_4_6,4,6,REX-000025,REX-000009,dumbbell_goblet_squat_knee_dominant_dumbbell,bodyweight_crunch_core_brace_bodyweight,QUADRICEPS,CORE,KNEE_DOMINANT,CORE_BRACE,BEGINNER,ACTIVE_RECOVERY,BODYWEIGHT,HOME|GYM,LIGHT_MODERATE,SKIP_AFFECTED_AREA,AVOID_PAIN_AREA_ACTIVE_RECOVERY,true,data/normalized/v2_pain_action_policy.json,DOMAIN_EXPERT_REVIEW,2026-08-25T00:00:00+09:00,DOMAIN_APPROVED,false,NRS 4-6: primary and secondary pain-area use excluded; low-intensity active recovery only.
HIP,NRS_1_3,1,3,REX-000031,REX-000069,dumbbell_step_up_lunge_knee_dominant_dumbbell_step_box,leg_press_knee_dominant_resistance_band,QUADRICEPS,QUADRICEPS,KNEE_DOMINANT,KNEE_DOMINANT,BEGINNER,SAME_GOAL,RESISTANCE_BAND,HOME,MODERATE,LOAD_REDUCED,SAME_GOAL_LOWER_LOAD_ROM_EASIER_VARIANT,true,data/normalized/v2_pain_action_policy.json,DOMAIN_EXPERT_REVIEW,2026-08-25T00:00:00+09:00,DOMAIN_APPROVED,false,"NRS 1-3: original goal first; runtime reduces load, then ROM, then uses this easier variant."
HIP,NRS_4_6,4,6,REX-000031,REX-000009,dumbbell_step_up_lunge_knee_dominant_dumbbell_step_box,bodyweight_crunch_core_brace_bodyweight,QUADRICEPS,CORE,KNEE_DOMINANT,CORE_BRACE,BEGINNER,ACTIVE_RECOVERY,BODYWEIGHT,HOME|GYM,LIGHT_MODERATE,SKIP_AFFECTED_AREA,AVOID_PAIN_AREA_ACTIVE_RECOVERY,true,data/normalized/v2_pain_action_policy.json,DOMAIN_EXPERT_REVIEW,2026-08-25T00:00:00+09:00,DOMAIN_APPROVED,false,NRS 4-6: primary and secondary pain-area use excluded; low-intensity active recovery only.
HIP,NRS_1_3,1,3,REX-000033,REX-000003,exercise_ball_hip_flexor_stretch_mobility_stretch_stability_ball,ankle_circles_mobility_stretch_bodyweight,MOBILITY,MOBILITY,MOBILITY_STRETCH,MOBILITY_STRETCH,BEGINNER,SAME_GOAL,BODYWEIGHT,HOME|GYM,LIGHT,LOAD_REDUCED,SAME_GOAL_LOWER_LOAD_ROM_EASIER_VARIANT,true,data/normalized/v2_pain_action_policy.json,DOMAIN_EXPERT_REVIEW,2026-08-25T00:00:00+09:00,DOMAIN_APPROVED,false,"NRS 1-3: original goal first; runtime reduces load, then ROM, then uses this easier variant."
HIP,NRS_4_6,4,6,REX-000033,REX-000009,exercise_ball_hip_flexor_stretch_mobility_stretch_stability_ball,bodyweight_crunch_core_brace_bodyweight,MOBILITY,CORE,MOBILITY_STRETCH,CORE_BRACE,BEGINNER,ACTIVE_RECOVERY,BODYWEIGHT,HOME|GYM,LIGHT_MODERATE,SKIP_AFFECTED_AREA,AVOID_PAIN_AREA_ACTIVE_RECOVERY,true,data/normalized/v2_pain_action_policy.json,DOMAIN_EXPERT_REVIEW,2026-08-25T00:00:00+09:00,DOMAIN_APPROVED,false,NRS 4-6: primary and secondary pain-area use excluded; low-intensity active recovery only.
HIP,NRS_1_3,1,3,REX-000034,REX-000003,hamstring_stretch_mobility_stretch_bodyweight,ankle_circles_mobility_stretch_bodyweight,MOBILITY,MOBILITY,MOBILITY_STRETCH,MOBILITY_STRETCH,BEGINNER,SAME_GOAL,BODYWEIGHT,HOME|GYM,LIGHT,LOAD_REDUCED,SAME_GOAL_LOWER_LOAD_ROM_EASIER_VARIANT,true,data/normalized/v2_pain_action_policy.json,DOMAIN_EXPERT_REVIEW,2026-08-25T00:00:00+09:00,DOMAIN_APPROVED,false,"NRS 1-3: original goal first; runtime reduces load, then ROM, then uses this easier variant."
HIP,NRS_4_6,4,6,REX-000034,REX-000009,hamstring_stretch_mobility_stretch_bodyweight,bodyweight_crunch_core_brace_bodyweight,MOBILITY,CORE,MOBILITY_STRETCH,CORE_BRACE,BEGINNER,ACTIVE_RECOVERY,BODYWEIGHT,HOME|GYM,LIGHT_MODERATE,SKIP_AFFECTED_AREA,AVOID_PAIN_AREA_ACTIVE_RECOVERY,true,data/normalized/v2_pain_action_policy.json,DOMAIN_EXPERT_REVIEW,2026-08-25T00:00:00+09:00,DOMAIN_APPROVED,false,NRS 4-6: primary and secondary pain-area use excluded; low-intensity active recovery only.
HIP,NRS_1_3,1,3,REX-000036,REX-000003,hip_flexor_quadriceps_stretch_mobility_stretch_stretch_strap,ankle_circles_mobility_stretch_bodyweight,MOBILITY,MOBILITY,MOBILITY_STRETCH,MOBILITY_STRETCH,BEGINNER,SAME_GOAL,BODYWEIGHT,HOME|GYM,LIGHT,LOAD_REDUCED,SAME_GOAL_LOWER_LOAD_ROM_EASIER_VARIANT,true,data/normalized/v2_pain_action_policy.json,DOMAIN_EXPERT_REVIEW,2026-08-25T00:00:00+09:00,DOMAIN_APPROVED,false,"NRS 1-3: original goal first; runtime reduces load, then ROM, then uses this easier variant."
HIP,NRS_4_6,4,6,REX-000036,REX-000009,hip_flexor_quadriceps_stretch_mobility_stretch_stretch_strap,bodyweight_crunch_core_brace_bodyweight,MOBILITY,CORE,MOBILITY_STRETCH,CORE_BRACE,BEGINNER,ACTIVE_RECOVERY,BODYWEIGHT,HOME|GYM,LIGHT_MODERATE,SKIP_AFFECTED_AREA,AVOID_PAIN_AREA_ACTIVE_RECOVERY,true,data/normalized/v2_pain_action_policy.json,DOMAIN_EXPERT_REVIEW,2026-08-25T00:00:00+09:00,DOMAIN_APPROVED,false,NRS 4-6: primary and secondary pain-area use excluded; low-intensity active recovery only.
HIP,NRS_1_3,1,3,REX-000041,REX-000069,leg_press_knee_dominant_machine,leg_press_knee_dominant_resistance_band,QUADRICEPS,QUADRICEPS,KNEE_DOMINANT,KNEE_DOMINANT,BEGINNER,SAME_GOAL,RESISTANCE_BAND,HOME,MODERATE,LOAD_REDUCED,SAME_GOAL_LOWER_LOAD_ROM_EASIER_VARIANT,true,data/normalized/v2_pain_action_policy.json,DOMAIN_EXPERT_REVIEW,2026-08-25T00:00:00+09:00,DOMAIN_APPROVED,false,"NRS 1-3: original goal first; runtime reduces load, then ROM, then uses this easier variant."
HIP,NRS_4_6,4,6,REX-000041,REX-000009,leg_press_knee_dominant_machine,bodyweight_crunch_core_brace_bodyweight,QUADRICEPS,CORE,KNEE_DOMINANT,CORE_BRACE,BEGINNER,ACTIVE_RECOVERY,BODYWEIGHT,HOME|GYM,LIGHT_MODERATE,SKIP_AFFECTED_AREA,AVOID_PAIN_AREA_ACTIVE_RECOVERY,true,data/normalized/v2_pain_action_policy.json,DOMAIN_EXPERT_REVIEW,2026-08-25T00:00:00+09:00,DOMAIN_APPROVED,false,NRS 4-6: primary and secondary pain-area use excluded; low-intensity active recovery only.
HIP,NRS_1_3,1,3,REX-000042,REX-000003,leg_up_hamstring_stretch_mobility_stretch_bodyweight,ankle_circles_mobility_stretch_bodyweight,MOBILITY,MOBILITY,MOBILITY_STRETCH,MOBILITY_STRETCH,BEGINNER,SAME_GOAL,BODYWEIGHT,HOME|GYM,LIGHT,LOAD_REDUCED,SAME_GOAL_LOWER_LOAD_ROM_EASIER_VARIANT,true,data/normalized/v2_pain_action_policy.json,DOMAIN_EXPERT_REVIEW,2026-08-25T00:00:00+09:00,DOMAIN_APPROVED,false,"NRS 1-3: original goal first; runtime reduces load, then ROM, then uses this easier variant."
HIP,NRS_4_6,4,6,REX-000042,REX-000009,leg_up_hamstring_stretch_mobility_stretch_bodyweight,bodyweight_crunch_core_brace_bodyweight,MOBILITY,CORE,MOBILITY_STRETCH,CORE_BRACE,BEGINNER,ACTIVE_RECOVERY,BODYWEIGHT,HOME|GYM,LIGHT_MODERATE,SKIP_AFFECTED_AREA,AVOID_PAIN_AREA_ACTIVE_RECOVERY,true,data/normalized/v2_pain_action_policy.json,DOMAIN_EXPERT_REVIEW,2026-08-25T00:00:00+09:00,DOMAIN_APPROVED,false,NRS 4-6: primary and secondary pain-area use excluded; low-intensity active recovery only.
HIP,NRS_1_3,1,3,REX-000044,REX-000057,machine_leg_extension_isolation_machine,hip_flexion_isolation_bodyweight,QUADRICEPS,QUADRICEPS,ISOLATION,ISOLATION,BEGINNER,SAME_GOAL,BODYWEIGHT,HOME,LIGHT_MODERATE,LOAD_REDUCED,SAME_GOAL_LOWER_LOAD_ROM_EASIER_VARIANT,true,data/normalized/v2_pain_action_policy.json,DOMAIN_EXPERT_REVIEW,2026-08-25T00:00:00+09:00,DOMAIN_APPROVED,false,"NRS 1-3: original goal first; runtime reduces load, then ROM, then uses this easier variant."
HIP,NRS_4_6,4,6,REX-000044,REX-000009,machine_leg_extension_isolation_machine,bodyweight_crunch_core_brace_bodyweight,QUADRICEPS,CORE,ISOLATION,CORE_BRACE,BEGINNER,ACTIVE_RECOVERY,BODYWEIGHT,HOME|GYM,LIGHT_MODERATE,SKIP_AFFECTED_AREA,AVOID_PAIN_AREA_ACTIVE_RECOVERY,true,data/normalized/v2_pain_action_policy.json,DOMAIN_EXPERT_REVIEW,2026-08-25T00:00:00+09:00,DOMAIN_APPROVED,false,NRS 4-6: primary and secondary pain-area use excluded; low-intensity active recovery only.
HIP,NRS_1_3,1,3,REX-000056,REX-000058,cardio_gait_bodyweight,cardio_gait_bodyweight_rex_000058,CARDIO,CARDIO,GAIT,GAIT,BEGINNER,SAME_GOAL,BODYWEIGHT,HOME,MODERATE,LOAD_REDUCED,SAME_GOAL_LOWER_LOAD_ROM_EASIER_VARIANT,true,data/normalized/v2_pain_action_policy.json,DOMAIN_EXPERT_REVIEW,2026-08-25T00:00:00+09:00,DOMAIN_APPROVED,false,"NRS 1-3: original goal first; runtime reduces load, then ROM, then uses this easier variant."
HIP,NRS_4_6,4,6,REX-000056,REX-000009,cardio_gait_bodyweight,bodyweight_crunch_core_brace_bodyweight,CARDIO,CORE,GAIT,CORE_BRACE,BEGINNER,ACTIVE_RECOVERY,BODYWEIGHT,HOME|GYM,LIGHT_MODERATE,SKIP_AFFECTED_AREA,AVOID_PAIN_AREA_ACTIVE_RECOVERY,true,data/normalized/v2_pain_action_policy.json,DOMAIN_EXPERT_REVIEW,2026-08-25T00:00:00+09:00,DOMAIN_APPROVED,false,NRS 4-6: primary and secondary pain-area use excluded; low-intensity active recovery only.
HIP,NRS_1_3,1,3,REX-000057,REX-000064,hip_flexion_isolation_bodyweight,hip_flexion_isolation_bodyweight_rex_000064,QUADRICEPS,QUADRICEPS,ISOLATION,ISOLATION,BEGINNER,SAME_GOAL,BODYWEIGHT,HOME,LIGHT_MODERATE,LOAD_REDUCED,SAME_GOAL_LOWER_LOAD_ROM_EASIER_VARIANT,true,data/normalized/v2_pain_action_policy.json,DOMAIN_EXPERT_REVIEW,2026-08-25T00:00:00+09:00,DOMAIN_APPROVED,false,"NRS 1-3: original goal first; runtime reduces load, then ROM, then uses this easier variant."
HIP,NRS_4_6,4,6,REX-000057,REX-000009,hip_flexion_isolation_bodyweight,bodyweight_crunch_core_brace_bodyweight,QUADRICEPS,CORE,ISOLATION,CORE_BRACE,BEGINNER,ACTIVE_RECOVERY,BODYWEIGHT,HOME|GYM,LIGHT_MODERATE,SKIP_AFFECTED_AREA,AVOID_PAIN_AREA_ACTIVE_RECOVERY,true,data/normalized/v2_pain_action_policy.json,DOMAIN_EXPERT_REVIEW,2026-08-25T00:00:00+09:00,DOMAIN_APPROVED,false,NRS 4-6: primary and secondary pain-area use excluded; low-intensity active recovery only.
HIP,NRS_1_3,1,3,REX-000058,REX-000056,cardio_gait_bodyweight_rex_000058,cardio_gait_bodyweight,CARDIO,CARDIO,GAIT,GAIT,BEGINNER,SAME_GOAL,BODYWEIGHT,HOME,MODERATE,LOAD_REDUCED,SAME_GOAL_LOWER_LOAD_ROM_EASIER_VARIANT,true,data/normalized/v2_pain_action_policy.json,DOMAIN_EXPERT_REVIEW,2026-08-25T00:00:00+09:00,DOMAIN_APPROVED,false,"NRS 1-3: original goal first; runtime reduces load, then ROM, then uses this easier variant."
HIP,NRS_4_6,4,6,REX-000058,REX-000009,cardio_gait_bodyweight_rex_000058,bodyweight_crunch_core_brace_bodyweight,CARDIO,CORE,GAIT,CORE_BRACE,BEGINNER,ACTIVE_RECOVERY,BODYWEIGHT,HOME|GYM,LIGHT_MODERATE,SKIP_AFFECTED_AREA,AVOID_PAIN_AREA_ACTIVE_RECOVERY,true,data/normalized/v2_pain_action_policy.json,DOMAIN_EXPERT_REVIEW,2026-08-25T00:00:00+09:00,DOMAIN_APPROVED,false,NRS 4-6: primary and secondary pain-area use excluded; low-intensity active recovery only.
HIP,NRS_1_3,1,3,REX-000059,REX-000056,cardio_jump_plyometric_bodyweight,cardio_gait_bodyweight,CARDIO,CARDIO,JUMP_PLYOMETRIC,GAIT,BEGINNER,SAME_GOAL,BODYWEIGHT,HOME,MODERATE,LOAD_REDUCED,SAME_GOAL_LOWER_LOAD_ROM_EASIER_VARIANT,true,data/normalized/v2_pain_action_policy.json,DOMAIN_EXPERT_REVIEW,2026-08-25T00:00:00+09:00,DOMAIN_APPROVED,false,"NRS 1-3: original goal first; runtime reduces load, then ROM, then uses this easier variant."
HIP,NRS_4_6,4,6,REX-000059,REX-000009,cardio_jump_plyometric_bodyweight,bodyweight_crunch_core_brace_bodyweight,CARDIO,CORE,JUMP_PLYOMETRIC,CORE_BRACE,BEGINNER,ACTIVE_RECOVERY,BODYWEIGHT,HOME|GYM,LIGHT_MODERATE,SKIP_AFFECTED_AREA,AVOID_PAIN_AREA_ACTIVE_RECOVERY,true,data/normalized/v2_pain_action_policy.json,DOMAIN_EXPERT_REVIEW,2026-08-25T00:00:00+09:00,DOMAIN_APPROVED,false,NRS 4-6: primary and secondary pain-area use excluded; low-intensity active recovery only.
HIP,NRS_1_3,1,3,REX-000060,REX-000059,cardio_jump_plyometric_jump_rope,cardio_jump_plyometric_bodyweight,CARDIO,CARDIO,JUMP_PLYOMETRIC,JUMP_PLYOMETRIC,BEGINNER,SAME_GOAL,BODYWEIGHT,HOME|GYM,MODERATE,LOAD_REDUCED,SAME_GOAL_LOWER_LOAD_ROM_EASIER_VARIANT,true,data/normalized/v2_pain_action_policy.json,DOMAIN_EXPERT_REVIEW,2026-08-25T00:00:00+09:00,DOMAIN_APPROVED,false,"NRS 1-3: original goal first; runtime reduces load, then ROM, then uses this easier variant."
HIP,NRS_4_6,4,6,REX-000060,REX-000009,cardio_jump_plyometric_jump_rope,bodyweight_crunch_core_brace_bodyweight,CARDIO,CORE,JUMP_PLYOMETRIC,CORE_BRACE,BEGINNER,ACTIVE_RECOVERY,BODYWEIGHT,HOME|GYM,LIGHT_MODERATE,SKIP_AFFECTED_AREA,AVOID_PAIN_AREA_ACTIVE_RECOVERY,true,data/normalized/v2_pain_action_policy.json,DOMAIN_EXPERT_REVIEW,2026-08-25T00:00:00+09:00,DOMAIN_APPROVED,false,NRS 4-6: primary and secondary pain-area use excluded; low-intensity active recovery only.
HIP,NRS_1_3,1,3,REX-000061,REX-000011,kettlebell_swing_hip_dominant_kettlebell,bodyweight_glute_bridge_hip_dominant_bodyweight,GLUTES,GLUTES,HIP_DOMINANT,HIP_DOMINANT,BEGINNER,SAME_GOAL,BODYWEIGHT,HOME|GYM,LIGHT_MODERATE,LOAD_REDUCED,SAME_GOAL_LOWER_LOAD_ROM_EASIER_VARIANT,true,data/normalized/v2_pain_action_policy.json,DOMAIN_EXPERT_REVIEW,2026-08-25T00:00:00+09:00,DOMAIN_APPROVED,false,"NRS 1-3: original goal first; runtime reduces load, then ROM, then uses this easier variant."
HIP,NRS_4_6,4,6,REX-000061,REX-000009,kettlebell_swing_hip_dominant_kettlebell,bodyweight_crunch_core_brace_bodyweight,GLUTES,CORE,HIP_DOMINANT,CORE_BRACE,BEGINNER,ACTIVE_RECOVERY,BODYWEIGHT,HOME|GYM,LIGHT_MODERATE,SKIP_AFFECTED_AREA,AVOID_PAIN_AREA_ACTIVE_RECOVERY,true,data/normalized/v2_pain_action_policy.json,DOMAIN_EXPERT_REVIEW,2026-08-25T00:00:00+09:00,DOMAIN_APPROVED,false,NRS 4-6: primary and secondary pain-area use excluded; low-intensity active recovery only.
HIP,NRS_1_3,1,3,REX-000062,REX-000056,cardio_gait_bodyweight_rex_000062,cardio_gait_bodyweight,CARDIO,CARDIO,GAIT,GAIT,BEGINNER,SAME_GOAL,BODYWEIGHT,HOME,MODERATE,LOAD_REDUCED,SAME_GOAL_LOWER_LOAD_ROM_EASIER_VARIANT,true,data/normalized/v2_pain_action_policy.json,DOMAIN_EXPERT_REVIEW,2026-08-25T00:00:00+09:00,DOMAIN_APPROVED,false,"NRS 1-3: original goal first; runtime reduces load, then ROM, then uses this easier variant."
HIP,NRS_4_6,4,6,REX-000062,REX-000009,cardio_gait_bodyweight_rex_000062,bodyweight_crunch_core_brace_bodyweight,CARDIO,CORE,GAIT,CORE_BRACE,BEGINNER,ACTIVE_RECOVERY,BODYWEIGHT,HOME|GYM,LIGHT_MODERATE,SKIP_AFFECTED_AREA,AVOID_PAIN_AREA_ACTIVE_RECOVERY,true,data/normalized/v2_pain_action_policy.json,DOMAIN_EXPERT_REVIEW,2026-08-25T00:00:00+09:00,DOMAIN_APPROVED,false,NRS 4-6: primary and secondary pain-area use excluded; low-intensity active recovery only.
HIP,NRS_1_3,1,3,REX-000063,REX-000057,hip_adduction_isolation_stability_ball,hip_flexion_isolation_bodyweight,QUADRICEPS,QUADRICEPS,ISOLATION,ISOLATION,BEGINNER,SAME_GOAL,BODYWEIGHT,HOME,LIGHT_MODERATE,LOAD_REDUCED,SAME_GOAL_LOWER_LOAD_ROM_EASIER_VARIANT,true,data/normalized/v2_pain_action_policy.json,DOMAIN_EXPERT_REVIEW,2026-08-25T00:00:00+09:00,DOMAIN_APPROVED,false,"NRS 1-3: original goal first; runtime reduces load, then ROM, then uses this easier variant."
HIP,NRS_4_6,4,6,REX-000063,REX-000009,hip_adduction_isolation_stability_ball,bodyweight_crunch_core_brace_bodyweight,QUADRICEPS,CORE,ISOLATION,CORE_BRACE,BEGINNER,ACTIVE_RECOVERY,BODYWEIGHT,HOME|GYM,LIGHT_MODERATE,SKIP_AFFECTED_AREA,AVOID_PAIN_AREA_ACTIVE_RECOVERY,true,data/normalized/v2_pain_action_policy.json,DOMAIN_EXPERT_REVIEW,2026-08-25T00:00:00+09:00,DOMAIN_APPROVED,false,NRS 4-6: primary and secondary pain-area use excluded; low-intensity active recovery only.
HIP,NRS_1_3,1,3,REX-000064,REX-000057,hip_flexion_isolation_bodyweight_rex_000064,hip_flexion_isolation_bodyweight,QUADRICEPS,QUADRICEPS,ISOLATION,ISOLATION,BEGINNER,SAME_GOAL,BODYWEIGHT,HOME,LIGHT_MODERATE,LOAD_REDUCED,SAME_GOAL_LOWER_LOAD_ROM_EASIER_VARIANT,true,data/normalized/v2_pain_action_policy.json,DOMAIN_EXPERT_REVIEW,2026-08-25T00:00:00+09:00,DOMAIN_APPROVED,false,"NRS 1-3: original goal first; runtime reduces load, then ROM, then uses this easier variant."
HIP,NRS_4_6,4,6,REX-000064,REX-000009,hip_flexion_isolation_bodyweight_rex_000064,bodyweight_crunch_core_brace_bodyweight,QUADRICEPS,CORE,ISOLATION,CORE_BRACE,BEGINNER,ACTIVE_RECOVERY,BODYWEIGHT,HOME|GYM,LIGHT_MODERATE,SKIP_AFFECTED_AREA,AVOID_PAIN_AREA_ACTIVE_RECOVERY,true,data/normalized/v2_pain_action_policy.json,DOMAIN_EXPERT_REVIEW,2026-08-25T00:00:00+09:00,DOMAIN_APPROVED,false,NRS 4-6: primary and secondary pain-area use excluded; low-intensity active recovery only.
HIP,NRS_1_3,1,3,REX-000065,REX-000056,cardio_gait_bodyweight_rex_000065,cardio_gait_bodyweight,CARDIO,CARDIO,GAIT,GAIT,BEGINNER,SAME_GOAL,BODYWEIGHT,HOME,MODERATE,LOAD_REDUCED,SAME_GOAL_LOWER_LOAD_ROM_EASIER_VARIANT,true,data/normalized/v2_pain_action_policy.json,DOMAIN_EXPERT_REVIEW,2026-08-25T00:00:00+09:00,DOMAIN_APPROVED,false,"NRS 1-3: original goal first; runtime reduces load, then ROM, then uses this easier variant."
HIP,NRS_4_6,4,6,REX-000065,REX-000009,cardio_gait_bodyweight_rex_000065,bodyweight_crunch_core_brace_bodyweight,CARDIO,CORE,GAIT,CORE_BRACE,BEGINNER,ACTIVE_RECOVERY,BODYWEIGHT,HOME|GYM,LIGHT_MODERATE,SKIP_AFFECTED_AREA,AVOID_PAIN_AREA_ACTIVE_RECOVERY,true,data/normalized/v2_pain_action_policy.json,DOMAIN_EXPERT_REVIEW,2026-08-25T00:00:00+09:00,DOMAIN_APPROVED,false,NRS 4-6: primary and secondary pain-area use excluded; low-intensity active recovery only.
HIP,NRS_1_3,1,3,REX-000066,REX-000011,mobility_balance_bodyweight,bodyweight_glute_bridge_hip_dominant_bodyweight,MOBILITY,GLUTES,BALANCE,HIP_DOMINANT,BEGINNER,SAME_GOAL,BODYWEIGHT,HOME|GYM,LIGHT_MODERATE,LOAD_REDUCED,SAME_GOAL_LOWER_LOAD_ROM_EASIER_VARIANT,true,data/normalized/v2_pain_action_policy.json,DOMAIN_EXPERT_REVIEW,2026-08-25T00:00:00+09:00,DOMAIN_APPROVED,false,"NRS 1-3: original goal first; runtime reduces load, then ROM, then uses this easier variant."
HIP,NRS_4_6,4,6,REX-000066,REX-000009,mobility_balance_bodyweight,bodyweight_crunch_core_brace_bodyweight,MOBILITY,CORE,BALANCE,CORE_BRACE,BEGINNER,ACTIVE_RECOVERY,BODYWEIGHT,HOME|GYM,LIGHT_MODERATE,SKIP_AFFECTED_AREA,AVOID_PAIN_AREA_ACTIVE_RECOVERY,true,data/normalized/v2_pain_action_policy.json,DOMAIN_EXPERT_REVIEW,2026-08-25T00:00:00+09:00,DOMAIN_APPROVED,false,NRS 4-6: primary and secondary pain-area use excluded; low-intensity active recovery only.
HIP,NRS_1_3,1,3,REX-000067,REX-000056,cardio_cycling_stationary_bike,cardio_gait_bodyweight,CARDIO,CARDIO,CYCLING,GAIT,BEGINNER,SAME_GOAL,BODYWEIGHT,HOME,MODERATE,LOAD_REDUCED,SAME_GOAL_LOWER_LOAD_ROM_EASIER_VARIANT,true,data/normalized/v2_pain_action_policy.json,DOMAIN_EXPERT_REVIEW,2026-08-25T00:00:00+09:00,DOMAIN_APPROVED,false,"NRS 1-3: original goal first; runtime reduces load, then ROM, then uses this easier variant."
HIP,NRS_4_6,4,6,REX-000067,REX-000009,cardio_cycling_stationary_bike,bodyweight_crunch_core_brace_bodyweight,CARDIO,CORE,CYCLING,CORE_BRACE,BEGINNER,ACTIVE_RECOVERY,BODYWEIGHT,HOME|GYM,LIGHT_MODERATE,SKIP_AFFECTED_AREA,AVOID_PAIN_AREA_ACTIVE_RECOVERY,true,data/normalized/v2_pain_action_policy.json,DOMAIN_EXPERT_REVIEW,2026-08-25T00:00:00+09:00,DOMAIN_APPROVED,false,NRS 4-6: primary and secondary pain-area use excluded; low-intensity active recovery only.
HIP,NRS_1_3,1,3,REX-000068,REX-000056,cardio_gait_step_box,cardio_gait_bodyweight,CARDIO,CARDIO,GAIT,GAIT,BEGINNER,SAME_GOAL,BODYWEIGHT,HOME,MODERATE,LOAD_REDUCED,SAME_GOAL_LOWER_LOAD_ROM_EASIER_VARIANT,true,data/normalized/v2_pain_action_policy.json,DOMAIN_EXPERT_REVIEW,2026-08-25T00:00:00+09:00,DOMAIN_APPROVED,false,"NRS 1-3: original goal first; runtime reduces load, then ROM, then uses this easier variant."
HIP,NRS_4_6,4,6,REX-000068,REX-000009,cardio_gait_step_box,bodyweight_crunch_core_brace_bodyweight,CARDIO,CORE,GAIT,CORE_BRACE,BEGINNER,ACTIVE_RECOVERY,BODYWEIGHT,HOME|GYM,LIGHT_MODERATE,SKIP_AFFECTED_AREA,AVOID_PAIN_AREA_ACTIVE_RECOVERY,true,data/normalized/v2_pain_action_policy.json,DOMAIN_EXPERT_REVIEW,2026-08-25T00:00:00+09:00,DOMAIN_APPROVED,false,NRS 4-6: primary and secondary pain-area use excluded; low-intensity active recovery only.
HIP,NRS_1_3,1,3,REX-000069,REX-000025,leg_press_knee_dominant_resistance_band,dumbbell_goblet_squat_knee_dominant_dumbbell,QUADRICEPS,QUADRICEPS,KNEE_DOMINANT,KNEE_DOMINANT,BEGINNER,SAME_GOAL,DUMBBELL,HOME|GYM,MODERATE,LOAD_REDUCED,SAME_GOAL_LOWER_LOAD_ROM_EASIER_VARIANT,true,data/normalized/v2_pain_action_policy.json,DOMAIN_EXPERT_REVIEW,2026-08-25T00:00:00+09:00,DOMAIN_APPROVED,false,"NRS 1-3: original goal first; runtime reduces load, then ROM, then uses this easier variant."
HIP,NRS_4_6,4,6,REX-000069,REX-000009,leg_press_knee_dominant_resistance_band,bodyweight_crunch_core_brace_bodyweight,QUADRICEPS,CORE,KNEE_DOMINANT,CORE_BRACE,BEGINNER,ACTIVE_RECOVERY,BODYWEIGHT,HOME|GYM,LIGHT_MODERATE,SKIP_AFFECTED_AREA,AVOID_PAIN_AREA_ACTIVE_RECOVERY,true,data/normalized/v2_pain_action_policy.json,DOMAIN_EXPERT_REVIEW,2026-08-25T00:00:00+09:00,DOMAIN_APPROVED,false,NRS 4-6: primary and secondary pain-area use excluded; low-intensity active recovery only.
HIP,NRS_1_3,1,3,REX-000070,REX-000056,cardio_gait_machine,cardio_gait_bodyweight,CARDIO,CARDIO,GAIT,GAIT,BEGINNER,SAME_GOAL,BODYWEIGHT,HOME,MODERATE,LOAD_REDUCED,SAME_GOAL_LOWER_LOAD_ROM_EASIER_VARIANT,true,data/normalized/v2_pain_action_policy.json,DOMAIN_EXPERT_REVIEW,2026-08-25T00:00:00+09:00,DOMAIN_APPROVED,false,"NRS 1-3: original goal first; runtime reduces load, then ROM, then uses this easier variant."
HIP,NRS_4_6,4,6,REX-000070,REX-000009,cardio_gait_machine,bodyweight_crunch_core_brace_bodyweight,CARDIO,CORE,GAIT,CORE_BRACE,BEGINNER,ACTIVE_RECOVERY,BODYWEIGHT,HOME|GYM,LIGHT_MODERATE,SKIP_AFFECTED_AREA,AVOID_PAIN_AREA_ACTIVE_RECOVERY,true,data/normalized/v2_pain_action_policy.json,DOMAIN_EXPERT_REVIEW,2026-08-25T00:00:00+09:00,DOMAIN_APPROVED,false,NRS 4-6: primary and secondary pain-area use excluded; low-intensity active recovery only.
HIP,NRS_1_3,1,3,REX-000071,REX-000056,cardio_gait_machine_rex_000071,cardio_gait_bodyweight,CARDIO,CARDIO,GAIT,GAIT,BEGINNER,SAME_GOAL,BODYWEIGHT,HOME,MODERATE,LOAD_REDUCED,SAME_GOAL_LOWER_LOAD_ROM_EASIER_VARIANT,true,data/normalized/v2_pain_action_policy.json,DOMAIN_EXPERT_REVIEW,2026-08-25T00:00:00+09:00,DOMAIN_APPROVED,false,"NRS 1-3: original goal first; runtime reduces load, then ROM, then uses this easier variant."
HIP,NRS_4_6,4,6,REX-000071,REX-000009,cardio_gait_machine_rex_000071,bodyweight_crunch_core_brace_bodyweight,CARDIO,CORE,GAIT,CORE_BRACE,BEGINNER,ACTIVE_RECOVERY,BODYWEIGHT,HOME|GYM,LIGHT_MODERATE,SKIP_AFFECTED_AREA,AVOID_PAIN_AREA_ACTIVE_RECOVERY,true,data/normalized/v2_pain_action_policy.json,DOMAIN_EXPERT_REVIEW,2026-08-25T00:00:00+09:00,DOMAIN_APPROVED,false,NRS 4-6: primary and secondary pain-area use excluded; low-intensity active recovery only.
HIP,NRS_1_3,1,3,REX-000072,REX-000056,cardio_elliptical_elliptical_machine,cardio_gait_bodyweight,CARDIO,CARDIO,ELLIPTICAL,GAIT,BEGINNER,SAME_GOAL,BODYWEIGHT,HOME,MODERATE,LOAD_REDUCED,SAME_GOAL_LOWER_LOAD_ROM_EASIER_VARIANT,true,data/normalized/v2_pain_action_policy.json,DOMAIN_EXPERT_REVIEW,2026-08-25T00:00:00+09:00,DOMAIN_APPROVED,false,"NRS 1-3: original goal first; runtime reduces load, then ROM, then uses this easier variant."
HIP,NRS_4_6,4,6,REX-000072,REX-000009,cardio_elliptical_elliptical_machine,bodyweight_crunch_core_brace_bodyweight,CARDIO,CORE,ELLIPTICAL,CORE_BRACE,BEGINNER,ACTIVE_RECOVERY,BODYWEIGHT,HOME|GYM,LIGHT_MODERATE,SKIP_AFFECTED_AREA,AVOID_PAIN_AREA_ACTIVE_RECOVERY,true,data/normalized/v2_pain_action_policy.json,DOMAIN_EXPERT_REVIEW,2026-08-25T00:00:00+09:00,DOMAIN_APPROVED,false,NRS 4-6: primary and secondary pain-area use excluded; low-intensity active recovery only.
HIP,NRS_1_3,1,3,REX-000074,REX-000003,roller_hip_stretch,ankle_circles_mobility_stretch_bodyweight,MOBILITY,MOBILITY,MOBILITY_STRETCH,MOBILITY_STRETCH,BEGINNER,SAME_GOAL,BODYWEIGHT,HOME|GYM,LIGHT,LOAD_REDUCED,SAME_GOAL_LOWER_LOAD_ROM_EASIER_VARIANT,true,data/normalized/v2_pain_action_policy.json,DOMAIN_EXPERT_REVIEW,2026-08-25T00:00:00+09:00,DOMAIN_APPROVED,false,"NRS 1-3: original goal first; runtime reduces load, then ROM, then uses this easier variant."
HIP,NRS_4_6,4,6,REX-000074,REX-000009,roller_hip_stretch,bodyweight_crunch_core_brace_bodyweight,MOBILITY,CORE,MOBILITY_STRETCH,CORE_BRACE,BEGINNER,ACTIVE_RECOVERY,BODYWEIGHT,HOME|GYM,LIGHT_MODERATE,SKIP_AFFECTED_AREA,AVOID_PAIN_AREA_ACTIVE_RECOVERY,true,data/normalized/v2_pain_action_policy.json,DOMAIN_EXPERT_REVIEW,2026-08-25T00:00:00+09:00,DOMAIN_APPROVED,false,NRS 4-6: primary and secondary pain-area use excluded; low-intensity active recovery only.
HIP,NRS_1_3,1,3,REX-000077,REX-000003,runners_stretch_mobility_stretch_bodyweight,ankle_circles_mobility_stretch_bodyweight,MOBILITY,MOBILITY,MOBILITY_STRETCH,MOBILITY_STRETCH,BEGINNER,SAME_GOAL,BODYWEIGHT,HOME|GYM,LIGHT,LOAD_REDUCED,SAME_GOAL_LOWER_LOAD_ROM_EASIER_VARIANT,true,data/normalized/v2_pain_action_policy.json,DOMAIN_EXPERT_REVIEW,2026-08-25T00:00:00+09:00,DOMAIN_APPROVED,false,"NRS 1-3: original goal first; runtime reduces load, then ROM, then uses this easier variant."
HIP,NRS_4_6,4,6,REX-000077,REX-000009,runners_stretch_mobility_stretch_bodyweight,bodyweight_crunch_core_brace_bodyweight,MOBILITY,CORE,MOBILITY_STRETCH,CORE_BRACE,BEGINNER,ACTIVE_RECOVERY,BODYWEIGHT,HOME|GYM,LIGHT_MODERATE,SKIP_AFFECTED_AREA,AVOID_PAIN_AREA_ACTIVE_RECOVERY,true,data/normalized/v2_pain_action_policy.json,DOMAIN_EXPERT_REVIEW,2026-08-25T00:00:00+09:00,DOMAIN_APPROVED,false,NRS 4-6: primary and secondary pain-area use excluded; low-intensity active recovery only.
HIP,NRS_1_3,1,3,REX-000082,REX-000003,seated_glute_stretch_mobility_stretch_bodyweight,ankle_circles_mobility_stretch_bodyweight,MOBILITY,MOBILITY,MOBILITY_STRETCH,MOBILITY_STRETCH,BEGINNER,SAME_GOAL,BODYWEIGHT,HOME|GYM,LIGHT,LOAD_REDUCED,SAME_GOAL_LOWER_LOAD_ROM_EASIER_VARIANT,true,data/normalized/v2_pain_action_policy.json,DOMAIN_EXPERT_REVIEW,2026-08-25T00:00:00+09:00,DOMAIN_APPROVED,false,"NRS 1-3: original goal first; runtime reduces load, then ROM, then uses this easier variant."
HIP,NRS_4_6,4,6,REX-000082,REX-000009,seated_glute_stretch_mobility_stretch_bodyweight,bodyweight_crunch_core_brace_bodyweight,MOBILITY,CORE,MOBILITY_STRETCH,CORE_BRACE,BEGINNER,ACTIVE_RECOVERY,BODYWEIGHT,HOME|GYM,LIGHT_MODERATE,SKIP_AFFECTED_AREA,AVOID_PAIN_AREA_ACTIVE_RECOVERY,true,data/normalized/v2_pain_action_policy.json,DOMAIN_EXPERT_REVIEW,2026-08-25T00:00:00+09:00,DOMAIN_APPROVED,false,NRS 4-6: primary and secondary pain-area use excluded; low-intensity active recovery only.
HIP,NRS_4_6,4,6,REX-000083,REX-000009,seated_leg_curl_knee_flexion_machine,bodyweight_crunch_core_brace_bodyweight,HAMSTRINGS,CORE,KNEE_FLEXION,CORE_BRACE,BEGINNER,ACTIVE_RECOVERY,BODYWEIGHT,HOME|GYM,LIGHT_MODERATE,SKIP_AFFECTED_AREA,AVOID_PAIN_AREA_ACTIVE_RECOVERY,true,data/normalized/v2_pain_action_policy.json,DOMAIN_EXPERT_REVIEW,2026-08-25T00:00:00+09:00,DOMAIN_APPROVED,false,NRS 4-6: primary and secondary pain-area use excluded; low-intensity active recovery only.
HIP,NRS_1_3,1,3,REX-000085,REX-000003,seated_piriformis_stretch_mobility_stretch_bodyweight,ankle_circles_mobility_stretch_bodyweight,MOBILITY,MOBILITY,MOBILITY_STRETCH,MOBILITY_STRETCH,BEGINNER,SAME_GOAL,BODYWEIGHT,HOME|GYM,LIGHT,LOAD_REDUCED,SAME_GOAL_LOWER_LOAD_ROM_EASIER_VARIANT,true,data/normalized/v2_pain_action_policy.json,DOMAIN_EXPERT_REVIEW,2026-08-25T00:00:00+09:00,DOMAIN_APPROVED,false,"NRS 1-3: original goal first; runtime reduces load, then ROM, then uses this easier variant."
HIP,NRS_4_6,4,6,REX-000085,REX-000009,seated_piriformis_stretch_mobility_stretch_bodyweight,bodyweight_crunch_core_brace_bodyweight,MOBILITY,CORE,MOBILITY_STRETCH,CORE_BRACE,BEGINNER,ACTIVE_RECOVERY,BODYWEIGHT,HOME|GYM,LIGHT_MODERATE,SKIP_AFFECTED_AREA,AVOID_PAIN_AREA_ACTIVE_RECOVERY,true,data/normalized/v2_pain_action_policy.json,DOMAIN_EXPERT_REVIEW,2026-08-25T00:00:00+09:00,DOMAIN_APPROVED,false,NRS 4-6: primary and secondary pain-area use excluded; low-intensity active recovery only.
HIP,NRS_1_3,1,3,REX-000087,REX-000003,seated_wide_angle_stretch_mobility_stretch_bodyweight,ankle_circles_mobility_stretch_bodyweight,MOBILITY,MOBILITY,MOBILITY_STRETCH,MOBILITY_STRETCH,BEGINNER,SAME_GOAL,BODYWEIGHT,HOME|GYM,LIGHT,LOAD_REDUCED,SAME_GOAL_LOWER_LOAD_ROM_EASIER_VARIANT,true,data/normalized/v2_pain_action_policy.json,DOMAIN_EXPERT_REVIEW,2026-08-25T00:00:00+09:00,DOMAIN_APPROVED,false,"NRS 1-3: original goal first; runtime reduces load, then ROM, then uses this easier variant."
HIP,NRS_4_6,4,6,REX-000087,REX-000009,seated_wide_angle_stretch_mobility_stretch_bodyweight,bodyweight_crunch_core_brace_bodyweight,MOBILITY,CORE,MOBILITY_STRETCH,CORE_BRACE,BEGINNER,ACTIVE_RECOVERY,BODYWEIGHT,HOME|GYM,LIGHT_MODERATE,SKIP_AFFECTED_AREA,AVOID_PAIN_AREA_ACTIVE_RECOVERY,true,data/normalized/v2_pain_action_policy.json,DOMAIN_EXPERT_REVIEW,2026-08-25T00:00:00+09:00,DOMAIN_APPROVED,false,NRS 4-6: primary and secondary pain-area use excluded; low-intensity active recovery only.
HIP,NRS_1_3,1,3,REX-000088,REX-000003,side_lying_quadriceps_stretch_mobility_stretch_bodyweight,ankle_circles_mobility_stretch_bodyweight,MOBILITY,MOBILITY,MOBILITY_STRETCH,MOBILITY_STRETCH,BEGINNER,SAME_GOAL,BODYWEIGHT,HOME|GYM,LIGHT,LOAD_REDUCED,SAME_GOAL_LOWER_LOAD_ROM_EASIER_VARIANT,true,data/normalized/v2_pain_action_policy.json,DOMAIN_EXPERT_REVIEW,2026-08-25T00:00:00+09:00,DOMAIN_APPROVED,false,"NRS 1-3: original goal first; runtime reduces load, then ROM, then uses this easier variant."
HIP,NRS_4_6,4,6,REX-000088,REX-000009,side_lying_quadriceps_stretch_mobility_stretch_bodyweight,bodyweight_crunch_core_brace_bodyweight,MOBILITY,CORE,MOBILITY_STRETCH,CORE_BRACE,BEGINNER,ACTIVE_RECOVERY,BODYWEIGHT,HOME|GYM,LIGHT_MODERATE,SKIP_AFFECTED_AREA,AVOID_PAIN_AREA_ACTIVE_RECOVERY,true,data/normalized/v2_pain_action_policy.json,DOMAIN_EXPERT_REVIEW,2026-08-25T00:00:00+09:00,DOMAIN_APPROVED,false,NRS 4-6: primary and secondary pain-area use excluded; low-intensity active recovery only.
HIP,NRS_1_3,1,3,REX-000090,REX-000009,spine_core_brace_core_brace_mat,bodyweight_crunch_core_brace_bodyweight,CORE,CORE,CORE_BRACE,CORE_BRACE,BEGINNER,SAME_GOAL,BODYWEIGHT,HOME|GYM,LIGHT_MODERATE,LOAD_REDUCED,SAME_GOAL_LOWER_LOAD_ROM_EASIER_VARIANT,true,data/normalized/v2_pain_action_policy.json,DOMAIN_EXPERT_REVIEW,2026-08-25T00:00:00+09:00,DOMAIN_APPROVED,false,"NRS 1-3: original goal first; runtime reduces load, then ROM, then uses this easier variant."
HIP,NRS_4_6,4,6,REX-000090,REX-000009,spine_core_brace_core_brace_mat,bodyweight_crunch_core_brace_bodyweight,CORE,CORE,CORE_BRACE,CORE_BRACE,BEGINNER,ACTIVE_RECOVERY,BODYWEIGHT,HOME|GYM,LIGHT_MODERATE,SKIP_AFFECTED_AREA,AVOID_PAIN_AREA_ACTIVE_RECOVERY,true,data/normalized/v2_pain_action_policy.json,DOMAIN_EXPERT_REVIEW,2026-08-25T00:00:00+09:00,DOMAIN_APPROVED,false,NRS 4-6: primary and secondary pain-area use excluded; low-intensity active recovery only.
HIP,NRS_1_3,1,3,REX-000093,REX-000069,squat_variant_knee_dominant_barbell,leg_press_knee_dominant_resistance_band,QUADRICEPS,QUADRICEPS,KNEE_DOMINANT,KNEE_DOMINANT,BEGINNER,SAME_GOAL,RESISTANCE_BAND,HOME,MODERATE,LOAD_REDUCED,SAME_GOAL_LOWER_LOAD_ROM_EASIER_VARIANT,true,data/normalized/v2_pain_action_policy.json,DOMAIN_EXPERT_REVIEW,2026-08-25T00:00:00+09:00,DOMAIN_APPROVED,false,"NRS 1-3: original goal first; runtime reduces load, then ROM, then uses this easier variant."
HIP,NRS_4_6,4,6,REX-000093,REX-000009,squat_variant_knee_dominant_barbell,bodyweight_crunch_core_brace_bodyweight,QUADRICEPS,CORE,KNEE_DOMINANT,CORE_BRACE,BEGINNER,ACTIVE_RECOVERY,BODYWEIGHT,HOME|GYM,LIGHT_MODERATE,SKIP_AFFECTED_AREA,AVOID_PAIN_AREA_ACTIVE_RECOVERY,true,data/normalized/v2_pain_action_policy.json,DOMAIN_EXPERT_REVIEW,2026-08-25T00:00:00+09:00,DOMAIN_APPROVED,false,NRS 4-6: primary and secondary pain-area use excluded; low-intensity active recovery only.
HIP,NRS_1_3,1,3,REX-000094,REX-000003,standing_hamstring_calf_strap_stretch_mobility_stretch_stretch_strap,ankle_circles_mobility_stretch_bodyweight,MOBILITY,MOBILITY,MOBILITY_STRETCH,MOBILITY_STRETCH,BEGINNER,SAME_GOAL,BODYWEIGHT,HOME|GYM,LIGHT,LOAD_REDUCED,SAME_GOAL_LOWER_LOAD_ROM_EASIER_VARIANT,true,data/normalized/v2_pain_action_policy.json,DOMAIN_EXPERT_REVIEW,2026-08-25T00:00:00+09:00,DOMAIN_APPROVED,false,"NRS 1-3: original goal first; runtime reduces load, then ROM, then uses this easier variant."
HIP,NRS_4_6,4,6,REX-000094,REX-000009,standing_hamstring_calf_strap_stretch_mobility_stretch_stretch_strap,bodyweight_crunch_core_brace_bodyweight,MOBILITY,CORE,MOBILITY_STRETCH,CORE_BRACE,BEGINNER,ACTIVE_RECOVERY,BODYWEIGHT,HOME|GYM,LIGHT_MODERATE,SKIP_AFFECTED_AREA,AVOID_PAIN_AREA_ACTIVE_RECOVERY,true,data/normalized/v2_pain_action_policy.json,DOMAIN_EXPERT_REVIEW,2026-08-25T00:00:00+09:00,DOMAIN_APPROVED,false,NRS 4-6: primary and secondary pain-area use excluded; low-intensity active recovery only.
HIP,NRS_1_3,1,3,REX-000100,REX-000003,world_greatest_stretch_mobility_stretch_bodyweight,ankle_circles_mobility_stretch_bodyweight,MOBILITY,MOBILITY,MOBILITY_STRETCH,MOBILITY_STRETCH,BEGINNER,SAME_GOAL,BODYWEIGHT,HOME|GYM,LIGHT,LOAD_REDUCED,SAME_GOAL_LOWER_LOAD_ROM_EASIER_VARIANT,true,data/normalized/v2_pain_action_policy.json,DOMAIN_EXPERT_REVIEW,2026-08-25T00:00:00+09:00,DOMAIN_APPROVED,false,"NRS 1-3: original goal first; runtime reduces load, then ROM, then uses this easier variant."
HIP,NRS_4_6,4,6,REX-000100,REX-000009,world_greatest_stretch_mobility_stretch_bodyweight,bodyweight_crunch_core_brace_bodyweight,MOBILITY,CORE,MOBILITY_STRETCH,CORE_BRACE,BEGINNER,ACTIVE_RECOVERY,BODYWEIGHT,HOME|GYM,LIGHT_MODERATE,SKIP_AFFECTED_AREA,AVOID_PAIN_AREA_ACTIVE_RECOVERY,true,data/normalized/v2_pain_action_policy.json,DOMAIN_EXPERT_REVIEW,2026-08-25T00:00:00+09:00,DOMAIN_APPROVED,false,NRS 4-6: primary and secondary pain-area use excluded; low-intensity active recovery only.
KNEE,NRS_1_3,1,3,REX-000002,REX-000003,all_fours_squat_stretch_mobility_stretch_bodyweight,ankle_circles_mobility_stretch_bodyweight,MOBILITY,MOBILITY,MOBILITY_STRETCH,MOBILITY_STRETCH,BEGINNER,SAME_GOAL,BODYWEIGHT,HOME|GYM,LIGHT,LOAD_REDUCED,SAME_GOAL_LOWER_LOAD_ROM_EASIER_VARIANT,true,data/normalized/v2_pain_action_policy.json,DOMAIN_EXPERT_REVIEW,2026-08-25T00:00:00+09:00,DOMAIN_APPROVED,false,"NRS 1-3: original goal first; runtime reduces load, then ROM, then uses this easier variant."
KNEE,NRS_4_6,4,6,REX-000002,REX-000009,all_fours_squat_stretch_mobility_stretch_bodyweight,bodyweight_crunch_core_brace_bodyweight,MOBILITY,CORE,MOBILITY_STRETCH,CORE_BRACE,BEGINNER,ACTIVE_RECOVERY,BODYWEIGHT,HOME|GYM,LIGHT_MODERATE,SKIP_AFFECTED_AREA,AVOID_PAIN_AREA_ACTIVE_RECOVERY,true,data/normalized/v2_pain_action_policy.json,DOMAIN_EXPERT_REVIEW,2026-08-25T00:00:00+09:00,DOMAIN_APPROVED,false,NRS 4-6: primary and secondary pain-area use excluded; low-intensity active recovery only.
KNEE,NRS_1_3,1,3,REX-000003,REX-000017,ankle_circles_mobility_stretch_bodyweight,butterfly_adductor_stretch_mobility_stretch_bodyweight,MOBILITY,MOBILITY,MOBILITY_STRETCH,MOBILITY_STRETCH,BEGINNER,SAME_GOAL,BODYWEIGHT,HOME|GYM,LIGHT,LOAD_REDUCED,SAME_GOAL_LOWER_LOAD_ROM_EASIER_VARIANT,true,data/normalized/v2_pain_action_policy.json,DOMAIN_EXPERT_REVIEW,2026-08-25T00:00:00+09:00,DOMAIN_APPROVED,false,"NRS 1-3: original goal first; runtime reduces load, then ROM, then uses this easier variant."
KNEE,NRS_4_6,4,6,REX-000003,REX-000009,ankle_circles_mobility_stretch_bodyweight,bodyweight_crunch_core_brace_bodyweight,MOBILITY,CORE,MOBILITY_STRETCH,CORE_BRACE,BEGINNER,ACTIVE_RECOVERY,BODYWEIGHT,HOME|GYM,LIGHT_MODERATE,SKIP_AFFECTED_AREA,AVOID_PAIN_AREA_ACTIVE_RECOVERY,true,data/normalized/v2_pain_action_policy.json,DOMAIN_EXPERT_REVIEW,2026-08-25T00:00:00+09:00,DOMAIN_APPROVED,false,NRS 4-6: primary and secondary pain-area use excluded; low-intensity active recovery only.
KNEE,NRS_1_3,1,3,REX-000004,REX-000011,barbell_deadlift_hip_dominant_barbell,bodyweight_glute_bridge_hip_dominant_bodyweight,GLUTES,GLUTES,HIP_DOMINANT,HIP_DOMINANT,BEGINNER,SAME_GOAL,BODYWEIGHT,HOME|GYM,LIGHT_MODERATE,LOAD_REDUCED,SAME_GOAL_LOWER_LOAD_ROM_EASIER_VARIANT,true,data/normalized/v2_pain_action_policy.json,DOMAIN_EXPERT_REVIEW,2026-08-25T00:00:00+09:00,DOMAIN_APPROVED,false,"NRS 1-3: original goal first; runtime reduces load, then ROM, then uses this easier variant."
KNEE,NRS_4_6,4,6,REX-000004,REX-000009,barbell_deadlift_hip_dominant_barbell,bodyweight_crunch_core_brace_bodyweight,GLUTES,CORE,HIP_DOMINANT,CORE_BRACE,BEGINNER,ACTIVE_RECOVERY,BODYWEIGHT,HOME|GYM,LIGHT_MODERATE,SKIP_AFFECTED_AREA,AVOID_PAIN_AREA_ACTIVE_RECOVERY,true,data/normalized/v2_pain_action_policy.json,DOMAIN_EXPERT_REVIEW,2026-08-25T00:00:00+09:00,DOMAIN_APPROVED,false,NRS 4-6: primary and secondary pain-area use excluded; low-intensity active recovery only.
KNEE,NRS_1_3,1,3,REX-000007,REX-000083,barbell_straight_leg_deadlift_hip_dominant_barbell,seated_leg_curl_knee_flexion_machine,HAMSTRINGS,HAMSTRINGS,HIP_DOMINANT,KNEE_FLEXION,BEGINNER,SAME_GOAL,MACHINE,GYM,MODERATE,LOAD_REDUCED,SAME_GOAL_LOWER_LOAD_ROM_EASIER_VARIANT,true,data/normalized/v2_pain_action_policy.json,DOMAIN_EXPERT_REVIEW,2026-08-25T00:00:00+09:00,DOMAIN_APPROVED,false,"NRS 1-3: original goal first; runtime reduces load, then ROM, then uses this easier variant."
KNEE,NRS_4_6,4,6,REX-000007,REX-000009,barbell_straight_leg_deadlift_hip_dominant_barbell,bodyweight_crunch_core_brace_bodyweight,HAMSTRINGS,CORE,HIP_DOMINANT,CORE_BRACE,BEGINNER,ACTIVE_RECOVERY,BODYWEIGHT,HOME|GYM,LIGHT_MODERATE,SKIP_AFFECTED_AREA,AVOID_PAIN_AREA_ACTIVE_RECOVERY,true,data/normalized/v2_pain_action_policy.json,DOMAIN_EXPERT_REVIEW,2026-08-25T00:00:00+09:00,DOMAIN_APPROVED,false,NRS 4-6: primary and secondary pain-area use excluded; low-intensity active recovery only.
KNEE,NRS_1_3,1,3,REX-000010,REX-000066,bodyweight_forward_lunge_knee_dominant_bodyweight,mobility_balance_bodyweight,GLUTES,MOBILITY,KNEE_DOMINANT,BALANCE,BEGINNER,SAME_GOAL,BODYWEIGHT,HOME|GYM,LIGHT_MODERATE,LOAD_REDUCED,SAME_GOAL_LOWER_LOAD_ROM_EASIER_VARIANT,true,data/normalized/v2_pain_action_policy.json,DOMAIN_EXPERT_REVIEW,2026-08-25T00:00:00+09:00,DOMAIN_APPROVED,false,"NRS 1-3: original goal first; runtime reduces load, then ROM, then uses this easier variant."
KNEE,NRS_4_6,4,6,REX-000010,REX-000009,bodyweight_forward_lunge_knee_dominant_bodyweight,bodyweight_crunch_core_brace_bodyweight,GLUTES,CORE,KNEE_DOMINANT,CORE_BRACE,BEGINNER,ACTIVE_RECOVERY,BODYWEIGHT,HOME|GYM,LIGHT_MODERATE,SKIP_AFFECTED_AREA,AVOID_PAIN_AREA_ACTIVE_RECOVERY,true,data/normalized/v2_pain_action_policy.json,DOMAIN_EXPERT_REVIEW,2026-08-25T00:00:00+09:00,DOMAIN_APPROVED,false,NRS 4-6: primary and secondary pain-area use excluded; low-intensity active recovery only.
KNEE,NRS_1_3,1,3,REX-000011,REX-000066,bodyweight_glute_bridge_hip_dominant_bodyweight,mobility_balance_bodyweight,GLUTES,MOBILITY,HIP_DOMINANT,BALANCE,BEGINNER,SAME_GOAL,BODYWEIGHT,HOME|GYM,LIGHT_MODERATE,LOAD_REDUCED,SAME_GOAL_LOWER_LOAD_ROM_EASIER_VARIANT,true,data/normalized/v2_pain_action_policy.json,DOMAIN_EXPERT_REVIEW,2026-08-25T00:00:00+09:00,DOMAIN_APPROVED,false,"NRS 1-3: original goal first; runtime reduces load, then ROM, then uses this easier variant."
KNEE,NRS_4_6,4,6,REX-000011,REX-000009,bodyweight_glute_bridge_hip_dominant_bodyweight,bodyweight_crunch_core_brace_bodyweight,GLUTES,CORE,HIP_DOMINANT,CORE_BRACE,BEGINNER,ACTIVE_RECOVERY,BODYWEIGHT,HOME|GYM,LIGHT_MODERATE,SKIP_AFFECTED_AREA,AVOID_PAIN_AREA_ACTIVE_RECOVERY,true,data/normalized/v2_pain_action_policy.json,DOMAIN_EXPERT_REVIEW,2026-08-25T00:00:00+09:00,DOMAIN_APPROVED,false,NRS 4-6: primary and secondary pain-area use excluded; low-intensity active recovery only.
KNEE,NRS_1_3,1,3,REX-000015,REX-000069,bodyweight_split_squat_knee_dominant_bodyweight,leg_press_knee_dominant_resistance_band,QUADRICEPS,QUADRICEPS,KNEE_DOMINANT,KNEE_DOMINANT,BEGINNER,SAME_GOAL,RESISTANCE_BAND,HOME,MODERATE,LOAD_REDUCED,SAME_GOAL_LOWER_LOAD_ROM_EASIER_VARIANT,true,data/normalized/v2_pain_action_policy.json,DOMAIN_EXPERT_REVIEW,2026-08-25T00:00:00+09:00,DOMAIN_APPROVED,false,"NRS 1-3: original goal first; runtime reduces load, then ROM, then uses this easier variant."
KNEE,NRS_4_6,4,6,REX-000015,REX-000009,bodyweight_split_squat_knee_dominant_bodyweight,bodyweight_crunch_core_brace_bodyweight,QUADRICEPS,CORE,KNEE_DOMINANT,CORE_BRACE,BEGINNER,ACTIVE_RECOVERY,BODYWEIGHT,HOME|GYM,LIGHT_MODERATE,SKIP_AFFECTED_AREA,AVOID_PAIN_AREA_ACTIVE_RECOVERY,true,data/normalized/v2_pain_action_policy.json,DOMAIN_EXPERT_REVIEW,2026-08-25T00:00:00+09:00,DOMAIN_APPROVED,false,NRS 4-6: primary and secondary pain-area use excluded; low-intensity active recovery only.
KNEE,NRS_1_3,1,3,REX-000016,REX-000080,bodyweight_standing_calf_raise_isolation_bodyweight,seated_calf_raise_isolation_barbell,CALVES,CALVES,ISOLATION,ISOLATION,BEGINNER,SAME_GOAL,BARBELL,GYM,MODERATE,LOAD_REDUCED,SAME_GOAL_LOWER_LOAD_ROM_EASIER_VARIANT,true,data/normalized/v2_pain_action_policy.json,DOMAIN_EXPERT_REVIEW,2026-08-25T00:00:00+09:00,DOMAIN_APPROVED,false,"NRS 1-3: original goal first; runtime reduces load, then ROM, then uses this easier variant."
KNEE,NRS_4_6,4,6,REX-000016,REX-000009,bodyweight_standing_calf_raise_isolation_bodyweight,bodyweight_crunch_core_brace_bodyweight,CALVES,CORE,ISOLATION,CORE_BRACE,BEGINNER,ACTIVE_RECOVERY,BODYWEIGHT,HOME|GYM,LIGHT_MODERATE,SKIP_AFFECTED_AREA,AVOID_PAIN_AREA_ACTIVE_RECOVERY,true,data/normalized/v2_pain_action_policy.json,DOMAIN_EXPERT_REVIEW,2026-08-25T00:00:00+09:00,DOMAIN_APPROVED,false,NRS 4-6: primary and secondary pain-area use excluded; low-intensity active recovery only.
KNEE,NRS_1_3,1,3,REX-000017,REX-000003,butterfly_adductor_stretch_mobility_stretch_bodyweight,ankle_circles_mobility_stretch_bodyweight,MOBILITY,MOBILITY,MOBILITY_STRETCH,MOBILITY_STRETCH,BEGINNER,SAME_GOAL,BODYWEIGHT,HOME|GYM,LIGHT,LOAD_REDUCED,SAME_GOAL_LOWER_LOAD_ROM_EASIER_VARIANT,true,data/normalized/v2_pain_action_policy.json,DOMAIN_EXPERT_REVIEW,2026-08-25T00:00:00+09:00,DOMAIN_APPROVED,false,"NRS 1-3: original goal first; runtime reduces load, then ROM, then uses this easier variant."
KNEE,NRS_4_6,4,6,REX-000017,REX-000009,butterfly_adductor_stretch_mobility_stretch_bodyweight,bodyweight_crunch_core_brace_bodyweight,MOBILITY,CORE,MOBILITY_STRETCH,CORE_BRACE,BEGINNER,ACTIVE_RECOVERY,BODYWEIGHT,HOME|GYM,LIGHT_MODERATE,SKIP_AFFECTED_AREA,AVOID_PAIN_AREA_ACTIVE_RECOVERY,true,data/normalized/v2_pain_action_policy.json,DOMAIN_EXPERT_REVIEW,2026-08-25T00:00:00+09:00,DOMAIN_APPROVED,false,NRS 4-6: primary and secondary pain-area use excluded; low-intensity active recovery only.
KNEE,NRS_1_3,1,3,REX-000020,REX-000003,chair_leg_extended_stretch_mobility_stretch_bodyweight,ankle_circles_mobility_stretch_bodyweight,MOBILITY,MOBILITY,MOBILITY_STRETCH,MOBILITY_STRETCH,BEGINNER,SAME_GOAL,BODYWEIGHT,HOME|GYM,LIGHT,LOAD_REDUCED,SAME_GOAL_LOWER_LOAD_ROM_EASIER_VARIANT,true,data/normalized/v2_pain_action_policy.json,DOMAIN_EXPERT_REVIEW,2026-08-25T00:00:00+09:00,DOMAIN_APPROVED,false,"NRS 1-3: original goal first; runtime reduces load, then ROM, then uses this easier variant."
KNEE,NRS_4_6,4,6,REX-000020,REX-000009,chair_leg_extended_stretch_mobility_stretch_bodyweight,bodyweight_crunch_core_brace_bodyweight,MOBILITY,CORE,MOBILITY_STRETCH,CORE_BRACE,BEGINNER,ACTIVE_RECOVERY,BODYWEIGHT,HOME|GYM,LIGHT_MODERATE,SKIP_AFFECTED_AREA,AVOID_PAIN_AREA_ACTIVE_RECOVERY,true,data/normalized/v2_pain_action_policy.json,DOMAIN_EXPERT_REVIEW,2026-08-25T00:00:00+09:00,DOMAIN_APPROVED,false,NRS 4-6: primary and secondary pain-area use excluded; low-intensity active recovery only.
KNEE,NRS_1_3,1,3,REX-000025,REX-000069,dumbbell_goblet_squat_knee_dominant_dumbbell,leg_press_knee_dominant_resistance_band,QUADRICEPS,QUADRICEPS,KNEE_DOMINANT,KNEE_DOMINANT,BEGINNER,SAME_GOAL,RESISTANCE_BAND,HOME,MODERATE,LOAD_REDUCED,SAME_GOAL_LOWER_LOAD_ROM_EASIER_VARIANT,true,data/normalized/v2_pain_action_policy.json,DOMAIN_EXPERT_REVIEW,2026-08-25T00:00:00+09:00,DOMAIN_APPROVED,false,"NRS 1-3: original goal first; runtime reduces load, then ROM, then uses this easier variant."
KNEE,NRS_4_6,4,6,REX-000025,REX-000009,dumbbell_goblet_squat_knee_dominant_dumbbell,bodyweight_crunch_core_brace_bodyweight,QUADRICEPS,CORE,KNEE_DOMINANT,CORE_BRACE,BEGINNER,ACTIVE_RECOVERY,BODYWEIGHT,HOME|GYM,LIGHT_MODERATE,SKIP_AFFECTED_AREA,AVOID_PAIN_AREA_ACTIVE_RECOVERY,true,data/normalized/v2_pain_action_policy.json,DOMAIN_EXPERT_REVIEW,2026-08-25T00:00:00+09:00,DOMAIN_APPROVED,false,NRS 4-6: primary and secondary pain-area use excluded; low-intensity active recovery only.
KNEE,NRS_1_3,1,3,REX-000031,REX-000069,dumbbell_step_up_lunge_knee_dominant_dumbbell_step_box,leg_press_knee_dominant_resistance_band,QUADRICEPS,QUADRICEPS,KNEE_DOMINANT,KNEE_DOMINANT,BEGINNER,SAME_GOAL,RESISTANCE_BAND,HOME,MODERATE,LOAD_REDUCED,SAME_GOAL_LOWER_LOAD_ROM_EASIER_VARIANT,true,data/normalized/v2_pain_action_policy.json,DOMAIN_EXPERT_REVIEW,2026-08-25T00:00:00+09:00,DOMAIN_APPROVED,false,"NRS 1-3: original goal first; runtime reduces load, then ROM, then uses this easier variant."
KNEE,NRS_4_6,4,6,REX-000031,REX-000009,dumbbell_step_up_lunge_knee_dominant_dumbbell_step_box,bodyweight_crunch_core_brace_bodyweight,QUADRICEPS,CORE,KNEE_DOMINANT,CORE_BRACE,BEGINNER,ACTIVE_RECOVERY,BODYWEIGHT,HOME|GYM,LIGHT_MODERATE,SKIP_AFFECTED_AREA,AVOID_PAIN_AREA_ACTIVE_RECOVERY,true,data/normalized/v2_pain_action_policy.json,DOMAIN_EXPERT_REVIEW,2026-08-25T00:00:00+09:00,DOMAIN_APPROVED,false,NRS 4-6: primary and secondary pain-area use excluded; low-intensity active recovery only.
KNEE,NRS_1_3,1,3,REX-000034,REX-000003,hamstring_stretch_mobility_stretch_bodyweight,ankle_circles_mobility_stretch_bodyweight,MOBILITY,MOBILITY,MOBILITY_STRETCH,MOBILITY_STRETCH,BEGINNER,SAME_GOAL,BODYWEIGHT,HOME|GYM,LIGHT,LOAD_REDUCED,SAME_GOAL_LOWER_LOAD_ROM_EASIER_VARIANT,true,data/normalized/v2_pain_action_policy.json,DOMAIN_EXPERT_REVIEW,2026-08-25T00:00:00+09:00,DOMAIN_APPROVED,false,"NRS 1-3: original goal first; runtime reduces load, then ROM, then uses this easier variant."
KNEE,NRS_4_6,4,6,REX-000034,REX-000009,hamstring_stretch_mobility_stretch_bodyweight,bodyweight_crunch_core_brace_bodyweight,MOBILITY,CORE,MOBILITY_STRETCH,CORE_BRACE,BEGINNER,ACTIVE_RECOVERY,BODYWEIGHT,HOME|GYM,LIGHT_MODERATE,SKIP_AFFECTED_AREA,AVOID_PAIN_AREA_ACTIVE_RECOVERY,true,data/normalized/v2_pain_action_policy.json,DOMAIN_EXPERT_REVIEW,2026-08-25T00:00:00+09:00,DOMAIN_APPROVED,false,NRS 4-6: primary and secondary pain-area use excluded; low-intensity active recovery only.
KNEE,NRS_1_3,1,3,REX-000036,REX-000003,hip_flexor_quadriceps_stretch_mobility_stretch_stretch_strap,ankle_circles_mobility_stretch_bodyweight,MOBILITY,MOBILITY,MOBILITY_STRETCH,MOBILITY_STRETCH,BEGINNER,SAME_GOAL,BODYWEIGHT,HOME|GYM,LIGHT,LOAD_REDUCED,SAME_GOAL_LOWER_LOAD_ROM_EASIER_VARIANT,true,data/normalized/v2_pain_action_policy.json,DOMAIN_EXPERT_REVIEW,2026-08-25T00:00:00+09:00,DOMAIN_APPROVED,false,"NRS 1-3: original goal first; runtime reduces load, then ROM, then uses this easier variant."
KNEE,NRS_4_6,4,6,REX-000036,REX-000009,hip_flexor_quadriceps_stretch_mobility_stretch_stretch_strap,bodyweight_crunch_core_brace_bodyweight,MOBILITY,CORE,MOBILITY_STRETCH,CORE_BRACE,BEGINNER,ACTIVE_RECOVERY,BODYWEIGHT,HOME|GYM,LIGHT_MODERATE,SKIP_AFFECTED_AREA,AVOID_PAIN_AREA_ACTIVE_RECOVERY,true,data/normalized/v2_pain_action_policy.json,DOMAIN_EXPERT_REVIEW,2026-08-25T00:00:00+09:00,DOMAIN_APPROVED,false,NRS 4-6: primary and secondary pain-area use excluded; low-intensity active recovery only.
KNEE,NRS_1_3,1,3,REX-000041,REX-000069,leg_press_knee_dominant_machine,leg_press_knee_dominant_resistance_band,QUADRICEPS,QUADRICEPS,KNEE_DOMINANT,KNEE_DOMINANT,BEGINNER,SAME_GOAL,RESISTANCE_BAND,HOME,MODERATE,LOAD_REDUCED,SAME_GOAL_LOWER_LOAD_ROM_EASIER_VARIANT,true,data/normalized/v2_pain_action_policy.json,DOMAIN_EXPERT_REVIEW,2026-08-25T00:00:00+09:00,DOMAIN_APPROVED,false,"NRS 1-3: original goal first; runtime reduces load, then ROM, then uses this easier variant."
KNEE,NRS_4_6,4,6,REX-000041,REX-000009,leg_press_knee_dominant_machine,bodyweight_crunch_core_brace_bodyweight,QUADRICEPS,CORE,KNEE_DOMINANT,CORE_BRACE,BEGINNER,ACTIVE_RECOVERY,BODYWEIGHT,HOME|GYM,LIGHT_MODERATE,SKIP_AFFECTED_AREA,AVOID_PAIN_AREA_ACTIVE_RECOVERY,true,data/normalized/v2_pain_action_policy.json,DOMAIN_EXPERT_REVIEW,2026-08-25T00:00:00+09:00,DOMAIN_APPROVED,false,NRS 4-6: primary and secondary pain-area use excluded; low-intensity active recovery only.
KNEE,NRS_1_3,1,3,REX-000042,REX-000003,leg_up_hamstring_stretch_mobility_stretch_bodyweight,ankle_circles_mobility_stretch_bodyweight,MOBILITY,MOBILITY,MOBILITY_STRETCH,MOBILITY_STRETCH,BEGINNER,SAME_GOAL,BODYWEIGHT,HOME|GYM,LIGHT,LOAD_REDUCED,SAME_GOAL_LOWER_LOAD_ROM_EASIER_VARIANT,true,data/normalized/v2_pain_action_policy.json,DOMAIN_EXPERT_REVIEW,2026-08-25T00:00:00+09:00,DOMAIN_APPROVED,false,"NRS 1-3: original goal first; runtime reduces load, then ROM, then uses this easier variant."
KNEE,NRS_4_6,4,6,REX-000042,REX-000009,leg_up_hamstring_stretch_mobility_stretch_bodyweight,bodyweight_crunch_core_brace_bodyweight,MOBILITY,CORE,MOBILITY_STRETCH,CORE_BRACE,BEGINNER,ACTIVE_RECOVERY,BODYWEIGHT,HOME|GYM,LIGHT_MODERATE,SKIP_AFFECTED_AREA,AVOID_PAIN_AREA_ACTIVE_RECOVERY,true,data/normalized/v2_pain_action_policy.json,DOMAIN_EXPERT_REVIEW,2026-08-25T00:00:00+09:00,DOMAIN_APPROVED,false,NRS 4-6: primary and secondary pain-area use excluded; low-intensity active recovery only.
KNEE,NRS_1_3,1,3,REX-000044,REX-000057,machine_leg_extension_isolation_machine,hip_flexion_isolation_bodyweight,QUADRICEPS,QUADRICEPS,ISOLATION,ISOLATION,BEGINNER,SAME_GOAL,BODYWEIGHT,HOME,LIGHT_MODERATE,LOAD_REDUCED,SAME_GOAL_LOWER_LOAD_ROM_EASIER_VARIANT,true,data/normalized/v2_pain_action_policy.json,DOMAIN_EXPERT_REVIEW,2026-08-25T00:00:00+09:00,DOMAIN_APPROVED,false,"NRS 1-3: original goal first; runtime reduces load, then ROM, then uses this easier variant."
KNEE,NRS_4_6,4,6,REX-000044,REX-000009,machine_leg_extension_isolation_machine,bodyweight_crunch_core_brace_bodyweight,QUADRICEPS,CORE,ISOLATION,CORE_BRACE,BEGINNER,ACTIVE_RECOVERY,BODYWEIGHT,HOME|GYM,LIGHT_MODERATE,SKIP_AFFECTED_AREA,AVOID_PAIN_AREA_ACTIVE_RECOVERY,true,data/normalized/v2_pain_action_policy.json,DOMAIN_EXPERT_REVIEW,2026-08-25T00:00:00+09:00,DOMAIN_APPROVED,false,NRS 4-6: primary and secondary pain-area use excluded; low-intensity active recovery only.
KNEE,NRS_1_3,1,3,REX-000050,REX-000003,peroneal_stretch_mobility_stretch_stretch_strap,ankle_circles_mobility_stretch_bodyweight,MOBILITY,MOBILITY,MOBILITY_STRETCH,MOBILITY_STRETCH,BEGINNER,SAME_GOAL,BODYWEIGHT,HOME|GYM,LIGHT,LOAD_REDUCED,SAME_GOAL_LOWER_LOAD_ROM_EASIER_VARIANT,true,data/normalized/v2_pain_action_policy.json,DOMAIN_EXPERT_REVIEW,2026-08-25T00:00:00+09:00,DOMAIN_APPROVED,false,"NRS 1-3: original goal first; runtime reduces load, then ROM, then uses this easier variant."
KNEE,NRS_4_6,4,6,REX-000050,REX-000009,peroneal_stretch_mobility_stretch_stretch_strap,bodyweight_crunch_core_brace_bodyweight,MOBILITY,CORE,MOBILITY_STRETCH,CORE_BRACE,BEGINNER,ACTIVE_RECOVERY,BODYWEIGHT,HOME|GYM,LIGHT_MODERATE,SKIP_AFFECTED_AREA,AVOID_PAIN_AREA_ACTIVE_RECOVERY,true,data/normalized/v2_pain_action_policy.json,DOMAIN_EXPERT_REVIEW,2026-08-25T00:00:00+09:00,DOMAIN_APPROVED,false,NRS 4-6: primary and secondary pain-area use excluded; low-intensity active recovery only.
KNEE,NRS_1_3,1,3,REX-000054,REX-000016,reverse_calf_raise_isolation_resistance_band,bodyweight_standing_calf_raise_isolation_bodyweight,CALVES,CALVES,ISOLATION,ISOLATION,BEGINNER,SAME_GOAL,BODYWEIGHT,HOME|GYM,LIGHT_MODERATE,LOAD_REDUCED,SAME_GOAL_LOWER_LOAD_ROM_EASIER_VARIANT,true,data/normalized/v2_pain_action_policy.json,DOMAIN_EXPERT_REVIEW,2026-08-25T00:00:00+09:00,DOMAIN_APPROVED,false,"NRS 1-3: original goal first; runtime reduces load, then ROM, then uses this easier variant."
KNEE,NRS_4_6,4,6,REX-000054,REX-000009,reverse_calf_raise_isolation_resistance_band,bodyweight_crunch_core_brace_bodyweight,CALVES,CORE,ISOLATION,CORE_BRACE,BEGINNER,ACTIVE_RECOVERY,BODYWEIGHT,HOME|GYM,LIGHT_MODERATE,SKIP_AFFECTED_AREA,AVOID_PAIN_AREA_ACTIVE_RECOVERY,true,data/normalized/v2_pain_action_policy.json,DOMAIN_EXPERT_REVIEW,2026-08-25T00:00:00+09:00,DOMAIN_APPROVED,false,NRS 4-6: primary and secondary pain-area use excluded; low-intensity active recovery only.
KNEE,NRS_1_3,1,3,REX-000056,REX-000058,cardio_gait_bodyweight,cardio_gait_bodyweight_rex_000058,CARDIO,CARDIO,GAIT,GAIT,BEGINNER,SAME_GOAL,BODYWEIGHT,HOME,MODERATE,LOAD_REDUCED,SAME_GOAL_LOWER_LOAD_ROM_EASIER_VARIANT,true,data/normalized/v2_pain_action_policy.json,DOMAIN_EXPERT_REVIEW,2026-08-25T00:00:00+09:00,DOMAIN_APPROVED,false,"NRS 1-3: original goal first; runtime reduces load, then ROM, then uses this easier variant."
KNEE,NRS_4_6,4,6,REX-000056,REX-000009,cardio_gait_bodyweight,bodyweight_crunch_core_brace_bodyweight,CARDIO,CORE,GAIT,CORE_BRACE,BEGINNER,ACTIVE_RECOVERY,BODYWEIGHT,HOME|GYM,LIGHT_MODERATE,SKIP_AFFECTED_AREA,AVOID_PAIN_AREA_ACTIVE_RECOVERY,true,data/normalized/v2_pain_action_policy.json,DOMAIN_EXPERT_REVIEW,2026-08-25T00:00:00+09:00,DOMAIN_APPROVED,false,NRS 4-6: primary and secondary pain-area use excluded; low-intensity active recovery only.
KNEE,NRS_1_3,1,3,REX-000057,REX-000064,hip_flexion_isolation_bodyweight,hip_flexion_isolation_bodyweight_rex_000064,QUADRICEPS,QUADRICEPS,ISOLATION,ISOLATION,BEGINNER,SAME_GOAL,BODYWEIGHT,HOME,LIGHT_MODERATE,LOAD_REDUCED,SAME_GOAL_LOWER_LOAD_ROM_EASIER_VARIANT,true,data/normalized/v2_pain_action_policy.json,DOMAIN_EXPERT_REVIEW,2026-08-25T00:00:00+09:00,DOMAIN_APPROVED,false,"NRS 1-3: original goal first; runtime reduces load, then ROM, then uses this easier variant."
KNEE,NRS_4_6,4,6,REX-000057,REX-000009,hip_flexion_isolation_bodyweight,bodyweight_crunch_core_brace_bodyweight,QUADRICEPS,CORE,ISOLATION,CORE_BRACE,BEGINNER,ACTIVE_RECOVERY,BODYWEIGHT,HOME|GYM,LIGHT_MODERATE,SKIP_AFFECTED_AREA,AVOID_PAIN_AREA_ACTIVE_RECOVERY,true,data/normalized/v2_pain_action_policy.json,DOMAIN_EXPERT_REVIEW,2026-08-25T00:00:00+09:00,DOMAIN_APPROVED,false,NRS 4-6: primary and secondary pain-area use excluded; low-intensity active recovery only.
KNEE,NRS_1_3,1,3,REX-000058,REX-000056,cardio_gait_bodyweight_rex_000058,cardio_gait_bodyweight,CARDIO,CARDIO,GAIT,GAIT,BEGINNER,SAME_GOAL,BODYWEIGHT,HOME,MODERATE,LOAD_REDUCED,SAME_GOAL_LOWER_LOAD_ROM_EASIER_VARIANT,true,data/normalized/v2_pain_action_policy.json,DOMAIN_EXPERT_REVIEW,2026-08-25T00:00:00+09:00,DOMAIN_APPROVED,false,"NRS 1-3: original goal first; runtime reduces load, then ROM, then uses this easier variant."
KNEE,NRS_4_6,4,6,REX-000058,REX-000009,cardio_gait_bodyweight_rex_000058,bodyweight_crunch_core_brace_bodyweight,CARDIO,CORE,GAIT,CORE_BRACE,BEGINNER,ACTIVE_RECOVERY,BODYWEIGHT,HOME|GYM,LIGHT_MODERATE,SKIP_AFFECTED_AREA,AVOID_PAIN_AREA_ACTIVE_RECOVERY,true,data/normalized/v2_pain_action_policy.json,DOMAIN_EXPERT_REVIEW,2026-08-25T00:00:00+09:00,DOMAIN_APPROVED,false,NRS 4-6: primary and secondary pain-area use excluded; low-intensity active recovery only.
KNEE,NRS_1_3,1,3,REX-000059,REX-000056,cardio_jump_plyometric_bodyweight,cardio_gait_bodyweight,CARDIO,CARDIO,JUMP_PLYOMETRIC,GAIT,BEGINNER,SAME_GOAL,BODYWEIGHT,HOME,MODERATE,LOAD_REDUCED,SAME_GOAL_LOWER_LOAD_ROM_EASIER_VARIANT,true,data/normalized/v2_pain_action_policy.json,DOMAIN_EXPERT_REVIEW,2026-08-25T00:00:00+09:00,DOMAIN_APPROVED,false,"NRS 1-3: original goal first; runtime reduces load, then ROM, then uses this easier variant."
KNEE,NRS_4_6,4,6,REX-000059,REX-000009,cardio_jump_plyometric_bodyweight,bodyweight_crunch_core_brace_bodyweight,CARDIO,CORE,JUMP_PLYOMETRIC,CORE_BRACE,BEGINNER,ACTIVE_RECOVERY,BODYWEIGHT,HOME|GYM,LIGHT_MODERATE,SKIP_AFFECTED_AREA,AVOID_PAIN_AREA_ACTIVE_RECOVERY,true,data/normalized/v2_pain_action_policy.json,DOMAIN_EXPERT_REVIEW,2026-08-25T00:00:00+09:00,DOMAIN_APPROVED,false,NRS 4-6: primary and secondary pain-area use excluded; low-intensity active recovery only.
KNEE,NRS_1_3,1,3,REX-000060,REX-000059,cardio_jump_plyometric_jump_rope,cardio_jump_plyometric_bodyweight,CARDIO,CARDIO,JUMP_PLYOMETRIC,JUMP_PLYOMETRIC,BEGINNER,SAME_GOAL,BODYWEIGHT,HOME|GYM,MODERATE,LOAD_REDUCED,SAME_GOAL_LOWER_LOAD_ROM_EASIER_VARIANT,true,data/normalized/v2_pain_action_policy.json,DOMAIN_EXPERT_REVIEW,2026-08-25T00:00:00+09:00,DOMAIN_APPROVED,false,"NRS 1-3: original goal first; runtime reduces load, then ROM, then uses this easier variant."
KNEE,NRS_4_6,4,6,REX-000060,REX-000009,cardio_jump_plyometric_jump_rope,bodyweight_crunch_core_brace_bodyweight,CARDIO,CORE,JUMP_PLYOMETRIC,CORE_BRACE,BEGINNER,ACTIVE_RECOVERY,BODYWEIGHT,HOME|GYM,LIGHT_MODERATE,SKIP_AFFECTED_AREA,AVOID_PAIN_AREA_ACTIVE_RECOVERY,true,data/normalized/v2_pain_action_policy.json,DOMAIN_EXPERT_REVIEW,2026-08-25T00:00:00+09:00,DOMAIN_APPROVED,false,NRS 4-6: primary and secondary pain-area use excluded; low-intensity active recovery only.
KNEE,NRS_1_3,1,3,REX-000061,REX-000011,kettlebell_swing_hip_dominant_kettlebell,bodyweight_glute_bridge_hip_dominant_bodyweight,GLUTES,GLUTES,HIP_DOMINANT,HIP_DOMINANT,BEGINNER,SAME_GOAL,BODYWEIGHT,HOME|GYM,LIGHT_MODERATE,LOAD_REDUCED,SAME_GOAL_LOWER_LOAD_ROM_EASIER_VARIANT,true,data/normalized/v2_pain_action_policy.json,DOMAIN_EXPERT_REVIEW,2026-08-25T00:00:00+09:00,DOMAIN_APPROVED,false,"NRS 1-3: original goal first; runtime reduces load, then ROM, then uses this easier variant."
KNEE,NRS_4_6,4,6,REX-000061,REX-000009,kettlebell_swing_hip_dominant_kettlebell,bodyweight_crunch_core_brace_bodyweight,GLUTES,CORE,HIP_DOMINANT,CORE_BRACE,BEGINNER,ACTIVE_RECOVERY,BODYWEIGHT,HOME|GYM,LIGHT_MODERATE,SKIP_AFFECTED_AREA,AVOID_PAIN_AREA_ACTIVE_RECOVERY,true,data/normalized/v2_pain_action_policy.json,DOMAIN_EXPERT_REVIEW,2026-08-25T00:00:00+09:00,DOMAIN_APPROVED,false,NRS 4-6: primary and secondary pain-area use excluded; low-intensity active recovery only.
KNEE,NRS_1_3,1,3,REX-000062,REX-000056,cardio_gait_bodyweight_rex_000062,cardio_gait_bodyweight,CARDIO,CARDIO,GAIT,GAIT,BEGINNER,SAME_GOAL,BODYWEIGHT,HOME,MODERATE,LOAD_REDUCED,SAME_GOAL_LOWER_LOAD_ROM_EASIER_VARIANT,true,data/normalized/v2_pain_action_policy.json,DOMAIN_EXPERT_REVIEW,2026-08-25T00:00:00+09:00,DOMAIN_APPROVED,false,"NRS 1-3: original goal first; runtime reduces load, then ROM, then uses this easier variant."
KNEE,NRS_4_6,4,6,REX-000062,REX-000009,cardio_gait_bodyweight_rex_000062,bodyweight_crunch_core_brace_bodyweight,CARDIO,CORE,GAIT,CORE_BRACE,BEGINNER,ACTIVE_RECOVERY,BODYWEIGHT,HOME|GYM,LIGHT_MODERATE,SKIP_AFFECTED_AREA,AVOID_PAIN_AREA_ACTIVE_RECOVERY,true,data/normalized/v2_pain_action_policy.json,DOMAIN_EXPERT_REVIEW,2026-08-25T00:00:00+09:00,DOMAIN_APPROVED,false,NRS 4-6: primary and secondary pain-area use excluded; low-intensity active recovery only.
KNEE,NRS_1_3,1,3,REX-000063,REX-000057,hip_adduction_isolation_stability_ball,hip_flexion_isolation_bodyweight,QUADRICEPS,QUADRICEPS,ISOLATION,ISOLATION,BEGINNER,SAME_GOAL,BODYWEIGHT,HOME,LIGHT_MODERATE,LOAD_REDUCED,SAME_GOAL_LOWER_LOAD_ROM_EASIER_VARIANT,true,data/normalized/v2_pain_action_policy.json,DOMAIN_EXPERT_REVIEW,2026-08-25T00:00:00+09:00,DOMAIN_APPROVED,false,"NRS 1-3: original goal first; runtime reduces load, then ROM, then uses this easier variant."
KNEE,NRS_4_6,4,6,REX-000063,REX-000009,hip_adduction_isolation_stability_ball,bodyweight_crunch_core_brace_bodyweight,QUADRICEPS,CORE,ISOLATION,CORE_BRACE,BEGINNER,ACTIVE_RECOVERY,BODYWEIGHT,HOME|GYM,LIGHT_MODERATE,SKIP_AFFECTED_AREA,AVOID_PAIN_AREA_ACTIVE_RECOVERY,true,data/normalized/v2_pain_action_policy.json,DOMAIN_EXPERT_REVIEW,2026-08-25T00:00:00+09:00,DOMAIN_APPROVED,false,NRS 4-6: primary and secondary pain-area use excluded; low-intensity active recovery only.
KNEE,NRS_1_3,1,3,REX-000064,REX-000057,hip_flexion_isolation_bodyweight_rex_000064,hip_flexion_isolation_bodyweight,QUADRICEPS,QUADRICEPS,ISOLATION,ISOLATION,BEGINNER,SAME_GOAL,BODYWEIGHT,HOME,LIGHT_MODERATE,LOAD_REDUCED,SAME_GOAL_LOWER_LOAD_ROM_EASIER_VARIANT,true,data/normalized/v2_pain_action_policy.json,DOMAIN_EXPERT_REVIEW,2026-08-25T00:00:00+09:00,DOMAIN_APPROVED,false,"NRS 1-3: original goal first; runtime reduces load, then ROM, then uses this easier variant."
KNEE,NRS_4_6,4,6,REX-000064,REX-000009,hip_flexion_isolation_bodyweight_rex_000064,bodyweight_crunch_core_brace_bodyweight,QUADRICEPS,CORE,ISOLATION,CORE_BRACE,BEGINNER,ACTIVE_RECOVERY,BODYWEIGHT,HOME|GYM,LIGHT_MODERATE,SKIP_AFFECTED_AREA,AVOID_PAIN_AREA_ACTIVE_RECOVERY,true,data/normalized/v2_pain_action_policy.json,DOMAIN_EXPERT_REVIEW,2026-08-25T00:00:00+09:00,DOMAIN_APPROVED,false,NRS 4-6: primary and secondary pain-area use excluded; low-intensity active recovery only.
KNEE,NRS_1_3,1,3,REX-000065,REX-000056,cardio_gait_bodyweight_rex_000065,cardio_gait_bodyweight,CARDIO,CARDIO,GAIT,GAIT,BEGINNER,SAME_GOAL,BODYWEIGHT,HOME,MODERATE,LOAD_REDUCED,SAME_GOAL_LOWER_LOAD_ROM_EASIER_VARIANT,true,data/normalized/v2_pain_action_policy.json,DOMAIN_EXPERT_REVIEW,2026-08-25T00:00:00+09:00,DOMAIN_APPROVED,false,"NRS 1-3: original goal first; runtime reduces load, then ROM, then uses this easier variant."
KNEE,NRS_4_6,4,6,REX-000065,REX-000009,cardio_gait_bodyweight_rex_000065,bodyweight_crunch_core_brace_bodyweight,CARDIO,CORE,GAIT,CORE_BRACE,BEGINNER,ACTIVE_RECOVERY,BODYWEIGHT,HOME|GYM,LIGHT_MODERATE,SKIP_AFFECTED_AREA,AVOID_PAIN_AREA_ACTIVE_RECOVERY,true,data/normalized/v2_pain_action_policy.json,DOMAIN_EXPERT_REVIEW,2026-08-25T00:00:00+09:00,DOMAIN_APPROVED,false,NRS 4-6: primary and secondary pain-area use excluded; low-intensity active recovery only.
KNEE,NRS_1_3,1,3,REX-000066,REX-000011,mobility_balance_bodyweight,bodyweight_glute_bridge_hip_dominant_bodyweight,MOBILITY,GLUTES,BALANCE,HIP_DOMINANT,BEGINNER,SAME_GOAL,BODYWEIGHT,HOME|GYM,LIGHT_MODERATE,LOAD_REDUCED,SAME_GOAL_LOWER_LOAD_ROM_EASIER_VARIANT,true,data/normalized/v2_pain_action_policy.json,DOMAIN_EXPERT_REVIEW,2026-08-25T00:00:00+09:00,DOMAIN_APPROVED,false,"NRS 1-3: original goal first; runtime reduces load, then ROM, then uses this easier variant."
KNEE,NRS_4_6,4,6,REX-000066,REX-000009,mobility_balance_bodyweight,bodyweight_crunch_core_brace_bodyweight,MOBILITY,CORE,BALANCE,CORE_BRACE,BEGINNER,ACTIVE_RECOVERY,BODYWEIGHT,HOME|GYM,LIGHT_MODERATE,SKIP_AFFECTED_AREA,AVOID_PAIN_AREA_ACTIVE_RECOVERY,true,data/normalized/v2_pain_action_policy.json,DOMAIN_EXPERT_REVIEW,2026-08-25T00:00:00+09:00,DOMAIN_APPROVED,false,NRS 4-6: primary and secondary pain-area use excluded; low-intensity active recovery only.
KNEE,NRS_1_3,1,3,REX-000067,REX-000056,cardio_cycling_stationary_bike,cardio_gait_bodyweight,CARDIO,CARDIO,CYCLING,GAIT,BEGINNER,SAME_GOAL,BODYWEIGHT,HOME,MODERATE,LOAD_REDUCED,SAME_GOAL_LOWER_LOAD_ROM_EASIER_VARIANT,true,data/normalized/v2_pain_action_policy.json,DOMAIN_EXPERT_REVIEW,2026-08-25T00:00:00+09:00,DOMAIN_APPROVED,false,"NRS 1-3: original goal first; runtime reduces load, then ROM, then uses this easier variant."
KNEE,NRS_4_6,4,6,REX-000067,REX-000009,cardio_cycling_stationary_bike,bodyweight_crunch_core_brace_bodyweight,CARDIO,CORE,CYCLING,CORE_BRACE,BEGINNER,ACTIVE_RECOVERY,BODYWEIGHT,HOME|GYM,LIGHT_MODERATE,SKIP_AFFECTED_AREA,AVOID_PAIN_AREA_ACTIVE_RECOVERY,true,data/normalized/v2_pain_action_policy.json,DOMAIN_EXPERT_REVIEW,2026-08-25T00:00:00+09:00,DOMAIN_APPROVED,false,NRS 4-6: primary and secondary pain-area use excluded; low-intensity active recovery only.
KNEE,NRS_1_3,1,3,REX-000068,REX-000056,cardio_gait_step_box,cardio_gait_bodyweight,CARDIO,CARDIO,GAIT,GAIT,BEGINNER,SAME_GOAL,BODYWEIGHT,HOME,MODERATE,LOAD_REDUCED,SAME_GOAL_LOWER_LOAD_ROM_EASIER_VARIANT,true,data/normalized/v2_pain_action_policy.json,DOMAIN_EXPERT_REVIEW,2026-08-25T00:00:00+09:00,DOMAIN_APPROVED,false,"NRS 1-3: original goal first; runtime reduces load, then ROM, then uses this easier variant."
KNEE,NRS_4_6,4,6,REX-000068,REX-000009,cardio_gait_step_box,bodyweight_crunch_core_brace_bodyweight,CARDIO,CORE,GAIT,CORE_BRACE,BEGINNER,ACTIVE_RECOVERY,BODYWEIGHT,HOME|GYM,LIGHT_MODERATE,SKIP_AFFECTED_AREA,AVOID_PAIN_AREA_ACTIVE_RECOVERY,true,data/normalized/v2_pain_action_policy.json,DOMAIN_EXPERT_REVIEW,2026-08-25T00:00:00+09:00,DOMAIN_APPROVED,false,NRS 4-6: primary and secondary pain-area use excluded; low-intensity active recovery only.
KNEE,NRS_1_3,1,3,REX-000069,REX-000025,leg_press_knee_dominant_resistance_band,dumbbell_goblet_squat_knee_dominant_dumbbell,QUADRICEPS,QUADRICEPS,KNEE_DOMINANT,KNEE_DOMINANT,BEGINNER,SAME_GOAL,DUMBBELL,HOME|GYM,MODERATE,LOAD_REDUCED,SAME_GOAL_LOWER_LOAD_ROM_EASIER_VARIANT,true,data/normalized/v2_pain_action_policy.json,DOMAIN_EXPERT_REVIEW,2026-08-25T00:00:00+09:00,DOMAIN_APPROVED,false,"NRS 1-3: original goal first; runtime reduces load, then ROM, then uses this easier variant."
KNEE,NRS_4_6,4,6,REX-000069,REX-000009,leg_press_knee_dominant_resistance_band,bodyweight_crunch_core_brace_bodyweight,QUADRICEPS,CORE,KNEE_DOMINANT,CORE_BRACE,BEGINNER,ACTIVE_RECOVERY,BODYWEIGHT,HOME|GYM,LIGHT_MODERATE,SKIP_AFFECTED_AREA,AVOID_PAIN_AREA_ACTIVE_RECOVERY,true,data/normalized/v2_pain_action_policy.json,DOMAIN_EXPERT_REVIEW,2026-08-25T00:00:00+09:00,DOMAIN_APPROVED,false,NRS 4-6: primary and secondary pain-area use excluded; low-intensity active recovery only.
KNEE,NRS_1_3,1,3,REX-000070,REX-000056,cardio_gait_machine,cardio_gait_bodyweight,CARDIO,CARDIO,GAIT,GAIT,BEGINNER,SAME_GOAL,BODYWEIGHT,HOME,MODERATE,LOAD_REDUCED,SAME_GOAL_LOWER_LOAD_ROM_EASIER_VARIANT,true,data/normalized/v2_pain_action_policy.json,DOMAIN_EXPERT_REVIEW,2026-08-25T00:00:00+09:00,DOMAIN_APPROVED,false,"NRS 1-3: original goal first; runtime reduces load, then ROM, then uses this easier variant."
KNEE,NRS_4_6,4,6,REX-000070,REX-000009,cardio_gait_machine,bodyweight_crunch_core_brace_bodyweight,CARDIO,CORE,GAIT,CORE_BRACE,BEGINNER,ACTIVE_RECOVERY,BODYWEIGHT,HOME|GYM,LIGHT_MODERATE,SKIP_AFFECTED_AREA,AVOID_PAIN_AREA_ACTIVE_RECOVERY,true,data/normalized/v2_pain_action_policy.json,DOMAIN_EXPERT_REVIEW,2026-08-25T00:00:00+09:00,DOMAIN_APPROVED,false,NRS 4-6: primary and secondary pain-area use excluded; low-intensity active recovery only.
KNEE,NRS_1_3,1,3,REX-000071,REX-000056,cardio_gait_machine_rex_000071,cardio_gait_bodyweight,CARDIO,CARDIO,GAIT,GAIT,BEGINNER,SAME_GOAL,BODYWEIGHT,HOME,MODERATE,LOAD_REDUCED,SAME_GOAL_LOWER_LOAD_ROM_EASIER_VARIANT,true,data/normalized/v2_pain_action_policy.json,DOMAIN_EXPERT_REVIEW,2026-08-25T00:00:00+09:00,DOMAIN_APPROVED,false,"NRS 1-3: original goal first; runtime reduces load, then ROM, then uses this easier variant."
KNEE,NRS_4_6,4,6,REX-000071,REX-000009,cardio_gait_machine_rex_000071,bodyweight_crunch_core_brace_bodyweight,CARDIO,CORE,GAIT,CORE_BRACE,BEGINNER,ACTIVE_RECOVERY,BODYWEIGHT,HOME|GYM,LIGHT_MODERATE,SKIP_AFFECTED_AREA,AVOID_PAIN_AREA_ACTIVE_RECOVERY,true,data/normalized/v2_pain_action_policy.json,DOMAIN_EXPERT_REVIEW,2026-08-25T00:00:00+09:00,DOMAIN_APPROVED,false,NRS 4-6: primary and secondary pain-area use excluded; low-intensity active recovery only.
KNEE,NRS_1_3,1,3,REX-000072,REX-000056,cardio_elliptical_elliptical_machine,cardio_gait_bodyweight,CARDIO,CARDIO,ELLIPTICAL,GAIT,BEGINNER,SAME_GOAL,BODYWEIGHT,HOME,MODERATE,LOAD_REDUCED,SAME_GOAL_LOWER_LOAD_ROM_EASIER_VARIANT,true,data/normalized/v2_pain_action_policy.json,DOMAIN_EXPERT_REVIEW,2026-08-25T00:00:00+09:00,DOMAIN_APPROVED,false,"NRS 1-3: original goal first; runtime reduces load, then ROM, then uses this easier variant."
KNEE,NRS_4_6,4,6,REX-000072,REX-000009,cardio_elliptical_elliptical_machine,bodyweight_crunch_core_brace_bodyweight,CARDIO,CORE,ELLIPTICAL,CORE_BRACE,BEGINNER,ACTIVE_RECOVERY,BODYWEIGHT,HOME|GYM,LIGHT_MODERATE,SKIP_AFFECTED_AREA,AVOID_PAIN_AREA_ACTIVE_RECOVERY,true,data/normalized/v2_pain_action_policy.json,DOMAIN_EXPERT_REVIEW,2026-08-25T00:00:00+09:00,DOMAIN_APPROVED,false,NRS 4-6: primary and secondary pain-area use excluded; low-intensity active recovery only.
KNEE,NRS_1_3,1,3,REX-000077,REX-000003,runners_stretch_mobility_stretch_bodyweight,ankle_circles_mobility_stretch_bodyweight,MOBILITY,MOBILITY,MOBILITY_STRETCH,MOBILITY_STRETCH,BEGINNER,SAME_GOAL,BODYWEIGHT,HOME|GYM,LIGHT,LOAD_REDUCED,SAME_GOAL_LOWER_LOAD_ROM_EASIER_VARIANT,true,data/normalized/v2_pain_action_policy.json,DOMAIN_EXPERT_REVIEW,2026-08-25T00:00:00+09:00,DOMAIN_APPROVED,false,"NRS 1-3: original goal first; runtime reduces load, then ROM, then uses this easier variant."
KNEE,NRS_4_6,4,6,REX-000077,REX-000009,runners_stretch_mobility_stretch_bodyweight,bodyweight_crunch_core_brace_bodyweight,MOBILITY,CORE,MOBILITY_STRETCH,CORE_BRACE,BEGINNER,ACTIVE_RECOVERY,BODYWEIGHT,HOME|GYM,LIGHT_MODERATE,SKIP_AFFECTED_AREA,AVOID_PAIN_AREA_ACTIVE_RECOVERY,true,data/normalized/v2_pain_action_policy.json,DOMAIN_EXPERT_REVIEW,2026-08-25T00:00:00+09:00,DOMAIN_APPROVED,false,NRS 4-6: primary and secondary pain-area use excluded; low-intensity active recovery only.
KNEE,NRS_1_3,1,3,REX-000080,REX-000016,seated_calf_raise_isolation_barbell,bodyweight_standing_calf_raise_isolation_bodyweight,CALVES,CALVES,ISOLATION,ISOLATION,BEGINNER,SAME_GOAL,BODYWEIGHT,HOME|GYM,LIGHT_MODERATE,LOAD_REDUCED,SAME_GOAL_LOWER_LOAD_ROM_EASIER_VARIANT,true,data/normalized/v2_pain_action_policy.json,DOMAIN_EXPERT_REVIEW,2026-08-25T00:00:00+09:00,DOMAIN_APPROVED,false,"NRS 1-3: original goal first; runtime reduces load, then ROM, then uses this easier variant."
KNEE,NRS_4_6,4,6,REX-000080,REX-000009,seated_calf_raise_isolation_barbell,bodyweight_crunch_core_brace_bodyweight,CALVES,CORE,ISOLATION,CORE_BRACE,BEGINNER,ACTIVE_RECOVERY,BODYWEIGHT,HOME|GYM,LIGHT_MODERATE,SKIP_AFFECTED_AREA,AVOID_PAIN_AREA_ACTIVE_RECOVERY,true,data/normalized/v2_pain_action_policy.json,DOMAIN_EXPERT_REVIEW,2026-08-25T00:00:00+09:00,DOMAIN_APPROVED,false,NRS 4-6: primary and secondary pain-area use excluded; low-intensity active recovery only.
KNEE,NRS_1_3,1,3,REX-000081,REX-000003,seated_calf_stretch_mobility_stretch_bodyweight,ankle_circles_mobility_stretch_bodyweight,MOBILITY,MOBILITY,MOBILITY_STRETCH,MOBILITY_STRETCH,BEGINNER,SAME_GOAL,BODYWEIGHT,HOME|GYM,LIGHT,LOAD_REDUCED,SAME_GOAL_LOWER_LOAD_ROM_EASIER_VARIANT,true,data/normalized/v2_pain_action_policy.json,DOMAIN_EXPERT_REVIEW,2026-08-25T00:00:00+09:00,DOMAIN_APPROVED,false,"NRS 1-3: original goal first; runtime reduces load, then ROM, then uses this easier variant."
KNEE,NRS_4_6,4,6,REX-000081,REX-000009,seated_calf_stretch_mobility_stretch_bodyweight,bodyweight_crunch_core_brace_bodyweight,MOBILITY,CORE,MOBILITY_STRETCH,CORE_BRACE,BEGINNER,ACTIVE_RECOVERY,BODYWEIGHT,HOME|GYM,LIGHT_MODERATE,SKIP_AFFECTED_AREA,AVOID_PAIN_AREA_ACTIVE_RECOVERY,true,data/normalized/v2_pain_action_policy.json,DOMAIN_EXPERT_REVIEW,2026-08-25T00:00:00+09:00,DOMAIN_APPROVED,false,NRS 4-6: primary and secondary pain-area use excluded; low-intensity active recovery only.
KNEE,NRS_1_3,1,3,REX-000082,REX-000003,seated_glute_stretch_mobility_stretch_bodyweight,ankle_circles_mobility_stretch_bodyweight,MOBILITY,MOBILITY,MOBILITY_STRETCH,MOBILITY_STRETCH,BEGINNER,SAME_GOAL,BODYWEIGHT,HOME|GYM,LIGHT,LOAD_REDUCED,SAME_GOAL_LOWER_LOAD_ROM_EASIER_VARIANT,true,data/normalized/v2_pain_action_policy.json,DOMAIN_EXPERT_REVIEW,2026-08-25T00:00:00+09:00,DOMAIN_APPROVED,false,"NRS 1-3: original goal first; runtime reduces load, then ROM, then uses this easier variant."
KNEE,NRS_4_6,4,6,REX-000082,REX-000009,seated_glute_stretch_mobility_stretch_bodyweight,bodyweight_crunch_core_brace_bodyweight,MOBILITY,CORE,MOBILITY_STRETCH,CORE_BRACE,BEGINNER,ACTIVE_RECOVERY,BODYWEIGHT,HOME|GYM,LIGHT_MODERATE,SKIP_AFFECTED_AREA,AVOID_PAIN_AREA_ACTIVE_RECOVERY,true,data/normalized/v2_pain_action_policy.json,DOMAIN_EXPERT_REVIEW,2026-08-25T00:00:00+09:00,DOMAIN_APPROVED,false,NRS 4-6: primary and secondary pain-area use excluded; low-intensity active recovery only.
KNEE,NRS_4_6,4,6,REX-000083,REX-000009,seated_leg_curl_knee_flexion_machine,bodyweight_crunch_core_brace_bodyweight,HAMSTRINGS,CORE,KNEE_FLEXION,CORE_BRACE,BEGINNER,ACTIVE_RECOVERY,BODYWEIGHT,HOME|GYM,LIGHT_MODERATE,SKIP_AFFECTED_AREA,AVOID_PAIN_AREA_ACTIVE_RECOVERY,true,data/normalized/v2_pain_action_policy.json,DOMAIN_EXPERT_REVIEW,2026-08-25T00:00:00+09:00,DOMAIN_APPROVED,false,NRS 4-6: primary and secondary pain-area use excluded; low-intensity active recovery only.
KNEE,NRS_1_3,1,3,REX-000085,REX-000003,seated_piriformis_stretch_mobility_stretch_bodyweight,ankle_circles_mobility_stretch_bodyweight,MOBILITY,MOBILITY,MOBILITY_STRETCH,MOBILITY_STRETCH,BEGINNER,SAME_GOAL,BODYWEIGHT,HOME|GYM,LIGHT,LOAD_REDUCED,SAME_GOAL_LOWER_LOAD_ROM_EASIER_VARIANT,true,data/normalized/v2_pain_action_policy.json,DOMAIN_EXPERT_REVIEW,2026-08-25T00:00:00+09:00,DOMAIN_APPROVED,false,"NRS 1-3: original goal first; runtime reduces load, then ROM, then uses this easier variant."
KNEE,NRS_4_6,4,6,REX-000085,REX-000009,seated_piriformis_stretch_mobility_stretch_bodyweight,bodyweight_crunch_core_brace_bodyweight,MOBILITY,CORE,MOBILITY_STRETCH,CORE_BRACE,BEGINNER,ACTIVE_RECOVERY,BODYWEIGHT,HOME|GYM,LIGHT_MODERATE,SKIP_AFFECTED_AREA,AVOID_PAIN_AREA_ACTIVE_RECOVERY,true,data/normalized/v2_pain_action_policy.json,DOMAIN_EXPERT_REVIEW,2026-08-25T00:00:00+09:00,DOMAIN_APPROVED,false,NRS 4-6: primary and secondary pain-area use excluded; low-intensity active recovery only.
KNEE,NRS_1_3,1,3,REX-000087,REX-000003,seated_wide_angle_stretch_mobility_stretch_bodyweight,ankle_circles_mobility_stretch_bodyweight,MOBILITY,MOBILITY,MOBILITY_STRETCH,MOBILITY_STRETCH,BEGINNER,SAME_GOAL,BODYWEIGHT,HOME|GYM,LIGHT,LOAD_REDUCED,SAME_GOAL_LOWER_LOAD_ROM_EASIER_VARIANT,true,data/normalized/v2_pain_action_policy.json,DOMAIN_EXPERT_REVIEW,2026-08-25T00:00:00+09:00,DOMAIN_APPROVED,false,"NRS 1-3: original goal first; runtime reduces load, then ROM, then uses this easier variant."
KNEE,NRS_4_6,4,6,REX-000087,REX-000009,seated_wide_angle_stretch_mobility_stretch_bodyweight,bodyweight_crunch_core_brace_bodyweight,MOBILITY,CORE,MOBILITY_STRETCH,CORE_BRACE,BEGINNER,ACTIVE_RECOVERY,BODYWEIGHT,HOME|GYM,LIGHT_MODERATE,SKIP_AFFECTED_AREA,AVOID_PAIN_AREA_ACTIVE_RECOVERY,true,data/normalized/v2_pain_action_policy.json,DOMAIN_EXPERT_REVIEW,2026-08-25T00:00:00+09:00,DOMAIN_APPROVED,false,NRS 4-6: primary and secondary pain-area use excluded; low-intensity active recovery only.
KNEE,NRS_1_3,1,3,REX-000088,REX-000003,side_lying_quadriceps_stretch_mobility_stretch_bodyweight,ankle_circles_mobility_stretch_bodyweight,MOBILITY,MOBILITY,MOBILITY_STRETCH,MOBILITY_STRETCH,BEGINNER,SAME_GOAL,BODYWEIGHT,HOME|GYM,LIGHT,LOAD_REDUCED,SAME_GOAL_LOWER_LOAD_ROM_EASIER_VARIANT,true,data/normalized/v2_pain_action_policy.json,DOMAIN_EXPERT_REVIEW,2026-08-25T00:00:00+09:00,DOMAIN_APPROVED,false,"NRS 1-3: original goal first; runtime reduces load, then ROM, then uses this easier variant."
KNEE,NRS_4_6,4,6,REX-000088,REX-000009,side_lying_quadriceps_stretch_mobility_stretch_bodyweight,bodyweight_crunch_core_brace_bodyweight,MOBILITY,CORE,MOBILITY_STRETCH,CORE_BRACE,BEGINNER,ACTIVE_RECOVERY,BODYWEIGHT,HOME|GYM,LIGHT_MODERATE,SKIP_AFFECTED_AREA,AVOID_PAIN_AREA_ACTIVE_RECOVERY,true,data/normalized/v2_pain_action_policy.json,DOMAIN_EXPERT_REVIEW,2026-08-25T00:00:00+09:00,DOMAIN_APPROVED,false,NRS 4-6: primary and secondary pain-area use excluded; low-intensity active recovery only.
KNEE,NRS_1_3,1,3,REX-000093,REX-000069,squat_variant_knee_dominant_barbell,leg_press_knee_dominant_resistance_band,QUADRICEPS,QUADRICEPS,KNEE_DOMINANT,KNEE_DOMINANT,BEGINNER,SAME_GOAL,RESISTANCE_BAND,HOME,MODERATE,LOAD_REDUCED,SAME_GOAL_LOWER_LOAD_ROM_EASIER_VARIANT,true,data/normalized/v2_pain_action_policy.json,DOMAIN_EXPERT_REVIEW,2026-08-25T00:00:00+09:00,DOMAIN_APPROVED,false,"NRS 1-3: original goal first; runtime reduces load, then ROM, then uses this easier variant."
KNEE,NRS_4_6,4,6,REX-000093,REX-000009,squat_variant_knee_dominant_barbell,bodyweight_crunch_core_brace_bodyweight,QUADRICEPS,CORE,KNEE_DOMINANT,CORE_BRACE,BEGINNER,ACTIVE_RECOVERY,BODYWEIGHT,HOME|GYM,LIGHT_MODERATE,SKIP_AFFECTED_AREA,AVOID_PAIN_AREA_ACTIVE_RECOVERY,true,data/normalized/v2_pain_action_policy.json,DOMAIN_EXPERT_REVIEW,2026-08-25T00:00:00+09:00,DOMAIN_APPROVED,false,NRS 4-6: primary and secondary pain-area use excluded; low-intensity active recovery only.
KNEE,NRS_1_3,1,3,REX-000094,REX-000003,standing_hamstring_calf_strap_stretch_mobility_stretch_stretch_strap,ankle_circles_mobility_stretch_bodyweight,MOBILITY,MOBILITY,MOBILITY_STRETCH,MOBILITY_STRETCH,BEGINNER,SAME_GOAL,BODYWEIGHT,HOME|GYM,LIGHT,LOAD_REDUCED,SAME_GOAL_LOWER_LOAD_ROM_EASIER_VARIANT,true,data/normalized/v2_pain_action_policy.json,DOMAIN_EXPERT_REVIEW,2026-08-25T00:00:00+09:00,DOMAIN_APPROVED,false,"NRS 1-3: original goal first; runtime reduces load, then ROM, then uses this easier variant."
KNEE,NRS_4_6,4,6,REX-000094,REX-000009,standing_hamstring_calf_strap_stretch_mobility_stretch_stretch_strap,bodyweight_crunch_core_brace_bodyweight,MOBILITY,CORE,MOBILITY_STRETCH,CORE_BRACE,BEGINNER,ACTIVE_RECOVERY,BODYWEIGHT,HOME|GYM,LIGHT_MODERATE,SKIP_AFFECTED_AREA,AVOID_PAIN_AREA_ACTIVE_RECOVERY,true,data/normalized/v2_pain_action_policy.json,DOMAIN_EXPERT_REVIEW,2026-08-25T00:00:00+09:00,DOMAIN_APPROVED,false,NRS 4-6: primary and secondary pain-area use excluded; low-intensity active recovery only.
KNEE,NRS_1_3,1,3,REX-000099,REX-000003,wall_calf_stretch_mobility_stretch_bodyweight,ankle_circles_mobility_stretch_bodyweight,MOBILITY,MOBILITY,MOBILITY_STRETCH,MOBILITY_STRETCH,BEGINNER,SAME_GOAL,BODYWEIGHT,HOME|GYM,LIGHT,LOAD_REDUCED,SAME_GOAL_LOWER_LOAD_ROM_EASIER_VARIANT,true,data/normalized/v2_pain_action_policy.json,DOMAIN_EXPERT_REVIEW,2026-08-25T00:00:00+09:00,DOMAIN_APPROVED,false,"NRS 1-3: original goal first; runtime reduces load, then ROM, then uses this easier variant."
KNEE,NRS_4_6,4,6,REX-000099,REX-000009,wall_calf_stretch_mobility_stretch_bodyweight,bodyweight_crunch_core_brace_bodyweight,MOBILITY,CORE,MOBILITY_STRETCH,CORE_BRACE,BEGINNER,ACTIVE_RECOVERY,BODYWEIGHT,HOME|GYM,LIGHT_MODERATE,SKIP_AFFECTED_AREA,AVOID_PAIN_AREA_ACTIVE_RECOVERY,true,data/normalized/v2_pain_action_policy.json,DOMAIN_EXPERT_REVIEW,2026-08-25T00:00:00+09:00,DOMAIN_APPROVED,false,NRS 4-6: primary and secondary pain-area use excluded; low-intensity active recovery only.
KNEE,NRS_1_3,1,3,REX-000100,REX-000003,world_greatest_stretch_mobility_stretch_bodyweight,ankle_circles_mobility_stretch_bodyweight,MOBILITY,MOBILITY,MOBILITY_STRETCH,MOBILITY_STRETCH,BEGINNER,SAME_GOAL,BODYWEIGHT,HOME|GYM,LIGHT,LOAD_REDUCED,SAME_GOAL_LOWER_LOAD_ROM_EASIER_VARIANT,true,data/normalized/v2_pain_action_policy.json,DOMAIN_EXPERT_REVIEW,2026-08-25T00:00:00+09:00,DOMAIN_APPROVED,false,"NRS 1-3: original goal first; runtime reduces load, then ROM, then uses this easier variant."
KNEE,NRS_4_6,4,6,REX-000100,REX-000009,world_greatest_stretch_mobility_stretch_bodyweight,bodyweight_crunch_core_brace_bodyweight,MOBILITY,CORE,MOBILITY_STRETCH,CORE_BRACE,BEGINNER,ACTIVE_RECOVERY,BODYWEIGHT,HOME|GYM,LIGHT_MODERATE,SKIP_AFFECTED_AREA,AVOID_PAIN_AREA_ACTIVE_RECOVERY,true,data/normalized/v2_pain_action_policy.json,DOMAIN_EXPERT_REVIEW,2026-08-25T00:00:00+09:00,DOMAIN_APPROVED,false,NRS 4-6: primary and secondary pain-area use excluded; low-intensity active recovery only.
LOWER_BACK,NRS_1_3,1,3,REX-000001,REX-000009,abs_core_brace_core_brace_mat,bodyweight_crunch_core_brace_bodyweight,CORE,CORE,CORE_BRACE,CORE_BRACE,BEGINNER,SAME_GOAL,BODYWEIGHT,HOME|GYM,LIGHT_MODERATE,LOAD_REDUCED,SAME_GOAL_LOWER_LOAD_ROM_EASIER_VARIANT,true,data/normalized/v2_pain_action_policy.json,DOMAIN_EXPERT_REVIEW,2026-08-25T00:00:00+09:00,DOMAIN_APPROVED,false,"NRS 1-3: original goal first; runtime reduces load, then ROM, then uses this easier variant."
LOWER_BACK,NRS_4_6,4,6,REX-000001,REX-000016,abs_core_brace_core_brace_mat,bodyweight_standing_calf_raise_isolation_bodyweight,CORE,CALVES,CORE_BRACE,ISOLATION,BEGINNER,ACTIVE_RECOVERY,BODYWEIGHT,HOME|GYM,LIGHT_MODERATE,SKIP_AFFECTED_AREA,AVOID_PAIN_AREA_ACTIVE_RECOVERY,true,data/normalized/v2_pain_action_policy.json,DOMAIN_EXPERT_REVIEW,2026-08-25T00:00:00+09:00,DOMAIN_APPROVED,false,NRS 4-6: primary and secondary pain-area use excluded; low-intensity active recovery only.
LOWER_BACK,NRS_1_3,1,3,REX-000004,REX-000011,barbell_deadlift_hip_dominant_barbell,bodyweight_glute_bridge_hip_dominant_bodyweight,GLUTES,GLUTES,HIP_DOMINANT,HIP_DOMINANT,BEGINNER,SAME_GOAL,BODYWEIGHT,HOME|GYM,LIGHT_MODERATE,LOAD_REDUCED,SAME_GOAL_LOWER_LOAD_ROM_EASIER_VARIANT,true,data/normalized/v2_pain_action_policy.json,DOMAIN_EXPERT_REVIEW,2026-08-25T00:00:00+09:00,DOMAIN_APPROVED,false,"NRS 1-3: original goal first; runtime reduces load, then ROM, then uses this easier variant."
LOWER_BACK,NRS_4_6,4,6,REX-000004,REX-000016,barbell_deadlift_hip_dominant_barbell,bodyweight_standing_calf_raise_isolation_bodyweight,GLUTES,CALVES,HIP_DOMINANT,ISOLATION,BEGINNER,ACTIVE_RECOVERY,BODYWEIGHT,HOME|GYM,LIGHT_MODERATE,SKIP_AFFECTED_AREA,AVOID_PAIN_AREA_ACTIVE_RECOVERY,true,data/normalized/v2_pain_action_policy.json,DOMAIN_EXPERT_REVIEW,2026-08-25T00:00:00+09:00,DOMAIN_APPROVED,false,NRS 4-6: primary and secondary pain-area use excluded; low-intensity active recovery only.
LOWER_BACK,NRS_1_3,1,3,REX-000007,REX-000083,barbell_straight_leg_deadlift_hip_dominant_barbell,seated_leg_curl_knee_flexion_machine,HAMSTRINGS,HAMSTRINGS,HIP_DOMINANT,KNEE_FLEXION,BEGINNER,SAME_GOAL,MACHINE,GYM,MODERATE,LOAD_REDUCED,SAME_GOAL_LOWER_LOAD_ROM_EASIER_VARIANT,true,data/normalized/v2_pain_action_policy.json,DOMAIN_EXPERT_REVIEW,2026-08-25T00:00:00+09:00,DOMAIN_APPROVED,false,"NRS 1-3: original goal first; runtime reduces load, then ROM, then uses this easier variant."
LOWER_BACK,NRS_4_6,4,6,REX-000007,REX-000016,barbell_straight_leg_deadlift_hip_dominant_barbell,bodyweight_standing_calf_raise_isolation_bodyweight,HAMSTRINGS,CALVES,HIP_DOMINANT,ISOLATION,BEGINNER,ACTIVE_RECOVERY,BODYWEIGHT,HOME|GYM,LIGHT_MODERATE,SKIP_AFFECTED_AREA,AVOID_PAIN_AREA_ACTIVE_RECOVERY,true,data/normalized/v2_pain_action_policy.json,DOMAIN_EXPERT_REVIEW,2026-08-25T00:00:00+09:00,DOMAIN_APPROVED,false,NRS 4-6: primary and secondary pain-area use excluded; low-intensity active recovery only.
LOWER_BACK,NRS_1_3,1,3,REX-000008,REX-000046,bodyweight_back_extension_hip_dominant_bodyweight,one_arm_wall_lats_isolation_bodyweight,BACK,BACK,HIP_DOMINANT,ISOLATION,BEGINNER,SAME_GOAL,BODYWEIGHT,HOME|GYM,MODERATE,LOAD_REDUCED,SAME_GOAL_LOWER_LOAD_ROM_EASIER_VARIANT,true,data/normalized/v2_pain_action_policy.json,DOMAIN_EXPERT_REVIEW,2026-08-25T00:00:00+09:00,DOMAIN_APPROVED,false,"NRS 1-3: original goal first; runtime reduces load, then ROM, then uses this easier variant."
LOWER_BACK,NRS_4_6,4,6,REX-000008,REX-000016,bodyweight_back_extension_hip_dominant_bodyweight,bodyweight_standing_calf_raise_isolation_bodyweight,BACK,CALVES,HIP_DOMINANT,ISOLATION,BEGINNER,ACTIVE_RECOVERY,BODYWEIGHT,HOME|GYM,LIGHT_MODERATE,SKIP_AFFECTED_AREA,AVOID_PAIN_AREA_ACTIVE_RECOVERY,true,data/normalized/v2_pain_action_policy.json,DOMAIN_EXPERT_REVIEW,2026-08-25T00:00:00+09:00,DOMAIN_APPROVED,false,NRS 4-6: primary and secondary pain-area use excluded; low-intensity active recovery only.
LOWER_BACK,NRS_1_3,1,3,REX-000009,REX-000013,bodyweight_crunch_core_brace_bodyweight,bodyweight_reverse_crunch_core_brace_bodyweight,CORE,CORE,CORE_BRACE,CORE_BRACE,BEGINNER,SAME_GOAL,BODYWEIGHT,HOME|GYM,LIGHT_MODERATE,LOAD_REDUCED,SAME_GOAL_LOWER_LOAD_ROM_EASIER_VARIANT,true,data/normalized/v2_pain_action_policy.json,DOMAIN_EXPERT_REVIEW,2026-08-25T00:00:00+09:00,DOMAIN_APPROVED,false,"NRS 1-3: original goal first; runtime reduces load, then ROM, then uses this easier variant."
LOWER_BACK,NRS_4_6,4,6,REX-000009,REX-000016,bodyweight_crunch_core_brace_bodyweight,bodyweight_standing_calf_raise_isolation_bodyweight,CORE,CALVES,CORE_BRACE,ISOLATION,BEGINNER,ACTIVE_RECOVERY,BODYWEIGHT,HOME|GYM,LIGHT_MODERATE,SKIP_AFFECTED_AREA,AVOID_PAIN_AREA_ACTIVE_RECOVERY,true,data/normalized/v2_pain_action_policy.json,DOMAIN_EXPERT_REVIEW,2026-08-25T00:00:00+09:00,DOMAIN_APPROVED,false,NRS 4-6: primary and secondary pain-area use excluded; low-intensity active recovery only.
LOWER_BACK,NRS_1_3,1,3,REX-000011,REX-000066,bodyweight_glute_bridge_hip_dominant_bodyweight,mobility_balance_bodyweight,GLUTES,MOBILITY,HIP_DOMINANT,BALANCE,BEGINNER,SAME_GOAL,BODYWEIGHT,HOME|GYM,LIGHT_MODERATE,LOAD_REDUCED,SAME_GOAL_LOWER_LOAD_ROM_EASIER_VARIANT,true,data/normalized/v2_pain_action_policy.json,DOMAIN_EXPERT_REVIEW,2026-08-25T00:00:00+09:00,DOMAIN_APPROVED,false,"NRS 1-3: original goal first; runtime reduces load, then ROM, then uses this easier variant."
LOWER_BACK,NRS_4_6,4,6,REX-000011,REX-000016,bodyweight_glute_bridge_hip_dominant_bodyweight,bodyweight_standing_calf_raise_isolation_bodyweight,GLUTES,CALVES,HIP_DOMINANT,ISOLATION,BEGINNER,ACTIVE_RECOVERY,BODYWEIGHT,HOME|GYM,LIGHT_MODERATE,SKIP_AFFECTED_AREA,AVOID_PAIN_AREA_ACTIVE_RECOVERY,true,data/normalized/v2_pain_action_policy.json,DOMAIN_EXPERT_REVIEW,2026-08-25T00:00:00+09:00,DOMAIN_APPROVED,false,NRS 4-6: primary and secondary pain-area use excluded; low-intensity active recovery only.
LOWER_BACK,NRS_1_3,1,3,REX-000013,REX-000009,bodyweight_reverse_crunch_core_brace_bodyweight,bodyweight_crunch_core_brace_bodyweight,CORE,CORE,CORE_BRACE,CORE_BRACE,BEGINNER,SAME_GOAL,BODYWEIGHT,HOME|GYM,LIGHT_MODERATE,LOAD_REDUCED,SAME_GOAL_LOWER_LOAD_ROM_EASIER_VARIANT,true,data/normalized/v2_pain_action_policy.json,DOMAIN_EXPERT_REVIEW,2026-08-25T00:00:00+09:00,DOMAIN_APPROVED,false,"NRS 1-3: original goal first; runtime reduces load, then ROM, then uses this easier variant."
LOWER_BACK,NRS_4_6,4,6,REX-000013,REX-000016,bodyweight_reverse_crunch_core_brace_bodyweight,bodyweight_standing_calf_raise_isolation_bodyweight,CORE,CALVES,CORE_BRACE,ISOLATION,BEGINNER,ACTIVE_RECOVERY,BODYWEIGHT,HOME|GYM,LIGHT_MODERATE,SKIP_AFFECTED_AREA,AVOID_PAIN_AREA_ACTIVE_RECOVERY,true,data/normalized/v2_pain_action_policy.json,DOMAIN_EXPERT_REVIEW,2026-08-25T00:00:00+09:00,DOMAIN_APPROVED,false,NRS 4-6: primary and secondary pain-area use excluded; low-intensity active recovery only.
LOWER_BACK,NRS_1_3,1,3,REX-000014,REX-000009,bodyweight_russian_twist_core_brace_bodyweight,bodyweight_crunch_core_brace_bodyweight,CORE,CORE,CORE_BRACE,CORE_BRACE,BEGINNER,SAME_GOAL,BODYWEIGHT,HOME|GYM,LIGHT_MODERATE,LOAD_REDUCED,SAME_GOAL_LOWER_LOAD_ROM_EASIER_VARIANT,true,data/normalized/v2_pain_action_policy.json,DOMAIN_EXPERT_REVIEW,2026-08-25T00:00:00+09:00,DOMAIN_APPROVED,false,"NRS 1-3: original goal first; runtime reduces load, then ROM, then uses this easier variant."
LOWER_BACK,NRS_4_6,4,6,REX-000014,REX-000016,bodyweight_russian_twist_core_brace_bodyweight,bodyweight_standing_calf_raise_isolation_bodyweight,CORE,CALVES,CORE_BRACE,ISOLATION,BEGINNER,ACTIVE_RECOVERY,BODYWEIGHT,HOME|GYM,LIGHT_MODERATE,SKIP_AFFECTED_AREA,AVOID_PAIN_AREA_ACTIVE_RECOVERY,true,data/normalized/v2_pain_action_policy.json,DOMAIN_EXPERT_REVIEW,2026-08-25T00:00:00+09:00,DOMAIN_APPROVED,false,NRS 4-6: primary and secondary pain-area use excluded; low-intensity active recovery only.
LOWER_BACK,NRS_1_3,1,3,REX-000023,REX-000009,crunch_variant_core_brace_bodyweight,bodyweight_crunch_core_brace_bodyweight,CORE,CORE,CORE_BRACE,CORE_BRACE,BEGINNER,SAME_GOAL,BODYWEIGHT,HOME|GYM,LIGHT_MODERATE,LOAD_REDUCED,SAME_GOAL_LOWER_LOAD_ROM_EASIER_VARIANT,true,data/normalized/v2_pain_action_policy.json,DOMAIN_EXPERT_REVIEW,2026-08-25T00:00:00+09:00,DOMAIN_APPROVED,false,"NRS 1-3: original goal first; runtime reduces load, then ROM, then uses this easier variant."
LOWER_BACK,NRS_4_6,4,6,REX-000023,REX-000016,crunch_variant_core_brace_bodyweight,bodyweight_standing_calf_raise_isolation_bodyweight,CORE,CALVES,CORE_BRACE,ISOLATION,BEGINNER,ACTIVE_RECOVERY,BODYWEIGHT,HOME|GYM,LIGHT_MODERATE,SKIP_AFFECTED_AREA,AVOID_PAIN_AREA_ACTIVE_RECOVERY,true,data/normalized/v2_pain_action_policy.json,DOMAIN_EXPERT_REVIEW,2026-08-25T00:00:00+09:00,DOMAIN_APPROVED,false,NRS 4-6: primary and secondary pain-area use excluded; low-intensity active recovery only.
LOWER_BACK,NRS_1_3,1,3,REX-000024,REX-000009,dead_bug_core_brace_bodyweight,bodyweight_crunch_core_brace_bodyweight,CORE,CORE,CORE_BRACE,CORE_BRACE,BEGINNER,SAME_GOAL,BODYWEIGHT,HOME|GYM,LIGHT_MODERATE,LOAD_REDUCED,SAME_GOAL_LOWER_LOAD_ROM_EASIER_VARIANT,true,data/normalized/v2_pain_action_policy.json,DOMAIN_EXPERT_REVIEW,2026-08-25T00:00:00+09:00,DOMAIN_APPROVED,false,"NRS 1-3: original goal first; runtime reduces load, then ROM, then uses this easier variant."
LOWER_BACK,NRS_4_6,4,6,REX-000024,REX-000016,dead_bug_core_brace_bodyweight,bodyweight_standing_calf_raise_isolation_bodyweight,CORE,CALVES,CORE_BRACE,ISOLATION,BEGINNER,ACTIVE_RECOVERY,BODYWEIGHT,HOME|GYM,LIGHT_MODERATE,SKIP_AFFECTED_AREA,AVOID_PAIN_AREA_ACTIVE_RECOVERY,true,data/normalized/v2_pain_action_policy.json,DOMAIN_EXPERT_REVIEW,2026-08-25T00:00:00+09:00,DOMAIN_APPROVED,false,NRS 4-6: primary and secondary pain-area use excluded; low-intensity active recovery only.
LOWER_BACK,NRS_1_3,1,3,REX-000033,REX-000003,exercise_ball_hip_flexor_stretch_mobility_stretch_stability_ball,ankle_circles_mobility_stretch_bodyweight,MOBILITY,MOBILITY,MOBILITY_STRETCH,MOBILITY_STRETCH,BEGINNER,SAME_GOAL,BODYWEIGHT,HOME|GYM,LIGHT,LOAD_REDUCED,SAME_GOAL_LOWER_LOAD_ROM_EASIER_VARIANT,true,data/normalized/v2_pain_action_policy.json,DOMAIN_EXPERT_REVIEW,2026-08-25T00:00:00+09:00,DOMAIN_APPROVED,false,"NRS 1-3: original goal first; runtime reduces load, then ROM, then uses this easier variant."
LOWER_BACK,NRS_4_6,4,6,REX-000033,REX-000016,exercise_ball_hip_flexor_stretch_mobility_stretch_stability_ball,bodyweight_standing_calf_raise_isolation_bodyweight,MOBILITY,CALVES,MOBILITY_STRETCH,ISOLATION,BEGINNER,ACTIVE_RECOVERY,BODYWEIGHT,HOME|GYM,LIGHT_MODERATE,SKIP_AFFECTED_AREA,AVOID_PAIN_AREA_ACTIVE_RECOVERY,true,data/normalized/v2_pain_action_policy.json,DOMAIN_EXPERT_REVIEW,2026-08-25T00:00:00+09:00,DOMAIN_APPROVED,false,NRS 4-6: primary and secondary pain-area use excluded; low-intensity active recovery only.
LOWER_BACK,NRS_1_3,1,3,REX-000043,REX-000046,lower_back_curl_core_brace_bodyweight,one_arm_wall_lats_isolation_bodyweight,BACK,BACK,CORE_BRACE,ISOLATION,BEGINNER,SAME_GOAL,BODYWEIGHT,HOME|GYM,MODERATE,LOAD_REDUCED,SAME_GOAL_LOWER_LOAD_ROM_EASIER_VARIANT,true,data/normalized/v2_pain_action_policy.json,DOMAIN_EXPERT_REVIEW,2026-08-25T00:00:00+09:00,DOMAIN_APPROVED,false,"NRS 1-3: original goal first; runtime reduces load, then ROM, then uses this easier variant."
LOWER_BACK,NRS_4_6,4,6,REX-000043,REX-000016,lower_back_curl_core_brace_bodyweight,bodyweight_standing_calf_raise_isolation_bodyweight,BACK,CALVES,CORE_BRACE,ISOLATION,BEGINNER,ACTIVE_RECOVERY,BODYWEIGHT,HOME|GYM,LIGHT_MODERATE,SKIP_AFFECTED_AREA,AVOID_PAIN_AREA_ACTIVE_RECOVERY,true,data/normalized/v2_pain_action_policy.json,DOMAIN_EXPERT_REVIEW,2026-08-25T00:00:00+09:00,DOMAIN_APPROVED,false,NRS 4-6: primary and secondary pain-area use excluded; low-intensity active recovery only.
LOWER_BACK,NRS_1_3,1,3,REX-000051,REX-000009,plank_rotation_core_brace_bodyweight,bodyweight_crunch_core_brace_bodyweight,CORE,CORE,CORE_BRACE,CORE_BRACE,BEGINNER,SAME_GOAL,BODYWEIGHT,HOME|GYM,LIGHT_MODERATE,LOAD_REDUCED,SAME_GOAL_LOWER_LOAD_ROM_EASIER_VARIANT,true,data/normalized/v2_pain_action_policy.json,DOMAIN_EXPERT_REVIEW,2026-08-25T00:00:00+09:00,DOMAIN_APPROVED,false,"NRS 1-3: original goal first; runtime reduces load, then ROM, then uses this easier variant."
LOWER_BACK,NRS_4_6,4,6,REX-000051,REX-000016,plank_rotation_core_brace_bodyweight,bodyweight_standing_calf_raise_isolation_bodyweight,CORE,CALVES,CORE_BRACE,ISOLATION,BEGINNER,ACTIVE_RECOVERY,BODYWEIGHT,HOME|GYM,LIGHT_MODERATE,SKIP_AFFECTED_AREA,AVOID_PAIN_AREA_ACTIVE_RECOVERY,true,data/normalized/v2_pain_action_policy.json,DOMAIN_EXPERT_REVIEW,2026-08-25T00:00:00+09:00,DOMAIN_APPROVED,false,NRS 4-6: primary and secondary pain-area use excluded; low-intensity active recovery only.
LOWER_BACK,NRS_1_3,1,3,REX-000061,REX-000011,kettlebell_swing_hip_dominant_kettlebell,bodyweight_glute_bridge_hip_dominant_bodyweight,GLUTES,GLUTES,HIP_DOMINANT,HIP_DOMINANT,BEGINNER,SAME_GOAL,BODYWEIGHT,HOME|GYM,LIGHT_MODERATE,LOAD_REDUCED,SAME_GOAL_LOWER_LOAD_ROM_EASIER_VARIANT,true,data/normalized/v2_pain_action_policy.json,DOMAIN_EXPERT_REVIEW,2026-08-25T00:00:00+09:00,DOMAIN_APPROVED,false,"NRS 1-3: original goal first; runtime reduces load, then ROM, then uses this easier variant."
LOWER_BACK,NRS_4_6,4,6,REX-000061,REX-000016,kettlebell_swing_hip_dominant_kettlebell,bodyweight_standing_calf_raise_isolation_bodyweight,GLUTES,CALVES,HIP_DOMINANT,ISOLATION,BEGINNER,ACTIVE_RECOVERY,BODYWEIGHT,HOME|GYM,LIGHT_MODERATE,SKIP_AFFECTED_AREA,AVOID_PAIN_AREA_ACTIVE_RECOVERY,true,data/normalized/v2_pain_action_policy.json,DOMAIN_EXPERT_REVIEW,2026-08-25T00:00:00+09:00,DOMAIN_APPROVED,false,NRS 4-6: primary and secondary pain-area use excluded; low-intensity active recovery only.
LOWER_BACK,NRS_1_3,1,3,REX-000073,REX-000003,roller_back_stretch,ankle_circles_mobility_stretch_bodyweight,MOBILITY,MOBILITY,MOBILITY_STRETCH,MOBILITY_STRETCH,BEGINNER,SAME_GOAL,BODYWEIGHT,HOME|GYM,LIGHT,LOAD_REDUCED,SAME_GOAL_LOWER_LOAD_ROM_EASIER_VARIANT,true,data/normalized/v2_pain_action_policy.json,DOMAIN_EXPERT_REVIEW,2026-08-25T00:00:00+09:00,DOMAIN_APPROVED,false,"NRS 1-3: original goal first; runtime reduces load, then ROM, then uses this easier variant."
LOWER_BACK,NRS_4_6,4,6,REX-000073,REX-000016,roller_back_stretch,bodyweight_standing_calf_raise_isolation_bodyweight,MOBILITY,CALVES,MOBILITY_STRETCH,ISOLATION,BEGINNER,ACTIVE_RECOVERY,BODYWEIGHT,HOME|GYM,LIGHT_MODERATE,SKIP_AFFECTED_AREA,AVOID_PAIN_AREA_ACTIVE_RECOVERY,true,data/normalized/v2_pain_action_policy.json,DOMAIN_EXPERT_REVIEW,2026-08-25T00:00:00+09:00,DOMAIN_APPROVED,false,NRS 4-6: primary and secondary pain-area use excluded; low-intensity active recovery only.
LOWER_BACK,NRS_1_3,1,3,REX-000074,REX-000003,roller_hip_stretch,ankle_circles_mobility_stretch_bodyweight,MOBILITY,MOBILITY,MOBILITY_STRETCH,MOBILITY_STRETCH,BEGINNER,SAME_GOAL,BODYWEIGHT,HOME|GYM,LIGHT,LOAD_REDUCED,SAME_GOAL_LOWER_LOAD_ROM_EASIER_VARIANT,true,data/normalized/v2_pain_action_policy.json,DOMAIN_EXPERT_REVIEW,2026-08-25T00:00:00+09:00,DOMAIN_APPROVED,false,"NRS 1-3: original goal first; runtime reduces load, then ROM, then uses this easier variant."
LOWER_BACK,NRS_4_6,4,6,REX-000074,REX-000016,roller_hip_stretch,bodyweight_standing_calf_raise_isolation_bodyweight,MOBILITY,CALVES,MOBILITY_STRETCH,ISOLATION,BEGINNER,ACTIVE_RECOVERY,BODYWEIGHT,HOME|GYM,LIGHT_MODERATE,SKIP_AFFECTED_AREA,AVOID_PAIN_AREA_ACTIVE_RECOVERY,true,data/normalized/v2_pain_action_policy.json,DOMAIN_EXPERT_REVIEW,2026-08-25T00:00:00+09:00,DOMAIN_APPROVED,false,NRS 4-6: primary and secondary pain-area use excluded; low-intensity active recovery only.
LOWER_BACK,NRS_1_3,1,3,REX-000075,REX-000009,rotation_variant_core_brace_cable_machine,bodyweight_crunch_core_brace_bodyweight,CORE,CORE,CORE_BRACE,CORE_BRACE,BEGINNER,SAME_GOAL,BODYWEIGHT,HOME|GYM,LIGHT_MODERATE,LOAD_REDUCED,SAME_GOAL_LOWER_LOAD_ROM_EASIER_VARIANT,true,data/normalized/v2_pain_action_policy.json,DOMAIN_EXPERT_REVIEW,2026-08-25T00:00:00+09:00,DOMAIN_APPROVED,false,"NRS 1-3: original goal first; runtime reduces load, then ROM, then uses this easier variant."
LOWER_BACK,NRS_4_6,4,6,REX-000075,REX-000016,rotation_variant_core_brace_cable_machine,bodyweight_standing_calf_raise_isolation_bodyweight,CORE,CALVES,CORE_BRACE,ISOLATION,BEGINNER,ACTIVE_RECOVERY,BODYWEIGHT,HOME|GYM,LIGHT_MODERATE,SKIP_AFFECTED_AREA,AVOID_PAIN_AREA_ACTIVE_RECOVERY,true,data/normalized/v2_pain_action_policy.json,DOMAIN_EXPERT_REVIEW,2026-08-25T00:00:00+09:00,DOMAIN_APPROVED,false,NRS 4-6: primary and secondary pain-area use excluded; low-intensity active recovery only.
LOWER_BACK,NRS_1_3,1,3,REX-000084,REX-000003,seated_lower_back_stretch_mobility_stretch_bodyweight,ankle_circles_mobility_stretch_bodyweight,MOBILITY,MOBILITY,MOBILITY_STRETCH,MOBILITY_STRETCH,BEGINNER,SAME_GOAL,BODYWEIGHT,HOME|GYM,LIGHT,LOAD_REDUCED,SAME_GOAL_LOWER_LOAD_ROM_EASIER_VARIANT,true,data/normalized/v2_pain_action_policy.json,DOMAIN_EXPERT_REVIEW,2026-08-25T00:00:00+09:00,DOMAIN_APPROVED,false,"NRS 1-3: original goal first; runtime reduces load, then ROM, then uses this easier variant."
LOWER_BACK,NRS_4_6,4,6,REX-000084,REX-000016,seated_lower_back_stretch_mobility_stretch_bodyweight,bodyweight_standing_calf_raise_isolation_bodyweight,MOBILITY,CALVES,MOBILITY_STRETCH,ISOLATION,BEGINNER,ACTIVE_RECOVERY,BODYWEIGHT,HOME|GYM,LIGHT_MODERATE,SKIP_AFFECTED_AREA,AVOID_PAIN_AREA_ACTIVE_RECOVERY,true,data/normalized/v2_pain_action_policy.json,DOMAIN_EXPERT_REVIEW,2026-08-25T00:00:00+09:00,DOMAIN_APPROVED,false,NRS 4-6: primary and secondary pain-area use excluded; low-intensity active recovery only.
LOWER_BACK,NRS_1_3,1,3,REX-000090,REX-000009,spine_core_brace_core_brace_mat,bodyweight_crunch_core_brace_bodyweight,CORE,CORE,CORE_BRACE,CORE_BRACE,BEGINNER,SAME_GOAL,BODYWEIGHT,HOME|GYM,LIGHT_MODERATE,LOAD_REDUCED,SAME_GOAL_LOWER_LOAD_ROM_EASIER_VARIANT,true,data/normalized/v2_pain_action_policy.json,DOMAIN_EXPERT_REVIEW,2026-08-25T00:00:00+09:00,DOMAIN_APPROVED,false,"NRS 1-3: original goal first; runtime reduces load, then ROM, then uses this easier variant."
LOWER_BACK,NRS_4_6,4,6,REX-000090,REX-000016,spine_core_brace_core_brace_mat,bodyweight_standing_calf_raise_isolation_bodyweight,CORE,CALVES,CORE_BRACE,ISOLATION,BEGINNER,ACTIVE_RECOVERY,BODYWEIGHT,HOME|GYM,LIGHT_MODERATE,SKIP_AFFECTED_AREA,AVOID_PAIN_AREA_ACTIVE_RECOVERY,true,data/normalized/v2_pain_action_policy.json,DOMAIN_EXPERT_REVIEW,2026-08-25T00:00:00+09:00,DOMAIN_APPROVED,false,NRS 4-6: primary and secondary pain-area use excluded; low-intensity active recovery only.
LOWER_BACK,NRS_1_3,1,3,REX-000091,REX-000003,spine_stretch_mobility_stretch_bodyweight,ankle_circles_mobility_stretch_bodyweight,MOBILITY,MOBILITY,MOBILITY_STRETCH,MOBILITY_STRETCH,BEGINNER,SAME_GOAL,BODYWEIGHT,HOME|GYM,LIGHT,LOAD_REDUCED,SAME_GOAL_LOWER_LOAD_ROM_EASIER_VARIANT,true,data/normalized/v2_pain_action_policy.json,DOMAIN_EXPERT_REVIEW,2026-08-25T00:00:00+09:00,DOMAIN_APPROVED,false,"NRS 1-3: original goal first; runtime reduces load, then ROM, then uses this easier variant."
LOWER_BACK,NRS_4_6,4,6,REX-000091,REX-000016,spine_stretch_mobility_stretch_bodyweight,bodyweight_standing_calf_raise_isolation_bodyweight,MOBILITY,CALVES,MOBILITY_STRETCH,ISOLATION,BEGINNER,ACTIVE_RECOVERY,BODYWEIGHT,HOME|GYM,LIGHT_MODERATE,SKIP_AFFECTED_AREA,AVOID_PAIN_AREA_ACTIVE_RECOVERY,true,data/normalized/v2_pain_action_policy.json,DOMAIN_EXPERT_REVIEW,2026-08-25T00:00:00+09:00,DOMAIN_APPROVED,false,NRS 4-6: primary and secondary pain-area use excluded; low-intensity active recovery only.
LOWER_BACK,NRS_1_3,1,3,REX-000092,REX-000003,spine_twist_mobility_stretch_bodyweight,ankle_circles_mobility_stretch_bodyweight,MOBILITY,MOBILITY,MOBILITY_STRETCH,MOBILITY_STRETCH,BEGINNER,SAME_GOAL,BODYWEIGHT,HOME|GYM,LIGHT,LOAD_REDUCED,SAME_GOAL_LOWER_LOAD_ROM_EASIER_VARIANT,true,data/normalized/v2_pain_action_policy.json,DOMAIN_EXPERT_REVIEW,2026-08-25T00:00:00+09:00,DOMAIN_APPROVED,false,"NRS 1-3: original goal first; runtime reduces load, then ROM, then uses this easier variant."
LOWER_BACK,NRS_4_6,4,6,REX-000092,REX-000016,spine_twist_mobility_stretch_bodyweight,bodyweight_standing_calf_raise_isolation_bodyweight,MOBILITY,CALVES,MOBILITY_STRETCH,ISOLATION,BEGINNER,ACTIVE_RECOVERY,BODYWEIGHT,HOME|GYM,LIGHT_MODERATE,SKIP_AFFECTED_AREA,AVOID_PAIN_AREA_ACTIVE_RECOVERY,true,data/normalized/v2_pain_action_policy.json,DOMAIN_EXPERT_REVIEW,2026-08-25T00:00:00+09:00,DOMAIN_APPROVED,false,NRS 4-6: primary and secondary pain-area use excluded; low-intensity active recovery only.
LOWER_BACK,NRS_1_3,1,3,REX-000093,REX-000069,squat_variant_knee_dominant_barbell,leg_press_knee_dominant_resistance_band,QUADRICEPS,QUADRICEPS,KNEE_DOMINANT,KNEE_DOMINANT,BEGINNER,SAME_GOAL,RESISTANCE_BAND,HOME,MODERATE,LOAD_REDUCED,SAME_GOAL_LOWER_LOAD_ROM_EASIER_VARIANT,true,data/normalized/v2_pain_action_policy.json,DOMAIN_EXPERT_REVIEW,2026-08-25T00:00:00+09:00,DOMAIN_APPROVED,false,"NRS 1-3: original goal first; runtime reduces load, then ROM, then uses this easier variant."
LOWER_BACK,NRS_4_6,4,6,REX-000093,REX-000016,squat_variant_knee_dominant_barbell,bodyweight_standing_calf_raise_isolation_bodyweight,QUADRICEPS,CALVES,KNEE_DOMINANT,ISOLATION,BEGINNER,ACTIVE_RECOVERY,BODYWEIGHT,HOME|GYM,LIGHT_MODERATE,SKIP_AFFECTED_AREA,AVOID_PAIN_AREA_ACTIVE_RECOVERY,true,data/normalized/v2_pain_action_policy.json,DOMAIN_EXPERT_REVIEW,2026-08-25T00:00:00+09:00,DOMAIN_APPROVED,false,NRS 4-6: primary and secondary pain-area use excluded; low-intensity active recovery only.
LOWER_BACK,NRS_1_3,1,3,REX-000095,REX-000003,standing_lateral_stretch_mobility_stretch_bodyweight,ankle_circles_mobility_stretch_bodyweight,MOBILITY,MOBILITY,MOBILITY_STRETCH,MOBILITY_STRETCH,BEGINNER,SAME_GOAL,BODYWEIGHT,HOME|GYM,LIGHT,LOAD_REDUCED,SAME_GOAL_LOWER_LOAD_ROM_EASIER_VARIANT,true,data/normalized/v2_pain_action_policy.json,DOMAIN_EXPERT_REVIEW,2026-08-25T00:00:00+09:00,DOMAIN_APPROVED,false,"NRS 1-3: original goal first; runtime reduces load, then ROM, then uses this easier variant."
LOWER_BACK,NRS_4_6,4,6,REX-000095,REX-000016,standing_lateral_stretch_mobility_stretch_bodyweight,bodyweight_standing_calf_raise_isolation_bodyweight,MOBILITY,CALVES,MOBILITY_STRETCH,ISOLATION,BEGINNER,ACTIVE_RECOVERY,BODYWEIGHT,HOME|GYM,LIGHT_MODERATE,SKIP_AFFECTED_AREA,AVOID_PAIN_AREA_ACTIVE_RECOVERY,true,data/normalized/v2_pain_action_policy.json,DOMAIN_EXPERT_REVIEW,2026-08-25T00:00:00+09:00,DOMAIN_APPROVED,false,NRS 4-6: primary and secondary pain-area use excluded; low-intensity active recovery only.
NECK,NRS_1_3,1,3,REX-000045,REX-000003,neck_lateral_stretch_mobility_stretch_bodyweight,ankle_circles_mobility_stretch_bodyweight,MOBILITY,MOBILITY,MOBILITY_STRETCH,MOBILITY_STRETCH,BEGINNER,SAME_GOAL,BODYWEIGHT,HOME|GYM,LIGHT,LOAD_REDUCED,SAME_GOAL_LOWER_LOAD_ROM_EASIER_VARIANT,true,data/normalized/v2_pain_action_policy.json,DOMAIN_EXPERT_REVIEW,2026-08-25T00:00:00+09:00,DOMAIN_APPROVED,false,"NRS 1-3: original goal first; runtime reduces load, then ROM, then uses this easier variant."
NECK,NRS_4_6,4,6,REX-000045,REX-000009,neck_lateral_stretch_mobility_stretch_bodyweight,bodyweight_crunch_core_brace_bodyweight,MOBILITY,CORE,MOBILITY_STRETCH,CORE_BRACE,BEGINNER,ACTIVE_RECOVERY,BODYWEIGHT,HOME|GYM,LIGHT_MODERATE,SKIP_AFFECTED_AREA,AVOID_PAIN_AREA_ACTIVE_RECOVERY,true,data/normalized/v2_pain_action_policy.json,DOMAIN_EXPERT_REVIEW,2026-08-25T00:00:00+09:00,DOMAIN_APPROVED,false,NRS 4-6: primary and secondary pain-area use excluded; low-intensity active recovery only.
SHOULDER,NRS_1_3,1,3,REX-000005,REX-000026,barbell_front_raise_isolation_barbell,dumbbell_lateral_raise_isolation_dumbbell,SHOULDERS,SHOULDERS,ISOLATION,ISOLATION,BEGINNER,SAME_GOAL,DUMBBELL,HOME|GYM,MODERATE,LOAD_REDUCED,SAME_GOAL_LOWER_LOAD_ROM_EASIER_VARIANT,true,data/normalized/v2_pain_action_policy.json,DOMAIN_EXPERT_REVIEW,2026-08-25T00:00:00+09:00,DOMAIN_APPROVED,false,"NRS 1-3: original goal first; runtime reduces load, then ROM, then uses this easier variant."
SHOULDER,NRS_4_6,4,6,REX-000005,REX-000009,barbell_front_raise_isolation_barbell,bodyweight_crunch_core_brace_bodyweight,SHOULDERS,CORE,ISOLATION,CORE_BRACE,BEGINNER,ACTIVE_RECOVERY,BODYWEIGHT,HOME|GYM,LIGHT_MODERATE,SKIP_AFFECTED_AREA,AVOID_PAIN_AREA_ACTIVE_RECOVERY,true,data/normalized/v2_pain_action_policy.json,DOMAIN_EXPERT_REVIEW,2026-08-25T00:00:00+09:00,DOMAIN_APPROVED,false,NRS 4-6: primary and secondary pain-area use excluded; low-intensity active recovery only.
SHOULDER,NRS_1_3,1,3,REX-000018,REX-000052,cable_fly_isolation_cable_machine,push_up_horizontal_push_bodyweight,CHEST,CHEST,ISOLATION,HORIZONTAL_PUSH,BEGINNER,SAME_GOAL,BODYWEIGHT,HOME|GYM,LIGHT_MODERATE,LOAD_REDUCED,SAME_GOAL_LOWER_LOAD_ROM_EASIER_VARIANT,true,data/normalized/v2_pain_action_policy.json,DOMAIN_EXPERT_REVIEW,2026-08-25T00:00:00+09:00,DOMAIN_APPROVED,false,"NRS 1-3: original goal first; runtime reduces load, then ROM, then uses this easier variant."
SHOULDER,NRS_4_6,4,6,REX-000018,REX-000009,cable_fly_isolation_cable_machine,bodyweight_crunch_core_brace_bodyweight,CHEST,CORE,ISOLATION,CORE_BRACE,BEGINNER,ACTIVE_RECOVERY,BODYWEIGHT,HOME|GYM,LIGHT_MODERATE,SKIP_AFFECTED_AREA,AVOID_PAIN_AREA_ACTIVE_RECOVERY,true,data/normalized/v2_pain_action_policy.json,DOMAIN_EXPERT_REVIEW,2026-08-25T00:00:00+09:00,DOMAIN_APPROVED,false,NRS 4-6: primary and secondary pain-area use excluded; low-intensity active recovery only.
SHOULDER,NRS_1_3,1,3,REX-000019,REX-000047,cable_triceps_pushdown_isolation_cable_machine,overhead_triceps_extension_isolation_barbell,TRICEPS,TRICEPS,ISOLATION,ISOLATION,BEGINNER,SAME_GOAL,BARBELL,GYM,MODERATE,LOAD_REDUCED,SAME_GOAL_LOWER_LOAD_ROM_EASIER_VARIANT,true,data/normalized/v2_pain_action_policy.json,DOMAIN_EXPERT_REVIEW,2026-08-25T00:00:00+09:00,DOMAIN_APPROVED,false,"NRS 1-3: original goal first; runtime reduces load, then ROM, then uses this easier variant."
SHOULDER,NRS_4_6,4,6,REX-000019,REX-000009,cable_triceps_pushdown_isolation_cable_machine,bodyweight_crunch_core_brace_bodyweight,TRICEPS,CORE,ISOLATION,CORE_BRACE,BEGINNER,ACTIVE_RECOVERY,BODYWEIGHT,HOME|GYM,LIGHT_MODERATE,SKIP_AFFECTED_AREA,AVOID_PAIN_AREA_ACTIVE_RECOVERY,true,data/normalized/v2_pain_action_policy.json,DOMAIN_EXPERT_REVIEW,2026-08-25T00:00:00+09:00,DOMAIN_APPROVED,false,NRS 4-6: primary and secondary pain-area use excluded; low-intensity active recovery only.
SHOULDER,NRS_1_3,1,3,REX-000021,REX-000003,chest_front_shoulder_stretch_mobility_stretch_bodyweight,ankle_circles_mobility_stretch_bodyweight,MOBILITY,MOBILITY,MOBILITY_STRETCH,MOBILITY_STRETCH,BEGINNER,SAME_GOAL,BODYWEIGHT,HOME|GYM,LIGHT,LOAD_REDUCED,SAME_GOAL_LOWER_LOAD_ROM_EASIER_VARIANT,true,data/normalized/v2_pain_action_policy.json,DOMAIN_EXPERT_REVIEW,2026-08-25T00:00:00+09:00,DOMAIN_APPROVED,false,"NRS 1-3: original goal first; runtime reduces load, then ROM, then uses this easier variant."
SHOULDER,NRS_4_6,4,6,REX-000021,REX-000009,chest_front_shoulder_stretch_mobility_stretch_bodyweight,bodyweight_crunch_core_brace_bodyweight,MOBILITY,CORE,MOBILITY_STRETCH,CORE_BRACE,BEGINNER,ACTIVE_RECOVERY,BODYWEIGHT,HOME|GYM,LIGHT_MODERATE,SKIP_AFFECTED_AREA,AVOID_PAIN_AREA_ACTIVE_RECOVERY,true,data/normalized/v2_pain_action_policy.json,DOMAIN_EXPERT_REVIEW,2026-08-25T00:00:00+09:00,DOMAIN_APPROVED,false,NRS 4-6: primary and secondary pain-area use excluded; low-intensity active recovery only.
SHOULDER,NRS_1_3,1,3,REX-000022,REX-000047,close_grip_push_up_horizontal_push_bodyweight,overhead_triceps_extension_isolation_barbell,TRICEPS,TRICEPS,HORIZONTAL_PUSH,ISOLATION,BEGINNER,SAME_GOAL,BARBELL,GYM,MODERATE,LOAD_REDUCED,SAME_GOAL_LOWER_LOAD_ROM_EASIER_VARIANT,true,data/normalized/v2_pain_action_policy.json,DOMAIN_EXPERT_REVIEW,2026-08-25T00:00:00+09:00,DOMAIN_APPROVED,false,"NRS 1-3: original goal first; runtime reduces load, then ROM, then uses this easier variant."
SHOULDER,NRS_4_6,4,6,REX-000022,REX-000009,close_grip_push_up_horizontal_push_bodyweight,bodyweight_crunch_core_brace_bodyweight,TRICEPS,CORE,HORIZONTAL_PUSH,CORE_BRACE,BEGINNER,ACTIVE_RECOVERY,BODYWEIGHT,HOME|GYM,LIGHT_MODERATE,SKIP_AFFECTED_AREA,AVOID_PAIN_AREA_ACTIVE_RECOVERY,true,data/normalized/v2_pain_action_policy.json,DOMAIN_EXPERT_REVIEW,2026-08-25T00:00:00+09:00,DOMAIN_APPROVED,false,NRS 4-6: primary and secondary pain-area use excluded; low-intensity active recovery only.
SHOULDER,NRS_1_3,1,3,REX-000026,REX-000028,dumbbell_lateral_raise_isolation_dumbbell,dumbbell_rear_fly_isolation_dumbbell,SHOULDERS,SHOULDERS,ISOLATION,ISOLATION,BEGINNER,SAME_GOAL,DUMBBELL,HOME|GYM,MODERATE,LOAD_REDUCED,SAME_GOAL_LOWER_LOAD_ROM_EASIER_VARIANT,true,data/normalized/v2_pain_action_policy.json,DOMAIN_EXPERT_REVIEW,2026-08-25T00:00:00+09:00,DOMAIN_APPROVED,false,"NRS 1-3: original goal first; runtime reduces load, then ROM, then uses this easier variant."
SHOULDER,NRS_4_6,4,6,REX-000026,REX-000009,dumbbell_lateral_raise_isolation_dumbbell,bodyweight_crunch_core_brace_bodyweight,SHOULDERS,CORE,ISOLATION,CORE_BRACE,BEGINNER,ACTIVE_RECOVERY,BODYWEIGHT,HOME|GYM,LIGHT_MODERATE,SKIP_AFFECTED_AREA,AVOID_PAIN_AREA_ACTIVE_RECOVERY,true,data/normalized/v2_pain_action_policy.json,DOMAIN_EXPERT_REVIEW,2026-08-25T00:00:00+09:00,DOMAIN_APPROVED,false,NRS 4-6: primary and secondary pain-area use excluded; low-intensity active recovery only.
SHOULDER,NRS_1_3,1,3,REX-000028,REX-000026,dumbbell_rear_fly_isolation_dumbbell,dumbbell_lateral_raise_isolation_dumbbell,SHOULDERS,SHOULDERS,ISOLATION,ISOLATION,BEGINNER,SAME_GOAL,DUMBBELL,HOME|GYM,MODERATE,LOAD_REDUCED,SAME_GOAL_LOWER_LOAD_ROM_EASIER_VARIANT,true,data/normalized/v2_pain_action_policy.json,DOMAIN_EXPERT_REVIEW,2026-08-25T00:00:00+09:00,DOMAIN_APPROVED,false,"NRS 1-3: original goal first; runtime reduces load, then ROM, then uses this easier variant."
SHOULDER,NRS_4_6,4,6,REX-000028,REX-000009,dumbbell_rear_fly_isolation_dumbbell,bodyweight_crunch_core_brace_bodyweight,SHOULDERS,CORE,ISOLATION,CORE_BRACE,BEGINNER,ACTIVE_RECOVERY,BODYWEIGHT,HOME|GYM,LIGHT_MODERATE,SKIP_AFFECTED_AREA,AVOID_PAIN_AREA_ACTIVE_RECOVERY,true,data/normalized/v2_pain_action_policy.json,DOMAIN_EXPERT_REVIEW,2026-08-25T00:00:00+09:00,DOMAIN_APPROVED,false,NRS 4-6: primary and secondary pain-area use excluded; low-intensity active recovery only.
SHOULDER,NRS_1_3,1,3,REX-000029,REX-000046,dumbbell_shrug_isolation_dumbbell,one_arm_wall_lats_isolation_bodyweight,BACK,BACK,ISOLATION,ISOLATION,BEGINNER,SAME_GOAL,BODYWEIGHT,HOME|GYM,MODERATE,LOAD_REDUCED,SAME_GOAL_LOWER_LOAD_ROM_EASIER_VARIANT,true,data/normalized/v2_pain_action_policy.json,DOMAIN_EXPERT_REVIEW,2026-08-25T00:00:00+09:00,DOMAIN_APPROVED,false,"NRS 1-3: original goal first; runtime reduces load, then ROM, then uses this easier variant."
SHOULDER,NRS_4_6,4,6,REX-000029,REX-000009,dumbbell_shrug_isolation_dumbbell,bodyweight_crunch_core_brace_bodyweight,BACK,CORE,ISOLATION,CORE_BRACE,BEGINNER,ACTIVE_RECOVERY,BODYWEIGHT,HOME|GYM,LIGHT_MODERATE,SKIP_AFFECTED_AREA,AVOID_PAIN_AREA_ACTIVE_RECOVERY,true,data/normalized/v2_pain_action_policy.json,DOMAIN_EXPERT_REVIEW,2026-08-25T00:00:00+09:00,DOMAIN_APPROVED,false,NRS 4-6: primary and secondary pain-area use excluded; low-intensity active recovery only.
SHOULDER,NRS_1_3,1,3,REX-000032,REX-000003,dynamic_chest_stretch_mobility_stretch_bodyweight,ankle_circles_mobility_stretch_bodyweight,MOBILITY,MOBILITY,MOBILITY_STRETCH,MOBILITY_STRETCH,BEGINNER,SAME_GOAL,BODYWEIGHT,HOME|GYM,LIGHT,LOAD_REDUCED,SAME_GOAL_LOWER_LOAD_ROM_EASIER_VARIANT,true,data/normalized/v2_pain_action_policy.json,DOMAIN_EXPERT_REVIEW,2026-08-25T00:00:00+09:00,DOMAIN_APPROVED,false,"NRS 1-3: original goal first; runtime reduces load, then ROM, then uses this easier variant."
SHOULDER,NRS_4_6,4,6,REX-000032,REX-000009,dynamic_chest_stretch_mobility_stretch_bodyweight,bodyweight_crunch_core_brace_bodyweight,MOBILITY,CORE,MOBILITY_STRETCH,CORE_BRACE,BEGINNER,ACTIVE_RECOVERY,BODYWEIGHT,HOME|GYM,LIGHT_MODERATE,SKIP_AFFECTED_AREA,AVOID_PAIN_AREA_ACTIVE_RECOVERY,true,data/normalized/v2_pain_action_policy.json,DOMAIN_EXPERT_REVIEW,2026-08-25T00:00:00+09:00,DOMAIN_APPROVED,false,NRS 4-6: primary and secondary pain-area use excluded; low-intensity active recovery only.
SHOULDER,NRS_1_3,1,3,REX-000037,REX-000046,incline_y_raise_isolation_dumbbell,one_arm_wall_lats_isolation_bodyweight,BACK,BACK,ISOLATION,ISOLATION,BEGINNER,SAME_GOAL,BODYWEIGHT,HOME|GYM,MODERATE,LOAD_REDUCED,SAME_GOAL_LOWER_LOAD_ROM_EASIER_VARIANT,true,data/normalized/v2_pain_action_policy.json,DOMAIN_EXPERT_REVIEW,2026-08-25T00:00:00+09:00,DOMAIN_APPROVED,false,"NRS 1-3: original goal first; runtime reduces load, then ROM, then uses this easier variant."
SHOULDER,NRS_4_6,4,6,REX-000037,REX-000009,incline_y_raise_isolation_dumbbell,bodyweight_crunch_core_brace_bodyweight,BACK,CORE,ISOLATION,CORE_BRACE,BEGINNER,ACTIVE_RECOVERY,BODYWEIGHT,HOME|GYM,LIGHT_MODERATE,SKIP_AFFECTED_AREA,AVOID_PAIN_AREA_ACTIVE_RECOVERY,true,data/normalized/v2_pain_action_policy.json,DOMAIN_EXPERT_REVIEW,2026-08-25T00:00:00+09:00,DOMAIN_APPROVED,false,NRS 4-6: primary and secondary pain-area use excluded; low-intensity active recovery only.
SHOULDER,NRS_1_3,1,3,REX-000038,REX-000076,inverted_row_horizontal_pull_bodyweight,row_variant_horizontal_pull_cable_machine,BACK,BACK,HORIZONTAL_PULL,HORIZONTAL_PULL,BEGINNER,SAME_GOAL,CABLE_MACHINE,GYM,MODERATE,LOAD_REDUCED,SAME_GOAL_LOWER_LOAD_ROM_EASIER_VARIANT,true,data/normalized/v2_pain_action_policy.json,DOMAIN_EXPERT_REVIEW,2026-08-25T00:00:00+09:00,DOMAIN_APPROVED,false,"NRS 1-3: original goal first; runtime reduces load, then ROM, then uses this easier variant."
SHOULDER,NRS_4_6,4,6,REX-000038,REX-000009,inverted_row_horizontal_pull_bodyweight,bodyweight_crunch_core_brace_bodyweight,BACK,CORE,HORIZONTAL_PULL,CORE_BRACE,BEGINNER,ACTIVE_RECOVERY,BODYWEIGHT,HOME|GYM,LIGHT_MODERATE,SKIP_AFFECTED_AREA,AVOID_PAIN_AREA_ACTIVE_RECOVERY,true,data/normalized/v2_pain_action_policy.json,DOMAIN_EXPERT_REVIEW,2026-08-25T00:00:00+09:00,DOMAIN_APPROVED,false,NRS 4-6: primary and secondary pain-area use excluded; low-intensity active recovery only.
SHOULDER,NRS_1_3,1,3,REX-000039,REX-000003,kneeling_lat_stretch_mobility_stretch_bodyweight,ankle_circles_mobility_stretch_bodyweight,MOBILITY,MOBILITY,MOBILITY_STRETCH,MOBILITY_STRETCH,BEGINNER,SAME_GOAL,BODYWEIGHT,HOME|GYM,LIGHT,LOAD_REDUCED,SAME_GOAL_LOWER_LOAD_ROM_EASIER_VARIANT,true,data/normalized/v2_pain_action_policy.json,DOMAIN_EXPERT_REVIEW,2026-08-25T00:00:00+09:00,DOMAIN_APPROVED,false,"NRS 1-3: original goal first; runtime reduces load, then ROM, then uses this easier variant."
SHOULDER,NRS_4_6,4,6,REX-000039,REX-000009,kneeling_lat_stretch_mobility_stretch_bodyweight,bodyweight_crunch_core_brace_bodyweight,MOBILITY,CORE,MOBILITY_STRETCH,CORE_BRACE,BEGINNER,ACTIVE_RECOVERY,BODYWEIGHT,HOME|GYM,LIGHT_MODERATE,SKIP_AFFECTED_AREA,AVOID_PAIN_AREA_ACTIVE_RECOVERY,true,data/normalized/v2_pain_action_policy.json,DOMAIN_EXPERT_REVIEW,2026-08-25T00:00:00+09:00,DOMAIN_APPROVED,false,NRS 4-6: primary and secondary pain-area use excluded; low-intensity active recovery only.
SHOULDER,NRS_1_3,1,3,REX-000040,REX-000046,lat_pulldown_vertical_pull_cable_machine,one_arm_wall_lats_isolation_bodyweight,BACK,BACK,VERTICAL_PULL,ISOLATION,BEGINNER,SAME_GOAL,BODYWEIGHT,HOME|GYM,MODERATE,LOAD_REDUCED,SAME_GOAL_LOWER_LOAD_ROM_EASIER_VARIANT,true,data/normalized/v2_pain_action_policy.json,DOMAIN_EXPERT_REVIEW,2026-08-25T00:00:00+09:00,DOMAIN_APPROVED,false,"NRS 1-3: original goal first; runtime reduces load, then ROM, then uses this easier variant."
SHOULDER,NRS_4_6,4,6,REX-000040,REX-000009,lat_pulldown_vertical_pull_cable_machine,bodyweight_crunch_core_brace_bodyweight,BACK,CORE,VERTICAL_PULL,CORE_BRACE,BEGINNER,ACTIVE_RECOVERY,BODYWEIGHT,HOME|GYM,LIGHT_MODERATE,SKIP_AFFECTED_AREA,AVOID_PAIN_AREA_ACTIVE_RECOVERY,true,data/normalized/v2_pain_action_policy.json,DOMAIN_EXPERT_REVIEW,2026-08-25T00:00:00+09:00,DOMAIN_APPROVED,false,NRS 4-6: primary and secondary pain-area use excluded; low-intensity active recovery only.
SHOULDER,NRS_1_3,1,3,REX-000045,REX-000003,neck_lateral_stretch_mobility_stretch_bodyweight,ankle_circles_mobility_stretch_bodyweight,MOBILITY,MOBILITY,MOBILITY_STRETCH,MOBILITY_STRETCH,BEGINNER,SAME_GOAL,BODYWEIGHT,HOME|GYM,LIGHT,LOAD_REDUCED,SAME_GOAL_LOWER_LOAD_ROM_EASIER_VARIANT,true,data/normalized/v2_pain_action_policy.json,DOMAIN_EXPERT_REVIEW,2026-08-25T00:00:00+09:00,DOMAIN_APPROVED,false,"NRS 1-3: original goal first; runtime reduces load, then ROM, then uses this easier variant."
SHOULDER,NRS_4_6,4,6,REX-000045,REX-000009,neck_lateral_stretch_mobility_stretch_bodyweight,bodyweight_crunch_core_brace_bodyweight,MOBILITY,CORE,MOBILITY_STRETCH,CORE_BRACE,BEGINNER,ACTIVE_RECOVERY,BODYWEIGHT,HOME|GYM,LIGHT_MODERATE,SKIP_AFFECTED_AREA,AVOID_PAIN_AREA_ACTIVE_RECOVERY,true,data/normalized/v2_pain_action_policy.json,DOMAIN_EXPERT_REVIEW,2026-08-25T00:00:00+09:00,DOMAIN_APPROVED,false,NRS 4-6: primary and secondary pain-area use excluded; low-intensity active recovery only.
SHOULDER,NRS_1_3,1,3,REX-000046,REX-000097,one_arm_wall_lats_isolation_bodyweight,upper_back_isolation_isolation_resistance_band,BACK,BACK,ISOLATION,ISOLATION,BEGINNER,SAME_GOAL,RESISTANCE_BAND,HOME,MODERATE,LOAD_REDUCED,SAME_GOAL_LOWER_LOAD_ROM_EASIER_VARIANT,true,data/normalized/v2_pain_action_policy.json,DOMAIN_EXPERT_REVIEW,2026-08-25T00:00:00+09:00,DOMAIN_APPROVED,false,"NRS 1-3: original goal first; runtime reduces load, then ROM, then uses this easier variant."
SHOULDER,NRS_4_6,4,6,REX-000046,REX-000009,one_arm_wall_lats_isolation_bodyweight,bodyweight_crunch_core_brace_bodyweight,BACK,CORE,ISOLATION,CORE_BRACE,BEGINNER,ACTIVE_RECOVERY,BODYWEIGHT,HOME|GYM,LIGHT_MODERATE,SKIP_AFFECTED_AREA,AVOID_PAIN_AREA_ACTIVE_RECOVERY,true,data/normalized/v2_pain_action_policy.json,DOMAIN_EXPERT_REVIEW,2026-08-25T00:00:00+09:00,DOMAIN_APPROVED,false,NRS 4-6: primary and secondary pain-area use excluded; low-intensity active recovery only.
SHOULDER,NRS_1_3,1,3,REX-000047,REX-000019,overhead_triceps_extension_isolation_barbell,cable_triceps_pushdown_isolation_cable_machine,TRICEPS,TRICEPS,ISOLATION,ISOLATION,BEGINNER,SAME_GOAL,CABLE_MACHINE,GYM,MODERATE,LOAD_REDUCED,SAME_GOAL_LOWER_LOAD_ROM_EASIER_VARIANT,true,data/normalized/v2_pain_action_policy.json,DOMAIN_EXPERT_REVIEW,2026-08-25T00:00:00+09:00,DOMAIN_APPROVED,false,"NRS 1-3: original goal first; runtime reduces load, then ROM, then uses this easier variant."
SHOULDER,NRS_4_6,4,6,REX-000047,REX-000009,overhead_triceps_extension_isolation_barbell,bodyweight_crunch_core_brace_bodyweight,TRICEPS,CORE,ISOLATION,CORE_BRACE,BEGINNER,ACTIVE_RECOVERY,BODYWEIGHT,HOME|GYM,LIGHT_MODERATE,SKIP_AFFECTED_AREA,AVOID_PAIN_AREA_ACTIVE_RECOVERY,true,data/normalized/v2_pain_action_policy.json,DOMAIN_EXPERT_REVIEW,2026-08-25T00:00:00+09:00,DOMAIN_APPROVED,false,NRS 4-6: primary and secondary pain-area use excluded; low-intensity active recovery only.
SHOULDER,NRS_1_3,1,3,REX-000048,REX-000003,overhead_triceps_stretch_mobility_stretch_bodyweight,ankle_circles_mobility_stretch_bodyweight,MOBILITY,MOBILITY,MOBILITY_STRETCH,MOBILITY_STRETCH,BEGINNER,SAME_GOAL,BODYWEIGHT,HOME|GYM,LIGHT,LOAD_REDUCED,SAME_GOAL_LOWER_LOAD_ROM_EASIER_VARIANT,true,data/normalized/v2_pain_action_policy.json,DOMAIN_EXPERT_REVIEW,2026-08-25T00:00:00+09:00,DOMAIN_APPROVED,false,"NRS 1-3: original goal first; runtime reduces load, then ROM, then uses this easier variant."
SHOULDER,NRS_4_6,4,6,REX-000048,REX-000009,overhead_triceps_stretch_mobility_stretch_bodyweight,bodyweight_crunch_core_brace_bodyweight,MOBILITY,CORE,MOBILITY_STRETCH,CORE_BRACE,BEGINNER,ACTIVE_RECOVERY,BODYWEIGHT,HOME|GYM,LIGHT_MODERATE,SKIP_AFFECTED_AREA,AVOID_PAIN_AREA_ACTIVE_RECOVERY,true,data/normalized/v2_pain_action_policy.json,DOMAIN_EXPERT_REVIEW,2026-08-25T00:00:00+09:00,DOMAIN_APPROVED,false,NRS 4-6: primary and secondary pain-area use excluded; low-intensity active recovery only.
SHOULDER,NRS_1_3,1,3,REX-000049,REX-000052,pectorals_horizontal_push_horizontal_push_machine,push_up_horizontal_push_bodyweight,CHEST,CHEST,HORIZONTAL_PUSH,HORIZONTAL_PUSH,BEGINNER,SAME_GOAL,BODYWEIGHT,HOME|GYM,LIGHT_MODERATE,LOAD_REDUCED,SAME_GOAL_LOWER_LOAD_ROM_EASIER_VARIANT,true,data/normalized/v2_pain_action_policy.json,DOMAIN_EXPERT_REVIEW,2026-08-25T00:00:00+09:00,DOMAIN_APPROVED,false,"NRS 1-3: original goal first; runtime reduces load, then ROM, then uses this easier variant."
SHOULDER,NRS_4_6,4,6,REX-000049,REX-000009,pectorals_horizontal_push_horizontal_push_machine,bodyweight_crunch_core_brace_bodyweight,CHEST,CORE,HORIZONTAL_PUSH,CORE_BRACE,BEGINNER,ACTIVE_RECOVERY,BODYWEIGHT,HOME|GYM,LIGHT_MODERATE,SKIP_AFFECTED_AREA,AVOID_PAIN_AREA_ACTIVE_RECOVERY,true,data/normalized/v2_pain_action_policy.json,DOMAIN_EXPERT_REVIEW,2026-08-25T00:00:00+09:00,DOMAIN_APPROVED,false,NRS 4-6: primary and secondary pain-area use excluded; low-intensity active recovery only.
SHOULDER,NRS_1_3,1,3,REX-000052,REX-000049,push_up_horizontal_push_bodyweight,pectorals_horizontal_push_horizontal_push_machine,CHEST,CHEST,HORIZONTAL_PUSH,HORIZONTAL_PUSH,BEGINNER,SAME_GOAL,MACHINE,GYM,MODERATE,LOAD_REDUCED,SAME_GOAL_LOWER_LOAD_ROM_EASIER_VARIANT,true,data/normalized/v2_pain_action_policy.json,DOMAIN_EXPERT_REVIEW,2026-08-25T00:00:00+09:00,DOMAIN_APPROVED,false,"NRS 1-3: original goal first; runtime reduces load, then ROM, then uses this easier variant."
SHOULDER,NRS_4_6,4,6,REX-000052,REX-000009,push_up_horizontal_push_bodyweight,bodyweight_crunch_core_brace_bodyweight,CHEST,CORE,HORIZONTAL_PUSH,CORE_BRACE,BEGINNER,ACTIVE_RECOVERY,BODYWEIGHT,HOME|GYM,LIGHT_MODERATE,SKIP_AFFECTED_AREA,AVOID_PAIN_AREA_ACTIVE_RECOVERY,true,data/normalized/v2_pain_action_policy.json,DOMAIN_EXPERT_REVIEW,2026-08-25T00:00:00+09:00,DOMAIN_APPROVED,false,NRS 4-6: primary and secondary pain-area use excluded; low-intensity active recovery only.
SHOULDER,NRS_1_3,1,3,REX-000053,REX-000003,rear_deltoid_stretch_mobility_stretch_bodyweight,ankle_circles_mobility_stretch_bodyweight,MOBILITY,MOBILITY,MOBILITY_STRETCH,MOBILITY_STRETCH,BEGINNER,SAME_GOAL,BODYWEIGHT,HOME|GYM,LIGHT,LOAD_REDUCED,SAME_GOAL_LOWER_LOAD_ROM_EASIER_VARIANT,true,data/normalized/v2_pain_action_policy.json,DOMAIN_EXPERT_REVIEW,2026-08-25T00:00:00+09:00,DOMAIN_APPROVED,false,"NRS 1-3: original goal first; runtime reduces load, then ROM, then uses this easier variant."
SHOULDER,NRS_4_6,4,6,REX-000053,REX-000009,rear_deltoid_stretch_mobility_stretch_bodyweight,bodyweight_crunch_core_brace_bodyweight,MOBILITY,CORE,MOBILITY_STRETCH,CORE_BRACE,BEGINNER,ACTIVE_RECOVERY,BODYWEIGHT,HOME|GYM,LIGHT_MODERATE,SKIP_AFFECTED_AREA,AVOID_PAIN_AREA_ACTIVE_RECOVERY,true,data/normalized/v2_pain_action_policy.json,DOMAIN_EXPERT_REVIEW,2026-08-25T00:00:00+09:00,DOMAIN_APPROVED,false,NRS 4-6: primary and secondary pain-area use excluded; low-intensity active recovery only.
SHOULDER,NRS_1_3,1,3,REX-000059,REX-000056,cardio_jump_plyometric_bodyweight,cardio_gait_bodyweight,CARDIO,CARDIO,JUMP_PLYOMETRIC,GAIT,BEGINNER,SAME_GOAL,BODYWEIGHT,HOME,MODERATE,LOAD_REDUCED,SAME_GOAL_LOWER_LOAD_ROM_EASIER_VARIANT,true,data/normalized/v2_pain_action_policy.json,DOMAIN_EXPERT_REVIEW,2026-08-25T00:00:00+09:00,DOMAIN_APPROVED,false,"NRS 1-3: original goal first; runtime reduces load, then ROM, then uses this easier variant."
SHOULDER,NRS_4_6,4,6,REX-000059,REX-000009,cardio_jump_plyometric_bodyweight,bodyweight_crunch_core_brace_bodyweight,CARDIO,CORE,JUMP_PLYOMETRIC,CORE_BRACE,BEGINNER,ACTIVE_RECOVERY,BODYWEIGHT,HOME|GYM,LIGHT_MODERATE,SKIP_AFFECTED_AREA,AVOID_PAIN_AREA_ACTIVE_RECOVERY,true,data/normalized/v2_pain_action_policy.json,DOMAIN_EXPERT_REVIEW,2026-08-25T00:00:00+09:00,DOMAIN_APPROVED,false,NRS 4-6: primary and secondary pain-area use excluded; low-intensity active recovery only.
SHOULDER,NRS_1_3,1,3,REX-000075,REX-000009,rotation_variant_core_brace_cable_machine,bodyweight_crunch_core_brace_bodyweight,CORE,CORE,CORE_BRACE,CORE_BRACE,BEGINNER,SAME_GOAL,BODYWEIGHT,HOME|GYM,LIGHT_MODERATE,LOAD_REDUCED,SAME_GOAL_LOWER_LOAD_ROM_EASIER_VARIANT,true,data/normalized/v2_pain_action_policy.json,DOMAIN_EXPERT_REVIEW,2026-08-25T00:00:00+09:00,DOMAIN_APPROVED,false,"NRS 1-3: original goal first; runtime reduces load, then ROM, then uses this easier variant."
SHOULDER,NRS_4_6,4,6,REX-000075,REX-000009,rotation_variant_core_brace_cable_machine,bodyweight_crunch_core_brace_bodyweight,CORE,CORE,CORE_BRACE,CORE_BRACE,BEGINNER,ACTIVE_RECOVERY,BODYWEIGHT,HOME|GYM,LIGHT_MODERATE,SKIP_AFFECTED_AREA,AVOID_PAIN_AREA_ACTIVE_RECOVERY,true,data/normalized/v2_pain_action_policy.json,DOMAIN_EXPERT_REVIEW,2026-08-25T00:00:00+09:00,DOMAIN_APPROVED,false,NRS 4-6: primary and secondary pain-area use excluded; low-intensity active recovery only.
SHOULDER,NRS_1_3,1,3,REX-000076,REX-000079,row_variant_horizontal_pull_cable_machine,seated_cable_row_horizontal_pull_cable_machine,BACK,BACK,HORIZONTAL_PULL,HORIZONTAL_PULL,BEGINNER,SAME_GOAL,CABLE_MACHINE,GYM,MODERATE,LOAD_REDUCED,SAME_GOAL_LOWER_LOAD_ROM_EASIER_VARIANT,true,data/normalized/v2_pain_action_policy.json,DOMAIN_EXPERT_REVIEW,2026-08-25T00:00:00+09:00,DOMAIN_APPROVED,false,"NRS 1-3: original goal first; runtime reduces load, then ROM, then uses this easier variant."
SHOULDER,NRS_4_6,4,6,REX-000076,REX-000009,row_variant_horizontal_pull_cable_machine,bodyweight_crunch_core_brace_bodyweight,BACK,CORE,HORIZONTAL_PULL,CORE_BRACE,BEGINNER,ACTIVE_RECOVERY,BODYWEIGHT,HOME|GYM,LIGHT_MODERATE,SKIP_AFFECTED_AREA,AVOID_PAIN_AREA_ACTIVE_RECOVERY,true,data/normalized/v2_pain_action_policy.json,DOMAIN_EXPERT_REVIEW,2026-08-25T00:00:00+09:00,DOMAIN_APPROVED,false,NRS 4-6: primary and secondary pain-area use excluded; low-intensity active recovery only.
SHOULDER,NRS_1_3,1,3,REX-000078,REX-000040,scapular_pull_up_vertical_pull_bodyweight_pull_up_bar,lat_pulldown_vertical_pull_cable_machine,BACK,BACK,VERTICAL_PULL,VERTICAL_PULL,BEGINNER,SAME_GOAL,CABLE_MACHINE,GYM,MODERATE,LOAD_REDUCED,SAME_GOAL_LOWER_LOAD_ROM_EASIER_VARIANT,true,data/normalized/v2_pain_action_policy.json,DOMAIN_EXPERT_REVIEW,2026-08-25T00:00:00+09:00,DOMAIN_APPROVED,false,"NRS 1-3: original goal first; runtime reduces load, then ROM, then uses this easier variant."
SHOULDER,NRS_4_6,4,6,REX-000078,REX-000009,scapular_pull_up_vertical_pull_bodyweight_pull_up_bar,bodyweight_crunch_core_brace_bodyweight,BACK,CORE,VERTICAL_PULL,CORE_BRACE,BEGINNER,ACTIVE_RECOVERY,BODYWEIGHT,HOME|GYM,LIGHT_MODERATE,SKIP_AFFECTED_AREA,AVOID_PAIN_AREA_ACTIVE_RECOVERY,true,data/normalized/v2_pain_action_policy.json,DOMAIN_EXPERT_REVIEW,2026-08-25T00:00:00+09:00,DOMAIN_APPROVED,false,NRS 4-6: primary and secondary pain-area use excluded; low-intensity active recovery only.
SHOULDER,NRS_1_3,1,3,REX-000079,REX-000076,seated_cable_row_horizontal_pull_cable_machine,row_variant_horizontal_pull_cable_machine,BACK,BACK,HORIZONTAL_PULL,HORIZONTAL_PULL,BEGINNER,SAME_GOAL,CABLE_MACHINE,GYM,MODERATE,LOAD_REDUCED,SAME_GOAL_LOWER_LOAD_ROM_EASIER_VARIANT,true,data/normalized/v2_pain_action_policy.json,DOMAIN_EXPERT_REVIEW,2026-08-25T00:00:00+09:00,DOMAIN_APPROVED,false,"NRS 1-3: original goal first; runtime reduces load, then ROM, then uses this easier variant."
SHOULDER,NRS_4_6,4,6,REX-000079,REX-000009,seated_cable_row_horizontal_pull_cable_machine,bodyweight_crunch_core_brace_bodyweight,BACK,CORE,HORIZONTAL_PULL,CORE_BRACE,BEGINNER,ACTIVE_RECOVERY,BODYWEIGHT,HOME|GYM,LIGHT_MODERATE,SKIP_AFFECTED_AREA,AVOID_PAIN_AREA_ACTIVE_RECOVERY,true,data/normalized/v2_pain_action_policy.json,DOMAIN_EXPERT_REVIEW,2026-08-25T00:00:00+09:00,DOMAIN_APPROVED,false,NRS 4-6: primary and secondary pain-area use excluded; low-intensity active recovery only.
SHOULDER,NRS_1_3,1,3,REX-000086,REX-000026,seated_shoulder_press_vertical_push_dumbbell,dumbbell_lateral_raise_isolation_dumbbell,SHOULDERS,SHOULDERS,VERTICAL_PUSH,ISOLATION,BEGINNER,SAME_GOAL,DUMBBELL,HOME|GYM,MODERATE,LOAD_REDUCED,SAME_GOAL_LOWER_LOAD_ROM_EASIER_VARIANT,true,data/normalized/v2_pain_action_policy.json,DOMAIN_EXPERT_REVIEW,2026-08-25T00:00:00+09:00,DOMAIN_APPROVED,false,"NRS 1-3: original goal first; runtime reduces load, then ROM, then uses this easier variant."
SHOULDER,NRS_4_6,4,6,REX-000086,REX-000009,seated_shoulder_press_vertical_push_dumbbell,bodyweight_crunch_core_brace_bodyweight,SHOULDERS,CORE,VERTICAL_PUSH,CORE_BRACE,BEGINNER,ACTIVE_RECOVERY,BODYWEIGHT,HOME|GYM,LIGHT_MODERATE,SKIP_AFFECTED_AREA,AVOID_PAIN_AREA_ACTIVE_RECOVERY,true,data/normalized/v2_pain_action_policy.json,DOMAIN_EXPERT_REVIEW,2026-08-25T00:00:00+09:00,DOMAIN_APPROVED,false,NRS 4-6: primary and secondary pain-area use excluded; low-intensity active recovery only.
SHOULDER,NRS_1_3,1,3,REX-000090,REX-000009,spine_core_brace_core_brace_mat,bodyweight_crunch_core_brace_bodyweight,CORE,CORE,CORE_BRACE,CORE_BRACE,BEGINNER,SAME_GOAL,BODYWEIGHT,HOME|GYM,LIGHT_MODERATE,LOAD_REDUCED,SAME_GOAL_LOWER_LOAD_ROM_EASIER_VARIANT,true,data/normalized/v2_pain_action_policy.json,DOMAIN_EXPERT_REVIEW,2026-08-25T00:00:00+09:00,DOMAIN_APPROVED,false,"NRS 1-3: original goal first; runtime reduces load, then ROM, then uses this easier variant."
SHOULDER,NRS_4_6,4,6,REX-000090,REX-000009,spine_core_brace_core_brace_mat,bodyweight_crunch_core_brace_bodyweight,CORE,CORE,CORE_BRACE,CORE_BRACE,BEGINNER,ACTIVE_RECOVERY,BODYWEIGHT,HOME|GYM,LIGHT_MODERATE,SKIP_AFFECTED_AREA,AVOID_PAIN_AREA_ACTIVE_RECOVERY,true,data/normalized/v2_pain_action_policy.json,DOMAIN_EXPERT_REVIEW,2026-08-25T00:00:00+09:00,DOMAIN_APPROVED,false,NRS 4-6: primary and secondary pain-area use excluded; low-intensity active recovery only.
SHOULDER,NRS_1_3,1,3,REX-000096,REX-000003,triceps_stretch_mobility_stretch_bodyweight,ankle_circles_mobility_stretch_bodyweight,MOBILITY,MOBILITY,MOBILITY_STRETCH,MOBILITY_STRETCH,BEGINNER,SAME_GOAL,BODYWEIGHT,HOME|GYM,LIGHT,LOAD_REDUCED,SAME_GOAL_LOWER_LOAD_ROM_EASIER_VARIANT,true,data/normalized/v2_pain_action_policy.json,DOMAIN_EXPERT_REVIEW,2026-08-25T00:00:00+09:00,DOMAIN_APPROVED,false,"NRS 1-3: original goal first; runtime reduces load, then ROM, then uses this easier variant."
SHOULDER,NRS_4_6,4,6,REX-000096,REX-000009,triceps_stretch_mobility_stretch_bodyweight,bodyweight_crunch_core_brace_bodyweight,MOBILITY,CORE,MOBILITY_STRETCH,CORE_BRACE,BEGINNER,ACTIVE_RECOVERY,BODYWEIGHT,HOME|GYM,LIGHT_MODERATE,SKIP_AFFECTED_AREA,AVOID_PAIN_AREA_ACTIVE_RECOVERY,true,data/normalized/v2_pain_action_policy.json,DOMAIN_EXPERT_REVIEW,2026-08-25T00:00:00+09:00,DOMAIN_APPROVED,false,NRS 4-6: primary and secondary pain-area use excluded; low-intensity active recovery only.
SHOULDER,NRS_1_3,1,3,REX-000097,REX-000046,upper_back_isolation_isolation_resistance_band,one_arm_wall_lats_isolation_bodyweight,BACK,BACK,ISOLATION,ISOLATION,BEGINNER,SAME_GOAL,BODYWEIGHT,HOME|GYM,MODERATE,LOAD_REDUCED,SAME_GOAL_LOWER_LOAD_ROM_EASIER_VARIANT,true,data/normalized/v2_pain_action_policy.json,DOMAIN_EXPERT_REVIEW,2026-08-25T00:00:00+09:00,DOMAIN_APPROVED,false,"NRS 1-3: original goal first; runtime reduces load, then ROM, then uses this easier variant."
SHOULDER,NRS_4_6,4,6,REX-000097,REX-000009,upper_back_isolation_isolation_resistance_band,bodyweight_crunch_core_brace_bodyweight,BACK,CORE,ISOLATION,CORE_BRACE,BEGINNER,ACTIVE_RECOVERY,BODYWEIGHT,HOME|GYM,LIGHT_MODERATE,SKIP_AFFECTED_AREA,AVOID_PAIN_AREA_ACTIVE_RECOVERY,true,data/normalized/v2_pain_action_policy.json,DOMAIN_EXPERT_REVIEW,2026-08-25T00:00:00+09:00,DOMAIN_APPROVED,false,NRS 4-6: primary and secondary pain-area use excluded; low-intensity active recovery only.
SHOULDER,NRS_1_3,1,3,REX-000098,REX-000003,upper_back_stretch_mobility_stretch_bodyweight,ankle_circles_mobility_stretch_bodyweight,MOBILITY,MOBILITY,MOBILITY_STRETCH,MOBILITY_STRETCH,BEGINNER,SAME_GOAL,BODYWEIGHT,HOME|GYM,LIGHT,LOAD_REDUCED,SAME_GOAL_LOWER_LOAD_ROM_EASIER_VARIANT,true,data/normalized/v2_pain_action_policy.json,DOMAIN_EXPERT_REVIEW,2026-08-25T00:00:00+09:00,DOMAIN_APPROVED,false,"NRS 1-3: original goal first; runtime reduces load, then ROM, then uses this easier variant."
SHOULDER,NRS_4_6,4,6,REX-000098,REX-000009,upper_back_stretch_mobility_stretch_bodyweight,bodyweight_crunch_core_brace_bodyweight,MOBILITY,CORE,MOBILITY_STRETCH,CORE_BRACE,BEGINNER,ACTIVE_RECOVERY,BODYWEIGHT,HOME|GYM,LIGHT_MODERATE,SKIP_AFFECTED_AREA,AVOID_PAIN_AREA_ACTIVE_RECOVERY,true,data/normalized/v2_pain_action_policy.json,DOMAIN_EXPERT_REVIEW,2026-08-25T00:00:00+09:00,DOMAIN_APPROVED,false,NRS 4-6: primary and secondary pain-area use excluded; low-intensity active recovery only.
UPPER_BACK,NRS_1_3,1,3,REX-000006,REX-000046,barbell_pullover_isolation_barbell,one_arm_wall_lats_isolation_bodyweight,BACK,BACK,ISOLATION,ISOLATION,BEGINNER,SAME_GOAL,BODYWEIGHT,HOME|GYM,MODERATE,LOAD_REDUCED,SAME_GOAL_LOWER_LOAD_ROM_EASIER_VARIANT,true,data/normalized/v2_pain_action_policy.json,DOMAIN_EXPERT_REVIEW,2026-08-25T00:00:00+09:00,DOMAIN_APPROVED,false,"NRS 1-3: original goal first; runtime reduces load, then ROM, then uses this easier variant."
UPPER_BACK,NRS_4_6,4,6,REX-000006,REX-000009,barbell_pullover_isolation_barbell,bodyweight_crunch_core_brace_bodyweight,BACK,CORE,ISOLATION,CORE_BRACE,BEGINNER,ACTIVE_RECOVERY,BODYWEIGHT,HOME|GYM,LIGHT_MODERATE,SKIP_AFFECTED_AREA,AVOID_PAIN_AREA_ACTIVE_RECOVERY,true,data/normalized/v2_pain_action_policy.json,DOMAIN_EXPERT_REVIEW,2026-08-25T00:00:00+09:00,DOMAIN_APPROVED,false,NRS 4-6: primary and secondary pain-area use excluded; low-intensity active recovery only.
UPPER_BACK,NRS_1_3,1,3,REX-000008,REX-000046,bodyweight_back_extension_hip_dominant_bodyweight,one_arm_wall_lats_isolation_bodyweight,BACK,BACK,HIP_DOMINANT,ISOLATION,BEGINNER,SAME_GOAL,BODYWEIGHT,HOME|GYM,MODERATE,LOAD_REDUCED,SAME_GOAL_LOWER_LOAD_ROM_EASIER_VARIANT,true,data/normalized/v2_pain_action_policy.json,DOMAIN_EXPERT_REVIEW,2026-08-25T00:00:00+09:00,DOMAIN_APPROVED,false,"NRS 1-3: original goal first; runtime reduces load, then ROM, then uses this easier variant."
UPPER_BACK,NRS_4_6,4,6,REX-000008,REX-000009,bodyweight_back_extension_hip_dominant_bodyweight,bodyweight_crunch_core_brace_bodyweight,BACK,CORE,HIP_DOMINANT,CORE_BRACE,BEGINNER,ACTIVE_RECOVERY,BODYWEIGHT,HOME|GYM,LIGHT_MODERATE,SKIP_AFFECTED_AREA,AVOID_PAIN_AREA_ACTIVE_RECOVERY,true,data/normalized/v2_pain_action_policy.json,DOMAIN_EXPERT_REVIEW,2026-08-25T00:00:00+09:00,DOMAIN_APPROVED,false,NRS 4-6: primary and secondary pain-area use excluded; low-intensity active recovery only.
UPPER_BACK,NRS_1_3,1,3,REX-000012,REX-000027,bodyweight_pull_up_biceps_vertical_pull_bodyweight_pull_up_bar,dumbbell_preacher_curl_isolation_dumbbell,BICEPS,BICEPS,VERTICAL_PULL,ISOLATION,BEGINNER,SAME_GOAL,DUMBBELL,HOME|GYM,MODERATE,LOAD_REDUCED,SAME_GOAL_LOWER_LOAD_ROM_EASIER_VARIANT,true,data/normalized/v2_pain_action_policy.json,DOMAIN_EXPERT_REVIEW,2026-08-25T00:00:00+09:00,DOMAIN_APPROVED,false,"NRS 1-3: original goal first; runtime reduces load, then ROM, then uses this easier variant."
UPPER_BACK,NRS_4_6,4,6,REX-000012,REX-000009,bodyweight_pull_up_biceps_vertical_pull_bodyweight_pull_up_bar,bodyweight_crunch_core_brace_bodyweight,BICEPS,CORE,VERTICAL_PULL,CORE_BRACE,BEGINNER,ACTIVE_RECOVERY,BODYWEIGHT,HOME|GYM,LIGHT_MODERATE,SKIP_AFFECTED_AREA,AVOID_PAIN_AREA_ACTIVE_RECOVERY,true,data/normalized/v2_pain_action_policy.json,DOMAIN_EXPERT_REVIEW,2026-08-25T00:00:00+09:00,DOMAIN_APPROVED,false,NRS 4-6: primary and secondary pain-area use excluded; low-intensity active recovery only.
UPPER_BACK,NRS_1_3,1,3,REX-000021,REX-000003,chest_front_shoulder_stretch_mobility_stretch_bodyweight,ankle_circles_mobility_stretch_bodyweight,MOBILITY,MOBILITY,MOBILITY_STRETCH,MOBILITY_STRETCH,BEGINNER,SAME_GOAL,BODYWEIGHT,HOME|GYM,LIGHT,LOAD_REDUCED,SAME_GOAL_LOWER_LOAD_ROM_EASIER_VARIANT,true,data/normalized/v2_pain_action_policy.json,DOMAIN_EXPERT_REVIEW,2026-08-25T00:00:00+09:00,DOMAIN_APPROVED,false,"NRS 1-3: original goal first; runtime reduces load, then ROM, then uses this easier variant."
UPPER_BACK,NRS_4_6,4,6,REX-000021,REX-000009,chest_front_shoulder_stretch_mobility_stretch_bodyweight,bodyweight_crunch_core_brace_bodyweight,MOBILITY,CORE,MOBILITY_STRETCH,CORE_BRACE,BEGINNER,ACTIVE_RECOVERY,BODYWEIGHT,HOME|GYM,LIGHT_MODERATE,SKIP_AFFECTED_AREA,AVOID_PAIN_AREA_ACTIVE_RECOVERY,true,data/normalized/v2_pain_action_policy.json,DOMAIN_EXPERT_REVIEW,2026-08-25T00:00:00+09:00,DOMAIN_APPROVED,false,NRS 4-6: primary and secondary pain-area use excluded; low-intensity active recovery only.
UPPER_BACK,NRS_1_3,1,3,REX-000028,REX-000026,dumbbell_rear_fly_isolation_dumbbell,dumbbell_lateral_raise_isolation_dumbbell,SHOULDERS,SHOULDERS,ISOLATION,ISOLATION,BEGINNER,SAME_GOAL,DUMBBELL,HOME|GYM,MODERATE,LOAD_REDUCED,SAME_GOAL_LOWER_LOAD_ROM_EASIER_VARIANT,true,data/normalized/v2_pain_action_policy.json,DOMAIN_EXPERT_REVIEW,2026-08-25T00:00:00+09:00,DOMAIN_APPROVED,false,"NRS 1-3: original goal first; runtime reduces load, then ROM, then uses this easier variant."
UPPER_BACK,NRS_4_6,4,6,REX-000028,REX-000009,dumbbell_rear_fly_isolation_dumbbell,bodyweight_crunch_core_brace_bodyweight,SHOULDERS,CORE,ISOLATION,CORE_BRACE,BEGINNER,ACTIVE_RECOVERY,BODYWEIGHT,HOME|GYM,LIGHT_MODERATE,SKIP_AFFECTED_AREA,AVOID_PAIN_AREA_ACTIVE_RECOVERY,true,data/normalized/v2_pain_action_policy.json,DOMAIN_EXPERT_REVIEW,2026-08-25T00:00:00+09:00,DOMAIN_APPROVED,false,NRS 4-6: primary and secondary pain-area use excluded; low-intensity active recovery only.
UPPER_BACK,NRS_1_3,1,3,REX-000029,REX-000046,dumbbell_shrug_isolation_dumbbell,one_arm_wall_lats_isolation_bodyweight,BACK,BACK,ISOLATION,ISOLATION,BEGINNER,SAME_GOAL,BODYWEIGHT,HOME|GYM,MODERATE,LOAD_REDUCED,SAME_GOAL_LOWER_LOAD_ROM_EASIER_VARIANT,true,data/normalized/v2_pain_action_policy.json,DOMAIN_EXPERT_REVIEW,2026-08-25T00:00:00+09:00,DOMAIN_APPROVED,false,"NRS 1-3: original goal first; runtime reduces load, then ROM, then uses this easier variant."
UPPER_BACK,NRS_4_6,4,6,REX-000029,REX-000009,dumbbell_shrug_isolation_dumbbell,bodyweight_crunch_core_brace_bodyweight,BACK,CORE,ISOLATION,CORE_BRACE,BEGINNER,ACTIVE_RECOVERY,BODYWEIGHT,HOME|GYM,LIGHT_MODERATE,SKIP_AFFECTED_AREA,AVOID_PAIN_AREA_ACTIVE_RECOVERY,true,data/normalized/v2_pain_action_policy.json,DOMAIN_EXPERT_REVIEW,2026-08-25T00:00:00+09:00,DOMAIN_APPROVED,false,NRS 4-6: primary and secondary pain-area use excluded; low-intensity active recovery only.
UPPER_BACK,NRS_1_3,1,3,REX-000032,REX-000003,dynamic_chest_stretch_mobility_stretch_bodyweight,ankle_circles_mobility_stretch_bodyweight,MOBILITY,MOBILITY,MOBILITY_STRETCH,MOBILITY_STRETCH,BEGINNER,SAME_GOAL,BODYWEIGHT,HOME|GYM,LIGHT,LOAD_REDUCED,SAME_GOAL_LOWER_LOAD_ROM_EASIER_VARIANT,true,data/normalized/v2_pain_action_policy.json,DOMAIN_EXPERT_REVIEW,2026-08-25T00:00:00+09:00,DOMAIN_APPROVED,false,"NRS 1-3: original goal first; runtime reduces load, then ROM, then uses this easier variant."
UPPER_BACK,NRS_4_6,4,6,REX-000032,REX-000009,dynamic_chest_stretch_mobility_stretch_bodyweight,bodyweight_crunch_core_brace_bodyweight,MOBILITY,CORE,MOBILITY_STRETCH,CORE_BRACE,BEGINNER,ACTIVE_RECOVERY,BODYWEIGHT,HOME|GYM,LIGHT_MODERATE,SKIP_AFFECTED_AREA,AVOID_PAIN_AREA_ACTIVE_RECOVERY,true,data/normalized/v2_pain_action_policy.json,DOMAIN_EXPERT_REVIEW,2026-08-25T00:00:00+09:00,DOMAIN_APPROVED,false,NRS 4-6: primary and secondary pain-area use excluded; low-intensity active recovery only.
UPPER_BACK,NRS_1_3,1,3,REX-000037,REX-000046,incline_y_raise_isolation_dumbbell,one_arm_wall_lats_isolation_bodyweight,BACK,BACK,ISOLATION,ISOLATION,BEGINNER,SAME_GOAL,BODYWEIGHT,HOME|GYM,MODERATE,LOAD_REDUCED,SAME_GOAL_LOWER_LOAD_ROM_EASIER_VARIANT,true,data/normalized/v2_pain_action_policy.json,DOMAIN_EXPERT_REVIEW,2026-08-25T00:00:00+09:00,DOMAIN_APPROVED,false,"NRS 1-3: original goal first; runtime reduces load, then ROM, then uses this easier variant."
UPPER_BACK,NRS_4_6,4,6,REX-000037,REX-000009,incline_y_raise_isolation_dumbbell,bodyweight_crunch_core_brace_bodyweight,BACK,CORE,ISOLATION,CORE_BRACE,BEGINNER,ACTIVE_RECOVERY,BODYWEIGHT,HOME|GYM,LIGHT_MODERATE,SKIP_AFFECTED_AREA,AVOID_PAIN_AREA_ACTIVE_RECOVERY,true,data/normalized/v2_pain_action_policy.json,DOMAIN_EXPERT_REVIEW,2026-08-25T00:00:00+09:00,DOMAIN_APPROVED,false,NRS 4-6: primary and secondary pain-area use excluded; low-intensity active recovery only.
UPPER_BACK,NRS_1_3,1,3,REX-000038,REX-000076,inverted_row_horizontal_pull_bodyweight,row_variant_horizontal_pull_cable_machine,BACK,BACK,HORIZONTAL_PULL,HORIZONTAL_PULL,BEGINNER,SAME_GOAL,CABLE_MACHINE,GYM,MODERATE,LOAD_REDUCED,SAME_GOAL_LOWER_LOAD_ROM_EASIER_VARIANT,true,data/normalized/v2_pain_action_policy.json,DOMAIN_EXPERT_REVIEW,2026-08-25T00:00:00+09:00,DOMAIN_APPROVED,false,"NRS 1-3: original goal first; runtime reduces load, then ROM, then uses this easier variant."
UPPER_BACK,NRS_4_6,4,6,REX-000038,REX-000009,inverted_row_horizontal_pull_bodyweight,bodyweight_crunch_core_brace_bodyweight,BACK,CORE,HORIZONTAL_PULL,CORE_BRACE,BEGINNER,ACTIVE_RECOVERY,BODYWEIGHT,HOME|GYM,LIGHT_MODERATE,SKIP_AFFECTED_AREA,AVOID_PAIN_AREA_ACTIVE_RECOVERY,true,data/normalized/v2_pain_action_policy.json,DOMAIN_EXPERT_REVIEW,2026-08-25T00:00:00+09:00,DOMAIN_APPROVED,false,NRS 4-6: primary and secondary pain-area use excluded; low-intensity active recovery only.
UPPER_BACK,NRS_1_3,1,3,REX-000039,REX-000003,kneeling_lat_stretch_mobility_stretch_bodyweight,ankle_circles_mobility_stretch_bodyweight,MOBILITY,MOBILITY,MOBILITY_STRETCH,MOBILITY_STRETCH,BEGINNER,SAME_GOAL,BODYWEIGHT,HOME|GYM,LIGHT,LOAD_REDUCED,SAME_GOAL_LOWER_LOAD_ROM_EASIER_VARIANT,true,data/normalized/v2_pain_action_policy.json,DOMAIN_EXPERT_REVIEW,2026-08-25T00:00:00+09:00,DOMAIN_APPROVED,false,"NRS 1-3: original goal first; runtime reduces load, then ROM, then uses this easier variant."
UPPER_BACK,NRS_4_6,4,6,REX-000039,REX-000009,kneeling_lat_stretch_mobility_stretch_bodyweight,bodyweight_crunch_core_brace_bodyweight,MOBILITY,CORE,MOBILITY_STRETCH,CORE_BRACE,BEGINNER,ACTIVE_RECOVERY,BODYWEIGHT,HOME|GYM,LIGHT_MODERATE,SKIP_AFFECTED_AREA,AVOID_PAIN_AREA_ACTIVE_RECOVERY,true,data/normalized/v2_pain_action_policy.json,DOMAIN_EXPERT_REVIEW,2026-08-25T00:00:00+09:00,DOMAIN_APPROVED,false,NRS 4-6: primary and secondary pain-area use excluded; low-intensity active recovery only.
UPPER_BACK,NRS_1_3,1,3,REX-000040,REX-000046,lat_pulldown_vertical_pull_cable_machine,one_arm_wall_lats_isolation_bodyweight,BACK,BACK,VERTICAL_PULL,ISOLATION,BEGINNER,SAME_GOAL,BODYWEIGHT,HOME|GYM,MODERATE,LOAD_REDUCED,SAME_GOAL_LOWER_LOAD_ROM_EASIER_VARIANT,true,data/normalized/v2_pain_action_policy.json,DOMAIN_EXPERT_REVIEW,2026-08-25T00:00:00+09:00,DOMAIN_APPROVED,false,"NRS 1-3: original goal first; runtime reduces load, then ROM, then uses this easier variant."
UPPER_BACK,NRS_4_6,4,6,REX-000040,REX-000009,lat_pulldown_vertical_pull_cable_machine,bodyweight_crunch_core_brace_bodyweight,BACK,CORE,VERTICAL_PULL,CORE_BRACE,BEGINNER,ACTIVE_RECOVERY,BODYWEIGHT,HOME|GYM,LIGHT_MODERATE,SKIP_AFFECTED_AREA,AVOID_PAIN_AREA_ACTIVE_RECOVERY,true,data/normalized/v2_pain_action_policy.json,DOMAIN_EXPERT_REVIEW,2026-08-25T00:00:00+09:00,DOMAIN_APPROVED,false,NRS 4-6: primary and secondary pain-area use excluded; low-intensity active recovery only.
UPPER_BACK,NRS_1_3,1,3,REX-000043,REX-000046,lower_back_curl_core_brace_bodyweight,one_arm_wall_lats_isolation_bodyweight,BACK,BACK,CORE_BRACE,ISOLATION,BEGINNER,SAME_GOAL,BODYWEIGHT,HOME|GYM,MODERATE,LOAD_REDUCED,SAME_GOAL_LOWER_LOAD_ROM_EASIER_VARIANT,true,data/normalized/v2_pain_action_policy.json,DOMAIN_EXPERT_REVIEW,2026-08-25T00:00:00+09:00,DOMAIN_APPROVED,false,"NRS 1-3: original goal first; runtime reduces load, then ROM, then uses this easier variant."
UPPER_BACK,NRS_4_6,4,6,REX-000043,REX-000009,lower_back_curl_core_brace_bodyweight,bodyweight_crunch_core_brace_bodyweight,BACK,CORE,CORE_BRACE,CORE_BRACE,BEGINNER,ACTIVE_RECOVERY,BODYWEIGHT,HOME|GYM,LIGHT_MODERATE,SKIP_AFFECTED_AREA,AVOID_PAIN_AREA_ACTIVE_RECOVERY,true,data/normalized/v2_pain_action_policy.json,DOMAIN_EXPERT_REVIEW,2026-08-25T00:00:00+09:00,DOMAIN_APPROVED,false,NRS 4-6: primary and secondary pain-area use excluded; low-intensity active recovery only.
UPPER_BACK,NRS_1_3,1,3,REX-000046,REX-000097,one_arm_wall_lats_isolation_bodyweight,upper_back_isolation_isolation_resistance_band,BACK,BACK,ISOLATION,ISOLATION,BEGINNER,SAME_GOAL,RESISTANCE_BAND,HOME,MODERATE,LOAD_REDUCED,SAME_GOAL_LOWER_LOAD_ROM_EASIER_VARIANT,true,data/normalized/v2_pain_action_policy.json,DOMAIN_EXPERT_REVIEW,2026-08-25T00:00:00+09:00,DOMAIN_APPROVED,false,"NRS 1-3: original goal first; runtime reduces load, then ROM, then uses this easier variant."
UPPER_BACK,NRS_4_6,4,6,REX-000046,REX-000009,one_arm_wall_lats_isolation_bodyweight,bodyweight_crunch_core_brace_bodyweight,BACK,CORE,ISOLATION,CORE_BRACE,BEGINNER,ACTIVE_RECOVERY,BODYWEIGHT,HOME|GYM,LIGHT_MODERATE,SKIP_AFFECTED_AREA,AVOID_PAIN_AREA_ACTIVE_RECOVERY,true,data/normalized/v2_pain_action_policy.json,DOMAIN_EXPERT_REVIEW,2026-08-25T00:00:00+09:00,DOMAIN_APPROVED,false,NRS 4-6: primary and secondary pain-area use excluded; low-intensity active recovery only.
UPPER_BACK,NRS_1_3,1,3,REX-000053,REX-000003,rear_deltoid_stretch_mobility_stretch_bodyweight,ankle_circles_mobility_stretch_bodyweight,MOBILITY,MOBILITY,MOBILITY_STRETCH,MOBILITY_STRETCH,BEGINNER,SAME_GOAL,BODYWEIGHT,HOME|GYM,LIGHT,LOAD_REDUCED,SAME_GOAL_LOWER_LOAD_ROM_EASIER_VARIANT,true,data/normalized/v2_pain_action_policy.json,DOMAIN_EXPERT_REVIEW,2026-08-25T00:00:00+09:00,DOMAIN_APPROVED,false,"NRS 1-3: original goal first; runtime reduces load, then ROM, then uses this easier variant."
UPPER_BACK,NRS_4_6,4,6,REX-000053,REX-000009,rear_deltoid_stretch_mobility_stretch_bodyweight,bodyweight_crunch_core_brace_bodyweight,MOBILITY,CORE,MOBILITY_STRETCH,CORE_BRACE,BEGINNER,ACTIVE_RECOVERY,BODYWEIGHT,HOME|GYM,LIGHT_MODERATE,SKIP_AFFECTED_AREA,AVOID_PAIN_AREA_ACTIVE_RECOVERY,true,data/normalized/v2_pain_action_policy.json,DOMAIN_EXPERT_REVIEW,2026-08-25T00:00:00+09:00,DOMAIN_APPROVED,false,NRS 4-6: primary and secondary pain-area use excluded; low-intensity active recovery only.
UPPER_BACK,NRS_1_3,1,3,REX-000073,REX-000003,roller_back_stretch,ankle_circles_mobility_stretch_bodyweight,MOBILITY,MOBILITY,MOBILITY_STRETCH,MOBILITY_STRETCH,BEGINNER,SAME_GOAL,BODYWEIGHT,HOME|GYM,LIGHT,LOAD_REDUCED,SAME_GOAL_LOWER_LOAD_ROM_EASIER_VARIANT,true,data/normalized/v2_pain_action_policy.json,DOMAIN_EXPERT_REVIEW,2026-08-25T00:00:00+09:00,DOMAIN_APPROVED,false,"NRS 1-3: original goal first; runtime reduces load, then ROM, then uses this easier variant."
UPPER_BACK,NRS_4_6,4,6,REX-000073,REX-000009,roller_back_stretch,bodyweight_crunch_core_brace_bodyweight,MOBILITY,CORE,MOBILITY_STRETCH,CORE_BRACE,BEGINNER,ACTIVE_RECOVERY,BODYWEIGHT,HOME|GYM,LIGHT_MODERATE,SKIP_AFFECTED_AREA,AVOID_PAIN_AREA_ACTIVE_RECOVERY,true,data/normalized/v2_pain_action_policy.json,DOMAIN_EXPERT_REVIEW,2026-08-25T00:00:00+09:00,DOMAIN_APPROVED,false,NRS 4-6: primary and secondary pain-area use excluded; low-intensity active recovery only.
UPPER_BACK,NRS_1_3,1,3,REX-000076,REX-000079,row_variant_horizontal_pull_cable_machine,seated_cable_row_horizontal_pull_cable_machine,BACK,BACK,HORIZONTAL_PULL,HORIZONTAL_PULL,BEGINNER,SAME_GOAL,CABLE_MACHINE,GYM,MODERATE,LOAD_REDUCED,SAME_GOAL_LOWER_LOAD_ROM_EASIER_VARIANT,true,data/normalized/v2_pain_action_policy.json,DOMAIN_EXPERT_REVIEW,2026-08-25T00:00:00+09:00,DOMAIN_APPROVED,false,"NRS 1-3: original goal first; runtime reduces load, then ROM, then uses this easier variant."
UPPER_BACK,NRS_4_6,4,6,REX-000076,REX-000009,row_variant_horizontal_pull_cable_machine,bodyweight_crunch_core_brace_bodyweight,BACK,CORE,HORIZONTAL_PULL,CORE_BRACE,BEGINNER,ACTIVE_RECOVERY,BODYWEIGHT,HOME|GYM,LIGHT_MODERATE,SKIP_AFFECTED_AREA,AVOID_PAIN_AREA_ACTIVE_RECOVERY,true,data/normalized/v2_pain_action_policy.json,DOMAIN_EXPERT_REVIEW,2026-08-25T00:00:00+09:00,DOMAIN_APPROVED,false,NRS 4-6: primary and secondary pain-area use excluded; low-intensity active recovery only.
UPPER_BACK,NRS_1_3,1,3,REX-000078,REX-000040,scapular_pull_up_vertical_pull_bodyweight_pull_up_bar,lat_pulldown_vertical_pull_cable_machine,BACK,BACK,VERTICAL_PULL,VERTICAL_PULL,BEGINNER,SAME_GOAL,CABLE_MACHINE,GYM,MODERATE,LOAD_REDUCED,SAME_GOAL_LOWER_LOAD_ROM_EASIER_VARIANT,true,data/normalized/v2_pain_action_policy.json,DOMAIN_EXPERT_REVIEW,2026-08-25T00:00:00+09:00,DOMAIN_APPROVED,false,"NRS 1-3: original goal first; runtime reduces load, then ROM, then uses this easier variant."
UPPER_BACK,NRS_4_6,4,6,REX-000078,REX-000009,scapular_pull_up_vertical_pull_bodyweight_pull_up_bar,bodyweight_crunch_core_brace_bodyweight,BACK,CORE,VERTICAL_PULL,CORE_BRACE,BEGINNER,ACTIVE_RECOVERY,BODYWEIGHT,HOME|GYM,LIGHT_MODERATE,SKIP_AFFECTED_AREA,AVOID_PAIN_AREA_ACTIVE_RECOVERY,true,data/normalized/v2_pain_action_policy.json,DOMAIN_EXPERT_REVIEW,2026-08-25T00:00:00+09:00,DOMAIN_APPROVED,false,NRS 4-6: primary and secondary pain-area use excluded; low-intensity active recovery only.
UPPER_BACK,NRS_1_3,1,3,REX-000079,REX-000076,seated_cable_row_horizontal_pull_cable_machine,row_variant_horizontal_pull_cable_machine,BACK,BACK,HORIZONTAL_PULL,HORIZONTAL_PULL,BEGINNER,SAME_GOAL,CABLE_MACHINE,GYM,MODERATE,LOAD_REDUCED,SAME_GOAL_LOWER_LOAD_ROM_EASIER_VARIANT,true,data/normalized/v2_pain_action_policy.json,DOMAIN_EXPERT_REVIEW,2026-08-25T00:00:00+09:00,DOMAIN_APPROVED,false,"NRS 1-3: original goal first; runtime reduces load, then ROM, then uses this easier variant."
UPPER_BACK,NRS_4_6,4,6,REX-000079,REX-000009,seated_cable_row_horizontal_pull_cable_machine,bodyweight_crunch_core_brace_bodyweight,BACK,CORE,HORIZONTAL_PULL,CORE_BRACE,BEGINNER,ACTIVE_RECOVERY,BODYWEIGHT,HOME|GYM,LIGHT_MODERATE,SKIP_AFFECTED_AREA,AVOID_PAIN_AREA_ACTIVE_RECOVERY,true,data/normalized/v2_pain_action_policy.json,DOMAIN_EXPERT_REVIEW,2026-08-25T00:00:00+09:00,DOMAIN_APPROVED,false,NRS 4-6: primary and secondary pain-area use excluded; low-intensity active recovery only.
UPPER_BACK,NRS_1_3,1,3,REX-000084,REX-000003,seated_lower_back_stretch_mobility_stretch_bodyweight,ankle_circles_mobility_stretch_bodyweight,MOBILITY,MOBILITY,MOBILITY_STRETCH,MOBILITY_STRETCH,BEGINNER,SAME_GOAL,BODYWEIGHT,HOME|GYM,LIGHT,LOAD_REDUCED,SAME_GOAL_LOWER_LOAD_ROM_EASIER_VARIANT,true,data/normalized/v2_pain_action_policy.json,DOMAIN_EXPERT_REVIEW,2026-08-25T00:00:00+09:00,DOMAIN_APPROVED,false,"NRS 1-3: original goal first; runtime reduces load, then ROM, then uses this easier variant."
UPPER_BACK,NRS_4_6,4,6,REX-000084,REX-000009,seated_lower_back_stretch_mobility_stretch_bodyweight,bodyweight_crunch_core_brace_bodyweight,MOBILITY,CORE,MOBILITY_STRETCH,CORE_BRACE,BEGINNER,ACTIVE_RECOVERY,BODYWEIGHT,HOME|GYM,LIGHT_MODERATE,SKIP_AFFECTED_AREA,AVOID_PAIN_AREA_ACTIVE_RECOVERY,true,data/normalized/v2_pain_action_policy.json,DOMAIN_EXPERT_REVIEW,2026-08-25T00:00:00+09:00,DOMAIN_APPROVED,false,NRS 4-6: primary and secondary pain-area use excluded; low-intensity active recovery only.
UPPER_BACK,NRS_1_3,1,3,REX-000091,REX-000003,spine_stretch_mobility_stretch_bodyweight,ankle_circles_mobility_stretch_bodyweight,MOBILITY,MOBILITY,MOBILITY_STRETCH,MOBILITY_STRETCH,BEGINNER,SAME_GOAL,BODYWEIGHT,HOME|GYM,LIGHT,LOAD_REDUCED,SAME_GOAL_LOWER_LOAD_ROM_EASIER_VARIANT,true,data/normalized/v2_pain_action_policy.json,DOMAIN_EXPERT_REVIEW,2026-08-25T00:00:00+09:00,DOMAIN_APPROVED,false,"NRS 1-3: original goal first; runtime reduces load, then ROM, then uses this easier variant."
UPPER_BACK,NRS_4_6,4,6,REX-000091,REX-000009,spine_stretch_mobility_stretch_bodyweight,bodyweight_crunch_core_brace_bodyweight,MOBILITY,CORE,MOBILITY_STRETCH,CORE_BRACE,BEGINNER,ACTIVE_RECOVERY,BODYWEIGHT,HOME|GYM,LIGHT_MODERATE,SKIP_AFFECTED_AREA,AVOID_PAIN_AREA_ACTIVE_RECOVERY,true,data/normalized/v2_pain_action_policy.json,DOMAIN_EXPERT_REVIEW,2026-08-25T00:00:00+09:00,DOMAIN_APPROVED,false,NRS 4-6: primary and secondary pain-area use excluded; low-intensity active recovery only.
UPPER_BACK,NRS_1_3,1,3,REX-000092,REX-000003,spine_twist_mobility_stretch_bodyweight,ankle_circles_mobility_stretch_bodyweight,MOBILITY,MOBILITY,MOBILITY_STRETCH,MOBILITY_STRETCH,BEGINNER,SAME_GOAL,BODYWEIGHT,HOME|GYM,LIGHT,LOAD_REDUCED,SAME_GOAL_LOWER_LOAD_ROM_EASIER_VARIANT,true,data/normalized/v2_pain_action_policy.json,DOMAIN_EXPERT_REVIEW,2026-08-25T00:00:00+09:00,DOMAIN_APPROVED,false,"NRS 1-3: original goal first; runtime reduces load, then ROM, then uses this easier variant."
UPPER_BACK,NRS_4_6,4,6,REX-000092,REX-000009,spine_twist_mobility_stretch_bodyweight,bodyweight_crunch_core_brace_bodyweight,MOBILITY,CORE,MOBILITY_STRETCH,CORE_BRACE,BEGINNER,ACTIVE_RECOVERY,BODYWEIGHT,HOME|GYM,LIGHT_MODERATE,SKIP_AFFECTED_AREA,AVOID_PAIN_AREA_ACTIVE_RECOVERY,true,data/normalized/v2_pain_action_policy.json,DOMAIN_EXPERT_REVIEW,2026-08-25T00:00:00+09:00,DOMAIN_APPROVED,false,NRS 4-6: primary and secondary pain-area use excluded; low-intensity active recovery only.
UPPER_BACK,NRS_1_3,1,3,REX-000095,REX-000003,standing_lateral_stretch_mobility_stretch_bodyweight,ankle_circles_mobility_stretch_bodyweight,MOBILITY,MOBILITY,MOBILITY_STRETCH,MOBILITY_STRETCH,BEGINNER,SAME_GOAL,BODYWEIGHT,HOME|GYM,LIGHT,LOAD_REDUCED,SAME_GOAL_LOWER_LOAD_ROM_EASIER_VARIANT,true,data/normalized/v2_pain_action_policy.json,DOMAIN_EXPERT_REVIEW,2026-08-25T00:00:00+09:00,DOMAIN_APPROVED,false,"NRS 1-3: original goal first; runtime reduces load, then ROM, then uses this easier variant."
UPPER_BACK,NRS_4_6,4,6,REX-000095,REX-000009,standing_lateral_stretch_mobility_stretch_bodyweight,bodyweight_crunch_core_brace_bodyweight,MOBILITY,CORE,MOBILITY_STRETCH,CORE_BRACE,BEGINNER,ACTIVE_RECOVERY,BODYWEIGHT,HOME|GYM,LIGHT_MODERATE,SKIP_AFFECTED_AREA,AVOID_PAIN_AREA_ACTIVE_RECOVERY,true,data/normalized/v2_pain_action_policy.json,DOMAIN_EXPERT_REVIEW,2026-08-25T00:00:00+09:00,DOMAIN_APPROVED,false,NRS 4-6: primary and secondary pain-area use excluded; low-intensity active recovery only.
UPPER_BACK,NRS_1_3,1,3,REX-000097,REX-000046,upper_back_isolation_isolation_resistance_band,one_arm_wall_lats_isolation_bodyweight,BACK,BACK,ISOLATION,ISOLATION,BEGINNER,SAME_GOAL,BODYWEIGHT,HOME|GYM,MODERATE,LOAD_REDUCED,SAME_GOAL_LOWER_LOAD_ROM_EASIER_VARIANT,true,data/normalized/v2_pain_action_policy.json,DOMAIN_EXPERT_REVIEW,2026-08-25T00:00:00+09:00,DOMAIN_APPROVED,false,"NRS 1-3: original goal first; runtime reduces load, then ROM, then uses this easier variant."
UPPER_BACK,NRS_4_6,4,6,REX-000097,REX-000009,upper_back_isolation_isolation_resistance_band,bodyweight_crunch_core_brace_bodyweight,BACK,CORE,ISOLATION,CORE_BRACE,BEGINNER,ACTIVE_RECOVERY,BODYWEIGHT,HOME|GYM,LIGHT_MODERATE,SKIP_AFFECTED_AREA,AVOID_PAIN_AREA_ACTIVE_RECOVERY,true,data/normalized/v2_pain_action_policy.json,DOMAIN_EXPERT_REVIEW,2026-08-25T00:00:00+09:00,DOMAIN_APPROVED,false,NRS 4-6: primary and secondary pain-area use excluded; low-intensity active recovery only.
UPPER_BACK,NRS_1_3,1,3,REX-000098,REX-000003,upper_back_stretch_mobility_stretch_bodyweight,ankle_circles_mobility_stretch_bodyweight,MOBILITY,MOBILITY,MOBILITY_STRETCH,MOBILITY_STRETCH,BEGINNER,SAME_GOAL,BODYWEIGHT,HOME|GYM,LIGHT,LOAD_REDUCED,SAME_GOAL_LOWER_LOAD_ROM_EASIER_VARIANT,true,data/normalized/v2_pain_action_policy.json,DOMAIN_EXPERT_REVIEW,2026-08-25T00:00:00+09:00,DOMAIN_APPROVED,false,"NRS 1-3: original goal first; runtime reduces load, then ROM, then uses this easier variant."
UPPER_BACK,NRS_4_6,4,6,REX-000098,REX-000009,upper_back_stretch_mobility_stretch_bodyweight,bodyweight_crunch_core_brace_bodyweight,MOBILITY,CORE,MOBILITY_STRETCH,CORE_BRACE,BEGINNER,ACTIVE_RECOVERY,BODYWEIGHT,HOME|GYM,LIGHT_MODERATE,SKIP_AFFECTED_AREA,AVOID_PAIN_AREA_ACTIVE_RECOVERY,true,data/normalized/v2_pain_action_policy.json,DOMAIN_EXPERT_REVIEW,2026-08-25T00:00:00+09:00,DOMAIN_APPROVED,false,NRS 4-6: primary and secondary pain-area use excluded; low-intensity active recovery only.
WRIST_HAND,NRS_1_3,1,3,REX-000012,REX-000027,bodyweight_pull_up_biceps_vertical_pull_bodyweight_pull_up_bar,dumbbell_preacher_curl_isolation_dumbbell,BICEPS,BICEPS,VERTICAL_PULL,ISOLATION,BEGINNER,SAME_GOAL,DUMBBELL,HOME|GYM,MODERATE,LOAD_REDUCED,SAME_GOAL_LOWER_LOAD_ROM_EASIER_VARIANT,true,data/normalized/v2_pain_action_policy.json,DOMAIN_EXPERT_REVIEW,2026-08-25T00:00:00+09:00,DOMAIN_APPROVED,false,"NRS 1-3: original goal first; runtime reduces load, then ROM, then uses this easier variant."
WRIST_HAND,NRS_4_6,4,6,REX-000012,REX-000009,bodyweight_pull_up_biceps_vertical_pull_bodyweight_pull_up_bar,bodyweight_crunch_core_brace_bodyweight,BICEPS,CORE,VERTICAL_PULL,CORE_BRACE,BEGINNER,ACTIVE_RECOVERY,BODYWEIGHT,HOME|GYM,LIGHT_MODERATE,SKIP_AFFECTED_AREA,AVOID_PAIN_AREA_ACTIVE_RECOVERY,true,data/normalized/v2_pain_action_policy.json,DOMAIN_EXPERT_REVIEW,2026-08-25T00:00:00+09:00,DOMAIN_APPROVED,false,NRS 4-6: primary and secondary pain-area use excluded; low-intensity active recovery only.
WRIST_HAND,NRS_1_3,1,3,REX-000027,REX-000030,dumbbell_preacher_curl_isolation_dumbbell,dumbbell_standing_curl_isolation_dumbbell,BICEPS,BICEPS,ISOLATION,ISOLATION,BEGINNER,SAME_GOAL,DUMBBELL,HOME|GYM,MODERATE,LOAD_REDUCED,SAME_GOAL_LOWER_LOAD_ROM_EASIER_VARIANT,true,data/normalized/v2_pain_action_policy.json,DOMAIN_EXPERT_REVIEW,2026-08-25T00:00:00+09:00,DOMAIN_APPROVED,false,"NRS 1-3: original goal first; runtime reduces load, then ROM, then uses this easier variant."
WRIST_HAND,NRS_4_6,4,6,REX-000027,REX-000009,dumbbell_preacher_curl_isolation_dumbbell,bodyweight_crunch_core_brace_bodyweight,BICEPS,CORE,ISOLATION,CORE_BRACE,BEGINNER,ACTIVE_RECOVERY,BODYWEIGHT,HOME|GYM,LIGHT_MODERATE,SKIP_AFFECTED_AREA,AVOID_PAIN_AREA_ACTIVE_RECOVERY,true,data/normalized/v2_pain_action_policy.json,DOMAIN_EXPERT_REVIEW,2026-08-25T00:00:00+09:00,DOMAIN_APPROVED,false,NRS 4-6: primary and secondary pain-area use excluded; low-intensity active recovery only.
WRIST_HAND,NRS_1_3,1,3,REX-000030,REX-000027,dumbbell_standing_curl_isolation_dumbbell,dumbbell_preacher_curl_isolation_dumbbell,BICEPS,BICEPS,ISOLATION,ISOLATION,BEGINNER,SAME_GOAL,DUMBBELL,HOME|GYM,MODERATE,LOAD_REDUCED,SAME_GOAL_LOWER_LOAD_ROM_EASIER_VARIANT,true,data/normalized/v2_pain_action_policy.json,DOMAIN_EXPERT_REVIEW,2026-08-25T00:00:00+09:00,DOMAIN_APPROVED,false,"NRS 1-3: original goal first; runtime reduces load, then ROM, then uses this easier variant."
WRIST_HAND,NRS_4_6,4,6,REX-000030,REX-000009,dumbbell_standing_curl_isolation_dumbbell,bodyweight_crunch_core_brace_bodyweight,BICEPS,CORE,ISOLATION,CORE_BRACE,BEGINNER,ACTIVE_RECOVERY,BODYWEIGHT,HOME|GYM,LIGHT_MODERATE,SKIP_AFFECTED_AREA,AVOID_PAIN_AREA_ACTIVE_RECOVERY,true,data/normalized/v2_pain_action_policy.json,DOMAIN_EXPERT_REVIEW,2026-08-25T00:00:00+09:00,DOMAIN_APPROVED,false,NRS 4-6: primary and secondary pain-area use excluded; low-intensity active recovery only.
WRIST_HAND,NRS_1_3,1,3,REX-000035,REX-000055,hand_grip_squeeze_isolation_household_weight,reverse_wrist_curl_isolation_barbell,FOREARMS,FOREARMS,ISOLATION,ISOLATION,BEGINNER,SAME_GOAL,BARBELL,GYM,MODERATE,LOAD_REDUCED,SAME_GOAL_LOWER_LOAD_ROM_EASIER_VARIANT,true,data/normalized/v2_pain_action_policy.json,DOMAIN_EXPERT_REVIEW,2026-08-25T00:00:00+09:00,DOMAIN_APPROVED,false,"NRS 1-3: original goal first; runtime reduces load, then ROM, then uses this easier variant."
WRIST_HAND,NRS_4_6,4,6,REX-000035,REX-000009,hand_grip_squeeze_isolation_household_weight,bodyweight_crunch_core_brace_bodyweight,FOREARMS,CORE,ISOLATION,CORE_BRACE,BEGINNER,ACTIVE_RECOVERY,BODYWEIGHT,HOME|GYM,LIGHT_MODERATE,SKIP_AFFECTED_AREA,AVOID_PAIN_AREA_ACTIVE_RECOVERY,true,data/normalized/v2_pain_action_policy.json,DOMAIN_EXPERT_REVIEW,2026-08-25T00:00:00+09:00,DOMAIN_APPROVED,false,NRS 4-6: primary and secondary pain-area use excluded; low-intensity active recovery only.
WRIST_HAND,NRS_1_3,1,3,REX-000048,REX-000003,overhead_triceps_stretch_mobility_stretch_bodyweight,ankle_circles_mobility_stretch_bodyweight,MOBILITY,MOBILITY,MOBILITY_STRETCH,MOBILITY_STRETCH,BEGINNER,SAME_GOAL,BODYWEIGHT,HOME|GYM,LIGHT,LOAD_REDUCED,SAME_GOAL_LOWER_LOAD_ROM_EASIER_VARIANT,true,data/normalized/v2_pain_action_policy.json,DOMAIN_EXPERT_REVIEW,2026-08-25T00:00:00+09:00,DOMAIN_APPROVED,false,"NRS 1-3: original goal first; runtime reduces load, then ROM, then uses this easier variant."
WRIST_HAND,NRS_4_6,4,6,REX-000048,REX-000009,overhead_triceps_stretch_mobility_stretch_bodyweight,bodyweight_crunch_core_brace_bodyweight,MOBILITY,CORE,MOBILITY_STRETCH,CORE_BRACE,BEGINNER,ACTIVE_RECOVERY,BODYWEIGHT,HOME|GYM,LIGHT_MODERATE,SKIP_AFFECTED_AREA,AVOID_PAIN_AREA_ACTIVE_RECOVERY,true,data/normalized/v2_pain_action_policy.json,DOMAIN_EXPERT_REVIEW,2026-08-25T00:00:00+09:00,DOMAIN_APPROVED,false,NRS 4-6: primary and secondary pain-area use excluded; low-intensity active recovery only.
WRIST_HAND,NRS_1_3,1,3,REX-000055,REX-000035,reverse_wrist_curl_isolation_barbell,hand_grip_squeeze_isolation_household_weight,FOREARMS,FOREARMS,ISOLATION,ISOLATION,BEGINNER,SAME_GOAL,HOUSEHOLD_WEIGHT,HOME|GYM,MODERATE,LOAD_REDUCED,SAME_GOAL_LOWER_LOAD_ROM_EASIER_VARIANT,true,data/normalized/v2_pain_action_policy.json,DOMAIN_EXPERT_REVIEW,2026-08-25T00:00:00+09:00,DOMAIN_APPROVED,false,"NRS 1-3: original goal first; runtime reduces load, then ROM, then uses this easier variant."
WRIST_HAND,NRS_4_6,4,6,REX-000055,REX-000009,reverse_wrist_curl_isolation_barbell,bodyweight_crunch_core_brace_bodyweight,FOREARMS,CORE,ISOLATION,CORE_BRACE,BEGINNER,ACTIVE_RECOVERY,BODYWEIGHT,HOME|GYM,LIGHT_MODERATE,SKIP_AFFECTED_AREA,AVOID_PAIN_AREA_ACTIVE_RECOVERY,true,data/normalized/v2_pain_action_policy.json,DOMAIN_EXPERT_REVIEW,2026-08-25T00:00:00+09:00,DOMAIN_APPROVED,false,NRS 4-6: primary and secondary pain-area use excluded; low-intensity active recovery only.
WRIST_HAND,NRS_1_3,1,3,REX-000089,REX-000003,side_wrist_pull_stretch_mobility_stretch_bodyweight,ankle_circles_mobility_stretch_bodyweight,MOBILITY,MOBILITY,MOBILITY_STRETCH,MOBILITY_STRETCH,BEGINNER,SAME_GOAL,BODYWEIGHT,HOME|GYM,LIGHT,LOAD_REDUCED,SAME_GOAL_LOWER_LOAD_ROM_EASIER_VARIANT,true,data/normalized/v2_pain_action_policy.json,DOMAIN_EXPERT_REVIEW,2026-08-25T00:00:00+09:00,DOMAIN_APPROVED,false,"NRS 1-3: original goal first; runtime reduces load, then ROM, then uses this easier variant."
WRIST_HAND,NRS_4_6,4,6,REX-000089,REX-000009,side_wrist_pull_stretch_mobility_stretch_bodyweight,bodyweight_crunch_core_brace_bodyweight,MOBILITY,CORE,MOBILITY_STRETCH,CORE_BRACE,BEGINNER,ACTIVE_RECOVERY,BODYWEIGHT,HOME|GYM,LIGHT_MODERATE,SKIP_AFFECTED_AREA,AVOID_PAIN_AREA_ACTIVE_RECOVERY,true,data/normalized/v2_pain_action_policy.json,DOMAIN_EXPERT_REVIEW,2026-08-25T00:00:00+09:00,DOMAIN_APPROVED,false,NRS 4-6: primary and secondary pain-area use excluded; low-intensity active recovery only.
WRIST_HAND,NRS_1_3,1,3,REX-000096,REX-000003,triceps_stretch_mobility_stretch_bodyweight,ankle_circles_mobility_stretch_bodyweight,MOBILITY,MOBILITY,MOBILITY_STRETCH,MOBILITY_STRETCH,BEGINNER,SAME_GOAL,BODYWEIGHT,HOME|GYM,LIGHT,LOAD_REDUCED,SAME_GOAL_LOWER_LOAD_ROM_EASIER_VARIANT,true,data/normalized/v2_pain_action_policy.json,DOMAIN_EXPERT_REVIEW,2026-08-25T00:00:00+09:00,DOMAIN_APPROVED,false,"NRS 1-3: original goal first; runtime reduces load, then ROM, then uses this easier variant."
WRIST_HAND,NRS_4_6,4,6,REX-000096,REX-000009,triceps_stretch_mobility_stretch_bodyweight,bodyweight_crunch_core_brace_bodyweight,MOBILITY,CORE,MOBILITY_STRETCH,CORE_BRACE,BEGINNER,ACTIVE_RECOVERY,BODYWEIGHT,HOME|GYM,LIGHT_MODERATE,SKIP_AFFECTED_AREA,AVOID_PAIN_AREA_ACTIVE_RECOVERY,true,data/normalized/v2_pain_action_policy.json,DOMAIN_EXPERT_REVIEW,2026-08-25T00:00:00+09:00,DOMAIN_APPROVED,false,NRS 4-6: primary and secondary pain-area use excluded; low-intensity active recovery only.
WRIST_HAND,NRS_1_3,1,3,REX-000101,REX-000003,wrist_circles_mobility_stretch_bodyweight,ankle_circles_mobility_stretch_bodyweight,MOBILITY,MOBILITY,MOBILITY_STRETCH,MOBILITY_STRETCH,BEGINNER,SAME_GOAL,BODYWEIGHT,HOME|GYM,LIGHT,LOAD_REDUCED,SAME_GOAL_LOWER_LOAD_ROM_EASIER_VARIANT,true,data/normalized/v2_pain_action_policy.json,DOMAIN_EXPERT_REVIEW,2026-08-25T00:00:00+09:00,DOMAIN_APPROVED,false,"NRS 1-3: original goal first; runtime reduces load, then ROM, then uses this easier variant."
WRIST_HAND,NRS_4_6,4,6,REX-000101,REX-000009,wrist_circles_mobility_stretch_bodyweight,bodyweight_crunch_core_brace_bodyweight,MOBILITY,CORE,MOBILITY_STRETCH,CORE_BRACE,BEGINNER,ACTIVE_RECOVERY,BODYWEIGHT,HOME|GYM,LIGHT_MODERATE,SKIP_AFFECTED_AREA,AVOID_PAIN_AREA_ACTIVE_RECOVERY,true,data/normalized/v2_pain_action_policy.json,DOMAIN_EXPERT_REVIEW,2026-08-25T00:00:00+09:00,DOMAIN_APPROVED,false,NRS 4-6: primary and secondary pain-area use excluded; low-intensity active recovery only.
WRIST_HAND,NRS_1_3,1,3,REX-000102,REX-000035,wrist_curl_isolation_barbell,hand_grip_squeeze_isolation_household_weight,FOREARMS,FOREARMS,ISOLATION,ISOLATION,BEGINNER,SAME_GOAL,HOUSEHOLD_WEIGHT,HOME|GYM,MODERATE,LOAD_REDUCED,SAME_GOAL_LOWER_LOAD_ROM_EASIER_VARIANT,true,data/normalized/v2_pain_action_policy.json,DOMAIN_EXPERT_REVIEW,2026-08-25T00:00:00+09:00,DOMAIN_APPROVED,false,"NRS 1-3: original goal first; runtime reduces load, then ROM, then uses this easier variant."
WRIST_HAND,NRS_4_6,4,6,REX-000102,REX-000009,wrist_curl_isolation_barbell,bodyweight_crunch_core_brace_bodyweight,FOREARMS,CORE,ISOLATION,CORE_BRACE,BEGINNER,ACTIVE_RECOVERY,BODYWEIGHT,HOME|GYM,LIGHT_MODERATE,SKIP_AFFECTED_AREA,AVOID_PAIN_AREA_ACTIVE_RECOVERY,true,data/normalized/v2_pain_action_policy.json,DOMAIN_EXPERT_REVIEW,2026-08-25T00:00:00+09:00,DOMAIN_APPROVED,false,NRS 4-6: primary and secondary pain-area use excluded; low-intensity active recovery only.
