record_type,catalog_version_code,stable_code,representative_exercise_id,name_ko,name_en,training_type_code,body_focus_code,primary_movement_pattern_code,difficulty_code,difficulty_status,timing_mode_code,default_seconds_per_rep,default_work_seconds,default_rest_seconds,default_transition_seconds,equipment_codes,location_codes,primary_body_area_codes,secondary_body_area_codes,recovery_eligible,instruction_summary_ko,form_cues_ko,instruction_content_version,review_status_code,source_track,source_identity,production_eligible,allowed_experience_level_codes,fitt_template_ids_by_experience,fitt_mapping_exception_code,fitt_mapping_note,mapping_source_exercise_id,v1_exercise_ids,artifact_review_status_code,review_required,source_catalog_version_code,v1_exercise_id,v1_exercise_name_ko,v1_name_en,v1_source_name_en,v1_training_type_code,v1_body_focus_code,v1_primary_body_area_codes,v1_secondary_body_area_codes,v1_target_body_area_codes,v1_timing_mode_code,v1_default_sets,v1_default_reps,v1_default_work_seconds,v1_default_rest_seconds,v1_default_transition_seconds,v1_intensity_level,exercise_stable_code,source_review_status_code,alias_only
EXERCISE,exercise-catalog-v2.0.2-draft,abs_core_brace_core_brace_mat,REX-000001,누워서 복부 수축하기,누워서 배가로근 수축1,STRENGTH,CORE,CORE_BRACE,BEGINNER,APPROVED,DURATION,,30,90,15,"[""MAT""]","[""HOME""]","[""ABDOMEN""]","[""LOWER_BACK""]",false,복부 브레이싱 운동은 몸통을 유지하며 몸통 주변에 힘을 쓰는 운동입니다.,"[""안내된 시작 자세를 안정적으로 잡는다."",""배 주변에 가볍게 힘을 주고 숨을 쉰다."",""몸통이 흔들리지 않는 범위에서 팔이나 다리를 움직인다."",""천천히 시작 자세로 돌아온다.""]",representative-content-v0.1.0,DOMAIN_APPROVED,kspo,9cbed9e85b778b40b4786394c774c081fcfb39e3cf13df612476c9d0bf56c9e7,false,"[""BEGINNER"",""INTERMEDIATE""]","{""INTERMEDIATE"":""FITT-CORE-DYNAMIC-INTERMEDIATE-V1"",""BEGINNER"":""FITT-CORE-DYNAMIC-V1""}",NONE,동적 코어 운동에 REPS 단위 템플릿 적용.,NEX-000177,"[""NEX-000177""]",REVIEW_REQUIRED,true,,,,,,,,,,,,,,,,,,,,
EXERCISE,exercise-catalog-v2.0.2-draft,all_fours_squat_stretch_mobility_stretch_bodyweight,REX-000002,쿼드러펫 락백,all fours squad stretch,MOBILITY,MOBILITY,MOBILITY_STRETCH,BEGINNER,APPROVED,DURATION,,30,30,15,"[""BODYWEIGHT""]","[""HOME"",""GYM""]","[""KNEE"",""HIP""]","[""ANKLE_FOOT""]",true,네발기기 스쿼트 스트레칭 운동은 무릎·고관절 주변을 천천히 움직이며 범위를 확인하는 스트레칭입니다.,"[""편안한 시작 자세를 잡고 주변 공간을 확인한다."",""숨을 고르게 쉬며 안내된 방향으로 천천히 움직인다."",""당김이 느껴지는 범위에서 잠시 멈춘다."",""반동 없이 시작 자세로 천천히 돌아온다.""]",representative-content-v0.1.0,DOMAIN_APPROVED,gymvisual,1512,false,"[""BEGINNER"",""INTERMEDIATE""]","{""INTERMEDIATE"":""FITT-MOBILITY-INTERMEDIATE-V1"",""BEGINNER"":""FITT-MOBILITY-V1""}",NONE,패턴 전용 FITT 템플릿 적용.,NEX-000131,"[""NEX-000131""]",REVIEW_REQUIRED,true,,,,,,,,,,,,,,,,,,,,
EXERCISE,exercise-catalog-v2.0.2-draft,ankle_circles_mobility_stretch_bodyweight,REX-000003,발목 돌리기,ankle circles,MOBILITY,MOBILITY,MOBILITY_STRETCH,BEGINNER,APPROVED,DURATION,,30,30,15,"[""BODYWEIGHT""]","[""HOME"",""GYM""]","[""ANKLE_FOOT""]","[""KNEE""]",true,발목 돌리기 운동은 발목과 발 주변을 천천히 움직이며 범위를 확인하는 스트레칭입니다.,"[""편안한 시작 자세를 잡고 주변 공간을 확인한다."",""숨을 고르게 쉬며 안내된 방향으로 천천히 움직인다."",""당김이 느껴지는 범위에서 잠시 멈춘다."",""반동 없이 시작 자세로 천천히 돌아온다.""]",representative-content-v0.1.0,DOMAIN_APPROVED,gymvisual,1368,false,"[""BEGINNER"",""INTERMEDIATE""]","{""INTERMEDIATE"":""FITT-MOBILITY-INTERMEDIATE-V1"",""BEGINNER"":""FITT-MOBILITY-V1""}",NONE,패턴 전용 FITT 템플릿 적용.,NEX-000116,"[""NEX-000116""]",REVIEW_REQUIRED,true,,,,,,,,,,,,,,,,,,,,
EXERCISE,exercise-catalog-v2.0.2-draft,barbell_deadlift_hip_dominant_barbell,REX-000004,데드리프트,barbell deadlift,STRENGTH,GLUTES,HIP_DOMINANT,INTERMEDIATE,APPROVED,REPS,4,,90,15,"[""BARBELL""]","[""GYM""]","[""HIP""]","[""KNEE"",""LOWER_BACK""]",false,데드리프트 운동은 엉덩이를 뒤로 보내며 엉덩이를 사용하는 운동입니다.,"[""발을 편하게 두고 기구나 주변을 안정적으로 준비한다."",""엉덩이를 뒤로 보내며 상체를 천천히 기울인다."",""등과 목을 편안히 두고 엉덩이로 힘을 낸다."",""천천히 시작 자세로 돌아온다.""]",representative-content-v0.1.0,DOMAIN_APPROVED,gymvisual,0032,false,"[""INTERMEDIATE""]","{""INTERMEDIATE"":""FITT-COMPOUND-HINGE-INTERMEDIATE-V1""}",NONE,다관절 저항운동 패턴 전용 복합 템플릿 적용.,NEX-000001,"[""NEX-000001"",""NEX-000032"",""NEX-000186"",""NEX-000192""]",REVIEW_REQUIRED,true,,,,,,,,,,,,,,,,,,,,
EXERCISE,exercise-catalog-v2.0.2-draft,barbell_front_raise_isolation_barbell,REX-000005,프론트 레이즈,barbell front raise,STRENGTH,SHOULDERS,ISOLATION,BEGINNER,APPROVED,REPS,4,,90,15,"[""BARBELL""]","[""GYM""]","[""SHOULDER""]","[""ELBOW""]",false,프론트 레이즈 운동은 다른 부위의 움직임을 줄이고 어깨를 집중해 사용하는 운동입니다.,"[""시작 자세와 기구를 안정적으로 준비한다."",""안내된 부위를 중심으로 천천히 움직인다."",""끝 범위에서 힘을 잠시 유지한다."",""반동 없이 시작 자세로 돌아온다.""]",representative-content-v0.1.0,DOMAIN_APPROVED,gymvisual,0041,false,"[""BEGINNER"",""INTERMEDIATE""]","{""INTERMEDIATE"":""FITT-ISOLATION-STRENGTH-INTERMEDIATE-V1"",""BEGINNER"":""FITT-ISOLATION-STRENGTH-V1""}",NONE,단일관절 또는 고립 저항운동 특성으로 ISOLATION_STRENGTH 템플릿 적용.,NEX-000004,"[""NEX-000004"",""NEX-000035"",""NEX-000036"",""NEX-000040"",""NEX-000053"",""NEX-000098""]",REVIEW_REQUIRED,true,,,,,,,,,,,,,,,,,,,,
EXERCISE,exercise-catalog-v2.0.2-draft,barbell_pullover_isolation_barbell,REX-000006,풀오버,barbell pullover,STRENGTH,BACK,ISOLATION,INTERMEDIATE,APPROVED,REPS,4,,90,15,"[""BARBELL""]","[""GYM""]","[""UPPER_BACK""]","[""CHEST"",""ELBOW""]",false,풀오버 운동은 다른 부위의 움직임을 줄이고 등을 집중해 사용하는 운동입니다.,"[""시작 자세와 기구를 안정적으로 준비한다."",""안내된 부위를 중심으로 천천히 움직인다."",""끝 범위에서 힘을 잠시 유지한다."",""반동 없이 시작 자세로 돌아온다.""]",representative-content-v0.1.0,DOMAIN_APPROVED,gymvisual,0073,false,"[""INTERMEDIATE""]","{""INTERMEDIATE"":""FITT-ISOLATION-STRENGTH-INTERMEDIATE-V1""}",NONE,단일관절 또는 고립 저항운동 특성으로 ISOLATION_STRENGTH 템플릿 적용.,NEX-000002,"[""NEX-000002"",""NEX-000003"",""NEX-000005"",""NEX-000018"",""NEX-000148"",""NEX-000161""]",REVIEW_REQUIRED,true,,,,,,,,,,,,,,,,,,,,
EXERCISE,exercise-catalog-v2.0.2-draft,barbell_straight_leg_deadlift_hip_dominant_barbell,REX-000007,루마니안 데드리프트,barbell straight leg deadlift,STRENGTH,HAMSTRINGS,HIP_DOMINANT,INTERMEDIATE,APPROVED,REPS,4,,90,15,"[""BARBELL""]","[""GYM""]","[""HIP""]","[""KNEE"",""LOWER_BACK""]",false,루마니안 데드리프트 운동은 엉덩이를 뒤로 보내며 허벅지 뒤쪽을 사용하는 운동입니다.,"[""발을 편하게 두고 기구나 주변을 안정적으로 준비한다."",""엉덩이를 뒤로 보내며 상체를 천천히 기울인다."",""등과 목을 편안히 두고 엉덩이로 힘을 낸다."",""천천히 시작 자세로 돌아온다.""]",representative-content-v0.1.0,DOMAIN_APPROVED,gymvisual,0116,false,"[""INTERMEDIATE""]","{""INTERMEDIATE"":""FITT-COMPOUND-HINGE-INTERMEDIATE-V1""}",NONE,다관절 저항운동 패턴 전용 복합 템플릿 적용.,NEX-000009,"[""NEX-000009"",""NEX-000061"",""NEX-000062"",""NEX-000104"",""NEX-000107"",""NEX-000193"",""NEX-000205""]",REVIEW_REQUIRED,true,,,,,,,,,,,,,,,,,,,,
EXERCISE,exercise-catalog-v2.0.2-draft,bodyweight_back_extension_hip_dominant_bodyweight,REX-000008,백 익스텐션,hyperextension,STRENGTH,BACK,HIP_DOMINANT,INTERMEDIATE,APPROVED,REPS,4,,90,15,"[""BODYWEIGHT""]","[""HOME"",""GYM""]","[""LOWER_BACK""]","[""HIP"",""UPPER_BACK""]",false,백 익스텐션 운동은 엉덩이를 뒤로 보내며 등을 사용하는 운동입니다.,"[""발을 편하게 두고 기구나 주변을 안정적으로 준비한다."",""엉덩이를 뒤로 보내며 상체를 천천히 기울인다."",""등과 목을 편안히 두고 엉덩이로 힘을 낸다."",""천천히 시작 자세로 돌아온다.""]",representative-content-v0.1.0,DOMAIN_APPROVED,gymvisual,0489,false,"[""INTERMEDIATE""]","{""INTERMEDIATE"":""FITT-COMPOUND-HINGE-INTERMEDIATE-V1""}",NONE,다관절 저항운동 패턴 전용 복합 템플릿 적용.,NEX-000064,"[""NEX-000064""]",REVIEW_REQUIRED,true,,,,,,,,,,,,,,,,,,,,
EXERCISE,exercise-catalog-v2.0.2-draft,bodyweight_crunch_core_brace_bodyweight,REX-000009,크런치,crunch floor,STRENGTH,CORE,CORE_BRACE,BEGINNER,APPROVED,DURATION,,30,90,15,"[""BODYWEIGHT""]","[""HOME"",""GYM""]","[""ABDOMEN""]","[""LOWER_BACK""]",false,크런치 운동은 몸통을 유지하며 몸통 주변에 힘을 쓰는 운동입니다.,"[""안내된 시작 자세를 안정적으로 잡는다."",""배 주변에 가볍게 힘을 주고 숨을 쉰다."",""몸통이 흔들리지 않는 범위에서 팔이나 다리를 움직인다."",""천천히 시작 자세로 돌아온다.""]",representative-content-v0.1.0,DOMAIN_APPROVED,gymvisual,0274,false,"[""BEGINNER"",""INTERMEDIATE""]","{""INTERMEDIATE"":""FITT-CORE-DYNAMIC-INTERMEDIATE-V1"",""BEGINNER"":""FITT-CORE-DYNAMIC-V1""}",NONE,동적 코어 운동에 REPS 단위 템플릿 적용.,NEX-000029,"[""NEX-000029"",""NEX-000031""]",REVIEW_REQUIRED,true,,,,,,,,,,,,,,,,,,,,
EXERCISE,exercise-catalog-v2.0.2-draft,bodyweight_forward_lunge_knee_dominant_bodyweight,REX-000010,포워드 런지,forward lunge (male),STRENGTH,GLUTES,KNEE_DOMINANT,INTERMEDIATE,APPROVED,REPS,4,,90,15,"[""BODYWEIGHT""]","[""HOME"",""GYM""]","[""HIP"",""KNEE""]","[""ANKLE_FOOT""]",false,포워드 런지 운동은 다리를 굽혔다 펴며 엉덩이를 사용하는 운동입니다.,"[""발을 편하게 벌리고 양발에 무게를 나눈다."",""엉덩이를 뒤로 보내며 무릎을 천천히 굽힌다."",""발바닥을 바닥에 두고 편한 범위까지만 내려간다."",""발로 바닥을 밀며 천천히 시작 자세로 돌아온다.""]",representative-content-v0.1.0,DOMAIN_APPROVED,gymvisual,3470,false,"[""INTERMEDIATE""]","{""INTERMEDIATE"":""FITT-COMPOUND-LUNGE-INTERMEDIATE-V1""}",NONE,다관절 저항운동 패턴 전용 복합 템플릿 적용.,NEX-000041,"[""NEX-000041"",""NEX-000051"",""NEX-000068"",""NEX-000128"",""NEX-000165"",""NEX-000167""]",REVIEW_REQUIRED,true,,,,,,,,,,,,,,,,,,,,
EXERCISE,exercise-catalog-v2.0.2-draft,bodyweight_glute_bridge_hip_dominant_bodyweight,REX-000011,글루트 브리지,low glute bridge on floor,STRENGTH,GLUTES,HIP_DOMINANT,BEGINNER,APPROVED,REPS,4,,90,15,"[""BODYWEIGHT""]","[""HOME"",""GYM""]","[""HIP""]","[""KNEE"",""LOWER_BACK""]",false,글루트 브리지 운동은 엉덩이를 뒤로 보내며 엉덩이를 사용하는 운동입니다.,"[""발을 편하게 두고 기구나 주변을 안정적으로 준비한다."",""엉덩이를 뒤로 보내며 상체를 천천히 기울인다."",""등과 목을 편안히 두고 엉덩이로 힘을 낸다."",""천천히 시작 자세로 돌아온다.""]",representative-content-v0.1.0,DOMAIN_APPROVED,gymvisual,3013,false,"[""BEGINNER"",""INTERMEDIATE""]","{""INTERMEDIATE"":""FITT-COMPOUND-HINGE-INTERMEDIATE-V1"",""BEGINNER"":""FITT-COMPOUND-HINGE-V1""}",NONE,다관절 저항운동 패턴 전용 복합 템플릿 적용.,NEX-000162,"[""NEX-000162""]",REVIEW_REQUIRED,true,,,,,,,,,,,,,,,,,,,,
EXERCISE,exercise-catalog-v2.0.2-draft,bodyweight_pull_up_biceps_vertical_pull_bodyweight_pull_up_bar,REX-000012,풀업,biceps pull-up,STRENGTH,BICEPS,VERTICAL_PULL,INTERMEDIATE,APPROVED,REPS,4,,90,15,"[""BODYWEIGHT"",""PULL_UP_BAR""]","[""HOME"",""GYM""]","[""ELBOW""]","[""UPPER_BACK"",""WRIST_HAND""]",false,풀업 운동은 팔꿈치를 아래로 당기며 팔 앞쪽을 사용하는 운동입니다.,"[""손잡이를 안정적으로 잡고 몸을 준비한다."",""어깨를 내린 채 팔꿈치를 아래로 당긴다."",""조절할 수 있는 범위까지만 당긴다."",""팔을 천천히 펴며 시작 위치로 돌아온다.""]",representative-content-v0.1.0,DOMAIN_APPROVED,gymvisual,0140,false,"[""INTERMEDIATE""]","{""INTERMEDIATE"":""FITT-COMPOUND-PULL-INTERMEDIATE-V1""}",NONE,다관절 저항운동 패턴 전용 복합 템플릿 적용.,NEX-000011,"[""NEX-000011""]",REVIEW_REQUIRED,true,,,,,,,,,,,,,,,,,,,,
EXERCISE,exercise-catalog-v2.0.2-draft,bodyweight_reverse_crunch_core_brace_bodyweight,REX-000013,리버스 크런치,reverse crunch,STRENGTH,CORE,CORE_BRACE,BEGINNER,APPROVED,DURATION,,30,90,15,"[""BODYWEIGHT""]","[""HOME"",""GYM""]","[""ABDOMEN""]","[""LOWER_BACK""]",false,리버스 크런치 운동은 몸통을 유지하며 몸통 주변에 힘을 쓰는 운동입니다.,"[""안내된 시작 자세를 안정적으로 잡는다."",""배 주변에 가볍게 힘을 주고 숨을 쉰다."",""몸통이 흔들리지 않는 범위에서 팔이나 다리를 움직인다."",""천천히 시작 자세로 돌아온다.""]",representative-content-v0.1.0,DOMAIN_APPROVED,gymvisual,0872,false,"[""BEGINNER"",""INTERMEDIATE""]","{""INTERMEDIATE"":""FITT-CORE-DYNAMIC-INTERMEDIATE-V1"",""BEGINNER"":""FITT-CORE-DYNAMIC-V1""}",NONE,동적 코어 운동에 REPS 단위 템플릿 적용.,NEX-000027,"[""NEX-000027"",""NEX-000088"",""NEX-000094"",""NEX-000095"",""NEX-000146""]",REVIEW_REQUIRED,true,,,,,,,,,,,,,,,,,,,,
EXERCISE,exercise-catalog-v2.0.2-draft,bodyweight_russian_twist_core_brace_bodyweight,REX-000014,러시안 트위스트,russian twist,STRENGTH,CORE,CORE_BRACE,INTERMEDIATE,APPROVED,DURATION,,30,90,15,"[""BODYWEIGHT""]","[""HOME"",""GYM""]","[""ABDOMEN""]","[""LOWER_BACK""]",false,러시안 트위스트 운동은 몸통을 유지하며 몸통 주변에 힘을 쓰는 운동입니다.,"[""안내된 시작 자세를 안정적으로 잡는다."",""배 주변에 가볍게 힘을 주고 숨을 쉰다."",""몸통이 흔들리지 않는 범위에서 팔이나 다리를 움직인다."",""천천히 시작 자세로 돌아온다.""]",representative-content-v0.1.0,DOMAIN_APPROVED,gymvisual,0687,false,"[""INTERMEDIATE""]","{""INTERMEDIATE"":""FITT-CORE-DYNAMIC-INTERMEDIATE-V1""}",NONE,동적 코어 운동에 REPS 단위 템플릿 적용.,NEX-000023,"[""NEX-000023"",""NEX-000077"",""NEX-000090"",""NEX-000091"",""NEX-000155""]",REVIEW_REQUIRED,true,,,,,,,,,,,,,,,,,,,,
EXERCISE,exercise-catalog-v2.0.2-draft,bodyweight_split_squat_knee_dominant_bodyweight,REX-000015,스플릿 스쿼트,split squats,STRENGTH,QUADRICEPS,KNEE_DOMINANT,INTERMEDIATE,APPROVED,REPS,4,,90,15,"[""BODYWEIGHT""]","[""HOME"",""GYM""]","[""KNEE"",""HIP""]","[""ANKLE_FOOT""]",false,스플릿 스쿼트 운동은 다리를 굽혔다 펴며 허벅지 앞쪽을 사용하는 운동입니다.,"[""발을 편하게 벌리고 양발에 무게를 나눈다."",""엉덩이를 뒤로 보내며 무릎을 천천히 굽힌다."",""발바닥을 바닥에 두고 편한 범위까지만 내려간다."",""발로 바닥을 밀며 천천히 시작 자세로 돌아온다.""]",representative-content-v0.1.0,DOMAIN_APPROVED,gymvisual,2368,false,"[""INTERMEDIATE""]","{""INTERMEDIATE"":""FITT-COMPOUND-LUNGE-INTERMEDIATE-V1""}",NONE,다관절 저항운동 패턴 전용 복합 템플릿 적용.,NEX-000154,"[""NEX-000154"",""NEX-000195""]",REVIEW_REQUIRED,true,,,,,,,,,,,,,,,,,,,,
EXERCISE,exercise-catalog-v2.0.2-draft,bodyweight_standing_calf_raise_isolation_bodyweight,REX-000016,스탠딩 카프 레이즈,bodyweight standing calf raise,STRENGTH,CALVES,ISOLATION,BEGINNER,APPROVED,REPS,4,,90,15,"[""BODYWEIGHT""]","[""HOME"",""GYM""]","[""ANKLE_FOOT""]","[""KNEE""]",false,스탠딩 카프 레이즈 운동은 다른 부위의 움직임을 줄이고 종아리를 집중해 사용하는 운동입니다.,"[""시작 자세와 기구를 안정적으로 준비한다."",""안내된 부위를 중심으로 천천히 움직인다."",""끝 범위에서 힘을 잠시 유지한다."",""반동 없이 시작 자세로 돌아온다.""]",representative-content-v0.1.0,DOMAIN_APPROVED,gymvisual,1373,false,"[""BEGINNER"",""INTERMEDIATE""]","{""INTERMEDIATE"":""FITT-ISOLATION-STRENGTH-INTERMEDIATE-V1"",""BEGINNER"":""FITT-ISOLATION-STRENGTH-V1""}",NONE,단일관절 또는 고립 저항운동 특성으로 ISOLATION_STRENGTH 템플릿 적용.,NEX-000058,"[""NEX-000058"",""NEX-000102"",""NEX-000117"",""NEX-000118"",""NEX-000121"",""NEX-000122""]",REVIEW_REQUIRED,true,,,,,,,,,,,,,,,,,,,,
EXERCISE,exercise-catalog-v2.0.2-draft,butterfly_adductor_stretch_mobility_stretch_bodyweight,REX-000017,버터플라이 스트레칭,butterfly yoga pose,MOBILITY,MOBILITY,MOBILITY_STRETCH,BEGINNER,APPROVED,DURATION,,30,30,15,"[""BODYWEIGHT""]","[""HOME"",""GYM""]","[""HIP""]","[""KNEE""]",true,버터플라이 스트레칭 운동은 고관절 주변을 천천히 움직이며 범위를 확인하는 스트레칭입니다.,"[""편안한 시작 자세를 잡고 주변 공간을 확인한다."",""숨을 고르게 쉬며 안내된 방향으로 천천히 움직인다."",""당김이 느껴지는 범위에서 잠시 멈춘다."",""반동 없이 시작 자세로 천천히 돌아온다.""]",representative-content-v0.1.0,DOMAIN_APPROVED,gymvisual,1494,false,"[""BEGINNER"",""INTERMEDIATE""]","{""INTERMEDIATE"":""FITT-MOBILITY-INTERMEDIATE-V1"",""BEGINNER"":""FITT-MOBILITY-V1""}",NONE,패턴 전용 FITT 템플릿 적용.,NEX-000129,"[""NEX-000129""]",REVIEW_REQUIRED,true,,,,,,,,,,,,,,,,,,,,
EXERCISE,exercise-catalog-v2.0.2-draft,cable_fly_isolation_cable_machine,REX-000018,케이블 플라이,cable standing fly,STRENGTH,CHEST,ISOLATION,BEGINNER,APPROVED,REPS,4,,90,15,"[""CABLE_MACHINE""]","[""GYM""]","[""CHEST""]","[""SHOULDER""]",false,케이블 플라이 운동은 다른 부위의 움직임을 줄이고 가슴을 집중해 사용하는 운동입니다.,"[""시작 자세와 기구를 안정적으로 준비한다."",""안내된 부위를 중심으로 천천히 움직인다."",""끝 범위에서 힘을 잠시 유지한다."",""반동 없이 시작 자세로 돌아온다.""]",representative-content-v0.1.0,DOMAIN_APPROVED,gymvisual,0227,false,"[""BEGINNER"",""INTERMEDIATE""]","{""INTERMEDIATE"":""FITT-ISOLATION-STRENGTH-INTERMEDIATE-V1"",""BEGINNER"":""FITT-ISOLATION-STRENGTH-V1""}",NONE,단일관절 또는 고립 저항운동 특성으로 ISOLATION_STRENGTH 템플릿 적용.,NEX-000012,"[""NEX-000012"",""NEX-000016"",""NEX-000017"",""NEX-000019"",""NEX-000026"",""NEX-000109""]",REVIEW_REQUIRED,true,,,,,,,,,,,,,,,,,,,,
EXERCISE,exercise-catalog-v2.0.2-draft,cable_triceps_pushdown_isolation_cable_machine,REX-000019,케이블 트라이셉스 푸시다운,cable pushdown,STRENGTH,TRICEPS,ISOLATION,BEGINNER,APPROVED,REPS,4,,90,15,"[""CABLE_MACHINE""]","[""GYM""]","[""ELBOW""]","[""SHOULDER""]",false,케이블 트라이셉스 푸시다운 운동은 다른 부위의 움직임을 줄이고 팔 뒤쪽을 집중해 사용하는 운동입니다.,"[""시작 자세와 기구를 안정적으로 준비한다."",""안내된 부위를 중심으로 천천히 움직인다."",""끝 범위에서 힘을 잠시 유지한다."",""반동 없이 시작 자세로 돌아온다.""]",representative-content-v0.1.0,DOMAIN_APPROVED,gymvisual,0201,false,"[""BEGINNER"",""INTERMEDIATE""]","{""INTERMEDIATE"":""FITT-ISOLATION-STRENGTH-INTERMEDIATE-V1"",""BEGINNER"":""FITT-ISOLATION-STRENGTH-V1""}",NONE,단일관절 또는 고립 저항운동 특성으로 ISOLATION_STRENGTH 템플릿 적용.,NEX-000021,"[""NEX-000021""]",REVIEW_REQUIRED,true,,,,,,,,,,,,,,,,,,,,
EXERCISE,exercise-catalog-v2.0.2-draft,cardio_cycling_stationary_bike,REX-000067,실내 자전거,stationary bike run v. 3,CARDIO,CARDIO,CYCLING,BEGINNER,APPROVED,DURATION,,60,60,15,"[""STATIONARY_BIKE""]","[""GYM""]","[""KNEE"",""HIP""]","[""ANKLE_FOOT""]",false,실내 자전거 운동은 고정된 자전거 페달을 일정한 리듬으로 밟는 유산소 운동입니다.,"[""안장과 손잡이 위치를 편하게 맞춘다."",""페달에 발을 안정적으로 올리고 천천히 시작한다."",""상체를 편안히 유지하며 일정한 리듬으로 페달을 밟는다."",""저항과 속도를 낮추며 천천히 마무리한다.""]",representative-content-v0.1.0,DOMAIN_APPROVED,gymvisual,2138,false,"[""BEGINNER"",""INTERMEDIATE""]","{""INTERMEDIATE"":""FITT-CARDIO-INTERMEDIATE-V1"",""BEGINNER"":""FITT-CARDIO-V1""}",NONE,패턴 전용 FITT 템플릿 적용.,NEX-000143,"[""NEX-000143""]",REVIEW_REQUIRED,true,,,,,,,,,,,,,,,,,,,,
EXERCISE,exercise-catalog-v2.0.2-draft,cardio_elliptical_elliptical_machine,REX-000072,일립티컬,walk elliptical cross trainer,CARDIO,CARDIO,ELLIPTICAL,BEGINNER,APPROVED,DURATION,,60,60,15,"[""ELLIPTICAL_MACHINE""]","[""GYM""]","[""KNEE"",""HIP""]","[""ANKLE_FOOT""]",false,일립티컬 운동은 발판과 손잡이를 함께 사용해 일정한 리듬으로 움직이는 유산소 운동입니다.,"[""발판과 손잡이를 확인하고 양발을 안정적으로 올린다."",""천천히 페달을 움직이며 편한 리듬을 찾는다."",""시선을 앞에 두고 손잡이는 가볍게 잡는다."",""속도와 저항을 낮추며 발판에서 안전하게 내린다.""]",representative-content-v0.1.0,DOMAIN_APPROVED,gymvisual,2141,false,"[""BEGINNER"",""INTERMEDIATE""]","{""INTERMEDIATE"":""FITT-CARDIO-INTERMEDIATE-V1"",""BEGINNER"":""FITT-CARDIO-V1""}",NONE,패턴 전용 FITT 템플릿 적용.,NEX-000144,"[""NEX-000144""]",REVIEW_REQUIRED,true,,,,,,,,,,,,,,,,,,,,
EXERCISE,exercise-catalog-v2.0.2-draft,cardio_gait_bodyweight,REX-000056,앞뒤 스텝,back and forth step,CARDIO,CARDIO,GAIT,BEGINNER,APPROVED,DURATION,,60,60,15,"[""BODYWEIGHT""]","[""HOME""]","[""ANKLE_FOOT"",""KNEE""]","[""HIP""]",false,앞뒤 스텝 운동은 일정한 리듬으로 몸을 움직이는 유산소 운동입니다.,"[""주변 공간과 발을 디딜 곳을 확인한다."",""천천히 시작해 편안한 리듬을 찾는다."",""시선을 앞에 두고 발을 안정적으로 디딘다."",""속도와 움직임을 낮추며 마무리한다.""]",representative-content-v0.1.0,DOMAIN_APPROVED,gymvisual,3672,false,"[""BEGINNER"",""INTERMEDIATE""]","{""INTERMEDIATE"":""FITT-CARDIO-INTERMEDIATE-V1"",""BEGINNER"":""FITT-CARDIO-V1""}",NONE,패턴 전용 FITT 템플릿 적용.,NEX-000171,"[""NEX-000171""]",REVIEW_REQUIRED,true,,,,,,,,,,,,,,,,,,,,
EXERCISE,exercise-catalog-v2.0.2-draft,cardio_gait_bodyweight_rex_000058,REX-000058,하이니,high knee against wall,CARDIO,CARDIO,GAIT,BEGINNER,APPROVED,DURATION,,60,60,15,"[""BODYWEIGHT""]","[""HOME""]","[""KNEE"",""HIP""]","[""ANKLE_FOOT""]",false,하이니 운동은 일정한 리듬으로 몸을 움직이는 유산소 운동입니다.,"[""주변 공간과 발을 디딜 곳을 확인한다."",""천천히 시작해 편안한 리듬을 찾는다."",""시선을 앞에 두고 발을 안정적으로 디딘다."",""속도와 움직임을 낮추며 마무리한다.""]",representative-content-v0.1.0,DOMAIN_APPROVED,gymvisual,3636,false,"[""BEGINNER"",""INTERMEDIATE""]","{""INTERMEDIATE"":""FITT-CARDIO-INTERMEDIATE-V1"",""BEGINNER"":""FITT-CARDIO-V1""}",NONE,패턴 전용 FITT 템플릿 적용.,NEX-000168,"[""NEX-000168""]",REVIEW_REQUIRED,true,,,,,,,,,,,,,,,,,,,,
EXERCISE,exercise-catalog-v2.0.2-draft,cardio_gait_bodyweight_rex_000062,REX-000062,달리기,run,CARDIO,CARDIO,GAIT,BEGINNER,APPROVED,DURATION,,60,60,15,"[""BODYWEIGHT""]","[""HOME""]","[""ANKLE_FOOT"",""KNEE""]","[""HIP""]",false,달리기 운동은 일정한 리듬으로 몸을 움직이는 유산소 운동입니다.,"[""주변 공간과 발을 디딜 곳을 확인한다."",""천천히 시작해 편안한 리듬을 찾는다."",""시선을 앞에 두고 발을 안정적으로 디딘다."",""속도와 움직임을 낮추며 마무리한다.""]",representative-content-v0.1.0,DOMAIN_APPROVED,gymvisual,0685,false,"[""BEGINNER"",""INTERMEDIATE""]","{""INTERMEDIATE"":""FITT-CARDIO-INTERMEDIATE-V1"",""BEGINNER"":""FITT-CARDIO-V1""}",NONE,패턴 전용 FITT 템플릿 적용.,NEX-000076,"[""NEX-000076""]",REVIEW_REQUIRED,true,,,,,,,,,,,,,,,,,,,,
EXERCISE,exercise-catalog-v2.0.2-draft,cardio_gait_bodyweight_rex_000065,REX-000065,짧은 보폭 달리기,short stride run,CARDIO,CARDIO,GAIT,BEGINNER,APPROVED,DURATION,,60,60,15,"[""BODYWEIGHT""]","[""GYM""]","[""ANKLE_FOOT"",""KNEE""]","[""HIP""]",false,짧은 보폭 달리기 운동은 일정한 리듬으로 몸을 움직이는 유산소 운동입니다.,"[""주변 공간과 발을 디딜 곳을 확인한다."",""천천히 시작해 편안한 리듬을 찾는다."",""시선을 앞에 두고 발을 안정적으로 디딘다."",""속도와 움직임을 낮추며 마무리한다.""]",representative-content-v0.1.0,DOMAIN_APPROVED,gymvisual,3656,false,"[""BEGINNER"",""INTERMEDIATE""]","{""INTERMEDIATE"":""FITT-CARDIO-INTERMEDIATE-V1"",""BEGINNER"":""FITT-CARDIO-V1""}",NONE,패턴 전용 FITT 템플릿 적용.,NEX-000169,"[""NEX-000169""]",REVIEW_REQUIRED,true,,,,,,,,,,,,,,,,,,,,
EXERCISE,exercise-catalog-v2.0.2-draft,cardio_gait_machine,REX-000070,경사 트레드밀 걷기,walking on incline treadmill,CARDIO,CARDIO,GAIT,BEGINNER,APPROVED,DURATION,,60,60,15,"[""MACHINE""]","[""GYM""]","[""ANKLE_FOOT"",""KNEE""]","[""HIP""]",false,경사 트레드밀 걷기 운동은 일정한 리듬으로 몸을 움직이는 유산소 운동입니다.,"[""주변 공간과 발을 디딜 곳을 확인한다."",""천천히 시작해 편안한 리듬을 찾는다."",""시선을 앞에 두고 발을 안정적으로 디딘다."",""속도와 움직임을 낮추며 마무리한다.""]",representative-content-v0.1.0,DOMAIN_APPROVED,gymvisual,3666,false,"[""BEGINNER"",""INTERMEDIATE""]","{""INTERMEDIATE"":""FITT-CARDIO-INTERMEDIATE-V1"",""BEGINNER"":""FITT-CARDIO-V1""}",NONE,패턴 전용 FITT 템플릿 적용.,NEX-000170,"[""NEX-000170""]",REVIEW_REQUIRED,true,,,,,,,,,,,,,,,,,,,,
EXERCISE,exercise-catalog-v2.0.2-draft,cardio_gait_machine_rex_000071,REX-000071,스텝밀,walking on stepmill,CARDIO,CARDIO,GAIT,INTERMEDIATE,APPROVED,DURATION,,60,60,15,"[""MACHINE""]","[""GYM""]","[""ANKLE_FOOT"",""KNEE""]","[""HIP""]",false,스텝밀 운동은 일정한 리듬으로 몸을 움직이는 유산소 운동입니다.,"[""주변 공간과 발을 디딜 곳을 확인한다."",""천천히 시작해 편안한 리듬을 찾는다."",""시선을 앞에 두고 발을 안정적으로 디딘다."",""속도와 움직임을 낮추며 마무리한다.""]",representative-content-v0.1.0,DOMAIN_APPROVED,gymvisual,2311,false,"[""INTERMEDIATE""]","{""INTERMEDIATE"":""FITT-CARDIO-INTERMEDIATE-V1""}",NONE,패턴 전용 FITT 템플릿 적용.,NEX-000151,"[""NEX-000151""]",REVIEW_REQUIRED,true,,,,,,,,,,,,,,,,,,,,
EXERCISE,exercise-catalog-v2.0.2-draft,cardio_gait_step_box,REX-000068,스텝박스 오르내리기,스텝박스 오르내리기,CARDIO,CARDIO,GAIT,BEGINNER,APPROVED,DURATION,,60,60,15,"[""STEP_BOX""]","[""HOME""]","[""ANKLE_FOOT"",""KNEE""]","[""HIP""]",false,스텝박스 오르내리기 운동은 일정한 리듬으로 몸을 움직이는 유산소 운동입니다.,"[""주변 공간과 발을 디딜 곳을 확인한다."",""천천히 시작해 편안한 리듬을 찾는다."",""시선을 앞에 두고 발을 안정적으로 디딘다."",""속도와 움직임을 낮추며 마무리한다.""]",representative-content-v0.1.0,DOMAIN_APPROVED,kspo,00c41c823f6141adb2f3b7da95c1213fea98dac6cb3bfaf453f1a4989133d2d2,false,"[""BEGINNER"",""INTERMEDIATE""]","{""INTERMEDIATE"":""FITT-CARDIO-INTERMEDIATE-V1"",""BEGINNER"":""FITT-CARDIO-V1""}",NONE,패턴 전용 FITT 템플릿 적용.,NEX-000172,"[""NEX-000172""]",REVIEW_REQUIRED,true,,,,,,,,,,,,,,,,,,,,
EXERCISE,exercise-catalog-v2.0.2-draft,cardio_jump_plyometric_bodyweight,REX-000059,점핑잭,jack jump (male),CARDIO,CARDIO,JUMP_PLYOMETRIC,BEGINNER,APPROVED,DURATION,,60,60,15,"[""BODYWEIGHT""]","[""HOME"",""GYM""]","[""ANKLE_FOOT"",""KNEE""]","[""HIP"",""SHOULDER""]",false,점핑잭 운동은 팔과 다리를 함께 움직이며 반복해서 가볍게 뛰는 유산소 운동입니다.,"[""주변 공간을 확인하고 발을 편하게 모아 선다."",""무릎을 살짝 굽힌 채 팔과 다리를 함께 벌리며 가볍게 뛴다."",""발 앞쪽부터 부드럽게 착지하고 같은 리듬으로 반복한다."",""속도를 낮추며 발을 모으고 호흡을 정리한다.""]",representative-content-v0.1.0,DOMAIN_APPROVED,gymvisual,3224,false,"[""BEGINNER"",""INTERMEDIATE""]","{""INTERMEDIATE"":""FITT-CARDIO-INTERMEDIATE-V1"",""BEGINNER"":""FITT-CARDIO-V1""}",NONE,패턴 전용 FITT 템플릿 적용.,NEX-000164,"[""NEX-000164""]",REVIEW_REQUIRED,true,,,,,,,,,,,,,,,,,,,,
EXERCISE,exercise-catalog-v2.0.2-draft,cardio_jump_plyometric_jump_rope,REX-000060,줄넘기,jump rope,CARDIO,CARDIO,JUMP_PLYOMETRIC,BEGINNER,APPROVED,DURATION,,60,60,15,"[""JUMP_ROPE""]","[""HOME"",""GYM""]","[""ANKLE_FOOT"",""KNEE""]","[""HIP""]",false,줄넘기 운동은 팔과 다리를 함께 움직이며 반복해서 가볍게 뛰는 유산소 운동입니다.,"[""주변 공간을 확인하고 발을 편하게 모아 선다."",""무릎을 살짝 굽힌 채 팔과 다리를 함께 벌리며 가볍게 뛴다."",""발 앞쪽부터 부드럽게 착지하고 같은 리듬으로 반복한다."",""속도를 낮추며 발을 모으고 호흡을 정리한다.""]",representative-content-v0.1.0,DOMAIN_APPROVED,gymvisual,2612,false,"[""BEGINNER"",""INTERMEDIATE""]","{""INTERMEDIATE"":""FITT-CARDIO-INTERMEDIATE-V1"",""BEGINNER"":""FITT-CARDIO-V1""}",NONE,패턴 전용 FITT 템플릿 적용.,NEX-000158,"[""NEX-000158""]",REVIEW_REQUIRED,true,,,,,,,,,,,,,,,,,,,,
EXERCISE,exercise-catalog-v2.0.2-draft,chair_leg_extended_stretch_mobility_stretch_bodyweight,REX-000020,시티드 레그 익스텐션 스트레칭,chair leg extended stretch,MOBILITY,MOBILITY,MOBILITY_STRETCH,BEGINNER,APPROVED,DURATION,,30,30,15,"[""BODYWEIGHT""]","[""HOME"",""GYM""]","[""KNEE""]","[""HIP""]",true,의자 다리 스트레칭 운동은 무릎 주변을 천천히 움직이며 범위를 확인하는 스트레칭입니다.,"[""편안한 시작 자세를 잡고 주변 공간을 확인한다."",""숨을 고르게 쉬며 안내된 방향으로 천천히 움직인다."",""당김이 느껴지는 범위에서 잠시 멈춘다."",""반동 없이 시작 자세로 천천히 돌아온다.""]",representative-content-v0.1.0,DOMAIN_APPROVED,gymvisual,1548,false,"[""BEGINNER"",""INTERMEDIATE""]","{""INTERMEDIATE"":""FITT-MOBILITY-INTERMEDIATE-V1"",""BEGINNER"":""FITT-MOBILITY-V1""}",NONE,패턴 전용 FITT 템플릿 적용.,NEX-000132,"[""NEX-000132""]",REVIEW_REQUIRED,true,,,,,,,,,,,,,,,,,,,,
EXERCISE,exercise-catalog-v2.0.2-draft,chest_front_shoulder_stretch_mobility_stretch_bodyweight,REX-000021,가슴·어깨 앞면 스트레칭,chest and front of shoulder stretch,MOBILITY,MOBILITY,MOBILITY_STRETCH,BEGINNER,APPROVED,DURATION,,30,30,15,"[""BODYWEIGHT""]","[""HOME"",""GYM""]","[""CHEST"",""SHOULDER""]","[""UPPER_BACK""]",true,가슴·어깨 앞면 스트레칭 운동은 가슴·어깨 주변을 천천히 움직이며 범위를 확인하는 스트레칭입니다.,"[""편안한 시작 자세를 잡고 주변 공간을 확인한다."",""숨을 고르게 쉬며 안내된 방향으로 천천히 움직인다."",""당김이 느껴지는 범위에서 잠시 멈춘다."",""반동 없이 시작 자세로 천천히 돌아온다.""]",representative-content-v0.1.0,DOMAIN_APPROVED,gymvisual,1271,false,"[""BEGINNER"",""INTERMEDIATE""]","{""INTERMEDIATE"":""FITT-MOBILITY-INTERMEDIATE-V1"",""BEGINNER"":""FITT-MOBILITY-V1""}",NONE,패턴 전용 FITT 템플릿 적용.,NEX-000110,"[""NEX-000110""]",REVIEW_REQUIRED,true,,,,,,,,,,,,,,,,,,,,
EXERCISE,exercise-catalog-v2.0.2-draft,close_grip_push_up_horizontal_push_bodyweight,REX-000022,클로즈 그립 푸시업,close-grip push-up,STRENGTH,TRICEPS,HORIZONTAL_PUSH,BEGINNER,APPROVED,REPS,4,,90,15,"[""BODYWEIGHT""]","[""HOME"",""GYM""]","[""ELBOW"",""CHEST""]","[""SHOULDER"",""ABDOMEN""]",false,클로즈 그립 푸시업 운동은 팔을 앞으로 밀어 팔 뒤쪽을 사용하는 운동입니다.,"[""손과 발 또는 기구를 안정적으로 준비한다."",""어깨가 으쓱하지 않게 팔을 천천히 밀어낸다."",""팔꿈치를 조절할 수 있는 범위에서 굽힌다."",""천천히 처음 위치로 돌아온다.""]",representative-content-v0.1.0,DOMAIN_APPROVED,gymvisual,0259,false,"[""BEGINNER"",""INTERMEDIATE""]","{""INTERMEDIATE"":""FITT-COMPOUND-PUSH-INTERMEDIATE-V1"",""BEGINNER"":""FITT-COMPOUND-PUSH-V1""}",NONE,다관절 저항운동 패턴 전용 복합 템플릿 적용.,NEX-000028,"[""NEX-000028""]",REVIEW_REQUIRED,true,,,,,,,,,,,,,,,,,,,,
EXERCISE,exercise-catalog-v2.0.2-draft,crunch_variant_core_brace_bodyweight,REX-000023,사이드 크런치,seated side crunch (wall),STRENGTH,CORE,CORE_BRACE,BEGINNER,APPROVED,DURATION,,30,90,15,"[""BODYWEIGHT""]","[""HOME"",""GYM""]","[""ABDOMEN""]","[""LOWER_BACK""]",false,사이드 크런치 운동은 몸통을 유지하며 몸통 주변에 힘을 쓰는 운동입니다.,"[""안내된 시작 자세를 안정적으로 잡는다."",""배 주변에 가볍게 힘을 주고 숨을 쉰다."",""몸통이 흔들리지 않는 범위에서 팔이나 다리를 움직인다."",""천천히 시작 자세로 돌아온다.""]",representative-content-v0.1.0,DOMAIN_APPROVED,gymvisual,0691,false,"[""BEGINNER"",""INTERMEDIATE""]","{""INTERMEDIATE"":""FITT-CORE-DYNAMIC-INTERMEDIATE-V1"",""BEGINNER"":""FITT-CORE-DYNAMIC-V1""}",NONE,동적 코어 운동에 REPS 단위 템플릿 적용.,NEX-000080,"[""NEX-000080""]",REVIEW_REQUIRED,true,,,,,,,,,,,,,,,,,,,,
EXERCISE,exercise-catalog-v2.0.2-draft,dead_bug_core_brace_bodyweight,REX-000024,데드버그,dead bug,STRENGTH,CORE,CORE_BRACE,BEGINNER,APPROVED,DURATION,,30,90,15,"[""BODYWEIGHT""]","[""HOME"",""GYM""]","[""ABDOMEN""]","[""LOWER_BACK""]",false,데드버그 운동은 몸통을 유지하며 몸통 주변에 힘을 쓰는 운동입니다.,"[""안내된 시작 자세를 안정적으로 잡는다."",""배 주변에 가볍게 힘을 주고 숨을 쉰다."",""몸통이 흔들리지 않는 범위에서 팔이나 다리를 움직인다."",""천천히 시작 자세로 돌아온다.""]",representative-content-v0.1.0,DOMAIN_APPROVED,gymvisual,0276,false,"[""BEGINNER"",""INTERMEDIATE""]","{""INTERMEDIATE"":""FITT-CORE-DYNAMIC-PER-SIDE-INTERMEDIATE-V1"",""BEGINNER"":""FITT-CORE-DYNAMIC-PER-SIDE-V1""}",NONE,좌우를 구분하는 동적 코어 운동에 REPS_PER_SIDE 단위 적용.,NEX-000030,"[""NEX-000030""]",REVIEW_REQUIRED,true,,,,,,,,,,,,,,,,,,,,
EXERCISE,exercise-catalog-v2.0.2-draft,dumbbell_goblet_squat_knee_dominant_dumbbell,REX-000025,고블릿 스쿼트,dumbbell goblet squat,STRENGTH,QUADRICEPS,KNEE_DOMINANT,BEGINNER,APPROVED,REPS,4,,90,15,"[""DUMBBELL""]","[""HOME"",""GYM""]","[""KNEE"",""HIP""]","[""ANKLE_FOOT""]",false,고블릿 스쿼트 운동은 다리를 굽혔다 펴며 허벅지 앞쪽을 사용하는 운동입니다.,"[""발을 편하게 벌리고 양발에 무게를 나눈다."",""엉덩이를 뒤로 보내며 무릎을 천천히 굽힌다."",""발바닥을 바닥에 두고 편한 범위까지만 내려간다."",""발로 바닥을 밀며 천천히 시작 자세로 돌아온다.""]",representative-content-v0.1.0,DOMAIN_APPROVED,gymvisual,1760,false,"[""BEGINNER"",""INTERMEDIATE""]","{""INTERMEDIATE"":""FITT-COMPOUND-SQUAT-INTERMEDIATE-V1"",""BEGINNER"":""FITT-COMPOUND-SQUAT-V1""}",NONE,다관절 저항운동 패턴 전용 복합 템플릿 적용.,NEX-000142,"[""NEX-000142"",""NEX-000201""]",REVIEW_REQUIRED,true,,,,,,,,,,,,,,,,,,,,
EXERCISE,exercise-catalog-v2.0.2-draft,dumbbell_lateral_raise_isolation_dumbbell,REX-000026,레터럴 레이즈,dumbbell lateral raise,STRENGTH,SHOULDERS,ISOLATION,BEGINNER,APPROVED,REPS,4,,90,15,"[""DUMBBELL""]","[""HOME"",""GYM""]","[""SHOULDER""]","[""ELBOW""]",false,레터럴 레이즈 운동은 다른 부위의 움직임을 줄이고 어깨를 집중해 사용하는 운동입니다.,"[""시작 자세와 기구를 안정적으로 준비한다."",""안내된 부위를 중심으로 천천히 움직인다."",""끝 범위에서 힘을 잠시 유지한다."",""반동 없이 시작 자세로 돌아온다.""]",representative-content-v0.1.0,DOMAIN_APPROVED,gymvisual,0334,false,"[""BEGINNER"",""INTERMEDIATE""]","{""INTERMEDIATE"":""FITT-ISOLATION-STRENGTH-INTERMEDIATE-V1"",""BEGINNER"":""FITT-ISOLATION-STRENGTH-V1""}",NONE,단일관절 또는 고립 저항운동 특성으로 ISOLATION_STRENGTH 템플릿 적용.,NEX-000039,"[""NEX-000039"",""NEX-000097""]",REVIEW_REQUIRED,true,,,,,,,,,,,,,,,,,,,,
EXERCISE,exercise-catalog-v2.0.2-draft,dumbbell_preacher_curl_isolation_dumbbell,REX-000027,프리처 컬,dumbbell preacher curl,STRENGTH,BICEPS,ISOLATION,BEGINNER,APPROVED,REPS,4,,90,15,"[""DUMBBELL""]","[""HOME"",""GYM""]","[""ELBOW""]","[""WRIST_HAND""]",false,프리처 컬 운동은 다른 부위의 움직임을 줄이고 팔 앞쪽을 집중해 사용하는 운동입니다.,"[""시작 자세와 기구를 안정적으로 준비한다."",""안내된 부위를 중심으로 천천히 움직인다."",""끝 범위에서 힘을 잠시 유지한다."",""반동 없이 시작 자세로 돌아온다.""]",representative-content-v0.1.0,DOMAIN_APPROVED,gymvisual,0372,false,"[""BEGINNER"",""INTERMEDIATE""]","{""INTERMEDIATE"":""FITT-ISOLATION-STRENGTH-INTERMEDIATE-V1"",""BEGINNER"":""FITT-ISOLATION-STRENGTH-V1""}",NONE,단일관절 또는 고립 저항운동 특성으로 ISOLATION_STRENGTH 템플릿 적용.,NEX-000047,"[""NEX-000047"",""NEX-000054"",""NEX-000060"",""NEX-000140"",""NEX-000141"",""NEX-000149""]",REVIEW_REQUIRED,true,,,,,,,,,,,,,,,,,,,,
EXERCISE,exercise-catalog-v2.0.2-draft,dumbbell_rear_fly_isolation_dumbbell,REX-000028,리어 델트 플라이,dumbbell rear fly,STRENGTH,SHOULDERS,ISOLATION,BEGINNER,APPROVED,REPS,4,,90,15,"[""DUMBBELL""]","[""HOME"",""GYM""]","[""SHOULDER""]","[""UPPER_BACK""]",false,리어 델트 플라이 운동은 다른 부위의 움직임을 줄이고 어깨를 집중해 사용하는 운동입니다.,"[""시작 자세와 기구를 안정적으로 준비한다."",""안내된 부위를 중심으로 천천히 움직인다."",""끝 범위에서 힘을 잠시 유지한다."",""반동 없이 시작 자세로 돌아온다.""]",representative-content-v0.1.0,DOMAIN_APPROVED,gymvisual,0378,false,"[""BEGINNER"",""INTERMEDIATE""]","{""INTERMEDIATE"":""FITT-ISOLATION-STRENGTH-INTERMEDIATE-V1"",""BEGINNER"":""FITT-ISOLATION-STRENGTH-V1""}",NONE,단일관절 또는 고립 저항운동 특성으로 ISOLATION_STRENGTH 템플릿 적용.,NEX-000037,"[""NEX-000037"",""NEX-000042"",""NEX-000048"",""NEX-000049"",""NEX-000050""]",REVIEW_REQUIRED,true,,,,,,,,,,,,,,,,,,,,
EXERCISE,exercise-catalog-v2.0.2-draft,dumbbell_shrug_isolation_dumbbell,REX-000029,슈러그,dumbbell shrug,STRENGTH,BACK,ISOLATION,BEGINNER,APPROVED,REPS,4,,90,15,"[""DUMBBELL""]","[""HOME"",""GYM""]","[""UPPER_BACK""]","[""SHOULDER""]",false,슈러그 운동은 다른 부위의 움직임을 줄이고 등을 집중해 사용하는 운동입니다.,"[""시작 자세와 기구를 안정적으로 준비한다."",""안내된 부위를 중심으로 천천히 움직인다."",""끝 범위에서 힘을 잠시 유지한다."",""반동 없이 시작 자세로 돌아온다.""]",representative-content-v0.1.0,DOMAIN_APPROVED,gymvisual,0406,false,"[""BEGINNER"",""INTERMEDIATE""]","{""INTERMEDIATE"":""FITT-ISOLATION-STRENGTH-INTERMEDIATE-V1"",""BEGINNER"":""FITT-ISOLATION-STRENGTH-V1""}",NONE,단일관절 또는 고립 저항운동 특성으로 ISOLATION_STRENGTH 템플릿 적용.,NEX-000025,"[""NEX-000025"",""NEX-000033"",""NEX-000034"",""NEX-000038"",""NEX-000057"",""NEX-000106""]",REVIEW_REQUIRED,true,,,,,,,,,,,,,,,,,,,,
EXERCISE,exercise-catalog-v2.0.2-draft,dumbbell_standing_curl_isolation_dumbbell,REX-000030,덤벨 바이셉스 컬,dumbbell standing biceps curl,STRENGTH,BICEPS,ISOLATION,BEGINNER,APPROVED,REPS,4,,90,15,"[""DUMBBELL""]","[""HOME"",""GYM""]","[""ELBOW""]","[""WRIST_HAND""]",false,덤벨 바이셉스 컬 운동은 다른 부위의 움직임을 줄이고 팔 앞쪽을 집중해 사용하는 운동입니다.,"[""시작 자세와 기구를 안정적으로 준비한다."",""안내된 부위를 중심으로 천천히 움직인다."",""끝 범위에서 힘을 잠시 유지한다."",""반동 없이 시작 자세로 돌아온다.""]",representative-content-v0.1.0,DOMAIN_APPROVED,gymvisual,0416,false,"[""BEGINNER"",""INTERMEDIATE""]","{""INTERMEDIATE"":""FITT-ISOLATION-STRENGTH-INTERMEDIATE-V1"",""BEGINNER"":""FITT-ISOLATION-STRENGTH-V1""}",NONE,단일관절 또는 고립 저항운동 특성으로 ISOLATION_STRENGTH 템플릿 적용.,NEX-000059,"[""NEX-000059""]",REVIEW_REQUIRED,true,,,,,,,,,,,,,,,,,,,,
EXERCISE,exercise-catalog-v2.0.2-draft,dumbbell_step_up_lunge_knee_dominant_dumbbell_step_box,REX-000031,덤벨 스텝업 런지,dumbbell step-up lunge,STRENGTH,QUADRICEPS,KNEE_DOMINANT,BEGINNER,APPROVED,REPS,4,,90,15,"[""DUMBBELL"",""STEP_BOX""]","[""HOME"",""GYM""]","[""KNEE"",""HIP""]","[""ANKLE_FOOT""]",false,덤벨 스텝업 런지 운동은 다리를 굽혔다 펴며 허벅지 앞쪽을 사용하는 운동입니다.,"[""발을 편하게 벌리고 양발에 무게를 나눈다."",""엉덩이를 뒤로 보내며 무릎을 천천히 굽힌다."",""발바닥을 바닥에 두고 편한 범위까지만 내려간다."",""발로 바닥을 밀며 천천히 시작 자세로 돌아온다.""]",representative-content-v0.1.0,DOMAIN_APPROVED,gymvisual,2796,false,"[""BEGINNER"",""INTERMEDIATE""]","{""INTERMEDIATE"":""FITT-COMPOUND-LUNGE-INTERMEDIATE-V1"",""BEGINNER"":""FITT-COMPOUND-LUNGE-V1""}",NONE,다관절 저항운동 패턴 전용 복합 템플릿 적용.,NEX-000159,"[""NEX-000159""]",REVIEW_REQUIRED,true,,,,,,,,,,,,,,,,,,,,
EXERCISE,exercise-catalog-v2.0.2-draft,dynamic_chest_stretch_mobility_stretch_bodyweight,REX-000032,다이내믹 가슴 스트레칭,dynamic chest stretch (male),MOBILITY,MOBILITY,MOBILITY_STRETCH,BEGINNER,APPROVED,DURATION,,30,30,15,"[""BODYWEIGHT""]","[""HOME"",""GYM""]","[""CHEST""]","[""SHOULDER"",""UPPER_BACK""]",true,다이내믹 가슴 스트레칭 운동은 가슴 주변을 천천히 움직이며 범위를 확인하는 스트레칭입니다.,"[""편안한 시작 자세를 잡고 주변 공간을 확인한다."",""숨을 고르게 쉬며 안내된 방향으로 천천히 움직인다."",""당김이 느껴지는 범위에서 잠시 멈춘다."",""반동 없이 시작 자세로 천천히 돌아온다.""]",representative-content-v0.1.0,DOMAIN_APPROVED,gymvisual,1167,false,"[""BEGINNER"",""INTERMEDIATE""]","{""INTERMEDIATE"":""FITT-MOBILITY-INTERMEDIATE-V1"",""BEGINNER"":""FITT-MOBILITY-V1""}",NONE,패턴 전용 FITT 템플릿 적용.,NEX-000108,"[""NEX-000108""]",REVIEW_REQUIRED,true,,,,,,,,,,,,,,,,,,,,
EXERCISE,exercise-catalog-v2.0.2-draft,exercise_ball_hip_flexor_stretch_mobility_stretch_stability_ball,REX-000033,짐볼 고관절 스트레칭,exercise ball hip flexor stretch,MOBILITY,MOBILITY,MOBILITY_STRETCH,BEGINNER,APPROVED,DURATION,,30,30,15,"[""STABILITY_BALL""]","[""HOME"",""GYM""]","[""HIP""]","[""LOWER_BACK""]",true,짐볼 고관절 굴근 스트레칭 운동은 고관절 주변을 천천히 움직이며 범위를 확인하는 스트레칭입니다.,"[""편안한 시작 자세를 잡고 주변 공간을 확인한다."",""숨을 고르게 쉬며 안내된 방향으로 천천히 움직인다."",""당김이 느껴지는 범위에서 잠시 멈춘다."",""반동 없이 시작 자세로 천천히 돌아온다.""]",representative-content-v0.1.0,DOMAIN_APPROVED,gymvisual,1559,false,"[""BEGINNER"",""INTERMEDIATE""]","{""INTERMEDIATE"":""FITT-MOBILITY-INTERMEDIATE-V1"",""BEGINNER"":""FITT-MOBILITY-V1""}",NONE,패턴 전용 FITT 템플릿 적용.,NEX-000133,"[""NEX-000133""]",REVIEW_REQUIRED,true,,,,,,,,,,,,,,,,,,,,
EXERCISE,exercise-catalog-v2.0.2-draft,hamstring_stretch_mobility_stretch_bodyweight,REX-000034,햄스트링 스트레칭,hamstring stretch,MOBILITY,MOBILITY,MOBILITY_STRETCH,BEGINNER,APPROVED,DURATION,,30,30,15,"[""BODYWEIGHT""]","[""HOME"",""GYM""]","[""KNEE""]","[""HIP""]",true,햄스트링 스트레칭 운동은 무릎 주변을 천천히 움직이며 범위를 확인하는 스트레칭입니다.,"[""편안한 시작 자세를 잡고 주변 공간을 확인한다."",""숨을 고르게 쉬며 안내된 방향으로 천천히 움직인다."",""당김이 느껴지는 범위에서 잠시 멈춘다."",""반동 없이 시작 자세로 천천히 돌아온다.""]",representative-content-v0.1.0,DOMAIN_APPROVED,gymvisual,1511,false,"[""BEGINNER"",""INTERMEDIATE""]","{""INTERMEDIATE"":""FITT-MOBILITY-INTERMEDIATE-V1"",""BEGINNER"":""FITT-MOBILITY-V1""}",NONE,패턴 전용 FITT 템플릿 적용.,NEX-000130,"[""NEX-000130""]",REVIEW_REQUIRED,true,,,,,,,,,,,,,,,,,,,,
EXERCISE,exercise-catalog-v2.0.2-draft,hand_grip_squeeze_isolation_household_weight,REX-000035,손 악력 쥐기,weighted standing hand squeeze,STRENGTH,FOREARMS,ISOLATION,BEGINNER,APPROVED,REPS,4,,90,15,"[""HOUSEHOLD_WEIGHT""]","[""HOME"",""GYM""]","[""WRIST_HAND""]","[""ELBOW""]",false,손 악력 쥐기 운동은 다른 부위의 움직임을 줄이고 팔뚝을 집중해 사용하는 운동입니다.,"[""시작 자세와 기구를 안정적으로 준비한다."",""안내된 부위를 중심으로 천천히 움직인다."",""끝 범위에서 힘을 잠시 유지한다."",""반동 없이 시작 자세로 돌아온다.""]",representative-content-v0.1.0,DOMAIN_APPROVED,gymvisual,0854,false,"[""BEGINNER"",""INTERMEDIATE""]","{""INTERMEDIATE"":""FITT-ISOLATION-STRENGTH-INTERMEDIATE-V1"",""BEGINNER"":""FITT-ISOLATION-STRENGTH-V1""}",NONE,단일관절 또는 고립 저항운동 특성으로 ISOLATION_STRENGTH 템플릿 적용.,NEX-000092,"[""NEX-000092""]",REVIEW_REQUIRED,true,,,,,,,,,,,,,,,,,,,,
EXERCISE,exercise-catalog-v2.0.2-draft,hip_adduction_isolation_stability_ball,REX-000063,앉아서 짐볼 조이기,의자에 앉아 다리로 짐볼 쥐기,STRENGTH,QUADRICEPS,ISOLATION,BEGINNER,APPROVED,REPS,4,,90,15,"[""STABILITY_BALL""]","[""HOME""]","[""KNEE""]","[""HIP""]",false,앉아서 짐볼 조이기 운동은 다른 부위의 움직임을 줄이고 허벅지 앞쪽을 집중해 사용하는 운동입니다.,"[""시작 자세와 기구를 안정적으로 준비한다."",""안내된 부위를 중심으로 천천히 움직인다."",""끝 범위에서 힘을 잠시 유지한다."",""반동 없이 시작 자세로 돌아온다.""]",representative-content-v0.1.0,DOMAIN_APPROVED,kspo,66e29f752b845bd1bcfa4cb737be1ede40daa81d869ea4b531c882b02ffb3c28,false,"[""BEGINNER"",""INTERMEDIATE""]","{""INTERMEDIATE"":""FITT-ISOLATION-STRENGTH-INTERMEDIATE-V1"",""BEGINNER"":""FITT-ISOLATION-STRENGTH-V1""}",NONE,단일관절 또는 고립 저항운동 특성으로 ISOLATION_STRENGTH 템플릿 적용.,NEX-000175,"[""NEX-000175""]",REVIEW_REQUIRED,true,,,,,,,,,,,,,,,,,,,,
EXERCISE,exercise-catalog-v2.0.2-draft,hip_flexion_isolation_bodyweight,REX-000057,의자 잡고 무릎 들기,의자잡고 전방으로 무릎 굽혀 들기,STRENGTH,QUADRICEPS,ISOLATION,BEGINNER,APPROVED,REPS,4,,90,15,"[""BODYWEIGHT""]","[""HOME""]","[""KNEE""]","[""HIP"",""ANKLE_FOOT""]",false,의자 잡고 무릎 들기 운동은 다른 부위의 움직임을 줄이고 허벅지 앞쪽을 집중해 사용하는 운동입니다.,"[""시작 자세와 기구를 안정적으로 준비한다."",""안내된 부위를 중심으로 천천히 움직인다."",""끝 범위에서 힘을 잠시 유지한다."",""반동 없이 시작 자세로 돌아온다.""]",representative-content-v0.1.0,DOMAIN_APPROVED,kspo,46ea8fdbe34474fac354a051f63b114e0a6d20a21f71226ae0db5da216d14861,false,"[""BEGINNER"",""INTERMEDIATE""]","{""INTERMEDIATE"":""FITT-ISOLATION-STRENGTH-INTERMEDIATE-V1"",""BEGINNER"":""FITT-ISOLATION-STRENGTH-V1""}",NONE,단일관절 또는 고립 저항운동 특성으로 ISOLATION_STRENGTH 템플릿 적용.,NEX-000174,"[""NEX-000174""]",REVIEW_REQUIRED,true,,,,,,,,,,,,,,,,,,,,
EXERCISE,exercise-catalog-v2.0.2-draft,hip_flexion_isolation_bodyweight_rex_000064,REX-000064,앉아서 고관절 굴곡,앉아서 엉덩관절 굽히기,STRENGTH,QUADRICEPS,ISOLATION,BEGINNER,APPROVED,REPS,4,,90,15,"[""BODYWEIGHT""]","[""HOME""]","[""KNEE""]","[""HIP""]",false,앉아서 고관절 굴곡 운동은 다른 부위의 움직임을 줄이고 허벅지 앞쪽을 집중해 사용하는 운동입니다.,"[""시작 자세와 기구를 안정적으로 준비한다."",""안내된 부위를 중심으로 천천히 움직인다."",""끝 범위에서 힘을 잠시 유지한다."",""반동 없이 시작 자세로 돌아온다.""]",representative-content-v0.1.0,DOMAIN_APPROVED,kspo,dfd7eaa07d42e118610eb6756d8dcdc351f5b1f3c9a1262fa94aa18d92a87e09,false,"[""BEGINNER"",""INTERMEDIATE""]","{""INTERMEDIATE"":""FITT-ISOLATION-STRENGTH-INTERMEDIATE-V1"",""BEGINNER"":""FITT-ISOLATION-STRENGTH-V1""}",NONE,단일관절 또는 고립 저항운동 특성으로 ISOLATION_STRENGTH 템플릿 적용.,NEX-000181,"[""NEX-000181""]",REVIEW_REQUIRED,true,,,,,,,,,,,,,,,,,,,,
EXERCISE,exercise-catalog-v2.0.2-draft,hip_flexor_quadriceps_stretch_mobility_stretch_stretch_strap,REX-000036,고관절 굴근·대퇴사두근 스트레칭,intermediate hip flexor and quad stretch,MOBILITY,MOBILITY,MOBILITY_STRETCH,BEGINNER,APPROVED,DURATION,,30,30,15,"[""STRETCH_STRAP""]","[""HOME"",""GYM""]","[""KNEE""]","[""HIP""]",true,고관절 굴근·대퇴사두근 스트레칭 운동은 무릎 주변을 천천히 움직이며 범위를 확인하는 스트레칭입니다.,"[""편안한 시작 자세를 잡고 주변 공간을 확인한다."",""숨을 고르게 쉬며 안내된 방향으로 천천히 움직인다."",""당김이 느껴지는 범위에서 잠시 멈춘다."",""반동 없이 시작 자세로 천천히 돌아온다.""]",representative-content-v0.1.0,DOMAIN_APPROVED,gymvisual,1564,false,"[""BEGINNER"",""INTERMEDIATE""]","{""INTERMEDIATE"":""FITT-MOBILITY-INTERMEDIATE-V1"",""BEGINNER"":""FITT-MOBILITY-V1""}",NONE,패턴 전용 FITT 템플릿 적용.,NEX-000134,"[""NEX-000134""]",REVIEW_REQUIRED,true,,,,,,,,,,,,,,,,,,,,
EXERCISE,exercise-catalog-v2.0.2-draft,incline_y_raise_isolation_dumbbell,REX-000037,인클라인 Y 레이즈,dumbbell incline y-raise,STRENGTH,BACK,ISOLATION,INTERMEDIATE,APPROVED,REPS,4,,90,15,"[""DUMBBELL""]","[""HOME"",""GYM""]","[""UPPER_BACK""]","[""SHOULDER"",""ELBOW""]",false,인클라인 Y 레이즈 운동은 다른 부위의 움직임을 줄이고 등을 집중해 사용하는 운동입니다.,"[""시작 자세와 기구를 안정적으로 준비한다."",""안내된 부위를 중심으로 천천히 움직인다."",""끝 범위에서 힘을 잠시 유지한다."",""반동 없이 시작 자세로 돌아온다.""]",representative-content-v0.1.0,DOMAIN_APPROVED,gymvisual,3541,false,"[""INTERMEDIATE""]","{""INTERMEDIATE"":""FITT-ISOLATION-STRENGTH-INTERMEDIATE-V1""}",NONE,단일관절 또는 고립 저항운동 특성으로 ISOLATION_STRENGTH 템플릿 적용.,NEX-000166,"[""NEX-000166""]",REVIEW_REQUIRED,true,,,,,,,,,,,,,,,,,,,,
EXERCISE,exercise-catalog-v2.0.2-draft,inverted_row_horizontal_pull_bodyweight,REX-000038,인버티드 로우,inverted row,STRENGTH,BACK,HORIZONTAL_PULL,INTERMEDIATE,APPROVED,REPS,4,,90,15,"[""BODYWEIGHT""]","[""HOME"",""GYM""]","[""UPPER_BACK""]","[""ELBOW"",""SHOULDER""]",false,인버티드 로우 운동은 팔꿈치를 뒤로 보내며 등을 사용하는 운동입니다.,"[""가슴을 편안히 열고 손잡이나 기구를 잡는다."",""어깨를 끌어올리지 않고 팔꿈치를 뒤로 보낸다."",""손잡이를 몸 가까이 가져온 뒤 잠시 멈춘다."",""팔을 천천히 펴며 처음 위치로 돌아온다.""]",representative-content-v0.1.0,DOMAIN_APPROVED,gymvisual,0499,false,"[""INTERMEDIATE""]","{""INTERMEDIATE"":""FITT-COMPOUND-PULL-INTERMEDIATE-V1""}",NONE,다관절 저항운동 패턴 전용 복합 템플릿 적용.,NEX-000066,"[""NEX-000066"",""NEX-000067"",""NEX-000150"",""NEX-000199""]",REVIEW_REQUIRED,true,,,,,,,,,,,,,,,,,,,,
EXERCISE,exercise-catalog-v2.0.2-draft,kettlebell_swing_hip_dominant_kettlebell,REX-000061,케틀벨 스윙,2 Handed Kettlebell Swing,STRENGTH,GLUTES,HIP_DOMINANT,INTERMEDIATE,APPROVED,REPS,4,,90,15,"[""KETTLEBELL""]","[""GYM""]","[""HIP""]","[""KNEE"",""LOWER_BACK""]",false,케틀벨 스윙 운동은 엉덩이를 뒤로 보내며 엉덩이를 사용하는 운동입니다.,"[""발을 편하게 두고 기구나 주변을 안정적으로 준비한다."",""엉덩이를 뒤로 보내며 상체를 천천히 기울인다."",""등과 목을 편안히 두고 엉덩이로 힘을 낸다."",""천천히 시작 자세로 돌아온다.""]",representative-content-v0.1.0,DOMAIN_APPROVED,wger,9,false,"[""INTERMEDIATE""]","{""INTERMEDIATE"":""FITT-HINGE-POWER-INTERMEDIATE-V1""}",NONE,전문가 검수 완료: 케틀벨 스윙은 ballistic/power 동작이므로 일반 HINGE 반복 템플릿과 분리.,NEX-000208,"[""NEX-000208""]",REVIEW_REQUIRED,true,,,,,,,,,,,,,,,,,,,,
EXERCISE,exercise-catalog-v2.0.2-draft,kneeling_lat_stretch_mobility_stretch_bodyweight,REX-000039,무릎 꿇고 광배근 스트레칭,kneeling lat stretch,MOBILITY,MOBILITY,MOBILITY_STRETCH,BEGINNER,APPROVED,DURATION,,30,30,15,"[""BODYWEIGHT""]","[""HOME"",""GYM""]","[""UPPER_BACK""]","[""SHOULDER"",""CHEST""]",true,무릎 꿇고 광배근 스트레칭 운동은 상부 등 주변을 천천히 움직이며 범위를 확인하는 스트레칭입니다.,"[""편안한 시작 자세를 잡고 주변 공간을 확인한다."",""숨을 고르게 쉬며 안내된 방향으로 천천히 움직인다."",""당김이 느껴지는 범위에서 잠시 멈춘다."",""반동 없이 시작 자세로 천천히 돌아온다.""]",representative-content-v0.1.0,DOMAIN_APPROVED,gymvisual,1346,false,"[""BEGINNER"",""INTERMEDIATE""]","{""INTERMEDIATE"":""FITT-MOBILITY-INTERMEDIATE-V1"",""BEGINNER"":""FITT-MOBILITY-V1""}",NONE,패턴 전용 FITT 템플릿 적용.,NEX-000111,"[""NEX-000111""]",REVIEW_REQUIRED,true,,,,,,,,,,,,,,,,,,,,
EXERCISE,exercise-catalog-v2.0.2-draft,lat_pulldown_vertical_pull_cable_machine,REX-000040,랫풀다운,cable pulldown,STRENGTH,BACK,VERTICAL_PULL,BEGINNER,APPROVED,REPS,4,,90,15,"[""CABLE_MACHINE""]","[""GYM""]","[""UPPER_BACK""]","[""ELBOW"",""SHOULDER""]",false,랫풀다운 운동은 팔꿈치를 아래로 당기며 등을 사용하는 운동입니다.,"[""손잡이를 안정적으로 잡고 몸을 준비한다."",""어깨를 내린 채 팔꿈치를 아래로 당긴다."",""조절할 수 있는 범위까지만 당긴다."",""팔을 천천히 펴며 시작 위치로 돌아온다.""]",representative-content-v0.1.0,DOMAIN_APPROVED,gymvisual,0198,false,"[""BEGINNER"",""INTERMEDIATE""]","{""INTERMEDIATE"":""FITT-COMPOUND-PULL-INTERMEDIATE-V1"",""BEGINNER"":""FITT-COMPOUND-PULL-V1""}",NONE,다관절 저항운동 패턴 전용 복합 템플릿 적용.,NEX-000020,"[""NEX-000020"",""NEX-000189"",""NEX-000190""]",REVIEW_REQUIRED,true,,,,,,,,,,,,,,,,,,,,
EXERCISE,exercise-catalog-v2.0.2-draft,leg_press_knee_dominant_machine,REX-000041,레그 프레스,Leg Press,STRENGTH,QUADRICEPS,KNEE_DOMINANT,BEGINNER,APPROVED,REPS,4,,90,15,"[""MACHINE""]","[""GYM""]","[""KNEE"",""HIP""]","[""ANKLE_FOOT""]",false,레그 프레스 운동은 다리를 굽혔다 펴며 허벅지 앞쪽을 사용하는 운동입니다.,"[""발을 편하게 벌리고 양발에 무게를 나눈다."",""엉덩이를 뒤로 보내며 무릎을 천천히 굽힌다."",""발바닥을 바닥에 두고 편한 범위까지만 내려간다."",""발로 바닥을 밀며 천천히 시작 자세로 돌아온다.""]",representative-content-v0.1.0,DOMAIN_APPROVED,wger,371,false,"[""BEGINNER"",""INTERMEDIATE""]","{""INTERMEDIATE"":""FITT-COMPOUND-SQUAT-INTERMEDIATE-V1"",""BEGINNER"":""FITT-COMPOUND-SQUAT-V1""}",NONE,다관절 저항운동 패턴 전용 복합 템플릿 적용.,NEX-000204,"[""NEX-000204""]",REVIEW_REQUIRED,true,,,,,,,,,,,,,,,,,,,,
EXERCISE,exercise-catalog-v2.0.2-draft,leg_press_knee_dominant_resistance_band,REX-000069,누워서 밴드 레그 프레스,밴드 잡고 누워서 다리 밀기,STRENGTH,QUADRICEPS,KNEE_DOMINANT,BEGINNER,APPROVED,REPS,4,,90,15,"[""RESISTANCE_BAND""]","[""HOME""]","[""KNEE""]","[""HIP""]",false,누워서 밴드 레그 프레스 운동은 다리를 굽혔다 펴며 허벅지 앞쪽을 사용하는 운동입니다.,"[""발을 편하게 벌리고 양발에 무게를 나눈다."",""엉덩이를 뒤로 보내며 무릎을 천천히 굽힌다."",""발바닥을 바닥에 두고 편한 범위까지만 내려간다."",""발로 바닥을 밀며 천천히 시작 자세로 돌아온다.""]",representative-content-v0.1.0,DOMAIN_APPROVED,kspo,72cc612abf8747105b33f64e0661b713012fb3f2ae378cd5c5142215eedc899b,false,"[""BEGINNER"",""INTERMEDIATE""]","{""INTERMEDIATE"":""FITT-ISOLATION-STRENGTH-INTERMEDIATE-V1"",""BEGINNER"":""FITT-ISOLATION-STRENGTH-V1""}",NONE,단일관절 또는 고립 저항운동 특성으로 ISOLATION_STRENGTH 템플릿 적용.,NEX-000176,"[""NEX-000176""]",REVIEW_REQUIRED,true,,,,,,,,,,,,,,,,,,,,
EXERCISE,exercise-catalog-v2.0.2-draft,leg_up_hamstring_stretch_mobility_stretch_bodyweight,REX-000042,누워서 햄스트링 스트레칭,leg up hamstring stretch,MOBILITY,MOBILITY,MOBILITY_STRETCH,BEGINNER,APPROVED,DURATION,,30,30,15,"[""BODYWEIGHT""]","[""HOME"",""GYM""]","[""KNEE""]","[""HIP""]",true,누워서 햄스트링 스트레칭 운동은 무릎 주변을 천천히 움직이며 범위를 확인하는 스트레칭입니다.,"[""편안한 시작 자세를 잡고 주변 공간을 확인한다."",""숨을 고르게 쉬며 안내된 방향으로 천천히 움직인다."",""당김이 느껴지는 범위에서 잠시 멈춘다."",""반동 없이 시작 자세로 천천히 돌아온다.""]",representative-content-v0.1.0,DOMAIN_APPROVED,gymvisual,1576,false,"[""BEGINNER"",""INTERMEDIATE""]","{""INTERMEDIATE"":""FITT-MOBILITY-INTERMEDIATE-V1"",""BEGINNER"":""FITT-MOBILITY-V1""}",NONE,패턴 전용 FITT 템플릿 적용.,NEX-000135,"[""NEX-000135""]",REVIEW_REQUIRED,true,,,,,,,,,,,,,,,,,,,,
EXERCISE,exercise-catalog-v2.0.2-draft,lower_back_curl_core_brace_bodyweight,REX-000043,로어 백 컬,lower back curl,STRENGTH,BACK,CORE_BRACE,INTERMEDIATE,APPROVED,DURATION,,30,90,15,"[""BODYWEIGHT""]","[""HOME"",""GYM""]","[""LOWER_BACK""]","[""UPPER_BACK""]",false,로어 백 컬 운동은 몸통을 유지하며 등에 힘을 쓰는 운동입니다.,"[""안내된 시작 자세를 안정적으로 잡는다."",""배 주변에 가볍게 힘을 주고 숨을 쉰다."",""몸통이 흔들리지 않는 범위에서 팔이나 다리를 움직인다."",""천천히 시작 자세로 돌아온다.""]",representative-content-v0.1.0,DOMAIN_APPROVED,gymvisual,1352,false,"[""INTERMEDIATE""]","{""INTERMEDIATE"":""FITT-MOBILITY-INTERMEDIATE-V1""}",NONE,패턴 전용 FITT 템플릿 적용.,NEX-000112,"[""NEX-000112""]",REVIEW_REQUIRED,true,,,,,,,,,,,,,,,,,,,,
EXERCISE,exercise-catalog-v2.0.2-draft,machine_leg_extension_isolation_machine,REX-000044,레그 익스텐션,lever leg extension,STRENGTH,QUADRICEPS,ISOLATION,BEGINNER,APPROVED,REPS,4,,90,15,"[""MACHINE""]","[""GYM""]","[""KNEE""]","[""HIP""]",false,레그 익스텐션 운동은 다른 부위의 움직임을 줄이고 허벅지 앞쪽을 집중해 사용하는 운동입니다.,"[""시작 자세와 기구를 안정적으로 준비한다."",""안내된 부위를 중심으로 천천히 움직인다."",""끝 범위에서 힘을 잠시 유지한다."",""반동 없이 시작 자세로 돌아온다.""]",representative-content-v0.1.0,DOMAIN_APPROVED,gymvisual,0585,false,"[""BEGINNER"",""INTERMEDIATE""]","{""INTERMEDIATE"":""FITT-ISOLATION-STRENGTH-INTERMEDIATE-V1"",""BEGINNER"":""FITT-ISOLATION-STRENGTH-V1""}",NONE,단일관절 또는 고립 저항운동 특성으로 ISOLATION_STRENGTH 템플릿 적용.,NEX-000069,"[""NEX-000069"",""NEX-000160"",""NEX-000203""]",REVIEW_REQUIRED,true,,,,,,,,,,,,,,,,,,,,
EXERCISE,exercise-catalog-v2.0.2-draft,mobility_balance_bodyweight,REX-000066,한발 서기 균형,FITT-CORE-STABILITY-V1,MOBILITY,MOBILITY,BALANCE,BEGINNER,APPROVED,DURATION,,30,30,15,"[""BODYWEIGHT""]","[""HOME"",""GYM""]","[""HIP""]","[""ANKLE_FOOT"",""KNEE""]",true,한발 서기 균형 운동은 한 발로 서서 몸의 균형을 확인하는 운동입니다.,"[""주변을 정리하고 필요하면 벽이나 의자 가까이에 선다."",""한 발을 바닥에 두고 다른 발을 천천히 들어 올린다."",""시선을 앞에 두고 몸이 흔들리지 않는 범위에서 유지한다."",""발을 천천히 내려 양발로 돌아온 뒤 반대쪽도 수행한다.""]",representative-content-v0.1.0,DOMAIN_APPROVED,kspo,19af0f76cad5e01830e662585e3cea621cf8563f1955f83114bef440606379c4,false,"[""BEGINNER"",""INTERMEDIATE""]","{""INTERMEDIATE"":""FITT-CORE-DYNAMIC-INTERMEDIATE-V1"",""BEGINNER"":""FITT-CORE-DYNAMIC-V1""}",NONE,동적 코어 운동에 REPS 단위 템플릿 적용.,NEX-000173,"[""NEX-000173""]",REVIEW_REQUIRED,true,,,,,,,,,,,,,,,,,,,,
EXERCISE,exercise-catalog-v2.0.2-draft,neck_lateral_stretch_mobility_stretch_bodyweight,REX-000045,목 옆면 스트레칭,neck side stretch,MOBILITY,MOBILITY,MOBILITY_STRETCH,BEGINNER,APPROVED,DURATION,,30,30,15,"[""BODYWEIGHT""]","[""HOME"",""GYM""]","[""NECK""]","[""SHOULDER""]",true,목 옆면 스트레칭 운동은 목 주변을 천천히 움직이며 범위를 확인하는 스트레칭입니다.,"[""편안한 시작 자세를 잡고 주변 공간을 확인한다."",""숨을 고르게 쉬며 안내된 방향으로 천천히 움직인다."",""당김이 느껴지는 범위에서 잠시 멈춘다."",""반동 없이 시작 자세로 천천히 돌아온다.""]",representative-content-v0.1.0,DOMAIN_APPROVED,gymvisual,1403,false,"[""BEGINNER"",""INTERMEDIATE""]","{""INTERMEDIATE"":""FITT-MOBILITY-INTERMEDIATE-V1"",""BEGINNER"":""FITT-MOBILITY-V1""}",NONE,패턴 전용 FITT 템플릿 적용.,NEX-000083,"[""NEX-000083"",""NEX-000125""]",REVIEW_REQUIRED,true,,,,,,,,,,,,,,,,,,,,
EXERCISE,exercise-catalog-v2.0.2-draft,one_arm_wall_lats_isolation_bodyweight,REX-000046,벽 짚고 한 팔 광배근 스트레칭,one arm against wall,STRENGTH,BACK,ISOLATION,BEGINNER,APPROVED,REPS,4,,90,15,"[""BODYWEIGHT""]","[""HOME"",""GYM""]","[""UPPER_BACK""]","[""SHOULDER"",""ELBOW""]",false,벽 짚고 한 팔 광배근 스트레칭 운동은 다른 부위의 움직임을 줄이고 등을 집중해 사용하는 운동입니다.,"[""시작 자세와 기구를 안정적으로 준비한다."",""안내된 부위를 중심으로 천천히 움직인다."",""끝 범위에서 힘을 잠시 유지한다."",""반동 없이 시작 자세로 돌아온다.""]",representative-content-v0.1.0,DOMAIN_APPROVED,gymvisual,1355,false,"[""BEGINNER"",""INTERMEDIATE""]","{""INTERMEDIATE"":""FITT-ISOMETRIC-STRENGTH-INTERMEDIATE-V1"",""BEGINNER"":""FITT-ISOMETRIC-STRENGTH-V1""}",NONE,전문가 검수 완료: 벽을 손바닥으로 밀어 광배근을 등척성으로 활성화하는 PUSH + BODYWEIGHT 동작이며 유지시간 기본값을 적용.,NEX-000113,"[""NEX-000113""]",REVIEW_REQUIRED,true,,,,,,,,,,,,,,,,,,,,
EXERCISE,exercise-catalog-v2.0.2-draft,overhead_triceps_extension_isolation_barbell,REX-000047,오버헤드 트라이셉스 익스텐션,barbell standing overhead triceps extension,STRENGTH,TRICEPS,ISOLATION,BEGINNER,APPROVED,REPS,4,,90,15,"[""BARBELL""]","[""GYM""]","[""ELBOW""]","[""SHOULDER""]",false,오버헤드 트라이셉스 익스텐션 운동은 다른 부위의 움직임을 줄이고 팔 뒤쪽을 집중해 사용하는 운동입니다.,"[""시작 자세와 기구를 안정적으로 준비한다."",""안내된 부위를 중심으로 천천히 움직인다."",""끝 범위에서 힘을 잠시 유지한다."",""반동 없이 시작 자세로 돌아온다.""]",representative-content-v0.1.0,DOMAIN_APPROVED,gymvisual,0109,false,"[""BEGINNER"",""INTERMEDIATE""]","{""INTERMEDIATE"":""FITT-ISOLATION-STRENGTH-INTERMEDIATE-V1"",""BEGINNER"":""FITT-ISOLATION-STRENGTH-V1""}",NONE,단일관절 또는 고립 저항운동 특성으로 ISOLATION_STRENGTH 템플릿 적용.,NEX-000008,"[""NEX-000008""]",REVIEW_REQUIRED,true,,,,,,,,,,,,,,,,,,,,
EXERCISE,exercise-catalog-v2.0.2-draft,overhead_triceps_stretch_mobility_stretch_bodyweight,REX-000048,오버헤드 삼두근 스트레칭,overhead triceps stretch,MOBILITY,MOBILITY,MOBILITY_STRETCH,BEGINNER,APPROVED,DURATION,,30,30,15,"[""BODYWEIGHT""]","[""HOME"",""GYM""]","[""ELBOW""]","[""SHOULDER"",""WRIST_HAND""]",true,오버헤드 삼두근 스트레칭 운동은 팔꿈치 주변을 천천히 움직이며 범위를 확인하는 스트레칭입니다.,"[""편안한 시작 자세를 잡고 주변 공간을 확인한다."",""숨을 고르게 쉬며 안내된 방향으로 천천히 움직인다."",""당김이 느껴지는 범위에서 잠시 멈춘다."",""반동 없이 시작 자세로 천천히 돌아온다.""]",representative-content-v0.1.0,DOMAIN_APPROVED,gymvisual,0643,false,"[""BEGINNER"",""INTERMEDIATE""]","{""INTERMEDIATE"":""FITT-MOBILITY-INTERMEDIATE-V1"",""BEGINNER"":""FITT-MOBILITY-V1""}",NONE,패턴 전용 FITT 템플릿 적용.,NEX-000073,"[""NEX-000073""]",REVIEW_REQUIRED,true,,,,,,,,,,,,,,,,,,,,
EXERCISE,exercise-catalog-v2.0.2-draft,pectorals_horizontal_push_horizontal_push_machine,REX-000049,체스트 프레스,Seated Bench Press,STRENGTH,CHEST,HORIZONTAL_PUSH,BEGINNER,APPROVED,REPS,4,,90,15,"[""MACHINE""]","[""GYM""]","[""CHEST""]","[""SHOULDER"",""ELBOW""]",false,체스트 프레스 운동은 팔을 앞으로 밀어 가슴을 사용하는 운동입니다.,"[""손과 발 또는 기구를 안정적으로 준비한다."",""어깨가 으쓱하지 않게 팔을 천천히 밀어낸다."",""팔꿈치를 조절할 수 있는 범위에서 굽힌다."",""천천히 처음 위치로 돌아온다.""]",representative-content-v0.1.0,DOMAIN_APPROVED,wger,1094,false,"[""BEGINNER"",""INTERMEDIATE""]","{""INTERMEDIATE"":""FITT-COMPOUND-PUSH-INTERMEDIATE-V1"",""BEGINNER"":""FITT-COMPOUND-PUSH-V1""}",NONE,다관절 저항운동 패턴 전용 복합 템플릿 적용.,NEX-000182,"[""NEX-000182"",""NEX-000194"",""NEX-000206""]",REVIEW_REQUIRED,true,,,,,,,,,,,,,,,,,,,,
EXERCISE,exercise-catalog-v2.0.2-draft,peroneal_stretch_mobility_stretch_stretch_strap,REX-000050,종아리 바깥쪽 스트레칭,peroneals stretch,MOBILITY,MOBILITY,MOBILITY_STRETCH,BEGINNER,APPROVED,DURATION,,30,30,15,"[""STRETCH_STRAP""]","[""HOME"",""GYM""]","[""ANKLE_FOOT""]","[""KNEE""]",true,종아리 바깥쪽 스트레칭 운동은 발목과 발 주변을 천천히 움직이며 범위를 확인하는 스트레칭입니다.,"[""편안한 시작 자세를 잡고 주변 공간을 확인한다."",""숨을 고르게 쉬며 안내된 방향으로 천천히 움직인다."",""당김이 느껴지는 범위에서 잠시 멈춘다."",""반동 없이 시작 자세로 천천히 돌아온다.""]",representative-content-v0.1.0,DOMAIN_APPROVED,gymvisual,1388,false,"[""BEGINNER"",""INTERMEDIATE""]","{""INTERMEDIATE"":""FITT-MOBILITY-INTERMEDIATE-V1"",""BEGINNER"":""FITT-MOBILITY-V1""}",NONE,패턴 전용 FITT 템플릿 적용.,NEX-000123,"[""NEX-000123""]",REVIEW_REQUIRED,true,,,,,,,,,,,,,,,,,,,,
EXERCISE,exercise-catalog-v2.0.2-draft,plank_rotation_core_brace_bodyweight,REX-000051,플랭크 로테이션,front plank with twist,STRENGTH,CORE,CORE_BRACE,INTERMEDIATE,APPROVED,DURATION,,30,90,15,"[""BODYWEIGHT""]","[""HOME"",""GYM""]","[""ABDOMEN""]","[""LOWER_BACK""]",false,플랭크 로테이션 운동은 몸통을 유지하며 몸통 주변에 힘을 쓰는 운동입니다.,"[""안내된 시작 자세를 안정적으로 잡는다."",""배 주변에 가볍게 힘을 주고 숨을 쉰다."",""몸통이 흔들리지 않는 범위에서 팔이나 다리를 움직인다."",""천천히 시작 자세로 돌아온다.""]",representative-content-v0.1.0,DOMAIN_APPROVED,gymvisual,0464,false,"[""INTERMEDIATE""]","{""INTERMEDIATE"":""FITT-CORE-DYNAMIC-PER-SIDE-INTERMEDIATE-V1""}",NONE,좌우를 구분하는 동적 코어 운동에 REPS_PER_SIDE 단위 적용.,NEX-000063,"[""NEX-000063""]",REVIEW_REQUIRED,true,,,,,,,,,,,,,,,,,,,,
EXERCISE,exercise-catalog-v2.0.2-draft,push_up_horizontal_push_bodyweight,REX-000052,푸시업,push-up,STRENGTH,CHEST,HORIZONTAL_PUSH,BEGINNER,APPROVED,REPS,4,,90,15,"[""BODYWEIGHT""]","[""HOME"",""GYM""]","[""CHEST""]","[""SHOULDER"",""ELBOW""]",false,푸시업 운동은 팔을 앞으로 밀어 가슴을 사용하는 운동입니다.,"[""손과 발 또는 기구를 안정적으로 준비한다."",""어깨가 으쓱하지 않게 팔을 천천히 밀어낸다."",""팔꿈치를 조절할 수 있는 범위에서 굽힌다."",""천천히 처음 위치로 돌아온다.""]",representative-content-v0.1.0,DOMAIN_APPROVED,gymvisual,0662,false,"[""BEGINNER"",""INTERMEDIATE""]","{""INTERMEDIATE"":""FITT-COMPOUND-PUSH-INTERMEDIATE-V1"",""BEGINNER"":""FITT-COMPOUND-PUSH-V1""}",NONE,다관절 저항운동 패턴 전용 복합 템플릿 적용.,NEX-000074,"[""NEX-000074""]",REVIEW_REQUIRED,true,,,,,,,,,,,,,,,,,,,,
EXERCISE,exercise-catalog-v2.0.2-draft,rear_deltoid_stretch_mobility_stretch_bodyweight,REX-000053,후면 어깨 스트레칭,rear deltoid stretch,MOBILITY,MOBILITY,MOBILITY_STRETCH,BEGINNER,APPROVED,DURATION,,30,30,15,"[""BODYWEIGHT""]","[""HOME"",""GYM""]","[""SHOULDER""]","[""UPPER_BACK""]",true,후면 어깨 스트레칭 운동은 어깨 주변을 천천히 움직이며 범위를 확인하는 스트레칭입니다.,"[""편안한 시작 자세를 잡고 주변 공간을 확인한다."",""숨을 고르게 쉬며 안내된 방향으로 천천히 움직인다."",""당김이 느껴지는 범위에서 잠시 멈춘다."",""반동 없이 시작 자세로 천천히 돌아온다.""]",representative-content-v0.1.0,DOMAIN_APPROVED,gymvisual,0669,false,"[""BEGINNER"",""INTERMEDIATE""]","{""INTERMEDIATE"":""FITT-MOBILITY-INTERMEDIATE-V1"",""BEGINNER"":""FITT-MOBILITY-V1""}",NONE,패턴 전용 FITT 템플릿 적용.,NEX-000075,"[""NEX-000075""]",REVIEW_REQUIRED,true,,,,,,,,,,,,,,,,,,,,
EXERCISE,exercise-catalog-v2.0.2-draft,reverse_calf_raise_isolation_resistance_band,REX-000054,리버스 카프 레이즈,band single leg reverse calf raise,STRENGTH,CALVES,ISOLATION,BEGINNER,APPROVED,REPS,4,,90,15,"[""RESISTANCE_BAND""]","[""HOME"",""GYM""]","[""ANKLE_FOOT""]","[""KNEE""]",false,리버스 카프 레이즈 운동은 다른 부위의 움직임을 줄이고 종아리를 집중해 사용하는 운동입니다.,"[""시작 자세와 기구를 안정적으로 준비한다."",""안내된 부위를 중심으로 천천히 움직인다."",""끝 범위에서 힘을 잠시 유지한다."",""반동 없이 시작 자세로 돌아온다.""]",representative-content-v0.1.0,DOMAIN_APPROVED,gymvisual,1000,false,"[""BEGINNER"",""INTERMEDIATE""]","{""INTERMEDIATE"":""FITT-ISOLATION-STRENGTH-INTERMEDIATE-V1"",""BEGINNER"":""FITT-ISOLATION-STRENGTH-V1""}",NONE,단일관절 또는 고립 저항운동 특성으로 ISOLATION_STRENGTH 템플릿 적용.,NEX-000085,"[""NEX-000085"",""NEX-000103""]",REVIEW_REQUIRED,true,,,,,,,,,,,,,,,,,,,,
EXERCISE,exercise-catalog-v2.0.2-draft,reverse_wrist_curl_isolation_barbell,REX-000055,리버스 리스트 컬,barbell reverse wrist curl,STRENGTH,FOREARMS,ISOLATION,BEGINNER,APPROVED,REPS,4,,90,15,"[""BARBELL""]","[""GYM""]","[""WRIST_HAND""]","[""ELBOW""]",false,리버스 리스트 컬 운동은 다른 부위의 움직임을 줄이고 팔뚝을 집중해 사용하는 운동입니다.,"[""시작 자세와 기구를 안정적으로 준비한다."",""안내된 부위를 중심으로 천천히 움직인다."",""끝 범위에서 힘을 잠시 유지한다."",""반동 없이 시작 자세로 돌아온다.""]",representative-content-v0.1.0,DOMAIN_APPROVED,gymvisual,0082,false,"[""BEGINNER"",""INTERMEDIATE""]","{""INTERMEDIATE"":""FITT-ISOLATION-STRENGTH-INTERMEDIATE-V1"",""BEGINNER"":""FITT-ISOLATION-STRENGTH-V1""}",NONE,단일관절 또는 고립 저항운동 특성으로 ISOLATION_STRENGTH 템플릿 적용.,NEX-000006,"[""NEX-000006"",""NEX-000045"",""NEX-000052"",""NEX-000100""]",REVIEW_REQUIRED,true,,,,,,,,,,,,,,,,,,,,
EXERCISE,exercise-catalog-v2.0.2-draft,roller_back_stretch_mobility_stretch_foam_roller,REX-000073,롤러 등 스트레칭,roller back stretch,MOBILITY,MOBILITY,MOBILITY_STRETCH,BEGINNER,APPROVED,DURATION,,30,30,15,"[""FOAM_ROLLER""]","[""HOME"",""GYM""]","[""UPPER_BACK""]","[""LOWER_BACK""]",true,롤러 등 스트레칭 운동은 상부 등 주변을 천천히 움직이며 범위를 확인하는 스트레칭입니다.,"[""편안한 시작 자세를 잡고 주변 공간을 확인한다."",""숨을 고르게 쉬며 안내된 방향으로 천천히 움직인다."",""당김이 느껴지는 범위에서 잠시 멈춘다."",""반동 없이 시작 자세로 천천히 돌아온다.""]",representative-content-v0.1.0,DOMAIN_APPROVED,gymvisual,2208,false,"[""BEGINNER"",""INTERMEDIATE""]","{""INTERMEDIATE"":""FITT-MOBILITY-INTERMEDIATE-V1"",""BEGINNER"":""FITT-MOBILITY-V1""}",NONE,패턴 전용 FITT 템플릿 적용.,NEX-000147,"[""NEX-000147""]",REVIEW_REQUIRED,true,,,,,,,,,,,,,,,,,,,,
EXERCISE,exercise-catalog-v2.0.2-draft,roller_hip_stretch_mobility_stretch_foam_roller,REX-000074,롤러 둔근 스트레칭,roller hip stretch,MOBILITY,MOBILITY,MOBILITY_STRETCH,BEGINNER,APPROVED,DURATION,,30,30,15,"[""FOAM_ROLLER""]","[""HOME"",""GYM""]","[""HIP""]","[""LOWER_BACK""]",true,롤러 둔근 스트레칭 운동은 고관절 주변을 천천히 움직이며 범위를 확인하는 스트레칭입니다.,"[""편안한 시작 자세를 잡고 주변 공간을 확인한다."",""숨을 고르게 쉬며 안내된 방향으로 천천히 움직인다."",""당김이 느껴지는 범위에서 잠시 멈춘다."",""반동 없이 시작 자세로 천천히 돌아온다.""]",representative-content-v0.1.0,DOMAIN_APPROVED,gymvisual,2202,false,"[""BEGINNER"",""INTERMEDIATE""]","{""INTERMEDIATE"":""FITT-MOBILITY-INTERMEDIATE-V1"",""BEGINNER"":""FITT-MOBILITY-V1""}",NONE,패턴 전용 FITT 템플릿 적용.,NEX-000145,"[""NEX-000145""]",REVIEW_REQUIRED,true,,,,,,,,,,,,,,,,,,,,
EXERCISE,exercise-catalog-v2.0.2-draft,rotation_variant_core_brace_cable_machine,REX-000075,회전형 크런치,Cable Woodchoppers,STRENGTH,CORE,CORE_BRACE,INTERMEDIATE,APPROVED,DURATION,,30,90,15,"[""CABLE_MACHINE""]","[""GYM""]","[""ABDOMEN""]","[""LOWER_BACK"",""SHOULDER""]",false,회전형 크런치 운동은 몸통을 유지하며 몸통 주변에 힘을 쓰는 운동입니다.,"[""안내된 시작 자세를 안정적으로 잡는다."",""배 주변에 가볍게 힘을 주고 숨을 쉰다."",""몸통이 흔들리지 않는 범위에서 팔이나 다리를 움직인다."",""천천히 시작 자세로 돌아온다.""]",representative-content-v0.1.0,DOMAIN_APPROVED,wger,145,false,"[""INTERMEDIATE""]","{""INTERMEDIATE"":""FITT-CORE-DYNAMIC-INTERMEDIATE-V1""}",NONE,동적 코어 운동에 REPS 단위 템플릿 적용.,NEX-000096,"[""NEX-000096"",""NEX-000099"",""NEX-000187""]",REVIEW_REQUIRED,true,,,,,,,,,,,,,,,,,,,,
EXERCISE,exercise-catalog-v2.0.2-draft,row_variant_horizontal_pull_cable_machine,REX-000076,로우,Seated Cable Row,STRENGTH,BACK,HORIZONTAL_PULL,BEGINNER,APPROVED,REPS,4,,90,15,"[""CABLE_MACHINE""]","[""GYM""]","[""UPPER_BACK""]","[""ELBOW"",""SHOULDER""]",false,로우 운동은 팔꿈치를 뒤로 보내며 등을 사용하는 운동입니다.,"[""가슴을 편안히 열고 손잡이나 기구를 잡는다."",""어깨를 끌어올리지 않고 팔꿈치를 뒤로 보낸다."",""손잡이를 몸 가까이 가져온 뒤 잠시 멈춘다."",""팔을 천천히 펴며 처음 위치로 돌아온다.""]",representative-content-v0.1.0,DOMAIN_APPROVED,wger,1117,false,"[""BEGINNER"",""INTERMEDIATE""]","{""INTERMEDIATE"":""FITT-COMPOUND-PULL-INTERMEDIATE-V1"",""BEGINNER"":""FITT-COMPOUND-PULL-V1""}",NONE,다관절 저항운동 패턴 전용 복합 템플릿 적용.,NEX-000183,"[""NEX-000183"",""NEX-000184"",""NEX-000185"",""NEX-000196""]",REVIEW_REQUIRED,true,,,,,,,,,,,,,,,,,,,,
EXERCISE,exercise-catalog-v2.0.2-draft,runners_stretch_mobility_stretch_bodyweight,REX-000077,러너스 스트레칭,runners stretch,MOBILITY,MOBILITY,MOBILITY_STRETCH,BEGINNER,APPROVED,DURATION,,30,30,15,"[""BODYWEIGHT""]","[""HOME"",""GYM""]","[""ANKLE_FOOT"",""KNEE""]","[""HIP""]",true,러너스 스트레칭 운동은 발목과 발·무릎 주변을 천천히 움직이며 범위를 확인하는 스트레칭입니다.,"[""편안한 시작 자세를 잡고 주변 공간을 확인한다."",""숨을 고르게 쉬며 안내된 방향으로 천천히 움직인다."",""당김이 느껴지는 범위에서 잠시 멈춘다."",""반동 없이 시작 자세로 천천히 돌아온다.""]",representative-content-v0.1.0,DOMAIN_APPROVED,gymvisual,1585,false,"[""BEGINNER"",""INTERMEDIATE""]","{""INTERMEDIATE"":""FITT-MOBILITY-INTERMEDIATE-V1"",""BEGINNER"":""FITT-MOBILITY-V1""}",NONE,패턴 전용 FITT 템플릿 적용.,NEX-000136,"[""NEX-000136""]",REVIEW_REQUIRED,true,,,,,,,,,,,,,,,,,,,,
EXERCISE,exercise-catalog-v2.0.2-draft,scapular_pull_up_vertical_pull_bodyweight_pull_up_bar,REX-000078,스캐풀라 풀업,scapular pull-up,STRENGTH,BACK,VERTICAL_PULL,INTERMEDIATE,APPROVED,REPS,4,,90,15,"[""BODYWEIGHT"",""PULL_UP_BAR""]","[""HOME"",""GYM""]","[""UPPER_BACK""]","[""SHOULDER"",""ELBOW""]",false,스캐풀라 풀업 운동은 팔꿈치를 아래로 당기며 등을 사용하는 운동입니다.,"[""손잡이를 안정적으로 잡고 몸을 준비한다."",""어깨를 내린 채 팔꿈치를 아래로 당긴다."",""조절할 수 있는 범위까지만 당긴다."",""팔을 천천히 펴며 시작 위치로 돌아온다.""]",representative-content-v0.1.0,DOMAIN_APPROVED,gymvisual,0688,false,"[""INTERMEDIATE""]","{""INTERMEDIATE"":""FITT-COMPOUND-PULL-INTERMEDIATE-V1""}",NONE,다관절 저항운동 패턴 전용 복합 템플릿 적용.,NEX-000078,"[""NEX-000078""]",REVIEW_REQUIRED,true,,,,,,,,,,,,,,,,,,,,
EXERCISE,exercise-catalog-v2.0.2-draft,seated_cable_row_horizontal_pull_cable_machine,REX-000079,시티드 케이블 로우,cable seated row,STRENGTH,BACK,HORIZONTAL_PULL,BEGINNER,APPROVED,REPS,4,,90,15,"[""CABLE_MACHINE""]","[""GYM""]","[""UPPER_BACK""]","[""SHOULDER"",""ELBOW""]",false,시티드 케이블 로우 운동은 팔꿈치를 뒤로 보내며 등을 사용하는 운동입니다.,"[""가슴을 편안히 열고 손잡이나 기구를 잡는다."",""어깨를 끌어올리지 않고 팔꿈치를 뒤로 보낸다."",""손잡이를 몸 가까이 가져온 뒤 잠시 멈춘다."",""팔을 천천히 펴며 처음 위치로 돌아온다.""]",representative-content-v0.1.0,DOMAIN_APPROVED,gymvisual,0861,false,"[""BEGINNER"",""INTERMEDIATE""]","{""INTERMEDIATE"":""FITT-COMPOUND-PULL-INTERMEDIATE-V1"",""BEGINNER"":""FITT-COMPOUND-PULL-V1""}",NONE,다관절 저항운동 패턴 전용 복합 템플릿 적용.,NEX-000013,"[""NEX-000013"",""NEX-000014"",""NEX-000015"",""NEX-000022"",""NEX-000024"",""NEX-000093""]",REVIEW_REQUIRED,true,,,,,,,,,,,,,,,,,,,,
EXERCISE,exercise-catalog-v2.0.2-draft,seated_calf_raise_isolation_barbell,REX-000080,시티드 카프 레이즈,barbell seated calf raise,STRENGTH,CALVES,ISOLATION,BEGINNER,APPROVED,REPS,4,,90,15,"[""BARBELL""]","[""GYM""]","[""ANKLE_FOOT""]","[""KNEE""]",false,시티드 카프 레이즈 운동은 다른 부위의 움직임을 줄이고 종아리를 집중해 사용하는 운동입니다.,"[""시작 자세와 기구를 안정적으로 준비한다."",""안내된 부위를 중심으로 천천히 움직인다."",""끝 범위에서 힘을 잠시 유지한다."",""반동 없이 시작 자세로 돌아온다.""]",representative-content-v0.1.0,DOMAIN_APPROVED,gymvisual,0088,false,"[""BEGINNER"",""INTERMEDIATE""]","{""INTERMEDIATE"":""FITT-ISOLATION-STRENGTH-INTERMEDIATE-V1"",""BEGINNER"":""FITT-ISOLATION-STRENGTH-V1""}",NONE,단일관절 또는 고립 저항운동 특성으로 ISOLATION_STRENGTH 템플릿 적용.,NEX-000007,"[""NEX-000007"",""NEX-000070"",""NEX-000120"",""NEX-000153"",""NEX-000188""]",REVIEW_REQUIRED,true,,,,,,,,,,,,,,,,,,,,
EXERCISE,exercise-catalog-v2.0.2-draft,seated_calf_stretch_mobility_stretch_bodyweight,REX-000081,앉아서 종아리 스트레칭,seated calf stretch (male),MOBILITY,MOBILITY,MOBILITY_STRETCH,BEGINNER,APPROVED,DURATION,,30,30,15,"[""BODYWEIGHT""]","[""HOME"",""GYM""]","[""ANKLE_FOOT""]","[""KNEE""]",true,앉아서 종아리 스트레칭 운동은 발목과 발 주변을 천천히 움직이며 범위를 확인하는 스트레칭입니다.,"[""편안한 시작 자세를 잡고 주변 공간을 확인한다."",""숨을 고르게 쉬며 안내된 방향으로 천천히 움직인다."",""당김이 느껴지는 범위에서 잠시 멈춘다."",""반동 없이 시작 자세로 천천히 돌아온다.""]",representative-content-v0.1.0,DOMAIN_APPROVED,gymvisual,1390,false,"[""BEGINNER"",""INTERMEDIATE""]","{""INTERMEDIATE"":""FITT-MOBILITY-INTERMEDIATE-V1"",""BEGINNER"":""FITT-MOBILITY-V1""}",NONE,패턴 전용 FITT 템플릿 적용.,NEX-000124,"[""NEX-000124""]",REVIEW_REQUIRED,true,,,,,,,,,,,,,,,,,,,,
EXERCISE,exercise-catalog-v2.0.2-draft,seated_glute_stretch_mobility_stretch_bodyweight,REX-000082,앉아서 둔근 스트레칭,seated glute stretch,MOBILITY,MOBILITY,MOBILITY_STRETCH,BEGINNER,APPROVED,DURATION,,30,30,15,"[""BODYWEIGHT""]","[""HOME"",""GYM""]","[""HIP""]","[""KNEE""]",true,앉아서 둔근 스트레칭 운동은 고관절 주변을 천천히 움직이며 범위를 확인하는 스트레칭입니다.,"[""편안한 시작 자세를 잡고 주변 공간을 확인한다."",""숨을 고르게 쉬며 안내된 방향으로 천천히 움직인다."",""당김이 느껴지는 범위에서 잠시 멈춘다."",""반동 없이 시작 자세로 천천히 돌아온다.""]",representative-content-v0.1.0,DOMAIN_APPROVED,gymvisual,1424,false,"[""BEGINNER"",""INTERMEDIATE""]","{""INTERMEDIATE"":""FITT-MOBILITY-INTERMEDIATE-V1"",""BEGINNER"":""FITT-MOBILITY-V1""}",NONE,패턴 전용 FITT 템플릿 적용.,NEX-000126,"[""NEX-000126""]",REVIEW_REQUIRED,true,,,,,,,,,,,,,,,,,,,,
EXERCISE,exercise-catalog-v2.0.2-draft,seated_leg_curl_knee_flexion_machine,REX-000083,레그 컬,lever seated leg curl,STRENGTH,HAMSTRINGS,KNEE_FLEXION,BEGINNER,APPROVED,REPS,4,,90,15,"[""MACHINE""]","[""GYM""]","[""KNEE""]","[""HIP""]",false,레그 컬 운동은 다리를 굽혔다 펴며 허벅지 뒤쪽을 사용하는 운동입니다.,"[""기구에 앉아 몸과 기구의 위치를 맞춘다."",""다리를 천천히 굽힌다."",""조절할 수 있는 범위에서 잠시 멈춘다."",""천천히 다리를 되돌린다.""]",representative-content-v0.1.0,DOMAIN_APPROVED,gymvisual,0599,false,"[""BEGINNER"",""INTERMEDIATE""]","{""INTERMEDIATE"":""FITT-ISOLATION-STRENGTH-INTERMEDIATE-V1"",""BEGINNER"":""FITT-ISOLATION-STRENGTH-V1""}",NONE,단일관절 또는 고립 저항운동 특성으로 ISOLATION_STRENGTH 템플릿 적용.,NEX-000065,"[""NEX-000065"",""NEX-000071"",""NEX-000081"",""NEX-000082"",""NEX-000087"",""NEX-000156"",""NEX-000180"",""NEX-000191"",""NEX-000202""]",REVIEW_REQUIRED,true,,,,,,,,,,,,,,,,,,,,
EXERCISE,exercise-catalog-v2.0.2-draft,seated_lower_back_stretch_mobility_stretch_bodyweight,REX-000084,앉아서 허리 스트레칭,seated lower back stretch,MOBILITY,MOBILITY,MOBILITY_STRETCH,BEGINNER,APPROVED,DURATION,,30,30,15,"[""BODYWEIGHT""]","[""HOME"",""GYM""]","[""LOWER_BACK""]","[""UPPER_BACK"",""ABDOMEN""]",true,앉아서 허리 스트레칭 운동은 허리 주변을 천천히 움직이며 범위를 확인하는 스트레칭입니다.,"[""편안한 시작 자세를 잡고 주변 공간을 확인한다."",""숨을 고르게 쉬며 안내된 방향으로 천천히 움직인다."",""당김이 느껴지는 범위에서 잠시 멈춘다."",""반동 없이 시작 자세로 천천히 돌아온다.""]",representative-content-v0.1.0,DOMAIN_APPROVED,gymvisual,0690,false,"[""BEGINNER"",""INTERMEDIATE""]","{""INTERMEDIATE"":""FITT-MOBILITY-INTERMEDIATE-V1"",""BEGINNER"":""FITT-MOBILITY-V1""}",NONE,패턴 전용 FITT 템플릿 적용.,NEX-000079,"[""NEX-000079""]",REVIEW_REQUIRED,true,,,,,,,,,,,,,,,,,,,,
EXERCISE,exercise-catalog-v2.0.2-draft,seated_piriformis_stretch_mobility_stretch_bodyweight,REX-000085,앉아서 이상근 스트레칭,seated piriformis stretch,MOBILITY,MOBILITY,MOBILITY_STRETCH,BEGINNER,APPROVED,DURATION,,30,30,15,"[""BODYWEIGHT""]","[""HOME"",""GYM""]","[""HIP""]","[""KNEE""]",true,앉아서 이상근 스트레칭 운동은 고관절 주변을 천천히 움직이며 범위를 확인하는 스트레칭입니다.,"[""편안한 시작 자세를 잡고 주변 공간을 확인한다."",""숨을 고르게 쉬며 안내된 방향으로 천천히 움직인다."",""당김이 느껴지는 범위에서 잠시 멈춘다."",""반동 없이 시작 자세로 천천히 돌아온다.""]",representative-content-v0.1.0,DOMAIN_APPROVED,gymvisual,2567,false,"[""BEGINNER"",""INTERMEDIATE""]","{""INTERMEDIATE"":""FITT-MOBILITY-INTERMEDIATE-V1"",""BEGINNER"":""FITT-MOBILITY-V1""}",NONE,패턴 전용 FITT 템플릿 적용.,NEX-000157,"[""NEX-000157""]",REVIEW_REQUIRED,true,,,,,,,,,,,,,,,,,,,,
EXERCISE,exercise-catalog-v2.0.2-draft,seated_shoulder_press_vertical_push_dumbbell,REX-000086,숄더 프레스,dumbbell seated shoulder press,STRENGTH,SHOULDERS,VERTICAL_PUSH,INTERMEDIATE,APPROVED,REPS,4,,90,15,"[""DUMBBELL""]","[""HOME"",""GYM""]","[""SHOULDER""]","[""ELBOW""]",false,숄더 프레스 운동은 팔을 위로 밀어 어깨를 사용하는 운동입니다.,"[""등과 발 또는 엉덩이를 안정적으로 둔다."",""손잡이나 기구를 어깨 가까이에 준비한다."",""허리를 꺾지 않고 편한 범위에서 위로 밀어낸다."",""천천히 시작 위치로 내려온다.""]",representative-content-v0.1.0,DOMAIN_APPROVED,gymvisual,0405,false,"[""INTERMEDIATE""]","{""INTERMEDIATE"":""FITT-COMPOUND-PUSH-INTERMEDIATE-V1""}",NONE,다관절 저항운동 패턴 전용 복합 템플릿 적용.,NEX-000043,"[""NEX-000043"",""NEX-000044"",""NEX-000055"",""NEX-000056"",""NEX-000101"",""NEX-000163"",""NEX-000198"",""NEX-000200"",""NEX-000207""]",REVIEW_REQUIRED,true,,,,,,,,,,,,,,,,,,,,
EXERCISE,exercise-catalog-v2.0.2-draft,seated_wide_angle_stretch_mobility_stretch_bodyweight,REX-000087,시티드 와이드 앵글 스트레칭,seated wide angle pose sequence,MOBILITY,MOBILITY,MOBILITY_STRETCH,BEGINNER,APPROVED,DURATION,,30,30,15,"[""BODYWEIGHT""]","[""HOME"",""GYM""]","[""HIP"",""KNEE""]",[],true,시티드 와이드 앵글 스트레칭 운동은 고관절·무릎 주변을 천천히 움직이며 범위를 확인하는 스트레칭입니다.,"[""편안한 시작 자세를 잡고 주변 공간을 확인한다."",""숨을 고르게 쉬며 안내된 방향으로 천천히 움직인다."",""당김이 느껴지는 범위에서 잠시 멈춘다."",""반동 없이 시작 자세로 천천히 돌아온다.""]",representative-content-v0.1.0,DOMAIN_APPROVED,gymvisual,1587,false,"[""BEGINNER"",""INTERMEDIATE""]","{""INTERMEDIATE"":""FITT-MOBILITY-INTERMEDIATE-V1"",""BEGINNER"":""FITT-MOBILITY-V1""}",NONE,패턴 전용 FITT 템플릿 적용.,NEX-000137,"[""NEX-000137""]",REVIEW_REQUIRED,true,,,,,,,,,,,,,,,,,,,,
EXERCISE,exercise-catalog-v2.0.2-draft,side_lying_quadriceps_stretch_mobility_stretch_bodyweight,REX-000088,옆으로 누워 대퇴사두근 스트레칭,lying (side) quads stretch,MOBILITY,MOBILITY,MOBILITY_STRETCH,BEGINNER,APPROVED,DURATION,,30,30,15,"[""BODYWEIGHT""]","[""HOME"",""GYM""]","[""KNEE""]","[""HIP""]",true,옆으로 누워 대퇴사두근 스트레칭 운동은 무릎 주변을 천천히 움직이며 범위를 확인하는 스트레칭입니다.,"[""편안한 시작 자세를 잡고 주변 공간을 확인한다."",""숨을 고르게 쉬며 안내된 방향으로 천천히 움직인다."",""당김이 느껴지는 범위에서 잠시 멈춘다."",""반동 없이 시작 자세로 천천히 돌아온다.""]",representative-content-v0.1.0,DOMAIN_APPROVED,gymvisual,0613,false,"[""BEGINNER"",""INTERMEDIATE""]","{""INTERMEDIATE"":""FITT-MOBILITY-INTERMEDIATE-V1"",""BEGINNER"":""FITT-MOBILITY-V1""}",NONE,패턴 전용 FITT 템플릿 적용.,NEX-000072,"[""NEX-000072""]",REVIEW_REQUIRED,true,,,,,,,,,,,,,,,,,,,,
EXERCISE,exercise-catalog-v2.0.2-draft,side_wrist_pull_stretch_mobility_stretch_bodyweight,REX-000089,손목 당기기 스트레칭,side wrist pull stretch,MOBILITY,MOBILITY,MOBILITY_STRETCH,BEGINNER,APPROVED,DURATION,,30,30,15,"[""BODYWEIGHT""]","[""HOME"",""GYM""]","[""WRIST_HAND""]","[""ELBOW""]",true,손목 당기기 스트레칭 운동은 손목과 손 주변을 천천히 움직이며 범위를 확인하는 스트레칭입니다.,"[""편안한 시작 자세를 잡고 주변 공간을 확인한다."",""숨을 고르게 쉬며 안내된 방향으로 천천히 움직인다."",""당김이 느껴지는 범위에서 잠시 멈춘다."",""반동 없이 시작 자세로 천천히 돌아온다.""]",representative-content-v0.1.0,DOMAIN_APPROVED,gymvisual,0721,false,"[""BEGINNER"",""INTERMEDIATE""]","{""INTERMEDIATE"":""FITT-MOBILITY-INTERMEDIATE-V1"",""BEGINNER"":""FITT-MOBILITY-V1""}",NONE,패턴 전용 FITT 템플릿 적용.,NEX-000084,"[""NEX-000084""]",REVIEW_REQUIRED,true,,,,,,,,,,,,,,,,,,,,
EXERCISE,exercise-catalog-v2.0.2-draft,spine_core_brace_core_brace_mat,REX-000090,버드독,네발기기 자세에서 팔 다리 들기,STRENGTH,CORE,CORE_BRACE,BEGINNER,APPROVED,DURATION,,30,90,15,"[""MAT""]","[""HOME""]","[""ABDOMEN""]","[""LOWER_BACK"",""HIP"",""SHOULDER""]",false,버드독 운동은 몸통을 유지하며 몸통 주변에 힘을 쓰는 운동입니다.,"[""안내된 시작 자세를 안정적으로 잡는다."",""배 주변에 가볍게 힘을 주고 숨을 쉰다."",""몸통이 흔들리지 않는 범위에서 팔이나 다리를 움직인다."",""천천히 시작 자세로 돌아온다.""]",representative-content-v0.1.0,DOMAIN_APPROVED,kspo,ce0ab5a88d5e6c4243b2a910aa53ecff3aa783c716fa193711a1a6e44542b3a0,false,"[""BEGINNER"",""INTERMEDIATE""]","{""INTERMEDIATE"":""FITT-CORE-DYNAMIC-PER-SIDE-INTERMEDIATE-V1"",""BEGINNER"":""FITT-CORE-DYNAMIC-PER-SIDE-V1""}",NONE,좌우를 구분하는 동적 코어 운동에 REPS_PER_SIDE 단위 적용.,NEX-000179,"[""NEX-000179""]",REVIEW_REQUIRED,true,,,,,,,,,,,,,,,,,,,,
EXERCISE,exercise-catalog-v2.0.2-draft,spine_stretch_mobility_stretch_bodyweight,REX-000091,척추 스트레칭,spine stretch,MOBILITY,MOBILITY,MOBILITY_STRETCH,BEGINNER,APPROVED,DURATION,,30,30,15,"[""BODYWEIGHT""]","[""HOME"",""GYM""]","[""UPPER_BACK"",""LOWER_BACK""]","[""ABDOMEN""]",true,척추 스트레칭 운동은 상부 등·허리 주변을 천천히 움직이며 범위를 확인하는 스트레칭입니다.,"[""편안한 시작 자세를 잡고 주변 공간을 확인한다."",""숨을 고르게 쉬며 안내된 방향으로 천천히 움직인다."",""당김이 느껴지는 범위에서 잠시 멈춘다."",""반동 없이 시작 자세로 천천히 돌아온다.""]",representative-content-v0.1.0,DOMAIN_APPROVED,gymvisual,1363,false,"[""BEGINNER"",""INTERMEDIATE""]","{""INTERMEDIATE"":""FITT-MOBILITY-INTERMEDIATE-V1"",""BEGINNER"":""FITT-MOBILITY-V1""}",NONE,패턴 전용 FITT 템플릿 적용.,NEX-000114,"[""NEX-000114""]",REVIEW_REQUIRED,true,,,,,,,,,,,,,,,,,,,,
EXERCISE,exercise-catalog-v2.0.2-draft,spine_twist_mobility_stretch_bodyweight,REX-000092,척추 비틀기,spine twist,MOBILITY,MOBILITY,MOBILITY_STRETCH,BEGINNER,APPROVED,DURATION,,30,30,15,"[""BODYWEIGHT""]","[""HOME"",""GYM""]","[""UPPER_BACK"",""LOWER_BACK""]","[""ABDOMEN""]",true,척추 비틀기 운동은 상부 등·허리 주변을 천천히 움직이며 범위를 확인하는 스트레칭입니다.,"[""편안한 시작 자세를 잡고 주변 공간을 확인한다."",""숨을 고르게 쉬며 안내된 방향으로 천천히 움직인다."",""당김이 느껴지는 범위에서 잠시 멈춘다."",""반동 없이 시작 자세로 천천히 돌아온다.""]",representative-content-v0.1.0,DOMAIN_APPROVED,gymvisual,2329,false,"[""BEGINNER"",""INTERMEDIATE""]","{""INTERMEDIATE"":""FITT-MOBILITY-INTERMEDIATE-V1"",""BEGINNER"":""FITT-MOBILITY-V1""}",NONE,패턴 전용 FITT 템플릿 적용.,NEX-000152,"[""NEX-000152""]",REVIEW_REQUIRED,true,,,,,,,,,,,,,,,,,,,,
EXERCISE,exercise-catalog-v2.0.2-draft,squat_variant_knee_dominant_barbell,REX-000093,스쿼트,Barbell Full Squat,STRENGTH,QUADRICEPS,KNEE_DOMINANT,BEGINNER,APPROVED,REPS,4,,90,15,"[""BARBELL""]","[""GYM""]","[""KNEE"",""HIP""]","[""LOWER_BACK"",""ANKLE_FOOT""]",false,스쿼트 운동은 다리를 굽혔다 펴며 허벅지 앞쪽을 사용하는 운동입니다.,"[""발을 편하게 벌리고 양발에 무게를 나눈다."",""엉덩이를 뒤로 보내며 무릎을 천천히 굽힌다."",""발바닥을 바닥에 두고 편한 범위까지만 내려간다."",""발로 바닥을 밀며 천천히 시작 자세로 돌아온다.""]",representative-content-v0.1.0,DOMAIN_APPROVED,wger,1801,false,"[""BEGINNER"",""INTERMEDIATE""]","{""INTERMEDIATE"":""FITT-COMPOUND-SQUAT-INTERMEDIATE-V1"",""BEGINNER"":""FITT-COMPOUND-SQUAT-V1""}",NONE,다관절 저항운동 패턴 전용 복합 템플릿 적용.,NEX-000197,"[""NEX-000197""]",REVIEW_REQUIRED,true,,,,,,,,,,,,,,,,,,,,
EXERCISE,exercise-catalog-v2.0.2-draft,standing_hamstring_calf_strap_stretch_mobility_stretch_stretch_strap,REX-000094,스트랩 햄스트링·종아리 스트레칭,standing hamstring and calf stretch with strap,MOBILITY,MOBILITY,MOBILITY_STRETCH,BEGINNER,APPROVED,DURATION,,30,30,15,"[""STRETCH_STRAP""]","[""HOME"",""GYM""]","[""KNEE"",""ANKLE_FOOT""]","[""HIP""]",true,스트랩 햄스트링·종아리 스트레칭 운동은 무릎·발목과 발 주변을 천천히 움직이며 범위를 확인하는 스트레칭입니다.,"[""편안한 시작 자세를 잡고 주변 공간을 확인한다."",""숨을 고르게 쉬며 안내된 방향으로 천천히 움직인다."",""당김이 느껴지는 범위에서 잠시 멈춘다."",""반동 없이 시작 자세로 천천히 돌아온다.""]",representative-content-v0.1.0,DOMAIN_APPROVED,gymvisual,1599,false,"[""BEGINNER"",""INTERMEDIATE""]","{""INTERMEDIATE"":""FITT-MOBILITY-INTERMEDIATE-V1"",""BEGINNER"":""FITT-MOBILITY-V1""}",NONE,패턴 전용 FITT 템플릿 적용.,NEX-000138,"[""NEX-000138""]",REVIEW_REQUIRED,true,,,,,,,,,,,,,,,,,,,,
EXERCISE,exercise-catalog-v2.0.2-draft,standing_lateral_stretch_mobility_stretch_bodyweight,REX-000095,서서 옆구리 스트레칭,standing lateral stretch,MOBILITY,MOBILITY,MOBILITY_STRETCH,BEGINNER,APPROVED,DURATION,,30,30,15,"[""BODYWEIGHT""]","[""HOME"",""GYM""]","[""UPPER_BACK""]","[""LOWER_BACK"",""ABDOMEN""]",true,서서 옆구리 스트레칭 운동은 상부 등 주변을 천천히 움직이며 범위를 확인하는 스트레칭입니다.,"[""편안한 시작 자세를 잡고 주변 공간을 확인한다."",""숨을 고르게 쉬며 안내된 방향으로 천천히 움직인다."",""당김이 느껴지는 범위에서 잠시 멈춘다."",""반동 없이 시작 자세로 천천히 돌아온다.""]",representative-content-v0.1.0,DOMAIN_APPROVED,gymvisual,0794,false,"[""BEGINNER"",""INTERMEDIATE""]","{""INTERMEDIATE"":""FITT-MOBILITY-INTERMEDIATE-V1"",""BEGINNER"":""FITT-MOBILITY-V1""}",NONE,패턴 전용 FITT 템플릿 적용.,NEX-000086,"[""NEX-000086""]",REVIEW_REQUIRED,true,,,,,,,,,,,,,,,,,,,,
EXERCISE,exercise-catalog-v2.0.2-draft,triceps_stretch_mobility_stretch_bodyweight,REX-000096,삼두근 스트레칭,triceps stretch,MOBILITY,MOBILITY,MOBILITY_STRETCH,BEGINNER,APPROVED,DURATION,,30,30,15,"[""BODYWEIGHT""]","[""HOME"",""GYM""]","[""ELBOW""]","[""SHOULDER"",""WRIST_HAND""]",true,삼두근 스트레칭 운동은 팔꿈치 주변을 천천히 움직이며 범위를 확인하는 스트레칭입니다.,"[""편안한 시작 자세를 잡고 주변 공간을 확인한다."",""숨을 고르게 쉬며 안내된 방향으로 천천히 움직인다."",""당김이 느껴지는 범위에서 잠시 멈춘다."",""반동 없이 시작 자세로 천천히 돌아온다.""]",representative-content-v0.1.0,DOMAIN_APPROVED,gymvisual,0817,false,"[""BEGINNER"",""INTERMEDIATE""]","{""INTERMEDIATE"":""FITT-MOBILITY-INTERMEDIATE-V1"",""BEGINNER"":""FITT-MOBILITY-V1""}",NONE,패턴 전용 FITT 템플릿 적용.,NEX-000089,"[""NEX-000089""]",REVIEW_REQUIRED,true,,,,,,,,,,,,,,,,,,,,
EXERCISE,exercise-catalog-v2.0.2-draft,upper_back_isolation_isolation_resistance_band,REX-000097,시티드 밴드 풀어파트,의자에 앉아 밴드 양옆으로 늘이기,STRENGTH,BACK,ISOLATION,BEGINNER,APPROVED,REPS,4,,90,15,"[""RESISTANCE_BAND""]","[""HOME""]","[""UPPER_BACK""]","[""SHOULDER"",""ELBOW""]",false,상부 등 밴드 당기기 운동은 다른 부위의 움직임을 줄이고 등을 집중해 사용하는 운동입니다.,"[""시작 자세와 기구를 안정적으로 준비한다."",""안내된 부위를 중심으로 천천히 움직인다."",""끝 범위에서 힘을 잠시 유지한다."",""반동 없이 시작 자세로 돌아온다.""]",representative-content-v0.1.0,DOMAIN_APPROVED,kspo,ab41f78cd9e548e1217b4460122ca0a1e9824cd570da589f1b37ffe86d6db937,false,"[""BEGINNER"",""INTERMEDIATE""]","{""INTERMEDIATE"":""FITT-ISOLATION-STRENGTH-INTERMEDIATE-V1"",""BEGINNER"":""FITT-ISOLATION-STRENGTH-V1""}",NONE,단일관절 또는 고립 저항운동 특성으로 ISOLATION_STRENGTH 템플릿 적용.,NEX-000178,"[""NEX-000178""]",REVIEW_REQUIRED,true,,,,,,,,,,,,,,,,,,,,
EXERCISE,exercise-catalog-v2.0.2-draft,upper_back_stretch_mobility_stretch_bodyweight,REX-000098,상부 등 스트레칭,upper back stretch,MOBILITY,MOBILITY,MOBILITY_STRETCH,BEGINNER,APPROVED,DURATION,,30,30,15,"[""BODYWEIGHT""]","[""HOME"",""GYM""]","[""UPPER_BACK""]","[""SHOULDER"",""CHEST""]",true,상부 등 스트레칭 운동은 상부 등 주변을 천천히 움직이며 범위를 확인하는 스트레칭입니다.,"[""편안한 시작 자세를 잡고 주변 공간을 확인한다."",""숨을 고르게 쉬며 안내된 방향으로 천천히 움직인다."",""당김이 느껴지는 범위에서 잠시 멈춘다."",""반동 없이 시작 자세로 천천히 돌아온다.""]",representative-content-v0.1.0,DOMAIN_APPROVED,gymvisual,1365,false,"[""BEGINNER"",""INTERMEDIATE""]","{""INTERMEDIATE"":""FITT-MOBILITY-INTERMEDIATE-V1"",""BEGINNER"":""FITT-MOBILITY-V1""}",NONE,패턴 전용 FITT 템플릿 적용.,NEX-000115,"[""NEX-000115""]",REVIEW_REQUIRED,true,,,,,,,,,,,,,,,,,,,,
EXERCISE,exercise-catalog-v2.0.2-draft,wall_calf_stretch_mobility_stretch_bodyweight,REX-000099,벽 짚고 종아리 스트레칭,calf stretch with hands against wall,MOBILITY,MOBILITY,MOBILITY_STRETCH,BEGINNER,APPROVED,DURATION,,30,30,15,"[""BODYWEIGHT""]","[""HOME"",""GYM""]","[""ANKLE_FOOT""]","[""KNEE""]",true,벽 짚고 종아리 스트레칭 운동은 발목과 발 주변을 천천히 움직이며 범위를 확인하는 스트레칭입니다.,"[""편안한 시작 자세를 잡고 주변 공간을 확인한다."",""숨을 고르게 쉬며 안내된 방향으로 천천히 움직인다."",""당김이 느껴지는 범위에서 잠시 멈춘다."",""반동 없이 시작 자세로 천천히 돌아온다.""]",representative-content-v0.1.0,DOMAIN_APPROVED,gymvisual,1377,false,"[""BEGINNER"",""INTERMEDIATE""]","{""INTERMEDIATE"":""FITT-MOBILITY-INTERMEDIATE-V1"",""BEGINNER"":""FITT-MOBILITY-V1""}",NONE,패턴 전용 FITT 템플릿 적용.,NEX-000119,"[""NEX-000119""]",REVIEW_REQUIRED,true,,,,,,,,,,,,,,,,,,,,
EXERCISE,exercise-catalog-v2.0.2-draft,world_greatest_stretch_mobility_stretch_bodyweight,REX-000100,월드 그레이티스트 스트레칭,world greatest stretch,MOBILITY,MOBILITY,MOBILITY_STRETCH,BEGINNER,APPROVED,DURATION,,30,30,15,"[""BODYWEIGHT""]","[""HOME"",""GYM""]","[""HIP"",""KNEE""]","[""ANKLE_FOOT""]",true,월드 그레이티스트 스트레칭 운동은 고관절·무릎 주변을 천천히 움직이며 범위를 확인하는 스트레칭입니다.,"[""편안한 시작 자세를 잡고 주변 공간을 확인한다."",""숨을 고르게 쉬며 안내된 방향으로 천천히 움직인다."",""당김이 느껴지는 범위에서 잠시 멈춘다."",""반동 없이 시작 자세로 천천히 돌아온다.""]",representative-content-v0.1.0,DOMAIN_APPROVED,gymvisual,1604,false,"[""BEGINNER"",""INTERMEDIATE""]","{""INTERMEDIATE"":""FITT-MOBILITY-INTERMEDIATE-V1"",""BEGINNER"":""FITT-MOBILITY-V1""}",NONE,패턴 전용 FITT 템플릿 적용.,NEX-000139,"[""NEX-000139""]",REVIEW_REQUIRED,true,,,,,,,,,,,,,,,,,,,,
EXERCISE,exercise-catalog-v2.0.2-draft,wrist_circles_mobility_stretch_bodyweight,REX-000101,손목 돌리기,wrist circles,MOBILITY,MOBILITY,MOBILITY_STRETCH,BEGINNER,APPROVED,DURATION,,30,30,15,"[""BODYWEIGHT""]","[""HOME"",""GYM""]","[""WRIST_HAND""]","[""ELBOW""]",true,손목 돌리기 운동은 손목과 손 주변을 천천히 움직이며 범위를 확인하는 스트레칭입니다.,"[""편안한 시작 자세를 잡고 주변 공간을 확인한다."",""숨을 고르게 쉬며 안내된 방향으로 천천히 움직인다."",""당김이 느껴지는 범위에서 잠시 멈춘다."",""반동 없이 시작 자세로 천천히 돌아온다.""]",representative-content-v0.1.0,DOMAIN_APPROVED,gymvisual,1428,false,"[""BEGINNER"",""INTERMEDIATE""]","{""INTERMEDIATE"":""FITT-MOBILITY-INTERMEDIATE-V1"",""BEGINNER"":""FITT-MOBILITY-V1""}",NONE,패턴 전용 FITT 템플릿 적용.,NEX-000127,"[""NEX-000127""]",REVIEW_REQUIRED,true,,,,,,,,,,,,,,,,,,,,
EXERCISE,exercise-catalog-v2.0.2-draft,wrist_curl_isolation_barbell,REX-000102,리스트 컬,barbell wrist curl,STRENGTH,FOREARMS,ISOLATION,BEGINNER,APPROVED,REPS,4,,90,15,"[""BARBELL""]","[""GYM""]","[""WRIST_HAND""]","[""ELBOW""]",false,리스트 컬 운동은 다른 부위의 움직임을 줄이고 팔뚝을 집중해 사용하는 운동입니다.,"[""시작 자세와 기구를 안정적으로 준비한다."",""안내된 부위를 중심으로 천천히 움직인다."",""끝 범위에서 힘을 잠시 유지한다."",""반동 없이 시작 자세로 돌아온다.""]",representative-content-v0.1.0,DOMAIN_APPROVED,gymvisual,0126,false,"[""BEGINNER"",""INTERMEDIATE""]","{""INTERMEDIATE"":""FITT-ISOLATION-STRENGTH-INTERMEDIATE-V1"",""BEGINNER"":""FITT-ISOLATION-STRENGTH-V1""}",NONE,단일관절 또는 고립 저항운동 특성으로 ISOLATION_STRENGTH 템플릿 적용.,NEX-000010,"[""NEX-000010"",""NEX-000046"",""NEX-000105""]",REVIEW_REQUIRED,true,,,,,,,,,,,,,,,,,,,,
V1_ALIAS,exercise-catalog-v2.0.2-draft,,,,,,,,INTERMEDIATE,APPROVED,,,,,,,,,,,,,,,,,false,"[""INTERMEDIATE""]","{""INTERMEDIATE"":""FITT-COMPOUND-HINGE-INTERMEDIATE-V1""}",,,,,REVIEW_REQUIRED,true,exercise-catalog-v1.0.0,NEX-000001,바벨 데드리프트,barbell deadlift,barbell deadlift,STRENGTH,GLUTES,"[""HIP""]","[""KNEE"",""LOWER_BACK""]","[""HIP"",""KNEE"",""LOWER_BACK""]",REPS,3,8-12,,90,,MODERATE,barbell_deadlift_hip_dominant_barbell,REVIEW_REQUIRED,true
V1_ALIAS,exercise-catalog-v2.0.2-draft,,,,,,,,INTERMEDIATE,APPROVED,,,,,,,,,,,,,,,,,false,"[""INTERMEDIATE""]","{""INTERMEDIATE"":""FITT-ISOLATION-STRENGTH-INTERMEDIATE-V1""}",,,,,REVIEW_REQUIRED,true,exercise-catalog-v1.0.0,NEX-000002,바벨 디클라인 벤트 암 풀오버,barbell decline bent arm pullover,barbell decline bent arm pullover,STRENGTH,BACK,"[""UPPER_BACK""]","[""CHEST"",""ELBOW""]","[""UPPER_BACK"",""CHEST"",""ELBOW""]",REPS,3,10-15,,60-90,,MODERATE,barbell_pullover_isolation_barbell,REVIEW_REQUIRED,true
V1_ALIAS,exercise-catalog-v2.0.2-draft,,,,,,,,INTERMEDIATE,APPROVED,,,,,,,,,,,,,,,,,false,"[""INTERMEDIATE""]","{""INTERMEDIATE"":""FITT-ISOLATION-STRENGTH-INTERMEDIATE-V1""}",,,,,REVIEW_REQUIRED,true,exercise-catalog-v1.0.0,NEX-000003,바벨 디클라인 와이드그립 풀오버,barbell decline wide-grip pullover,barbell decline wide-grip pullover,STRENGTH,BACK,"[""UPPER_BACK""]","[""CHEST"",""ELBOW""]","[""UPPER_BACK"",""CHEST"",""ELBOW""]",REPS,3,10-15,,60-90,,MODERATE,barbell_pullover_isolation_barbell,REVIEW_REQUIRED,true
V1_ALIAS,exercise-catalog-v2.0.2-draft,,,,,,,,BEGINNER,APPROVED,,,,,,,,,,,,,,,,,false,"[""BEGINNER"",""INTERMEDIATE""]","{""INTERMEDIATE"":""FITT-ISOLATION-STRENGTH-INTERMEDIATE-V1"",""BEGINNER"":""FITT-ISOLATION-STRENGTH-V1""}",,,,,REVIEW_REQUIRED,true,exercise-catalog-v1.0.0,NEX-000004,바벨 프론트 레이즈,barbell front raise,barbell front raise,STRENGTH,SHOULDERS,"[""SHOULDER""]","[""ELBOW""]","[""SHOULDER"",""ELBOW""]",REPS,3,10-15,,60-90,,MODERATE,barbell_front_raise_isolation_barbell,REVIEW_REQUIRED,true
V1_ALIAS,exercise-catalog-v2.0.2-draft,,,,,,,,INTERMEDIATE,APPROVED,,,,,,,,,,,,,,,,,false,"[""INTERMEDIATE""]","{""INTERMEDIATE"":""FITT-ISOLATION-STRENGTH-INTERMEDIATE-V1""}",,,,,REVIEW_REQUIRED,true,exercise-catalog-v1.0.0,NEX-000005,바벨 풀오버,barbell pullover,barbell pullover,STRENGTH,BACK,"[""UPPER_BACK""]","[""CHEST"",""ELBOW""]","[""UPPER_BACK"",""CHEST"",""ELBOW""]",REPS,3,10-15,,60-90,,MODERATE,barbell_pullover_isolation_barbell,REVIEW_REQUIRED,true
V1_ALIAS,exercise-catalog-v2.0.2-draft,,,,,,,,BEGINNER,APPROVED,,,,,,,,,,,,,,,,,false,"[""BEGINNER"",""INTERMEDIATE""]","{""INTERMEDIATE"":""FITT-ISOLATION-STRENGTH-INTERMEDIATE-V1"",""BEGINNER"":""FITT-ISOLATION-STRENGTH-V1""}",,,,,REVIEW_REQUIRED,true,exercise-catalog-v1.0.0,NEX-000006,바벨 리버스 리스트 컬,barbell reverse wrist curl,barbell reverse wrist curl,STRENGTH,FOREARMS,"[""WRIST_HAND""]","[""ELBOW""]","[""WRIST_HAND"",""ELBOW""]",REPS,3,10-15,,60-90,,MODERATE,reverse_wrist_curl_isolation_barbell,REVIEW_REQUIRED,true
V1_ALIAS,exercise-catalog-v2.0.2-draft,,,,,,,,BEGINNER,APPROVED,,,,,,,,,,,,,,,,,false,"[""BEGINNER"",""INTERMEDIATE""]","{""INTERMEDIATE"":""FITT-ISOLATION-STRENGTH-INTERMEDIATE-V1"",""BEGINNER"":""FITT-ISOLATION-STRENGTH-V1""}",,,,,REVIEW_REQUIRED,true,exercise-catalog-v1.0.0,NEX-000007,바벨 시티드 카프 레이즈,barbell seated calf raise,barbell seated calf raise,STRENGTH,CALVES,"[""ANKLE_FOOT""]","[""KNEE""]","[""ANKLE_FOOT"",""KNEE""]",REPS,3,10-15,,60-90,,MODERATE,seated_calf_raise_isolation_barbell,REVIEW_REQUIRED,true
V1_ALIAS,exercise-catalog-v2.0.2-draft,,,,,,,,BEGINNER,APPROVED,,,,,,,,,,,,,,,,,false,"[""BEGINNER"",""INTERMEDIATE""]","{""INTERMEDIATE"":""FITT-ISOLATION-STRENGTH-INTERMEDIATE-V1"",""BEGINNER"":""FITT-ISOLATION-STRENGTH-V1""}",,,,,REVIEW_REQUIRED,true,exercise-catalog-v1.0.0,NEX-000008,바벨 스탠딩 오버헤드 삼두 익스텐션,barbell standing overhead triceps extension,barbell standing overhead triceps extension,STRENGTH,TRICEPS,"[""ELBOW""]","[""SHOULDER""]","[""ELBOW"",""SHOULDER""]",REPS,3,10-15,,60-90,,MODERATE,overhead_triceps_extension_isolation_barbell,REVIEW_REQUIRED,true
V1_ALIAS,exercise-catalog-v2.0.2-draft,,,,,,,,INTERMEDIATE,APPROVED,,,,,,,,,,,,,,,,,false,"[""INTERMEDIATE""]","{""INTERMEDIATE"":""FITT-COMPOUND-HINGE-INTERMEDIATE-V1""}",,,,,REVIEW_REQUIRED,true,exercise-catalog-v1.0.0,NEX-000009,바벨 스트레이트 레그 데드리프트,barbell straight leg deadlift,barbell straight leg deadlift,STRENGTH,HAMSTRINGS,"[""HIP""]","[""KNEE"",""LOWER_BACK""]","[""HIP"",""KNEE"",""LOWER_BACK""]",REPS,3,8-12,,90,,MODERATE,barbell_straight_leg_deadlift_hip_dominant_barbell,REVIEW_REQUIRED,true
V1_ALIAS,exercise-catalog-v2.0.2-draft,,,,,,,,BEGINNER,APPROVED,,,,,,,,,,,,,,,,,false,"[""BEGINNER"",""INTERMEDIATE""]","{""INTERMEDIATE"":""FITT-ISOLATION-STRENGTH-INTERMEDIATE-V1"",""BEGINNER"":""FITT-ISOLATION-STRENGTH-V1""}",,,,,REVIEW_REQUIRED,true,exercise-catalog-v1.0.0,NEX-000010,바벨 리스트 컬,barbell wrist curl,barbell wrist curl,STRENGTH,FOREARMS,"[""WRIST_HAND""]","[""ELBOW""]","[""WRIST_HAND"",""ELBOW""]",REPS,3,10-15,,60-90,,MODERATE,wrist_curl_isolation_barbell,REVIEW_REQUIRED,true
V1_ALIAS,exercise-catalog-v2.0.2-draft,,,,,,,,INTERMEDIATE,APPROVED,,,,,,,,,,,,,,,,,false,"[""INTERMEDIATE""]","{""INTERMEDIATE"":""FITT-COMPOUND-PULL-INTERMEDIATE-V1""}",,,,,REVIEW_REQUIRED,true,exercise-catalog-v1.0.0,NEX-000011,이두 풀업,biceps pull-up,biceps pull-up,STRENGTH,BICEPS,"[""ELBOW""]","[""UPPER_BACK"",""WRIST_HAND""]","[""ELBOW"",""UPPER_BACK"",""WRIST_HAND""]",REPS,3,8-12,,90,,MODERATE,bodyweight_pull_up_biceps_vertical_pull_bodyweight_pull_up_bar,REVIEW_REQUIRED,true
V1_ALIAS,exercise-catalog-v2.0.2-draft,,,,,,,,BEGINNER,APPROVED,,,,,,,,,,,,,,,,,false,"[""BEGINNER"",""INTERMEDIATE""]","{""INTERMEDIATE"":""FITT-ISOLATION-STRENGTH-INTERMEDIATE-V1"",""BEGINNER"":""FITT-ISOLATION-STRENGTH-V1""}",,,,,REVIEW_REQUIRED,true,exercise-catalog-v1.0.0,NEX-000012,케이블 디클라인 플라이,cable decline fly,cable decline fly,STRENGTH,CHEST,"[""CHEST""]","[""SHOULDER""]","[""CHEST"",""SHOULDER""]",REPS,3,10-15,,60-90,,MODERATE,cable_fly_isolation_cable_machine,REVIEW_REQUIRED,true
V1_ALIAS,exercise-catalog-v2.0.2-draft,,,,,,,,BEGINNER,APPROVED,,,,,,,,,,,,,,,,,false,"[""BEGINNER"",""INTERMEDIATE""]","{""INTERMEDIATE"":""FITT-COMPOUND-PULL-INTERMEDIATE-V1"",""BEGINNER"":""FITT-COMPOUND-PULL-V1""}",,,,,REVIEW_REQUIRED,true,exercise-catalog-v1.0.0,NEX-000013,케이블 디클라인 시티드 와이드그립 로우,cable decline seated wide-grip row,cable decline seated wide-grip row,STRENGTH,BACK,"[""UPPER_BACK""]","[""SHOULDER"",""ELBOW""]","[""UPPER_BACK"",""SHOULDER"",""ELBOW""]",REPS,3,8-12,,90,,MODERATE,seated_cable_row_horizontal_pull_cable_machine,REVIEW_REQUIRED,true
V1_ALIAS,exercise-catalog-v2.0.2-draft,,,,,,,,BEGINNER,APPROVED,,,,,,,,,,,,,,,,,false,"[""BEGINNER"",""INTERMEDIATE""]","{""INTERMEDIATE"":""FITT-COMPOUND-PULL-INTERMEDIATE-V1"",""BEGINNER"":""FITT-COMPOUND-PULL-V1""}",,,,,REVIEW_REQUIRED,true,exercise-catalog-v1.0.0,NEX-000014,케이블 바닥 시티드 와이드그립 로우,cable floor seated wide-grip row,cable floor seated wide-grip row,STRENGTH,BACK,"[""UPPER_BACK""]","[""SHOULDER"",""ELBOW""]","[""UPPER_BACK"",""SHOULDER"",""ELBOW""]",REPS,3,8-12,,90,,MODERATE,seated_cable_row_horizontal_pull_cable_machine,REVIEW_REQUIRED,true
V1_ALIAS,exercise-catalog-v2.0.2-draft,,,,,,,,BEGINNER,APPROVED,,,,,,,,,,,,,,,,,false,"[""BEGINNER"",""INTERMEDIATE""]","{""INTERMEDIATE"":""FITT-COMPOUND-PULL-INTERMEDIATE-V1"",""BEGINNER"":""FITT-COMPOUND-PULL-V1""}",,,,,REVIEW_REQUIRED,true,exercise-catalog-v1.0.0,NEX-000015,케이블 하이 로우(니링),cable high row (kneeling),cable high row (kneeling),STRENGTH,BACK,"[""UPPER_BACK""]","[""SHOULDER"",""ELBOW""]","[""UPPER_BACK"",""SHOULDER"",""ELBOW""]",REPS,3,8-12,,90,,MODERATE,seated_cable_row_horizontal_pull_cable_machine,REVIEW_REQUIRED,true
V1_ALIAS,exercise-catalog-v2.0.2-draft,,,,,,,,BEGINNER,APPROVED,,,,,,,,,,,,,,,,,false,"[""BEGINNER"",""INTERMEDIATE""]","{""INTERMEDIATE"":""FITT-ISOLATION-STRENGTH-INTERMEDIATE-V1"",""BEGINNER"":""FITT-ISOLATION-STRENGTH-V1""}",,,,,REVIEW_REQUIRED,true,exercise-catalog-v1.0.0,NEX-000016,케이블 인클라인 플라이(메디신볼),cable incline fly (on stability ball),cable incline fly (on stability ball),STRENGTH,CHEST,"[""CHEST"",""SHOULDER""]","[""ABDOMEN""]","[""CHEST"",""SHOULDER"",""ABDOMEN""]",REPS,3,10-15,,60-90,,MODERATE,cable_fly_isolation_cable_machine,REVIEW_REQUIRED,true
V1_ALIAS,exercise-catalog-v2.0.2-draft,,,,,,,,BEGINNER,APPROVED,,,,,,,,,,,,,,,,,false,"[""BEGINNER"",""INTERMEDIATE""]","{""INTERMEDIATE"":""FITT-ISOLATION-STRENGTH-INTERMEDIATE-V1"",""BEGINNER"":""FITT-ISOLATION-STRENGTH-V1""}",,,,,REVIEW_REQUIRED,true,exercise-catalog-v1.0.0,NEX-000017,케이블 인클라인 플라이,cable incline fly,cable incline fly,STRENGTH,CHEST,"[""CHEST""]","[""SHOULDER""]","[""CHEST"",""SHOULDER""]",REPS,3,10-15,,60-90,,MODERATE,cable_fly_isolation_cable_machine,REVIEW_REQUIRED,true
V1_ALIAS,exercise-catalog-v2.0.2-draft,,,,,,,,INTERMEDIATE,APPROVED,,,,,,,,,,,,,,,,,false,"[""INTERMEDIATE""]","{""INTERMEDIATE"":""FITT-ISOLATION-STRENGTH-INTERMEDIATE-V1""}",,,,,REVIEW_REQUIRED,true,exercise-catalog-v1.0.0,NEX-000018,케이블 라잉 익스텐션 풀오버,cable lying extension pullover (with rope attachment),cable lying extension pullover (with rope attachment),STRENGTH,BACK,"[""UPPER_BACK""]","[""CHEST"",""ELBOW""]","[""UPPER_BACK"",""CHEST"",""ELBOW""]",REPS,3,10-15,,60-90,,MODERATE,barbell_pullover_isolation_barbell,REVIEW_REQUIRED,true
V1_ALIAS,exercise-catalog-v2.0.2-draft,,,,,,,,BEGINNER,APPROVED,,,,,,,,,,,,,,,,,false,"[""BEGINNER"",""INTERMEDIATE""]","{""INTERMEDIATE"":""FITT-ISOLATION-STRENGTH-INTERMEDIATE-V1"",""BEGINNER"":""FITT-ISOLATION-STRENGTH-V1""}",,,,,REVIEW_REQUIRED,true,exercise-catalog-v1.0.0,NEX-000019,케이블 라잉 플라이,cable lying fly,cable lying fly,STRENGTH,CHEST,"[""CHEST""]","[""SHOULDER""]","[""CHEST"",""SHOULDER""]",REPS,3,10-15,,60-90,,MODERATE,cable_fly_isolation_cable_machine,REVIEW_REQUIRED,true
V1_ALIAS,exercise-catalog-v2.0.2-draft,,,,,,,,BEGINNER,APPROVED,,,,,,,,,,,,,,,,,false,"[""BEGINNER"",""INTERMEDIATE""]","{""INTERMEDIATE"":""FITT-COMPOUND-PULL-INTERMEDIATE-V1"",""BEGINNER"":""FITT-COMPOUND-PULL-V1""}",,,,,REVIEW_REQUIRED,true,exercise-catalog-v1.0.0,NEX-000020,케이블 풀다운,cable pulldown,cable pulldown,STRENGTH,BACK,"[""UPPER_BACK""]","[""ELBOW"",""SHOULDER""]","[""UPPER_BACK"",""ELBOW"",""SHOULDER""]",REPS,3,8-12,,90,,MODERATE,lat_pulldown_vertical_pull_cable_machine,REVIEW_REQUIRED,true
V1_ALIAS,exercise-catalog-v2.0.2-draft,,,,,,,,BEGINNER,APPROVED,,,,,,,,,,,,,,,,,false,"[""BEGINNER"",""INTERMEDIATE""]","{""INTERMEDIATE"":""FITT-ISOLATION-STRENGTH-INTERMEDIATE-V1"",""BEGINNER"":""FITT-ISOLATION-STRENGTH-V1""}",,,,,REVIEW_REQUIRED,true,exercise-catalog-v1.0.0,NEX-000021,케이블 푸시다운,cable pushdown,cable pushdown,STRENGTH,TRICEPS,"[""ELBOW""]","[""SHOULDER""]","[""ELBOW"",""SHOULDER""]",REPS,3,10-15,,60-90,,MODERATE,cable_triceps_pushdown_isolation_cable_machine,REVIEW_REQUIRED,true
V1_ALIAS,exercise-catalog-v2.0.2-draft,,,,,,,,BEGINNER,APPROVED,,,,,,,,,,,,,,,,,false,"[""BEGINNER"",""INTERMEDIATE""]","{""INTERMEDIATE"":""FITT-COMPOUND-PULL-INTERMEDIATE-V1"",""BEGINNER"":""FITT-COMPOUND-PULL-V1""}",,,,,REVIEW_REQUIRED,true,exercise-catalog-v1.0.0,NEX-000022,케이블 리버스-그립 스트레이트 등 시티드 하이 로우,cable reverse-grip straight back seated high row,cable reverse-grip straight back seated high row,STRENGTH,BACK,"[""UPPER_BACK""]","[""SHOULDER"",""ELBOW""]","[""UPPER_BACK"",""SHOULDER"",""ELBOW""]",REPS,3,8-12,,90,,MODERATE,seated_cable_row_horizontal_pull_cable_machine,REVIEW_REQUIRED,true
V1_ALIAS,exercise-catalog-v2.0.2-draft,,,,,,,,INTERMEDIATE,APPROVED,,,,,,,,,,,,,,,,,false,"[""INTERMEDIATE""]","{""INTERMEDIATE"":""FITT-CORE-DYNAMIC-INTERMEDIATE-V1""}",,,,,REVIEW_REQUIRED,true,exercise-catalog-v1.0.0,NEX-000023,케이블 러시안 트위스트(메디신볼),cable russian twists (on stability ball),cable russian twists (on stability ball),STRENGTH,CORE,"[""ABDOMEN""]","[""LOWER_BACK""]","[""ABDOMEN"",""LOWER_BACK""]",DURATION,2-3,,30-45,45-60,,LIGHT_MODERATE,bodyweight_russian_twist_core_brace_bodyweight,REVIEW_REQUIRED,true
V1_ALIAS,exercise-catalog-v2.0.2-draft,,,,,,,,BEGINNER,APPROVED,,,,,,,,,,,,,,,,,false,"[""BEGINNER"",""INTERMEDIATE""]","{""INTERMEDIATE"":""FITT-COMPOUND-PULL-INTERMEDIATE-V1"",""BEGINNER"":""FITT-COMPOUND-PULL-V1""}",,,,,REVIEW_REQUIRED,true,exercise-catalog-v1.0.0,NEX-000024,케이블 시티드 와이드그립 로우,cable seated wide-grip row,cable seated wide-grip row,STRENGTH,BACK,"[""UPPER_BACK""]","[""SHOULDER"",""ELBOW""]","[""UPPER_BACK"",""SHOULDER"",""ELBOW""]",REPS,3,8-12,,90,,MODERATE,seated_cable_row_horizontal_pull_cable_machine,REVIEW_REQUIRED,true
V1_ALIAS,exercise-catalog-v2.0.2-draft,,,,,,,,BEGINNER,APPROVED,,,,,,,,,,,,,,,,,false,"[""BEGINNER"",""INTERMEDIATE""]","{""INTERMEDIATE"":""FITT-ISOLATION-STRENGTH-INTERMEDIATE-V1"",""BEGINNER"":""FITT-ISOLATION-STRENGTH-V1""}",,,,,REVIEW_REQUIRED,true,exercise-catalog-v1.0.0,NEX-000025,케이블 슈러그,cable shrug,cable shrug,STRENGTH,BACK,"[""UPPER_BACK""]","[""SHOULDER""]","[""UPPER_BACK"",""SHOULDER""]",REPS,3,10-15,,60-90,,MODERATE,dumbbell_shrug_isolation_dumbbell,REVIEW_REQUIRED,true
V1_ALIAS,exercise-catalog-v2.0.2-draft,,,,,,,,BEGINNER,APPROVED,,,,,,,,,,,,,,,,,false,"[""BEGINNER"",""INTERMEDIATE""]","{""INTERMEDIATE"":""FITT-ISOLATION-STRENGTH-INTERMEDIATE-V1"",""BEGINNER"":""FITT-ISOLATION-STRENGTH-V1""}",,,,,REVIEW_REQUIRED,true,exercise-catalog-v1.0.0,NEX-000026,케이블 스탠딩 플라이,cable standing fly,cable standing fly,STRENGTH,CHEST,"[""CHEST""]","[""SHOULDER""]","[""CHEST"",""SHOULDER""]",REPS,3,10-15,,60-90,,MODERATE,cable_fly_isolation_cable_machine,REVIEW_REQUIRED,true
V1_ALIAS,exercise-catalog-v2.0.2-draft,,,,,,,,BEGINNER,APPROVED,,,,,,,,,,,,,,,,,false,"[""BEGINNER"",""INTERMEDIATE""]","{""INTERMEDIATE"":""FITT-CORE-DYNAMIC-INTERMEDIATE-V1"",""BEGINNER"":""FITT-CORE-DYNAMIC-V1""}",,,,,REVIEW_REQUIRED,true,exercise-catalog-v1.0.0,NEX-000027,케이블 턱 리버스 크런치,cable tuck reverse crunch,cable tuck reverse crunch,STRENGTH,CORE,"[""ABDOMEN""]","[""LOWER_BACK""]","[""ABDOMEN"",""LOWER_BACK""]",DURATION,2-3,,30-45,45-60,,LIGHT_MODERATE,bodyweight_reverse_crunch_core_brace_bodyweight,REVIEW_REQUIRED,true
V1_ALIAS,exercise-catalog-v2.0.2-draft,,,,,,,,BEGINNER,APPROVED,,,,,,,,,,,,,,,,,false,"[""BEGINNER"",""INTERMEDIATE""]","{""INTERMEDIATE"":""FITT-COMPOUND-PUSH-INTERMEDIATE-V1"",""BEGINNER"":""FITT-COMPOUND-PUSH-V1""}",,,,,REVIEW_REQUIRED,true,exercise-catalog-v1.0.0,NEX-000028,클로즈그립 푸시업,close-grip push-up,close-grip push-up,STRENGTH,TRICEPS,"[""ELBOW"",""CHEST""]","[""SHOULDER"",""ABDOMEN""]","[""ELBOW"",""CHEST"",""SHOULDER"",""ABDOMEN""]",REPS,3,8-12,,90,,MODERATE,close_grip_push_up_horizontal_push_bodyweight,REVIEW_REQUIRED,true
V1_ALIAS,exercise-catalog-v2.0.2-draft,,,,,,,,BEGINNER,APPROVED,,,,,,,,,,,,,,,,,false,"[""BEGINNER"",""INTERMEDIATE""]","{""INTERMEDIATE"":""FITT-CORE-DYNAMIC-INTERMEDIATE-V1"",""BEGINNER"":""FITT-CORE-DYNAMIC-V1""}",,,,,REVIEW_REQUIRED,true,exercise-catalog-v1.0.0,NEX-000029,크런치 바닥,crunch floor,crunch floor,STRENGTH,CORE,"[""ABDOMEN""]","[""LOWER_BACK""]","[""ABDOMEN"",""LOWER_BACK""]",DURATION,2-3,,30-45,45-60,,LIGHT_MODERATE,bodyweight_crunch_core_brace_bodyweight,REVIEW_REQUIRED,true
V1_ALIAS,exercise-catalog-v2.0.2-draft,,,,,,,,BEGINNER,APPROVED,,,,,,,,,,,,,,,,,false,"[""BEGINNER"",""INTERMEDIATE""]","{""INTERMEDIATE"":""FITT-CORE-DYNAMIC-PER-SIDE-INTERMEDIATE-V1"",""BEGINNER"":""FITT-CORE-DYNAMIC-PER-SIDE-V1""}",,,,,REVIEW_REQUIRED,true,exercise-catalog-v1.0.0,NEX-000030,데드 버그,dead bug,dead bug,STRENGTH,CORE,"[""ABDOMEN""]","[""LOWER_BACK""]","[""ABDOMEN"",""LOWER_BACK""]",DURATION,2-3,,30-45,45-60,,LIGHT_MODERATE,dead_bug_core_brace_bodyweight,REVIEW_REQUIRED,true
V1_ALIAS,exercise-catalog-v2.0.2-draft,,,,,,,,BEGINNER,APPROVED,,,,,,,,,,,,,,,,,false,"[""BEGINNER"",""INTERMEDIATE""]","{""INTERMEDIATE"":""FITT-CORE-DYNAMIC-INTERMEDIATE-V1"",""BEGINNER"":""FITT-CORE-DYNAMIC-V1""}",,,,,REVIEW_REQUIRED,true,exercise-catalog-v1.0.0,NEX-000031,디클라인 크런치,decline crunch,decline crunch,STRENGTH,CORE,"[""ABDOMEN""]","[""LOWER_BACK""]","[""ABDOMEN"",""LOWER_BACK""]",DURATION,2-3,,30-45,45-60,,LIGHT_MODERATE,bodyweight_crunch_core_brace_bodyweight,REVIEW_REQUIRED,true
V1_ALIAS,exercise-catalog-v2.0.2-draft,,,,,,,,INTERMEDIATE,APPROVED,,,,,,,,,,,,,,,,,false,"[""INTERMEDIATE""]","{""INTERMEDIATE"":""FITT-COMPOUND-HINGE-INTERMEDIATE-V1""}",,,,,REVIEW_REQUIRED,true,exercise-catalog-v1.0.0,NEX-000032,덤벨 데드리프트,dumbbell deadlift,dumbbell deadlift,STRENGTH,GLUTES,"[""HIP""]","[""KNEE"",""LOWER_BACK""]","[""HIP"",""KNEE"",""LOWER_BACK""]",REPS,3,8-12,,90,,MODERATE,barbell_deadlift_hip_dominant_barbell,REVIEW_REQUIRED,true
V1_ALIAS,exercise-catalog-v2.0.2-draft,,,,,,,,BEGINNER,APPROVED,,,,,,,,,,,,,,,,,false,"[""BEGINNER"",""INTERMEDIATE""]","{""INTERMEDIATE"":""FITT-ISOLATION-STRENGTH-INTERMEDIATE-V1"",""BEGINNER"":""FITT-ISOLATION-STRENGTH-V1""}",,,,,REVIEW_REQUIRED,true,exercise-catalog-v1.0.0,NEX-000033,덤벨 디클라인 슈러그,dumbbell decline shrug v. 2,dumbbell decline shrug v. 2,STRENGTH,BACK,"[""UPPER_BACK""]","[""SHOULDER""]","[""UPPER_BACK"",""SHOULDER""]",REPS,3,10-15,,60-90,,MODERATE,dumbbell_shrug_isolation_dumbbell,REVIEW_REQUIRED,true
V1_ALIAS,exercise-catalog-v2.0.2-draft,,,,,,,,BEGINNER,APPROVED,,,,,,,,,,,,,,,,,false,"[""BEGINNER"",""INTERMEDIATE""]","{""INTERMEDIATE"":""FITT-ISOLATION-STRENGTH-INTERMEDIATE-V1"",""BEGINNER"":""FITT-ISOLATION-STRENGTH-V1""}",,,,,REVIEW_REQUIRED,true,exercise-catalog-v1.0.0,NEX-000034,덤벨 디클라인 슈러그,dumbbell decline shrug,dumbbell decline shrug,STRENGTH,BACK,"[""UPPER_BACK""]","[""SHOULDER""]","[""UPPER_BACK"",""SHOULDER""]",REPS,3,10-15,,60-90,,MODERATE,dumbbell_shrug_isolation_dumbbell,REVIEW_REQUIRED,true
V1_ALIAS,exercise-catalog-v2.0.2-draft,,,,,,,,BEGINNER,APPROVED,,,,,,,,,,,,,,,,,false,"[""BEGINNER"",""INTERMEDIATE""]","{""INTERMEDIATE"":""FITT-ISOLATION-STRENGTH-INTERMEDIATE-V1"",""BEGINNER"":""FITT-ISOLATION-STRENGTH-V1""}",,,,,REVIEW_REQUIRED,true,exercise-catalog-v1.0.0,NEX-000035,덤벨 프론트 레이즈,dumbbell front raise v. 2,dumbbell front raise v. 2,STRENGTH,SHOULDERS,"[""SHOULDER""]","[""ELBOW""]","[""SHOULDER"",""ELBOW""]",REPS,3,10-15,,60-90,,MODERATE,barbell_front_raise_isolation_barbell,REVIEW_REQUIRED,true
V1_ALIAS,exercise-catalog-v2.0.2-draft,,,,,,,,BEGINNER,APPROVED,,,,,,,,,,,,,,,,,false,"[""BEGINNER"",""INTERMEDIATE""]","{""INTERMEDIATE"":""FITT-ISOLATION-STRENGTH-INTERMEDIATE-V1"",""BEGINNER"":""FITT-ISOLATION-STRENGTH-V1""}",,,,,REVIEW_REQUIRED,true,exercise-catalog-v1.0.0,NEX-000036,덤벨 프론트 레이즈,dumbbell front raise,dumbbell front raise,STRENGTH,SHOULDERS,"[""SHOULDER""]","[""ELBOW""]","[""SHOULDER"",""ELBOW""]",REPS,3,10-15,,60-90,,MODERATE,barbell_front_raise_isolation_barbell,REVIEW_REQUIRED,true
V1_ALIAS,exercise-catalog-v2.0.2-draft,,,,,,,,BEGINNER,APPROVED,,,,,,,,,,,,,,,,,false,"[""BEGINNER"",""INTERMEDIATE""]","{""INTERMEDIATE"":""FITT-ISOLATION-STRENGTH-INTERMEDIATE-V1"",""BEGINNER"":""FITT-ISOLATION-STRENGTH-V1""}",,,,,REVIEW_REQUIRED,true,exercise-catalog-v1.0.0,NEX-000037,덤벨 인클라인 리어 레터럴 레이즈,dumbbell incline rear lateral raise,dumbbell incline rear lateral raise,STRENGTH,SHOULDERS,"[""SHOULDER""]","[""UPPER_BACK""]","[""SHOULDER"",""UPPER_BACK""]",REPS,3,10-15,,60-90,,MODERATE,dumbbell_rear_fly_isolation_dumbbell,REVIEW_REQUIRED,true
V1_ALIAS,exercise-catalog-v2.0.2-draft,,,,,,,,BEGINNER,APPROVED,,,,,,,,,,,,,,,,,false,"[""BEGINNER"",""INTERMEDIATE""]","{""INTERMEDIATE"":""FITT-ISOLATION-STRENGTH-INTERMEDIATE-V1"",""BEGINNER"":""FITT-ISOLATION-STRENGTH-V1""}",,,,,REVIEW_REQUIRED,true,exercise-catalog-v1.0.0,NEX-000038,덤벨 인클라인 슈러그,dumbbell incline shrug,dumbbell incline shrug,STRENGTH,BACK,"[""UPPER_BACK""]","[""SHOULDER""]","[""UPPER_BACK"",""SHOULDER""]",REPS,3,10-15,,60-90,,MODERATE,dumbbell_shrug_isolation_dumbbell,REVIEW_REQUIRED,true
V1_ALIAS,exercise-catalog-v2.0.2-draft,,,,,,,,BEGINNER,APPROVED,,,,,,,,,,,,,,,,,false,"[""BEGINNER"",""INTERMEDIATE""]","{""INTERMEDIATE"":""FITT-ISOLATION-STRENGTH-INTERMEDIATE-V1"",""BEGINNER"":""FITT-ISOLATION-STRENGTH-V1""}",,,,,REVIEW_REQUIRED,true,exercise-catalog-v1.0.0,NEX-000039,덤벨 레터럴 레이즈,dumbbell lateral raise,dumbbell lateral raise,STRENGTH,SHOULDERS,"[""SHOULDER""]","[""ELBOW""]","[""SHOULDER"",""ELBOW""]",REPS,3,10-15,,60-90,,MODERATE,dumbbell_lateral_raise_isolation_dumbbell,REVIEW_REQUIRED,true
V1_ALIAS,exercise-catalog-v2.0.2-draft,,,,,,,,BEGINNER,APPROVED,,,,,,,,,,,,,,,,,false,"[""BEGINNER"",""INTERMEDIATE""]","{""INTERMEDIATE"":""FITT-ISOLATION-STRENGTH-INTERMEDIATE-V1"",""BEGINNER"":""FITT-ISOLATION-STRENGTH-V1""}",,,,,REVIEW_REQUIRED,true,exercise-catalog-v1.0.0,NEX-000040,덤벨 레터럴 투 프론트 레이즈,dumbbell lateral to front raise,dumbbell lateral to front raise,STRENGTH,SHOULDERS,"[""SHOULDER""]","[""ELBOW""]","[""SHOULDER"",""ELBOW""]",REPS,3,10-15,,60-90,,MODERATE,barbell_front_raise_isolation_barbell,REVIEW_REQUIRED,true
V1_ALIAS,exercise-catalog-v2.0.2-draft,,,,,,,,INTERMEDIATE,APPROVED,,,,,,,,,,,,,,,,,false,"[""INTERMEDIATE""]","{""INTERMEDIATE"":""FITT-COMPOUND-LUNGE-INTERMEDIATE-V1""}",,,,,REVIEW_REQUIRED,true,exercise-catalog-v1.0.0,NEX-000041,덤벨 런지,dumbbell lunge,dumbbell lunge,STRENGTH,GLUTES,"[""HIP"",""KNEE""]","[""ANKLE_FOOT""]","[""HIP"",""KNEE"",""ANKLE_FOOT""]",REPS,3,8-12,,90,,MODERATE,bodyweight_forward_lunge_knee_dominant_bodyweight,REVIEW_REQUIRED,true
V1_ALIAS,exercise-catalog-v2.0.2-draft,,,,,,,,BEGINNER,APPROVED,,,,,,,,,,,,,,,,,false,"[""BEGINNER"",""INTERMEDIATE""]","{""INTERMEDIATE"":""FITT-ISOLATION-STRENGTH-INTERMEDIATE-V1"",""BEGINNER"":""FITT-ISOLATION-STRENGTH-V1""}",,,,,REVIEW_REQUIRED,true,exercise-catalog-v1.0.0,NEX-000042,덤벨 라잉 리어 레터럴 레이즈,dumbbell lying rear lateral raise,dumbbell lying rear lateral raise,STRENGTH,SHOULDERS,"[""SHOULDER""]","[""UPPER_BACK""]","[""SHOULDER"",""UPPER_BACK""]",REPS,3,10-15,,60-90,,MODERATE,dumbbell_rear_fly_isolation_dumbbell,REVIEW_REQUIRED,true
V1_ALIAS,exercise-catalog-v2.0.2-draft,,,,,,,,INTERMEDIATE,APPROVED,,,,,,,,,,,,,,,,,false,"[""INTERMEDIATE""]","{""INTERMEDIATE"":""FITT-COMPOUND-PUSH-INTERMEDIATE-V1""}",,,,,REVIEW_REQUIRED,true,exercise-catalog-v1.0.0,NEX-000043,원암 덤벨 숄더 프레스,dumbbell one arm shoulder press v. 2,dumbbell one arm shoulder press v. 2,STRENGTH,SHOULDERS,"[""SHOULDER""]","[""ELBOW""]","[""SHOULDER"",""ELBOW""]",REPS,3,8-12,,90,,MODERATE,seated_shoulder_press_vertical_push_dumbbell,REVIEW_REQUIRED,true
V1_ALIAS,exercise-catalog-v2.0.2-draft,,,,,,,,INTERMEDIATE,APPROVED,,,,,,,,,,,,,,,,,false,"[""INTERMEDIATE""]","{""INTERMEDIATE"":""FITT-COMPOUND-PUSH-INTERMEDIATE-V1""}",,,,,REVIEW_REQUIRED,true,exercise-catalog-v1.0.0,NEX-000044,원암 덤벨 숄더 프레스,dumbbell one arm shoulder press,dumbbell one arm shoulder press,STRENGTH,SHOULDERS,"[""SHOULDER""]","[""ELBOW""]","[""SHOULDER"",""ELBOW""]",REPS,3,8-12,,90,,MODERATE,seated_shoulder_press_vertical_push_dumbbell,REVIEW_REQUIRED,true
V1_ALIAS,exercise-catalog-v2.0.2-draft,,,,,,,,BEGINNER,APPROVED,,,,,,,,,,,,,,,,,false,"[""BEGINNER"",""INTERMEDIATE""]","{""INTERMEDIATE"":""FITT-ISOLATION-STRENGTH-INTERMEDIATE-V1"",""BEGINNER"":""FITT-ISOLATION-STRENGTH-V1""}",,,,,REVIEW_REQUIRED,true,exercise-catalog-v1.0.0,NEX-000045,덤벨 오버 벤치 리버스 리스트 컬,dumbbell over bench revers wrist curl,dumbbell over bench revers wrist curl,STRENGTH,FOREARMS,"[""WRIST_HAND""]","[""ELBOW""]","[""WRIST_HAND"",""ELBOW""]",REPS,3,10-15,,60-90,,MODERATE,reverse_wrist_curl_isolation_barbell,REVIEW_REQUIRED,true
V1_ALIAS,exercise-catalog-v2.0.2-draft,,,,,,,,BEGINNER,APPROVED,,,,,,,,,,,,,,,,,false,"[""BEGINNER"",""INTERMEDIATE""]","{""INTERMEDIATE"":""FITT-ISOLATION-STRENGTH-INTERMEDIATE-V1"",""BEGINNER"":""FITT-ISOLATION-STRENGTH-V1""}",,,,,REVIEW_REQUIRED,true,exercise-catalog-v1.0.0,NEX-000046,덤벨 오버 벤치 리스트 컬,dumbbell over bench wrist curl,dumbbell over bench wrist curl,STRENGTH,FOREARMS,"[""WRIST_HAND""]","[""ELBOW""]","[""WRIST_HAND"",""ELBOW""]",REPS,3,10-15,,60-90,,MODERATE,wrist_curl_isolation_barbell,REVIEW_REQUIRED,true
V1_ALIAS,exercise-catalog-v2.0.2-draft,,,,,,,,BEGINNER,APPROVED,,,,,,,,,,,,,,,,,false,"[""BEGINNER"",""INTERMEDIATE""]","{""INTERMEDIATE"":""FITT-ISOLATION-STRENGTH-INTERMEDIATE-V1"",""BEGINNER"":""FITT-ISOLATION-STRENGTH-V1""}",,,,,REVIEW_REQUIRED,true,exercise-catalog-v1.0.0,NEX-000047,덤벨 프리처 컬,dumbbell preacher curl,dumbbell preacher curl,STRENGTH,BICEPS,"[""ELBOW""]","[""WRIST_HAND""]","[""ELBOW"",""WRIST_HAND""]",REPS,3,10-15,,60-90,,MODERATE,dumbbell_preacher_curl_isolation_dumbbell,REVIEW_REQUIRED,true
V1_ALIAS,exercise-catalog-v2.0.2-draft,,,,,,,,BEGINNER,APPROVED,,,,,,,,,,,,,,,,,false,"[""BEGINNER"",""INTERMEDIATE""]","{""INTERMEDIATE"":""FITT-ISOLATION-STRENGTH-INTERMEDIATE-V1"",""BEGINNER"":""FITT-ISOLATION-STRENGTH-V1""}",,,,,REVIEW_REQUIRED,true,exercise-catalog-v1.0.0,NEX-000048,덤벨 리어 플라이,dumbbell rear fly,dumbbell rear fly,STRENGTH,SHOULDERS,"[""SHOULDER""]","[""UPPER_BACK""]","[""SHOULDER"",""UPPER_BACK""]",REPS,3,10-15,,60-90,,MODERATE,dumbbell_rear_fly_isolation_dumbbell,REVIEW_REQUIRED,true
V1_ALIAS,exercise-catalog-v2.0.2-draft,,,,,,,,BEGINNER,APPROVED,,,,,,,,,,,,,,,,,false,"[""BEGINNER"",""INTERMEDIATE""]","{""INTERMEDIATE"":""FITT-ISOLATION-STRENGTH-INTERMEDIATE-V1"",""BEGINNER"":""FITT-ISOLATION-STRENGTH-V1""}",,,,,REVIEW_REQUIRED,true,exercise-catalog-v1.0.0,NEX-000049,덤벨 레터럴 레이즈,dumbbell rear lateral raise (support head),dumbbell rear lateral raise (support head),STRENGTH,SHOULDERS,"[""SHOULDER""]","[""ELBOW""]","[""SHOULDER"",""ELBOW""]",REPS,3,10-15,,60-90,,MODERATE,dumbbell_rear_fly_isolation_dumbbell,REVIEW_REQUIRED,true
V1_ALIAS,exercise-catalog-v2.0.2-draft,,,,,,,,BEGINNER,APPROVED,,,,,,,,,,,,,,,,,false,"[""BEGINNER"",""INTERMEDIATE""]","{""INTERMEDIATE"":""FITT-ISOLATION-STRENGTH-INTERMEDIATE-V1"",""BEGINNER"":""FITT-ISOLATION-STRENGTH-V1""}",,,,,REVIEW_REQUIRED,true,exercise-catalog-v1.0.0,NEX-000050,덤벨 레터럴 레이즈,dumbbell rear lateral raise,dumbbell rear lateral raise,STRENGTH,SHOULDERS,"[""SHOULDER""]","[""ELBOW""]","[""SHOULDER"",""ELBOW""]",REPS,3,10-15,,60-90,,MODERATE,dumbbell_rear_fly_isolation_dumbbell,REVIEW_REQUIRED,true
V1_ALIAS,exercise-catalog-v2.0.2-draft,,,,,,,,INTERMEDIATE,APPROVED,,,,,,,,,,,,,,,,,false,"[""INTERMEDIATE""]","{""INTERMEDIATE"":""FITT-COMPOUND-LUNGE-INTERMEDIATE-V1""}",,,,,REVIEW_REQUIRED,true,exercise-catalog-v1.0.0,NEX-000051,덤벨 런지,dumbbell rear lunge,dumbbell rear lunge,STRENGTH,GLUTES,"[""HIP"",""KNEE""]","[""ANKLE_FOOT""]","[""HIP"",""KNEE"",""ANKLE_FOOT""]",REPS,3,8-12,,90,,MODERATE,bodyweight_forward_lunge_knee_dominant_bodyweight,REVIEW_REQUIRED,true
V1_ALIAS,exercise-catalog-v2.0.2-draft,,,,,,,,BEGINNER,APPROVED,,,,,,,,,,,,,,,,,false,"[""BEGINNER"",""INTERMEDIATE""]","{""INTERMEDIATE"":""FITT-ISOLATION-STRENGTH-INTERMEDIATE-V1"",""BEGINNER"":""FITT-ISOLATION-STRENGTH-V1""}",,,,,REVIEW_REQUIRED,true,exercise-catalog-v1.0.0,NEX-000052,덤벨 리버스 리스트 컬,dumbbell reverse wrist curl,dumbbell reverse wrist curl,STRENGTH,FOREARMS,"[""WRIST_HAND""]","[""ELBOW""]","[""WRIST_HAND"",""ELBOW""]",REPS,3,10-15,,60-90,,MODERATE,reverse_wrist_curl_isolation_barbell,REVIEW_REQUIRED,true
V1_ALIAS,exercise-catalog-v2.0.2-draft,,,,,,,,BEGINNER,APPROVED,,,,,,,,,,,,,,,,,false,"[""BEGINNER"",""INTERMEDIATE""]","{""INTERMEDIATE"":""FITT-ISOLATION-STRENGTH-INTERMEDIATE-V1"",""BEGINNER"":""FITT-ISOLATION-STRENGTH-V1""}",,,,,REVIEW_REQUIRED,true,exercise-catalog-v1.0.0,NEX-000053,덤벨 시티드 교대 프론트 레이즈,dumbbell seated alternate front raise,dumbbell seated alternate front raise,STRENGTH,SHOULDERS,"[""SHOULDER""]","[""ELBOW""]","[""SHOULDER"",""ELBOW""]",REPS,3,10-15,,60-90,,MODERATE,barbell_front_raise_isolation_barbell,REVIEW_REQUIRED,true
V1_ALIAS,exercise-catalog-v2.0.2-draft,,,,,,,,BEGINNER,APPROVED,,,,,,,,,,,,,,,,,false,"[""BEGINNER"",""INTERMEDIATE""]","{""INTERMEDIATE"":""FITT-ISOLATION-STRENGTH-INTERMEDIATE-V1"",""BEGINNER"":""FITT-ISOLATION-STRENGTH-V1""}",,,,,REVIEW_REQUIRED,true,exercise-catalog-v1.0.0,NEX-000054,덤벨 시티드 프리처 컬,dumbbell seated preacher curl,dumbbell seated preacher curl,STRENGTH,BICEPS,"[""ELBOW""]","[""WRIST_HAND""]","[""ELBOW"",""WRIST_HAND""]",REPS,3,10-15,,60-90,,MODERATE,dumbbell_preacher_curl_isolation_dumbbell,REVIEW_REQUIRED,true
V1_ALIAS,exercise-catalog-v2.0.2-draft,,,,,,,,INTERMEDIATE,APPROVED,,,,,,,,,,,,,,,,,false,"[""INTERMEDIATE""]","{""INTERMEDIATE"":""FITT-COMPOUND-PUSH-INTERMEDIATE-V1""}",,,,,REVIEW_REQUIRED,true,exercise-catalog-v1.0.0,NEX-000055,덤벨 시티드 숄더 프레스,dumbbell seated shoulder press (parallel grip),dumbbell seated shoulder press (parallel grip),STRENGTH,SHOULDERS,"[""SHOULDER""]","[""ELBOW""]","[""SHOULDER"",""ELBOW""]",REPS,3,8-12,,90,,MODERATE,seated_shoulder_press_vertical_push_dumbbell,REVIEW_REQUIRED,true
V1_ALIAS,exercise-catalog-v2.0.2-draft,,,,,,,,INTERMEDIATE,APPROVED,,,,,,,,,,,,,,,,,false,"[""INTERMEDIATE""]","{""INTERMEDIATE"":""FITT-COMPOUND-PUSH-INTERMEDIATE-V1""}",,,,,REVIEW_REQUIRED,true,exercise-catalog-v1.0.0,NEX-000056,덤벨 시티드 숄더 프레스,dumbbell seated shoulder press,dumbbell seated shoulder press,STRENGTH,SHOULDERS,"[""SHOULDER""]","[""ELBOW""]","[""SHOULDER"",""ELBOW""]",REPS,3,8-12,,90,,MODERATE,seated_shoulder_press_vertical_push_dumbbell,REVIEW_REQUIRED,true
V1_ALIAS,exercise-catalog-v2.0.2-draft,,,,,,,,BEGINNER,APPROVED,,,,,,,,,,,,,,,,,false,"[""BEGINNER"",""INTERMEDIATE""]","{""INTERMEDIATE"":""FITT-ISOLATION-STRENGTH-INTERMEDIATE-V1"",""BEGINNER"":""FITT-ISOLATION-STRENGTH-V1""}",,,,,REVIEW_REQUIRED,true,exercise-catalog-v1.0.0,NEX-000057,덤벨 슈러그,dumbbell shrug,dumbbell shrug,STRENGTH,BACK,"[""UPPER_BACK""]","[""SHOULDER""]","[""UPPER_BACK"",""SHOULDER""]",REPS,3,10-15,,60-90,,MODERATE,dumbbell_shrug_isolation_dumbbell,REVIEW_REQUIRED,true
V1_ALIAS,exercise-catalog-v2.0.2-draft,,,,,,,,BEGINNER,APPROVED,,,,,,,,,,,,,,,,,false,"[""BEGINNER"",""INTERMEDIATE""]","{""INTERMEDIATE"":""FITT-ISOLATION-STRENGTH-INTERMEDIATE-V1"",""BEGINNER"":""FITT-ISOLATION-STRENGTH-V1""}",,,,,REVIEW_REQUIRED,true,exercise-catalog-v1.0.0,NEX-000058,덤벨 싱글 레그 카프 레이즈,dumbbell single leg calf raise,dumbbell single leg calf raise,STRENGTH,CALVES,"[""ANKLE_FOOT""]","[""KNEE""]","[""ANKLE_FOOT"",""KNEE""]",REPS,3,10-15,,60-90,,MODERATE,bodyweight_standing_calf_raise_isolation_bodyweight,REVIEW_REQUIRED,true
V1_ALIAS,exercise-catalog-v2.0.2-draft,,,,,,,,BEGINNER,APPROVED,,,,,,,,,,,,,,,,,false,"[""BEGINNER"",""INTERMEDIATE""]","{""INTERMEDIATE"":""FITT-ISOLATION-STRENGTH-INTERMEDIATE-V1"",""BEGINNER"":""FITT-ISOLATION-STRENGTH-V1""}",,,,,REVIEW_REQUIRED,true,exercise-catalog-v1.0.0,NEX-000059,덤벨 스탠딩 이두 컬,dumbbell standing biceps curl,dumbbell standing biceps curl,STRENGTH,BICEPS,"[""ELBOW""]","[""WRIST_HAND""]","[""ELBOW"",""WRIST_HAND""]",REPS,3,10-15,,60-90,,MODERATE,dumbbell_standing_curl_isolation_dumbbell,REVIEW_REQUIRED,true
V1_ALIAS,exercise-catalog-v2.0.2-draft,,,,,,,,BEGINNER,APPROVED,,,,,,,,,,,,,,,,,false,"[""BEGINNER"",""INTERMEDIATE""]","{""INTERMEDIATE"":""FITT-ISOLATION-STRENGTH-INTERMEDIATE-V1"",""BEGINNER"":""FITT-ISOLATION-STRENGTH-V1""}",,,,,REVIEW_REQUIRED,true,exercise-catalog-v1.0.0,NEX-000060,덤벨 스탠딩 프리처 컬,dumbbell standing preacher curl,dumbbell standing preacher curl,STRENGTH,BICEPS,"[""ELBOW""]","[""WRIST_HAND""]","[""ELBOW"",""WRIST_HAND""]",REPS,3,10-15,,60-90,,MODERATE,dumbbell_preacher_curl_isolation_dumbbell,REVIEW_REQUIRED,true
V1_ALIAS,exercise-catalog-v2.0.2-draft,,,,,,,,INTERMEDIATE,APPROVED,,,,,,,,,,,,,,,,,false,"[""INTERMEDIATE""]","{""INTERMEDIATE"":""FITT-COMPOUND-HINGE-INTERMEDIATE-V1""}",,,,,REVIEW_REQUIRED,true,exercise-catalog-v1.0.0,NEX-000061,덤벨 스티프 레그 데드리프트,dumbbell stiff leg deadlift,dumbbell stiff leg deadlift,STRENGTH,GLUTES,"[""HIP""]","[""KNEE"",""LOWER_BACK""]","[""HIP"",""KNEE"",""LOWER_BACK""]",REPS,3,8-12,,90,,MODERATE,barbell_straight_leg_deadlift_hip_dominant_barbell,REVIEW_REQUIRED,true
V1_ALIAS,exercise-catalog-v2.0.2-draft,,,,,,,,INTERMEDIATE,APPROVED,,,,,,,,,,,,,,,,,false,"[""INTERMEDIATE""]","{""INTERMEDIATE"":""FITT-COMPOUND-HINGE-INTERMEDIATE-V1""}",,,,,REVIEW_REQUIRED,true,exercise-catalog-v1.0.0,NEX-000062,덤벨 스트레이트 레그 데드리프트,dumbbell straight leg deadlift,dumbbell straight leg deadlift,STRENGTH,GLUTES,"[""HIP""]","[""KNEE"",""LOWER_BACK""]","[""HIP"",""KNEE"",""LOWER_BACK""]",REPS,3,8-12,,90,,MODERATE,barbell_straight_leg_deadlift_hip_dominant_barbell,REVIEW_REQUIRED,true
V1_ALIAS,exercise-catalog-v2.0.2-draft,,,,,,,,INTERMEDIATE,APPROVED,,,,,,,,,,,,,,,,,false,"[""INTERMEDIATE""]","{""INTERMEDIATE"":""FITT-CORE-DYNAMIC-PER-SIDE-INTERMEDIATE-V1""}",,,,,REVIEW_REQUIRED,true,exercise-catalog-v1.0.0,NEX-000063,트위스트 플랭크,front plank with twist,front plank with twist,STRENGTH,CORE,"[""ABDOMEN""]","[""LOWER_BACK""]","[""ABDOMEN"",""LOWER_BACK""]",DURATION,2-3,,30-45,45-60,,LIGHT_MODERATE,plank_rotation_core_brace_bodyweight,REVIEW_REQUIRED,true
V1_ALIAS,exercise-catalog-v2.0.2-draft,,,,,,,,INTERMEDIATE,APPROVED,,,,,,,,,,,,,,,,,false,"[""INTERMEDIATE""]","{""INTERMEDIATE"":""FITT-COMPOUND-HINGE-INTERMEDIATE-V1""}",,,,,REVIEW_REQUIRED,true,exercise-catalog-v1.0.0,NEX-000064,백익스텐션,hyperextension,hyperextension,STRENGTH,BACK,"[""LOWER_BACK""]","[""HIP"",""UPPER_BACK""]","[""LOWER_BACK"",""HIP"",""UPPER_BACK""]",REPS,3,8-12,,90,,MODERATE,bodyweight_back_extension_hip_dominant_bodyweight,REVIEW_REQUIRED,true
V1_ALIAS,exercise-catalog-v2.0.2-draft,,,,,,,,BEGINNER,APPROVED,,,,,,,,,,,,,,,,,false,"[""BEGINNER"",""INTERMEDIATE""]","{""INTERMEDIATE"":""FITT-ISOLATION-STRENGTH-INTERMEDIATE-V1"",""BEGINNER"":""FITT-ISOLATION-STRENGTH-V1""}",,,,,REVIEW_REQUIRED,true,exercise-catalog-v1.0.0,NEX-000065,인버스 레그 컬,inverse leg curl (bench support),inverse leg curl (bench support),STRENGTH,HAMSTRINGS,"[""KNEE""]","[""HIP""]","[""KNEE"",""HIP""]",REPS,3,10-15,,60-90,,MODERATE,seated_leg_curl_knee_flexion_machine,REVIEW_REQUIRED,true
V1_ALIAS,exercise-catalog-v2.0.2-draft,,,,,,,,INTERMEDIATE,APPROVED,,,,,,,,,,,,,,,,,false,"[""INTERMEDIATE""]","{""INTERMEDIATE"":""FITT-COMPOUND-PULL-INTERMEDIATE-V1""}",,,,,REVIEW_REQUIRED,true,exercise-catalog-v1.0.0,NEX-000066,인버티드 로우(스트랩),inverted row with straps,inverted row with straps,STRENGTH,BACK,"[""UPPER_BACK""]","[""ELBOW"",""SHOULDER""]","[""UPPER_BACK"",""ELBOW"",""SHOULDER""]",REPS,3,8-12,,90,,MODERATE,inverted_row_horizontal_pull_bodyweight,REVIEW_REQUIRED,true
V1_ALIAS,exercise-catalog-v2.0.2-draft,,,,,,,,INTERMEDIATE,APPROVED,,,,,,,,,,,,,,,,,false,"[""INTERMEDIATE""]","{""INTERMEDIATE"":""FITT-COMPOUND-PULL-INTERMEDIATE-V1""}",,,,,REVIEW_REQUIRED,true,exercise-catalog-v1.0.0,NEX-000067,인버티드 로우,inverted row,inverted row,STRENGTH,BACK,"[""UPPER_BACK""]","[""ELBOW"",""SHOULDER""]","[""UPPER_BACK"",""ELBOW"",""SHOULDER""]",REPS,3,8-12,,90,,MODERATE,inverted_row_horizontal_pull_bodyweight,REVIEW_REQUIRED,true
V1_ALIAS,exercise-catalog-v2.0.2-draft,,,,,,,,INTERMEDIATE,APPROVED,,,,,,,,,,,,,,,,,false,"[""INTERMEDIATE""]","{""INTERMEDIATE"":""FITT-COMPOUND-LUNGE-INTERMEDIATE-V1""}",,,,,REVIEW_REQUIRED,true,exercise-catalog-v1.0.0,NEX-000068,케틀벨 런지,kettlebell lunge pass through,kettlebell lunge pass through,STRENGTH,GLUTES,"[""HIP"",""KNEE""]","[""ANKLE_FOOT""]","[""HIP"",""KNEE"",""ANKLE_FOOT""]",REPS,3,8-12,,90,,MODERATE,bodyweight_forward_lunge_knee_dominant_bodyweight,REVIEW_REQUIRED,true
V1_ALIAS,exercise-catalog-v2.0.2-draft,,,,,,,,BEGINNER,APPROVED,,,,,,,,,,,,,,,,,false,"[""BEGINNER"",""INTERMEDIATE""]","{""INTERMEDIATE"":""FITT-ISOLATION-STRENGTH-INTERMEDIATE-V1"",""BEGINNER"":""FITT-ISOLATION-STRENGTH-V1""}",,,,,REVIEW_REQUIRED,true,exercise-catalog-v1.0.0,NEX-000069,레그 익스텐션,lever leg extension,lever leg extension,STRENGTH,QUADRICEPS,"[""KNEE""]","[""HIP""]","[""KNEE"",""HIP""]",REPS,3,10-15,,60-90,,MODERATE,machine_leg_extension_isolation_machine,REVIEW_REQUIRED,true
V1_ALIAS,exercise-catalog-v2.0.2-draft,,,,,,,,BEGINNER,APPROVED,,,,,,,,,,,,,,,,,false,"[""BEGINNER"",""INTERMEDIATE""]","{""INTERMEDIATE"":""FITT-ISOLATION-STRENGTH-INTERMEDIATE-V1"",""BEGINNER"":""FITT-ISOLATION-STRENGTH-V1""}",,,,,REVIEW_REQUIRED,true,exercise-catalog-v1.0.0,NEX-000070,시티드 카프 레이즈,lever seated calf raise,lever seated calf raise,STRENGTH,CALVES,"[""ANKLE_FOOT""]","[""KNEE""]","[""ANKLE_FOOT"",""KNEE""]",REPS,3,10-15,,60-90,,MODERATE,seated_calf_raise_isolation_barbell,REVIEW_REQUIRED,true
V1_ALIAS,exercise-catalog-v2.0.2-draft,,,,,,,,BEGINNER,APPROVED,,,,,,,,,,,,,,,,,false,"[""BEGINNER"",""INTERMEDIATE""]","{""INTERMEDIATE"":""FITT-ISOLATION-STRENGTH-INTERMEDIATE-V1"",""BEGINNER"":""FITT-ISOLATION-STRENGTH-V1""}",,,,,REVIEW_REQUIRED,true,exercise-catalog-v1.0.0,NEX-000071,시티드 레그 컬,lever seated leg curl,lever seated leg curl,STRENGTH,HAMSTRINGS,"[""KNEE""]","[""HIP""]","[""KNEE"",""HIP""]",REPS,3,10-15,,60-90,,MODERATE,seated_leg_curl_knee_flexion_machine,REVIEW_REQUIRED,true
V1_ALIAS,exercise-catalog-v2.0.2-draft,,,,,,,,BEGINNER,APPROVED,,,,,,,,,,,,,,,,,false,"[""BEGINNER"",""INTERMEDIATE""]","{""INTERMEDIATE"":""FITT-MOBILITY-INTERMEDIATE-V1"",""BEGINNER"":""FITT-MOBILITY-V1""}",,,,,REVIEW_REQUIRED,true,exercise-catalog-v1.0.0,NEX-000072,라잉 사이드 대퇴사두 스트레칭,lying (side) quads stretch,lying (side) quads stretch,MOBILITY,MOBILITY,"[""KNEE""]","[""HIP""]","[""KNEE"",""HIP""]",DURATION,,,30-60,,15-30,LIGHT,side_lying_quadriceps_stretch_mobility_stretch_bodyweight,REVIEW_REQUIRED,true
V1_ALIAS,exercise-catalog-v2.0.2-draft,,,,,,,,BEGINNER,APPROVED,,,,,,,,,,,,,,,,,false,"[""BEGINNER"",""INTERMEDIATE""]","{""INTERMEDIATE"":""FITT-MOBILITY-INTERMEDIATE-V1"",""BEGINNER"":""FITT-MOBILITY-V1""}",,,,,REVIEW_REQUIRED,true,exercise-catalog-v1.0.0,NEX-000073,오버헤드 삼두 스트레칭,overhead triceps stretch,overhead triceps stretch,MOBILITY,MOBILITY,"[""ELBOW""]","[""SHOULDER"",""WRIST_HAND""]","[""ELBOW"",""SHOULDER"",""WRIST_HAND""]",DURATION,,,30-60,,15-30,LIGHT,overhead_triceps_stretch_mobility_stretch_bodyweight,REVIEW_REQUIRED,true
V1_ALIAS,exercise-catalog-v2.0.2-draft,,,,,,,,BEGINNER,APPROVED,,,,,,,,,,,,,,,,,false,"[""BEGINNER"",""INTERMEDIATE""]","{""INTERMEDIATE"":""FITT-COMPOUND-PUSH-INTERMEDIATE-V1"",""BEGINNER"":""FITT-COMPOUND-PUSH-V1""}",,,,,REVIEW_REQUIRED,true,exercise-catalog-v1.0.0,NEX-000074,푸시업,push-up,push-up,STRENGTH,CHEST,"[""CHEST""]","[""SHOULDER"",""ELBOW""]","[""CHEST"",""SHOULDER"",""ELBOW""]",REPS,2,8-15,,60,,LIGHT_MODERATE,push_up_horizontal_push_bodyweight,REVIEW_REQUIRED,true
V1_ALIAS,exercise-catalog-v2.0.2-draft,,,,,,,,BEGINNER,APPROVED,,,,,,,,,,,,,,,,,false,"[""BEGINNER"",""INTERMEDIATE""]","{""INTERMEDIATE"":""FITT-MOBILITY-INTERMEDIATE-V1"",""BEGINNER"":""FITT-MOBILITY-V1""}",,,,,REVIEW_REQUIRED,true,exercise-catalog-v1.0.0,NEX-000075,리어 델토이드 스트레칭,rear deltoid stretch,rear deltoid stretch,MOBILITY,MOBILITY,"[""SHOULDER""]","[""UPPER_BACK""]","[""SHOULDER"",""UPPER_BACK""]",DURATION,,,30-60,,15-30,LIGHT,rear_deltoid_stretch_mobility_stretch_bodyweight,REVIEW_REQUIRED,true
V1_ALIAS,exercise-catalog-v2.0.2-draft,,,,,,,,BEGINNER,APPROVED,,,,,,,,,,,,,,,,,false,"[""BEGINNER"",""INTERMEDIATE""]","{""INTERMEDIATE"":""FITT-CARDIO-INTERMEDIATE-V1"",""BEGINNER"":""FITT-CARDIO-V1""}",,,,,REVIEW_REQUIRED,true,exercise-catalog-v1.0.0,NEX-000076,달리기,run,run,CARDIO,CARDIO,"[""ANKLE_FOOT"",""KNEE""]","[""HIP""]","[""ANKLE_FOOT"",""KNEE"",""HIP""]",DURATION,,,1200-2400,,,MODERATE,cardio_gait_bodyweight_rex_000062,REVIEW_REQUIRED,true
V1_ALIAS,exercise-catalog-v2.0.2-draft,,,,,,,,INTERMEDIATE,APPROVED,,,,,,,,,,,,,,,,,false,"[""INTERMEDIATE""]","{""INTERMEDIATE"":""FITT-CORE-DYNAMIC-INTERMEDIATE-V1""}",,,,,REVIEW_REQUIRED,true,exercise-catalog-v1.0.0,NEX-000077,러시안 트위스트,russian twist,russian twist,STRENGTH,CORE,"[""ABDOMEN""]","[""LOWER_BACK""]","[""ABDOMEN"",""LOWER_BACK""]",DURATION,2-3,,30-45,45-60,,LIGHT_MODERATE,bodyweight_russian_twist_core_brace_bodyweight,REVIEW_REQUIRED,true
V1_ALIAS,exercise-catalog-v2.0.2-draft,,,,,,,,INTERMEDIATE,APPROVED,,,,,,,,,,,,,,,,,false,"[""INTERMEDIATE""]","{""INTERMEDIATE"":""FITT-COMPOUND-PULL-INTERMEDIATE-V1""}",,,,,REVIEW_REQUIRED,true,exercise-catalog-v1.0.0,NEX-000078,견갑 풀업,scapular pull-up,scapular pull-up,STRENGTH,BACK,"[""UPPER_BACK""]","[""SHOULDER"",""ELBOW""]","[""UPPER_BACK"",""SHOULDER"",""ELBOW""]",REPS,3,8-12,,90,,MODERATE,scapular_pull_up_vertical_pull_bodyweight_pull_up_bar,REVIEW_REQUIRED,true
V1_ALIAS,exercise-catalog-v2.0.2-draft,,,,,,,,BEGINNER,APPROVED,,,,,,,,,,,,,,,,,false,"[""BEGINNER"",""INTERMEDIATE""]","{""INTERMEDIATE"":""FITT-MOBILITY-INTERMEDIATE-V1"",""BEGINNER"":""FITT-MOBILITY-V1""}",,,,,REVIEW_REQUIRED,true,exercise-catalog-v1.0.0,NEX-000079,앉아서 허리 스트레칭,seated lower back stretch,seated lower back stretch,MOBILITY,MOBILITY,"[""LOWER_BACK""]","[""UPPER_BACK"",""ABDOMEN""]","[""LOWER_BACK"",""UPPER_BACK"",""ABDOMEN""]",DURATION,,,30-60,,15-30,LIGHT,seated_lower_back_stretch_mobility_stretch_bodyweight,REVIEW_REQUIRED,true
V1_ALIAS,exercise-catalog-v2.0.2-draft,,,,,,,,BEGINNER,APPROVED,,,,,,,,,,,,,,,,,false,"[""BEGINNER"",""INTERMEDIATE""]","{""INTERMEDIATE"":""FITT-CORE-DYNAMIC-INTERMEDIATE-V1"",""BEGINNER"":""FITT-CORE-DYNAMIC-V1""}",,,,,REVIEW_REQUIRED,true,exercise-catalog-v1.0.0,NEX-000080,사이드 크런치(벽),seated side crunch (wall),seated side crunch (wall),STRENGTH,CORE,"[""ABDOMEN""]","[""LOWER_BACK""]","[""ABDOMEN"",""LOWER_BACK""]",DURATION,2-3,,30-45,45-60,,LIGHT_MODERATE,crunch_variant_core_brace_bodyweight,REVIEW_REQUIRED,true
V1_ALIAS,exercise-catalog-v2.0.2-draft,,,,,,,,BEGINNER,APPROVED,,,,,,,,,,,,,,,,,false,"[""BEGINNER"",""INTERMEDIATE""]","{""INTERMEDIATE"":""FITT-ISOLATION-STRENGTH-INTERMEDIATE-V1"",""BEGINNER"":""FITT-ISOLATION-STRENGTH-V1""}",,,,,REVIEW_REQUIRED,true,exercise-catalog-v1.0.0,NEX-000081,인버스 레그 컬(바닥),self assisted inverse leg curl (on floor),self assisted inverse leg curl (on floor),STRENGTH,HAMSTRINGS,"[""KNEE""]","[""HIP""]","[""KNEE"",""HIP""]",REPS,3,10-15,,60-90,,MODERATE,seated_leg_curl_knee_flexion_machine,REVIEW_REQUIRED,true
V1_ALIAS,exercise-catalog-v2.0.2-draft,,,,,,,,BEGINNER,APPROVED,,,,,,,,,,,,,,,,,false,"[""BEGINNER"",""INTERMEDIATE""]","{""INTERMEDIATE"":""FITT-ISOLATION-STRENGTH-INTERMEDIATE-V1"",""BEGINNER"":""FITT-ISOLATION-STRENGTH-V1""}",,,,,REVIEW_REQUIRED,true,exercise-catalog-v1.0.0,NEX-000082,인버스 레그 컬,self assisted inverse leg curl,self assisted inverse leg curl,STRENGTH,HAMSTRINGS,"[""KNEE""]","[""HIP""]","[""KNEE"",""HIP""]",REPS,3,10-15,,60-90,,MODERATE,seated_leg_curl_knee_flexion_machine,REVIEW_REQUIRED,true
V1_ALIAS,exercise-catalog-v2.0.2-draft,,,,,,,,BEGINNER,APPROVED,,,,,,,,,,,,,,,,,false,"[""BEGINNER"",""INTERMEDIATE""]","{""INTERMEDIATE"":""FITT-MOBILITY-INTERMEDIATE-V1"",""BEGINNER"":""FITT-MOBILITY-V1""}",,,,,REVIEW_REQUIRED,true,exercise-catalog-v1.0.0,NEX-000083,사이드 푸시 목 스트레칭,side push neck stretch,side push neck stretch,MOBILITY,MOBILITY,"[""NECK""]","[""SHOULDER""]","[""NECK"",""SHOULDER""]",DURATION,,,30-60,,15-30,LIGHT,neck_lateral_stretch_mobility_stretch_bodyweight,REVIEW_REQUIRED,true
V1_ALIAS,exercise-catalog-v2.0.2-draft,,,,,,,,BEGINNER,APPROVED,,,,,,,,,,,,,,,,,false,"[""BEGINNER"",""INTERMEDIATE""]","{""INTERMEDIATE"":""FITT-MOBILITY-INTERMEDIATE-V1"",""BEGINNER"":""FITT-MOBILITY-V1""}",,,,,REVIEW_REQUIRED,true,exercise-catalog-v1.0.0,NEX-000084,사이드 리스트 풀 스트레칭,side wrist pull stretch,side wrist pull stretch,MOBILITY,MOBILITY,"[""WRIST_HAND""]","[""ELBOW""]","[""WRIST_HAND"",""ELBOW""]",DURATION,,,30-60,,15-30,LIGHT,side_wrist_pull_stretch_mobility_stretch_bodyweight,REVIEW_REQUIRED,true
V1_ALIAS,exercise-catalog-v2.0.2-draft,,,,,,,,BEGINNER,APPROVED,,,,,,,,,,,,,,,,,false,"[""BEGINNER"",""INTERMEDIATE""]","{""INTERMEDIATE"":""FITT-ISOLATION-STRENGTH-INTERMEDIATE-V1"",""BEGINNER"":""FITT-ISOLATION-STRENGTH-V1""}",,,,,REVIEW_REQUIRED,true,exercise-catalog-v1.0.0,NEX-000085,스미스 리버스 카프 레이즈,smith reverse calf raises,smith reverse calf raises,STRENGTH,CALVES,"[""ANKLE_FOOT""]","[""KNEE""]","[""ANKLE_FOOT"",""KNEE""]",REPS,3,10-15,,60-90,,MODERATE,reverse_calf_raise_isolation_resistance_band,REVIEW_REQUIRED,true
V1_ALIAS,exercise-catalog-v2.0.2-draft,,,,,,,,BEGINNER,APPROVED,,,,,,,,,,,,,,,,,false,"[""BEGINNER"",""INTERMEDIATE""]","{""INTERMEDIATE"":""FITT-MOBILITY-INTERMEDIATE-V1"",""BEGINNER"":""FITT-MOBILITY-V1""}",,,,,REVIEW_REQUIRED,true,exercise-catalog-v1.0.0,NEX-000086,레터럴 스트레칭,standing lateral stretch,standing lateral stretch,MOBILITY,MOBILITY,"[""UPPER_BACK""]","[""LOWER_BACK"",""ABDOMEN""]","[""UPPER_BACK"",""LOWER_BACK"",""ABDOMEN""]",DURATION,,,30-60,,15-30,LIGHT,standing_lateral_stretch_mobility_stretch_bodyweight,REVIEW_REQUIRED,true
V1_ALIAS,exercise-catalog-v2.0.2-draft,,,,,,,,BEGINNER,APPROVED,,,,,,,,,,,,,,,,,false,"[""BEGINNER"",""INTERMEDIATE""]","{""INTERMEDIATE"":""FITT-ISOLATION-STRENGTH-INTERMEDIATE-V1"",""BEGINNER"":""FITT-ISOLATION-STRENGTH-V1""}",,,,,REVIEW_REQUIRED,true,exercise-catalog-v1.0.0,NEX-000087,싱글 레그 컬,standing single leg curl,standing single leg curl,STRENGTH,HAMSTRINGS,"[""KNEE""]","[""HIP""]","[""KNEE"",""HIP""]",REPS,3,10-15,,60-90,,MODERATE,seated_leg_curl_knee_flexion_machine,REVIEW_REQUIRED,true
V1_ALIAS,exercise-catalog-v2.0.2-draft,,,,,,,,BEGINNER,APPROVED,,,,,,,,,,,,,,,,,false,"[""BEGINNER"",""INTERMEDIATE""]","{""INTERMEDIATE"":""FITT-CORE-DYNAMIC-INTERMEDIATE-V1"",""BEGINNER"":""FITT-CORE-DYNAMIC-V1""}",,,,,REVIEW_REQUIRED,true,exercise-catalog-v1.0.0,NEX-000088,서스펜디드 리버스 크런치,suspended reverse crunch,suspended reverse crunch,STRENGTH,CORE,"[""ABDOMEN""]","[""LOWER_BACK""]","[""ABDOMEN"",""LOWER_BACK""]",DURATION,2-3,,30-45,45-60,,LIGHT_MODERATE,bodyweight_reverse_crunch_core_brace_bodyweight,REVIEW_REQUIRED,true
V1_ALIAS,exercise-catalog-v2.0.2-draft,,,,,,,,BEGINNER,APPROVED,,,,,,,,,,,,,,,,,false,"[""BEGINNER"",""INTERMEDIATE""]","{""INTERMEDIATE"":""FITT-MOBILITY-INTERMEDIATE-V1"",""BEGINNER"":""FITT-MOBILITY-V1""}",,,,,REVIEW_REQUIRED,true,exercise-catalog-v1.0.0,NEX-000089,삼두 스트레칭,triceps stretch,triceps stretch,MOBILITY,MOBILITY,"[""ELBOW""]","[""SHOULDER"",""WRIST_HAND""]","[""ELBOW"",""SHOULDER"",""WRIST_HAND""]",DURATION,,,30-60,,15-30,LIGHT,triceps_stretch_mobility_stretch_bodyweight,REVIEW_REQUIRED,true
V1_ALIAS,exercise-catalog-v2.0.2-draft,,,,,,,,INTERMEDIATE,APPROVED,,,,,,,,,,,,,,,,,false,"[""INTERMEDIATE""]","{""INTERMEDIATE"":""FITT-CORE-DYNAMIC-INTERMEDIATE-V1""}",,,,,REVIEW_REQUIRED,true,exercise-catalog-v1.0.0,NEX-000090,중량 러시안 트위스트(레그 업),weighted russian twist (legs up),weighted russian twist (legs up),STRENGTH,CORE,"[""ABDOMEN""]","[""LOWER_BACK""]","[""ABDOMEN"",""LOWER_BACK""]",DURATION,2-3,,30-45,45-60,,LIGHT_MODERATE,bodyweight_russian_twist_core_brace_bodyweight,REVIEW_REQUIRED,true
V1_ALIAS,exercise-catalog-v2.0.2-draft,,,,,,,,INTERMEDIATE,APPROVED,,,,,,,,,,,,,,,,,false,"[""INTERMEDIATE""]","{""INTERMEDIATE"":""FITT-CORE-DYNAMIC-INTERMEDIATE-V1""}",,,,,REVIEW_REQUIRED,true,exercise-catalog-v1.0.0,NEX-000091,중량 러시안 트위스트(바닥 터치),weighted russian twist,weighted russian twist,STRENGTH,CORE,"[""ABDOMEN""]","[""LOWER_BACK""]","[""ABDOMEN"",""LOWER_BACK""]",DURATION,2-3,,30-45,45-60,,LIGHT_MODERATE,bodyweight_russian_twist_core_brace_bodyweight,REVIEW_REQUIRED,true
V1_ALIAS,exercise-catalog-v2.0.2-draft,,,,,,,,BEGINNER,APPROVED,,,,,,,,,,,,,,,,,false,"[""BEGINNER"",""INTERMEDIATE""]","{""INTERMEDIATE"":""FITT-ISOLATION-STRENGTH-INTERMEDIATE-V1"",""BEGINNER"":""FITT-ISOLATION-STRENGTH-V1""}",,,,,REVIEW_REQUIRED,true,exercise-catalog-v1.0.0,NEX-000092,중량 스탠딩 손 스퀴즈,weighted standing hand squeeze,weighted standing hand squeeze,STRENGTH,FOREARMS,"[""WRIST_HAND""]","[""ELBOW""]","[""WRIST_HAND"",""ELBOW""]",REPS,3,10-15,,60-90,,MODERATE,hand_grip_squeeze_isolation_household_weight,REVIEW_REQUIRED,true
V1_ALIAS,exercise-catalog-v2.0.2-draft,,,,,,,,BEGINNER,APPROVED,,,,,,,,,,,,,,,,,false,"[""BEGINNER"",""INTERMEDIATE""]","{""INTERMEDIATE"":""FITT-COMPOUND-PULL-INTERMEDIATE-V1"",""BEGINNER"":""FITT-COMPOUND-PULL-V1""}",,,,,REVIEW_REQUIRED,true,exercise-catalog-v1.0.0,NEX-000093,케이블 시티드 로우,cable seated row,cable seated row,STRENGTH,BACK,"[""UPPER_BACK""]","[""SHOULDER"",""ELBOW""]","[""UPPER_BACK"",""SHOULDER"",""ELBOW""]",REPS,3,8-12,,90,,MODERATE,seated_cable_row_horizontal_pull_cable_machine,REVIEW_REQUIRED,true
V1_ALIAS,exercise-catalog-v2.0.2-draft,,,,,,,,BEGINNER,APPROVED,,,,,,,,,,,,,,,,,false,"[""BEGINNER"",""INTERMEDIATE""]","{""INTERMEDIATE"":""FITT-CORE-DYNAMIC-INTERMEDIATE-V1"",""BEGINNER"":""FITT-CORE-DYNAMIC-V1""}",,,,,REVIEW_REQUIRED,true,exercise-catalog-v1.0.0,NEX-000094,리버스 크런치,reverse crunch,reverse crunch,STRENGTH,CORE,"[""ABDOMEN""]","[""LOWER_BACK""]","[""ABDOMEN"",""LOWER_BACK""]",DURATION,2-3,,30-45,45-60,,LIGHT_MODERATE,bodyweight_reverse_crunch_core_brace_bodyweight,REVIEW_REQUIRED,true
V1_ALIAS,exercise-catalog-v2.0.2-draft,,,,,,,,BEGINNER,APPROVED,,,,,,,,,,,,,,,,,false,"[""BEGINNER"",""INTERMEDIATE""]","{""INTERMEDIATE"":""FITT-CORE-DYNAMIC-INTERMEDIATE-V1"",""BEGINNER"":""FITT-CORE-DYNAMIC-V1""}",,,,,REVIEW_REQUIRED,true,exercise-catalog-v1.0.0,NEX-000095,케이블 리버스 크런치,cable reverse crunch,cable reverse crunch,STRENGTH,CORE,"[""ABDOMEN""]","[""LOWER_BACK""]","[""ABDOMEN"",""LOWER_BACK""]",DURATION,2-3,,30-45,45-60,,LIGHT_MODERATE,bodyweight_reverse_crunch_core_brace_bodyweight,REVIEW_REQUIRED,true
V1_ALIAS,exercise-catalog-v2.0.2-draft,,,,,,,,INTERMEDIATE,APPROVED,,,,,,,,,,,,,,,,,false,"[""INTERMEDIATE""]","{""INTERMEDIATE"":""FITT-CORE-DYNAMIC-INTERMEDIATE-V1""}",,,,,REVIEW_REQUIRED,true,exercise-catalog-v1.0.0,NEX-000096,밴드 바이시클 크런치,band bicycle crunch,band bicycle crunch,STRENGTH,CORE,"[""ABDOMEN""]","[""LOWER_BACK""]","[""ABDOMEN"",""LOWER_BACK""]",DURATION,2-3,,30-45,45-60,,LIGHT_MODERATE,rotation_variant_core_brace_cable_machine,REVIEW_REQUIRED,true
V1_ALIAS,exercise-catalog-v2.0.2-draft,,,,,,,,BEGINNER,APPROVED,,,,,,,,,,,,,,,,,false,"[""BEGINNER"",""INTERMEDIATE""]","{""INTERMEDIATE"":""FITT-ISOLATION-STRENGTH-INTERMEDIATE-V1"",""BEGINNER"":""FITT-ISOLATION-STRENGTH-V1""}",,,,,REVIEW_REQUIRED,true,exercise-catalog-v1.0.0,NEX-000097,밴드 프론트 레터럴 레이즈,band front lateral raise,band front lateral raise,STRENGTH,SHOULDERS,"[""SHOULDER""]","[""ELBOW""]","[""SHOULDER"",""ELBOW""]",REPS,3,10-15,,60-90,,MODERATE,dumbbell_lateral_raise_isolation_dumbbell,REVIEW_REQUIRED,true
V1_ALIAS,exercise-catalog-v2.0.2-draft,,,,,,,,BEGINNER,APPROVED,,,,,,,,,,,,,,,,,false,"[""BEGINNER"",""INTERMEDIATE""]","{""INTERMEDIATE"":""FITT-ISOLATION-STRENGTH-INTERMEDIATE-V1"",""BEGINNER"":""FITT-ISOLATION-STRENGTH-V1""}",,,,,REVIEW_REQUIRED,true,exercise-catalog-v1.0.0,NEX-000098,밴드 프론트 레이즈,band front raise,band front raise,STRENGTH,SHOULDERS,"[""SHOULDER""]","[""ELBOW""]","[""SHOULDER"",""ELBOW""]",REPS,3,10-15,,60-90,,MODERATE,barbell_front_raise_isolation_barbell,REVIEW_REQUIRED,true
V1_ALIAS,exercise-catalog-v2.0.2-draft,,,,,,,,INTERMEDIATE,APPROVED,,,,,,,,,,,,,,,,,false,"[""INTERMEDIATE""]","{""INTERMEDIATE"":""FITT-CORE-DYNAMIC-INTERMEDIATE-V1""}",,,,,REVIEW_REQUIRED,true,exercise-catalog-v1.0.0,NEX-000099,밴드 니링 트위스트 크런치,band kneeling twisting crunch,band kneeling twisting crunch,STRENGTH,CORE,"[""ABDOMEN""]","[""LOWER_BACK""]","[""ABDOMEN"",""LOWER_BACK""]",DURATION,2-3,,30-45,45-60,,LIGHT_MODERATE,rotation_variant_core_brace_cable_machine,REVIEW_REQUIRED,true
V1_ALIAS,exercise-catalog-v2.0.2-draft,,,,,,,,BEGINNER,APPROVED,,,,,,,,,,,,,,,,,false,"[""BEGINNER"",""INTERMEDIATE""]","{""INTERMEDIATE"":""FITT-ISOLATION-STRENGTH-INTERMEDIATE-V1"",""BEGINNER"":""FITT-ISOLATION-STRENGTH-V1""}",,,,,REVIEW_REQUIRED,true,exercise-catalog-v1.0.0,NEX-000100,밴드 리버스 리스트 컬,band reverse wrist curl,band reverse wrist curl,STRENGTH,FOREARMS,"[""WRIST_HAND""]","[""ELBOW""]","[""WRIST_HAND"",""ELBOW""]",REPS,3,10-15,,60-90,,MODERATE,reverse_wrist_curl_isolation_barbell,REVIEW_REQUIRED,true
V1_ALIAS,exercise-catalog-v2.0.2-draft,,,,,,,,INTERMEDIATE,APPROVED,,,,,,,,,,,,,,,,,false,"[""INTERMEDIATE""]","{""INTERMEDIATE"":""FITT-COMPOUND-PUSH-INTERMEDIATE-V1""}",,,,,REVIEW_REQUIRED,true,exercise-catalog-v1.0.0,NEX-000101,밴드 숄더 프레스,band shoulder press,band shoulder press,STRENGTH,SHOULDERS,"[""SHOULDER""]","[""ELBOW""]","[""SHOULDER"",""ELBOW""]",REPS,3,8-12,,90,,MODERATE,seated_shoulder_press_vertical_push_dumbbell,REVIEW_REQUIRED,true
V1_ALIAS,exercise-catalog-v2.0.2-draft,,,,,,,,BEGINNER,APPROVED,,,,,,,,,,,,,,,,,false,"[""BEGINNER"",""INTERMEDIATE""]","{""INTERMEDIATE"":""FITT-ISOLATION-STRENGTH-INTERMEDIATE-V1"",""BEGINNER"":""FITT-ISOLATION-STRENGTH-V1""}",,,,,REVIEW_REQUIRED,true,exercise-catalog-v1.0.0,NEX-000102,밴드 싱글 레그 카프 레이즈,band single leg calf raise,band single leg calf raise,STRENGTH,CALVES,"[""ANKLE_FOOT""]","[""KNEE""]","[""ANKLE_FOOT"",""KNEE""]",REPS,3,10-15,,60-90,,MODERATE,bodyweight_standing_calf_raise_isolation_bodyweight,REVIEW_REQUIRED,true
V1_ALIAS,exercise-catalog-v2.0.2-draft,,,,,,,,BEGINNER,APPROVED,,,,,,,,,,,,,,,,,false,"[""BEGINNER"",""INTERMEDIATE""]","{""INTERMEDIATE"":""FITT-ISOLATION-STRENGTH-INTERMEDIATE-V1"",""BEGINNER"":""FITT-ISOLATION-STRENGTH-V1""}",,,,,REVIEW_REQUIRED,true,exercise-catalog-v1.0.0,NEX-000103,밴드 싱글 레그 리버스 카프 레이즈,band single leg reverse calf raise,band single leg reverse calf raise,STRENGTH,CALVES,"[""ANKLE_FOOT""]","[""KNEE""]","[""ANKLE_FOOT"",""KNEE""]",REPS,3,10-15,,60-90,,MODERATE,reverse_calf_raise_isolation_resistance_band,REVIEW_REQUIRED,true
V1_ALIAS,exercise-catalog-v2.0.2-draft,,,,,,,,INTERMEDIATE,APPROVED,,,,,,,,,,,,,,,,,false,"[""INTERMEDIATE""]","{""INTERMEDIATE"":""FITT-COMPOUND-HINGE-INTERMEDIATE-V1""}",,,,,REVIEW_REQUIRED,true,exercise-catalog-v1.0.0,NEX-000104,밴드 스티프 레그 데드리프트,band stiff leg deadlift,band stiff leg deadlift,STRENGTH,GLUTES,"[""HIP""]","[""KNEE"",""LOWER_BACK""]","[""HIP"",""KNEE"",""LOWER_BACK""]",REPS,3,8-12,,90,,MODERATE,barbell_straight_leg_deadlift_hip_dominant_barbell,REVIEW_REQUIRED,true
V1_ALIAS,exercise-catalog-v2.0.2-draft,,,,,,,,BEGINNER,APPROVED,,,,,,,,,,,,,,,,,false,"[""BEGINNER"",""INTERMEDIATE""]","{""INTERMEDIATE"":""FITT-ISOLATION-STRENGTH-INTERMEDIATE-V1"",""BEGINNER"":""FITT-ISOLATION-STRENGTH-V1""}",,,,,REVIEW_REQUIRED,true,exercise-catalog-v1.0.0,NEX-000105,밴드 리스트 컬,band wrist curl,band wrist curl,STRENGTH,FOREARMS,"[""WRIST_HAND""]","[""ELBOW""]","[""WRIST_HAND"",""ELBOW""]",REPS,3,10-15,,60-90,,MODERATE,wrist_curl_isolation_barbell,REVIEW_REQUIRED,true
V1_ALIAS,exercise-catalog-v2.0.2-draft,,,,,,,,BEGINNER,APPROVED,,,,,,,,,,,,,,,,,false,"[""BEGINNER"",""INTERMEDIATE""]","{""INTERMEDIATE"":""FITT-ISOLATION-STRENGTH-INTERMEDIATE-V1"",""BEGINNER"":""FITT-ISOLATION-STRENGTH-V1""}",,,,,REVIEW_REQUIRED,true,exercise-catalog-v1.0.0,NEX-000106,밴드 슈러그,band shrug,band shrug,STRENGTH,BACK,"[""UPPER_BACK""]","[""SHOULDER""]","[""UPPER_BACK"",""SHOULDER""]",REPS,3,10-15,,60-90,,MODERATE,dumbbell_shrug_isolation_dumbbell,REVIEW_REQUIRED,true
V1_ALIAS,exercise-catalog-v2.0.2-draft,,,,,,,,INTERMEDIATE,APPROVED,,,,,,,,,,,,,,,,,false,"[""INTERMEDIATE""]","{""INTERMEDIATE"":""FITT-COMPOUND-HINGE-INTERMEDIATE-V1""}",,,,,REVIEW_REQUIRED,true,exercise-catalog-v1.0.0,NEX-000107,밴드 스트레이트 등 스티프 레그 데드리프트,band straight back stiff leg deadlift,band straight back stiff leg deadlift,STRENGTH,GLUTES,"[""HIP""]","[""KNEE"",""LOWER_BACK""]","[""HIP"",""KNEE"",""LOWER_BACK""]",REPS,3,8-12,,90,,MODERATE,barbell_straight_leg_deadlift_hip_dominant_barbell,REVIEW_REQUIRED,true
V1_ALIAS,exercise-catalog-v2.0.2-draft,,,,,,,,BEGINNER,APPROVED,,,,,,,,,,,,,,,,,false,"[""BEGINNER"",""INTERMEDIATE""]","{""INTERMEDIATE"":""FITT-MOBILITY-INTERMEDIATE-V1"",""BEGINNER"":""FITT-MOBILITY-V1""}",,,,,REVIEW_REQUIRED,true,exercise-catalog-v1.0.0,NEX-000108,다이내믹 체스트 스트레칭,dynamic chest stretch (male),dynamic chest stretch (male),MOBILITY,MOBILITY,"[""CHEST""]","[""SHOULDER"",""UPPER_BACK""]","[""CHEST"",""SHOULDER"",""UPPER_BACK""]",DURATION,,,30-60,,15-30,LIGHT,dynamic_chest_stretch_mobility_stretch_bodyweight,REVIEW_REQUIRED,true
V1_ALIAS,exercise-catalog-v2.0.2-draft,,,,,,,,BEGINNER,APPROVED,,,,,,,,,,,,,,,,,false,"[""BEGINNER"",""INTERMEDIATE""]","{""INTERMEDIATE"":""FITT-ISOLATION-STRENGTH-INTERMEDIATE-V1"",""BEGINNER"":""FITT-ISOLATION-STRENGTH-V1""}",,,,,REVIEW_REQUIRED,true,exercise-catalog-v1.0.0,NEX-000109,케이블 원암 디클라인 체스트 플라이,cable one arm decline chest fly,cable one arm decline chest fly,STRENGTH,CHEST,"[""CHEST""]","[""SHOULDER""]","[""CHEST"",""SHOULDER""]",REPS,3,10-15,,60-90,,MODERATE,cable_fly_isolation_cable_machine,REVIEW_REQUIRED,true
V1_ALIAS,exercise-catalog-v2.0.2-draft,,,,,,,,BEGINNER,APPROVED,,,,,,,,,,,,,,,,,false,"[""BEGINNER"",""INTERMEDIATE""]","{""INTERMEDIATE"":""FITT-MOBILITY-INTERMEDIATE-V1"",""BEGINNER"":""FITT-MOBILITY-V1""}",,,,,REVIEW_REQUIRED,true,exercise-catalog-v1.0.0,NEX-000110,체스트 및 앞쪽 어깨 스트레칭,chest and front of shoulder stretch,chest and front of shoulder stretch,MOBILITY,MOBILITY,"[""CHEST"",""SHOULDER""]","[""UPPER_BACK""]","[""CHEST"",""SHOULDER"",""UPPER_BACK""]",DURATION,,,30-60,,15-30,LIGHT,chest_front_shoulder_stretch_mobility_stretch_bodyweight,REVIEW_REQUIRED,true
V1_ALIAS,exercise-catalog-v2.0.2-draft,,,,,,,,BEGINNER,APPROVED,,,,,,,,,,,,,,,,,false,"[""BEGINNER"",""INTERMEDIATE""]","{""INTERMEDIATE"":""FITT-MOBILITY-INTERMEDIATE-V1"",""BEGINNER"":""FITT-MOBILITY-V1""}",,,,,REVIEW_REQUIRED,true,exercise-catalog-v1.0.0,NEX-000111,광배근 스트레칭,kneeling lat stretch,kneeling lat stretch,MOBILITY,MOBILITY,"[""UPPER_BACK""]","[""SHOULDER"",""CHEST""]","[""UPPER_BACK"",""SHOULDER"",""CHEST""]",DURATION,,,30-60,,15-30,LIGHT,kneeling_lat_stretch_mobility_stretch_bodyweight,REVIEW_REQUIRED,true
V1_ALIAS,exercise-catalog-v2.0.2-draft,,,,,,,,INTERMEDIATE,APPROVED,,,,,,,,,,,,,,,,,false,"[""INTERMEDIATE""]","{""INTERMEDIATE"":""FITT-MOBILITY-INTERMEDIATE-V1""}",,,,,REVIEW_REQUIRED,true,exercise-catalog-v1.0.0,NEX-000112,허리 스트레칭,lower back curl,lower back curl,STRENGTH,BACK,"[""LOWER_BACK""]","[""UPPER_BACK""]","[""LOWER_BACK"",""UPPER_BACK""]",DURATION,,,30-60,,15-30,LIGHT,lower_back_curl_core_brace_bodyweight,REVIEW_REQUIRED,true
V1_ALIAS,exercise-catalog-v2.0.2-draft,,,,,,,,BEGINNER,APPROVED,,,,,,,,,,,,,,,,,false,"[""BEGINNER"",""INTERMEDIATE""]","{""INTERMEDIATE"":""FITT-ISOMETRIC-STRENGTH-INTERMEDIATE-V1"",""BEGINNER"":""FITT-ISOMETRIC-STRENGTH-V1""}",,,,,REVIEW_REQUIRED,true,exercise-catalog-v1.0.0,NEX-000113,벽 짚고 한 팔 운동,one arm against wall,one arm against wall,STRENGTH,BACK,"[""UPPER_BACK""]","[""SHOULDER"",""ELBOW""]","[""UPPER_BACK"",""SHOULDER"",""ELBOW""]",REPS,3,8-12,,90,,MODERATE,one_arm_wall_lats_isolation_bodyweight,REVIEW_REQUIRED,true
V1_ALIAS,exercise-catalog-v2.0.2-draft,,,,,,,,BEGINNER,APPROVED,,,,,,,,,,,,,,,,,false,"[""BEGINNER"",""INTERMEDIATE""]","{""INTERMEDIATE"":""FITT-MOBILITY-INTERMEDIATE-V1"",""BEGINNER"":""FITT-MOBILITY-V1""}",,,,,REVIEW_REQUIRED,true,exercise-catalog-v1.0.0,NEX-000114,척추 스트레칭,spine stretch,spine stretch,MOBILITY,MOBILITY,"[""UPPER_BACK"",""LOWER_BACK""]","[""ABDOMEN""]","[""UPPER_BACK"",""LOWER_BACK"",""ABDOMEN""]",DURATION,,,30-60,,15-30,LIGHT,spine_stretch_mobility_stretch_bodyweight,REVIEW_REQUIRED,true
V1_ALIAS,exercise-catalog-v2.0.2-draft,,,,,,,,BEGINNER,APPROVED,,,,,,,,,,,,,,,,,false,"[""BEGINNER"",""INTERMEDIATE""]","{""INTERMEDIATE"":""FITT-MOBILITY-INTERMEDIATE-V1"",""BEGINNER"":""FITT-MOBILITY-V1""}",,,,,REVIEW_REQUIRED,true,exercise-catalog-v1.0.0,NEX-000115,등 위쪽 스트레칭,upper back stretch,upper back stretch,MOBILITY,MOBILITY,"[""UPPER_BACK""]","[""SHOULDER"",""CHEST""]","[""UPPER_BACK"",""SHOULDER"",""CHEST""]",DURATION,,,30-60,,15-30,LIGHT,upper_back_stretch_mobility_stretch_bodyweight,REVIEW_REQUIRED,true
V1_ALIAS,exercise-catalog-v2.0.2-draft,,,,,,,,BEGINNER,APPROVED,,,,,,,,,,,,,,,,,false,"[""BEGINNER"",""INTERMEDIATE""]","{""INTERMEDIATE"":""FITT-MOBILITY-INTERMEDIATE-V1"",""BEGINNER"":""FITT-MOBILITY-V1""}",,,,,REVIEW_REQUIRED,true,exercise-catalog-v1.0.0,NEX-000116,발목 돌리기,ankle circles,ankle circles,MOBILITY,MOBILITY,"[""ANKLE_FOOT""]","[""KNEE""]","[""ANKLE_FOOT"",""KNEE""]",DURATION,,,30-60,,15-30,LIGHT,ankle_circles_mobility_stretch_bodyweight,REVIEW_REQUIRED,true
V1_ALIAS,exercise-catalog-v2.0.2-draft,,,,,,,,BEGINNER,APPROVED,,,,,,,,,,,,,,,,,false,"[""BEGINNER"",""INTERMEDIATE""]","{""INTERMEDIATE"":""FITT-ISOLATION-STRENGTH-INTERMEDIATE-V1"",""BEGINNER"":""FITT-ISOLATION-STRENGTH-V1""}",,,,,REVIEW_REQUIRED,true,exercise-catalog-v1.0.0,NEX-000117,밴드 양발 카프 레이즈,band two legs calf raise - (band under both legs) v. 2,band two legs calf raise - (band under both legs) v. 2,STRENGTH,CALVES,"[""ANKLE_FOOT""]","[""KNEE""]","[""ANKLE_FOOT"",""KNEE""]",REPS,3,10-15,,60-90,,MODERATE,bodyweight_standing_calf_raise_isolation_bodyweight,REVIEW_REQUIRED,true
V1_ALIAS,exercise-catalog-v2.0.2-draft,,,,,,,,BEGINNER,APPROVED,,,,,,,,,,,,,,,,,false,"[""BEGINNER"",""INTERMEDIATE""]","{""INTERMEDIATE"":""FITT-ISOLATION-STRENGTH-INTERMEDIATE-V1"",""BEGINNER"":""FITT-ISOLATION-STRENGTH-V1""}",,,,,REVIEW_REQUIRED,true,exercise-catalog-v1.0.0,NEX-000118,맨몸 스탠딩 카프 레이즈,bodyweight standing calf raise,bodyweight standing calf raise,STRENGTH,CALVES,"[""ANKLE_FOOT""]","[""KNEE""]","[""ANKLE_FOOT"",""KNEE""]",REPS,2,8-15,,60,,LIGHT_MODERATE,bodyweight_standing_calf_raise_isolation_bodyweight,REVIEW_REQUIRED,true
V1_ALIAS,exercise-catalog-v2.0.2-draft,,,,,,,,BEGINNER,APPROVED,,,,,,,,,,,,,,,,,false,"[""BEGINNER"",""INTERMEDIATE""]","{""INTERMEDIATE"":""FITT-MOBILITY-INTERMEDIATE-V1"",""BEGINNER"":""FITT-MOBILITY-V1""}",,,,,REVIEW_REQUIRED,true,exercise-catalog-v1.0.0,NEX-000119,벽 짚고 종아리 스트레칭,calf stretch with hands against wall,calf stretch with hands against wall,MOBILITY,MOBILITY,"[""ANKLE_FOOT""]","[""KNEE""]","[""ANKLE_FOOT"",""KNEE""]",DURATION,,,30-60,,15-30,LIGHT,wall_calf_stretch_mobility_stretch_bodyweight,REVIEW_REQUIRED,true
V1_ALIAS,exercise-catalog-v2.0.2-draft,,,,,,,,BEGINNER,APPROVED,,,,,,,,,,,,,,,,,false,"[""BEGINNER"",""INTERMEDIATE""]","{""INTERMEDIATE"":""FITT-ISOLATION-STRENGTH-INTERMEDIATE-V1"",""BEGINNER"":""FITT-ISOLATION-STRENGTH-V1""}",,,,,REVIEW_REQUIRED,true,exercise-catalog-v1.0.0,NEX-000120,덤벨 시티드 카프 레이즈,dumbbell seated calf raise,dumbbell seated calf raise,STRENGTH,CALVES,"[""ANKLE_FOOT""]","[""KNEE""]","[""ANKLE_FOOT"",""KNEE""]",REPS,3,10-15,,60-90,,MODERATE,seated_calf_raise_isolation_barbell,REVIEW_REQUIRED,true
V1_ALIAS,exercise-catalog-v2.0.2-draft,,,,,,,,BEGINNER,APPROVED,,,,,,,,,,,,,,,,,false,"[""BEGINNER"",""INTERMEDIATE""]","{""INTERMEDIATE"":""FITT-ISOLATION-STRENGTH-INTERMEDIATE-V1"",""BEGINNER"":""FITT-ISOLATION-STRENGTH-V1""}",,,,,REVIEW_REQUIRED,true,exercise-catalog-v1.0.0,NEX-000121,한발 동키 카프 레이즈,one leg donkey calf raise,one leg donkey calf raise,STRENGTH,CALVES,"[""ANKLE_FOOT""]","[""KNEE""]","[""ANKLE_FOOT"",""KNEE""]",REPS,3,10-15,,60-90,,MODERATE,bodyweight_standing_calf_raise_isolation_bodyweight,REVIEW_REQUIRED,true
V1_ALIAS,exercise-catalog-v2.0.2-draft,,,,,,,,BEGINNER,APPROVED,,,,,,,,,,,,,,,,,false,"[""BEGINNER"",""INTERMEDIATE""]","{""INTERMEDIATE"":""FITT-ISOLATION-STRENGTH-INTERMEDIATE-V1"",""BEGINNER"":""FITT-ISOLATION-STRENGTH-V1""}",,,,,REVIEW_REQUIRED,true,exercise-catalog-v1.0.0,NEX-000122,한발 카프 레이즈,one leg floor calf raise,one leg floor calf raise,STRENGTH,CALVES,"[""ANKLE_FOOT""]","[""KNEE""]","[""ANKLE_FOOT"",""KNEE""]",REPS,3,10-15,,60-90,,MODERATE,bodyweight_standing_calf_raise_isolation_bodyweight,REVIEW_REQUIRED,true
V1_ALIAS,exercise-catalog-v2.0.2-draft,,,,,,,,BEGINNER,APPROVED,,,,,,,,,,,,,,,,,false,"[""BEGINNER"",""INTERMEDIATE""]","{""INTERMEDIATE"":""FITT-MOBILITY-INTERMEDIATE-V1"",""BEGINNER"":""FITT-MOBILITY-V1""}",,,,,REVIEW_REQUIRED,true,exercise-catalog-v1.0.0,NEX-000123,종아리 바깥쪽 스트레칭,peroneals stretch,peroneals stretch,MOBILITY,MOBILITY,"[""ANKLE_FOOT""]","[""KNEE""]","[""ANKLE_FOOT"",""KNEE""]",DURATION,,,30-60,,15-30,LIGHT,peroneal_stretch_mobility_stretch_stretch_strap,REVIEW_REQUIRED,true
V1_ALIAS,exercise-catalog-v2.0.2-draft,,,,,,,,BEGINNER,APPROVED,,,,,,,,,,,,,,,,,false,"[""BEGINNER"",""INTERMEDIATE""]","{""INTERMEDIATE"":""FITT-MOBILITY-INTERMEDIATE-V1"",""BEGINNER"":""FITT-MOBILITY-V1""}",,,,,REVIEW_REQUIRED,true,exercise-catalog-v1.0.0,NEX-000124,시티드 카프 스트레칭,seated calf stretch (male),seated calf stretch (male),MOBILITY,MOBILITY,"[""ANKLE_FOOT""]","[""KNEE""]","[""ANKLE_FOOT"",""KNEE""]",DURATION,,,30-60,,15-30,LIGHT,seated_calf_stretch_mobility_stretch_bodyweight,REVIEW_REQUIRED,true
V1_ALIAS,exercise-catalog-v2.0.2-draft,,,,,,,,BEGINNER,APPROVED,,,,,,,,,,,,,,,,,false,"[""BEGINNER"",""INTERMEDIATE""]","{""INTERMEDIATE"":""FITT-MOBILITY-INTERMEDIATE-V1"",""BEGINNER"":""FITT-MOBILITY-V1""}",,,,,REVIEW_REQUIRED,true,exercise-catalog-v1.0.0,NEX-000125,목 스트레칭,neck side stretch,neck side stretch,MOBILITY,MOBILITY,"[""NECK""]","[""SHOULDER""]","[""NECK"",""SHOULDER""]",DURATION,,,30-60,,15-30,LIGHT,neck_lateral_stretch_mobility_stretch_bodyweight,REVIEW_REQUIRED,true
V1_ALIAS,exercise-catalog-v2.0.2-draft,,,,,,,,BEGINNER,APPROVED,,,,,,,,,,,,,,,,,false,"[""BEGINNER"",""INTERMEDIATE""]","{""INTERMEDIATE"":""FITT-MOBILITY-INTERMEDIATE-V1"",""BEGINNER"":""FITT-MOBILITY-V1""}",,,,,REVIEW_REQUIRED,true,exercise-catalog-v1.0.0,NEX-000126,둔근 스트레칭,seated glute stretch,seated glute stretch,MOBILITY,MOBILITY,"[""HIP""]","[""KNEE""]","[""HIP"",""KNEE""]",DURATION,,,30-60,,15-30,LIGHT,seated_glute_stretch_mobility_stretch_bodyweight,REVIEW_REQUIRED,true
V1_ALIAS,exercise-catalog-v2.0.2-draft,,,,,,,,BEGINNER,APPROVED,,,,,,,,,,,,,,,,,false,"[""BEGINNER"",""INTERMEDIATE""]","{""INTERMEDIATE"":""FITT-MOBILITY-INTERMEDIATE-V1"",""BEGINNER"":""FITT-MOBILITY-V1""}",,,,,REVIEW_REQUIRED,true,exercise-catalog-v1.0.0,NEX-000127,손목 돌리기,wrist circles,wrist circles,MOBILITY,MOBILITY,"[""WRIST_HAND""]","[""ELBOW""]","[""WRIST_HAND"",""ELBOW""]",DURATION,,,30-60,,15-30,LIGHT,wrist_circles_mobility_stretch_bodyweight,REVIEW_REQUIRED,true
V1_ALIAS,exercise-catalog-v2.0.2-draft,,,,,,,,INTERMEDIATE,APPROVED,,,,,,,,,,,,,,,,,false,"[""INTERMEDIATE""]","{""INTERMEDIATE"":""FITT-COMPOUND-LUNGE-INTERMEDIATE-V1""}",,,,,REVIEW_REQUIRED,true,exercise-catalog-v1.0.0,NEX-000128,워킹 런지,walking lunge,walking lunge,STRENGTH,GLUTES,"[""HIP"",""KNEE""]","[""ANKLE_FOOT""]","[""HIP"",""KNEE"",""ANKLE_FOOT""]",REPS,3,8-12,,90,,MODERATE,bodyweight_forward_lunge_knee_dominant_bodyweight,REVIEW_REQUIRED,true
V1_ALIAS,exercise-catalog-v2.0.2-draft,,,,,,,,BEGINNER,APPROVED,,,,,,,,,,,,,,,,,false,"[""BEGINNER"",""INTERMEDIATE""]","{""INTERMEDIATE"":""FITT-MOBILITY-INTERMEDIATE-V1"",""BEGINNER"":""FITT-MOBILITY-V1""}",,,,,REVIEW_REQUIRED,true,exercise-catalog-v1.0.0,NEX-000129,버터플라이,butterfly yoga pose,butterfly yoga pose,MOBILITY,MOBILITY,"[""HIP""]","[""KNEE""]","[""HIP"",""KNEE""]",DURATION,,,30-60,,15-30,LIGHT,butterfly_adductor_stretch_mobility_stretch_bodyweight,REVIEW_REQUIRED,true
V1_ALIAS,exercise-catalog-v2.0.2-draft,,,,,,,,BEGINNER,APPROVED,,,,,,,,,,,,,,,,,false,"[""BEGINNER"",""INTERMEDIATE""]","{""INTERMEDIATE"":""FITT-MOBILITY-INTERMEDIATE-V1"",""BEGINNER"":""FITT-MOBILITY-V1""}",,,,,REVIEW_REQUIRED,true,exercise-catalog-v1.0.0,NEX-000130,햄스트링 스트레칭,hamstring stretch,hamstring stretch,MOBILITY,MOBILITY,"[""KNEE""]","[""HIP""]","[""KNEE"",""HIP""]",DURATION,,,30-60,,15-30,LIGHT,hamstring_stretch_mobility_stretch_bodyweight,REVIEW_REQUIRED,true
V1_ALIAS,exercise-catalog-v2.0.2-draft,,,,,,,,BEGINNER,APPROVED,,,,,,,,,,,,,,,,,false,"[""BEGINNER"",""INTERMEDIATE""]","{""INTERMEDIATE"":""FITT-MOBILITY-INTERMEDIATE-V1"",""BEGINNER"":""FITT-MOBILITY-V1""}",,,,,REVIEW_REQUIRED,true,exercise-catalog-v1.0.0,NEX-000131,네발기기 스쿼트 스트레칭,all fours squad stretch,all fours squad stretch,MOBILITY,MOBILITY,"[""KNEE"",""HIP""]","[""ANKLE_FOOT""]","[""KNEE"",""HIP"",""ANKLE_FOOT""]",DURATION,,,30-60,,15-30,LIGHT,all_fours_squat_stretch_mobility_stretch_bodyweight,REVIEW_REQUIRED,true
V1_ALIAS,exercise-catalog-v2.0.2-draft,,,,,,,,BEGINNER,APPROVED,,,,,,,,,,,,,,,,,false,"[""BEGINNER"",""INTERMEDIATE""]","{""INTERMEDIATE"":""FITT-MOBILITY-INTERMEDIATE-V1"",""BEGINNER"":""FITT-MOBILITY-V1""}",,,,,REVIEW_REQUIRED,true,exercise-catalog-v1.0.0,NEX-000132,의자 다리 펴기 스트레칭,chair leg extended stretch,chair leg extended stretch,MOBILITY,MOBILITY,"[""KNEE""]","[""HIP""]","[""KNEE"",""HIP""]",DURATION,,,30-60,,15-30,LIGHT,chair_leg_extended_stretch_mobility_stretch_bodyweight,REVIEW_REQUIRED,true
V1_ALIAS,exercise-catalog-v2.0.2-draft,,,,,,,,BEGINNER,APPROVED,,,,,,,,,,,,,,,,,false,"[""BEGINNER"",""INTERMEDIATE""]","{""INTERMEDIATE"":""FITT-MOBILITY-INTERMEDIATE-V1"",""BEGINNER"":""FITT-MOBILITY-V1""}",,,,,REVIEW_REQUIRED,true,exercise-catalog-v1.0.0,NEX-000133,짐볼 고관절 굴곡근 스트레칭,exercise ball hip flexor stretch,exercise ball hip flexor stretch,MOBILITY,MOBILITY,"[""HIP""]","[""LOWER_BACK""]","[""HIP"",""LOWER_BACK""]",DURATION,,,30-60,,15-30,LIGHT,exercise_ball_hip_flexor_stretch_mobility_stretch_stability_ball,REVIEW_REQUIRED,true
V1_ALIAS,exercise-catalog-v2.0.2-draft,,,,,,,,BEGINNER,APPROVED,,,,,,,,,,,,,,,,,false,"[""BEGINNER"",""INTERMEDIATE""]","{""INTERMEDIATE"":""FITT-MOBILITY-INTERMEDIATE-V1"",""BEGINNER"":""FITT-MOBILITY-V1""}",,,,,REVIEW_REQUIRED,true,exercise-catalog-v1.0.0,NEX-000134,허벅지 앞쪽 스트레칭,intermediate hip flexor and quad stretch,intermediate hip flexor and quad stretch,MOBILITY,MOBILITY,"[""KNEE""]","[""HIP""]","[""KNEE"",""HIP""]",DURATION,,,30-60,,15-30,LIGHT,hip_flexor_quadriceps_stretch_mobility_stretch_stretch_strap,REVIEW_REQUIRED,true
V1_ALIAS,exercise-catalog-v2.0.2-draft,,,,,,,,BEGINNER,APPROVED,,,,,,,,,,,,,,,,,false,"[""BEGINNER"",""INTERMEDIATE""]","{""INTERMEDIATE"":""FITT-MOBILITY-INTERMEDIATE-V1"",""BEGINNER"":""FITT-MOBILITY-V1""}",,,,,REVIEW_REQUIRED,true,exercise-catalog-v1.0.0,NEX-000135,햄스트링 스트레칭,leg up hamstring stretch,leg up hamstring stretch,MOBILITY,MOBILITY,"[""KNEE""]","[""HIP""]","[""KNEE"",""HIP""]",DURATION,,,30-60,,15-30,LIGHT,leg_up_hamstring_stretch_mobility_stretch_bodyweight,REVIEW_REQUIRED,true
V1_ALIAS,exercise-catalog-v2.0.2-draft,,,,,,,,BEGINNER,APPROVED,,,,,,,,,,,,,,,,,false,"[""BEGINNER"",""INTERMEDIATE""]","{""INTERMEDIATE"":""FITT-MOBILITY-INTERMEDIATE-V1"",""BEGINNER"":""FITT-MOBILITY-V1""}",,,,,REVIEW_REQUIRED,true,exercise-catalog-v1.0.0,NEX-000136,러너 스트레칭,runners stretch,runners stretch,MOBILITY,MOBILITY,"[""ANKLE_FOOT"",""KNEE""]","[""HIP""]","[""ANKLE_FOOT"",""KNEE"",""HIP""]",DURATION,,,30-60,,15-30,LIGHT,runners_stretch_mobility_stretch_bodyweight,REVIEW_REQUIRED,true
V1_ALIAS,exercise-catalog-v2.0.2-draft,,,,,,,,BEGINNER,APPROVED,,,,,,,,,,,,,,,,,false,"[""BEGINNER"",""INTERMEDIATE""]","{""INTERMEDIATE"":""FITT-MOBILITY-INTERMEDIATE-V1"",""BEGINNER"":""FITT-MOBILITY-V1""}",,,,,REVIEW_REQUIRED,true,exercise-catalog-v1.0.0,NEX-000137,시티드 와이드 앵글 포즈,seated wide angle pose sequence,seated wide angle pose sequence,MOBILITY,MOBILITY,"[""HIP"",""KNEE""]",[],"[""HIP"",""KNEE""]",DURATION,,,30-60,,15-30,LIGHT,seated_wide_angle_stretch_mobility_stretch_bodyweight,REVIEW_REQUIRED,true
V1_ALIAS,exercise-catalog-v2.0.2-draft,,,,,,,,BEGINNER,APPROVED,,,,,,,,,,,,,,,,,false,"[""BEGINNER"",""INTERMEDIATE""]","{""INTERMEDIATE"":""FITT-MOBILITY-INTERMEDIATE-V1"",""BEGINNER"":""FITT-MOBILITY-V1""}",,,,,REVIEW_REQUIRED,true,exercise-catalog-v1.0.0,NEX-000138,허벅지와 종아리 스트레칭,standing hamstring and calf stretch with strap,standing hamstring and calf stretch with strap,MOBILITY,MOBILITY,"[""KNEE"",""ANKLE_FOOT""]","[""HIP""]","[""KNEE"",""ANKLE_FOOT"",""HIP""]",DURATION,,,30-60,,15-30,LIGHT,standing_hamstring_calf_strap_stretch_mobility_stretch_stretch_strap,REVIEW_REQUIRED,true
V1_ALIAS,exercise-catalog-v2.0.2-draft,,,,,,,,BEGINNER,APPROVED,,,,,,,,,,,,,,,,,false,"[""BEGINNER"",""INTERMEDIATE""]","{""INTERMEDIATE"":""FITT-MOBILITY-INTERMEDIATE-V1"",""BEGINNER"":""FITT-MOBILITY-V1""}",,,,,REVIEW_REQUIRED,true,exercise-catalog-v1.0.0,NEX-000139,그레이티스트 스트레칭,world greatest stretch,world greatest stretch,MOBILITY,MOBILITY,"[""HIP"",""KNEE""]","[""ANKLE_FOOT""]","[""HIP"",""KNEE"",""ANKLE_FOOT""]",DURATION,,,30-60,,15-30,LIGHT,world_greatest_stretch_mobility_stretch_bodyweight,REVIEW_REQUIRED,true
V1_ALIAS,exercise-catalog-v2.0.2-draft,,,,,,,,BEGINNER,APPROVED,,,,,,,,,,,,,,,,,false,"[""BEGINNER"",""INTERMEDIATE""]","{""INTERMEDIATE"":""FITT-ISOLATION-STRENGTH-INTERMEDIATE-V1"",""BEGINNER"":""FITT-ISOLATION-STRENGTH-V1""}",,,,,REVIEW_REQUIRED,true,exercise-catalog-v1.0.0,NEX-000140,덤벨 해머 프리처 컬,dumbbell alternate hammer preacher curl,dumbbell alternate hammer preacher curl,STRENGTH,BICEPS,"[""ELBOW""]","[""WRIST_HAND""]","[""ELBOW"",""WRIST_HAND""]",REPS,3,10-15,,60-90,,MODERATE,dumbbell_preacher_curl_isolation_dumbbell,REVIEW_REQUIRED,true
V1_ALIAS,exercise-catalog-v2.0.2-draft,,,,,,,,BEGINNER,APPROVED,,,,,,,,,,,,,,,,,false,"[""BEGINNER"",""INTERMEDIATE""]","{""INTERMEDIATE"":""FITT-ISOLATION-STRENGTH-INTERMEDIATE-V1"",""BEGINNER"":""FITT-ISOLATION-STRENGTH-V1""}",,,,,REVIEW_REQUIRED,true,exercise-catalog-v1.0.0,NEX-000141,덤벨 프리처 컬,dumbbell alternate preacher curl,dumbbell alternate preacher curl,STRENGTH,BICEPS,"[""ELBOW""]","[""WRIST_HAND""]","[""ELBOW"",""WRIST_HAND""]",REPS,3,10-15,,60-90,,MODERATE,dumbbell_preacher_curl_isolation_dumbbell,REVIEW_REQUIRED,true
V1_ALIAS,exercise-catalog-v2.0.2-draft,,,,,,,,BEGINNER,APPROVED,,,,,,,,,,,,,,,,,false,"[""BEGINNER"",""INTERMEDIATE""]","{""INTERMEDIATE"":""FITT-COMPOUND-SQUAT-INTERMEDIATE-V1"",""BEGINNER"":""FITT-COMPOUND-SQUAT-V1""}",,,,,REVIEW_REQUIRED,true,exercise-catalog-v1.0.0,NEX-000142,덤벨 고블릿 스쿼트,dumbbell goblet squat,dumbbell goblet squat,STRENGTH,QUADRICEPS,"[""KNEE"",""HIP""]","[""ANKLE_FOOT""]","[""KNEE"",""HIP"",""ANKLE_FOOT""]",REPS,3,8-12,,90,,MODERATE,dumbbell_goblet_squat_knee_dominant_dumbbell,REVIEW_REQUIRED,true
V1_ALIAS,exercise-catalog-v2.0.2-draft,,,,,,,,BEGINNER,APPROVED,,,,,,,,,,,,,,,,,false,"[""BEGINNER"",""INTERMEDIATE""]","{""INTERMEDIATE"":""FITT-CARDIO-INTERMEDIATE-V1"",""BEGINNER"":""FITT-CARDIO-V1""}",,,,,REVIEW_REQUIRED,true,exercise-catalog-v1.0.0,NEX-000143,실내 자전거 타기,stationary bike run v. 3,stationary bike run v. 3,CARDIO,CARDIO,"[""KNEE"",""HIP""]","[""ANKLE_FOOT""]","[""KNEE"",""HIP"",""ANKLE_FOOT""]",DURATION,,,1200-2400,,,MODERATE,cardio_cycling_stationary_bike,REVIEW_REQUIRED,true
V1_ALIAS,exercise-catalog-v2.0.2-draft,,,,,,,,BEGINNER,APPROVED,,,,,,,,,,,,,,,,,false,"[""BEGINNER"",""INTERMEDIATE""]","{""INTERMEDIATE"":""FITT-CARDIO-INTERMEDIATE-V1"",""BEGINNER"":""FITT-CARDIO-V1""}",,,,,REVIEW_REQUIRED,true,exercise-catalog-v1.0.0,NEX-000144,일립티컬,walk elliptical cross trainer,walk elliptical cross trainer,CARDIO,CARDIO,"[""KNEE"",""HIP""]","[""ANKLE_FOOT""]","[""KNEE"",""HIP"",""ANKLE_FOOT""]",DURATION,,,1200-2400,,,MODERATE,cardio_elliptical_elliptical_machine,REVIEW_REQUIRED,true
V1_ALIAS,exercise-catalog-v2.0.2-draft,,,,,,,,BEGINNER,APPROVED,,,,,,,,,,,,,,,,,false,"[""BEGINNER"",""INTERMEDIATE""]","{""INTERMEDIATE"":""FITT-MOBILITY-INTERMEDIATE-V1"",""BEGINNER"":""FITT-MOBILITY-V1""}",,,,,REVIEW_REQUIRED,true,exercise-catalog-v1.0.0,NEX-000145,폼롤러 힙 스트레칭,roller hip stretch,roller hip stretch,MOBILITY,MOBILITY,"[""HIP""]","[""LOWER_BACK""]","[""HIP"",""LOWER_BACK""]",DURATION,,,30-60,,15-30,LIGHT,roller_hip_stretch_mobility_stretch_foam_roller,REVIEW_REQUIRED,true
V1_ALIAS,exercise-catalog-v2.0.2-draft,,,,,,,,BEGINNER,APPROVED,,,,,,,,,,,,,,,,,false,"[""BEGINNER"",""INTERMEDIATE""]","{""INTERMEDIATE"":""FITT-CORE-DYNAMIC-INTERMEDIATE-V1"",""BEGINNER"":""FITT-CORE-DYNAMIC-V1""}",,,,,REVIEW_REQUIRED,true,exercise-catalog-v1.0.0,NEX-000146,폼롤러 리버스 크런치,roller reverse crunch,roller reverse crunch,STRENGTH,CORE,"[""ABDOMEN""]","[""LOWER_BACK""]","[""ABDOMEN"",""LOWER_BACK""]",DURATION,2-3,,30-45,45-60,,LIGHT_MODERATE,bodyweight_reverse_crunch_core_brace_bodyweight,REVIEW_REQUIRED,true
V1_ALIAS,exercise-catalog-v2.0.2-draft,,,,,,,,BEGINNER,APPROVED,,,,,,,,,,,,,,,,,false,"[""BEGINNER"",""INTERMEDIATE""]","{""INTERMEDIATE"":""FITT-MOBILITY-INTERMEDIATE-V1"",""BEGINNER"":""FITT-MOBILITY-V1""}",,,,,REVIEW_REQUIRED,true,exercise-catalog-v1.0.0,NEX-000147,폼롤러 등 스트레칭,roller back stretch,roller back stretch,MOBILITY,MOBILITY,"[""UPPER_BACK""]","[""LOWER_BACK""]","[""UPPER_BACK"",""LOWER_BACK""]",DURATION,,,30-60,,15-30,LIGHT,roller_back_stretch_mobility_stretch_foam_roller,REVIEW_REQUIRED,true
V1_ALIAS,exercise-catalog-v2.0.2-draft,,,,,,,,INTERMEDIATE,APPROVED,,,,,,,,,,,,,,,,,false,"[""INTERMEDIATE""]","{""INTERMEDIATE"":""FITT-ISOLATION-STRENGTH-INTERMEDIATE-V1""}",,,,,REVIEW_REQUIRED,true,exercise-catalog-v1.0.0,NEX-000148,풀오버,lever pullover,lever pullover,STRENGTH,BACK,"[""UPPER_BACK""]","[""CHEST"",""ELBOW""]","[""UPPER_BACK"",""CHEST"",""ELBOW""]",REPS,3,10-15,,60-90,,MODERATE,barbell_pullover_isolation_barbell,REVIEW_REQUIRED,true
V1_ALIAS,exercise-catalog-v2.0.2-draft,,,,,,,,BEGINNER,APPROVED,,,,,,,,,,,,,,,,,false,"[""BEGINNER"",""INTERMEDIATE""]","{""INTERMEDIATE"":""FITT-ISOLATION-STRENGTH-INTERMEDIATE-V1"",""BEGINNER"":""FITT-ISOLATION-STRENGTH-V1""}",,,,,REVIEW_REQUIRED,true,exercise-catalog-v1.0.0,NEX-000149,덤벨 스탠딩 조트만 프리처 컬,dumbbell standing zottman preacher curl,dumbbell standing zottman preacher curl,STRENGTH,BICEPS,"[""ELBOW""]","[""WRIST_HAND""]","[""ELBOW"",""WRIST_HAND""]",REPS,3,10-15,,60-90,,MODERATE,dumbbell_preacher_curl_isolation_dumbbell,REVIEW_REQUIRED,true
V1_ALIAS,exercise-catalog-v2.0.2-draft,,,,,,,,INTERMEDIATE,APPROVED,,,,,,,,,,,,,,,,,false,"[""INTERMEDIATE""]","{""INTERMEDIATE"":""FITT-COMPOUND-PULL-INTERMEDIATE-V1""}",,,,,REVIEW_REQUIRED,true,exercise-catalog-v1.0.0,NEX-000150,인버티드 로우 온 벤치,inverted row on bench,inverted row on bench,STRENGTH,BACK,"[""UPPER_BACK""]","[""ELBOW"",""SHOULDER""]","[""UPPER_BACK"",""ELBOW"",""SHOULDER""]",REPS,3,8-12,,90,,MODERATE,inverted_row_horizontal_pull_bodyweight,REVIEW_REQUIRED,true
V1_ALIAS,exercise-catalog-v2.0.2-draft,,,,,,,,INTERMEDIATE,APPROVED,,,,,,,,,,,,,,,,,false,"[""INTERMEDIATE""]","{""INTERMEDIATE"":""FITT-CARDIO-INTERMEDIATE-V1""}",,,,,REVIEW_REQUIRED,true,exercise-catalog-v1.0.0,NEX-000151,러닝머신,walking on stepmill,walking on stepmill,CARDIO,CARDIO,"[""ANKLE_FOOT"",""KNEE""]","[""HIP""]","[""ANKLE_FOOT"",""KNEE"",""HIP""]",DURATION,,,1200-2400,,,MODERATE,cardio_gait_machine_rex_000071,REVIEW_REQUIRED,true
V1_ALIAS,exercise-catalog-v2.0.2-draft,,,,,,,,BEGINNER,APPROVED,,,,,,,,,,,,,,,,,false,"[""BEGINNER"",""INTERMEDIATE""]","{""INTERMEDIATE"":""FITT-MOBILITY-INTERMEDIATE-V1"",""BEGINNER"":""FITT-MOBILITY-V1""}",,,,,REVIEW_REQUIRED,true,exercise-catalog-v1.0.0,NEX-000152,척추 트위스트,spine twist,spine twist,MOBILITY,MOBILITY,"[""UPPER_BACK"",""LOWER_BACK""]","[""ABDOMEN""]","[""UPPER_BACK"",""LOWER_BACK"",""ABDOMEN""]",DURATION,,,30-60,,15-30,LIGHT,spine_twist_mobility_stretch_bodyweight,REVIEW_REQUIRED,true
V1_ALIAS,exercise-catalog-v2.0.2-draft,,,,,,,,BEGINNER,APPROVED,,,,,,,,,,,,,,,,,false,"[""BEGINNER"",""INTERMEDIATE""]","{""INTERMEDIATE"":""FITT-ISOLATION-STRENGTH-INTERMEDIATE-V1"",""BEGINNER"":""FITT-ISOLATION-STRENGTH-V1""}",,,,,REVIEW_REQUIRED,true,exercise-catalog-v1.0.0,NEX-000153,시티드 카프 프레스,lever seated calf press,lever seated calf press,STRENGTH,CALVES,"[""ANKLE_FOOT""]","[""KNEE""]","[""ANKLE_FOOT"",""KNEE""]",REPS,3,10-15,,60-90,,MODERATE,seated_calf_raise_isolation_barbell,REVIEW_REQUIRED,true
V1_ALIAS,exercise-catalog-v2.0.2-draft,,,,,,,,INTERMEDIATE,APPROVED,,,,,,,,,,,,,,,,,false,"[""INTERMEDIATE""]","{""INTERMEDIATE"":""FITT-COMPOUND-LUNGE-INTERMEDIATE-V1""}",,,,,REVIEW_REQUIRED,true,exercise-catalog-v1.0.0,NEX-000154,스플릿 스쿼트,split squats,split squats,STRENGTH,QUADRICEPS,"[""KNEE"",""HIP""]","[""ANKLE_FOOT""]","[""KNEE"",""HIP"",""ANKLE_FOOT""]",REPS,3,8-12,,90,,MODERATE,bodyweight_split_squat_knee_dominant_bodyweight,REVIEW_REQUIRED,true
V1_ALIAS,exercise-catalog-v2.0.2-draft,,,,,,,,INTERMEDIATE,APPROVED,,,,,,,,,,,,,,,,,false,"[""INTERMEDIATE""]","{""INTERMEDIATE"":""FITT-CORE-DYNAMIC-INTERMEDIATE-V1""}",,,,,REVIEW_REQUIRED,true,exercise-catalog-v1.0.0,NEX-000155,중량 러시안 트위스트,weighted russian twist v. 2,weighted russian twist v. 2,STRENGTH,CORE,"[""ABDOMEN""]","[""LOWER_BACK""]","[""ABDOMEN"",""LOWER_BACK""]",DURATION,2-3,,30-45,45-60,,LIGHT_MODERATE,bodyweight_russian_twist_core_brace_bodyweight,REVIEW_REQUIRED,true
V1_ALIAS,exercise-catalog-v2.0.2-draft,,,,,,,,BEGINNER,APPROVED,,,,,,,,,,,,,,,,,false,"[""BEGINNER"",""INTERMEDIATE""]","{""INTERMEDIATE"":""FITT-ISOLATION-STRENGTH-INTERMEDIATE-V1"",""BEGINNER"":""FITT-ISOLATION-STRENGTH-V1""}",,,,,REVIEW_REQUIRED,true,exercise-catalog-v1.0.0,NEX-000156,인버스 레그 컬,inverse leg curl (on pull-up cable machine),inverse leg curl (on pull-up cable machine),STRENGTH,HAMSTRINGS,"[""KNEE""]","[""HIP""]","[""KNEE"",""HIP""]",REPS,3,10-15,,60-90,,MODERATE,seated_leg_curl_knee_flexion_machine,REVIEW_REQUIRED,true
V1_ALIAS,exercise-catalog-v2.0.2-draft,,,,,,,,BEGINNER,APPROVED,,,,,,,,,,,,,,,,,false,"[""BEGINNER"",""INTERMEDIATE""]","{""INTERMEDIATE"":""FITT-MOBILITY-INTERMEDIATE-V1"",""BEGINNER"":""FITT-MOBILITY-V1""}",,,,,REVIEW_REQUIRED,true,exercise-catalog-v1.0.0,NEX-000157,고관절 스트레칭,seated piriformis stretch,seated piriformis stretch,MOBILITY,MOBILITY,"[""HIP""]","[""KNEE""]","[""HIP"",""KNEE""]",DURATION,,,30-60,,15-30,LIGHT,seated_piriformis_stretch_mobility_stretch_bodyweight,REVIEW_REQUIRED,true
V1_ALIAS,exercise-catalog-v2.0.2-draft,,,,,,,,BEGINNER,APPROVED,,,,,,,,,,,,,,,,,false,"[""BEGINNER"",""INTERMEDIATE""]","{""INTERMEDIATE"":""FITT-CARDIO-INTERMEDIATE-V1"",""BEGINNER"":""FITT-CARDIO-V1""}",,,,,REVIEW_REQUIRED,true,exercise-catalog-v1.0.0,NEX-000158,점프 로프,jump rope,jump rope,CARDIO,CARDIO,"[""ANKLE_FOOT"",""KNEE""]","[""HIP""]","[""ANKLE_FOOT"",""KNEE"",""HIP""]",DURATION,,,1200-2400,,,MODERATE,cardio_jump_plyometric_jump_rope,REVIEW_REQUIRED,true
V1_ALIAS,exercise-catalog-v2.0.2-draft,,,,,,,,BEGINNER,APPROVED,,,,,,,,,,,,,,,,,false,"[""BEGINNER"",""INTERMEDIATE""]","{""INTERMEDIATE"":""FITT-COMPOUND-LUNGE-INTERMEDIATE-V1"",""BEGINNER"":""FITT-COMPOUND-LUNGE-V1""}",,,,,REVIEW_REQUIRED,true,exercise-catalog-v1.0.0,NEX-000159,덤벨 스텝업 런지,dumbbell step-up lunge,dumbbell step-up lunge,STRENGTH,QUADRICEPS,"[""KNEE"",""HIP""]","[""ANKLE_FOOT""]","[""KNEE"",""HIP"",""ANKLE_FOOT""]",REPS,3,8-12,,90,,MODERATE,dumbbell_step_up_lunge_knee_dominant_dumbbell_step_box,REVIEW_REQUIRED,true
V1_ALIAS,exercise-catalog-v2.0.2-draft,,,,,,,,BEGINNER,APPROVED,,,,,,,,,,,,,,,,,false,"[""BEGINNER"",""INTERMEDIATE""]","{""INTERMEDIATE"":""FITT-ISOLATION-STRENGTH-INTERMEDIATE-V1"",""BEGINNER"":""FITT-ISOLATION-STRENGTH-V1""}",,,,,REVIEW_REQUIRED,true,exercise-catalog-v1.0.0,NEX-000160,밴드 레그 익스텐션,resistance band leg extension,resistance band leg extension,STRENGTH,QUADRICEPS,"[""KNEE""]","[""HIP""]","[""KNEE"",""HIP""]",REPS,3,10-15,,60-90,,MODERATE,machine_leg_extension_isolation_machine,REVIEW_REQUIRED,true
V1_ALIAS,exercise-catalog-v2.0.2-draft,,,,,,,,INTERMEDIATE,APPROVED,,,,,,,,,,,,,,,,,false,"[""INTERMEDIATE""]","{""INTERMEDIATE"":""FITT-ISOLATION-STRENGTH-INTERMEDIATE-V1""}",,,,,REVIEW_REQUIRED,true,exercise-catalog-v1.0.0,NEX-000161,라잉 벤트 암 풀오버,ez bar lying bent arms pullover,ez bar lying bent arms pullover,STRENGTH,BACK,"[""UPPER_BACK""]","[""CHEST"",""ELBOW""]","[""UPPER_BACK"",""CHEST"",""ELBOW""]",REPS,3,10-15,,60-90,,MODERATE,barbell_pullover_isolation_barbell,REVIEW_REQUIRED,true
V1_ALIAS,exercise-catalog-v2.0.2-draft,,,,,,,,BEGINNER,APPROVED,,,,,,,,,,,,,,,,,false,"[""BEGINNER"",""INTERMEDIATE""]","{""INTERMEDIATE"":""FITT-COMPOUND-HINGE-INTERMEDIATE-V1"",""BEGINNER"":""FITT-COMPOUND-HINGE-V1""}",,,,,REVIEW_REQUIRED,true,exercise-catalog-v1.0.0,NEX-000162,바닥 글루트 브릿지,low glute bridge on floor,low glute bridge on floor,STRENGTH,GLUTES,"[""HIP""]","[""KNEE"",""LOWER_BACK""]","[""HIP"",""KNEE"",""LOWER_BACK""]",REPS,2,8-15,,60,,LIGHT_MODERATE,bodyweight_glute_bridge_hip_dominant_bodyweight,REVIEW_REQUIRED,true
V1_ALIAS,exercise-catalog-v2.0.2-draft,,,,,,,,INTERMEDIATE,APPROVED,,,,,,,,,,,,,,,,,false,"[""INTERMEDIATE""]","{""INTERMEDIATE"":""FITT-COMPOUND-PUSH-INTERMEDIATE-V1""}",,,,,REVIEW_REQUIRED,true,exercise-catalog-v1.0.0,NEX-000163,밴드 시티드 숄더 프레스,resistance band seated shoulder press,resistance band seated shoulder press,STRENGTH,SHOULDERS,"[""SHOULDER""]","[""ELBOW""]","[""SHOULDER"",""ELBOW""]",REPS,3,8-12,,90,,MODERATE,seated_shoulder_press_vertical_push_dumbbell,REVIEW_REQUIRED,true
V1_ALIAS,exercise-catalog-v2.0.2-draft,,,,,,,,BEGINNER,APPROVED,,,,,,,,,,,,,,,,,false,"[""BEGINNER"",""INTERMEDIATE""]","{""INTERMEDIATE"":""FITT-CARDIO-INTERMEDIATE-V1"",""BEGINNER"":""FITT-CARDIO-V1""}",,,,,REVIEW_REQUIRED,true,exercise-catalog-v1.0.0,NEX-000164,점핑 잭(팔 벌려 뛰기),jack jump (male),jack jump (male),CARDIO,CARDIO,"[""ANKLE_FOOT"",""KNEE""]","[""HIP"",""SHOULDER""]","[""ANKLE_FOOT"",""KNEE"",""HIP"",""SHOULDER""]",DURATION,,,1200-2400,,,MODERATE,cardio_jump_plyometric_bodyweight,REVIEW_REQUIRED,true
V1_ALIAS,exercise-catalog-v2.0.2-draft,,,,,,,,INTERMEDIATE,APPROVED,,,,,,,,,,,,,,,,,false,"[""INTERMEDIATE""]","{""INTERMEDIATE"":""FITT-COMPOUND-LUNGE-INTERMEDIATE-V1""}",,,,,REVIEW_REQUIRED,true,exercise-catalog-v1.0.0,NEX-000165,런지,forward lunge (male),forward lunge (male),STRENGTH,GLUTES,"[""HIP"",""KNEE""]","[""ANKLE_FOOT""]","[""HIP"",""KNEE"",""ANKLE_FOOT""]",REPS,3,8-12,,90,,MODERATE,bodyweight_forward_lunge_knee_dominant_bodyweight,REVIEW_REQUIRED,true
V1_ALIAS,exercise-catalog-v2.0.2-draft,,,,,,,,INTERMEDIATE,APPROVED,,,,,,,,,,,,,,,,,false,"[""INTERMEDIATE""]","{""INTERMEDIATE"":""FITT-ISOLATION-STRENGTH-INTERMEDIATE-V1""}",,,,,REVIEW_REQUIRED,true,exercise-catalog-v1.0.0,NEX-000166,덤벨 인클라인 와이-레이즈,dumbbell incline y-raise,dumbbell incline y-raise,STRENGTH,BACK,"[""UPPER_BACK""]","[""SHOULDER"",""ELBOW""]","[""UPPER_BACK"",""SHOULDER"",""ELBOW""]",REPS,3,10-15,,60-90,,MODERATE,incline_y_raise_isolation_dumbbell,REVIEW_REQUIRED,true
V1_ALIAS,exercise-catalog-v2.0.2-draft,,,,,,,,INTERMEDIATE,APPROVED,,,,,,,,,,,,,,,,,false,"[""INTERMEDIATE""]","{""INTERMEDIATE"":""FITT-COMPOUND-LUNGE-INTERMEDIATE-V1""}",,,,,REVIEW_REQUIRED,true,exercise-catalog-v1.0.0,NEX-000167,덤벨 크로스 런지,dumbbell contralateral forward lunge,dumbbell contralateral forward lunge,STRENGTH,GLUTES,"[""HIP"",""KNEE""]","[""ANKLE_FOOT""]","[""HIP"",""KNEE"",""ANKLE_FOOT""]",REPS,3,8-12,,90,,MODERATE,bodyweight_forward_lunge_knee_dominant_bodyweight,REVIEW_REQUIRED,true
V1_ALIAS,exercise-catalog-v2.0.2-draft,,,,,,,,BEGINNER,APPROVED,,,,,,,,,,,,,,,,,false,"[""BEGINNER"",""INTERMEDIATE""]","{""INTERMEDIATE"":""FITT-CARDIO-INTERMEDIATE-V1"",""BEGINNER"":""FITT-CARDIO-V1""}",,,,,REVIEW_REQUIRED,true,exercise-catalog-v1.0.0,NEX-000168,벽 짚고 무릎 올리기,high knee against wall,high knee against wall,CARDIO,CARDIO,"[""KNEE"",""HIP""]","[""ANKLE_FOOT""]","[""KNEE"",""HIP"",""ANKLE_FOOT""]",DURATION,,,1200-2400,,,MODERATE,cardio_gait_bodyweight_rex_000058,REVIEW_REQUIRED,true
V1_ALIAS,exercise-catalog-v2.0.2-draft,,,,,,,,BEGINNER,APPROVED,,,,,,,,,,,,,,,,,false,"[""BEGINNER"",""INTERMEDIATE""]","{""INTERMEDIATE"":""FITT-CARDIO-INTERMEDIATE-V1"",""BEGINNER"":""FITT-CARDIO-V1""}",,,,,REVIEW_REQUIRED,true,exercise-catalog-v1.0.0,NEX-000169,조깅,short stride run,short stride run,CARDIO,CARDIO,"[""ANKLE_FOOT"",""KNEE""]","[""HIP""]","[""ANKLE_FOOT"",""KNEE"",""HIP""]",DURATION,,,1200-2400,,,MODERATE,cardio_gait_bodyweight_rex_000065,REVIEW_REQUIRED,true
V1_ALIAS,exercise-catalog-v2.0.2-draft,,,,,,,,BEGINNER,APPROVED,,,,,,,,,,,,,,,,,false,"[""BEGINNER"",""INTERMEDIATE""]","{""INTERMEDIATE"":""FITT-CARDIO-INTERMEDIATE-V1"",""BEGINNER"":""FITT-CARDIO-V1""}",,,,,REVIEW_REQUIRED,true,exercise-catalog-v1.0.0,NEX-000170,인클라인 트레드밀,walking on incline treadmill,walking on incline treadmill,CARDIO,CARDIO,"[""ANKLE_FOOT"",""KNEE""]","[""HIP""]","[""ANKLE_FOOT"",""KNEE"",""HIP""]",DURATION,,,1200-2400,,,MODERATE,cardio_gait_machine,REVIEW_REQUIRED,true
V1_ALIAS,exercise-catalog-v2.0.2-draft,,,,,,,,BEGINNER,APPROVED,,,,,,,,,,,,,,,,,false,"[""BEGINNER"",""INTERMEDIATE""]","{""INTERMEDIATE"":""FITT-CARDIO-INTERMEDIATE-V1"",""BEGINNER"":""FITT-CARDIO-V1""}",,,,,REVIEW_REQUIRED,true,exercise-catalog-v1.0.0,NEX-000171,앞뒤 스텝,back and forth step,back and forth step,CARDIO,CARDIO,"[""ANKLE_FOOT"",""KNEE""]","[""HIP""]","[""ANKLE_FOOT"",""KNEE"",""HIP""]",DURATION,,,1200-2400,,,MODERATE,cardio_gait_bodyweight,REVIEW_REQUIRED,true
V1_ALIAS,exercise-catalog-v2.0.2-draft,,,,,,,,BEGINNER,APPROVED,,,,,,,,,,,,,,,,,false,"[""BEGINNER"",""INTERMEDIATE""]","{""INTERMEDIATE"":""FITT-CARDIO-INTERMEDIATE-V1"",""BEGINNER"":""FITT-CARDIO-V1""}",,,,,REVIEW_REQUIRED,true,exercise-catalog-v1.0.0,NEX-000172,스텝박스,stepbox,스텝박스 오르내리기,CARDIO,CARDIO,"[""ANKLE_FOOT"",""KNEE""]","[""HIP""]","[""ANKLE_FOOT"",""KNEE"",""HIP""]",DURATION,,,1200-2400,,,MODERATE,cardio_gait_step_box,REVIEW_REQUIRED,true
V1_ALIAS,exercise-catalog-v2.0.2-draft,,,,,,,,BEGINNER,APPROVED,,,,,,,,,,,,,,,,,false,"[""BEGINNER"",""INTERMEDIATE""]","{""INTERMEDIATE"":""FITT-CORE-DYNAMIC-INTERMEDIATE-V1"",""BEGINNER"":""FITT-CORE-DYNAMIC-V1""}",,,,,REVIEW_REQUIRED,true,exercise-catalog-v1.0.0,NEX-000173,한발 서서 균형잡기,한발 서서 균형잡기,한발 서서 균형잡기,STRENGTH,GLUTES,"[""HIP""]","[""ANKLE_FOOT"",""KNEE""]","[""HIP"",""ANKLE_FOOT"",""KNEE""]",DURATION,2-3,,30-45,45-60,,LIGHT_MODERATE,mobility_balance_bodyweight,REVIEW_REQUIRED,true
V1_ALIAS,exercise-catalog-v2.0.2-draft,,,,,,,,BEGINNER,APPROVED,,,,,,,,,,,,,,,,,false,"[""BEGINNER"",""INTERMEDIATE""]","{""INTERMEDIATE"":""FITT-ISOLATION-STRENGTH-INTERMEDIATE-V1"",""BEGINNER"":""FITT-ISOLATION-STRENGTH-V1""}",,,,,REVIEW_REQUIRED,true,exercise-catalog-v1.0.0,NEX-000174,의자 잡고 무릎 들어올리기,Standing Knee Raise with Chair Support,의자잡고 전방으로 무릎 굽혀 들기,STRENGTH,QUADRICEPS,"[""KNEE""]","[""HIP"",""ANKLE_FOOT""]","[""KNEE"",""HIP"",""ANKLE_FOOT""]",REPS,2,8-15,,60,,LIGHT_MODERATE,hip_flexion_isolation_bodyweight,REVIEW_REQUIRED,true
V1_ALIAS,exercise-catalog-v2.0.2-draft,,,,,,,,BEGINNER,APPROVED,,,,,,,,,,,,,,,,,false,"[""BEGINNER"",""INTERMEDIATE""]","{""INTERMEDIATE"":""FITT-ISOLATION-STRENGTH-INTERMEDIATE-V1"",""BEGINNER"":""FITT-ISOLATION-STRENGTH-V1""}",,,,,REVIEW_REQUIRED,true,exercise-catalog-v1.0.0,NEX-000175,짐볼 다리 조이기,Exercise Ball Leg Squeeze,의자에 앉아 다리로 짐볼 쥐기,STRENGTH,QUADRICEPS,"[""KNEE""]","[""HIP""]","[""KNEE"",""HIP""]",REPS,3,10-15,,60-90,,MODERATE,hip_adduction_isolation_stability_ball,REVIEW_REQUIRED,true
V1_ALIAS,exercise-catalog-v2.0.2-draft,,,,,,,,BEGINNER,APPROVED,,,,,,,,,,,,,,,,,false,"[""BEGINNER"",""INTERMEDIATE""]","{""INTERMEDIATE"":""FITT-ISOLATION-STRENGTH-INTERMEDIATE-V1"",""BEGINNER"":""FITT-ISOLATION-STRENGTH-V1""}",,,,,REVIEW_REQUIRED,true,exercise-catalog-v1.0.0,NEX-000176,밴드 레그 프레스,Band Leg Press,밴드 잡고 누워서 다리 밀기,STRENGTH,QUADRICEPS,"[""KNEE""]","[""HIP""]","[""KNEE"",""HIP""]",REPS,3,10-15,,60-90,,MODERATE,leg_press_knee_dominant_resistance_band,REVIEW_REQUIRED,true
V1_ALIAS,exercise-catalog-v2.0.2-draft,,,,,,,,BEGINNER,APPROVED,,,,,,,,,,,,,,,,,false,"[""BEGINNER"",""INTERMEDIATE""]","{""INTERMEDIATE"":""FITT-CORE-DYNAMIC-INTERMEDIATE-V1"",""BEGINNER"":""FITT-CORE-DYNAMIC-V1""}",,,,,REVIEW_REQUIRED,true,exercise-catalog-v1.0.0,NEX-000177,누워서 복부 수축하기,Supine Abdominal Contraction,누워서 배가로근 수축1,STRENGTH,CORE,"[""ABDOMEN""]","[""LOWER_BACK""]","[""ABDOMEN"",""LOWER_BACK""]",DURATION,2-3,,30-45,45-60,,LIGHT_MODERATE,abs_core_brace_core_brace_mat,REVIEW_REQUIRED,true
V1_ALIAS,exercise-catalog-v2.0.2-draft,,,,,,,,BEGINNER,APPROVED,,,,,,,,,,,,,,,,,false,"[""BEGINNER"",""INTERMEDIATE""]","{""INTERMEDIATE"":""FITT-ISOLATION-STRENGTH-INTERMEDIATE-V1"",""BEGINNER"":""FITT-ISOLATION-STRENGTH-V1""}",,,,,REVIEW_REQUIRED,true,exercise-catalog-v1.0.0,NEX-000178,시티드 밴드 풀어파트,Seated Band Pull-Apart,의자에 앉아 밴드 양옆으로 늘이기,STRENGTH,BACK,"[""UPPER_BACK""]","[""SHOULDER"",""ELBOW""]","[""UPPER_BACK"",""SHOULDER"",""ELBOW""]",REPS,3,10-15,,60-90,,MODERATE,upper_back_isolation_isolation_resistance_band,REVIEW_REQUIRED,true
V1_ALIAS,exercise-catalog-v2.0.2-draft,,,,,,,,BEGINNER,APPROVED,,,,,,,,,,,,,,,,,false,"[""BEGINNER"",""INTERMEDIATE""]","{""INTERMEDIATE"":""FITT-CORE-DYNAMIC-PER-SIDE-INTERMEDIATE-V1"",""BEGINNER"":""FITT-CORE-DYNAMIC-PER-SIDE-V1""}",,,,,REVIEW_REQUIRED,true,exercise-catalog-v1.0.0,NEX-000179,버드독,Bird Dog,네발기기 자세에서 팔 다리 들기,STRENGTH,CORE,"[""ABDOMEN""]","[""LOWER_BACK"",""HIP"",""SHOULDER""]","[""ABDOMEN"",""LOWER_BACK"",""HIP"",""SHOULDER""]",DURATION,2-3,,30-45,45-60,,LIGHT_MODERATE,spine_core_brace_core_brace_mat,REVIEW_REQUIRED,true
V1_ALIAS,exercise-catalog-v2.0.2-draft,,,,,,,,BEGINNER,APPROVED,,,,,,,,,,,,,,,,,false,"[""BEGINNER"",""INTERMEDIATE""]","{""INTERMEDIATE"":""FITT-ISOLATION-STRENGTH-INTERMEDIATE-V1"",""BEGINNER"":""FITT-ISOLATION-STRENGTH-V1""}",,,,,REVIEW_REQUIRED,true,exercise-catalog-v1.0.0,NEX-000180,의자 잡고 레그 컬,Standing Leg Curl with Chair Support,의자잡고 후방으로 무릎 굽혀 들기,STRENGTH,HAMSTRINGS,"[""KNEE""]","[""HIP""]","[""KNEE"",""HIP""]",REPS,2,8-15,,60,,LIGHT_MODERATE,seated_leg_curl_knee_flexion_machine,REVIEW_REQUIRED,true
V1_ALIAS,exercise-catalog-v2.0.2-draft,,,,,,,,BEGINNER,APPROVED,,,,,,,,,,,,,,,,,false,"[""BEGINNER"",""INTERMEDIATE""]","{""INTERMEDIATE"":""FITT-ISOLATION-STRENGTH-INTERMEDIATE-V1"",""BEGINNER"":""FITT-ISOLATION-STRENGTH-V1""}",,,,,REVIEW_REQUIRED,true,exercise-catalog-v1.0.0,NEX-000181,앉아서 고관절 굽히기,seated knee raise,앉아서 엉덩관절 굽히기,STRENGTH,QUADRICEPS,"[""KNEE""]","[""HIP""]","[""KNEE"",""HIP""]",REPS,2,8-15,,60,,LIGHT_MODERATE,hip_flexion_isolation_bodyweight_rex_000064,REVIEW_REQUIRED,true
V1_ALIAS,exercise-catalog-v2.0.2-draft,,,,,,,,BEGINNER,APPROVED,,,,,,,,,,,,,,,,,false,"[""BEGINNER"",""INTERMEDIATE""]","{""INTERMEDIATE"":""FITT-COMPOUND-PUSH-INTERMEDIATE-V1"",""BEGINNER"":""FITT-COMPOUND-PUSH-V1""}",,,,,REVIEW_REQUIRED,true,exercise-catalog-v1.0.0,NEX-000182,시티드 벤치프레스,Seated Bench Press,Seated Bench Press,STRENGTH,CHEST,"[""CHEST""]","[""SHOULDER"",""ELBOW""]","[""CHEST"",""SHOULDER"",""ELBOW""]",REPS,3,8-12,,90,,MODERATE,pectorals_horizontal_push_horizontal_push_machine,REVIEW_REQUIRED,true
V1_ALIAS,exercise-catalog-v2.0.2-draft,,,,,,,,BEGINNER,APPROVED,,,,,,,,,,,,,,,,,false,"[""BEGINNER"",""INTERMEDIATE""]","{""INTERMEDIATE"":""FITT-COMPOUND-PULL-INTERMEDIATE-V1"",""BEGINNER"":""FITT-COMPOUND-PULL-V1""}",,,,,REVIEW_REQUIRED,true,exercise-catalog-v1.0.0,NEX-000183,시티드 케이블 로우,Seated Cable Row,Seated Cable Row,STRENGTH,BACK,"[""UPPER_BACK""]","[""ELBOW"",""SHOULDER""]","[""UPPER_BACK"",""ELBOW"",""SHOULDER""]",REPS,3,8-12,,90,,MODERATE,row_variant_horizontal_pull_cable_machine,REVIEW_REQUIRED,true
V1_ALIAS,exercise-catalog-v2.0.2-draft,,,,,,,,BEGINNER,APPROVED,,,,,,,,,,,,,,,,,false,"[""BEGINNER"",""INTERMEDIATE""]","{""INTERMEDIATE"":""FITT-COMPOUND-PULL-INTERMEDIATE-V1"",""BEGINNER"":""FITT-COMPOUND-PULL-V1""}",,,,,REVIEW_REQUIRED,true,exercise-catalog-v1.0.0,NEX-000184,덤벨 델트 로우,Dumbbell rear delt row,Dumbbell rear delt row,STRENGTH,SHOULDERS,"[""SHOULDER""]","[""UPPER_BACK"",""ELBOW""]","[""SHOULDER"",""UPPER_BACK"",""ELBOW""]",REPS,3,8-12,,90,,MODERATE,row_variant_horizontal_pull_cable_machine,REVIEW_REQUIRED,true
V1_ALIAS,exercise-catalog-v2.0.2-draft,,,,,,,,BEGINNER,APPROVED,,,,,,,,,,,,,,,,,false,"[""BEGINNER"",""INTERMEDIATE""]","{""INTERMEDIATE"":""FITT-COMPOUND-PULL-INTERMEDIATE-V1"",""BEGINNER"":""FITT-COMPOUND-PULL-V1""}",,,,,REVIEW_REQUIRED,true,exercise-catalog-v1.0.0,NEX-000185,인클라인 체스트 덤벨 로우,Incline Chest-Supported Dumbbell Row,Incline Chest-Supported Dumbbell Row,STRENGTH,BACK,"[""UPPER_BACK""]","[""ELBOW"",""SHOULDER""]","[""UPPER_BACK"",""ELBOW"",""SHOULDER""]",REPS,3,8-12,,90,,MODERATE,row_variant_horizontal_pull_cable_machine,REVIEW_REQUIRED,true
V1_ALIAS,exercise-catalog-v2.0.2-draft,,,,,,,,INTERMEDIATE,APPROVED,,,,,,,,,,,,,,,,,false,"[""INTERMEDIATE""]","{""INTERMEDIATE"":""FITT-COMPOUND-HINGE-INTERMEDIATE-V1""}",,,,,REVIEW_REQUIRED,true,exercise-catalog-v1.0.0,NEX-000186,덤벨 데드리프트,Dumbbell Deadlift,Dumbbell Deadlift,STRENGTH,GLUTES,"[""HIP""]","[""KNEE"",""LOWER_BACK""]","[""HIP"",""KNEE"",""LOWER_BACK""]",REPS,3,8-12,,90,,MODERATE,barbell_deadlift_hip_dominant_barbell,REVIEW_REQUIRED,true
V1_ALIAS,exercise-catalog-v2.0.2-draft,,,,,,,,INTERMEDIATE,APPROVED,,,,,,,,,,,,,,,,,false,"[""INTERMEDIATE""]","{""INTERMEDIATE"":""FITT-CORE-DYNAMIC-INTERMEDIATE-V1""}",,,,,REVIEW_REQUIRED,true,exercise-catalog-v1.0.0,NEX-000187,케이블 우드촙,Cable Woodchoppers,Cable Woodchoppers,STRENGTH,CORE,"[""ABDOMEN""]","[""LOWER_BACK"",""SHOULDER""]","[""ABDOMEN"",""LOWER_BACK"",""SHOULDER""]",DURATION,2-3,,30-45,45-60,,LIGHT_MODERATE,rotation_variant_core_brace_cable_machine,REVIEW_REQUIRED,true
V1_ALIAS,exercise-catalog-v2.0.2-draft,,,,,,,,BEGINNER,APPROVED,,,,,,,,,,,,,,,,,false,"[""BEGINNER"",""INTERMEDIATE""]","{""INTERMEDIATE"":""FITT-ISOLATION-STRENGTH-INTERMEDIATE-V1"",""BEGINNER"":""FITT-ISOLATION-STRENGTH-V1""}",,,,,REVIEW_REQUIRED,true,exercise-catalog-v1.0.0,NEX-000188,머신 카프 프레스,Calf Press Using Leg Press Machine,Calf Press Using Leg Press Machine,STRENGTH,CALVES,"[""ANKLE_FOOT""]","[""KNEE""]","[""ANKLE_FOOT"",""KNEE""]",REPS,3,10-15,,60-90,,MODERATE,seated_calf_raise_isolation_barbell,REVIEW_REQUIRED,true
V1_ALIAS,exercise-catalog-v2.0.2-draft,,,,,,,,BEGINNER,APPROVED,,,,,,,,,,,,,,,,,false,"[""BEGINNER"",""INTERMEDIATE""]","{""INTERMEDIATE"":""FITT-COMPOUND-PULL-INTERMEDIATE-V1"",""BEGINNER"":""FITT-COMPOUND-PULL-V1""}",,,,,REVIEW_REQUIRED,true,exercise-catalog-v1.0.0,NEX-000189,하프 니링 원암 랫풀다운,1-Arm Half-Kneeling Lat Pulldown,1-Arm Half-Kneeling Lat Pulldown,STRENGTH,BACK,"[""UPPER_BACK""]","[""ELBOW"",""SHOULDER"",""ABDOMEN""]","[""UPPER_BACK"",""ELBOW"",""SHOULDER"",""ABDOMEN""]",REPS,3,8-12,,90,,MODERATE,lat_pulldown_vertical_pull_cable_machine,REVIEW_REQUIRED,true
V1_ALIAS,exercise-catalog-v2.0.2-draft,,,,,,,,BEGINNER,APPROVED,,,,,,,,,,,,,,,,,false,"[""BEGINNER"",""INTERMEDIATE""]","{""INTERMEDIATE"":""FITT-COMPOUND-PULL-INTERMEDIATE-V1"",""BEGINNER"":""FITT-COMPOUND-PULL-V1""}",,,,,REVIEW_REQUIRED,true,exercise-catalog-v1.0.0,NEX-000190,뉴트럴 그립 랫풀다운,Neutral Grip Lat Pulldown,Neutral Grip Lat Pulldown,STRENGTH,BACK,"[""UPPER_BACK""]","[""ELBOW"",""SHOULDER""]","[""UPPER_BACK"",""ELBOW"",""SHOULDER""]",REPS,3,8-12,,90,,MODERATE,lat_pulldown_vertical_pull_cable_machine,REVIEW_REQUIRED,true
V1_ALIAS,exercise-catalog-v2.0.2-draft,,,,,,,,BEGINNER,APPROVED,,,,,,,,,,,,,,,,,false,"[""BEGINNER"",""INTERMEDIATE""]","{""INTERMEDIATE"":""FITT-ISOLATION-STRENGTH-INTERMEDIATE-V1"",""BEGINNER"":""FITT-ISOLATION-STRENGTH-V1""}",,,,,REVIEW_REQUIRED,true,exercise-catalog-v1.0.0,NEX-000191,밴드 레그 컬,Leg curl with elastic,Leg curl with elastic,STRENGTH,HAMSTRINGS,"[""KNEE""]","[""HIP""]","[""KNEE"",""HIP""]",REPS,3,10-15,,60-90,,MODERATE,seated_leg_curl_knee_flexion_machine,REVIEW_REQUIRED,true
V1_ALIAS,exercise-catalog-v2.0.2-draft,,,,,,,,INTERMEDIATE,APPROVED,,,,,,,,,,,,,,,,,false,"[""INTERMEDIATE""]","{""INTERMEDIATE"":""FITT-COMPOUND-HINGE-INTERMEDIATE-V1""}",,,,,REVIEW_REQUIRED,true,exercise-catalog-v1.0.0,NEX-000192,케틀벨 스모 데드리프트,kettlebell sumo deadlift,kettlebell sumo deadlift,STRENGTH,GLUTES,"[""HIP"",""KNEE""]","[""LOWER_BACK""]","[""HIP"",""KNEE"",""LOWER_BACK""]",REPS,3,8-12,,90,,MODERATE,barbell_deadlift_hip_dominant_barbell,REVIEW_REQUIRED,true
V1_ALIAS,exercise-catalog-v2.0.2-draft,,,,,,,,INTERMEDIATE,APPROVED,,,,,,,,,,,,,,,,,false,"[""INTERMEDIATE""]","{""INTERMEDIATE"":""FITT-COMPOUND-HINGE-INTERMEDIATE-V1""}",,,,,REVIEW_REQUIRED,true,exercise-catalog-v1.0.0,NEX-000193,덤벨 루마니안 데드리프트,Dumbbell Romanian Deadlift,Dumbbell Romanian Deadlift,STRENGTH,HAMSTRINGS,"[""HIP""]","[""KNEE"",""LOWER_BACK""]","[""HIP"",""KNEE"",""LOWER_BACK""]",REPS,3,8-12,,90,,MODERATE,barbell_straight_leg_deadlift_hip_dominant_barbell,REVIEW_REQUIRED,true
V1_ALIAS,exercise-catalog-v2.0.2-draft,,,,,,,,BEGINNER,APPROVED,,,,,,,,,,,,,,,,,false,"[""BEGINNER"",""INTERMEDIATE""]","{""INTERMEDIATE"":""FITT-COMPOUND-PUSH-INTERMEDIATE-V1"",""BEGINNER"":""FITT-COMPOUND-PUSH-V1""}",,,,,REVIEW_REQUIRED,true,exercise-catalog-v1.0.0,NEX-000194,스탠딩 케이블 체스트 프레스,Cable Chest Press - Decline,Cable Chest Press - Decline,STRENGTH,CHEST,"[""CHEST""]","[""SHOULDER"",""ELBOW""]","[""CHEST"",""SHOULDER"",""ELBOW""]",REPS,3,8-12,,90,,MODERATE,pectorals_horizontal_push_horizontal_push_machine,REVIEW_REQUIRED,true
V1_ALIAS,exercise-catalog-v2.0.2-draft,,,,,,,,INTERMEDIATE,APPROVED,,,,,,,,,,,,,,,,,false,"[""INTERMEDIATE""]","{""INTERMEDIATE"":""FITT-COMPOUND-LUNGE-INTERMEDIATE-V1""}",,,,,REVIEW_REQUIRED,true,exercise-catalog-v1.0.0,NEX-000195,덤벨 불가리안 스플릿 스쿼트,Bulgarian Squat with Dumbbells,Bulgarian Squat with Dumbbells,STRENGTH,QUADRICEPS,"[""KNEE"",""HIP""]","[""ANKLE_FOOT""]","[""KNEE"",""HIP"",""ANKLE_FOOT""]",REPS,3,8-12,,90,,MODERATE,bodyweight_split_squat_knee_dominant_bodyweight,REVIEW_REQUIRED,true
V1_ALIAS,exercise-catalog-v2.0.2-draft,,,,,,,,BEGINNER,APPROVED,,,,,,,,,,,,,,,,,false,"[""BEGINNER"",""INTERMEDIATE""]","{""INTERMEDIATE"":""FITT-COMPOUND-PULL-INTERMEDIATE-V1"",""BEGINNER"":""FITT-COMPOUND-PULL-V1""}",,,,,REVIEW_REQUIRED,true,exercise-catalog-v1.0.0,NEX-000196,머신 시티드 로우,Seated Row (Machine),Seated Row (Machine),STRENGTH,BACK,"[""UPPER_BACK""]","[""ELBOW"",""SHOULDER""]","[""UPPER_BACK"",""ELBOW"",""SHOULDER""]",REPS,3,8-12,,90,,MODERATE,row_variant_horizontal_pull_cable_machine,REVIEW_REQUIRED,true
V1_ALIAS,exercise-catalog-v2.0.2-draft,,,,,,,,BEGINNER,APPROVED,,,,,,,,,,,,,,,,,false,"[""BEGINNER"",""INTERMEDIATE""]","{""INTERMEDIATE"":""FITT-COMPOUND-SQUAT-INTERMEDIATE-V1"",""BEGINNER"":""FITT-COMPOUND-SQUAT-V1""}",,,,,REVIEW_REQUIRED,true,exercise-catalog-v1.0.0,NEX-000197,바벨 백 스쿼트,Barbell Full Squat,Barbell Full Squat,STRENGTH,QUADRICEPS,"[""KNEE"",""HIP""]","[""LOWER_BACK"",""ANKLE_FOOT""]","[""KNEE"",""HIP"",""LOWER_BACK"",""ANKLE_FOOT""]",REPS,3,8-12,,90,,MODERATE,squat_variant_knee_dominant_barbell,REVIEW_REQUIRED,true
V1_ALIAS,exercise-catalog-v2.0.2-draft,,,,,,,,INTERMEDIATE,APPROVED,,,,,,,,,,,,,,,,,false,"[""INTERMEDIATE""]","{""INTERMEDIATE"":""FITT-COMPOUND-PUSH-INTERMEDIATE-V1""}",,,,,REVIEW_REQUIRED,true,exercise-catalog-v1.0.0,NEX-000198,바벨 오버헤드 프레스,Overhead Barbell Press,Overhead Barbell Press,STRENGTH,SHOULDERS,"[""SHOULDER""]","[""ELBOW""]","[""SHOULDER"",""ELBOW""]",REPS,3,8-12,,90,,MODERATE,seated_shoulder_press_vertical_push_dumbbell,REVIEW_REQUIRED,true
V1_ALIAS,exercise-catalog-v2.0.2-draft,,,,,,,,INTERMEDIATE,APPROVED,,,,,,,,,,,,,,,,,false,"[""INTERMEDIATE""]","{""INTERMEDIATE"":""FITT-COMPOUND-PULL-INTERMEDIATE-V1""}",,,,,REVIEW_REQUIRED,true,exercise-catalog-v1.0.0,NEX-000199,인버티드 로우,Inverted Lat Pull Down,Inverted Lat Pull Down,STRENGTH,BACK,"[""UPPER_BACK""]","[""ELBOW"",""SHOULDER""]","[""UPPER_BACK"",""ELBOW"",""SHOULDER""]",REPS,3,8-12,,90,,MODERATE,inverted_row_horizontal_pull_bodyweight,REVIEW_REQUIRED,true
V1_ALIAS,exercise-catalog-v2.0.2-draft,,,,,,,,INTERMEDIATE,APPROVED,,,,,,,,,,,,,,,,,false,"[""INTERMEDIATE""]","{""INTERMEDIATE"":""FITT-COMPOUND-PUSH-INTERMEDIATE-V1""}",,,,,REVIEW_REQUIRED,true,exercise-catalog-v1.0.0,NEX-000200,덤벨 아놀드 프레스,Arnold Shoulder Press,Arnold Shoulder Press,STRENGTH,SHOULDERS,"[""SHOULDER""]","[""ELBOW""]","[""SHOULDER"",""ELBOW""]",REPS,3,8-12,,90,,MODERATE,seated_shoulder_press_vertical_push_dumbbell,REVIEW_REQUIRED,true
V1_ALIAS,exercise-catalog-v2.0.2-draft,,,,,,,,BEGINNER,APPROVED,,,,,,,,,,,,,,,,,false,"[""BEGINNER"",""INTERMEDIATE""]","{""INTERMEDIATE"":""FITT-COMPOUND-SQUAT-INTERMEDIATE-V1"",""BEGINNER"":""FITT-COMPOUND-SQUAT-V1""}",,,,,REVIEW_REQUIRED,true,exercise-catalog-v1.0.0,NEX-000201,덤벨 고블릿 스쿼트,Dumbbell Goblet Squat,Dumbbell Goblet Squat,STRENGTH,QUADRICEPS,"[""KNEE"",""HIP""]","[""ANKLE_FOOT""]","[""KNEE"",""HIP"",""ANKLE_FOOT""]",REPS,3,8-12,,90,,MODERATE,dumbbell_goblet_squat_knee_dominant_dumbbell,REVIEW_REQUIRED,true
V1_ALIAS,exercise-catalog-v2.0.2-draft,,,,,,,,BEGINNER,APPROVED,,,,,,,,,,,,,,,,,false,"[""BEGINNER"",""INTERMEDIATE""]","{""INTERMEDIATE"":""FITT-ISOLATION-STRENGTH-INTERMEDIATE-V1"",""BEGINNER"":""FITT-ISOLATION-STRENGTH-V1""}",,,,,REVIEW_REQUIRED,true,exercise-catalog-v1.0.0,NEX-000202,레그컬,Leg Curl,Leg Curl,STRENGTH,HAMSTRINGS,"[""KNEE""]","[""HIP""]","[""KNEE"",""HIP""]",REPS,3,10-15,,60-90,,MODERATE,seated_leg_curl_knee_flexion_machine,REVIEW_REQUIRED,true
V1_ALIAS,exercise-catalog-v2.0.2-draft,,,,,,,,BEGINNER,APPROVED,,,,,,,,,,,,,,,,,false,"[""BEGINNER"",""INTERMEDIATE""]","{""INTERMEDIATE"":""FITT-ISOLATION-STRENGTH-INTERMEDIATE-V1"",""BEGINNER"":""FITT-ISOLATION-STRENGTH-V1""}",,,,,REVIEW_REQUIRED,true,exercise-catalog-v1.0.0,NEX-000203,레그 익스텐션,Leg Extension,Leg Extension,STRENGTH,QUADRICEPS,"[""KNEE""]","[""HIP""]","[""KNEE"",""HIP""]",REPS,3,10-15,,60-90,,MODERATE,machine_leg_extension_isolation_machine,REVIEW_REQUIRED,true
V1_ALIAS,exercise-catalog-v2.0.2-draft,,,,,,,,BEGINNER,APPROVED,,,,,,,,,,,,,,,,,false,"[""BEGINNER"",""INTERMEDIATE""]","{""INTERMEDIATE"":""FITT-COMPOUND-SQUAT-INTERMEDIATE-V1"",""BEGINNER"":""FITT-COMPOUND-SQUAT-V1""}",,,,,REVIEW_REQUIRED,true,exercise-catalog-v1.0.0,NEX-000204,레그프레스,Leg Press,Leg Press,STRENGTH,QUADRICEPS,"[""KNEE"",""HIP""]","[""ANKLE_FOOT""]","[""KNEE"",""HIP"",""ANKLE_FOOT""]",REPS,3,8-12,,90,,MODERATE,leg_press_knee_dominant_machine,REVIEW_REQUIRED,true
V1_ALIAS,exercise-catalog-v2.0.2-draft,,,,,,,,INTERMEDIATE,APPROVED,,,,,,,,,,,,,,,,,false,"[""INTERMEDIATE""]","{""INTERMEDIATE"":""FITT-COMPOUND-HINGE-INTERMEDIATE-V1""}",,,,,REVIEW_REQUIRED,true,exercise-catalog-v1.0.0,NEX-000205,루마니안 데드리프트,Romanian Deadlift,Romanian Deadlift,STRENGTH,HAMSTRINGS,"[""HIP""]","[""KNEE"",""LOWER_BACK""]","[""HIP"",""KNEE"",""LOWER_BACK""]",REPS,3,8-12,,90,,MODERATE,barbell_straight_leg_deadlift_hip_dominant_barbell,REVIEW_REQUIRED,true
V1_ALIAS,exercise-catalog-v2.0.2-draft,,,,,,,,BEGINNER,APPROVED,,,,,,,,,,,,,,,,,false,"[""BEGINNER"",""INTERMEDIATE""]","{""INTERMEDIATE"":""FITT-COMPOUND-PUSH-INTERMEDIATE-V1"",""BEGINNER"":""FITT-COMPOUND-PUSH-V1""}",,,,,REVIEW_REQUIRED,true,exercise-catalog-v1.0.0,NEX-000206,인클라인 덤벨 벤치프레스,Incline Bench Press - Dumbbell,Incline Bench Press - Dumbbell,STRENGTH,CHEST,"[""CHEST""]","[""SHOULDER"",""ELBOW""]","[""CHEST"",""SHOULDER"",""ELBOW""]",REPS,3,8-12,,90,,MODERATE,pectorals_horizontal_push_horizontal_push_machine,REVIEW_REQUIRED,true
V1_ALIAS,exercise-catalog-v2.0.2-draft,,,,,,,,INTERMEDIATE,APPROVED,,,,,,,,,,,,,,,,,false,"[""INTERMEDIATE""]","{""INTERMEDIATE"":""FITT-COMPOUND-PUSH-INTERMEDIATE-V1""}",,,,,REVIEW_REQUIRED,true,exercise-catalog-v1.0.0,NEX-000207,머신 숄더프레스,"Shoulder Press, on Machine","Shoulder Press, on Machine",STRENGTH,SHOULDERS,"[""SHOULDER""]","[""ELBOW""]","[""SHOULDER"",""ELBOW""]",REPS,3,8-12,,90,,MODERATE,seated_shoulder_press_vertical_push_dumbbell,REVIEW_REQUIRED,true
V1_ALIAS,exercise-catalog-v2.0.2-draft,,,,,,,,INTERMEDIATE,APPROVED,,,,,,,,,,,,,,,,,false,"[""INTERMEDIATE""]","{""INTERMEDIATE"":""FITT-HINGE-POWER-INTERMEDIATE-V1""}",,,,,REVIEW_REQUIRED,true,exercise-catalog-v1.0.0,NEX-000208,케틀벨 스윙,2 Handed Kettlebell Swing,2 Handed Kettlebell Swing,STRENGTH,GLUTES,"[""HIP""]","[""KNEE"",""LOWER_BACK""]","[""HIP"",""KNEE"",""LOWER_BACK""]",REPS,3,8-12,,90,,MODERATE,kettlebell_swing_hip_dominant_kettlebell,REVIEW_REQUIRED,true
