representative_id,representative_name_ko,exercise_family,variant_list,source_ids,source_count,movement_pattern,training_type,target_muscle,equipment,difficulty,beginner_suitable,selection_reason,merge_judgement,merge_basis,removable_review_required_codes,additional_review_required_codes,representative_source_id,representative_source_name,representative_review_status,review_required,review_required_codes,reviewed_family,reviewed_variant_relation,reviewed_movement_pattern,reviewed_equipment,reviewed_cardio_equipment,review_decision,review_reason_code,reviewer,reviewed_at,taxonomy_review_status,setup_condition_ko,target_muscle_status,primary_body_area_codes,secondary_body_area_codes,body_area_status,difficulty_status
REX-000001,누워서 복부 수축하기,ABS_CORE_BRACE,"[{""source_id"":""kspo:9cbed9e85b778b40b4786394c774c081fcfb39e3cf13df612476c9d0bf56c9e7"",""variant"":""BASE"",""source_name"":""누워서 배가로근 수축1""}]",kspo:9cbed9e85b778b40b4786394c774c081fcfb39e3cf13df612476c9d0bf56c9e7,1,CORE_BRACE,STRENGTH,CORE,MAT,BEGINNER,CONDITIONAL,family 내 대표 1개를 선택; 초보자 접근성 후보값이 있음; 원천 설명·가이드 연결이 있음; 기존 선정 후보가 RECOMMENDED임; 최종 안전·용량·권리 검수는 별도 유지.,SINGLETON_FAMILY,단일 원본 레코드이며 동일 family 내 병합 대상이 없음.,,ALTERNATIVE_RELATION_REVIEW_REQUIRED|BEGINNER_SUITABILITY_REVIEW_REQUIRED|DOMAIN_SAFETY_REVIEW_REQUIRED|EXECUTION_DOSAGE_REVIEW_REQUIRED|EXERCISE_TAXONOMY_MAPPING_REQUIRED|INSTRUCTION_CONTENT_REVIEW_REQUIRED|MEDIA_RIGHTS_REVIEW_REQUIRED|SOURCE_DOSAGE_UNSPECIFIED,kspo:9cbed9e85b778b40b4786394c774c081fcfb39e3cf13df612476c9d0bf56c9e7,누워서 배가로근 수축1,FAMILY_SELECTION_COMPLETE,true,ALTERNATIVE_RELATION_REVIEW_REQUIRED|BEGINNER_SUITABILITY_REVIEW_REQUIRED|DOMAIN_SAFETY_REVIEW_REQUIRED|EXECUTION_DOSAGE_REVIEW_REQUIRED|EXERCISE_TAXONOMY_MAPPING_REQUIRED|INSTRUCTION_CONTENT_REVIEW_REQUIRED|MEDIA_RIGHTS_REVIEW_REQUIRED|SOURCE_DOSAGE_UNSPECIFIED,ABS_CORE_BRACE,NO_VARIANT_SINGLE_SOURCE,CORE_BRACE,equipment=MAT;requires_equipment=true;locations=HOME,NOT_APPLICABLE,APPROVED,DOMAIN_EXPERT_TAXONOMY_APPROVAL_2026_08_21,DOMAIN_EXPERT_REVIEW,2026-08-21T00:00:00+09:00,TAXONOMY_APPROVED,,APPROVED,"[""ABDOMEN""]","[""LOWER_BACK""]",APPROVED,APPROVED
REX-000002,쿼드러펫 락백,ALL_FOURS_SQUAT_STRETCH,"[{""source_id"":""gymvisual:1512"",""variant"":""BASE"",""source_name"":""all fours squad stretch""}]",gymvisual:1512,1,MOBILITY_STRETCH,MOBILITY,MOBILITY,BODYWEIGHT,INTERMEDIATE,CONDITIONAL,family 내 대표 1개를 선택; 초보자 접근성 후보값이 있음; 원천 설명·가이드 연결이 있음; 최종 안전·용량·권리 검수는 별도 유지.,SINGLETON_FAMILY,단일 원본 레코드이며 동일 family 내 병합 대상이 없음.,,ALTERNATIVE_RELATION_REVIEW_REQUIRED|BEGINNER_SUITABILITY_REVIEW_REQUIRED|DOMAIN_SAFETY_REVIEW_REQUIRED|EXECUTION_DOSAGE_REVIEW_REQUIRED|EXERCISE_FAMILY_REVIEW_REQUIRED|LOAD_PROFILE_REVIEW_REQUIRED|MEDIA_RIGHTS_REVIEW_REQUIRED|VARIANT_RELATION_REVIEW_REQUIRED,gymvisual:1512,all fours squad stretch,FAMILY_SELECTION_COMPLETE,true,ALTERNATIVE_RELATION_REVIEW_REQUIRED|BEGINNER_SUITABILITY_REVIEW_REQUIRED|DOMAIN_SAFETY_REVIEW_REQUIRED|EXECUTION_DOSAGE_REVIEW_REQUIRED|LOAD_PROFILE_REVIEW_REQUIRED|MEDIA_RIGHTS_REVIEW_REQUIRED,ALL_FOURS_SQUAT_STRETCH,NO_VARIANT_SINGLE_SOURCE,MOBILITY_STRETCH,equipment=BODYWEIGHT;requires_equipment=false;locations=HOME|GYM,NOT_APPLICABLE,APPROVED,DOMAIN_EXPERT_TAXONOMY_APPROVAL_2026_08_21,DOMAIN_EXPERT_REVIEW,2026-08-21T00:00:00+09:00,TAXONOMY_APPROVED,,APPROVED,"[""KNEE"",""HIP""]","[""ANKLE_FOOT""]",APPROVED,APPROVED
REX-000003,발목 돌리기,ANKLE_CIRCLES,"[{""source_id"":""gymvisual:1368"",""variant"":""BASE"",""source_name"":""ankle circles""}]",gymvisual:1368,1,MOBILITY_STRETCH,MOBILITY,MOBILITY,BODYWEIGHT,BEGINNER,SUITABLE,family 내 대표 1개를 선택; 원천 설명·가이드 연결이 있음; 최종 안전·용량·권리 검수는 별도 유지.,SINGLETON_FAMILY,단일 원본 레코드이며 동일 family 내 병합 대상이 없음.,,ALTERNATIVE_RELATION_REVIEW_REQUIRED|BEGINNER_SUITABILITY_REVIEW_REQUIRED|DOMAIN_SAFETY_REVIEW_REQUIRED|EXECUTION_DOSAGE_REVIEW_REQUIRED|EXERCISE_FAMILY_REVIEW_REQUIRED|LOAD_PROFILE_REVIEW_REQUIRED|MEDIA_RIGHTS_REVIEW_REQUIRED|VARIANT_RELATION_REVIEW_REQUIRED,gymvisual:1368,ankle circles,FAMILY_SELECTION_COMPLETE,true,ALTERNATIVE_RELATION_REVIEW_REQUIRED|BEGINNER_SUITABILITY_REVIEW_REQUIRED|DOMAIN_SAFETY_REVIEW_REQUIRED|EXECUTION_DOSAGE_REVIEW_REQUIRED|LOAD_PROFILE_REVIEW_REQUIRED|MEDIA_RIGHTS_REVIEW_REQUIRED,ANKLE_CIRCLES,NO_VARIANT_SINGLE_SOURCE,MOBILITY_STRETCH,equipment=BODYWEIGHT;requires_equipment=false;locations=HOME|GYM,NOT_APPLICABLE,APPROVED,DOMAIN_EXPERT_TAXONOMY_APPROVAL_2026_08_21,DOMAIN_EXPERT_REVIEW,2026-08-21T00:00:00+09:00,TAXONOMY_APPROVED,,APPROVED,"[""ANKLE_FOOT""]","[""KNEE""]",APPROVED,APPROVED
REX-000004,데드리프트,BARBELL_DEADLIFT,"[{""source_id"":""gymvisual:0032"",""variant"":""BASE"",""source_name"":""barbell deadlift""},{""source_id"":""gymvisual:0300"",""variant"":""DUMBBELL"",""source_name"":""dumbbell deadlift""},{""source_id"":""wger:1370"",""variant"":""DUMBBELL"",""source_name"":""Dumbbell Deadlift""},{""source_id"":""wger:1612"",""variant"":""KETTLEBELL|SUMO"",""source_name"":""kettlebell sumo deadlift""}]",gymvisual:0032|gymvisual:0300|wger:1370|wger:1612,4,HIP_DOMINANT,STRENGTH,GLUTES,BARBELL,INTERMEDIATE,NOT_PRIORITY,family 내 대표 1개를 선택; 표준 운동명이 명확함; 원천 설명·가이드 연결이 있음; 기존 선정 후보가 RECOMMENDED임; 최종 안전·용량·권리 검수는 별도 유지.,MERGE_TO_FAMILY_KEEP_VARIANTS,"동일 목적과 수행 패턴(HIP_DOMINANT)을 공유하는 후보를 family로 묶고, 장비·자세·그립·편측성·난이도 차이는 variant로 보존했다. 타겟 근육만 같은 후보는 이 family 근거로 사용하지 않았다.",EXERCISE_FAMILY_BOUNDARY_REVIEW|HUMAN_REPRESENTATIVE_SELECTION_REVIEW,BEGINNER_SUITABILITY_REVIEW|BEGINNER_SUITABILITY_REVIEW_REQUIRED|DOMAIN_SAFETY_REVIEW_REQUIRED|EQUIPMENT_TAXONOMY_CANDIDATE_REVIEW|EXECUTION_DOSAGE_REVIEW_REQUIRED|EXERCISE_TAXONOMY_MAPPING_REQUIRED|HUMAN_TAXONOMY_REVIEW_REQUIRED|INSTRUCTION_CONTENT_REVIEW_REQUIRED|KOREAN_LOCALIZATION_REVIEW_REQUIRED|MEDIA_RIGHTS_REVIEW_REQUIRED|MOVEMENT_PATTERN_REVIEW|SOURCE_LICENSE_REVIEW_REQUIRED,gymvisual:0032,barbell deadlift,FAMILY_SELECTION_COMPLETE,true,EXERCISE_FAMILY_BOUNDARY_REVIEW|HUMAN_REPRESENTATIVE_SELECTION_REVIEW|BEGINNER_SUITABILITY_REVIEW|BEGINNER_SUITABILITY_REVIEW_REQUIRED|DOMAIN_SAFETY_REVIEW_REQUIRED|EXECUTION_DOSAGE_REVIEW_REQUIRED|EXERCISE_TAXONOMY_MAPPING_REQUIRED|INSTRUCTION_CONTENT_REVIEW_REQUIRED|KOREAN_LOCALIZATION_REVIEW_REQUIRED|MEDIA_RIGHTS_REVIEW_REQUIRED|SOURCE_LICENSE_REVIEW_REQUIRED,BARBELL_DEADLIFT,KEEP_VARIANTS:4,HIP_DOMINANT,equipment=BARBELL;requires_equipment=true;locations=GYM,NOT_APPLICABLE,APPROVED,DOMAIN_EXPERT_TAXONOMY_APPROVAL_2026_08_21,DOMAIN_EXPERT_REVIEW,2026-08-21T00:00:00+09:00,TAXONOMY_APPROVED,,APPROVED,"[""HIP""]","[""KNEE"",""LOWER_BACK""]",APPROVED,APPROVED
REX-000005,프론트 레이즈,BARBELL_FRONT_RAISE,"[{""source_id"":""gymvisual:0041"",""variant"":""BASE"",""source_name"":""barbell front raise""},{""source_id"":""gymvisual:0309"",""variant"":""DUMBBELL|SOURCE_VERSION_2"",""source_name"":""dumbbell front raise v. 2""},{""source_id"":""gymvisual:0310"",""variant"":""DUMBBELL"",""source_name"":""dumbbell front raise""},{""source_id"":""gymvisual:0335"",""variant"":""DUMBBELL"",""source_name"":""dumbbell lateral to front raise""},{""source_id"":""gymvisual:0387"",""variant"":""DUMBBELL|SEATED|ALTERNATING"",""source_name"":""dumbbell seated alternate front raise""},{""source_id"":""gymvisual:0978"",""variant"":""BAND"",""source_name"":""band front raise""}]",gymvisual:0041|gymvisual:0309|gymvisual:0310|gymvisual:0335|gymvisual:0387|gymvisual:0978,6,ISOLATION,STRENGTH,SHOULDERS,BARBELL,BEGINNER,CONDITIONAL,family 내 대표 1개를 선택; 표준 운동명이 명확함; 초보자 접근성 후보값이 있음; 원천 설명·가이드 연결이 있음; 기존 선정 후보가 RECOMMENDED임; 최종 안전·용량·권리 검수는 별도 유지.,MERGE_TO_FAMILY_KEEP_VARIANTS,"동일 목적과 수행 패턴(ISOLATION)을 공유하는 후보를 family로 묶고, 장비·자세·그립·편측성·난이도 차이는 variant로 보존했다. 타겟 근육만 같은 후보는 이 family 근거로 사용하지 않았다.",EXERCISE_FAMILY_BOUNDARY_REVIEW|HUMAN_REPRESENTATIVE_SELECTION_REVIEW,BEGINNER_SUITABILITY_REVIEW|EQUIPMENT_TAXONOMY_CANDIDATE_REVIEW|HUMAN_TAXONOMY_REVIEW_REQUIRED|MOVEMENT_PATTERN_REVIEW,gymvisual:0041,barbell front raise,FAMILY_SELECTION_COMPLETE,true,EXERCISE_FAMILY_BOUNDARY_REVIEW|HUMAN_REPRESENTATIVE_SELECTION_REVIEW|BEGINNER_SUITABILITY_REVIEW,BARBELL_FRONT_RAISE,KEEP_VARIANTS:6,ISOLATION,equipment=BARBELL;requires_equipment=true;locations=GYM,NOT_APPLICABLE,APPROVED,DOMAIN_EXPERT_TAXONOMY_APPROVAL_2026_08_21,DOMAIN_EXPERT_REVIEW,2026-08-21T00:00:00+09:00,TAXONOMY_APPROVED,,APPROVED,"[""SHOULDER""]","[""ELBOW""]",APPROVED,APPROVED
REX-000006,풀오버,BARBELL_PULLOVER,"[{""source_id"":""gymvisual:0034"",""variant"":""DECLINE"",""source_name"":""barbell decline bent arm pullover""},{""source_id"":""gymvisual:0037"",""variant"":""DECLINE|WIDE_GRIP"",""source_name"":""barbell decline wide-grip pullover""},{""source_id"":""gymvisual:0073"",""variant"":""BASE"",""source_name"":""barbell pullover""},{""source_id"":""gymvisual:0184"",""variant"":""CABLE|LYING"",""source_name"":""cable lying extension pullover (with rope attachment)""},{""source_id"":""gymvisual:2285"",""variant"":""MACHINE"",""source_name"":""lever pullover""},{""source_id"":""gymvisual:3010"",""variant"":""BARBELL|EZ_BAR|LYING"",""source_name"":""ez bar lying bent arms pullover""}]",gymvisual:0034|gymvisual:0037|gymvisual:0073|gymvisual:0184|gymvisual:2285|gymvisual:3010,6,ISOLATION,STRENGTH,BACK,BARBELL,INTERMEDIATE,CONDITIONAL,family 내 대표 1개를 선택; 표준 운동명이 명확함; 초보자 접근성 후보값이 있음; 원천 설명·가이드 연결이 있음; 기존 선정 후보가 RECOMMENDED임; 최종 안전·용량·권리 검수는 별도 유지.,MERGE_TO_FAMILY_KEEP_VARIANTS,"동일 목적과 수행 패턴(ISOLATION)을 공유하는 후보를 family로 묶고, 장비·자세·그립·편측성·난이도 차이는 variant로 보존했다. 타겟 근육만 같은 후보는 이 family 근거로 사용하지 않았다.",EXERCISE_FAMILY_BOUNDARY_REVIEW|HUMAN_REPRESENTATIVE_SELECTION_REVIEW,BEGINNER_SUITABILITY_REVIEW|EQUIPMENT_TAXONOMY_CANDIDATE_REVIEW|HUMAN_TAXONOMY_REVIEW_REQUIRED|MOVEMENT_PATTERN_REVIEW,gymvisual:0073,barbell pullover,FAMILY_SELECTION_COMPLETE,true,EXERCISE_FAMILY_BOUNDARY_REVIEW|HUMAN_REPRESENTATIVE_SELECTION_REVIEW|BEGINNER_SUITABILITY_REVIEW,BARBELL_PULLOVER,KEEP_VARIANTS:6,ISOLATION,equipment=BARBELL;requires_equipment=true;locations=GYM,NOT_APPLICABLE,APPROVED,DOMAIN_EXPERT_TAXONOMY_APPROVAL_2026_08_21,DOMAIN_EXPERT_REVIEW,2026-08-21T00:00:00+09:00,TAXONOMY_APPROVED,안정적인 지지물(벤치 또는 의자 등)을 준비한다.,APPROVED,"[""UPPER_BACK""]","[""CHEST"",""ELBOW""]",APPROVED,APPROVED
REX-000007,루마니안 데드리프트,BARBELL_STRAIGHT_LEG_DEADLIFT,"[{""source_id"":""gymvisual:0116"",""variant"":""BASE"",""source_name"":""barbell straight leg deadlift""},{""source_id"":""gymvisual:0432"",""variant"":""DUMBBELL|STIFF_LEG"",""source_name"":""dumbbell stiff leg deadlift""},{""source_id"":""gymvisual:0434"",""variant"":""DUMBBELL|STRAIGHT_LEG"",""source_name"":""dumbbell straight leg deadlift""},{""source_id"":""gymvisual:1009"",""variant"":""BAND|STIFF_LEG"",""source_name"":""band stiff leg deadlift""},{""source_id"":""gymvisual:1023"",""variant"":""BAND|STIFF_LEG"",""source_name"":""band straight back stiff leg deadlift""},{""source_id"":""wger:1652"",""variant"":""DUMBBELL|ROMANIAN"",""source_name"":""Dumbbell Romanian Deadlift""},{""source_id"":""wger:507"",""variant"":""ROMANIAN"",""source_name"":""Romanian Deadlift""}]",gymvisual:0116|gymvisual:0432|gymvisual:0434|gymvisual:1009|gymvisual:1023|wger:1652|wger:507,7,HIP_DOMINANT,STRENGTH,HAMSTRINGS,BARBELL,INTERMEDIATE,CONDITIONAL,family 내 대표 1개를 선택; 표준 운동명이 명확함; 초보자 접근성 후보값이 있음; 원천 설명·가이드 연결이 있음; 기존 선정 후보가 RECOMMENDED임; 최종 안전·용량·권리 검수는 별도 유지.,MERGE_TO_FAMILY_KEEP_VARIANTS,"동일 목적과 수행 패턴(HIP_DOMINANT)을 공유하는 후보를 family로 묶고, 장비·자세·그립·편측성·난이도 차이는 variant로 보존했다. 타겟 근육만 같은 후보는 이 family 근거로 사용하지 않았다.",EXERCISE_FAMILY_BOUNDARY_REVIEW|HUMAN_REPRESENTATIVE_SELECTION_REVIEW,BEGINNER_SUITABILITY_REVIEW|BEGINNER_SUITABILITY_REVIEW_REQUIRED|DOMAIN_SAFETY_REVIEW_REQUIRED|EQUIPMENT_TAXONOMY_CANDIDATE_REVIEW|EXECUTION_DOSAGE_REVIEW_REQUIRED|EXERCISE_TAXONOMY_MAPPING_REQUIRED|HUMAN_TAXONOMY_REVIEW_REQUIRED|INSTRUCTION_CONTENT_REVIEW_REQUIRED|KOREAN_LOCALIZATION_REVIEW_REQUIRED|MEDIA_RIGHTS_REVIEW_REQUIRED|MOVEMENT_PATTERN_REVIEW|SOURCE_LICENSE_REVIEW_REQUIRED,gymvisual:0116,barbell straight leg deadlift,FAMILY_SELECTION_COMPLETE,true,EXERCISE_FAMILY_BOUNDARY_REVIEW|HUMAN_REPRESENTATIVE_SELECTION_REVIEW|BEGINNER_SUITABILITY_REVIEW|BEGINNER_SUITABILITY_REVIEW_REQUIRED|DOMAIN_SAFETY_REVIEW_REQUIRED|EXECUTION_DOSAGE_REVIEW_REQUIRED|EXERCISE_TAXONOMY_MAPPING_REQUIRED|INSTRUCTION_CONTENT_REVIEW_REQUIRED|KOREAN_LOCALIZATION_REVIEW_REQUIRED|MEDIA_RIGHTS_REVIEW_REQUIRED|SOURCE_LICENSE_REVIEW_REQUIRED,BARBELL_STRAIGHT_LEG_DEADLIFT,KEEP_VARIANTS:7,HIP_DOMINANT,equipment=BARBELL;requires_equipment=true;locations=GYM,NOT_APPLICABLE,APPROVED,DOMAIN_EXPERT_TAXONOMY_APPROVAL_2026_08_21,DOMAIN_EXPERT_REVIEW,2026-08-21T00:00:00+09:00,TAXONOMY_APPROVED,,APPROVED,"[""HIP""]","[""KNEE"",""LOWER_BACK""]",APPROVED,APPROVED
REX-000008,백 익스텐션,BODYWEIGHT_BACK_EXTENSION,"[{""source_id"":""gymvisual:0489"",""variant"":""BASE"",""source_name"":""hyperextension""}]",gymvisual:0489,1,HIP_DOMINANT,STRENGTH,BACK,BODYWEIGHT,INTERMEDIATE,CONDITIONAL,family 내 대표 1개를 선택; 초보자 접근성 후보값이 있음; 원천 설명·가이드 연결이 있음; 기존 선정 후보가 RECOMMENDED임; 최종 안전·용량·권리 검수는 별도 유지.,SINGLETON_FAMILY,단일 원본 레코드이며 동일 family 내 병합 대상이 없음.,EXERCISE_FAMILY_BOUNDARY_REVIEW|HUMAN_REPRESENTATIVE_SELECTION_REVIEW,BEGINNER_SUITABILITY_REVIEW|EQUIPMENT_TAXONOMY_CANDIDATE_REVIEW|MOVEMENT_PATTERN_REVIEW,gymvisual:0489,hyperextension,FAMILY_SELECTION_COMPLETE,true,EXERCISE_FAMILY_BOUNDARY_REVIEW|HUMAN_REPRESENTATIVE_SELECTION_REVIEW|BEGINNER_SUITABILITY_REVIEW,BODYWEIGHT_BACK_EXTENSION,NO_VARIANT_SINGLE_SOURCE,HIP_DOMINANT,equipment=BODYWEIGHT;requires_equipment=true;locations=HOME|GYM,NOT_APPLICABLE,APPROVED,DOMAIN_EXPERT_TAXONOMY_APPROVAL_2026_08_21,DOMAIN_EXPERT_REVIEW,2026-08-21T00:00:00+09:00,TAXONOMY_APPROVED,안정적인 지지물(벤치 또는 의자 등)을 준비한다.,APPROVED,"[""LOWER_BACK""]","[""HIP"",""UPPER_BACK""]",APPROVED,APPROVED
REX-000009,크런치,BODYWEIGHT_CRUNCH,"[{""source_id"":""gymvisual:0274"",""variant"":""BASE"",""source_name"":""crunch floor""},{""source_id"":""gymvisual:0277"",""variant"":""DECLINE"",""source_name"":""decline crunch""}]",gymvisual:0274|gymvisual:0277,2,CORE_BRACE,STRENGTH,CORE,BODYWEIGHT,BEGINNER,SUITABLE,family 내 대표 1개를 선택; 표준 운동명이 명확함; 초보자 접근성 후보값이 있음; 원천 설명·가이드 연결이 있음; 기존 선정 후보가 RECOMMENDED임; 최종 안전·용량·권리 검수는 별도 유지.,MERGE_TO_FAMILY_KEEP_VARIANTS,"동일 목적과 수행 패턴(CORE_BRACE)을 공유하는 후보를 family로 묶고, 장비·자세·그립·편측성·난이도 차이는 variant로 보존했다. 타겟 근육만 같은 후보는 이 family 근거로 사용하지 않았다.",EXERCISE_FAMILY_BOUNDARY_REVIEW|HUMAN_REPRESENTATIVE_SELECTION_REVIEW,BEGINNER_SUITABILITY_REVIEW|EQUIPMENT_TAXONOMY_CANDIDATE_REVIEW|HUMAN_TAXONOMY_REVIEW_REQUIRED|MOVEMENT_PATTERN_REVIEW,gymvisual:0274,crunch floor,FAMILY_SELECTION_COMPLETE,true,EXERCISE_FAMILY_BOUNDARY_REVIEW|HUMAN_REPRESENTATIVE_SELECTION_REVIEW|BEGINNER_SUITABILITY_REVIEW,BODYWEIGHT_CRUNCH,KEEP_VARIANTS:2,CORE_BRACE,equipment=BODYWEIGHT;requires_equipment=false;locations=HOME|GYM,NOT_APPLICABLE,APPROVED,DOMAIN_EXPERT_TAXONOMY_APPROVAL_2026_08_21,DOMAIN_EXPERT_REVIEW,2026-08-21T00:00:00+09:00,TAXONOMY_APPROVED,,APPROVED,"[""ABDOMEN""]","[""LOWER_BACK""]",APPROVED,APPROVED
REX-000010,포워드 런지,BODYWEIGHT_FORWARD_LUNGE,"[{""source_id"":""gymvisual:0336"",""variant"":""DUMBBELL"",""source_name"":""dumbbell lunge""},{""source_id"":""gymvisual:0381"",""variant"":""DUMBBELL|REAR"",""source_name"":""dumbbell rear lunge""},{""source_id"":""gymvisual:0536"",""variant"":""KETTLEBELL"",""source_name"":""kettlebell lunge pass through""},{""source_id"":""gymvisual:1460"",""variant"":""WALKING"",""source_name"":""walking lunge""},{""source_id"":""gymvisual:3470"",""variant"":""BASE"",""source_name"":""forward lunge (male)""},{""source_id"":""gymvisual:3635"",""variant"":""DUMBBELL|CONTRALATERAL|FORWARD"",""source_name"":""dumbbell contralateral forward lunge""}]",gymvisual:0336|gymvisual:0381|gymvisual:0536|gymvisual:1460|gymvisual:3470|gymvisual:3635,6,KNEE_DOMINANT,STRENGTH,GLUTES,BODYWEIGHT,INTERMEDIATE,CONDITIONAL,family 내 대표 1개를 선택; family 핵심 동작명을 포함함; 초보자 접근성 후보값이 있음; 원천 설명·가이드 연결이 있음; 기존 선정 후보가 RECOMMENDED임; 최종 안전·용량·권리 검수는 별도 유지.,MERGE_TO_FAMILY_KEEP_VARIANTS,"동일 목적과 수행 패턴(KNEE_DOMINANT)을 공유하는 후보를 family로 묶고, 장비·자세·그립·편측성·난이도 차이는 variant로 보존했다. 타겟 근육만 같은 후보는 이 family 근거로 사용하지 않았다.",EXERCISE_FAMILY_BOUNDARY_REVIEW|HUMAN_REPRESENTATIVE_SELECTION_REVIEW,BEGINNER_SUITABILITY_REVIEW|EQUIPMENT_TAXONOMY_CANDIDATE_REVIEW|HUMAN_TAXONOMY_REVIEW_REQUIRED|MOVEMENT_PATTERN_REVIEW,gymvisual:3470,forward lunge (male),FAMILY_SELECTION_COMPLETE,true,EXERCISE_FAMILY_BOUNDARY_REVIEW|HUMAN_REPRESENTATIVE_SELECTION_REVIEW|BEGINNER_SUITABILITY_REVIEW,BODYWEIGHT_FORWARD_LUNGE,KEEP_VARIANTS:6,KNEE_DOMINANT,equipment=BODYWEIGHT;requires_equipment=false;locations=HOME|GYM,NOT_APPLICABLE,APPROVED,DOMAIN_EXPERT_TAXONOMY_APPROVAL_2026_08_21,DOMAIN_EXPERT_REVIEW,2026-08-21T00:00:00+09:00,TAXONOMY_APPROVED,,APPROVED,"[""HIP"",""KNEE""]","[""ANKLE_FOOT""]",APPROVED,APPROVED
REX-000011,글루트 브리지,BODYWEIGHT_GLUTE_BRIDGE,"[{""source_id"":""gymvisual:3013"",""variant"":""BASE"",""source_name"":""low glute bridge on floor""}]",gymvisual:3013,1,HIP_DOMINANT,STRENGTH,GLUTES,BODYWEIGHT,BEGINNER,SUITABLE,family 내 대표 1개를 선택; 초보자 접근성 후보값이 있음; 원천 설명·가이드 연결이 있음; 기존 선정 후보가 RECOMMENDED임; 최종 안전·용량·권리 검수는 별도 유지.,SINGLETON_FAMILY,단일 원본 레코드이며 동일 family 내 병합 대상이 없음.,EXERCISE_FAMILY_BOUNDARY_REVIEW|HUMAN_REPRESENTATIVE_SELECTION_REVIEW,BEGINNER_SUITABILITY_REVIEW|EQUIPMENT_TAXONOMY_CANDIDATE_REVIEW|MOVEMENT_PATTERN_REVIEW,gymvisual:3013,low glute bridge on floor,FAMILY_SELECTION_COMPLETE,true,EXERCISE_FAMILY_BOUNDARY_REVIEW|HUMAN_REPRESENTATIVE_SELECTION_REVIEW|BEGINNER_SUITABILITY_REVIEW,BODYWEIGHT_GLUTE_BRIDGE,NO_VARIANT_SINGLE_SOURCE,HIP_DOMINANT,equipment=BODYWEIGHT;requires_equipment=false;locations=HOME|GYM,NOT_APPLICABLE,APPROVED,DOMAIN_EXPERT_TAXONOMY_APPROVAL_2026_08_21,DOMAIN_EXPERT_REVIEW,2026-08-21T00:00:00+09:00,TAXONOMY_APPROVED,,APPROVED,"[""HIP""]","[""KNEE"",""LOWER_BACK""]",APPROVED,APPROVED
REX-000012,풀업,BODYWEIGHT_PULL_UP_BICEPS,"[{""source_id"":""gymvisual:0140"",""variant"":""BASE"",""source_name"":""biceps pull-up""}]",gymvisual:0140,1,VERTICAL_PULL,STRENGTH,BICEPS,BODYWEIGHT,INTERMEDIATE,NOT_PRIORITY,family 내 대표 1개를 선택; 원천 설명·가이드 연결이 있음; 기존 선정 후보가 RECOMMENDED임; 최종 안전·용량·권리 검수는 별도 유지.,SINGLETON_FAMILY,단일 원본 레코드이며 동일 family 내 병합 대상이 없음.,EXERCISE_FAMILY_BOUNDARY_REVIEW|HUMAN_REPRESENTATIVE_SELECTION_REVIEW,BEGINNER_SUITABILITY_REVIEW|EQUIPMENT_TAXONOMY_CANDIDATE_REVIEW|MOVEMENT_PATTERN_REVIEW,gymvisual:0140,biceps pull-up,FAMILY_SELECTION_COMPLETE,true,EXERCISE_FAMILY_BOUNDARY_REVIEW|HUMAN_REPRESENTATIVE_SELECTION_REVIEW|BEGINNER_SUITABILITY_REVIEW,BODYWEIGHT_PULL_UP_BICEPS,NO_VARIANT_SINGLE_SOURCE,VERTICAL_PULL,equipment=BODYWEIGHT|PULL_UP_BAR;requires_equipment=true;locations=HOME|GYM,NOT_APPLICABLE,APPROVED,DOMAIN_EXPERT_TAXONOMY_APPROVAL_2026_08_21,DOMAIN_EXPERT_REVIEW,2026-08-21T00:00:00+09:00,TAXONOMY_APPROVED,,APPROVED,"[""ELBOW""]","[""UPPER_BACK"",""WRIST_HAND""]",APPROVED,APPROVED
REX-000013,리버스 크런치,BODYWEIGHT_REVERSE_CRUNCH,"[{""source_id"":""gymvisual:0242"",""variant"":""CABLE|REVERSE"",""source_name"":""cable tuck reverse crunch""},{""source_id"":""gymvisual:0807"",""variant"":""REVERSE"",""source_name"":""suspended reverse crunch""},{""source_id"":""gymvisual:0872"",""variant"":""BASE"",""source_name"":""reverse crunch""},{""source_id"":""gymvisual:0873"",""variant"":""CABLE|REVERSE"",""source_name"":""cable reverse crunch""},{""source_id"":""gymvisual:2206"",""variant"":""ROLLER|REVERSE"",""source_name"":""roller reverse crunch""}]",gymvisual:0242|gymvisual:0807|gymvisual:0872|gymvisual:0873|gymvisual:2206,5,CORE_BRACE,STRENGTH,CORE,BODYWEIGHT,BEGINNER,CONDITIONAL,family 내 대표 1개를 선택; 표준 운동명이 명확함; 초보자 접근성 후보값이 있음; 원천 설명·가이드 연결이 있음; 기존 선정 후보가 RECOMMENDED임; 최종 안전·용량·권리 검수는 별도 유지.,MERGE_TO_FAMILY_KEEP_VARIANTS,"동일 목적과 수행 패턴(CORE_BRACE)을 공유하는 후보를 family로 묶고, 장비·자세·그립·편측성·난이도 차이는 variant로 보존했다. 타겟 근육만 같은 후보는 이 family 근거로 사용하지 않았다.",EXERCISE_FAMILY_BOUNDARY_REVIEW|HUMAN_REPRESENTATIVE_SELECTION_REVIEW,BEGINNER_SUITABILITY_REVIEW|EQUIPMENT_TAXONOMY_CANDIDATE_REVIEW|HUMAN_TAXONOMY_REVIEW_REQUIRED|MOVEMENT_PATTERN_REVIEW,gymvisual:0872,reverse crunch,FAMILY_SELECTION_COMPLETE,true,EXERCISE_FAMILY_BOUNDARY_REVIEW|HUMAN_REPRESENTATIVE_SELECTION_REVIEW|BEGINNER_SUITABILITY_REVIEW,BODYWEIGHT_REVERSE_CRUNCH,KEEP_VARIANTS:5,CORE_BRACE,equipment=BODYWEIGHT;requires_equipment=false;locations=HOME|GYM,NOT_APPLICABLE,APPROVED,DOMAIN_EXPERT_TAXONOMY_APPROVAL_2026_08_21,DOMAIN_EXPERT_REVIEW,2026-08-21T00:00:00+09:00,TAXONOMY_APPROVED,,APPROVED,"[""ABDOMEN""]","[""LOWER_BACK""]",APPROVED,APPROVED
REX-000014,러시안 트위스트,BODYWEIGHT_RUSSIAN_TWIST,"[{""source_id"":""gymvisual:0211"",""variant"":""CABLE|STABILITY_BALL|ROTATION"",""source_name"":""cable russian twists (on stability ball)""},{""source_id"":""gymvisual:0687"",""variant"":""BASE"",""source_name"":""russian twist""},{""source_id"":""gymvisual:0845"",""variant"":""WEIGHTED|ROTATION"",""source_name"":""weighted russian twist (legs up)""},{""source_id"":""gymvisual:0846"",""variant"":""WEIGHTED|ROTATION"",""source_name"":""weighted russian twist""},{""source_id"":""gymvisual:2371"",""variant"":""WEIGHTED|ROTATION|SOURCE_VERSION_2"",""source_name"":""weighted russian twist v. 2""}]",gymvisual:0211|gymvisual:0687|gymvisual:0845|gymvisual:0846|gymvisual:2371,5,CORE_BRACE,STRENGTH,CORE,BODYWEIGHT,INTERMEDIATE,CONDITIONAL,family 내 대표 1개를 선택; 표준 운동명이 명확함; 초보자 접근성 후보값이 있음; 원천 설명·가이드 연결이 있음; 기존 선정 후보가 RECOMMENDED임; 최종 안전·용량·권리 검수는 별도 유지.,MERGE_TO_FAMILY_KEEP_VARIANTS,"동일 목적과 수행 패턴(CORE_BRACE)을 공유하는 후보를 family로 묶고, 장비·자세·그립·편측성·난이도 차이는 variant로 보존했다. 타겟 근육만 같은 후보는 이 family 근거로 사용하지 않았다.",EXERCISE_FAMILY_BOUNDARY_REVIEW|HUMAN_REPRESENTATIVE_SELECTION_REVIEW,BEGINNER_SUITABILITY_REVIEW|EQUIPMENT_TAXONOMY_CANDIDATE_REVIEW|HUMAN_TAXONOMY_REVIEW_REQUIRED|MOVEMENT_PATTERN_REVIEW,gymvisual:0687,russian twist,FAMILY_SELECTION_COMPLETE,true,EXERCISE_FAMILY_BOUNDARY_REVIEW|HUMAN_REPRESENTATIVE_SELECTION_REVIEW|BEGINNER_SUITABILITY_REVIEW,BODYWEIGHT_RUSSIAN_TWIST,KEEP_VARIANTS:5,CORE_BRACE,equipment=BODYWEIGHT;requires_equipment=false;locations=HOME|GYM,NOT_APPLICABLE,APPROVED,DOMAIN_EXPERT_TAXONOMY_APPROVAL_2026_08_21,DOMAIN_EXPERT_REVIEW,2026-08-21T00:00:00+09:00,TAXONOMY_APPROVED,,APPROVED,"[""ABDOMEN""]","[""LOWER_BACK""]",APPROVED,APPROVED
REX-000015,스플릿 스쿼트,BODYWEIGHT_SPLIT_SQUAT,"[{""source_id"":""gymvisual:2368"",""variant"":""BASE"",""source_name"":""split squats""},{""source_id"":""wger:1706"",""variant"":""DUMBBELL"",""source_name"":""Bulgarian Squat with Dumbbells""}]",gymvisual:2368|wger:1706,2,KNEE_DOMINANT,STRENGTH,QUADRICEPS,BODYWEIGHT,INTERMEDIATE,CONDITIONAL,family 내 대표 1개를 선택; 초보자 접근성 후보값이 있음; 원천 설명·가이드 연결이 있음; 기존 선정 후보가 RECOMMENDED임; 최종 안전·용량·권리 검수는 별도 유지.,MERGE_TO_FAMILY_KEEP_VARIANTS,"동일 목적과 수행 패턴(KNEE_DOMINANT)을 공유하는 후보를 family로 묶고, 장비·자세·그립·편측성·난이도 차이는 variant로 보존했다. 타겟 근육만 같은 후보는 이 family 근거로 사용하지 않았다.",EXERCISE_FAMILY_BOUNDARY_REVIEW|HUMAN_REPRESENTATIVE_SELECTION_REVIEW,BEGINNER_SUITABILITY_REVIEW|BEGINNER_SUITABILITY_REVIEW_REQUIRED|DOMAIN_SAFETY_REVIEW_REQUIRED|EQUIPMENT_TAXONOMY_CANDIDATE_REVIEW|EXECUTION_DOSAGE_REVIEW_REQUIRED|EXERCISE_TAXONOMY_MAPPING_REQUIRED|INSTRUCTION_CONTENT_REVIEW_REQUIRED|KOREAN_LOCALIZATION_REVIEW_REQUIRED|MEDIA_RIGHTS_REVIEW_REQUIRED|MOVEMENT_PATTERN_REVIEW|SOURCE_LICENSE_REVIEW_REQUIRED,gymvisual:2368,split squats,FAMILY_SELECTION_COMPLETE,true,EXERCISE_FAMILY_BOUNDARY_REVIEW|HUMAN_REPRESENTATIVE_SELECTION_REVIEW|BEGINNER_SUITABILITY_REVIEW|BEGINNER_SUITABILITY_REVIEW_REQUIRED|DOMAIN_SAFETY_REVIEW_REQUIRED|EXECUTION_DOSAGE_REVIEW_REQUIRED|EXERCISE_TAXONOMY_MAPPING_REQUIRED|INSTRUCTION_CONTENT_REVIEW_REQUIRED|KOREAN_LOCALIZATION_REVIEW_REQUIRED|MEDIA_RIGHTS_REVIEW_REQUIRED|SOURCE_LICENSE_REVIEW_REQUIRED,BODYWEIGHT_SPLIT_SQUAT,KEEP_VARIANTS:2,KNEE_DOMINANT,equipment=BODYWEIGHT;requires_equipment=false;locations=HOME|GYM,NOT_APPLICABLE,APPROVED,DOMAIN_EXPERT_TAXONOMY_APPROVAL_2026_08_21,DOMAIN_EXPERT_REVIEW,2026-08-21T00:00:00+09:00,TAXONOMY_APPROVED,,APPROVED,"[""KNEE"",""HIP""]","[""ANKLE_FOOT""]",APPROVED,APPROVED
REX-000016,스탠딩 카프 레이즈,BODYWEIGHT_STANDING_CALF_RAISE,"[{""source_id"":""gymvisual:0409"",""variant"":""DUMBBELL|SINGLE_LEG"",""source_name"":""dumbbell single leg calf raise""},{""source_id"":""gymvisual:0999"",""variant"":""BAND|SINGLE_LEG"",""source_name"":""band single leg calf raise""},{""source_id"":""gymvisual:1369"",""variant"":""BAND|SOURCE_VERSION_2"",""source_name"":""band two legs calf raise - (band under both legs) v. 2""},{""source_id"":""gymvisual:1373"",""variant"":""BASE"",""source_name"":""bodyweight standing calf raise""},{""source_id"":""gymvisual:1386"",""variant"":""SINGLE_LEG"",""source_name"":""one leg donkey calf raise""},{""source_id"":""gymvisual:1387"",""variant"":""SINGLE_LEG"",""source_name"":""one leg floor calf raise""}]",gymvisual:0409|gymvisual:0999|gymvisual:1369|gymvisual:1373|gymvisual:1386|gymvisual:1387,6,ISOLATION,STRENGTH,CALVES,BODYWEIGHT,BEGINNER,SUITABLE,family 내 대표 1개를 선택; 표준 운동명이 명확함; 초보자 접근성 후보값이 있음; 원천 설명·가이드 연결이 있음; 기존 선정 후보가 RECOMMENDED임; 최종 안전·용량·권리 검수는 별도 유지.,MERGE_TO_FAMILY_KEEP_VARIANTS,"동일 목적과 수행 패턴(ISOLATION)을 공유하는 후보를 family로 묶고, 장비·자세·그립·편측성·난이도 차이는 variant로 보존했다. 타겟 근육만 같은 후보는 이 family 근거로 사용하지 않았다.",EXERCISE_FAMILY_BOUNDARY_REVIEW|HUMAN_REPRESENTATIVE_SELECTION_REVIEW,BEGINNER_SUITABILITY_REVIEW|EQUIPMENT_TAXONOMY_CANDIDATE_REVIEW|HUMAN_TAXONOMY_REVIEW_REQUIRED|MOVEMENT_PATTERN_REVIEW,gymvisual:1373,bodyweight standing calf raise,FAMILY_SELECTION_COMPLETE,true,EXERCISE_FAMILY_BOUNDARY_REVIEW|HUMAN_REPRESENTATIVE_SELECTION_REVIEW|BEGINNER_SUITABILITY_REVIEW,BODYWEIGHT_STANDING_CALF_RAISE,KEEP_VARIANTS:6,ISOLATION,equipment=BODYWEIGHT;requires_equipment=false;locations=HOME|GYM,NOT_APPLICABLE,APPROVED,DOMAIN_EXPERT_TAXONOMY_APPROVAL_2026_08_21,DOMAIN_EXPERT_REVIEW,2026-08-21T00:00:00+09:00,TAXONOMY_APPROVED,,APPROVED,"[""ANKLE_FOOT""]","[""KNEE""]",APPROVED,APPROVED
REX-000017,버터플라이 스트레칭,BUTTERFLY_ADDUCTOR_STRETCH,"[{""source_id"":""gymvisual:1494"",""variant"":""BASE"",""source_name"":""butterfly yoga pose""}]",gymvisual:1494,1,MOBILITY_STRETCH,MOBILITY,MOBILITY,BODYWEIGHT,BEGINNER,CONDITIONAL,family 내 대표 1개를 선택; 원천 설명·가이드 연결이 있음; 최종 안전·용량·권리 검수는 별도 유지.,SINGLETON_FAMILY,단일 원본 레코드이며 동일 family 내 병합 대상이 없음.,,ALTERNATIVE_RELATION_REVIEW_REQUIRED|BEGINNER_SUITABILITY_REVIEW_REQUIRED|DOMAIN_SAFETY_REVIEW_REQUIRED|EXECUTION_DOSAGE_REVIEW_REQUIRED|EXERCISE_FAMILY_REVIEW_REQUIRED|LOAD_PROFILE_REVIEW_REQUIRED|MEDIA_RIGHTS_REVIEW_REQUIRED|VARIANT_RELATION_REVIEW_REQUIRED,gymvisual:1494,butterfly yoga pose,FAMILY_SELECTION_COMPLETE,true,ALTERNATIVE_RELATION_REVIEW_REQUIRED|BEGINNER_SUITABILITY_REVIEW_REQUIRED|DOMAIN_SAFETY_REVIEW_REQUIRED|EXECUTION_DOSAGE_REVIEW_REQUIRED|LOAD_PROFILE_REVIEW_REQUIRED|MEDIA_RIGHTS_REVIEW_REQUIRED,BUTTERFLY_ADDUCTOR_STRETCH,NO_VARIANT_SINGLE_SOURCE,MOBILITY_STRETCH,equipment=BODYWEIGHT;requires_equipment=false;locations=HOME|GYM,NOT_APPLICABLE,APPROVED,DOMAIN_EXPERT_TAXONOMY_APPROVAL_2026_08_21,DOMAIN_EXPERT_REVIEW,2026-08-21T00:00:00+09:00,TAXONOMY_APPROVED,,APPROVED,"[""HIP""]","[""KNEE""]",APPROVED,APPROVED
REX-000018,케이블 플라이,CABLE_FLY,"[{""source_id"":""gymvisual:0158"",""variant"":""DECLINE"",""source_name"":""cable decline fly""},{""source_id"":""gymvisual:0170"",""variant"":""INCLINE|STABILITY_BALL"",""source_name"":""cable incline fly (on stability ball)""},{""source_id"":""gymvisual:0171"",""variant"":""INCLINE"",""source_name"":""cable incline fly""},{""source_id"":""gymvisual:0185"",""variant"":""LYING"",""source_name"":""cable lying fly""},{""source_id"":""gymvisual:0227"",""variant"":""BASE"",""source_name"":""cable standing fly""},{""source_id"":""gymvisual:1262"",""variant"":""DECLINE|ONE_ARM"",""source_name"":""cable one arm decline chest fly""}]",gymvisual:0158|gymvisual:0170|gymvisual:0171|gymvisual:0185|gymvisual:0227|gymvisual:1262,6,ISOLATION,STRENGTH,CHEST,CABLE,BEGINNER,CONDITIONAL,family 내 대표 1개를 선택; 표준 운동명이 명확함; 초보자 접근성 후보값이 있음; 원천 설명·가이드 연결이 있음; 기존 선정 후보가 RECOMMENDED임; 최종 안전·용량·권리 검수는 별도 유지.,MERGE_TO_FAMILY_KEEP_VARIANTS,"동일 목적과 수행 패턴(ISOLATION)을 공유하는 후보를 family로 묶고, 장비·자세·그립·편측성·난이도 차이는 variant로 보존했다. 타겟 근육만 같은 후보는 이 family 근거로 사용하지 않았다.",EXERCISE_FAMILY_BOUNDARY_REVIEW|HUMAN_REPRESENTATIVE_SELECTION_REVIEW,BEGINNER_SUITABILITY_REVIEW|EQUIPMENT_TAXONOMY_CANDIDATE_REVIEW|HUMAN_TAXONOMY_REVIEW_REQUIRED|MOVEMENT_PATTERN_REVIEW,gymvisual:0227,cable standing fly,FAMILY_SELECTION_COMPLETE,true,EXERCISE_FAMILY_BOUNDARY_REVIEW|HUMAN_REPRESENTATIVE_SELECTION_REVIEW|BEGINNER_SUITABILITY_REVIEW,CABLE_FLY,KEEP_VARIANTS:6,ISOLATION,equipment=CABLE|MACHINE;requires_equipment=true;locations=GYM,NOT_APPLICABLE,APPROVED,DOMAIN_EXPERT_TAXONOMY_APPROVAL_2026_08_21,DOMAIN_EXPERT_REVIEW,2026-08-21T00:00:00+09:00,TAXONOMY_APPROVED,,APPROVED,"[""CHEST""]","[""SHOULDER""]",APPROVED,APPROVED
REX-000019,케이블 트라이셉스 푸시다운,CABLE_TRICEPS_PUSHDOWN,"[{""source_id"":""gymvisual:0201"",""variant"":""BASE"",""source_name"":""cable pushdown""}]",gymvisual:0201,1,ISOLATION,STRENGTH,TRICEPS,CABLE,BEGINNER,SUITABLE,family 내 대표 1개를 선택; 초보자 접근성 후보값이 있음; 원천 설명·가이드 연결이 있음; 기존 선정 후보가 RECOMMENDED임; 최종 안전·용량·권리 검수는 별도 유지.,SINGLETON_FAMILY,단일 원본 레코드이며 동일 family 내 병합 대상이 없음.,EXERCISE_FAMILY_BOUNDARY_REVIEW|HUMAN_REPRESENTATIVE_SELECTION_REVIEW,BEGINNER_SUITABILITY_REVIEW|EQUIPMENT_TAXONOMY_CANDIDATE_REVIEW|MOVEMENT_PATTERN_REVIEW,gymvisual:0201,cable pushdown,FAMILY_SELECTION_COMPLETE,true,EXERCISE_FAMILY_BOUNDARY_REVIEW|HUMAN_REPRESENTATIVE_SELECTION_REVIEW|BEGINNER_SUITABILITY_REVIEW,CABLE_TRICEPS_PUSHDOWN,NO_VARIANT_SINGLE_SOURCE,ISOLATION,equipment=CABLE|MACHINE;requires_equipment=true;locations=GYM,NOT_APPLICABLE,APPROVED,DOMAIN_EXPERT_TAXONOMY_APPROVAL_2026_08_21,DOMAIN_EXPERT_REVIEW,2026-08-21T00:00:00+09:00,TAXONOMY_APPROVED,,APPROVED,"[""ELBOW""]","[""SHOULDER""]",APPROVED,APPROVED
REX-000020,시티드 레그 익스텐션 스트레칭,CHAIR_LEG_EXTENDED_STRETCH,"[{""source_id"":""gymvisual:1548"",""variant"":""BASE"",""source_name"":""chair leg extended stretch""}]",gymvisual:1548,1,MOBILITY_STRETCH,MOBILITY,MOBILITY,BODYWEIGHT,BEGINNER,SUITABLE,family 내 대표 1개를 선택; 원천 설명·가이드 연결이 있음; 최종 안전·용량·권리 검수는 별도 유지.,SINGLETON_FAMILY,단일 원본 레코드이며 동일 family 내 병합 대상이 없음.,,ALTERNATIVE_RELATION_REVIEW_REQUIRED|BEGINNER_SUITABILITY_REVIEW_REQUIRED|DOMAIN_SAFETY_REVIEW_REQUIRED|EXECUTION_DOSAGE_REVIEW_REQUIRED|EXERCISE_FAMILY_REVIEW_REQUIRED|LOAD_PROFILE_REVIEW_REQUIRED|MEDIA_RIGHTS_REVIEW_REQUIRED|VARIANT_RELATION_REVIEW_REQUIRED,gymvisual:1548,chair leg extended stretch,FAMILY_SELECTION_COMPLETE,true,ALTERNATIVE_RELATION_REVIEW_REQUIRED|BEGINNER_SUITABILITY_REVIEW_REQUIRED|DOMAIN_SAFETY_REVIEW_REQUIRED|EXECUTION_DOSAGE_REVIEW_REQUIRED|LOAD_PROFILE_REVIEW_REQUIRED|MEDIA_RIGHTS_REVIEW_REQUIRED,CHAIR_LEG_EXTENDED_STRETCH,NO_VARIANT_SINGLE_SOURCE,MOBILITY_STRETCH,equipment=BODYWEIGHT;requires_equipment=true;locations=HOME|GYM,NOT_APPLICABLE,APPROVED,DOMAIN_EXPERT_TAXONOMY_APPROVAL_2026_08_21,DOMAIN_EXPERT_REVIEW,2026-08-21T00:00:00+09:00,TAXONOMY_APPROVED,안정적인 지지물(벤치 또는 의자 등)을 준비한다.,APPROVED,"[""KNEE""]","[""HIP""]",APPROVED,APPROVED
REX-000021,가슴·어깨 앞면 스트레칭,CHEST_FRONT_SHOULDER_STRETCH,"[{""source_id"":""gymvisual:1271"",""variant"":""BASE"",""source_name"":""chest and front of shoulder stretch""}]",gymvisual:1271,1,MOBILITY_STRETCH,MOBILITY,MOBILITY,BODYWEIGHT,BEGINNER,SUITABLE,family 내 대표 1개를 선택; 원천 설명·가이드 연결이 있음; 최종 안전·용량·권리 검수는 별도 유지.,SINGLETON_FAMILY,단일 원본 레코드이며 동일 family 내 병합 대상이 없음.,,ALTERNATIVE_RELATION_REVIEW_REQUIRED|BEGINNER_SUITABILITY_REVIEW_REQUIRED|DOMAIN_SAFETY_REVIEW_REQUIRED|EXECUTION_DOSAGE_REVIEW_REQUIRED|EXERCISE_FAMILY_REVIEW_REQUIRED|LOAD_PROFILE_REVIEW_REQUIRED|MEDIA_RIGHTS_REVIEW_REQUIRED|VARIANT_RELATION_REVIEW_REQUIRED,gymvisual:1271,chest and front of shoulder stretch,FAMILY_SELECTION_COMPLETE,true,ALTERNATIVE_RELATION_REVIEW_REQUIRED|BEGINNER_SUITABILITY_REVIEW_REQUIRED|DOMAIN_SAFETY_REVIEW_REQUIRED|EXECUTION_DOSAGE_REVIEW_REQUIRED|LOAD_PROFILE_REVIEW_REQUIRED|MEDIA_RIGHTS_REVIEW_REQUIRED,CHEST_FRONT_SHOULDER_STRETCH,NO_VARIANT_SINGLE_SOURCE,MOBILITY_STRETCH,equipment=BODYWEIGHT;requires_equipment=false;locations=HOME|GYM,NOT_APPLICABLE,APPROVED,DOMAIN_EXPERT_TAXONOMY_APPROVAL_2026_08_21,DOMAIN_EXPERT_REVIEW,2026-08-21T00:00:00+09:00,TAXONOMY_APPROVED,,APPROVED,"[""CHEST"",""SHOULDER""]","[""UPPER_BACK""]",APPROVED,APPROVED
REX-000022,클로즈 그립 푸시업,CLOSE_GRIP_PUSH_UP,"[{""source_id"":""gymvisual:0259"",""variant"":""BASE"",""source_name"":""close-grip push-up""}]",gymvisual:0259,1,HORIZONTAL_PUSH,STRENGTH,TRICEPS,BODYWEIGHT,BEGINNER,CONDITIONAL,family 내 대표 1개를 선택; 초보자 접근성 후보값이 있음; 원천 설명·가이드 연결이 있음; 기존 선정 후보가 RECOMMENDED임; 최종 안전·용량·권리 검수는 별도 유지.,SINGLETON_FAMILY,단일 원본 레코드이며 동일 family 내 병합 대상이 없음.,EXERCISE_FAMILY_BOUNDARY_REVIEW|HUMAN_REPRESENTATIVE_SELECTION_REVIEW,BEGINNER_SUITABILITY_REVIEW|EQUIPMENT_TAXONOMY_CANDIDATE_REVIEW|MOVEMENT_PATTERN_REVIEW,gymvisual:0259,close-grip push-up,FAMILY_SELECTION_COMPLETE,true,EXERCISE_FAMILY_BOUNDARY_REVIEW|HUMAN_REPRESENTATIVE_SELECTION_REVIEW|BEGINNER_SUITABILITY_REVIEW,CLOSE_GRIP_PUSH_UP,NO_VARIANT_SINGLE_SOURCE,HORIZONTAL_PUSH,equipment=BODYWEIGHT;requires_equipment=false;locations=HOME|GYM,NOT_APPLICABLE,APPROVED,DOMAIN_EXPERT_TAXONOMY_APPROVAL_2026_08_21,DOMAIN_EXPERT_REVIEW,2026-08-21T00:00:00+09:00,TAXONOMY_APPROVED,,APPROVED,"[""ELBOW"",""CHEST""]","[""SHOULDER"",""ABDOMEN""]",APPROVED,APPROVED
REX-000023,사이드 크런치,CRUNCH_VARIANT,"[{""source_id"":""gymvisual:0691"",""variant"":""BASE"",""source_name"":""seated side crunch (wall)""}]",gymvisual:0691,1,CORE_BRACE,STRENGTH,CORE,BODYWEIGHT,BEGINNER,REVIEW_REQUIRED,family 내 대표 1개를 선택; 원천 설명·가이드 연결이 있음; 최종 안전·용량·권리 검수는 별도 유지.,SINGLETON_FAMILY,단일 원본 레코드이며 동일 family 내 병합 대상이 없음.,,HUMAN_TAXONOMY_REVIEW_REQUIRED,gymvisual:0691,seated side crunch (wall),FAMILY_SELECTION_COMPLETE,false,,CRUNCH_VARIANT,NO_VARIANT_SINGLE_SOURCE,CORE_BRACE,equipment=BODYWEIGHT;requires_equipment=false;locations=HOME|GYM,NOT_APPLICABLE,APPROVED,DOMAIN_EXPERT_TAXONOMY_APPROVAL_2026_08_21,DOMAIN_EXPERT_REVIEW,2026-08-21T00:00:00+09:00,TAXONOMY_APPROVED,,APPROVED,"[""ABDOMEN""]","[""LOWER_BACK""]",APPROVED,APPROVED
REX-000024,데드버그,DEAD_BUG,"[{""source_id"":""gymvisual:0276"",""variant"":""BASE"",""source_name"":""dead bug""}]",gymvisual:0276,1,CORE_BRACE,STRENGTH,CORE,BODYWEIGHT,BEGINNER,SUITABLE,family 내 대표 1개를 선택; 초보자 접근성 후보값이 있음; 원천 설명·가이드 연결이 있음; 기존 선정 후보가 RECOMMENDED임; 최종 안전·용량·권리 검수는 별도 유지.,SINGLETON_FAMILY,단일 원본 레코드이며 동일 family 내 병합 대상이 없음.,EXERCISE_FAMILY_BOUNDARY_REVIEW|HUMAN_REPRESENTATIVE_SELECTION_REVIEW,BEGINNER_SUITABILITY_REVIEW|EQUIPMENT_TAXONOMY_CANDIDATE_REVIEW|MOVEMENT_PATTERN_REVIEW,gymvisual:0276,dead bug,FAMILY_SELECTION_COMPLETE,true,EXERCISE_FAMILY_BOUNDARY_REVIEW|HUMAN_REPRESENTATIVE_SELECTION_REVIEW|BEGINNER_SUITABILITY_REVIEW,DEAD_BUG,NO_VARIANT_SINGLE_SOURCE,CORE_BRACE,equipment=BODYWEIGHT;requires_equipment=false;locations=HOME|GYM,NOT_APPLICABLE,APPROVED,DOMAIN_EXPERT_TAXONOMY_APPROVAL_2026_08_21,DOMAIN_EXPERT_REVIEW,2026-08-21T00:00:00+09:00,TAXONOMY_APPROVED,,APPROVED,"[""ABDOMEN""]","[""LOWER_BACK""]",APPROVED,APPROVED
REX-000025,고블릿 스쿼트,DUMBBELL_GOBLET_SQUAT,"[{""source_id"":""gymvisual:1760"",""variant"":""BASE"",""source_name"":""dumbbell goblet squat""},{""source_id"":""wger:203"",""variant"":""BASE"",""source_name"":""Dumbbell Goblet Squat""}]",gymvisual:1760|wger:203,2,KNEE_DOMINANT,STRENGTH,QUADRICEPS,DUMBBELL,BEGINNER,CONDITIONAL,family 내 대표 1개를 선택; 표준 운동명이 명확함; 초보자 접근성 후보값이 있음; 원천 설명·가이드 연결이 있음; 기존 선정 후보가 RECOMMENDED임; 최종 안전·용량·권리 검수는 별도 유지.,MERGE_TO_FAMILY_KEEP_VARIANTS,"동일 목적과 수행 패턴(KNEE_DOMINANT)을 공유하는 후보를 family로 묶고, 장비·자세·그립·편측성·난이도 차이는 variant로 보존했다. 타겟 근육만 같은 후보는 이 family 근거로 사용하지 않았다.",EXERCISE_FAMILY_BOUNDARY_REVIEW|HUMAN_REPRESENTATIVE_SELECTION_REVIEW,BEGINNER_SUITABILITY_REVIEW|BEGINNER_SUITABILITY_REVIEW_REQUIRED|DOMAIN_SAFETY_REVIEW_REQUIRED|EQUIPMENT_TAXONOMY_CANDIDATE_REVIEW|EXECUTION_DOSAGE_REVIEW_REQUIRED|EXERCISE_TAXONOMY_MAPPING_REQUIRED|INSTRUCTION_CONTENT_REVIEW_REQUIRED|KOREAN_LOCALIZATION_REVIEW_REQUIRED|MEDIA_RIGHTS_REVIEW_REQUIRED|MOVEMENT_PATTERN_REVIEW|SOURCE_LICENSE_REVIEW_REQUIRED,gymvisual:1760,dumbbell goblet squat,FAMILY_SELECTION_COMPLETE,true,EXERCISE_FAMILY_BOUNDARY_REVIEW|HUMAN_REPRESENTATIVE_SELECTION_REVIEW|BEGINNER_SUITABILITY_REVIEW|BEGINNER_SUITABILITY_REVIEW_REQUIRED|DOMAIN_SAFETY_REVIEW_REQUIRED|EXECUTION_DOSAGE_REVIEW_REQUIRED|EXERCISE_TAXONOMY_MAPPING_REQUIRED|INSTRUCTION_CONTENT_REVIEW_REQUIRED|KOREAN_LOCALIZATION_REVIEW_REQUIRED|MEDIA_RIGHTS_REVIEW_REQUIRED|SOURCE_LICENSE_REVIEW_REQUIRED,DUMBBELL_GOBLET_SQUAT,KEEP_VARIANTS:2,KNEE_DOMINANT,equipment=DUMBBELL;requires_equipment=true;locations=HOME|GYM,NOT_APPLICABLE,APPROVED,DOMAIN_EXPERT_TAXONOMY_APPROVAL_2026_08_21,DOMAIN_EXPERT_REVIEW,2026-08-21T00:00:00+09:00,TAXONOMY_APPROVED,,APPROVED,"[""KNEE"",""HIP""]","[""ANKLE_FOOT""]",APPROVED,APPROVED
REX-000026,레터럴 레이즈,DUMBBELL_LATERAL_RAISE,"[{""source_id"":""gymvisual:0334"",""variant"":""BASE"",""source_name"":""dumbbell lateral raise""},{""source_id"":""gymvisual:0977"",""variant"":""BAND"",""source_name"":""band front lateral raise""}]",gymvisual:0334|gymvisual:0977,2,ISOLATION,STRENGTH,SHOULDERS,DUMBBELL,BEGINNER,SUITABLE,family 내 대표 1개를 선택; 표준 운동명이 명확함; 초보자 접근성 후보값이 있음; 원천 설명·가이드 연결이 있음; 기존 선정 후보가 RECOMMENDED임; 최종 안전·용량·권리 검수는 별도 유지.,MERGE_TO_FAMILY_KEEP_VARIANTS,"동일 목적과 수행 패턴(ISOLATION)을 공유하는 후보를 family로 묶고, 장비·자세·그립·편측성·난이도 차이는 variant로 보존했다. 타겟 근육만 같은 후보는 이 family 근거로 사용하지 않았다.",EXERCISE_FAMILY_BOUNDARY_REVIEW|HUMAN_REPRESENTATIVE_SELECTION_REVIEW,BEGINNER_SUITABILITY_REVIEW|EQUIPMENT_TAXONOMY_CANDIDATE_REVIEW|HUMAN_TAXONOMY_REVIEW_REQUIRED|MOVEMENT_PATTERN_REVIEW,gymvisual:0334,dumbbell lateral raise,FAMILY_SELECTION_COMPLETE,true,EXERCISE_FAMILY_BOUNDARY_REVIEW|HUMAN_REPRESENTATIVE_SELECTION_REVIEW|BEGINNER_SUITABILITY_REVIEW,DUMBBELL_LATERAL_RAISE,KEEP_VARIANTS:2,ISOLATION,equipment=DUMBBELL;requires_equipment=true;locations=HOME|GYM,NOT_APPLICABLE,APPROVED,DOMAIN_EXPERT_TAXONOMY_APPROVAL_2026_08_21,DOMAIN_EXPERT_REVIEW,2026-08-21T00:00:00+09:00,TAXONOMY_APPROVED,,APPROVED,"[""SHOULDER""]","[""ELBOW""]",APPROVED,APPROVED
REX-000027,프리처 컬,DUMBBELL_PREACHER_CURL,"[{""source_id"":""gymvisual:0372"",""variant"":""BASE"",""source_name"":""dumbbell preacher curl""},{""source_id"":""gymvisual:0402"",""variant"":""SEATED"",""source_name"":""dumbbell seated preacher curl""},{""source_id"":""gymvisual:0428"",""variant"":""STANDING"",""source_name"":""dumbbell standing preacher curl""},{""source_id"":""gymvisual:1646"",""variant"":""ALTERNATING"",""source_name"":""dumbbell alternate hammer preacher curl""},{""source_id"":""gymvisual:1647"",""variant"":""ALTERNATING"",""source_name"":""dumbbell alternate preacher curl""},{""source_id"":""gymvisual:2293"",""variant"":""STANDING"",""source_name"":""dumbbell standing zottman preacher curl""}]",gymvisual:0372|gymvisual:0402|gymvisual:0428|gymvisual:1646|gymvisual:1647|gymvisual:2293,6,ISOLATION,STRENGTH,BICEPS,DUMBBELL,BEGINNER,CONDITIONAL,family 내 대표 1개를 선택; 표준 운동명이 명확함; 초보자 접근성 후보값이 있음; 원천 설명·가이드 연결이 있음; 기존 선정 후보가 RECOMMENDED임; 최종 안전·용량·권리 검수는 별도 유지.,MERGE_TO_FAMILY_KEEP_VARIANTS,"동일 목적과 수행 패턴(ISOLATION)을 공유하는 후보를 family로 묶고, 장비·자세·그립·편측성·난이도 차이는 variant로 보존했다. 타겟 근육만 같은 후보는 이 family 근거로 사용하지 않았다.",EXERCISE_FAMILY_BOUNDARY_REVIEW|HUMAN_REPRESENTATIVE_SELECTION_REVIEW,BEGINNER_SUITABILITY_REVIEW|EQUIPMENT_TAXONOMY_CANDIDATE_REVIEW|HUMAN_TAXONOMY_REVIEW_REQUIRED|MOVEMENT_PATTERN_REVIEW,gymvisual:0372,dumbbell preacher curl,FAMILY_SELECTION_COMPLETE,true,EXERCISE_FAMILY_BOUNDARY_REVIEW|HUMAN_REPRESENTATIVE_SELECTION_REVIEW|BEGINNER_SUITABILITY_REVIEW,DUMBBELL_PREACHER_CURL,KEEP_VARIANTS:6,ISOLATION,equipment=DUMBBELL;requires_equipment=true;locations=HOME|GYM,NOT_APPLICABLE,APPROVED,DOMAIN_EXPERT_TAXONOMY_APPROVAL_2026_08_21,DOMAIN_EXPERT_REVIEW,2026-08-21T00:00:00+09:00,TAXONOMY_APPROVED,안정적인 지지물(벤치 또는 의자 등)을 준비한다.,APPROVED,"[""ELBOW""]","[""WRIST_HAND""]",APPROVED,APPROVED
REX-000028,리어 델트 플라이,DUMBBELL_REAR_FLY,"[{""source_id"":""gymvisual:0326"",""variant"":""INCLINE|REAR"",""source_name"":""dumbbell incline rear lateral raise""},{""source_id"":""gymvisual:0348"",""variant"":""LYING|REAR"",""source_name"":""dumbbell lying rear lateral raise""},{""source_id"":""gymvisual:0378"",""variant"":""BASE"",""source_name"":""dumbbell rear fly""},{""source_id"":""gymvisual:0379"",""variant"":""REAR"",""source_name"":""dumbbell rear lateral raise (support head)""},{""source_id"":""gymvisual:0380"",""variant"":""REAR"",""source_name"":""dumbbell rear lateral raise""}]",gymvisual:0326|gymvisual:0348|gymvisual:0378|gymvisual:0379|gymvisual:0380,5,ISOLATION,STRENGTH,SHOULDERS,DUMBBELL,BEGINNER,CONDITIONAL,family 내 대표 1개를 선택; 표준 운동명이 명확함; 초보자 접근성 후보값이 있음; 원천 설명·가이드 연결이 있음; 기존 선정 후보가 RECOMMENDED임; 최종 안전·용량·권리 검수는 별도 유지.,MERGE_TO_FAMILY_KEEP_VARIANTS,"동일 목적과 수행 패턴(ISOLATION)을 공유하는 후보를 family로 묶고, 장비·자세·그립·편측성·난이도 차이는 variant로 보존했다. 타겟 근육만 같은 후보는 이 family 근거로 사용하지 않았다.",EXERCISE_FAMILY_BOUNDARY_REVIEW|HUMAN_REPRESENTATIVE_SELECTION_REVIEW,BEGINNER_SUITABILITY_REVIEW|EQUIPMENT_TAXONOMY_CANDIDATE_REVIEW|HUMAN_TAXONOMY_REVIEW_REQUIRED|MOVEMENT_PATTERN_REVIEW,gymvisual:0378,dumbbell rear fly,FAMILY_SELECTION_COMPLETE,true,EXERCISE_FAMILY_BOUNDARY_REVIEW|HUMAN_REPRESENTATIVE_SELECTION_REVIEW|BEGINNER_SUITABILITY_REVIEW,DUMBBELL_REAR_FLY,KEEP_VARIANTS:5,ISOLATION,equipment=DUMBBELL;requires_equipment=true;locations=HOME|GYM,NOT_APPLICABLE,APPROVED,DOMAIN_EXPERT_TAXONOMY_APPROVAL_2026_08_21,DOMAIN_EXPERT_REVIEW,2026-08-21T00:00:00+09:00,TAXONOMY_APPROVED,,APPROVED,"[""SHOULDER""]","[""UPPER_BACK""]",APPROVED,APPROVED
REX-000029,슈러그,DUMBBELL_SHRUG,"[{""source_id"":""gymvisual:0220"",""variant"":""CABLE"",""source_name"":""cable shrug""},{""source_id"":""gymvisual:0304"",""variant"":""DECLINE|SOURCE_VERSION_2"",""source_name"":""dumbbell decline shrug v. 2""},{""source_id"":""gymvisual:0305"",""variant"":""DECLINE"",""source_name"":""dumbbell decline shrug""},{""source_id"":""gymvisual:0329"",""variant"":""INCLINE"",""source_name"":""dumbbell incline shrug""},{""source_id"":""gymvisual:0406"",""variant"":""BASE"",""source_name"":""dumbbell shrug""},{""source_id"":""gymvisual:1018"",""variant"":""BAND"",""source_name"":""band shrug""}]",gymvisual:0220|gymvisual:0304|gymvisual:0305|gymvisual:0329|gymvisual:0406|gymvisual:1018,6,ISOLATION,STRENGTH,BACK,DUMBBELL,BEGINNER,SUITABLE,family 내 대표 1개를 선택; 표준 운동명이 명확함; 초보자 접근성 후보값이 있음; 원천 설명·가이드 연결이 있음; 기존 선정 후보가 RECOMMENDED임; 최종 안전·용량·권리 검수는 별도 유지.,MERGE_TO_FAMILY_KEEP_VARIANTS,"동일 목적과 수행 패턴(ISOLATION)을 공유하는 후보를 family로 묶고, 장비·자세·그립·편측성·난이도 차이는 variant로 보존했다. 타겟 근육만 같은 후보는 이 family 근거로 사용하지 않았다.",EXERCISE_FAMILY_BOUNDARY_REVIEW|HUMAN_REPRESENTATIVE_SELECTION_REVIEW,BEGINNER_SUITABILITY_REVIEW|EQUIPMENT_TAXONOMY_CANDIDATE_REVIEW|HUMAN_TAXONOMY_REVIEW_REQUIRED|MOVEMENT_PATTERN_REVIEW,gymvisual:0406,dumbbell shrug,FAMILY_SELECTION_COMPLETE,true,EXERCISE_FAMILY_BOUNDARY_REVIEW|HUMAN_REPRESENTATIVE_SELECTION_REVIEW|BEGINNER_SUITABILITY_REVIEW,DUMBBELL_SHRUG,KEEP_VARIANTS:6,ISOLATION,equipment=DUMBBELL;requires_equipment=true;locations=HOME|GYM,NOT_APPLICABLE,APPROVED,DOMAIN_EXPERT_TAXONOMY_APPROVAL_2026_08_21,DOMAIN_EXPERT_REVIEW,2026-08-21T00:00:00+09:00,TAXONOMY_APPROVED,,APPROVED,"[""UPPER_BACK""]","[""SHOULDER""]",APPROVED,APPROVED
REX-000030,덤벨 바이셉스 컬,DUMBBELL_STANDING_CURL,"[{""source_id"":""gymvisual:0416"",""variant"":""BASE"",""source_name"":""dumbbell standing biceps curl""}]",gymvisual:0416,1,ISOLATION,STRENGTH,BICEPS,DUMBBELL,BEGINNER,SUITABLE,family 내 대표 1개를 선택; 초보자 접근성 후보값이 있음; 원천 설명·가이드 연결이 있음; 기존 선정 후보가 RECOMMENDED임; 최종 안전·용량·권리 검수는 별도 유지.,SINGLETON_FAMILY,단일 원본 레코드이며 동일 family 내 병합 대상이 없음.,EXERCISE_FAMILY_BOUNDARY_REVIEW|HUMAN_REPRESENTATIVE_SELECTION_REVIEW,BEGINNER_SUITABILITY_REVIEW|EQUIPMENT_TAXONOMY_CANDIDATE_REVIEW|MOVEMENT_PATTERN_REVIEW,gymvisual:0416,dumbbell standing biceps curl,FAMILY_SELECTION_COMPLETE,true,EXERCISE_FAMILY_BOUNDARY_REVIEW|HUMAN_REPRESENTATIVE_SELECTION_REVIEW|BEGINNER_SUITABILITY_REVIEW,DUMBBELL_STANDING_CURL,NO_VARIANT_SINGLE_SOURCE,ISOLATION,equipment=DUMBBELL;requires_equipment=true;locations=HOME|GYM,NOT_APPLICABLE,APPROVED,DOMAIN_EXPERT_TAXONOMY_APPROVAL_2026_08_21,DOMAIN_EXPERT_REVIEW,2026-08-21T00:00:00+09:00,TAXONOMY_APPROVED,,APPROVED,"[""ELBOW""]","[""WRIST_HAND""]",APPROVED,APPROVED
REX-000031,덤벨 스텝업 런지,DUMBBELL_STEP_UP_LUNGE,"[{""source_id"":""gymvisual:2796"",""variant"":""BASE"",""source_name"":""dumbbell step-up lunge""}]",gymvisual:2796,1,KNEE_DOMINANT,STRENGTH,QUADRICEPS,DUMBBELL,INTERMEDIATE,CONDITIONAL,family 내 대표 1개를 선택; 초보자 접근성 후보값이 있음; 원천 설명·가이드 연결이 있음; 기존 선정 후보가 RECOMMENDED임; 최종 안전·용량·권리 검수는 별도 유지.,SINGLETON_FAMILY,단일 원본 레코드이며 동일 family 내 병합 대상이 없음.,EXERCISE_FAMILY_BOUNDARY_REVIEW|HUMAN_REPRESENTATIVE_SELECTION_REVIEW,BEGINNER_SUITABILITY_REVIEW|EQUIPMENT_TAXONOMY_CANDIDATE_REVIEW|MOVEMENT_PATTERN_REVIEW,gymvisual:2796,dumbbell step-up lunge,FAMILY_SELECTION_COMPLETE,true,EXERCISE_FAMILY_BOUNDARY_REVIEW|HUMAN_REPRESENTATIVE_SELECTION_REVIEW|BEGINNER_SUITABILITY_REVIEW,DUMBBELL_STEP_UP_LUNGE,NO_VARIANT_SINGLE_SOURCE,KNEE_DOMINANT,equipment=DUMBBELL|STEP_BOX;requires_equipment=true;locations=HOME|GYM,NOT_APPLICABLE,APPROVED,DOMAIN_EXPERT_TAXONOMY_APPROVAL_2026_08_21,DOMAIN_EXPERT_REVIEW,2026-08-21T00:00:00+09:00,TAXONOMY_APPROVED,,APPROVED,"[""KNEE"",""HIP""]","[""ANKLE_FOOT""]",APPROVED,APPROVED
REX-000032,다이내믹 가슴 스트레칭,DYNAMIC_CHEST_STRETCH,"[{""source_id"":""gymvisual:1167"",""variant"":""BASE"",""source_name"":""dynamic chest stretch (male)""}]",gymvisual:1167,1,MOBILITY_STRETCH,MOBILITY,MOBILITY,BODYWEIGHT,BEGINNER,SUITABLE,family 내 대표 1개를 선택; 원천 설명·가이드 연결이 있음; 최종 안전·용량·권리 검수는 별도 유지.,SINGLETON_FAMILY,단일 원본 레코드이며 동일 family 내 병합 대상이 없음.,,ALTERNATIVE_RELATION_REVIEW_REQUIRED|BEGINNER_SUITABILITY_REVIEW_REQUIRED|DOMAIN_SAFETY_REVIEW_REQUIRED|EXECUTION_DOSAGE_REVIEW_REQUIRED|EXERCISE_FAMILY_REVIEW_REQUIRED|LOAD_PROFILE_REVIEW_REQUIRED|MEDIA_RIGHTS_REVIEW_REQUIRED|VARIANT_RELATION_REVIEW_REQUIRED,gymvisual:1167,dynamic chest stretch (male),FAMILY_SELECTION_COMPLETE,true,ALTERNATIVE_RELATION_REVIEW_REQUIRED|BEGINNER_SUITABILITY_REVIEW_REQUIRED|DOMAIN_SAFETY_REVIEW_REQUIRED|EXECUTION_DOSAGE_REVIEW_REQUIRED|LOAD_PROFILE_REVIEW_REQUIRED|MEDIA_RIGHTS_REVIEW_REQUIRED,DYNAMIC_CHEST_STRETCH,NO_VARIANT_SINGLE_SOURCE,MOBILITY_STRETCH,equipment=BODYWEIGHT;requires_equipment=false;locations=HOME|GYM,NOT_APPLICABLE,APPROVED,DOMAIN_EXPERT_TAXONOMY_APPROVAL_2026_08_21,DOMAIN_EXPERT_REVIEW,2026-08-21T00:00:00+09:00,TAXONOMY_APPROVED,,APPROVED,"[""CHEST""]","[""SHOULDER"",""UPPER_BACK""]",APPROVED,APPROVED
REX-000033,짐볼 고관절 스트레칭,EXERCISE_BALL_HIP_FLEXOR_STRETCH,"[{""source_id"":""gymvisual:1559"",""variant"":""BASE"",""source_name"":""exercise ball hip flexor stretch""}]",gymvisual:1559,1,MOBILITY_STRETCH,MOBILITY,MOBILITY,STABILITY_BALL,INTERMEDIATE,CONDITIONAL,family 내 대표 1개를 선택; 초보자 접근성 후보값이 있음; 원천 설명·가이드 연결이 있음; 최종 안전·용량·권리 검수는 별도 유지.,SINGLETON_FAMILY,단일 원본 레코드이며 동일 family 내 병합 대상이 없음.,,ALTERNATIVE_RELATION_REVIEW_REQUIRED|BEGINNER_SUITABILITY_REVIEW_REQUIRED|DOMAIN_SAFETY_REVIEW_REQUIRED|EXECUTION_DOSAGE_REVIEW_REQUIRED|EXERCISE_FAMILY_REVIEW_REQUIRED|LOAD_PROFILE_REVIEW_REQUIRED|MEDIA_RIGHTS_REVIEW_REQUIRED|VARIANT_RELATION_REVIEW_REQUIRED,gymvisual:1559,exercise ball hip flexor stretch,FAMILY_SELECTION_COMPLETE,true,ALTERNATIVE_RELATION_REVIEW_REQUIRED|BEGINNER_SUITABILITY_REVIEW_REQUIRED|DOMAIN_SAFETY_REVIEW_REQUIRED|EXECUTION_DOSAGE_REVIEW_REQUIRED|LOAD_PROFILE_REVIEW_REQUIRED|MEDIA_RIGHTS_REVIEW_REQUIRED,EXERCISE_BALL_HIP_FLEXOR_STRETCH,NO_VARIANT_SINGLE_SOURCE,MOBILITY_STRETCH,equipment=STABILITY_BALL;requires_equipment=true;locations=HOME|GYM,NOT_APPLICABLE,APPROVED,DOMAIN_EXPERT_TAXONOMY_APPROVAL_2026_08_21,DOMAIN_EXPERT_REVIEW,2026-08-21T00:00:00+09:00,TAXONOMY_APPROVED,,APPROVED,"[""HIP""]","[""LOWER_BACK""]",APPROVED,APPROVED
REX-000034,햄스트링 스트레칭,HAMSTRING_STRETCH,"[{""source_id"":""gymvisual:1511"",""variant"":""BASE"",""source_name"":""hamstring stretch""}]",gymvisual:1511,1,MOBILITY_STRETCH,MOBILITY,MOBILITY,BODYWEIGHT,BEGINNER,SUITABLE,family 내 대표 1개를 선택; 원천 설명·가이드 연결이 있음; 최종 안전·용량·권리 검수는 별도 유지.,SINGLETON_FAMILY,단일 원본 레코드이며 동일 family 내 병합 대상이 없음.,,ALTERNATIVE_RELATION_REVIEW_REQUIRED|BEGINNER_SUITABILITY_REVIEW_REQUIRED|DOMAIN_SAFETY_REVIEW_REQUIRED|EXECUTION_DOSAGE_REVIEW_REQUIRED|EXERCISE_FAMILY_REVIEW_REQUIRED|LOAD_PROFILE_REVIEW_REQUIRED|MEDIA_RIGHTS_REVIEW_REQUIRED|VARIANT_RELATION_REVIEW_REQUIRED,gymvisual:1511,hamstring stretch,FAMILY_SELECTION_COMPLETE,true,ALTERNATIVE_RELATION_REVIEW_REQUIRED|BEGINNER_SUITABILITY_REVIEW_REQUIRED|DOMAIN_SAFETY_REVIEW_REQUIRED|EXECUTION_DOSAGE_REVIEW_REQUIRED|LOAD_PROFILE_REVIEW_REQUIRED|MEDIA_RIGHTS_REVIEW_REQUIRED,HAMSTRING_STRETCH,NO_VARIANT_SINGLE_SOURCE,MOBILITY_STRETCH,equipment=BODYWEIGHT;requires_equipment=false;locations=HOME|GYM,NOT_APPLICABLE,APPROVED,DOMAIN_EXPERT_TAXONOMY_APPROVAL_2026_08_21,DOMAIN_EXPERT_REVIEW,2026-08-21T00:00:00+09:00,TAXONOMY_APPROVED,,APPROVED,"[""KNEE""]","[""HIP""]",APPROVED,APPROVED
REX-000035,손 악력 쥐기,HAND_GRIP_SQUEEZE,"[{""source_id"":""gymvisual:0854"",""variant"":""BASE"",""source_name"":""weighted standing hand squeeze""}]",gymvisual:0854,1,ISOLATION,STRENGTH,FOREARMS,WEIGHTED,BEGINNER,SUITABLE,family 내 대표 1개를 선택; 초보자 접근성 후보값이 있음; 원천 설명·가이드 연결이 있음; 기존 선정 후보가 RECOMMENDED임; 최종 안전·용량·권리 검수는 별도 유지.,SINGLETON_FAMILY,단일 원본 레코드이며 동일 family 내 병합 대상이 없음.,EXERCISE_FAMILY_BOUNDARY_REVIEW|HUMAN_REPRESENTATIVE_SELECTION_REVIEW,BEGINNER_SUITABILITY_REVIEW|EQUIPMENT_TAXONOMY_CANDIDATE_REVIEW|MOVEMENT_PATTERN_REVIEW,gymvisual:0854,weighted standing hand squeeze,FAMILY_SELECTION_COMPLETE,true,EXERCISE_FAMILY_BOUNDARY_REVIEW|HUMAN_REPRESENTATIVE_SELECTION_REVIEW|BEGINNER_SUITABILITY_REVIEW,HAND_GRIP_SQUEEZE,NO_VARIANT_SINGLE_SOURCE,ISOLATION,equipment=WEIGHTED;requires_equipment=true;locations=HOME|GYM,NOT_APPLICABLE,APPROVED,DOMAIN_EXPERT_TAXONOMY_APPROVAL_2026_08_21,DOMAIN_EXPERT_REVIEW,2026-08-21T00:00:00+09:00,TAXONOMY_APPROVED,,APPROVED,"[""WRIST_HAND""]","[""ELBOW""]",APPROVED,APPROVED
REX-000036,고관절 굴근·대퇴사두근 스트레칭,HIP_FLEXOR_QUADRICEPS_STRETCH,"[{""source_id"":""gymvisual:1564"",""variant"":""BASE"",""source_name"":""intermediate hip flexor and quad stretch""}]",gymvisual:1564,1,MOBILITY_STRETCH,MOBILITY,MOBILITY,ROPE,INTERMEDIATE,CONDITIONAL,family 내 대표 1개를 선택; 초보자 접근성 후보값이 있음; 원천 설명·가이드 연결이 있음; 최종 안전·용량·권리 검수는 별도 유지.,SINGLETON_FAMILY,단일 원본 레코드이며 동일 family 내 병합 대상이 없음.,,ALTERNATIVE_RELATION_REVIEW_REQUIRED|BEGINNER_SUITABILITY_REVIEW_REQUIRED|DOMAIN_SAFETY_REVIEW_REQUIRED|EXECUTION_DOSAGE_REVIEW_REQUIRED|EXERCISE_FAMILY_REVIEW_REQUIRED|LOAD_PROFILE_REVIEW_REQUIRED|MEDIA_RIGHTS_REVIEW_REQUIRED|VARIANT_RELATION_REVIEW_REQUIRED,gymvisual:1564,intermediate hip flexor and quad stretch,FAMILY_SELECTION_COMPLETE,true,ALTERNATIVE_RELATION_REVIEW_REQUIRED|BEGINNER_SUITABILITY_REVIEW_REQUIRED|DOMAIN_SAFETY_REVIEW_REQUIRED|EXECUTION_DOSAGE_REVIEW_REQUIRED|LOAD_PROFILE_REVIEW_REQUIRED|MEDIA_RIGHTS_REVIEW_REQUIRED,HIP_FLEXOR_QUADRICEPS_STRETCH,NO_VARIANT_SINGLE_SOURCE,MOBILITY_STRETCH,equipment=ROPE;requires_equipment=true;locations=HOME|GYM,NOT_APPLICABLE,APPROVED,DOMAIN_EXPERT_TAXONOMY_APPROVAL_2026_08_21,DOMAIN_EXPERT_REVIEW,2026-08-21T00:00:00+09:00,TAXONOMY_APPROVED,,APPROVED,"[""KNEE""]","[""HIP""]",APPROVED,APPROVED
REX-000037,인클라인 Y 레이즈,INCLINE_Y_RAISE,"[{""source_id"":""gymvisual:3541"",""variant"":""BASE"",""source_name"":""dumbbell incline y-raise""}]",gymvisual:3541,1,ISOLATION,STRENGTH,BACK,DUMBBELL,INTERMEDIATE,CONDITIONAL,family 내 대표 1개를 선택; 초보자 접근성 후보값이 있음; 원천 설명·가이드 연결이 있음; 기존 선정 후보가 RECOMMENDED임; 최종 안전·용량·권리 검수는 별도 유지.,SINGLETON_FAMILY,단일 원본 레코드이며 동일 family 내 병합 대상이 없음.,EXERCISE_FAMILY_BOUNDARY_REVIEW|HUMAN_REPRESENTATIVE_SELECTION_REVIEW,BEGINNER_SUITABILITY_REVIEW|EQUIPMENT_TAXONOMY_CANDIDATE_REVIEW|MOVEMENT_PATTERN_REVIEW,gymvisual:3541,dumbbell incline y-raise,FAMILY_SELECTION_COMPLETE,true,EXERCISE_FAMILY_BOUNDARY_REVIEW|HUMAN_REPRESENTATIVE_SELECTION_REVIEW|BEGINNER_SUITABILITY_REVIEW,INCLINE_Y_RAISE,NO_VARIANT_SINGLE_SOURCE,ISOLATION,equipment=DUMBBELL;requires_equipment=true;locations=HOME|GYM,NOT_APPLICABLE,APPROVED,DOMAIN_EXPERT_TAXONOMY_APPROVAL_2026_08_21,DOMAIN_EXPERT_REVIEW,2026-08-21T00:00:00+09:00,TAXONOMY_APPROVED,안정적인 지지물(벤치 또는 의자 등)을 준비한다.,APPROVED,"[""UPPER_BACK""]","[""SHOULDER"",""ELBOW""]",APPROVED,APPROVED
REX-000038,인버티드 로우,INVERTED_ROW,"[{""source_id"":""gymvisual:0498"",""variant"":""STRAPS"",""source_name"":""inverted row with straps""},{""source_id"":""gymvisual:0499"",""variant"":""BASE"",""source_name"":""inverted row""},{""source_id"":""gymvisual:2298"",""variant"":""BENCH_SUPPORT"",""source_name"":""inverted row on bench""},{""source_id"":""wger:1927"",""variant"":""PULL_UP_BAR"",""source_name"":""Inverted Lat Pull Down""}]",gymvisual:0498|gymvisual:0499|gymvisual:2298|wger:1927,4,HORIZONTAL_PULL,STRENGTH,BACK,BODYWEIGHT,INTERMEDIATE,CONDITIONAL,family 내 대표 1개를 선택; 표준 운동명이 명확함; 초보자 접근성 후보값이 있음; 원천 설명·가이드 연결이 있음; 기존 선정 후보가 RECOMMENDED임; 최종 안전·용량·권리 검수는 별도 유지.,MERGE_TO_FAMILY_KEEP_VARIANTS,"동일 목적과 수행 패턴(HORIZONTAL_PULL)을 공유하는 후보를 family로 묶고, 장비·자세·그립·편측성·난이도 차이는 variant로 보존했다. 타겟 근육만 같은 후보는 이 family 근거로 사용하지 않았다.",EXERCISE_FAMILY_BOUNDARY_REVIEW|HUMAN_REPRESENTATIVE_SELECTION_REVIEW,BEGINNER_SUITABILITY_REVIEW|BEGINNER_SUITABILITY_REVIEW_REQUIRED|DOMAIN_SAFETY_REVIEW_REQUIRED|EQUIPMENT_TAXONOMY_CANDIDATE_REVIEW|EXECUTION_DOSAGE_REVIEW_REQUIRED|EXERCISE_TAXONOMY_MAPPING_REQUIRED|HUMAN_TAXONOMY_REVIEW_REQUIRED|INSTRUCTION_CONTENT_REVIEW_REQUIRED|KOREAN_LOCALIZATION_REVIEW_REQUIRED|MOVEMENT_PATTERN_REVIEW|SOURCE_LICENSE_REVIEW_REQUIRED,gymvisual:0499,inverted row,FAMILY_SELECTION_COMPLETE,true,EXERCISE_FAMILY_BOUNDARY_REVIEW|HUMAN_REPRESENTATIVE_SELECTION_REVIEW|BEGINNER_SUITABILITY_REVIEW|BEGINNER_SUITABILITY_REVIEW_REQUIRED|DOMAIN_SAFETY_REVIEW_REQUIRED|EXECUTION_DOSAGE_REVIEW_REQUIRED|EXERCISE_TAXONOMY_MAPPING_REQUIRED|INSTRUCTION_CONTENT_REVIEW_REQUIRED|KOREAN_LOCALIZATION_REVIEW_REQUIRED|SOURCE_LICENSE_REVIEW_REQUIRED,INVERTED_ROW,KEEP_VARIANTS:4,HORIZONTAL_PULL,equipment=BODYWEIGHT;requires_equipment=false;locations=HOME|GYM,NOT_APPLICABLE,APPROVED,DOMAIN_EXPERT_TAXONOMY_APPROVAL_2026_08_21,DOMAIN_EXPERT_REVIEW,2026-08-21T00:00:00+09:00,TAXONOMY_APPROVED,,APPROVED,"[""UPPER_BACK""]","[""ELBOW"",""SHOULDER""]",APPROVED,APPROVED
REX-000039,무릎 꿇고 광배근 스트레칭,KNEELING_LAT_STRETCH,"[{""source_id"":""gymvisual:1346"",""variant"":""BASE"",""source_name"":""kneeling lat stretch""}]",gymvisual:1346,1,MOBILITY_STRETCH,MOBILITY,MOBILITY,BODYWEIGHT,BEGINNER,CONDITIONAL,family 내 대표 1개를 선택; 원천 설명·가이드 연결이 있음; 최종 안전·용량·권리 검수는 별도 유지.,SINGLETON_FAMILY,단일 원본 레코드이며 동일 family 내 병합 대상이 없음.,,ALTERNATIVE_RELATION_REVIEW_REQUIRED|BEGINNER_SUITABILITY_REVIEW_REQUIRED|DOMAIN_SAFETY_REVIEW_REQUIRED|EXECUTION_DOSAGE_REVIEW_REQUIRED|EXERCISE_FAMILY_REVIEW_REQUIRED|LOAD_PROFILE_REVIEW_REQUIRED|MEDIA_RIGHTS_REVIEW_REQUIRED|VARIANT_RELATION_REVIEW_REQUIRED,gymvisual:1346,kneeling lat stretch,FAMILY_SELECTION_COMPLETE,true,ALTERNATIVE_RELATION_REVIEW_REQUIRED|BEGINNER_SUITABILITY_REVIEW_REQUIRED|DOMAIN_SAFETY_REVIEW_REQUIRED|EXECUTION_DOSAGE_REVIEW_REQUIRED|LOAD_PROFILE_REVIEW_REQUIRED|MEDIA_RIGHTS_REVIEW_REQUIRED,KNEELING_LAT_STRETCH,NO_VARIANT_SINGLE_SOURCE,MOBILITY_STRETCH,equipment=BODYWEIGHT;requires_equipment=false;locations=HOME|GYM,NOT_APPLICABLE,APPROVED,DOMAIN_EXPERT_TAXONOMY_APPROVAL_2026_08_21,DOMAIN_EXPERT_REVIEW,2026-08-21T00:00:00+09:00,TAXONOMY_APPROVED,,APPROVED,"[""UPPER_BACK""]","[""SHOULDER"",""CHEST""]",APPROVED,APPROVED
REX-000040,랫풀다운,LAT_PULLDOWN,"[{""source_id"":""gymvisual:0198"",""variant"":""BASE"",""source_name"":""cable pulldown""},{""source_id"":""wger:1470"",""variant"":""CABLE|MACHINE|KNEELING|HALF_KNEELING"",""source_name"":""1-Arm Half-Kneeling Lat Pulldown""},{""source_id"":""wger:1510"",""variant"":""CABLE|MACHINE|NEUTRAL_GRIP"",""source_name"":""Neutral Grip Lat Pulldown""}]",gymvisual:0198|wger:1470|wger:1510,3,VERTICAL_PULL,STRENGTH,BACK,CABLE,BEGINNER,SUITABLE,family 내 대표 1개를 선택; 표준 운동명이 명확함; 초보자 접근성 후보값이 있음; 원천 설명·가이드 연결이 있음; 기존 선정 후보가 RECOMMENDED임; 최종 안전·용량·권리 검수는 별도 유지.,MERGE_TO_FAMILY_KEEP_VARIANTS,"동일 목적과 수행 패턴(VERTICAL_PULL)을 공유하는 후보를 family로 묶고, 장비·자세·그립·편측성·난이도 차이는 variant로 보존했다. 타겟 근육만 같은 후보는 이 family 근거로 사용하지 않았다.",EXERCISE_FAMILY_BOUNDARY_REVIEW|HUMAN_REPRESENTATIVE_SELECTION_REVIEW,BEGINNER_SUITABILITY_REVIEW|BEGINNER_SUITABILITY_REVIEW_REQUIRED|DOMAIN_SAFETY_REVIEW_REQUIRED|EQUIPMENT_TAXONOMY_CANDIDATE_REVIEW|EXECUTION_DOSAGE_REVIEW_REQUIRED|EXERCISE_TAXONOMY_MAPPING_REQUIRED|INSTRUCTION_CONTENT_REVIEW_REQUIRED|KOREAN_LOCALIZATION_REVIEW_REQUIRED|MOVEMENT_PATTERN_REVIEW|SOURCE_LICENSE_REVIEW_REQUIRED,gymvisual:0198,cable pulldown,FAMILY_SELECTION_COMPLETE,true,EXERCISE_FAMILY_BOUNDARY_REVIEW|HUMAN_REPRESENTATIVE_SELECTION_REVIEW|BEGINNER_SUITABILITY_REVIEW|BEGINNER_SUITABILITY_REVIEW_REQUIRED|DOMAIN_SAFETY_REVIEW_REQUIRED|EXECUTION_DOSAGE_REVIEW_REQUIRED|EXERCISE_TAXONOMY_MAPPING_REQUIRED|INSTRUCTION_CONTENT_REVIEW_REQUIRED|KOREAN_LOCALIZATION_REVIEW_REQUIRED|SOURCE_LICENSE_REVIEW_REQUIRED,LAT_PULLDOWN,KEEP_VARIANTS:3,VERTICAL_PULL,equipment=CABLE|MACHINE;requires_equipment=true;locations=GYM,NOT_APPLICABLE,APPROVED,DOMAIN_EXPERT_TAXONOMY_APPROVAL_2026_08_21,DOMAIN_EXPERT_REVIEW,2026-08-21T00:00:00+09:00,TAXONOMY_APPROVED,,APPROVED,"[""UPPER_BACK""]","[""ELBOW"",""SHOULDER""]",APPROVED,APPROVED
REX-000041,레그 프레스,LEG_PRESS,"[{""source_id"":""wger:371"",""variant"":""BASE"",""source_name"":""Leg Press""}]",wger:371,1,KNEE_DOMINANT,STRENGTH,QUADRICEPS,UNSPECIFIED,BEGINNER,SUITABLE,family 내 대표 1개를 선택; 표준 운동명이 명확함; 초보자 접근성 후보값이 있음; 최종 안전·용량·권리 검수는 별도 유지.,SINGLETON_FAMILY,단일 원본 레코드이며 동일 family 내 병합 대상이 없음.,,BEGINNER_SUITABILITY_REVIEW_REQUIRED|DOMAIN_SAFETY_REVIEW_REQUIRED|EXECUTION_DOSAGE_REVIEW_REQUIRED|EXERCISE_TAXONOMY_MAPPING_REQUIRED|INSTRUCTION_CONTENT_REVIEW_REQUIRED|KOREAN_LOCALIZATION_REVIEW_REQUIRED|MEDIA_RIGHTS_REVIEW_REQUIRED|SOURCE_EQUIPMENT_UNSPECIFIED|SOURCE_LICENSE_REVIEW_REQUIRED,wger:371,Leg Press,FAMILY_SELECTION_COMPLETE,true,BEGINNER_SUITABILITY_REVIEW_REQUIRED|DOMAIN_SAFETY_REVIEW_REQUIRED|EXECUTION_DOSAGE_REVIEW_REQUIRED|EXERCISE_TAXONOMY_MAPPING_REQUIRED|INSTRUCTION_CONTENT_REVIEW_REQUIRED|KOREAN_LOCALIZATION_REVIEW_REQUIRED|MEDIA_RIGHTS_REVIEW_REQUIRED|SOURCE_EQUIPMENT_UNSPECIFIED|SOURCE_LICENSE_REVIEW_REQUIRED,LEG_PRESS,NO_VARIANT_SINGLE_SOURCE,KNEE_DOMINANT,equipment=MACHINE;requires_equipment=true;locations=GYM,NOT_APPLICABLE,APPROVED,DOMAIN_EXPERT_TAXONOMY_APPROVAL_2026_08_21,DOMAIN_EXPERT_REVIEW,2026-08-21T00:00:00+09:00,TAXONOMY_APPROVED,,APPROVED,"[""KNEE"",""HIP""]","[""ANKLE_FOOT""]",APPROVED,APPROVED
REX-000042,누워서 햄스트링 스트레칭,LEG_UP_HAMSTRING_STRETCH,"[{""source_id"":""gymvisual:1576"",""variant"":""BASE"",""source_name"":""leg up hamstring stretch""}]",gymvisual:1576,1,MOBILITY_STRETCH,MOBILITY,MOBILITY,BODYWEIGHT,BEGINNER,SUITABLE,family 내 대표 1개를 선택; 원천 설명·가이드 연결이 있음; 최종 안전·용량·권리 검수는 별도 유지.,SINGLETON_FAMILY,단일 원본 레코드이며 동일 family 내 병합 대상이 없음.,,ALTERNATIVE_RELATION_REVIEW_REQUIRED|BEGINNER_SUITABILITY_REVIEW_REQUIRED|DOMAIN_SAFETY_REVIEW_REQUIRED|EXECUTION_DOSAGE_REVIEW_REQUIRED|EXERCISE_FAMILY_REVIEW_REQUIRED|LOAD_PROFILE_REVIEW_REQUIRED|MEDIA_RIGHTS_REVIEW_REQUIRED|VARIANT_RELATION_REVIEW_REQUIRED,gymvisual:1576,leg up hamstring stretch,FAMILY_SELECTION_COMPLETE,true,ALTERNATIVE_RELATION_REVIEW_REQUIRED|BEGINNER_SUITABILITY_REVIEW_REQUIRED|DOMAIN_SAFETY_REVIEW_REQUIRED|EXECUTION_DOSAGE_REVIEW_REQUIRED|LOAD_PROFILE_REVIEW_REQUIRED|MEDIA_RIGHTS_REVIEW_REQUIRED,LEG_UP_HAMSTRING_STRETCH,NO_VARIANT_SINGLE_SOURCE,MOBILITY_STRETCH,equipment=BODYWEIGHT;requires_equipment=false;locations=HOME|GYM,NOT_APPLICABLE,APPROVED,DOMAIN_EXPERT_TAXONOMY_APPROVAL_2026_08_21,DOMAIN_EXPERT_REVIEW,2026-08-21T00:00:00+09:00,TAXONOMY_APPROVED,,APPROVED,"[""KNEE""]","[""HIP""]",APPROVED,APPROVED
REX-000043,로어 백 컬,LOWER_BACK_CURL,"[{""source_id"":""gymvisual:1352"",""variant"":""BASE"",""source_name"":""lower back curl""}]",gymvisual:1352,1,CORE_BRACE,STRENGTH,BACK,BODYWEIGHT,INTERMEDIATE,REVIEW_REQUIRED,family 내 대표 1개를 선택; 원천 설명·가이드 연결이 있음; 기존 선정 후보가 RECOMMENDED임; 최종 안전·용량·권리 검수는 별도 유지.,SINGLETON_FAMILY,단일 원본 레코드이며 동일 family 내 병합 대상이 없음.,EXERCISE_FAMILY_BOUNDARY_REVIEW|HUMAN_REPRESENTATIVE_SELECTION_REVIEW,BEGINNER_SUITABILITY_REVIEW|EQUIPMENT_TAXONOMY_CANDIDATE_REVIEW|MOVEMENT_PATTERN_REVIEW,gymvisual:1352,lower back curl,FAMILY_SELECTION_COMPLETE,true,EXERCISE_FAMILY_BOUNDARY_REVIEW|HUMAN_REPRESENTATIVE_SELECTION_REVIEW|BEGINNER_SUITABILITY_REVIEW,LOWER_BACK_CURL,NO_VARIANT_SINGLE_SOURCE,CORE_BRACE,equipment=BODYWEIGHT;requires_equipment=false;locations=HOME|GYM,NOT_APPLICABLE,APPROVED,DOMAIN_EXPERT_TAXONOMY_APPROVAL_2026_08_21,DOMAIN_EXPERT_REVIEW,2026-08-21T00:00:00+09:00,TAXONOMY_APPROVED,,APPROVED,"[""LOWER_BACK""]","[""UPPER_BACK""]",APPROVED,APPROVED
REX-000044,레그 익스텐션,MACHINE_LEG_EXTENSION,"[{""source_id"":""gymvisual:0585"",""variant"":""BASE"",""source_name"":""lever leg extension""},{""source_id"":""gymvisual:3007"",""variant"":""BAND"",""source_name"":""resistance band leg extension""},{""source_id"":""wger:369"",""variant"":""SOURCE_VARIANT"",""source_name"":""Leg Extension""}]",gymvisual:0585|gymvisual:3007|wger:369,3,ISOLATION,STRENGTH,QUADRICEPS,MACHINE,BEGINNER,SUITABLE,family 내 대표 1개를 선택; family 핵심 동작명을 포함함; 초보자 접근성 후보값이 있음; 원천 설명·가이드 연결이 있음; 기존 선정 후보가 RECOMMENDED임; 최종 안전·용량·권리 검수는 별도 유지.,MERGE_TO_FAMILY_KEEP_VARIANTS,"동일 목적과 수행 패턴(ISOLATION)을 공유하는 후보를 family로 묶고, 장비·자세·그립·편측성·난이도 차이는 variant로 보존했다. 타겟 근육만 같은 후보는 이 family 근거로 사용하지 않았다.",EXERCISE_FAMILY_BOUNDARY_REVIEW|HUMAN_REPRESENTATIVE_SELECTION_REVIEW,BEGINNER_SUITABILITY_REVIEW|BEGINNER_SUITABILITY_REVIEW_REQUIRED|DOMAIN_SAFETY_REVIEW_REQUIRED|EQUIPMENT_TAXONOMY_CANDIDATE_REVIEW|EXECUTION_DOSAGE_REVIEW_REQUIRED|EXERCISE_TAXONOMY_MAPPING_REQUIRED|HUMAN_TAXONOMY_REVIEW_REQUIRED|INSTRUCTION_CONTENT_REVIEW_REQUIRED|KOREAN_LOCALIZATION_REVIEW_REQUIRED|MEDIA_RIGHTS_REVIEW_REQUIRED|MOVEMENT_PATTERN_REVIEW|SOURCE_EQUIPMENT_UNSPECIFIED|SOURCE_LICENSE_REVIEW_REQUIRED,gymvisual:0585,lever leg extension,FAMILY_SELECTION_COMPLETE,true,EXERCISE_FAMILY_BOUNDARY_REVIEW|HUMAN_REPRESENTATIVE_SELECTION_REVIEW|BEGINNER_SUITABILITY_REVIEW|BEGINNER_SUITABILITY_REVIEW_REQUIRED|DOMAIN_SAFETY_REVIEW_REQUIRED|EXECUTION_DOSAGE_REVIEW_REQUIRED|EXERCISE_TAXONOMY_MAPPING_REQUIRED|INSTRUCTION_CONTENT_REVIEW_REQUIRED|KOREAN_LOCALIZATION_REVIEW_REQUIRED|MEDIA_RIGHTS_REVIEW_REQUIRED|SOURCE_EQUIPMENT_UNSPECIFIED|SOURCE_LICENSE_REVIEW_REQUIRED,MACHINE_LEG_EXTENSION,KEEP_VARIANTS:3,ISOLATION,equipment=MACHINE;requires_equipment=true;locations=GYM,NOT_APPLICABLE,APPROVED,DOMAIN_EXPERT_TAXONOMY_APPROVAL_2026_08_21,DOMAIN_EXPERT_REVIEW,2026-08-21T00:00:00+09:00,TAXONOMY_APPROVED,,APPROVED,"[""KNEE""]","[""HIP""]",APPROVED,APPROVED
REX-000045,목 옆면 스트레칭,NECK_LATERAL_STRETCH,"[{""source_id"":""gymvisual:0716"",""variant"":""SOURCE_VARIANT"",""source_name"":""side push neck stretch""},{""source_id"":""gymvisual:1403"",""variant"":""BASE"",""source_name"":""neck side stretch""}]",gymvisual:0716|gymvisual:1403,2,MOBILITY_STRETCH,MOBILITY,MOBILITY,BODYWEIGHT,BEGINNER,CONDITIONAL,family 내 대표 1개를 선택; 원천 설명·가이드 연결이 있음; 최종 안전·용량·권리 검수는 별도 유지.,MERGE_TO_FAMILY_KEEP_VARIANTS,"동일 목적과 수행 패턴(MOBILITY_STRETCH)을 공유하는 후보를 family로 묶고, 장비·자세·그립·편측성·난이도 차이는 variant로 보존했다. 타겟 근육만 같은 후보는 이 family 근거로 사용하지 않았다.",,ALTERNATIVE_RELATION_REVIEW_REQUIRED|BEGINNER_SUITABILITY_REVIEW_REQUIRED|DOMAIN_SAFETY_REVIEW_REQUIRED|EXECUTION_DOSAGE_REVIEW_REQUIRED|EXERCISE_FAMILY_REVIEW_REQUIRED|LOAD_PROFILE_REVIEW_REQUIRED|MEDIA_RIGHTS_REVIEW_REQUIRED|VARIANT_RELATION_REVIEW_REQUIRED,gymvisual:1403,neck side stretch,FAMILY_SELECTION_COMPLETE,true,ALTERNATIVE_RELATION_REVIEW_REQUIRED|BEGINNER_SUITABILITY_REVIEW_REQUIRED|DOMAIN_SAFETY_REVIEW_REQUIRED|EXECUTION_DOSAGE_REVIEW_REQUIRED|LOAD_PROFILE_REVIEW_REQUIRED|MEDIA_RIGHTS_REVIEW_REQUIRED,NECK_LATERAL_STRETCH,KEEP_VARIANTS:2,MOBILITY_STRETCH,equipment=BODYWEIGHT;requires_equipment=false;locations=HOME|GYM,NOT_APPLICABLE,APPROVED,DOMAIN_EXPERT_TAXONOMY_APPROVAL_2026_08_21,DOMAIN_EXPERT_REVIEW,2026-08-21T00:00:00+09:00,TAXONOMY_APPROVED,,APPROVED,"[""NECK""]","[""SHOULDER""]",APPROVED,APPROVED
REX-000046,벽 짚고 한 팔 광배근 스트레칭,ONE_ARM_WALL_LATS,"[{""source_id"":""gymvisual:1355"",""variant"":""BASE"",""source_name"":""one arm against wall""}]",gymvisual:1355,1,ISOLATION,STRENGTH,BACK,BODYWEIGHT,BEGINNER,REVIEW_REQUIRED,family 내 대표 1개를 선택; 원천 설명·가이드 연결이 있음; 기존 선정 후보가 RECOMMENDED임; 최종 안전·용량·권리 검수는 별도 유지.,SINGLETON_FAMILY,단일 원본 레코드이며 동일 family 내 병합 대상이 없음.,EXERCISE_FAMILY_BOUNDARY_REVIEW|HUMAN_REPRESENTATIVE_SELECTION_REVIEW,BEGINNER_SUITABILITY_REVIEW|EQUIPMENT_TAXONOMY_CANDIDATE_REVIEW|MOVEMENT_PATTERN_REVIEW,gymvisual:1355,one arm against wall,FAMILY_SELECTION_COMPLETE,true,EXERCISE_FAMILY_BOUNDARY_REVIEW|HUMAN_REPRESENTATIVE_SELECTION_REVIEW|BEGINNER_SUITABILITY_REVIEW,ONE_ARM_WALL_LATS,NO_VARIANT_SINGLE_SOURCE,ISOLATION,equipment=BODYWEIGHT;requires_equipment=false;locations=HOME|GYM,NOT_APPLICABLE,APPROVED,DOMAIN_EXPERT_TAXONOMY_APPROVAL_2026_08_21,DOMAIN_EXPERT_REVIEW,2026-08-21T00:00:00+09:00,TAXONOMY_APPROVED,,APPROVED,"[""UPPER_BACK""]","[""SHOULDER"",""ELBOW""]",APPROVED,APPROVED
REX-000047,오버헤드 트라이셉스 익스텐션,OVERHEAD_TRICEPS_EXTENSION,"[{""source_id"":""gymvisual:0109"",""variant"":""BASE"",""source_name"":""barbell standing overhead triceps extension""}]",gymvisual:0109,1,ISOLATION,STRENGTH,TRICEPS,BARBELL,BEGINNER,CONDITIONAL,family 내 대표 1개를 선택; 초보자 접근성 후보값이 있음; 원천 설명·가이드 연결이 있음; 기존 선정 후보가 RECOMMENDED임; 최종 안전·용량·권리 검수는 별도 유지.,SINGLETON_FAMILY,단일 원본 레코드이며 동일 family 내 병합 대상이 없음.,EXERCISE_FAMILY_BOUNDARY_REVIEW|HUMAN_REPRESENTATIVE_SELECTION_REVIEW,BEGINNER_SUITABILITY_REVIEW|EQUIPMENT_TAXONOMY_CANDIDATE_REVIEW|MOVEMENT_PATTERN_REVIEW,gymvisual:0109,barbell standing overhead triceps extension,FAMILY_SELECTION_COMPLETE,true,EXERCISE_FAMILY_BOUNDARY_REVIEW|HUMAN_REPRESENTATIVE_SELECTION_REVIEW|BEGINNER_SUITABILITY_REVIEW,OVERHEAD_TRICEPS_EXTENSION,NO_VARIANT_SINGLE_SOURCE,ISOLATION,equipment=BARBELL;requires_equipment=true;locations=GYM,NOT_APPLICABLE,APPROVED,DOMAIN_EXPERT_TAXONOMY_APPROVAL_2026_08_21,DOMAIN_EXPERT_REVIEW,2026-08-21T00:00:00+09:00,TAXONOMY_APPROVED,,APPROVED,"[""ELBOW""]","[""SHOULDER""]",APPROVED,APPROVED
REX-000048,오버헤드 삼두근 스트레칭,OVERHEAD_TRICEPS_STRETCH,"[{""source_id"":""gymvisual:0643"",""variant"":""BASE"",""source_name"":""overhead triceps stretch""}]",gymvisual:0643,1,MOBILITY_STRETCH,MOBILITY,MOBILITY,BODYWEIGHT,BEGINNER,SUITABLE,family 내 대표 1개를 선택; 원천 설명·가이드 연결이 있음; 최종 안전·용량·권리 검수는 별도 유지.,SINGLETON_FAMILY,단일 원본 레코드이며 동일 family 내 병합 대상이 없음.,,ALTERNATIVE_RELATION_REVIEW_REQUIRED|BEGINNER_SUITABILITY_REVIEW_REQUIRED|DOMAIN_SAFETY_REVIEW_REQUIRED|EXECUTION_DOSAGE_REVIEW_REQUIRED|EXERCISE_FAMILY_REVIEW_REQUIRED|LOAD_PROFILE_REVIEW_REQUIRED|MEDIA_RIGHTS_REVIEW_REQUIRED|VARIANT_RELATION_REVIEW_REQUIRED,gymvisual:0643,overhead triceps stretch,FAMILY_SELECTION_COMPLETE,true,ALTERNATIVE_RELATION_REVIEW_REQUIRED|BEGINNER_SUITABILITY_REVIEW_REQUIRED|DOMAIN_SAFETY_REVIEW_REQUIRED|EXECUTION_DOSAGE_REVIEW_REQUIRED|LOAD_PROFILE_REVIEW_REQUIRED|MEDIA_RIGHTS_REVIEW_REQUIRED,OVERHEAD_TRICEPS_STRETCH,NO_VARIANT_SINGLE_SOURCE,MOBILITY_STRETCH,equipment=BODYWEIGHT;requires_equipment=false;locations=HOME|GYM,NOT_APPLICABLE,APPROVED,DOMAIN_EXPERT_TAXONOMY_APPROVAL_2026_08_21,DOMAIN_EXPERT_REVIEW,2026-08-21T00:00:00+09:00,TAXONOMY_APPROVED,,APPROVED,"[""ELBOW""]","[""SHOULDER"",""WRIST_HAND""]",APPROVED,APPROVED
REX-000049,체스트 프레스,PECTORALS_HORIZONTAL_PUSH,"[{""source_id"":""wger:1094"",""variant"":""BASE"",""source_name"":""Seated Bench Press""},{""source_id"":""wger:1656"",""variant"":""CABLE|MACHINE|DECLINE"",""source_name"":""Cable Chest Press - Decline""},{""source_id"":""wger:537"",""variant"":""DUMBBELL|BENCH|INCLINE"",""source_name"":""Incline Bench Press - Dumbbell""}]",wger:1094|wger:1656|wger:537,3,HORIZONTAL_PUSH,STRENGTH,CHEST,BENCH,BEGINNER,SUITABLE,family 내 대표 1개를 선택; 표준 운동명이 명확함; 초보자 접근성 후보값이 있음; 최종 안전·용량·권리 검수는 별도 유지.,MERGE_TO_FAMILY_KEEP_VARIANTS,"동일 목적과 수행 패턴(HORIZONTAL_PUSH)을 공유하는 후보를 family로 묶고, 장비·자세·그립·편측성·난이도 차이는 variant로 보존했다. 타겟 근육만 같은 후보는 이 family 근거로 사용하지 않았다.",,BEGINNER_SUITABILITY_REVIEW_REQUIRED|DOMAIN_SAFETY_REVIEW_REQUIRED|EXECUTION_DOSAGE_REVIEW_REQUIRED|EXERCISE_TAXONOMY_MAPPING_REQUIRED|INSTRUCTION_CONTENT_REVIEW_REQUIRED|KOREAN_LOCALIZATION_REVIEW_REQUIRED|MEDIA_RIGHTS_REVIEW_REQUIRED|SOURCE_LICENSE_REVIEW_REQUIRED,wger:1094,Seated Bench Press,FAMILY_SELECTION_COMPLETE,true,BEGINNER_SUITABILITY_REVIEW_REQUIRED|DOMAIN_SAFETY_REVIEW_REQUIRED|EXECUTION_DOSAGE_REVIEW_REQUIRED|EXERCISE_TAXONOMY_MAPPING_REQUIRED|INSTRUCTION_CONTENT_REVIEW_REQUIRED|KOREAN_LOCALIZATION_REVIEW_REQUIRED|MEDIA_RIGHTS_REVIEW_REQUIRED|SOURCE_LICENSE_REVIEW_REQUIRED,PECTORALS_HORIZONTAL_PUSH,KEEP_VARIANTS:3,HORIZONTAL_PUSH,equipment=BODYWEIGHT;requires_equipment=true;locations=GYM,NOT_APPLICABLE,APPROVED,DOMAIN_EXPERT_TAXONOMY_APPROVAL_2026_08_21,DOMAIN_EXPERT_REVIEW,2026-08-21T00:00:00+09:00,TAXONOMY_APPROVED,안정적인 지지물(벤치 또는 의자 등)을 준비한다.,APPROVED,"[""CHEST""]","[""SHOULDER"",""ELBOW""]",APPROVED,APPROVED
REX-000050,종아리 바깥쪽 스트레칭,PERONEAL_STRETCH,"[{""source_id"":""gymvisual:1388"",""variant"":""BASE"",""source_name"":""peroneals stretch""}]",gymvisual:1388,1,MOBILITY_STRETCH,MOBILITY,MOBILITY,ROPE,INTERMEDIATE,CONDITIONAL,family 내 대표 1개를 선택; 초보자 접근성 후보값이 있음; 원천 설명·가이드 연결이 있음; 최종 안전·용량·권리 검수는 별도 유지.,SINGLETON_FAMILY,단일 원본 레코드이며 동일 family 내 병합 대상이 없음.,,ALTERNATIVE_RELATION_REVIEW_REQUIRED|BEGINNER_SUITABILITY_REVIEW_REQUIRED|DOMAIN_SAFETY_REVIEW_REQUIRED|EXECUTION_DOSAGE_REVIEW_REQUIRED|EXERCISE_FAMILY_REVIEW_REQUIRED|LOAD_PROFILE_REVIEW_REQUIRED|MEDIA_RIGHTS_REVIEW_REQUIRED|VARIANT_RELATION_REVIEW_REQUIRED,gymvisual:1388,peroneals stretch,FAMILY_SELECTION_COMPLETE,true,ALTERNATIVE_RELATION_REVIEW_REQUIRED|BEGINNER_SUITABILITY_REVIEW_REQUIRED|DOMAIN_SAFETY_REVIEW_REQUIRED|EXECUTION_DOSAGE_REVIEW_REQUIRED|LOAD_PROFILE_REVIEW_REQUIRED|MEDIA_RIGHTS_REVIEW_REQUIRED,PERONEAL_STRETCH,NO_VARIANT_SINGLE_SOURCE,MOBILITY_STRETCH,equipment=ROPE;requires_equipment=true;locations=HOME|GYM,NOT_APPLICABLE,APPROVED,DOMAIN_EXPERT_TAXONOMY_APPROVAL_2026_08_21,DOMAIN_EXPERT_REVIEW,2026-08-21T00:00:00+09:00,TAXONOMY_APPROVED,,APPROVED,"[""ANKLE_FOOT""]","[""KNEE""]",APPROVED,APPROVED
REX-000051,플랭크 로테이션,PLANK_ROTATION,"[{""source_id"":""gymvisual:0464"",""variant"":""BASE"",""source_name"":""front plank with twist""}]",gymvisual:0464,1,CORE_BRACE,STRENGTH,CORE,BODYWEIGHT,INTERMEDIATE,CONDITIONAL,family 내 대표 1개를 선택; 초보자 접근성 후보값이 있음; 원천 설명·가이드 연결이 있음; 기존 선정 후보가 RECOMMENDED임; 최종 안전·용량·권리 검수는 별도 유지.,SINGLETON_FAMILY,단일 원본 레코드이며 동일 family 내 병합 대상이 없음.,EXERCISE_FAMILY_BOUNDARY_REVIEW|HUMAN_REPRESENTATIVE_SELECTION_REVIEW,BEGINNER_SUITABILITY_REVIEW|EQUIPMENT_TAXONOMY_CANDIDATE_REVIEW|MOVEMENT_PATTERN_REVIEW,gymvisual:0464,front plank with twist,FAMILY_SELECTION_COMPLETE,true,EXERCISE_FAMILY_BOUNDARY_REVIEW|HUMAN_REPRESENTATIVE_SELECTION_REVIEW|BEGINNER_SUITABILITY_REVIEW,PLANK_ROTATION,NO_VARIANT_SINGLE_SOURCE,CORE_BRACE,equipment=BODYWEIGHT;requires_equipment=false;locations=HOME|GYM,NOT_APPLICABLE,APPROVED,DOMAIN_EXPERT_TAXONOMY_APPROVAL_2026_08_21,DOMAIN_EXPERT_REVIEW,2026-08-21T00:00:00+09:00,TAXONOMY_APPROVED,,APPROVED,"[""ABDOMEN""]","[""LOWER_BACK""]",APPROVED,APPROVED
REX-000052,푸시업,PUSH_UP,"[{""source_id"":""gymvisual:0662"",""variant"":""BASE"",""source_name"":""push-up""}]",gymvisual:0662,1,HORIZONTAL_PUSH,STRENGTH,CHEST,BODYWEIGHT,BEGINNER,SUITABLE,family 내 대표 1개를 선택; 표준 운동명이 명확함; 초보자 접근성 후보값이 있음; 원천 설명·가이드 연결이 있음; 기존 선정 후보가 RECOMMENDED임; 최종 안전·용량·권리 검수는 별도 유지.,SINGLETON_FAMILY,단일 원본 레코드이며 동일 family 내 병합 대상이 없음.,EXERCISE_FAMILY_BOUNDARY_REVIEW|HUMAN_REPRESENTATIVE_SELECTION_REVIEW,BEGINNER_SUITABILITY_REVIEW|EQUIPMENT_TAXONOMY_CANDIDATE_REVIEW|MOVEMENT_PATTERN_REVIEW,gymvisual:0662,push-up,FAMILY_SELECTION_COMPLETE,true,EXERCISE_FAMILY_BOUNDARY_REVIEW|HUMAN_REPRESENTATIVE_SELECTION_REVIEW|BEGINNER_SUITABILITY_REVIEW,PUSH_UP,NO_VARIANT_SINGLE_SOURCE,HORIZONTAL_PUSH,equipment=BODYWEIGHT;requires_equipment=false;locations=HOME|GYM,NOT_APPLICABLE,APPROVED,DOMAIN_EXPERT_TAXONOMY_APPROVAL_2026_08_21,DOMAIN_EXPERT_REVIEW,2026-08-21T00:00:00+09:00,TAXONOMY_APPROVED,,APPROVED,"[""CHEST""]","[""SHOULDER"",""ELBOW""]",APPROVED,APPROVED
REX-000053,후면 어깨 스트레칭,REAR_DELTOID_STRETCH,"[{""source_id"":""gymvisual:0669"",""variant"":""BASE"",""source_name"":""rear deltoid stretch""}]",gymvisual:0669,1,MOBILITY_STRETCH,MOBILITY,MOBILITY,BODYWEIGHT,BEGINNER,SUITABLE,family 내 대표 1개를 선택; 원천 설명·가이드 연결이 있음; 최종 안전·용량·권리 검수는 별도 유지.,SINGLETON_FAMILY,단일 원본 레코드이며 동일 family 내 병합 대상이 없음.,,ALTERNATIVE_RELATION_REVIEW_REQUIRED|BEGINNER_SUITABILITY_REVIEW_REQUIRED|DOMAIN_SAFETY_REVIEW_REQUIRED|EXECUTION_DOSAGE_REVIEW_REQUIRED|EXERCISE_FAMILY_REVIEW_REQUIRED|LOAD_PROFILE_REVIEW_REQUIRED|MEDIA_RIGHTS_REVIEW_REQUIRED|VARIANT_RELATION_REVIEW_REQUIRED,gymvisual:0669,rear deltoid stretch,FAMILY_SELECTION_COMPLETE,true,ALTERNATIVE_RELATION_REVIEW_REQUIRED|BEGINNER_SUITABILITY_REVIEW_REQUIRED|DOMAIN_SAFETY_REVIEW_REQUIRED|EXECUTION_DOSAGE_REVIEW_REQUIRED|LOAD_PROFILE_REVIEW_REQUIRED|MEDIA_RIGHTS_REVIEW_REQUIRED,REAR_DELTOID_STRETCH,NO_VARIANT_SINGLE_SOURCE,MOBILITY_STRETCH,equipment=BODYWEIGHT;requires_equipment=false;locations=HOME|GYM,NOT_APPLICABLE,APPROVED,DOMAIN_EXPERT_TAXONOMY_APPROVAL_2026_08_21,DOMAIN_EXPERT_REVIEW,2026-08-21T00:00:00+09:00,TAXONOMY_APPROVED,,APPROVED,"[""SHOULDER""]","[""UPPER_BACK""]",APPROVED,APPROVED
REX-000054,리버스 카프 레이즈,REVERSE_CALF_RAISE,"[{""source_id"":""gymvisual:0763"",""variant"":""MACHINE|REVERSE"",""source_name"":""smith reverse calf raises""},{""source_id"":""gymvisual:1000"",""variant"":""BASE"",""source_name"":""band single leg reverse calf raise""}]",gymvisual:0763|gymvisual:1000,2,ISOLATION,STRENGTH,CALVES,BAND,INTERMEDIATE,CONDITIONAL,family 내 대표 1개를 선택; 초보자 접근성 후보값이 있음; 원천 설명·가이드 연결이 있음; 기존 선정 후보가 RECOMMENDED임; 최종 안전·용량·권리 검수는 별도 유지.,MERGE_TO_FAMILY_KEEP_VARIANTS,"동일 목적과 수행 패턴(ISOLATION)을 공유하는 후보를 family로 묶고, 장비·자세·그립·편측성·난이도 차이는 variant로 보존했다. 타겟 근육만 같은 후보는 이 family 근거로 사용하지 않았다.",EXERCISE_FAMILY_BOUNDARY_REVIEW|HUMAN_REPRESENTATIVE_SELECTION_REVIEW,BEGINNER_SUITABILITY_REVIEW|EQUIPMENT_TAXONOMY_CANDIDATE_REVIEW|HUMAN_TAXONOMY_REVIEW_REQUIRED|MOVEMENT_PATTERN_REVIEW,gymvisual:1000,band single leg reverse calf raise,FAMILY_SELECTION_COMPLETE,true,EXERCISE_FAMILY_BOUNDARY_REVIEW|HUMAN_REPRESENTATIVE_SELECTION_REVIEW|BEGINNER_SUITABILITY_REVIEW,REVERSE_CALF_RAISE,KEEP_VARIANTS:2,ISOLATION,equipment=BAND;requires_equipment=true;locations=HOME|GYM,NOT_APPLICABLE,APPROVED,DOMAIN_EXPERT_TAXONOMY_APPROVAL_2026_08_21,DOMAIN_EXPERT_REVIEW,2026-08-21T00:00:00+09:00,TAXONOMY_APPROVED,,APPROVED,"[""ANKLE_FOOT""]","[""KNEE""]",APPROVED,APPROVED
REX-000055,리버스 리스트 컬,REVERSE_WRIST_CURL,"[{""source_id"":""gymvisual:0082"",""variant"":""BASE"",""source_name"":""barbell reverse wrist curl""},{""source_id"":""gymvisual:0368"",""variant"":""DUMBBELL|BENCH_SUPPORT"",""source_name"":""dumbbell over bench revers wrist curl""},{""source_id"":""gymvisual:0385"",""variant"":""DUMBBELL|REVERSE"",""source_name"":""dumbbell reverse wrist curl""},{""source_id"":""gymvisual:0994"",""variant"":""BAND|REVERSE"",""source_name"":""band reverse wrist curl""}]",gymvisual:0082|gymvisual:0368|gymvisual:0385|gymvisual:0994,4,ISOLATION,STRENGTH,FOREARMS,BARBELL,BEGINNER,SUITABLE,family 내 대표 1개를 선택; 초보자 접근성 후보값이 있음; 원천 설명·가이드 연결이 있음; 기존 선정 후보가 RECOMMENDED임; 최종 안전·용량·권리 검수는 별도 유지.,MERGE_TO_FAMILY_KEEP_VARIANTS,"동일 목적과 수행 패턴(ISOLATION)을 공유하는 후보를 family로 묶고, 장비·자세·그립·편측성·난이도 차이는 variant로 보존했다. 타겟 근육만 같은 후보는 이 family 근거로 사용하지 않았다.",EXERCISE_FAMILY_BOUNDARY_REVIEW|HUMAN_REPRESENTATIVE_SELECTION_REVIEW,BEGINNER_SUITABILITY_REVIEW|EQUIPMENT_TAXONOMY_CANDIDATE_REVIEW|HUMAN_TAXONOMY_REVIEW_REQUIRED|MOVEMENT_PATTERN_REVIEW,gymvisual:0082,barbell reverse wrist curl,FAMILY_SELECTION_COMPLETE,true,EXERCISE_FAMILY_BOUNDARY_REVIEW|HUMAN_REPRESENTATIVE_SELECTION_REVIEW|BEGINNER_SUITABILITY_REVIEW,REVERSE_WRIST_CURL,KEEP_VARIANTS:4,ISOLATION,equipment=BARBELL;requires_equipment=true;locations=GYM,NOT_APPLICABLE,APPROVED,DOMAIN_EXPERT_TAXONOMY_APPROVAL_2026_08_21,DOMAIN_EXPERT_REVIEW,2026-08-21T00:00:00+09:00,TAXONOMY_APPROVED,,APPROVED,"[""WRIST_HAND""]","[""ELBOW""]",APPROVED,APPROVED
REX-000056,앞뒤 스텝,CARDIO,"[{""source_id"":""gymvisual:3672"",""variant"":""BASE"",""source_name"":""back and forth step""}]",gymvisual:3672,1,GAIT,CARDIO,CARDIO,BODYWEIGHT,BEGINNER,CONDITIONAL,대표 후보로는 포함하되 family·movement pattern taxonomy와 운영 적합성 검토가 남아 있어 provisional로 표시함.,PROVISIONAL_SINGLETON_REVIEW_REQUIRED,원천 후보를 대표 카탈로그에 포함하되 family taxonomy가 미확정이므로 자동 병합하지 않은 provisional singleton이다. 사람 검토 후 family 통합 또는 분리를 확정해야 한다.,,,gymvisual:3672,back and forth step,FAMILY_SELECTION_COMPLETE,false,,CARDIO,NO_VARIANT_SINGLE_SOURCE,GAIT,equipment=BODYWEIGHT;requires_equipment=false;locations=HOME,NO_EQUIPMENT_BODYWEIGHT,APPROVED,DOMAIN_EXPERT_TAXONOMY_APPROVAL_2026_08_21,DOMAIN_EXPERT_REVIEW,2026-08-21T00:00:00+09:00,TAXONOMY_APPROVED,,APPROVED,"[""ANKLE_FOOT"",""KNEE""]","[""HIP""]",APPROVED,APPROVED
REX-000057,의자 잡고 무릎 들기,HIP_FLEXION,"[{""source_id"":""kspo:46ea8fdbe34474fac354a051f63b114e0a6d20a21f71226ae0db5da216d14861"",""variant"":""BASE"",""source_name"":""의자잡고 전방으로 무릎 굽혀 들기""}]",kspo:46ea8fdbe34474fac354a051f63b114e0a6d20a21f71226ae0db5da216d14861,1,ISOLATION,STRENGTH,QUADRICEPS,CHAIR,BEGINNER,CONDITIONAL,대표 후보로는 포함하되 family·movement pattern taxonomy와 운영 적합성 검토가 남아 있어 provisional로 표시함.,PROVISIONAL_SINGLETON_REVIEW_REQUIRED,원천 후보를 대표 카탈로그에 포함하되 family taxonomy가 미확정이므로 자동 병합하지 않은 provisional singleton이다. 사람 검토 후 family 통합 또는 분리를 확정해야 한다.,,,kspo:46ea8fdbe34474fac354a051f63b114e0a6d20a21f71226ae0db5da216d14861,의자잡고 전방으로 무릎 굽혀 들기,FAMILY_SELECTION_COMPLETE,false,,HIP_FLEXION,NO_VARIANT_SINGLE_SOURCE,ISOLATION,equipment=BODYWEIGHT;requires_equipment=true;locations=HOME,NOT_APPLICABLE,APPROVED,DOMAIN_EXPERT_TAXONOMY_APPROVAL_2026_08_21,DOMAIN_EXPERT_REVIEW,2026-08-21T00:00:00+09:00,TAXONOMY_APPROVED,안정적인 지지물(벤치 또는 의자 등)을 준비한다.,APPROVED,"[""KNEE""]","[""HIP"",""ANKLE_FOOT""]",APPROVED,APPROVED
REX-000058,하이니,CARDIO,"[{""source_id"":""gymvisual:3636"",""variant"":""BASE"",""source_name"":""high knee against wall""}]",gymvisual:3636,1,GAIT,CARDIO,CARDIO,BODYWEIGHT,BEGINNER,CONDITIONAL,대표 후보로는 포함하되 family·movement pattern taxonomy와 운영 적합성 검토가 남아 있어 provisional로 표시함.,PROVISIONAL_SINGLETON_REVIEW_REQUIRED,원천 후보를 대표 카탈로그에 포함하되 family taxonomy가 미확정이므로 자동 병합하지 않은 provisional singleton이다. 사람 검토 후 family 통합 또는 분리를 확정해야 한다.,,,gymvisual:3636,high knee against wall,FAMILY_SELECTION_COMPLETE,false,,CARDIO,NO_VARIANT_SINGLE_SOURCE,GAIT,equipment=BODYWEIGHT;requires_equipment=false;locations=HOME,NO_EQUIPMENT_BODYWEIGHT,APPROVED,DOMAIN_EXPERT_TAXONOMY_APPROVAL_2026_08_21,DOMAIN_EXPERT_REVIEW,2026-08-21T00:00:00+09:00,TAXONOMY_APPROVED,,APPROVED,"[""KNEE"",""HIP""]","[""ANKLE_FOOT""]",APPROVED,APPROVED
REX-000059,점핑잭,CARDIO,"[{""source_id"":""gymvisual:3224"",""variant"":""BASE"",""source_name"":""jack jump (male)""}]",gymvisual:3224,1,JUMP_PLYOMETRIC,CARDIO,CARDIO,BODYWEIGHT,BEGINNER,CONDITIONAL,대표 후보로는 포함하되 family·movement pattern taxonomy와 운영 적합성 검토가 남아 있어 provisional로 표시함.,PROVISIONAL_SINGLETON_REVIEW_REQUIRED,원천 후보를 대표 카탈로그에 포함하되 family taxonomy가 미확정이므로 자동 병합하지 않은 provisional singleton이다. 사람 검토 후 family 통합 또는 분리를 확정해야 한다.,,,gymvisual:3224,jack jump (male),FAMILY_SELECTION_COMPLETE,false,,CARDIO,NO_VARIANT_SINGLE_SOURCE,JUMP_PLYOMETRIC,equipment=BODYWEIGHT;requires_equipment=false;locations=HOME|GYM,NO_EQUIPMENT_BODYWEIGHT,APPROVED,DOMAIN_EXPERT_TAXONOMY_APPROVAL_2026_08_21,DOMAIN_EXPERT_REVIEW,2026-08-21T00:00:00+09:00,TAXONOMY_APPROVED,,APPROVED,"[""ANKLE_FOOT"",""KNEE""]","[""HIP"",""SHOULDER""]",APPROVED,APPROVED
REX-000060,줄넘기,CARDIO,"[{""source_id"":""gymvisual:2612"",""variant"":""BASE"",""source_name"":""jump rope""}]",gymvisual:2612,1,JUMP_PLYOMETRIC,CARDIO,CARDIO,JUMP_ROPE,INTERMEDIATE,CONDITIONAL,대표 후보로는 포함하되 family·movement pattern taxonomy와 운영 적합성 검토가 남아 있어 provisional로 표시함.,PROVISIONAL_SINGLETON_REVIEW_REQUIRED,원천 후보를 대표 카탈로그에 포함하되 family taxonomy가 미확정이므로 자동 병합하지 않은 provisional singleton이다. 사람 검토 후 family 통합 또는 분리를 확정해야 한다.,,,gymvisual:2612,jump rope,FAMILY_SELECTION_COMPLETE,false,,CARDIO,NO_VARIANT_SINGLE_SOURCE,JUMP_PLYOMETRIC,equipment=JUMP_ROPE;requires_equipment=true;locations=HOME|GYM,JUMP_ROPE,APPROVED,DOMAIN_EXPERT_TAXONOMY_APPROVAL_2026_08_21,DOMAIN_EXPERT_REVIEW,2026-08-21T00:00:00+09:00,TAXONOMY_APPROVED,,APPROVED,"[""ANKLE_FOOT"",""KNEE""]","[""HIP""]",APPROVED,APPROVED
REX-000061,케틀벨 스윙,KETTLEBELL_SWING,"[{""source_id"":""wger:9"",""variant"":""BASE"",""source_name"":""2 Handed Kettlebell Swing""}]",wger:9,1,HIP_DOMINANT,STRENGTH,GLUTES,KETTLEBELL,INTERMEDIATE,CONDITIONAL,대표 후보로는 포함하되 family·movement pattern taxonomy와 운영 적합성 검토가 남아 있어 provisional로 표시함.,PROVISIONAL_SINGLETON_REVIEW_REQUIRED,원천 후보를 대표 카탈로그에 포함하되 family taxonomy가 미확정이므로 자동 병합하지 않은 provisional singleton이다. 사람 검토 후 family 통합 또는 분리를 확정해야 한다.,,,wger:9,2 Handed Kettlebell Swing,FAMILY_SELECTION_COMPLETE,false,,KETTLEBELL_SWING,NO_VARIANT_SINGLE_SOURCE,HIP_DOMINANT,equipment=KETTLEBELL;requires_equipment=true;locations=GYM,NOT_APPLICABLE,APPROVED,DOMAIN_EXPERT_TAXONOMY_APPROVAL_2026_08_21,DOMAIN_EXPERT_REVIEW,2026-08-21T00:00:00+09:00,TAXONOMY_APPROVED,,APPROVED,"[""HIP""]","[""KNEE"",""LOWER_BACK""]",APPROVED,APPROVED
REX-000062,달리기,CARDIO,"[{""source_id"":""gymvisual:0685"",""variant"":""BASE"",""source_name"":""run""}]",gymvisual:0685,1,GAIT,CARDIO,CARDIO,BODYWEIGHT,BEGINNER,CONDITIONAL,대표 후보로는 포함하되 family·movement pattern taxonomy와 운영 적합성 검토가 남아 있어 provisional로 표시함.,PROVISIONAL_SINGLETON_REVIEW_REQUIRED,원천 후보를 대표 카탈로그에 포함하되 family taxonomy가 미확정이므로 자동 병합하지 않은 provisional singleton이다. 사람 검토 후 family 통합 또는 분리를 확정해야 한다.,,,gymvisual:0685,run,FAMILY_SELECTION_COMPLETE,false,,CARDIO,NO_VARIANT_SINGLE_SOURCE,GAIT,equipment=BODYWEIGHT;requires_equipment=false;locations=HOME,NO_EQUIPMENT_BODYWEIGHT,APPROVED,DOMAIN_EXPERT_TAXONOMY_APPROVAL_2026_08_21,DOMAIN_EXPERT_REVIEW,2026-08-21T00:00:00+09:00,TAXONOMY_APPROVED,,APPROVED,"[""ANKLE_FOOT"",""KNEE""]","[""HIP""]",APPROVED,APPROVED
REX-000063,앉아서 짐볼 조이기,HIP_ADDUCTION,"[{""source_id"":""kspo:66e29f752b845bd1bcfa4cb737be1ede40daa81d869ea4b531c882b02ffb3c28"",""variant"":""BASE"",""source_name"":""의자에 앉아 다리로 짐볼 쥐기""}]",kspo:66e29f752b845bd1bcfa4cb737be1ede40daa81d869ea4b531c882b02ffb3c28,1,ISOLATION,STRENGTH,QUADRICEPS,STABILITY_BALL,BEGINNER,CONDITIONAL,대표 후보로는 포함하되 family·movement pattern taxonomy와 운영 적합성 검토가 남아 있어 provisional로 표시함.,PROVISIONAL_SINGLETON_REVIEW_REQUIRED,원천 후보를 대표 카탈로그에 포함하되 family taxonomy가 미확정이므로 자동 병합하지 않은 provisional singleton이다. 사람 검토 후 family 통합 또는 분리를 확정해야 한다.,,,kspo:66e29f752b845bd1bcfa4cb737be1ede40daa81d869ea4b531c882b02ffb3c28,의자에 앉아 다리로 짐볼 쥐기,FAMILY_SELECTION_COMPLETE,false,,HIP_ADDUCTION,NO_VARIANT_SINGLE_SOURCE,ISOLATION,equipment=STABILITY_BALL;requires_equipment=true;locations=HOME,NOT_APPLICABLE,APPROVED,DOMAIN_EXPERT_TAXONOMY_APPROVAL_2026_08_21,DOMAIN_EXPERT_REVIEW,2026-08-21T00:00:00+09:00,TAXONOMY_APPROVED,,APPROVED,"[""KNEE""]","[""HIP""]",APPROVED,APPROVED
REX-000064,앉아서 고관절 굴곡,HIP_FLEXION,"[{""source_id"":""kspo:dfd7eaa07d42e118610eb6756d8dcdc351f5b1f3c9a1262fa94aa18d92a87e09"",""variant"":""BASE"",""source_name"":""앉아서 엉덩관절 굽히기""}]",kspo:dfd7eaa07d42e118610eb6756d8dcdc351f5b1f3c9a1262fa94aa18d92a87e09,1,ISOLATION,STRENGTH,QUADRICEPS,CHAIR,BEGINNER,CONDITIONAL,대표 후보로는 포함하되 family·movement pattern taxonomy와 운영 적합성 검토가 남아 있어 provisional로 표시함.,PROVISIONAL_SINGLETON_REVIEW_REQUIRED,원천 후보를 대표 카탈로그에 포함하되 family taxonomy가 미확정이므로 자동 병합하지 않은 provisional singleton이다. 사람 검토 후 family 통합 또는 분리를 확정해야 한다.,,,kspo:dfd7eaa07d42e118610eb6756d8dcdc351f5b1f3c9a1262fa94aa18d92a87e09,앉아서 엉덩관절 굽히기,FAMILY_SELECTION_COMPLETE,false,,HIP_FLEXION,NO_VARIANT_SINGLE_SOURCE,ISOLATION,equipment=BODYWEIGHT;requires_equipment=true;locations=HOME,NOT_APPLICABLE,APPROVED,DOMAIN_EXPERT_TAXONOMY_APPROVAL_2026_08_21,DOMAIN_EXPERT_REVIEW,2026-08-21T00:00:00+09:00,TAXONOMY_APPROVED,안정적인 지지물(벤치 또는 의자 등)을 준비한다.,APPROVED,"[""KNEE""]","[""HIP""]",APPROVED,APPROVED
REX-000065,짧은 보폭 달리기,CARDIO,"[{""source_id"":""gymvisual:3656"",""variant"":""BASE"",""source_name"":""short stride run""}]",gymvisual:3656,1,GAIT,CARDIO,CARDIO,BODYWEIGHT,BEGINNER,CONDITIONAL,대표 후보로는 포함하되 family·movement pattern taxonomy와 운영 적합성 검토가 남아 있어 provisional로 표시함.,PROVISIONAL_SINGLETON_REVIEW_REQUIRED,원천 후보를 대표 카탈로그에 포함하되 family taxonomy가 미확정이므로 자동 병합하지 않은 provisional singleton이다. 사람 검토 후 family 통합 또는 분리를 확정해야 한다.,,,gymvisual:3656,short stride run,FAMILY_SELECTION_COMPLETE,false,,CARDIO,NO_VARIANT_SINGLE_SOURCE,GAIT,equipment=BODYWEIGHT;requires_equipment=false;locations=GYM,NO_EQUIPMENT_BODYWEIGHT,APPROVED,DOMAIN_EXPERT_TAXONOMY_APPROVAL_2026_08_21,DOMAIN_EXPERT_REVIEW,2026-08-21T00:00:00+09:00,TAXONOMY_APPROVED,,APPROVED,"[""ANKLE_FOOT"",""KNEE""]","[""HIP""]",APPROVED,APPROVED
REX-000066,한발 서기 균형,MOBILITY,"[{""source_id"":""kspo:19af0f76cad5e01830e662585e3cea621cf8563f1955f83114bef440606379c4"",""variant"":""BASE"",""source_name"":""한발 서서 균형잡기""}]",kspo:19af0f76cad5e01830e662585e3cea621cf8563f1955f83114bef440606379c4,1,BALANCE,MOBILITY,MOBILITY,BODYWEIGHT,BEGINNER,CONDITIONAL,대표 후보로는 포함하되 family·movement pattern taxonomy와 운영 적합성 검토가 남아 있어 provisional로 표시함.,PROVISIONAL_SINGLETON_REVIEW_REQUIRED,원천 후보를 대표 카탈로그에 포함하되 family taxonomy가 미확정이므로 자동 병합하지 않은 provisional singleton이다. 사람 검토 후 family 통합 또는 분리를 확정해야 한다.,,,kspo:19af0f76cad5e01830e662585e3cea621cf8563f1955f83114bef440606379c4,한발 서서 균형잡기,FAMILY_SELECTION_COMPLETE,false,,MOBILITY,NO_VARIANT_SINGLE_SOURCE,BALANCE,equipment=BODYWEIGHT;requires_equipment=false;locations=HOME|GYM,NOT_APPLICABLE,APPROVED,DOMAIN_EXPERT_TAXONOMY_APPROVAL_2026_08_21,DOMAIN_EXPERT_REVIEW,2026-08-21T00:00:00+09:00,TAXONOMY_APPROVED,,APPROVED,"[""HIP""]","[""ANKLE_FOOT"",""KNEE""]",APPROVED,APPROVED
REX-000067,실내 자전거,CARDIO,"[{""source_id"":""gymvisual:2138"",""variant"":""BASE"",""source_name"":""stationary bike run v. 3""}]",gymvisual:2138,1,CYCLING,CARDIO,CARDIO,STATIONARY_BIKE,BEGINNER,SUITABLE,대표 후보로는 포함하되 family·movement pattern taxonomy와 운영 적합성 검토가 남아 있어 provisional로 표시함.,PROVISIONAL_SINGLETON_REVIEW_REQUIRED,원천 후보를 대표 카탈로그에 포함하되 family taxonomy가 미확정이므로 자동 병합하지 않은 provisional singleton이다. 사람 검토 후 family 통합 또는 분리를 확정해야 한다.,,,gymvisual:2138,stationary bike run v. 3,FAMILY_SELECTION_COMPLETE,false,,CARDIO,NO_VARIANT_SINGLE_SOURCE,CYCLING,equipment=STATIONARY_BIKE;requires_equipment=true;locations=GYM,STATIONARY_BIKE,APPROVED,DOMAIN_EXPERT_TAXONOMY_APPROVAL_2026_08_21,DOMAIN_EXPERT_REVIEW,2026-08-21T00:00:00+09:00,TAXONOMY_APPROVED,,APPROVED,"[""KNEE"",""HIP""]","[""ANKLE_FOOT""]",APPROVED,APPROVED
REX-000068,스텝박스 오르내리기,CARDIO,"[{""source_id"":""kspo:00c41c823f6141adb2f3b7da95c1213fea98dac6cb3bfaf453f1a4989133d2d2"",""variant"":""BASE"",""source_name"":""스텝박스 오르내리기""}]",kspo:00c41c823f6141adb2f3b7da95c1213fea98dac6cb3bfaf453f1a4989133d2d2,1,GAIT,CARDIO,CARDIO,UNSPECIFIED,BEGINNER,CONDITIONAL,대표 후보로는 포함하되 family·movement pattern taxonomy와 운영 적합성 검토가 남아 있어 provisional로 표시함.,PROVISIONAL_SINGLETON_REVIEW_REQUIRED,원천 후보를 대표 카탈로그에 포함하되 family taxonomy가 미확정이므로 자동 병합하지 않은 provisional singleton이다. 사람 검토 후 family 통합 또는 분리를 확정해야 한다.,,,kspo:00c41c823f6141adb2f3b7da95c1213fea98dac6cb3bfaf453f1a4989133d2d2,스텝박스 오르내리기,FAMILY_SELECTION_COMPLETE,false,,CARDIO,NO_VARIANT_SINGLE_SOURCE,GAIT,equipment=STEP_BOX;requires_equipment=true;locations=HOME,REVIEW_REQUIRED,APPROVED,DOMAIN_EXPERT_TAXONOMY_APPROVAL_2026_08_21,DOMAIN_EXPERT_REVIEW,2026-08-21T00:00:00+09:00,TAXONOMY_APPROVED,,APPROVED,"[""ANKLE_FOOT"",""KNEE""]","[""HIP""]",APPROVED,APPROVED
REX-000069,누워서 밴드 레그 프레스,LEG_PRESS,"[{""source_id"":""kspo:72cc612abf8747105b33f64e0661b713012fb3f2ae378cd5c5142215eedc899b"",""variant"":""BASE"",""source_name"":""밴드 잡고 누워서 다리 밀기""}]",kspo:72cc612abf8747105b33f64e0661b713012fb3f2ae378cd5c5142215eedc899b,1,KNEE_DOMINANT,STRENGTH,QUADRICEPS,UNSPECIFIED,BEGINNER,CONDITIONAL,대표 후보로는 포함하되 family·movement pattern taxonomy와 운영 적합성 검토가 남아 있어 provisional로 표시함.,PROVISIONAL_SINGLETON_REVIEW_REQUIRED,원천 후보를 대표 카탈로그에 포함하되 family taxonomy가 미확정이므로 자동 병합하지 않은 provisional singleton이다. 사람 검토 후 family 통합 또는 분리를 확정해야 한다.,,,kspo:72cc612abf8747105b33f64e0661b713012fb3f2ae378cd5c5142215eedc899b,밴드 잡고 누워서 다리 밀기,FAMILY_SELECTION_COMPLETE,false,,LEG_PRESS,NO_VARIANT_SINGLE_SOURCE,KNEE_DOMINANT,equipment=BAND;requires_equipment=true;locations=HOME,NOT_APPLICABLE,APPROVED,DOMAIN_EXPERT_TAXONOMY_APPROVAL_2026_08_21,DOMAIN_EXPERT_REVIEW,2026-08-21T00:00:00+09:00,TAXONOMY_APPROVED,,APPROVED,"[""KNEE""]","[""HIP""]",APPROVED,APPROVED
REX-000070,경사 트레드밀 걷기,CARDIO,"[{""source_id"":""gymvisual:3666"",""variant"":""BASE"",""source_name"":""walking on incline treadmill""}]",gymvisual:3666,1,GAIT,CARDIO,CARDIO,MACHINE,BEGINNER,SUITABLE,대표 후보로는 포함하되 family·movement pattern taxonomy와 운영 적합성 검토가 남아 있어 provisional로 표시함.,PROVISIONAL_SINGLETON_REVIEW_REQUIRED,원천 후보를 대표 카탈로그에 포함하되 family taxonomy가 미확정이므로 자동 병합하지 않은 provisional singleton이다. 사람 검토 후 family 통합 또는 분리를 확정해야 한다.,,,gymvisual:3666,walking on incline treadmill,FAMILY_SELECTION_COMPLETE,false,,CARDIO,NO_VARIANT_SINGLE_SOURCE,GAIT,equipment=MACHINE;requires_equipment=true;locations=GYM,TREADMILL,APPROVED,DOMAIN_EXPERT_TAXONOMY_APPROVAL_2026_08_21,DOMAIN_EXPERT_REVIEW,2026-08-21T00:00:00+09:00,TAXONOMY_APPROVED,,APPROVED,"[""ANKLE_FOOT"",""KNEE""]","[""HIP""]",APPROVED,APPROVED
REX-000071,스텝밀,CARDIO,"[{""source_id"":""gymvisual:2311"",""variant"":""BASE"",""source_name"":""walking on stepmill""}]",gymvisual:2311,1,GAIT,CARDIO,CARDIO,MACHINE,INTERMEDIATE,CONDITIONAL,대표 후보로는 포함하되 family·movement pattern taxonomy와 운영 적합성 검토가 남아 있어 provisional로 표시함.,PROVISIONAL_SINGLETON_REVIEW_REQUIRED,원천 후보를 대표 카탈로그에 포함하되 family taxonomy가 미확정이므로 자동 병합하지 않은 provisional singleton이다. 사람 검토 후 family 통합 또는 분리를 확정해야 한다.,,,gymvisual:2311,walking on stepmill,FAMILY_SELECTION_COMPLETE,false,,CARDIO,NO_VARIANT_SINGLE_SOURCE,GAIT,equipment=MACHINE;requires_equipment=true;locations=GYM,STEPMILL,APPROVED,DOMAIN_EXPERT_TAXONOMY_APPROVAL_2026_08_21,DOMAIN_EXPERT_REVIEW,2026-08-21T00:00:00+09:00,TAXONOMY_APPROVED,,APPROVED,"[""ANKLE_FOOT"",""KNEE""]","[""HIP""]",APPROVED,APPROVED
REX-000072,일립티컬,CARDIO,"[{""source_id"":""gymvisual:2141"",""variant"":""BASE"",""source_name"":""walk elliptical cross trainer""}]",gymvisual:2141,1,ELLIPTICAL,CARDIO,CARDIO,ELLIPTICAL_MACHINE,BEGINNER,SUITABLE,대표 후보로는 포함하되 family·movement pattern taxonomy와 운영 적합성 검토가 남아 있어 provisional로 표시함.,PROVISIONAL_SINGLETON_REVIEW_REQUIRED,원천 후보를 대표 카탈로그에 포함하되 family taxonomy가 미확정이므로 자동 병합하지 않은 provisional singleton이다. 사람 검토 후 family 통합 또는 분리를 확정해야 한다.,,,gymvisual:2141,walk elliptical cross trainer,FAMILY_SELECTION_COMPLETE,false,,CARDIO,NO_VARIANT_SINGLE_SOURCE,ELLIPTICAL,equipment=ELLIPTICAL_MACHINE;requires_equipment=true;locations=GYM,ELLIPTICAL,APPROVED,DOMAIN_EXPERT_TAXONOMY_APPROVAL_2026_08_21,DOMAIN_EXPERT_REVIEW,2026-08-21T00:00:00+09:00,TAXONOMY_APPROVED,,APPROVED,"[""KNEE"",""HIP""]","[""ANKLE_FOOT""]",APPROVED,APPROVED
REX-000073,롤러 등 스트레칭,ROLLER_BACK_STRETCH,"[{""source_id"":""gymvisual:2208"",""variant"":""BASE"",""source_name"":""roller back stretch""}]",gymvisual:2208,1,MOBILITY_STRETCH,MOBILITY,MOBILITY,ROLLER,INTERMEDIATE,CONDITIONAL,family 내 대표 1개를 선택; 초보자 접근성 후보값이 있음; 원천 설명·가이드 연결이 있음; 최종 안전·용량·권리 검수는 별도 유지.,SINGLETON_FAMILY,단일 원본 레코드이며 동일 family 내 병합 대상이 없음.,,ALTERNATIVE_RELATION_REVIEW_REQUIRED|BEGINNER_SUITABILITY_REVIEW_REQUIRED|DOMAIN_SAFETY_REVIEW_REQUIRED|EXECUTION_DOSAGE_REVIEW_REQUIRED|EXERCISE_FAMILY_REVIEW_REQUIRED|LOAD_PROFILE_REVIEW_REQUIRED|MEDIA_RIGHTS_REVIEW_REQUIRED|VARIANT_RELATION_REVIEW_REQUIRED,gymvisual:2208,roller back stretch,FAMILY_SELECTION_COMPLETE,true,ALTERNATIVE_RELATION_REVIEW_REQUIRED|BEGINNER_SUITABILITY_REVIEW_REQUIRED|DOMAIN_SAFETY_REVIEW_REQUIRED|EXECUTION_DOSAGE_REVIEW_REQUIRED|LOAD_PROFILE_REVIEW_REQUIRED|MEDIA_RIGHTS_REVIEW_REQUIRED,ROLLER_BACK_STRETCH,NO_VARIANT_SINGLE_SOURCE,MOBILITY_STRETCH,equipment=ROLLER;requires_equipment=true;locations=HOME|GYM,NOT_APPLICABLE,APPROVED,DOMAIN_EXPERT_TAXONOMY_APPROVAL_2026_08_21,DOMAIN_EXPERT_REVIEW,2026-08-21T00:00:00+09:00,TAXONOMY_APPROVED,,APPROVED,"[""UPPER_BACK""]","[""LOWER_BACK""]",APPROVED,APPROVED
REX-000074,롤러 둔근 스트레칭,ROLLER_HIP_STRETCH,"[{""source_id"":""gymvisual:2202"",""variant"":""BASE"",""source_name"":""roller hip stretch""}]",gymvisual:2202,1,MOBILITY_STRETCH,MOBILITY,MOBILITY,ROLLER,INTERMEDIATE,CONDITIONAL,family 내 대표 1개를 선택; 초보자 접근성 후보값이 있음; 원천 설명·가이드 연결이 있음; 최종 안전·용량·권리 검수는 별도 유지.,SINGLETON_FAMILY,단일 원본 레코드이며 동일 family 내 병합 대상이 없음.,,ALTERNATIVE_RELATION_REVIEW_REQUIRED|BEGINNER_SUITABILITY_REVIEW_REQUIRED|DOMAIN_SAFETY_REVIEW_REQUIRED|EXECUTION_DOSAGE_REVIEW_REQUIRED|EXERCISE_FAMILY_REVIEW_REQUIRED|LOAD_PROFILE_REVIEW_REQUIRED|MEDIA_RIGHTS_REVIEW_REQUIRED|VARIANT_RELATION_REVIEW_REQUIRED,gymvisual:2202,roller hip stretch,FAMILY_SELECTION_COMPLETE,true,ALTERNATIVE_RELATION_REVIEW_REQUIRED|BEGINNER_SUITABILITY_REVIEW_REQUIRED|DOMAIN_SAFETY_REVIEW_REQUIRED|EXECUTION_DOSAGE_REVIEW_REQUIRED|LOAD_PROFILE_REVIEW_REQUIRED|MEDIA_RIGHTS_REVIEW_REQUIRED,ROLLER_HIP_STRETCH,NO_VARIANT_SINGLE_SOURCE,MOBILITY_STRETCH,equipment=ROLLER;requires_equipment=true;locations=HOME|GYM,NOT_APPLICABLE,APPROVED,DOMAIN_EXPERT_TAXONOMY_APPROVAL_2026_08_21,DOMAIN_EXPERT_REVIEW,2026-08-21T00:00:00+09:00,TAXONOMY_APPROVED,,APPROVED,"[""HIP""]","[""LOWER_BACK""]",APPROVED,APPROVED
REX-000075,회전형 크런치,ROTATION_VARIANT,"[{""source_id"":""gymvisual:0972"",""variant"":""BAND"",""source_name"":""band bicycle crunch""},{""source_id"":""gymvisual:0985"",""variant"":""BAND|KNEELING|ROTATION"",""source_name"":""band kneeling twisting crunch""},{""source_id"":""wger:145"",""variant"":""BASE"",""source_name"":""Cable Woodchoppers""}]",gymvisual:0972|gymvisual:0985|wger:145,3,CORE_BRACE,STRENGTH,CORE,CABLE|MACHINE,INTERMEDIATE,CONDITIONAL,family 내 대표 1개를 선택; 초보자 접근성 후보값이 있음; 최종 안전·용량·권리 검수는 별도 유지.,MERGE_TO_FAMILY_KEEP_VARIANTS,"동일 목적과 수행 패턴(CORE_BRACE)을 공유하는 후보를 family로 묶고, 장비·자세·그립·편측성·난이도 차이는 variant로 보존했다. 타겟 근육만 같은 후보는 이 family 근거로 사용하지 않았다.",,BEGINNER_SUITABILITY_REVIEW_REQUIRED|DOMAIN_SAFETY_REVIEW_REQUIRED|EXECUTION_DOSAGE_REVIEW_REQUIRED|EXERCISE_TAXONOMY_MAPPING_REQUIRED|HUMAN_TAXONOMY_REVIEW_REQUIRED|INSTRUCTION_CONTENT_REVIEW_REQUIRED|KOREAN_LOCALIZATION_REVIEW_REQUIRED|SOURCE_LICENSE_REVIEW_REQUIRED,wger:145,Cable Woodchoppers,FAMILY_SELECTION_COMPLETE,true,BEGINNER_SUITABILITY_REVIEW_REQUIRED|DOMAIN_SAFETY_REVIEW_REQUIRED|EXECUTION_DOSAGE_REVIEW_REQUIRED|EXERCISE_TAXONOMY_MAPPING_REQUIRED|INSTRUCTION_CONTENT_REVIEW_REQUIRED|KOREAN_LOCALIZATION_REVIEW_REQUIRED|SOURCE_LICENSE_REVIEW_REQUIRED,ROTATION_VARIANT,KEEP_VARIANTS:3,CORE_BRACE,equipment=CABLE|MACHINE;requires_equipment=true;locations=GYM,NOT_APPLICABLE,APPROVED,DOMAIN_EXPERT_TAXONOMY_APPROVAL_2026_08_21,DOMAIN_EXPERT_REVIEW,2026-08-21T00:00:00+09:00,TAXONOMY_APPROVED,,APPROVED,"[""ABDOMEN""]","[""LOWER_BACK"",""SHOULDER""]",APPROVED,APPROVED
REX-000076,로우,ROW_VARIANT,"[{""source_id"":""wger:1117"",""variant"":""BASE"",""source_name"":""Seated Cable Row""},{""source_id"":""wger:1227"",""variant"":""DUMBBELL|REAR"",""source_name"":""Dumbbell rear delt row""},{""source_id"":""wger:1283"",""variant"":""DUMBBELL|BENCH|INCLINE"",""source_name"":""Incline Chest-Supported Dumbbell Row""},{""source_id"":""wger:1725"",""variant"":""SEATED"",""source_name"":""Seated Row (Machine)""}]",wger:1117|wger:1227|wger:1283|wger:1725,4,HORIZONTAL_PULL,STRENGTH,BACK,CABLE|MACHINE,BEGINNER,SUITABLE,family 내 대표 1개를 선택; 표준 운동명이 명확함; 초보자 접근성 후보값이 있음; 최종 안전·용량·권리 검수는 별도 유지.,MERGE_TO_FAMILY_KEEP_VARIANTS,"동일 목적과 수행 패턴(HORIZONTAL_PULL)을 공유하는 후보를 family로 묶고, 장비·자세·그립·편측성·난이도 차이는 variant로 보존했다. 타겟 근육만 같은 후보는 이 family 근거로 사용하지 않았다.",,BEGINNER_SUITABILITY_REVIEW_REQUIRED|DOMAIN_SAFETY_REVIEW_REQUIRED|EXECUTION_DOSAGE_REVIEW_REQUIRED|EXERCISE_TAXONOMY_MAPPING_REQUIRED|INSTRUCTION_CONTENT_REVIEW_REQUIRED|KOREAN_LOCALIZATION_REVIEW_REQUIRED|MEDIA_RIGHTS_REVIEW_REQUIRED|SOURCE_EQUIPMENT_UNSPECIFIED|SOURCE_LICENSE_REVIEW_REQUIRED,wger:1117,Seated Cable Row,FAMILY_SELECTION_COMPLETE,true,BEGINNER_SUITABILITY_REVIEW_REQUIRED|DOMAIN_SAFETY_REVIEW_REQUIRED|EXECUTION_DOSAGE_REVIEW_REQUIRED|EXERCISE_TAXONOMY_MAPPING_REQUIRED|INSTRUCTION_CONTENT_REVIEW_REQUIRED|KOREAN_LOCALIZATION_REVIEW_REQUIRED|MEDIA_RIGHTS_REVIEW_REQUIRED|SOURCE_EQUIPMENT_UNSPECIFIED|SOURCE_LICENSE_REVIEW_REQUIRED,ROW_VARIANT,KEEP_VARIANTS:4,HORIZONTAL_PULL,equipment=CABLE|MACHINE;requires_equipment=true;locations=GYM,NOT_APPLICABLE,APPROVED,DOMAIN_EXPERT_TAXONOMY_APPROVAL_2026_08_21,DOMAIN_EXPERT_REVIEW,2026-08-21T00:00:00+09:00,TAXONOMY_APPROVED,,APPROVED,"[""UPPER_BACK""]","[""ELBOW"",""SHOULDER""]",APPROVED,APPROVED
REX-000077,러너스 스트레칭,RUNNERS_STRETCH,"[{""source_id"":""gymvisual:1585"",""variant"":""BASE"",""source_name"":""runners stretch""}]",gymvisual:1585,1,MOBILITY_STRETCH,MOBILITY,MOBILITY,BODYWEIGHT,BEGINNER,CONDITIONAL,family 내 대표 1개를 선택; 초보자 접근성 후보값이 있음; 원천 설명·가이드 연결이 있음; 최종 안전·용량·권리 검수는 별도 유지.,SINGLETON_FAMILY,단일 원본 레코드이며 동일 family 내 병합 대상이 없음.,,ALTERNATIVE_RELATION_REVIEW_REQUIRED|BEGINNER_SUITABILITY_REVIEW_REQUIRED|DOMAIN_SAFETY_REVIEW_REQUIRED|EXECUTION_DOSAGE_REVIEW_REQUIRED|EXERCISE_FAMILY_REVIEW_REQUIRED|LOAD_PROFILE_REVIEW_REQUIRED|MEDIA_RIGHTS_REVIEW_REQUIRED|VARIANT_RELATION_REVIEW_REQUIRED,gymvisual:1585,runners stretch,FAMILY_SELECTION_COMPLETE,true,ALTERNATIVE_RELATION_REVIEW_REQUIRED|BEGINNER_SUITABILITY_REVIEW_REQUIRED|DOMAIN_SAFETY_REVIEW_REQUIRED|EXECUTION_DOSAGE_REVIEW_REQUIRED|LOAD_PROFILE_REVIEW_REQUIRED|MEDIA_RIGHTS_REVIEW_REQUIRED,RUNNERS_STRETCH,NO_VARIANT_SINGLE_SOURCE,MOBILITY_STRETCH,equipment=BODYWEIGHT;requires_equipment=false;locations=HOME|GYM,NOT_APPLICABLE,APPROVED,DOMAIN_EXPERT_TAXONOMY_APPROVAL_2026_08_21,DOMAIN_EXPERT_REVIEW,2026-08-21T00:00:00+09:00,TAXONOMY_APPROVED,,APPROVED,"[""ANKLE_FOOT"",""KNEE""]","[""HIP""]",APPROVED,APPROVED
REX-000078,스캐풀라 풀업,SCAPULAR_PULL_UP,"[{""source_id"":""gymvisual:0688"",""variant"":""BASE"",""source_name"":""scapular pull-up""}]",gymvisual:0688,1,VERTICAL_PULL,STRENGTH,BACK,BODYWEIGHT,INTERMEDIATE,CONDITIONAL,family 내 대표 1개를 선택; 초보자 접근성 후보값이 있음; 원천 설명·가이드 연결이 있음; 기존 선정 후보가 RECOMMENDED임; 최종 안전·용량·권리 검수는 별도 유지.,SINGLETON_FAMILY,단일 원본 레코드이며 동일 family 내 병합 대상이 없음.,EXERCISE_FAMILY_BOUNDARY_REVIEW|HUMAN_REPRESENTATIVE_SELECTION_REVIEW,BEGINNER_SUITABILITY_REVIEW|EQUIPMENT_TAXONOMY_CANDIDATE_REVIEW|MOVEMENT_PATTERN_REVIEW,gymvisual:0688,scapular pull-up,FAMILY_SELECTION_COMPLETE,true,EXERCISE_FAMILY_BOUNDARY_REVIEW|HUMAN_REPRESENTATIVE_SELECTION_REVIEW|BEGINNER_SUITABILITY_REVIEW,SCAPULAR_PULL_UP,NO_VARIANT_SINGLE_SOURCE,VERTICAL_PULL,equipment=BODYWEIGHT|PULL_UP_BAR;requires_equipment=true;locations=HOME|GYM,NOT_APPLICABLE,APPROVED,DOMAIN_EXPERT_TAXONOMY_APPROVAL_2026_08_21,DOMAIN_EXPERT_REVIEW,2026-08-21T00:00:00+09:00,TAXONOMY_APPROVED,,APPROVED,"[""UPPER_BACK""]","[""SHOULDER"",""ELBOW""]",APPROVED,APPROVED
REX-000079,시티드 케이블 로우,SEATED_CABLE_ROW,"[{""source_id"":""gymvisual:0159"",""variant"":""DECLINE|SEATED|WIDE_GRIP"",""source_name"":""cable decline seated wide-grip row""},{""source_id"":""gymvisual:0160"",""variant"":""SEATED|WIDE_GRIP"",""source_name"":""cable floor seated wide-grip row""},{""source_id"":""gymvisual:0167"",""variant"":""KNEELING"",""source_name"":""cable high row (kneeling)""},{""source_id"":""gymvisual:0208"",""variant"":""SEATED|REVERSE_GRIP|REVERSE"",""source_name"":""cable reverse-grip straight back seated high row""},{""source_id"":""gymvisual:0218"",""variant"":""SEATED|WIDE_GRIP"",""source_name"":""cable seated wide-grip row""},{""source_id"":""gymvisual:0861"",""variant"":""BASE"",""source_name"":""cable seated row""}]",gymvisual:0159|gymvisual:0160|gymvisual:0167|gymvisual:0208|gymvisual:0218|gymvisual:0861,6,HORIZONTAL_PULL,STRENGTH,BACK,CABLE,BEGINNER,SUITABLE,family 내 대표 1개를 선택; 표준 운동명이 명확함; 초보자 접근성 후보값이 있음; 원천 설명·가이드 연결이 있음; 기존 선정 후보가 RECOMMENDED임; 최종 안전·용량·권리 검수는 별도 유지.,MERGE_TO_FAMILY_KEEP_VARIANTS,"동일 목적과 수행 패턴(HORIZONTAL_PULL)을 공유하는 후보를 family로 묶고, 장비·자세·그립·편측성·난이도 차이는 variant로 보존했다. 타겟 근육만 같은 후보는 이 family 근거로 사용하지 않았다.",EXERCISE_FAMILY_BOUNDARY_REVIEW|HUMAN_REPRESENTATIVE_SELECTION_REVIEW,BEGINNER_SUITABILITY_REVIEW|EQUIPMENT_TAXONOMY_CANDIDATE_REVIEW|HUMAN_TAXONOMY_REVIEW_REQUIRED|MOVEMENT_PATTERN_REVIEW,gymvisual:0861,cable seated row,FAMILY_SELECTION_COMPLETE,true,EXERCISE_FAMILY_BOUNDARY_REVIEW|HUMAN_REPRESENTATIVE_SELECTION_REVIEW|BEGINNER_SUITABILITY_REVIEW,SEATED_CABLE_ROW,KEEP_VARIANTS:6,HORIZONTAL_PULL,equipment=CABLE|MACHINE;requires_equipment=true;locations=GYM,NOT_APPLICABLE,APPROVED,DOMAIN_EXPERT_TAXONOMY_APPROVAL_2026_08_21,DOMAIN_EXPERT_REVIEW,2026-08-21T00:00:00+09:00,TAXONOMY_APPROVED,,APPROVED,"[""UPPER_BACK""]","[""SHOULDER"",""ELBOW""]",APPROVED,APPROVED
REX-000080,시티드 카프 레이즈,SEATED_CALF_RAISE,"[{""source_id"":""gymvisual:0088"",""variant"":""BASE"",""source_name"":""barbell seated calf raise""},{""source_id"":""gymvisual:0594"",""variant"":""MACHINE|SEATED"",""source_name"":""lever seated calf raise""},{""source_id"":""gymvisual:1379"",""variant"":""DUMBBELL|SEATED"",""source_name"":""dumbbell seated calf raise""},{""source_id"":""gymvisual:2335"",""variant"":""MACHINE|SEATED"",""source_name"":""lever seated calf press""},{""source_id"":""wger:146"",""variant"":""SOURCE_VARIANT"",""source_name"":""Calf Press Using Leg Press Machine""}]",gymvisual:0088|gymvisual:0594|gymvisual:1379|gymvisual:2335|wger:146,5,ISOLATION,STRENGTH,CALVES,BARBELL,BEGINNER,CONDITIONAL,family 내 대표 1개를 선택; 표준 운동명이 명확함; 초보자 접근성 후보값이 있음; 원천 설명·가이드 연결이 있음; 기존 선정 후보가 RECOMMENDED임; 최종 안전·용량·권리 검수는 별도 유지.,MERGE_TO_FAMILY_KEEP_VARIANTS,"동일 목적과 수행 패턴(ISOLATION)을 공유하는 후보를 family로 묶고, 장비·자세·그립·편측성·난이도 차이는 variant로 보존했다. 타겟 근육만 같은 후보는 이 family 근거로 사용하지 않았다.",EXERCISE_FAMILY_BOUNDARY_REVIEW|HUMAN_REPRESENTATIVE_SELECTION_REVIEW,BEGINNER_SUITABILITY_REVIEW|BEGINNER_SUITABILITY_REVIEW_REQUIRED|DOMAIN_SAFETY_REVIEW_REQUIRED|EQUIPMENT_TAXONOMY_CANDIDATE_REVIEW|EXECUTION_DOSAGE_REVIEW_REQUIRED|EXERCISE_TAXONOMY_MAPPING_REQUIRED|HUMAN_TAXONOMY_REVIEW_REQUIRED|INSTRUCTION_CONTENT_REVIEW_REQUIRED|KOREAN_LOCALIZATION_REVIEW_REQUIRED|MEDIA_RIGHTS_REVIEW_REQUIRED|MOVEMENT_PATTERN_REVIEW|SOURCE_EQUIPMENT_UNSPECIFIED|SOURCE_LICENSE_REVIEW_REQUIRED,gymvisual:0088,barbell seated calf raise,FAMILY_SELECTION_COMPLETE,true,EXERCISE_FAMILY_BOUNDARY_REVIEW|HUMAN_REPRESENTATIVE_SELECTION_REVIEW|BEGINNER_SUITABILITY_REVIEW|BEGINNER_SUITABILITY_REVIEW_REQUIRED|DOMAIN_SAFETY_REVIEW_REQUIRED|EXECUTION_DOSAGE_REVIEW_REQUIRED|EXERCISE_TAXONOMY_MAPPING_REQUIRED|INSTRUCTION_CONTENT_REVIEW_REQUIRED|KOREAN_LOCALIZATION_REVIEW_REQUIRED|MEDIA_RIGHTS_REVIEW_REQUIRED|SOURCE_EQUIPMENT_UNSPECIFIED|SOURCE_LICENSE_REVIEW_REQUIRED,SEATED_CALF_RAISE,KEEP_VARIANTS:5,ISOLATION,equipment=BARBELL;requires_equipment=true;locations=GYM,NOT_APPLICABLE,APPROVED,DOMAIN_EXPERT_TAXONOMY_APPROVAL_2026_08_21,DOMAIN_EXPERT_REVIEW,2026-08-21T00:00:00+09:00,TAXONOMY_APPROVED,안정적인 지지물(벤치 또는 의자 등)을 준비한다.,APPROVED,"[""ANKLE_FOOT""]","[""KNEE""]",APPROVED,APPROVED
REX-000081,앉아서 종아리 스트레칭,SEATED_CALF_STRETCH,"[{""source_id"":""gymvisual:1390"",""variant"":""BASE"",""source_name"":""seated calf stretch (male)""}]",gymvisual:1390,1,MOBILITY_STRETCH,MOBILITY,MOBILITY,BODYWEIGHT,BEGINNER,SUITABLE,family 내 대표 1개를 선택; 원천 설명·가이드 연결이 있음; 최종 안전·용량·권리 검수는 별도 유지.,SINGLETON_FAMILY,단일 원본 레코드이며 동일 family 내 병합 대상이 없음.,,ALTERNATIVE_RELATION_REVIEW_REQUIRED|BEGINNER_SUITABILITY_REVIEW_REQUIRED|DOMAIN_SAFETY_REVIEW_REQUIRED|EXECUTION_DOSAGE_REVIEW_REQUIRED|EXERCISE_FAMILY_REVIEW_REQUIRED|LOAD_PROFILE_REVIEW_REQUIRED|MEDIA_RIGHTS_REVIEW_REQUIRED|VARIANT_RELATION_REVIEW_REQUIRED,gymvisual:1390,seated calf stretch (male),FAMILY_SELECTION_COMPLETE,true,ALTERNATIVE_RELATION_REVIEW_REQUIRED|BEGINNER_SUITABILITY_REVIEW_REQUIRED|DOMAIN_SAFETY_REVIEW_REQUIRED|EXECUTION_DOSAGE_REVIEW_REQUIRED|LOAD_PROFILE_REVIEW_REQUIRED|MEDIA_RIGHTS_REVIEW_REQUIRED,SEATED_CALF_STRETCH,NO_VARIANT_SINGLE_SOURCE,MOBILITY_STRETCH,equipment=BODYWEIGHT;requires_equipment=false;locations=HOME|GYM,NOT_APPLICABLE,APPROVED,DOMAIN_EXPERT_TAXONOMY_APPROVAL_2026_08_21,DOMAIN_EXPERT_REVIEW,2026-08-21T00:00:00+09:00,TAXONOMY_APPROVED,,APPROVED,"[""ANKLE_FOOT""]","[""KNEE""]",APPROVED,APPROVED
REX-000082,앉아서 둔근 스트레칭,SEATED_GLUTE_STRETCH,"[{""source_id"":""gymvisual:1424"",""variant"":""BASE"",""source_name"":""seated glute stretch""}]",gymvisual:1424,1,MOBILITY_STRETCH,MOBILITY,MOBILITY,BODYWEIGHT,BEGINNER,SUITABLE,family 내 대표 1개를 선택; 원천 설명·가이드 연결이 있음; 최종 안전·용량·권리 검수는 별도 유지.,SINGLETON_FAMILY,단일 원본 레코드이며 동일 family 내 병합 대상이 없음.,,ALTERNATIVE_RELATION_REVIEW_REQUIRED|BEGINNER_SUITABILITY_REVIEW_REQUIRED|DOMAIN_SAFETY_REVIEW_REQUIRED|EXECUTION_DOSAGE_REVIEW_REQUIRED|EXERCISE_FAMILY_REVIEW_REQUIRED|LOAD_PROFILE_REVIEW_REQUIRED|MEDIA_RIGHTS_REVIEW_REQUIRED|VARIANT_RELATION_REVIEW_REQUIRED,gymvisual:1424,seated glute stretch,FAMILY_SELECTION_COMPLETE,true,ALTERNATIVE_RELATION_REVIEW_REQUIRED|BEGINNER_SUITABILITY_REVIEW_REQUIRED|DOMAIN_SAFETY_REVIEW_REQUIRED|EXECUTION_DOSAGE_REVIEW_REQUIRED|LOAD_PROFILE_REVIEW_REQUIRED|MEDIA_RIGHTS_REVIEW_REQUIRED,SEATED_GLUTE_STRETCH,NO_VARIANT_SINGLE_SOURCE,MOBILITY_STRETCH,equipment=BODYWEIGHT;requires_equipment=false;locations=HOME|GYM,NOT_APPLICABLE,APPROVED,DOMAIN_EXPERT_TAXONOMY_APPROVAL_2026_08_21,DOMAIN_EXPERT_REVIEW,2026-08-21T00:00:00+09:00,TAXONOMY_APPROVED,,APPROVED,"[""HIP""]","[""KNEE""]",APPROVED,APPROVED
REX-000083,레그 컬,SEATED_LEG_CURL,"[{""source_id"":""gymvisual:0496"",""variant"":""BODYWEIGHT"",""source_name"":""inverse leg curl (bench support)""},{""source_id"":""gymvisual:0599"",""variant"":""BASE"",""source_name"":""lever seated leg curl""},{""source_id"":""gymvisual:0696"",""variant"":""BODYWEIGHT|FLOOR"",""source_name"":""self assisted inverse leg curl (on floor)""},{""source_id"":""gymvisual:0697"",""variant"":""BODYWEIGHT"",""source_name"":""self assisted inverse leg curl""},{""source_id"":""gymvisual:0795"",""variant"":""BODYWEIGHT|STANDING|SINGLE_LEG"",""source_name"":""standing single leg curl""},{""source_id"":""gymvisual:2400"",""variant"":""BODYWEIGHT"",""source_name"":""inverse leg curl (on pull-up cable machine)""},{""source_id"":""kspo:ddff78f01b0aa7c568bb66781954f5bbb7a7f882745b3490702d63e6467f924e"",""variant"":""CHAIR"",""source_name"":""의자잡고 후방으로 무릎 굽혀 들기""},{""source_id"":""wger:1603"",""variant"":""BAND"",""source_name"":""Leg curl with elastic""},{""source_id"":""wger:364"",""variant"":""SOURCE_VARIANT"",""source_name"":""Leg Curl""}]",gymvisual:0496|gymvisual:0599|gymvisual:0696|gymvisual:0697|gymvisual:0795|gymvisual:2400|kspo:ddff78f01b0aa7c568bb66781954f5bbb7a7f882745b3490702d63e6467f924e|wger:1603|wger:364,9,KNEE_FLEXION,STRENGTH,HAMSTRINGS,MACHINE,BEGINNER,SUITABLE,family 내 대표 1개를 선택; family 핵심 동작명을 포함함; 초보자 접근성 후보값이 있음; 원천 설명·가이드 연결이 있음; 기존 선정 후보가 RECOMMENDED임; 최종 안전·용량·권리 검수는 별도 유지.,MERGE_TO_FAMILY_KEEP_VARIANTS,"동일 목적과 수행 패턴(KNEE_FLEXION)을 공유하는 후보를 family로 묶고, 장비·자세·그립·편측성·난이도 차이는 variant로 보존했다. 타겟 근육만 같은 후보는 이 family 근거로 사용하지 않았다.",EXERCISE_FAMILY_BOUNDARY_REVIEW|HUMAN_REPRESENTATIVE_SELECTION_REVIEW,ALTERNATIVE_RELATION_REVIEW_REQUIRED|BEGINNER_SUITABILITY_REVIEW|BEGINNER_SUITABILITY_REVIEW_REQUIRED|DOMAIN_SAFETY_REVIEW_REQUIRED|EQUIPMENT_TAXONOMY_CANDIDATE_REVIEW|EXECUTION_DOSAGE_REVIEW_REQUIRED|EXERCISE_TAXONOMY_MAPPING_REQUIRED|HUMAN_TAXONOMY_REVIEW_REQUIRED|INSTRUCTION_CONTENT_REVIEW_REQUIRED|KOREAN_LOCALIZATION_REVIEW_REQUIRED|MEDIA_RIGHTS_REVIEW_REQUIRED|MOVEMENT_PATTERN_REVIEW|SOURCE_DOSAGE_UNSPECIFIED|SOURCE_EQUIPMENT_UNSPECIFIED|SOURCE_LICENSE_REVIEW_REQUIRED,gymvisual:0599,lever seated leg curl,FAMILY_SELECTION_COMPLETE,true,EXERCISE_FAMILY_BOUNDARY_REVIEW|HUMAN_REPRESENTATIVE_SELECTION_REVIEW|ALTERNATIVE_RELATION_REVIEW_REQUIRED|BEGINNER_SUITABILITY_REVIEW|BEGINNER_SUITABILITY_REVIEW_REQUIRED|DOMAIN_SAFETY_REVIEW_REQUIRED|EXECUTION_DOSAGE_REVIEW_REQUIRED|EXERCISE_TAXONOMY_MAPPING_REQUIRED|INSTRUCTION_CONTENT_REVIEW_REQUIRED|KOREAN_LOCALIZATION_REVIEW_REQUIRED|MEDIA_RIGHTS_REVIEW_REQUIRED|SOURCE_DOSAGE_UNSPECIFIED|SOURCE_EQUIPMENT_UNSPECIFIED|SOURCE_LICENSE_REVIEW_REQUIRED,SEATED_LEG_CURL,KEEP_VARIANTS:9,KNEE_FLEXION,equipment=MACHINE;requires_equipment=true;locations=GYM,NOT_APPLICABLE,APPROVED,DOMAIN_EXPERT_TAXONOMY_APPROVAL_2026_08_21,DOMAIN_EXPERT_REVIEW,2026-08-21T00:00:00+09:00,TAXONOMY_APPROVED,,APPROVED,"[""KNEE""]","[""HIP""]",APPROVED,APPROVED
REX-000084,앉아서 허리 스트레칭,SEATED_LOWER_BACK_STRETCH,"[{""source_id"":""gymvisual:0690"",""variant"":""BASE"",""source_name"":""seated lower back stretch""}]",gymvisual:0690,1,MOBILITY_STRETCH,MOBILITY,MOBILITY,BODYWEIGHT,BEGINNER,CONDITIONAL,family 내 대표 1개를 선택; 원천 설명·가이드 연결이 있음; 최종 안전·용량·권리 검수는 별도 유지.,SINGLETON_FAMILY,단일 원본 레코드이며 동일 family 내 병합 대상이 없음.,,ALTERNATIVE_RELATION_REVIEW_REQUIRED|BEGINNER_SUITABILITY_REVIEW_REQUIRED|DOMAIN_SAFETY_REVIEW_REQUIRED|EXECUTION_DOSAGE_REVIEW_REQUIRED|EXERCISE_FAMILY_REVIEW_REQUIRED|LOAD_PROFILE_REVIEW_REQUIRED|MEDIA_RIGHTS_REVIEW_REQUIRED|VARIANT_RELATION_REVIEW_REQUIRED,gymvisual:0690,seated lower back stretch,FAMILY_SELECTION_COMPLETE,true,ALTERNATIVE_RELATION_REVIEW_REQUIRED|BEGINNER_SUITABILITY_REVIEW_REQUIRED|DOMAIN_SAFETY_REVIEW_REQUIRED|EXECUTION_DOSAGE_REVIEW_REQUIRED|LOAD_PROFILE_REVIEW_REQUIRED|MEDIA_RIGHTS_REVIEW_REQUIRED,SEATED_LOWER_BACK_STRETCH,NO_VARIANT_SINGLE_SOURCE,MOBILITY_STRETCH,equipment=BODYWEIGHT;requires_equipment=false;locations=HOME|GYM,NOT_APPLICABLE,APPROVED,DOMAIN_EXPERT_TAXONOMY_APPROVAL_2026_08_21,DOMAIN_EXPERT_REVIEW,2026-08-21T00:00:00+09:00,TAXONOMY_APPROVED,,APPROVED,"[""LOWER_BACK""]","[""UPPER_BACK"",""ABDOMEN""]",APPROVED,APPROVED
REX-000085,앉아서 이상근 스트레칭,SEATED_PIRIFORMIS_STRETCH,"[{""source_id"":""gymvisual:2567"",""variant"":""BASE"",""source_name"":""seated piriformis stretch""}]",gymvisual:2567,1,MOBILITY_STRETCH,MOBILITY,MOBILITY,BODYWEIGHT,BEGINNER,CONDITIONAL,family 내 대표 1개를 선택; 원천 설명·가이드 연결이 있음; 최종 안전·용량·권리 검수는 별도 유지.,SINGLETON_FAMILY,단일 원본 레코드이며 동일 family 내 병합 대상이 없음.,,ALTERNATIVE_RELATION_REVIEW_REQUIRED|BEGINNER_SUITABILITY_REVIEW_REQUIRED|DOMAIN_SAFETY_REVIEW_REQUIRED|EXECUTION_DOSAGE_REVIEW_REQUIRED|EXERCISE_FAMILY_REVIEW_REQUIRED|LOAD_PROFILE_REVIEW_REQUIRED|MEDIA_RIGHTS_REVIEW_REQUIRED|VARIANT_RELATION_REVIEW_REQUIRED,gymvisual:2567,seated piriformis stretch,FAMILY_SELECTION_COMPLETE,true,ALTERNATIVE_RELATION_REVIEW_REQUIRED|BEGINNER_SUITABILITY_REVIEW_REQUIRED|DOMAIN_SAFETY_REVIEW_REQUIRED|EXECUTION_DOSAGE_REVIEW_REQUIRED|LOAD_PROFILE_REVIEW_REQUIRED|MEDIA_RIGHTS_REVIEW_REQUIRED,SEATED_PIRIFORMIS_STRETCH,NO_VARIANT_SINGLE_SOURCE,MOBILITY_STRETCH,equipment=BODYWEIGHT;requires_equipment=false;locations=HOME|GYM,NOT_APPLICABLE,APPROVED,DOMAIN_EXPERT_TAXONOMY_APPROVAL_2026_08_21,DOMAIN_EXPERT_REVIEW,2026-08-21T00:00:00+09:00,TAXONOMY_APPROVED,,APPROVED,"[""HIP""]","[""KNEE""]",APPROVED,APPROVED
REX-000086,숄더 프레스,SEATED_SHOULDER_PRESS,"[{""source_id"":""gymvisual:0360"",""variant"":""ONE_ARM|SOURCE_VERSION_2"",""source_name"":""dumbbell one arm shoulder press v. 2""},{""source_id"":""gymvisual:0361"",""variant"":""ONE_ARM"",""source_name"":""dumbbell one arm shoulder press""},{""source_id"":""gymvisual:0404"",""variant"":""SEATED"",""source_name"":""dumbbell seated shoulder press (parallel grip)""},{""source_id"":""gymvisual:0405"",""variant"":""BASE"",""source_name"":""dumbbell seated shoulder press""},{""source_id"":""gymvisual:0997"",""variant"":""BAND"",""source_name"":""band shoulder press""},{""source_id"":""gymvisual:3122"",""variant"":""BAND|SEATED"",""source_name"":""resistance band seated shoulder press""},{""source_id"":""wger:1893"",""variant"":""BARBELL"",""source_name"":""Overhead Barbell Press""},{""source_id"":""wger:20"",""variant"":""SOURCE_VARIANT"",""source_name"":""Arnold Shoulder Press""},{""source_id"":""wger:543"",""variant"":""SOURCE_VARIANT"",""source_name"":""Shoulder Press, on Machine""}]",gymvisual:0360|gymvisual:0361|gymvisual:0404|gymvisual:0405|gymvisual:0997|gymvisual:3122|wger:1893|wger:20|wger:543,9,VERTICAL_PUSH,STRENGTH,SHOULDERS,DUMBBELL,INTERMEDIATE,CONDITIONAL,family 내 대표 1개를 선택; 표준 운동명이 명확함; 초보자 접근성 후보값이 있음; 원천 설명·가이드 연결이 있음; 기존 선정 후보가 RECOMMENDED임; 최종 안전·용량·권리 검수는 별도 유지.,MERGE_TO_FAMILY_KEEP_VARIANTS,"동일 목적과 수행 패턴(VERTICAL_PUSH)을 공유하는 후보를 family로 묶고, 장비·자세·그립·편측성·난이도 차이는 variant로 보존했다. 타겟 근육만 같은 후보는 이 family 근거로 사용하지 않았다.",EXERCISE_FAMILY_BOUNDARY_REVIEW|HUMAN_REPRESENTATIVE_SELECTION_REVIEW,BEGINNER_SUITABILITY_REVIEW|BEGINNER_SUITABILITY_REVIEW_REQUIRED|DOMAIN_SAFETY_REVIEW_REQUIRED|EQUIPMENT_TAXONOMY_CANDIDATE_REVIEW|EXECUTION_DOSAGE_REVIEW_REQUIRED|EXERCISE_TAXONOMY_MAPPING_REQUIRED|HUMAN_TAXONOMY_REVIEW_REQUIRED|INSTRUCTION_CONTENT_REVIEW_REQUIRED|KOREAN_LOCALIZATION_REVIEW_REQUIRED|MEDIA_RIGHTS_REVIEW_REQUIRED|MOVEMENT_PATTERN_REVIEW|SOURCE_EQUIPMENT_UNSPECIFIED|SOURCE_LICENSE_REVIEW_REQUIRED,gymvisual:0405,dumbbell seated shoulder press,FAMILY_SELECTION_COMPLETE,true,EXERCISE_FAMILY_BOUNDARY_REVIEW|HUMAN_REPRESENTATIVE_SELECTION_REVIEW|BEGINNER_SUITABILITY_REVIEW|BEGINNER_SUITABILITY_REVIEW_REQUIRED|DOMAIN_SAFETY_REVIEW_REQUIRED|EXECUTION_DOSAGE_REVIEW_REQUIRED|EXERCISE_TAXONOMY_MAPPING_REQUIRED|INSTRUCTION_CONTENT_REVIEW_REQUIRED|KOREAN_LOCALIZATION_REVIEW_REQUIRED|MEDIA_RIGHTS_REVIEW_REQUIRED|SOURCE_EQUIPMENT_UNSPECIFIED|SOURCE_LICENSE_REVIEW_REQUIRED,SEATED_SHOULDER_PRESS,KEEP_VARIANTS:9,VERTICAL_PUSH,equipment=DUMBBELL;requires_equipment=true;locations=HOME|GYM,NOT_APPLICABLE,APPROVED,DOMAIN_EXPERT_TAXONOMY_APPROVAL_2026_08_21,DOMAIN_EXPERT_REVIEW,2026-08-21T00:00:00+09:00,TAXONOMY_APPROVED,,APPROVED,"[""SHOULDER""]","[""ELBOW""]",APPROVED,APPROVED
REX-000087,시티드 와이드 앵글 스트레칭,SEATED_WIDE_ANGLE_STRETCH,"[{""source_id"":""gymvisual:1587"",""variant"":""BASE"",""source_name"":""seated wide angle pose sequence""}]",gymvisual:1587,1,MOBILITY_STRETCH,MOBILITY,MOBILITY,BODYWEIGHT,INTERMEDIATE,CONDITIONAL,family 내 대표 1개를 선택; 초보자 접근성 후보값이 있음; 원천 설명·가이드 연결이 있음; 최종 안전·용량·권리 검수는 별도 유지.,SINGLETON_FAMILY,단일 원본 레코드이며 동일 family 내 병합 대상이 없음.,,ALTERNATIVE_RELATION_REVIEW_REQUIRED|BEGINNER_SUITABILITY_REVIEW_REQUIRED|DOMAIN_SAFETY_REVIEW_REQUIRED|EXECUTION_DOSAGE_REVIEW_REQUIRED|EXERCISE_FAMILY_REVIEW_REQUIRED|LOAD_PROFILE_REVIEW_REQUIRED|MEDIA_RIGHTS_REVIEW_REQUIRED|VARIANT_RELATION_REVIEW_REQUIRED,gymvisual:1587,seated wide angle pose sequence,FAMILY_SELECTION_COMPLETE,true,ALTERNATIVE_RELATION_REVIEW_REQUIRED|BEGINNER_SUITABILITY_REVIEW_REQUIRED|DOMAIN_SAFETY_REVIEW_REQUIRED|EXECUTION_DOSAGE_REVIEW_REQUIRED|LOAD_PROFILE_REVIEW_REQUIRED|MEDIA_RIGHTS_REVIEW_REQUIRED,SEATED_WIDE_ANGLE_STRETCH,NO_VARIANT_SINGLE_SOURCE,MOBILITY_STRETCH,equipment=BODYWEIGHT;requires_equipment=false;locations=HOME|GYM,NOT_APPLICABLE,APPROVED,DOMAIN_EXPERT_TAXONOMY_APPROVAL_2026_08_21,DOMAIN_EXPERT_REVIEW,2026-08-21T00:00:00+09:00,TAXONOMY_APPROVED,,APPROVED,"[""HIP"",""KNEE""]",[],APPROVED,APPROVED
REX-000088,옆으로 누워 대퇴사두근 스트레칭,SIDE_LYING_QUADRICEPS_STRETCH,"[{""source_id"":""gymvisual:0613"",""variant"":""BASE"",""source_name"":""lying (side) quads stretch""}]",gymvisual:0613,1,MOBILITY_STRETCH,MOBILITY,MOBILITY,BODYWEIGHT,BEGINNER,SUITABLE,family 내 대표 1개를 선택; 원천 설명·가이드 연결이 있음; 최종 안전·용량·권리 검수는 별도 유지.,SINGLETON_FAMILY,단일 원본 레코드이며 동일 family 내 병합 대상이 없음.,,ALTERNATIVE_RELATION_REVIEW_REQUIRED|BEGINNER_SUITABILITY_REVIEW_REQUIRED|DOMAIN_SAFETY_REVIEW_REQUIRED|EXECUTION_DOSAGE_REVIEW_REQUIRED|EXERCISE_FAMILY_REVIEW_REQUIRED|LOAD_PROFILE_REVIEW_REQUIRED|MEDIA_RIGHTS_REVIEW_REQUIRED|VARIANT_RELATION_REVIEW_REQUIRED,gymvisual:0613,lying (side) quads stretch,FAMILY_SELECTION_COMPLETE,true,ALTERNATIVE_RELATION_REVIEW_REQUIRED|BEGINNER_SUITABILITY_REVIEW_REQUIRED|DOMAIN_SAFETY_REVIEW_REQUIRED|EXECUTION_DOSAGE_REVIEW_REQUIRED|LOAD_PROFILE_REVIEW_REQUIRED|MEDIA_RIGHTS_REVIEW_REQUIRED,SIDE_LYING_QUADRICEPS_STRETCH,NO_VARIANT_SINGLE_SOURCE,MOBILITY_STRETCH,equipment=BODYWEIGHT;requires_equipment=false;locations=HOME|GYM,NOT_APPLICABLE,APPROVED,DOMAIN_EXPERT_TAXONOMY_APPROVAL_2026_08_21,DOMAIN_EXPERT_REVIEW,2026-08-21T00:00:00+09:00,TAXONOMY_APPROVED,,APPROVED,"[""KNEE""]","[""HIP""]",APPROVED,APPROVED
REX-000089,손목 당기기 스트레칭,SIDE_WRIST_PULL_STRETCH,"[{""source_id"":""gymvisual:0721"",""variant"":""BASE"",""source_name"":""side wrist pull stretch""}]",gymvisual:0721,1,MOBILITY_STRETCH,MOBILITY,MOBILITY,BODYWEIGHT,BEGINNER,SUITABLE,family 내 대표 1개를 선택; 원천 설명·가이드 연결이 있음; 최종 안전·용량·권리 검수는 별도 유지.,SINGLETON_FAMILY,단일 원본 레코드이며 동일 family 내 병합 대상이 없음.,,ALTERNATIVE_RELATION_REVIEW_REQUIRED|BEGINNER_SUITABILITY_REVIEW_REQUIRED|DOMAIN_SAFETY_REVIEW_REQUIRED|EXECUTION_DOSAGE_REVIEW_REQUIRED|EXERCISE_FAMILY_REVIEW_REQUIRED|LOAD_PROFILE_REVIEW_REQUIRED|MEDIA_RIGHTS_REVIEW_REQUIRED|VARIANT_RELATION_REVIEW_REQUIRED,gymvisual:0721,side wrist pull stretch,FAMILY_SELECTION_COMPLETE,true,ALTERNATIVE_RELATION_REVIEW_REQUIRED|BEGINNER_SUITABILITY_REVIEW_REQUIRED|DOMAIN_SAFETY_REVIEW_REQUIRED|EXECUTION_DOSAGE_REVIEW_REQUIRED|LOAD_PROFILE_REVIEW_REQUIRED|MEDIA_RIGHTS_REVIEW_REQUIRED,SIDE_WRIST_PULL_STRETCH,NO_VARIANT_SINGLE_SOURCE,MOBILITY_STRETCH,equipment=BODYWEIGHT;requires_equipment=false;locations=HOME|GYM,NOT_APPLICABLE,APPROVED,DOMAIN_EXPERT_TAXONOMY_APPROVAL_2026_08_21,DOMAIN_EXPERT_REVIEW,2026-08-21T00:00:00+09:00,TAXONOMY_APPROVED,,APPROVED,"[""WRIST_HAND""]","[""ELBOW""]",APPROVED,APPROVED
REX-000090,버드독,SPINE_CORE_BRACE,"[{""source_id"":""kspo:ce0ab5a88d5e6c4243b2a910aa53ecff3aa783c716fa193711a1a6e44542b3a0"",""variant"":""BASE"",""source_name"":""네발기기 자세에서 팔 다리 들기""}]",kspo:ce0ab5a88d5e6c4243b2a910aa53ecff3aa783c716fa193711a1a6e44542b3a0,1,CORE_BRACE,STRENGTH,CORE,MAT,BEGINNER,CONDITIONAL,family 내 대표 1개를 선택; 초보자 접근성 후보값이 있음; 원천 설명·가이드 연결이 있음; 기존 선정 후보가 RECOMMENDED임; 최종 안전·용량·권리 검수는 별도 유지.,SINGLETON_FAMILY,단일 원본 레코드이며 동일 family 내 병합 대상이 없음.,,ALTERNATIVE_RELATION_REVIEW_REQUIRED|BEGINNER_SUITABILITY_REVIEW_REQUIRED|DOMAIN_SAFETY_REVIEW_REQUIRED|EXECUTION_DOSAGE_REVIEW_REQUIRED|EXERCISE_TAXONOMY_MAPPING_REQUIRED|INSTRUCTION_CONTENT_REVIEW_REQUIRED|MEDIA_RIGHTS_REVIEW_REQUIRED|SOURCE_DOSAGE_UNSPECIFIED,kspo:ce0ab5a88d5e6c4243b2a910aa53ecff3aa783c716fa193711a1a6e44542b3a0,네발기기 자세에서 팔 다리 들기,FAMILY_SELECTION_COMPLETE,true,ALTERNATIVE_RELATION_REVIEW_REQUIRED|BEGINNER_SUITABILITY_REVIEW_REQUIRED|DOMAIN_SAFETY_REVIEW_REQUIRED|EXECUTION_DOSAGE_REVIEW_REQUIRED|EXERCISE_TAXONOMY_MAPPING_REQUIRED|INSTRUCTION_CONTENT_REVIEW_REQUIRED|MEDIA_RIGHTS_REVIEW_REQUIRED|SOURCE_DOSAGE_UNSPECIFIED,SPINE_CORE_BRACE,NO_VARIANT_SINGLE_SOURCE,CORE_BRACE,equipment=MAT;requires_equipment=true;locations=HOME,NOT_APPLICABLE,APPROVED,DOMAIN_EXPERT_TAXONOMY_APPROVAL_2026_08_21,DOMAIN_EXPERT_REVIEW,2026-08-21T00:00:00+09:00,TAXONOMY_APPROVED,,APPROVED,"[""ABDOMEN""]","[""LOWER_BACK"",""HIP"",""SHOULDER""]",APPROVED,APPROVED
REX-000091,척추 스트레칭,SPINE_STRETCH,"[{""source_id"":""gymvisual:1363"",""variant"":""BASE"",""source_name"":""spine stretch""}]",gymvisual:1363,1,MOBILITY_STRETCH,MOBILITY,MOBILITY,BODYWEIGHT,BEGINNER,CONDITIONAL,family 내 대표 1개를 선택; 원천 설명·가이드 연결이 있음; 최종 안전·용량·권리 검수는 별도 유지.,SINGLETON_FAMILY,단일 원본 레코드이며 동일 family 내 병합 대상이 없음.,,ALTERNATIVE_RELATION_REVIEW_REQUIRED|BEGINNER_SUITABILITY_REVIEW_REQUIRED|DOMAIN_SAFETY_REVIEW_REQUIRED|EXECUTION_DOSAGE_REVIEW_REQUIRED|EXERCISE_FAMILY_REVIEW_REQUIRED|LOAD_PROFILE_REVIEW_REQUIRED|MEDIA_RIGHTS_REVIEW_REQUIRED|VARIANT_RELATION_REVIEW_REQUIRED,gymvisual:1363,spine stretch,FAMILY_SELECTION_COMPLETE,true,ALTERNATIVE_RELATION_REVIEW_REQUIRED|BEGINNER_SUITABILITY_REVIEW_REQUIRED|DOMAIN_SAFETY_REVIEW_REQUIRED|EXECUTION_DOSAGE_REVIEW_REQUIRED|LOAD_PROFILE_REVIEW_REQUIRED|MEDIA_RIGHTS_REVIEW_REQUIRED,SPINE_STRETCH,NO_VARIANT_SINGLE_SOURCE,MOBILITY_STRETCH,equipment=BODYWEIGHT;requires_equipment=false;locations=HOME|GYM,NOT_APPLICABLE,APPROVED,DOMAIN_EXPERT_TAXONOMY_APPROVAL_2026_08_21,DOMAIN_EXPERT_REVIEW,2026-08-21T00:00:00+09:00,TAXONOMY_APPROVED,,APPROVED,"[""UPPER_BACK"",""LOWER_BACK""]","[""ABDOMEN""]",APPROVED,APPROVED
REX-000092,척추 비틀기,SPINE_TWIST,"[{""source_id"":""gymvisual:2329"",""variant"":""BASE"",""source_name"":""spine twist""}]",gymvisual:2329,1,MOBILITY_STRETCH,MOBILITY,MOBILITY,BODYWEIGHT,BEGINNER,CONDITIONAL,family 내 대표 1개를 선택; 원천 설명·가이드 연결이 있음; 최종 안전·용량·권리 검수는 별도 유지.,SINGLETON_FAMILY,단일 원본 레코드이며 동일 family 내 병합 대상이 없음.,,ALTERNATIVE_RELATION_REVIEW_REQUIRED|BEGINNER_SUITABILITY_REVIEW_REQUIRED|DOMAIN_SAFETY_REVIEW_REQUIRED|EXECUTION_DOSAGE_REVIEW_REQUIRED|EXERCISE_FAMILY_REVIEW_REQUIRED|LOAD_PROFILE_REVIEW_REQUIRED|MEDIA_RIGHTS_REVIEW_REQUIRED|VARIANT_RELATION_REVIEW_REQUIRED,gymvisual:2329,spine twist,FAMILY_SELECTION_COMPLETE,true,ALTERNATIVE_RELATION_REVIEW_REQUIRED|BEGINNER_SUITABILITY_REVIEW_REQUIRED|DOMAIN_SAFETY_REVIEW_REQUIRED|EXECUTION_DOSAGE_REVIEW_REQUIRED|LOAD_PROFILE_REVIEW_REQUIRED|MEDIA_RIGHTS_REVIEW_REQUIRED,SPINE_TWIST,NO_VARIANT_SINGLE_SOURCE,MOBILITY_STRETCH,equipment=BODYWEIGHT;requires_equipment=false;locations=HOME|GYM,NOT_APPLICABLE,APPROVED,DOMAIN_EXPERT_TAXONOMY_APPROVAL_2026_08_21,DOMAIN_EXPERT_REVIEW,2026-08-21T00:00:00+09:00,TAXONOMY_APPROVED,,APPROVED,"[""UPPER_BACK"",""LOWER_BACK""]","[""ABDOMEN""]",APPROVED,APPROVED
REX-000093,스쿼트,SQUAT_VARIANT,"[{""source_id"":""wger:1801"",""variant"":""BASE"",""source_name"":""Barbell Full Squat""}]",wger:1801,1,KNEE_DOMINANT,STRENGTH,QUADRICEPS,BARBELL,INTERMEDIATE,CONDITIONAL,family 내 대표 1개를 선택; 표준 운동명이 명확함; 초보자 접근성 후보값이 있음; 최종 안전·용량·권리 검수는 별도 유지.,SINGLETON_FAMILY,단일 원본 레코드이며 동일 family 내 병합 대상이 없음.,,BEGINNER_SUITABILITY_REVIEW_REQUIRED|DOMAIN_SAFETY_REVIEW_REQUIRED|EXECUTION_DOSAGE_REVIEW_REQUIRED|EXERCISE_TAXONOMY_MAPPING_REQUIRED|INSTRUCTION_CONTENT_REVIEW_REQUIRED|KOREAN_LOCALIZATION_REVIEW_REQUIRED|MEDIA_RIGHTS_REVIEW_REQUIRED|SOURCE_LICENSE_REVIEW_REQUIRED,wger:1801,Barbell Full Squat,FAMILY_SELECTION_COMPLETE,true,BEGINNER_SUITABILITY_REVIEW_REQUIRED|DOMAIN_SAFETY_REVIEW_REQUIRED|EXECUTION_DOSAGE_REVIEW_REQUIRED|EXERCISE_TAXONOMY_MAPPING_REQUIRED|INSTRUCTION_CONTENT_REVIEW_REQUIRED|KOREAN_LOCALIZATION_REVIEW_REQUIRED|MEDIA_RIGHTS_REVIEW_REQUIRED|SOURCE_LICENSE_REVIEW_REQUIRED,SQUAT_VARIANT,NO_VARIANT_SINGLE_SOURCE,KNEE_DOMINANT,equipment=BARBELL;requires_equipment=true;locations=GYM,NOT_APPLICABLE,APPROVED,DOMAIN_EXPERT_TAXONOMY_APPROVAL_2026_08_21,DOMAIN_EXPERT_REVIEW,2026-08-21T00:00:00+09:00,TAXONOMY_APPROVED,,APPROVED,"[""KNEE"",""HIP""]","[""LOWER_BACK"",""ANKLE_FOOT""]",APPROVED,APPROVED
REX-000094,스트랩 햄스트링·종아리 스트레칭,STANDING_HAMSTRING_CALF_STRAP_STRETCH,"[{""source_id"":""gymvisual:1599"",""variant"":""BASE"",""source_name"":""standing hamstring and calf stretch with strap""}]",gymvisual:1599,1,MOBILITY_STRETCH,MOBILITY,MOBILITY,ROPE,BEGINNER,CONDITIONAL,family 내 대표 1개를 선택; 원천 설명·가이드 연결이 있음; 최종 안전·용량·권리 검수는 별도 유지.,SINGLETON_FAMILY,단일 원본 레코드이며 동일 family 내 병합 대상이 없음.,,ALTERNATIVE_RELATION_REVIEW_REQUIRED|BEGINNER_SUITABILITY_REVIEW_REQUIRED|DOMAIN_SAFETY_REVIEW_REQUIRED|EXECUTION_DOSAGE_REVIEW_REQUIRED|EXERCISE_FAMILY_REVIEW_REQUIRED|LOAD_PROFILE_REVIEW_REQUIRED|MEDIA_RIGHTS_REVIEW_REQUIRED|VARIANT_RELATION_REVIEW_REQUIRED,gymvisual:1599,standing hamstring and calf stretch with strap,FAMILY_SELECTION_COMPLETE,true,ALTERNATIVE_RELATION_REVIEW_REQUIRED|BEGINNER_SUITABILITY_REVIEW_REQUIRED|DOMAIN_SAFETY_REVIEW_REQUIRED|EXECUTION_DOSAGE_REVIEW_REQUIRED|LOAD_PROFILE_REVIEW_REQUIRED|MEDIA_RIGHTS_REVIEW_REQUIRED,STANDING_HAMSTRING_CALF_STRAP_STRETCH,NO_VARIANT_SINGLE_SOURCE,MOBILITY_STRETCH,equipment=ROPE;requires_equipment=true;locations=HOME|GYM,NOT_APPLICABLE,APPROVED,DOMAIN_EXPERT_TAXONOMY_APPROVAL_2026_08_21,DOMAIN_EXPERT_REVIEW,2026-08-21T00:00:00+09:00,TAXONOMY_APPROVED,,APPROVED,"[""KNEE"",""ANKLE_FOOT""]","[""HIP""]",APPROVED,APPROVED
REX-000095,서서 옆구리 스트레칭,STANDING_LATERAL_STRETCH,"[{""source_id"":""gymvisual:0794"",""variant"":""BASE"",""source_name"":""standing lateral stretch""}]",gymvisual:0794,1,MOBILITY_STRETCH,MOBILITY,MOBILITY,BODYWEIGHT,BEGINNER,SUITABLE,family 내 대표 1개를 선택; 원천 설명·가이드 연결이 있음; 최종 안전·용량·권리 검수는 별도 유지.,SINGLETON_FAMILY,단일 원본 레코드이며 동일 family 내 병합 대상이 없음.,,ALTERNATIVE_RELATION_REVIEW_REQUIRED|BEGINNER_SUITABILITY_REVIEW_REQUIRED|DOMAIN_SAFETY_REVIEW_REQUIRED|EXECUTION_DOSAGE_REVIEW_REQUIRED|EXERCISE_FAMILY_REVIEW_REQUIRED|LOAD_PROFILE_REVIEW_REQUIRED|MEDIA_RIGHTS_REVIEW_REQUIRED|VARIANT_RELATION_REVIEW_REQUIRED,gymvisual:0794,standing lateral stretch,FAMILY_SELECTION_COMPLETE,true,ALTERNATIVE_RELATION_REVIEW_REQUIRED|BEGINNER_SUITABILITY_REVIEW_REQUIRED|DOMAIN_SAFETY_REVIEW_REQUIRED|EXECUTION_DOSAGE_REVIEW_REQUIRED|LOAD_PROFILE_REVIEW_REQUIRED|MEDIA_RIGHTS_REVIEW_REQUIRED,STANDING_LATERAL_STRETCH,NO_VARIANT_SINGLE_SOURCE,MOBILITY_STRETCH,equipment=BODYWEIGHT;requires_equipment=false;locations=HOME|GYM,NOT_APPLICABLE,APPROVED,DOMAIN_EXPERT_TAXONOMY_APPROVAL_2026_08_21,DOMAIN_EXPERT_REVIEW,2026-08-21T00:00:00+09:00,TAXONOMY_APPROVED,,APPROVED,"[""UPPER_BACK""]","[""LOWER_BACK"",""ABDOMEN""]",APPROVED,APPROVED
REX-000096,삼두근 스트레칭,TRICEPS_STRETCH,"[{""source_id"":""gymvisual:0817"",""variant"":""BASE"",""source_name"":""triceps stretch""}]",gymvisual:0817,1,MOBILITY_STRETCH,MOBILITY,MOBILITY,BODYWEIGHT,BEGINNER,SUITABLE,family 내 대표 1개를 선택; 원천 설명·가이드 연결이 있음; 최종 안전·용량·권리 검수는 별도 유지.,SINGLETON_FAMILY,단일 원본 레코드이며 동일 family 내 병합 대상이 없음.,,ALTERNATIVE_RELATION_REVIEW_REQUIRED|BEGINNER_SUITABILITY_REVIEW_REQUIRED|DOMAIN_SAFETY_REVIEW_REQUIRED|EXECUTION_DOSAGE_REVIEW_REQUIRED|EXERCISE_FAMILY_REVIEW_REQUIRED|LOAD_PROFILE_REVIEW_REQUIRED|MEDIA_RIGHTS_REVIEW_REQUIRED|VARIANT_RELATION_REVIEW_REQUIRED,gymvisual:0817,triceps stretch,FAMILY_SELECTION_COMPLETE,true,ALTERNATIVE_RELATION_REVIEW_REQUIRED|BEGINNER_SUITABILITY_REVIEW_REQUIRED|DOMAIN_SAFETY_REVIEW_REQUIRED|EXECUTION_DOSAGE_REVIEW_REQUIRED|LOAD_PROFILE_REVIEW_REQUIRED|MEDIA_RIGHTS_REVIEW_REQUIRED,TRICEPS_STRETCH,NO_VARIANT_SINGLE_SOURCE,MOBILITY_STRETCH,equipment=BODYWEIGHT;requires_equipment=false;locations=HOME|GYM,NOT_APPLICABLE,APPROVED,DOMAIN_EXPERT_TAXONOMY_APPROVAL_2026_08_21,DOMAIN_EXPERT_REVIEW,2026-08-21T00:00:00+09:00,TAXONOMY_APPROVED,,APPROVED,"[""ELBOW""]","[""SHOULDER"",""WRIST_HAND""]",APPROVED,APPROVED
REX-000097,시티드 밴드 풀어파트,UPPER_BACK_ISOLATION,"[{""source_id"":""kspo:ab41f78cd9e548e1217b4460122ca0a1e9824cd570da589f1b37ffe86d6db937"",""variant"":""BASE"",""source_name"":""의자에 앉아 밴드 양옆으로 늘이기""}]",kspo:ab41f78cd9e548e1217b4460122ca0a1e9824cd570da589f1b37ffe86d6db937,1,ISOLATION,STRENGTH,BACK,UNSPECIFIED,BEGINNER,CONDITIONAL,family 내 대표 1개를 선택; 초보자 접근성 후보값이 있음; 원천 설명·가이드 연결이 있음; 기존 선정 후보가 RECOMMENDED임; 최종 안전·용량·권리 검수는 별도 유지.,SINGLETON_FAMILY,단일 원본 레코드이며 동일 family 내 병합 대상이 없음.,,ALTERNATIVE_RELATION_REVIEW_REQUIRED|BEGINNER_SUITABILITY_REVIEW_REQUIRED|DOMAIN_SAFETY_REVIEW_REQUIRED|EXECUTION_DOSAGE_REVIEW_REQUIRED|EXERCISE_TAXONOMY_MAPPING_REQUIRED|INSTRUCTION_CONTENT_REVIEW_REQUIRED|MEDIA_RIGHTS_REVIEW_REQUIRED|SOURCE_DOSAGE_UNSPECIFIED,kspo:ab41f78cd9e548e1217b4460122ca0a1e9824cd570da589f1b37ffe86d6db937,의자에 앉아 밴드 양옆으로 늘이기,FAMILY_SELECTION_COMPLETE,true,ALTERNATIVE_RELATION_REVIEW_REQUIRED|BEGINNER_SUITABILITY_REVIEW_REQUIRED|DOMAIN_SAFETY_REVIEW_REQUIRED|EXECUTION_DOSAGE_REVIEW_REQUIRED|EXERCISE_TAXONOMY_MAPPING_REQUIRED|INSTRUCTION_CONTENT_REVIEW_REQUIRED|MEDIA_RIGHTS_REVIEW_REQUIRED|SOURCE_DOSAGE_UNSPECIFIED,UPPER_BACK_ISOLATION,NO_VARIANT_SINGLE_SOURCE,ISOLATION,equipment=BAND;requires_equipment=true;locations=HOME,NOT_APPLICABLE,APPROVED,DOMAIN_EXPERT_TAXONOMY_APPROVAL_2026_08_21,DOMAIN_EXPERT_REVIEW,2026-08-21T00:00:00+09:00,TAXONOMY_APPROVED,,APPROVED,"[""UPPER_BACK""]","[""SHOULDER"",""ELBOW""]",APPROVED,APPROVED
REX-000098,상부 등 스트레칭,UPPER_BACK_STRETCH,"[{""source_id"":""gymvisual:1365"",""variant"":""BASE"",""source_name"":""upper back stretch""}]",gymvisual:1365,1,MOBILITY_STRETCH,MOBILITY,MOBILITY,BODYWEIGHT,BEGINNER,SUITABLE,family 내 대표 1개를 선택; 원천 설명·가이드 연결이 있음; 최종 안전·용량·권리 검수는 별도 유지.,SINGLETON_FAMILY,단일 원본 레코드이며 동일 family 내 병합 대상이 없음.,,ALTERNATIVE_RELATION_REVIEW_REQUIRED|BEGINNER_SUITABILITY_REVIEW_REQUIRED|DOMAIN_SAFETY_REVIEW_REQUIRED|EXECUTION_DOSAGE_REVIEW_REQUIRED|EXERCISE_FAMILY_REVIEW_REQUIRED|LOAD_PROFILE_REVIEW_REQUIRED|MEDIA_RIGHTS_REVIEW_REQUIRED|VARIANT_RELATION_REVIEW_REQUIRED,gymvisual:1365,upper back stretch,FAMILY_SELECTION_COMPLETE,true,ALTERNATIVE_RELATION_REVIEW_REQUIRED|BEGINNER_SUITABILITY_REVIEW_REQUIRED|DOMAIN_SAFETY_REVIEW_REQUIRED|EXECUTION_DOSAGE_REVIEW_REQUIRED|LOAD_PROFILE_REVIEW_REQUIRED|MEDIA_RIGHTS_REVIEW_REQUIRED,UPPER_BACK_STRETCH,NO_VARIANT_SINGLE_SOURCE,MOBILITY_STRETCH,equipment=BODYWEIGHT;requires_equipment=false;locations=HOME|GYM,NOT_APPLICABLE,APPROVED,DOMAIN_EXPERT_TAXONOMY_APPROVAL_2026_08_21,DOMAIN_EXPERT_REVIEW,2026-08-21T00:00:00+09:00,TAXONOMY_APPROVED,,APPROVED,"[""UPPER_BACK""]","[""SHOULDER"",""CHEST""]",APPROVED,APPROVED
REX-000099,벽 짚고 종아리 스트레칭,WALL_CALF_STRETCH,"[{""source_id"":""gymvisual:1377"",""variant"":""BASE"",""source_name"":""calf stretch with hands against wall""}]",gymvisual:1377,1,MOBILITY_STRETCH,MOBILITY,MOBILITY,BODYWEIGHT,BEGINNER,SUITABLE,family 내 대표 1개를 선택; 원천 설명·가이드 연결이 있음; 최종 안전·용량·권리 검수는 별도 유지.,SINGLETON_FAMILY,단일 원본 레코드이며 동일 family 내 병합 대상이 없음.,,ALTERNATIVE_RELATION_REVIEW_REQUIRED|BEGINNER_SUITABILITY_REVIEW_REQUIRED|DOMAIN_SAFETY_REVIEW_REQUIRED|EXECUTION_DOSAGE_REVIEW_REQUIRED|EXERCISE_FAMILY_REVIEW_REQUIRED|LOAD_PROFILE_REVIEW_REQUIRED|MEDIA_RIGHTS_REVIEW_REQUIRED|VARIANT_RELATION_REVIEW_REQUIRED,gymvisual:1377,calf stretch with hands against wall,FAMILY_SELECTION_COMPLETE,true,ALTERNATIVE_RELATION_REVIEW_REQUIRED|BEGINNER_SUITABILITY_REVIEW_REQUIRED|DOMAIN_SAFETY_REVIEW_REQUIRED|EXECUTION_DOSAGE_REVIEW_REQUIRED|LOAD_PROFILE_REVIEW_REQUIRED|MEDIA_RIGHTS_REVIEW_REQUIRED,WALL_CALF_STRETCH,NO_VARIANT_SINGLE_SOURCE,MOBILITY_STRETCH,equipment=BODYWEIGHT;requires_equipment=false;locations=HOME|GYM,NOT_APPLICABLE,APPROVED,DOMAIN_EXPERT_TAXONOMY_APPROVAL_2026_08_21,DOMAIN_EXPERT_REVIEW,2026-08-21T00:00:00+09:00,TAXONOMY_APPROVED,,APPROVED,"[""ANKLE_FOOT""]","[""KNEE""]",APPROVED,APPROVED
REX-000100,월드 그레이티스트 스트레칭,WORLD_GREATEST_STRETCH,"[{""source_id"":""gymvisual:1604"",""variant"":""BASE"",""source_name"":""world greatest stretch""}]",gymvisual:1604,1,MOBILITY_STRETCH,MOBILITY,MOBILITY,BODYWEIGHT,INTERMEDIATE,CONDITIONAL,family 내 대표 1개를 선택; 초보자 접근성 후보값이 있음; 원천 설명·가이드 연결이 있음; 최종 안전·용량·권리 검수는 별도 유지.,SINGLETON_FAMILY,단일 원본 레코드이며 동일 family 내 병합 대상이 없음.,,ALTERNATIVE_RELATION_REVIEW_REQUIRED|BEGINNER_SUITABILITY_REVIEW_REQUIRED|DOMAIN_SAFETY_REVIEW_REQUIRED|EXECUTION_DOSAGE_REVIEW_REQUIRED|EXERCISE_FAMILY_REVIEW_REQUIRED|LOAD_PROFILE_REVIEW_REQUIRED|MEDIA_RIGHTS_REVIEW_REQUIRED|VARIANT_RELATION_REVIEW_REQUIRED,gymvisual:1604,world greatest stretch,FAMILY_SELECTION_COMPLETE,true,ALTERNATIVE_RELATION_REVIEW_REQUIRED|BEGINNER_SUITABILITY_REVIEW_REQUIRED|DOMAIN_SAFETY_REVIEW_REQUIRED|EXECUTION_DOSAGE_REVIEW_REQUIRED|LOAD_PROFILE_REVIEW_REQUIRED|MEDIA_RIGHTS_REVIEW_REQUIRED,WORLD_GREATEST_STRETCH,NO_VARIANT_SINGLE_SOURCE,MOBILITY_STRETCH,equipment=BODYWEIGHT;requires_equipment=false;locations=HOME|GYM,NOT_APPLICABLE,APPROVED,DOMAIN_EXPERT_TAXONOMY_APPROVAL_2026_08_21,DOMAIN_EXPERT_REVIEW,2026-08-21T00:00:00+09:00,TAXONOMY_APPROVED,,APPROVED,"[""HIP"",""KNEE""]","[""ANKLE_FOOT""]",APPROVED,APPROVED
REX-000101,손목 돌리기,WRIST_CIRCLES,"[{""source_id"":""gymvisual:1428"",""variant"":""BASE"",""source_name"":""wrist circles""}]",gymvisual:1428,1,MOBILITY_STRETCH,MOBILITY,MOBILITY,BODYWEIGHT,BEGINNER,SUITABLE,family 내 대표 1개를 선택; 원천 설명·가이드 연결이 있음; 최종 안전·용량·권리 검수는 별도 유지.,SINGLETON_FAMILY,단일 원본 레코드이며 동일 family 내 병합 대상이 없음.,,ALTERNATIVE_RELATION_REVIEW_REQUIRED|BEGINNER_SUITABILITY_REVIEW_REQUIRED|DOMAIN_SAFETY_REVIEW_REQUIRED|EXECUTION_DOSAGE_REVIEW_REQUIRED|EXERCISE_FAMILY_REVIEW_REQUIRED|LOAD_PROFILE_REVIEW_REQUIRED|MEDIA_RIGHTS_REVIEW_REQUIRED|VARIANT_RELATION_REVIEW_REQUIRED,gymvisual:1428,wrist circles,FAMILY_SELECTION_COMPLETE,true,ALTERNATIVE_RELATION_REVIEW_REQUIRED|BEGINNER_SUITABILITY_REVIEW_REQUIRED|DOMAIN_SAFETY_REVIEW_REQUIRED|EXECUTION_DOSAGE_REVIEW_REQUIRED|LOAD_PROFILE_REVIEW_REQUIRED|MEDIA_RIGHTS_REVIEW_REQUIRED,WRIST_CIRCLES,NO_VARIANT_SINGLE_SOURCE,MOBILITY_STRETCH,equipment=BODYWEIGHT;requires_equipment=false;locations=HOME|GYM,NOT_APPLICABLE,APPROVED,DOMAIN_EXPERT_TAXONOMY_APPROVAL_2026_08_21,DOMAIN_EXPERT_REVIEW,2026-08-21T00:00:00+09:00,TAXONOMY_APPROVED,,APPROVED,"[""WRIST_HAND""]","[""ELBOW""]",APPROVED,APPROVED
REX-000102,리스트 컬,WRIST_CURL,"[{""source_id"":""gymvisual:0126"",""variant"":""BASE"",""source_name"":""barbell wrist curl""},{""source_id"":""gymvisual:0369"",""variant"":""DUMBBELL|BENCH_SUPPORT"",""source_name"":""dumbbell over bench wrist curl""},{""source_id"":""gymvisual:1016"",""variant"":""BAND"",""source_name"":""band wrist curl""}]",gymvisual:0126|gymvisual:0369|gymvisual:1016,3,ISOLATION,STRENGTH,FOREARMS,BARBELL,BEGINNER,SUITABLE,family 내 대표 1개를 선택; 초보자 접근성 후보값이 있음; 원천 설명·가이드 연결이 있음; 기존 선정 후보가 RECOMMENDED임; 최종 안전·용량·권리 검수는 별도 유지.,MERGE_TO_FAMILY_KEEP_VARIANTS,"동일 목적과 수행 패턴(ISOLATION)을 공유하는 후보를 family로 묶고, 장비·자세·그립·편측성·난이도 차이는 variant로 보존했다. 타겟 근육만 같은 후보는 이 family 근거로 사용하지 않았다.",EXERCISE_FAMILY_BOUNDARY_REVIEW|HUMAN_REPRESENTATIVE_SELECTION_REVIEW,BEGINNER_SUITABILITY_REVIEW|EQUIPMENT_TAXONOMY_CANDIDATE_REVIEW|HUMAN_TAXONOMY_REVIEW_REQUIRED|MOVEMENT_PATTERN_REVIEW,gymvisual:0126,barbell wrist curl,FAMILY_SELECTION_COMPLETE,true,EXERCISE_FAMILY_BOUNDARY_REVIEW|HUMAN_REPRESENTATIVE_SELECTION_REVIEW|BEGINNER_SUITABILITY_REVIEW,WRIST_CURL,KEEP_VARIANTS:3,ISOLATION,equipment=BARBELL;requires_equipment=true;locations=GYM,NOT_APPLICABLE,APPROVED,DOMAIN_EXPERT_TAXONOMY_APPROVAL_2026_08_21,DOMAIN_EXPERT_REVIEW,2026-08-21T00:00:00+09:00,TAXONOMY_APPROVED,,APPROVED,"[""WRIST_HAND""]","[""ELBOW""]",APPROVED,APPROVED
