alternative_only,alternative_policy_version,alternative_relation_code,alternative_source_base_exercise_id,alternative_source_base_stable_code,body_focus_code,canonical_decision_code,canonical_decision_note_ko,canonical_decision_source,canonical_status,catalog_version_code,default_rest_seconds,default_seconds_per_rep,default_sets,default_transition_seconds,default_work_seconds,difficulty_code,difficulty_policy_rule_code,difficulty_status,display_name_ko,equipment_codes,exercise_id,family_code,fitt_allowed_experience_level_codes,fitt_mapping_source_representative_exercise_id,fitt_mapping_status_code,fitt_template_ids_by_experience,fixed_posture_code,fixed_support_code,form_cues_ko,general_pool_included,general_pool_inclusion_reason_code,instruction_content_version,instruction_identity_status,instruction_summary_ko,is_representative,legacy_exercise_id,location_codes,name_en,name_ko,original_posture_instructions_replaced,pain_area_load_guard_codes,pain_discomfort_area_code,phase_codes,primary_body_area_codes,primary_movement_pattern_code,production_eligible,record_type,recovery_eligible,representative_exercise_id,review_required,review_required_codes,review_status_code,safety_mapping_source_representative_exercise_id,safety_mapping_status_code,safety_rule_binding_status_code,secondary_body_area_codes,setup_condition_ko,source_author,source_identity,source_instruction_en,source_instruction_steps_en,source_key,source_license,source_media_id,source_media_reference,source_name,source_name_en,source_name_ko,source_provenance_status,source_record_id,source_system,source_track,source_url,stable_code,stop_guard_code,support_equipment_codes,timing_mode_code,training_type_code,user_review_decision_code,user_review_status,variant_materialization_status_code,variant_relation_status_code,variant_type_code,accessed_at,attribution_text,legacy_source_identity,legacy_source_key,legacy_source_track,license_id,license_name,license_review_status,license_url,license_version,source_license_author,source_license_status,timing_phase_review_status,v1_exercise_ids,allowed_experience_level_codes,fitt_mapping_exception_code,fitt_mapping_note,mapping_source_exercise_id,raw_source_record_json,representative_source_key,variant_candidate_pair_id,approval_reference,approval_method_code,approved_at
False,discomfort-alternative-concern-resolution-v2.0.2-v1.0.0,PAIN_AREA_NO_LOAD_SAFE_VARIANT,REX-000046,one_arm_wall_lats_isolation_bodyweight,BACK,SEPARATE_EXERCISE_PAIN_SAFE_VARIANT,통증 Alternative target이면서 일반 운동 풀에도 포함한다.,CONCERN_RESOLUTION_POLICY_REVIEW,PAIN_ALTERNATIVE_TARGET_REVIEW_REQUIRED,exercise-catalog-v2.0.2-final,90,,3,,,BEGINNER,NO_POLICY_OVERRIDE,REVIEW_REQUIRED,한 팔 광배근 스트레칭,"[""BODYWEIGHT""]",DVAR-010E538801DE3645,ONE_ARM_WALL_LATS,"[""BEGINNER"", ""INTERMEDIATE""]",,DOMAIN_APPROVED,"{""BEGINNER"": ""FITT-COMPOUND-PULL-V1"", ""INTERMEDIATE"": ""FITT-COMPOUND-PULL-INTERMEDIATE-V1""}",SUPPORTED_SEATED_KNEES_NEUTRAL_UNWEIGHTED,BACKREST_AND_LOWER_LEG_SUPPORT,[],True,INDEPENDENT_SAFE_VARIANT_GENERAL_POOL,user-name-only-v1,USER_REVIEWED_NAME_ONLY,한 팔 광배근 스트레칭,False,,"[""HOME"", ""GYM""]",,한 팔 광배근 스트레칭,True,"[""NO_PAIN_AREA_WEIGHT_BEARING"", ""NO_PAIN_AREA_GRIP"", ""NO_PAIN_AREA_BRACING""]",,[],"[""UPPER_BACK""]",ISOLATION,True,SEPARATE_EXERCISE,False,,True,"[""PAIN_ALTERNATIVE_DOMAIN_APPROVAL_REQUIRED"", ""MEDIA_RIGHTS_REVIEW_REQUIRED"", ""ALTERNATIVE_TARGET_AND_GENERAL_POOL""]",DOMAIN_APPROVED,,DOMAIN_APPROVED,BOUND_INDEPENDENT_SOURCE,"[""SHOULDER"", ""ELBOW""]",,,DVAR-010E538801DE3645,,,pain_alternative_policy:DVAR-010E538801DE3645,,,,한 팔 광배근 스트레칭,,한 팔 광배근 스트레칭,DERIVED_POLICY_REVIEW_REQUIRED,DVAR-010E538801DE3645,pain_alternative_policy,pain_alternative_policy,,one_arm_wall_lats_isolation_bodyweight__knee_no_load_safe_v1,STOP_IF_DISCOMFORT_INCREASES,"[""PADDED_CHAIR"", ""SUPPORT_CUSHION""]",REPS,STRENGTH,USER_DIRECT_REVIEW_2026_08_29,COMPLETED,NOT_APPLICABLE,NOT_APPLICABLE,,,,,,,,,,,,,,,,,,,,,,,USER_DIRECT_REVIEW_2026_08_29,OWNER_BATCH_CONFIRMATION,2026-08-29T00:00:00+09:00
False,discomfort-alternative-concern-resolution-v2.0.2-v1.0.0,PAIN_AREA_NO_LOAD_SAFE_VARIANT,REX-000050,peroneal_stretch_mobility_stretch_stretch_strap,MOBILITY,SEPARATE_EXERCISE_PAIN_SAFE_VARIANT,통증 Alternative target이면서 일반 운동 풀에도 포함한다.,CONCERN_RESOLUTION_POLICY_REVIEW,PAIN_ALTERNATIVE_TARGET_REVIEW_REQUIRED,exercise-catalog-v2.0.2-final,,,,15,30,INTERMEDIATE,NO_POLICY_OVERRIDE,REVIEW_REQUIRED,종아리 바깥쪽 스트레칭,"[""STRETCH_STRAP""]",DVAR-015C32CEB067E809,PERONEAL_STRETCH,"[""INTERMEDIATE""]",,DOMAIN_APPROVED,"{""INTERMEDIATE"": ""FITT-MOBILITY-INTERMEDIATE-V1""}",SUPPORTED_SUPINE_UPPER_BACK_NEUTRAL,MAT_AND_FULL_UPPER_BACK_SUPPORT,[],True,INDEPENDENT_SAFE_VARIANT_GENERAL_POOL,user-name-only-v1,USER_REVIEWED_NAME_ONLY,종아리 바깥쪽 스트레칭,False,,"[""GYM""]",,종아리 바깥쪽 스트레칭,True,"[""NO_PAIN_AREA_WEIGHT_BEARING"", ""NO_PAIN_AREA_GRIP"", ""NO_PAIN_AREA_BRACING""]",,[],"[""ANKLE_FOOT""]",MOBILITY_STRETCH,True,SEPARATE_EXERCISE,True,,True,"[""PAIN_ALTERNATIVE_DOMAIN_APPROVAL_REQUIRED"", ""MEDIA_RIGHTS_REVIEW_REQUIRED"", ""ALTERNATIVE_TARGET_AND_GENERAL_POOL""]",DOMAIN_APPROVED,,DOMAIN_APPROVED,BOUND_INDEPENDENT_SOURCE,"[""KNEE""]",,,DVAR-015C32CEB067E809,,,pain_alternative_policy:DVAR-015C32CEB067E809,,,,종아리 바깥쪽 스트레칭,,종아리 바깥쪽 스트레칭,DERIVED_POLICY_REVIEW_REQUIRED,DVAR-015C32CEB067E809,pain_alternative_policy,pain_alternative_policy,,peroneal_stretch_mobility_stretch_stretch_strap__upper_back_no_load_safe_v1,STOP_IF_DISCOMFORT_INCREASES,"[""MAT"", ""SUPPORT_CUSHION""]",DURATION,MOBILITY,USER_DIRECT_REVIEW_2026_08_29,COMPLETED,NOT_APPLICABLE,NOT_APPLICABLE,,,,,,,,,,,,,,,,,,,,,,,USER_DIRECT_REVIEW_2026_08_29,OWNER_BATCH_CONFIRMATION,2026-08-29T00:00:00+09:00
False,discomfort-alternative-concern-resolution-v2.0.2-v1.0.0,PAIN_AREA_NO_LOAD_SAFE_VARIANT,REX-000030,dumbbell_standing_curl_isolation_dumbbell,BICEPS,SEPARATE_EXERCISE_PAIN_SAFE_VARIANT,통증 Alternative target이면서 일반 운동 풀에도 포함한다.,CONCERN_RESOLUTION_POLICY_REVIEW,PAIN_ALTERNATIVE_TARGET_REVIEW_REQUIRED,exercise-catalog-v2.0.2-final,60,,3,,,BEGINNER,NO_POLICY_OVERRIDE,REVIEW_REQUIRED,덤벨 바이셉스 컬,"[""DUMBBELL""]",DVAR-03A7A7C6A78247A9,DUMBBELL_STANDING_CURL,"[""BEGINNER"", ""INTERMEDIATE""]",,DOMAIN_APPROVED,"{""BEGINNER"": ""FITT-ISOLATION-STRENGTH-V1"", ""INTERMEDIATE"": ""FITT-ISOLATION-STRENGTH-INTERMEDIATE-V1""}",REVIEWED_NO_LOAD_POSTURE,REVIEWED_NO_LOAD_SUPPORT,[],True,INDEPENDENT_SAFE_VARIANT_GENERAL_POOL,user-name-only-v1,USER_REVIEWED_NAME_ONLY,덤벨 바이셉스 컬,False,,"[""HOME"", ""GYM""]",,덤벨 바이셉스 컬,True,"[""NO_PAIN_AREA_WEIGHT_BEARING"", ""NO_PAIN_AREA_GRIP"", ""NO_PAIN_AREA_BRACING""]",,[],"[""ELBOW""]",ISOLATION,True,SEPARATE_EXERCISE,False,,True,"[""PAIN_ALTERNATIVE_DOMAIN_APPROVAL_REQUIRED"", ""MEDIA_RIGHTS_REVIEW_REQUIRED"", ""ALTERNATIVE_TARGET_AND_GENERAL_POOL""]",DOMAIN_APPROVED,,DOMAIN_APPROVED,BOUND_INDEPENDENT_SOURCE,"[""WRIST_HAND""]",,,DVAR-03A7A7C6A78247A9,,,pain_alternative_policy:DVAR-03A7A7C6A78247A9,,,,덤벨 바이셉스 컬,,덤벨 바이셉스 컬,DERIVED_POLICY_REVIEW_REQUIRED,DVAR-03A7A7C6A78247A9,pain_alternative_policy,pain_alternative_policy,,dumbbell_standing_curl_isolation_dumbbell__knee_no_load_safe_v1,STOP_IF_DISCOMFORT_INCREASES,[],REPS,STRENGTH,USER_DIRECT_REVIEW_2026_08_29,COMPLETED,NOT_APPLICABLE,NOT_APPLICABLE,,,,,,,,,,,,,,,,,,,,,,,USER_DIRECT_REVIEW_2026_08_29,OWNER_BATCH_CONFIRMATION,2026-08-29T00:00:00+09:00
False,discomfort-alternative-concern-resolution-v2.0.2-v1.0.0,PAIN_AREA_NO_LOAD_SAFE_VARIANT,REX-000032,dynamic_chest_stretch_mobility_stretch_bodyweight,MOBILITY,SEPARATE_EXERCISE_PAIN_SAFE_VARIANT,통증 Alternative target이면서 일반 운동 풀에도 포함한다.,CONCERN_RESOLUTION_POLICY_REVIEW,PAIN_ALTERNATIVE_TARGET_REVIEW_REQUIRED,exercise-catalog-v2.0.2-final,,,,15,30,BEGINNER,NO_POLICY_OVERRIDE,REVIEW_REQUIRED,다이내믹 가슴 스트레칭,"[""BODYWEIGHT""]",DVAR-0423655BB84F05ED,DYNAMIC_CHEST_STRETCH,"[""BEGINNER"", ""INTERMEDIATE""]",,DOMAIN_APPROVED,"{""BEGINNER"": ""FITT-MOBILITY-V1"", ""INTERMEDIATE"": ""FITT-MOBILITY-INTERMEDIATE-V1""}",SUPPORTED_SUPINE_NEUTRAL_SPINE,FULL_BACK_AND_PELVIS_MAT_SUPPORT,[],True,INDEPENDENT_SAFE_VARIANT_GENERAL_POOL,user-name-only-v1,USER_REVIEWED_NAME_ONLY,다이내믹 가슴 스트레칭,False,,"[""HOME"", ""GYM""]",,다이내믹 가슴 스트레칭,True,"[""NO_PAIN_AREA_WEIGHT_BEARING"", ""NO_PAIN_AREA_GRIP"", ""NO_PAIN_AREA_BRACING""]",,[],"[""CHEST""]",MOBILITY_STRETCH,True,SEPARATE_EXERCISE,True,,True,"[""PAIN_ALTERNATIVE_DOMAIN_APPROVAL_REQUIRED"", ""MEDIA_RIGHTS_REVIEW_REQUIRED"", ""ALTERNATIVE_TARGET_AND_GENERAL_POOL""]",DOMAIN_APPROVED,,DOMAIN_APPROVED,BOUND_INDEPENDENT_SOURCE,"[""SHOULDER"", ""UPPER_BACK""]",,,DVAR-0423655BB84F05ED,,,pain_alternative_policy:DVAR-0423655BB84F05ED,,,,다이내믹 가슴 스트레칭,,다이내믹 가슴 스트레칭,DERIVED_POLICY_REVIEW_REQUIRED,DVAR-0423655BB84F05ED,pain_alternative_policy,pain_alternative_policy,,dynamic_chest_stretch_mobility_stretch_bodyweight__lower_back_no_load_safe_v1,STOP_IF_DISCOMFORT_INCREASES,"[""MAT"", ""SUPPORT_CUSHION""]",DURATION,MOBILITY,USER_DIRECT_REVIEW_2026_08_29,COMPLETED,NOT_APPLICABLE,NOT_APPLICABLE,,,,,,,,,,,,,,,,,,,,,,,USER_DIRECT_REVIEW_2026_08_29,OWNER_BATCH_CONFIRMATION,2026-08-29T00:00:00+09:00
False,discomfort-alternative-concern-resolution-v2.0.2-v1.0.0,PAIN_AREA_NO_LOAD_SAFE_VARIANT,REX-000057,hip_flexion_isolation_bodyweight,QUADRICEPS,SEPARATE_EXERCISE_PAIN_SAFE_VARIANT,통증 Alternative target이면서 일반 운동 풀에도 포함한다.,CONCERN_RESOLUTION_POLICY_REVIEW,PAIN_ALTERNATIVE_TARGET_REVIEW_REQUIRED,exercise-catalog-v2.0.2-final,60,,2,,,BEGINNER,NO_POLICY_OVERRIDE,REVIEW_REQUIRED,무릎 들기,"[""BODYWEIGHT""]",DVAR-06892D3AE613BF99,REVIEW_REQUIRED,"[""BEGINNER"", ""INTERMEDIATE""]",,REVIEW_REQUIRED,"{""BEGINNER"": ""FITT-ISOLATION-STRENGTH-V1"", ""INTERMEDIATE"": ""FITT-ISOLATION-STRENGTH-INTERMEDIATE-V1""}",REVIEWED_NO_LOAD_POSTURE,REVIEWED_NO_LOAD_SUPPORT,[],True,INDEPENDENT_SAFE_VARIANT_GENERAL_POOL,user-name-only-v1,USER_REVIEWED_NAME_ONLY,무릎 들기,False,,"[""HOME"", ""GYM""]",,무릎 들기,True,"[""NO_PAIN_AREA_WEIGHT_BEARING"", ""NO_PAIN_AREA_GRIP"", ""NO_PAIN_AREA_BRACING""]",,[],"[""KNEE""]",ISOLATION,True,SEPARATE_EXERCISE,False,,True,"[""PAIN_ALTERNATIVE_DOMAIN_APPROVAL_REQUIRED"", ""MEDIA_RIGHTS_REVIEW_REQUIRED"", ""ALTERNATIVE_TARGET_AND_GENERAL_POOL""]",DOMAIN_APPROVED,,DOMAIN_APPROVED,BOUND_INDEPENDENT_SOURCE,"[""HIP"", ""ANKLE_FOOT""]",,,DVAR-06892D3AE613BF99,,,pain_alternative_policy:DVAR-06892D3AE613BF99,,,,무릎 들기,,무릎 들기,DERIVED_POLICY_REVIEW_REQUIRED,DVAR-06892D3AE613BF99,pain_alternative_policy,pain_alternative_policy,,hip_flexion_isolation_bodyweight__upper_back_no_load_safe_v1,STOP_IF_DISCOMFORT_INCREASES,[],REPS,STRENGTH,USER_DIRECT_REVIEW_2026_08_29,COMPLETED,NOT_APPLICABLE,NOT_APPLICABLE,,,,,,,,,,,,,,,,,,,,,,,USER_DIRECT_REVIEW_2026_08_29,OWNER_BATCH_CONFIRMATION,2026-08-29T00:00:00+09:00
False,discomfort-alternative-concern-resolution-v2.0.2-v1.0.0,PAIN_AREA_NO_LOAD_SAFE_VARIANT,REX-000053,rear_deltoid_stretch_mobility_stretch_bodyweight,MOBILITY,SEPARATE_EXERCISE_PAIN_SAFE_VARIANT,통증 Alternative target이면서 일반 운동 풀에도 포함한다.,CONCERN_RESOLUTION_POLICY_REVIEW,PAIN_ALTERNATIVE_TARGET_REVIEW_REQUIRED,exercise-catalog-v2.0.2-final,,,,15,30,BEGINNER,NO_POLICY_OVERRIDE,REVIEW_REQUIRED,후면 어깨 스트레칭,"[""BODYWEIGHT""]",DVAR-0FA62ADA4EEA3182,REAR_DELTOID_STRETCH,"[""BEGINNER"", ""INTERMEDIATE""]",,DOMAIN_APPROVED,"{""BEGINNER"": ""FITT-MOBILITY-V1"", ""INTERMEDIATE"": ""FITT-MOBILITY-INTERMEDIATE-V1""}",SUPPORTED_SEATED_KNEES_NEUTRAL_UNWEIGHTED,BACKREST_AND_LOWER_LEG_SUPPORT,[],True,INDEPENDENT_SAFE_VARIANT_GENERAL_POOL,user-name-only-v1,USER_REVIEWED_NAME_ONLY,후면 어깨 스트레칭,False,,"[""HOME"", ""GYM""]",,후면 어깨 스트레칭,True,"[""NO_PAIN_AREA_WEIGHT_BEARING"", ""NO_PAIN_AREA_GRIP"", ""NO_PAIN_AREA_BRACING""]",,[],"[""SHOULDER""]",MOBILITY_STRETCH,True,SEPARATE_EXERCISE,True,,True,"[""PAIN_ALTERNATIVE_DOMAIN_APPROVAL_REQUIRED"", ""MEDIA_RIGHTS_REVIEW_REQUIRED"", ""ALTERNATIVE_TARGET_AND_GENERAL_POOL""]",DOMAIN_APPROVED,,DOMAIN_APPROVED,BOUND_INDEPENDENT_SOURCE,"[""UPPER_BACK""]",,,DVAR-0FA62ADA4EEA3182,,,pain_alternative_policy:DVAR-0FA62ADA4EEA3182,,,,후면 어깨 스트레칭,,후면 어깨 스트레칭,DERIVED_POLICY_REVIEW_REQUIRED,DVAR-0FA62ADA4EEA3182,pain_alternative_policy,pain_alternative_policy,,rear_deltoid_stretch_mobility_stretch_bodyweight__knee_no_load_safe_v1,STOP_IF_DISCOMFORT_INCREASES,"[""PADDED_CHAIR"", ""SUPPORT_CUSHION""]",DURATION,MOBILITY,USER_DIRECT_REVIEW_2026_08_29,COMPLETED,NOT_APPLICABLE,NOT_APPLICABLE,,,,,,,,,,,,,,,,,,,,,,,USER_DIRECT_REVIEW_2026_08_29,OWNER_BATCH_CONFIRMATION,2026-08-29T00:00:00+09:00
False,discomfort-alternative-concern-resolution-v2.0.2-v1.0.0,PAIN_AREA_NO_LOAD_SAFE_VARIANT,REX-000077,runners_stretch_mobility_stretch_bodyweight,MOBILITY,SEPARATE_EXERCISE_PAIN_SAFE_VARIANT,통증 Alternative target이면서 일반 운동 풀에도 포함한다.,CONCERN_RESOLUTION_POLICY_REVIEW,PAIN_ALTERNATIVE_TARGET_REVIEW_REQUIRED,exercise-catalog-v2.0.2-final,,,,15,30,BEGINNER,NO_POLICY_OVERRIDE,REVIEW_REQUIRED,러너스 스트레칭,"[""BODYWEIGHT""]",DVAR-1760C8AA64CEB384,RUNNERS_STRETCH,"[""BEGINNER"", ""INTERMEDIATE""]",,DOMAIN_APPROVED,"{""BEGINNER"": ""FITT-MOBILITY-V1"", ""INTERMEDIATE"": ""FITT-MOBILITY-INTERMEDIATE-V1""}",SUPPORTED_SUPINE_NO_TRUNK_BRACING,FULL_BACK_AND_PELVIS_MAT_SUPPORT,[],True,INDEPENDENT_SAFE_VARIANT_GENERAL_POOL,user-name-only-v1,USER_REVIEWED_NAME_ONLY,러너스 스트레칭,False,,"[""HOME"", ""GYM""]",,러너스 스트레칭,True,"[""NO_PAIN_AREA_WEIGHT_BEARING"", ""NO_PAIN_AREA_GRIP"", ""NO_PAIN_AREA_BRACING""]",,[],"[""ANKLE_FOOT"", ""KNEE""]",MOBILITY_STRETCH,True,SEPARATE_EXERCISE,True,,True,"[""PAIN_ALTERNATIVE_DOMAIN_APPROVAL_REQUIRED"", ""MEDIA_RIGHTS_REVIEW_REQUIRED"", ""ALTERNATIVE_TARGET_AND_GENERAL_POOL""]",DOMAIN_APPROVED,,DOMAIN_APPROVED,BOUND_INDEPENDENT_SOURCE,"[""HIP""]",,,DVAR-1760C8AA64CEB384,,,pain_alternative_policy:DVAR-1760C8AA64CEB384,,,,러너스 스트레칭,,러너스 스트레칭,DERIVED_POLICY_REVIEW_REQUIRED,DVAR-1760C8AA64CEB384,pain_alternative_policy,pain_alternative_policy,,runners_stretch_mobility_stretch_bodyweight__abdomen_no_load_safe_v1,STOP_IF_DISCOMFORT_INCREASES,"[""MAT"", ""SUPPORT_CUSHION""]",DURATION,MOBILITY,USER_DIRECT_REVIEW_2026_08_29,COMPLETED,NOT_APPLICABLE,NOT_APPLICABLE,,,,,,,,,,,,,,,,,,,,,,,USER_DIRECT_REVIEW_2026_08_29,OWNER_BATCH_CONFIRMATION,2026-08-29T00:00:00+09:00
False,discomfort-alternative-concern-resolution-v2.0.2-v1.0.0,PAIN_AREA_NO_LOAD_SAFE_VARIANT,REX-000032,dynamic_chest_stretch_mobility_stretch_bodyweight,MOBILITY,SEPARATE_EXERCISE_PAIN_SAFE_VARIANT,통증 Alternative target이면서 일반 운동 풀에도 포함한다.,CONCERN_RESOLUTION_POLICY_REVIEW,PAIN_ALTERNATIVE_TARGET_REVIEW_REQUIRED,exercise-catalog-v2.0.2-final,,,,15,30,BEGINNER,NO_POLICY_OVERRIDE,REVIEW_REQUIRED,다이내믹 가슴 스트레칭,"[""BODYWEIGHT""]",DVAR-18D8381ECAA601CC,DYNAMIC_CHEST_STRETCH,"[""BEGINNER"", ""INTERMEDIATE""]",,DOMAIN_APPROVED,"{""BEGINNER"": ""FITT-MOBILITY-V1"", ""INTERMEDIATE"": ""FITT-MOBILITY-INTERMEDIATE-V1""}",SUPPORTED_SUPINE_PELVIS_NEUTRAL,FULL_BODY_MAT_AND_KNEE_BOLSTER_SUPPORT,[],True,INDEPENDENT_SAFE_VARIANT_GENERAL_POOL,user-name-only-v1,USER_REVIEWED_NAME_ONLY,다이내믹 가슴 스트레칭,False,,"[""HOME"", ""GYM""]",,다이내믹 가슴 스트레칭,True,"[""NO_PAIN_AREA_WEIGHT_BEARING"", ""NO_PAIN_AREA_GRIP"", ""NO_PAIN_AREA_BRACING""]",,[],"[""CHEST""]",MOBILITY_STRETCH,True,SEPARATE_EXERCISE,True,,True,"[""PAIN_ALTERNATIVE_DOMAIN_APPROVAL_REQUIRED"", ""MEDIA_RIGHTS_REVIEW_REQUIRED"", ""ALTERNATIVE_TARGET_AND_GENERAL_POOL""]",DOMAIN_APPROVED,,DOMAIN_APPROVED,BOUND_INDEPENDENT_SOURCE,"[""SHOULDER"", ""UPPER_BACK""]",,,DVAR-18D8381ECAA601CC,,,pain_alternative_policy:DVAR-18D8381ECAA601CC,,,,다이내믹 가슴 스트레칭,,다이내믹 가슴 스트레칭,DERIVED_POLICY_REVIEW_REQUIRED,DVAR-18D8381ECAA601CC,pain_alternative_policy,pain_alternative_policy,,dynamic_chest_stretch_mobility_stretch_bodyweight__hip_no_load_safe_v1,STOP_IF_DISCOMFORT_INCREASES,"[""MAT"", ""SUPPORT_CUSHION""]",DURATION,MOBILITY,USER_DIRECT_REVIEW_2026_08_29,COMPLETED,NOT_APPLICABLE,NOT_APPLICABLE,,,,,,,,,,,,,,,,,,,,,,,USER_DIRECT_REVIEW_2026_08_29,OWNER_BATCH_CONFIRMATION,2026-08-29T00:00:00+09:00
False,discomfort-alternative-concern-resolution-v2.0.2-v1.0.0,PAIN_AREA_NO_LOAD_SAFE_VARIANT,REX-000034,hamstring_stretch_mobility_stretch_bodyweight,MOBILITY,SEPARATE_EXERCISE_PAIN_SAFE_VARIANT,통증 Alternative target이면서 일반 운동 풀에도 포함한다.,CONCERN_RESOLUTION_POLICY_REVIEW,PAIN_ALTERNATIVE_TARGET_REVIEW_REQUIRED,exercise-catalog-v2.0.2-final,,,,15,30,BEGINNER,NO_POLICY_OVERRIDE,REVIEW_REQUIRED,햄스트링 스트레칭,"[""BODYWEIGHT""]",DVAR-1A1F63F097657004,HAMSTRING_STRETCH,"[""BEGINNER"", ""INTERMEDIATE""]",,DOMAIN_APPROVED,"{""BEGINNER"": ""FITT-MOBILITY-V1"", ""INTERMEDIATE"": ""FITT-MOBILITY-INTERMEDIATE-V1""}",SUPPORTED_SEATED_HANDS_OPEN_RELAXED,BACKREST_AND_OPEN_PALM_CUSHION_SUPPORT,[],True,INDEPENDENT_SAFE_VARIANT_GENERAL_POOL,user-name-only-v1,USER_REVIEWED_NAME_ONLY,햄스트링 스트레칭,False,,"[""HOME"", ""GYM""]",,햄스트링 스트레칭,True,"[""NO_PAIN_AREA_WEIGHT_BEARING"", ""NO_PAIN_AREA_GRIP"", ""NO_PAIN_AREA_BRACING""]",,[],"[""KNEE""]",MOBILITY_STRETCH,True,SEPARATE_EXERCISE,True,,True,"[""PAIN_ALTERNATIVE_DOMAIN_APPROVAL_REQUIRED"", ""MEDIA_RIGHTS_REVIEW_REQUIRED"", ""ALTERNATIVE_TARGET_AND_GENERAL_POOL""]",DOMAIN_APPROVED,,DOMAIN_APPROVED,BOUND_INDEPENDENT_SOURCE,"[""HIP""]",,,DVAR-1A1F63F097657004,,,pain_alternative_policy:DVAR-1A1F63F097657004,,,,햄스트링 스트레칭,,햄스트링 스트레칭,DERIVED_POLICY_REVIEW_REQUIRED,DVAR-1A1F63F097657004,pain_alternative_policy,pain_alternative_policy,,hamstring_stretch_mobility_stretch_bodyweight__wrist_hand_no_load_safe_v1,STOP_IF_DISCOMFORT_INCREASES,"[""PADDED_CHAIR"", ""SUPPORT_CUSHION""]",DURATION,MOBILITY,USER_DIRECT_REVIEW_2026_08_29,COMPLETED,NOT_APPLICABLE,NOT_APPLICABLE,,,,,,,,,,,,,,,,,,,,,,,USER_DIRECT_REVIEW_2026_08_29,OWNER_BATCH_CONFIRMATION,2026-08-29T00:00:00+09:00
False,discomfort-alternative-concern-resolution-v2.0.2-v1.0.0,PAIN_AREA_NO_LOAD_SAFE_VARIANT,REX-000021,chest_front_shoulder_stretch_mobility_stretch_bodyweight,MOBILITY,SEPARATE_EXERCISE_PAIN_SAFE_VARIANT,통증 Alternative target이면서 일반 운동 풀에도 포함한다.,CONCERN_RESOLUTION_POLICY_REVIEW,PAIN_ALTERNATIVE_TARGET_REVIEW_REQUIRED,exercise-catalog-v2.0.2-final,,,,15,30,BEGINNER,NO_POLICY_OVERRIDE,REVIEW_REQUIRED,가슴·어깨 앞면 스트레칭,"[""BODYWEIGHT""]",DVAR-22F9847D7E796DD5,CHEST_FRONT_SHOULDER_STRETCH,"[""BEGINNER"", ""INTERMEDIATE""]",,DOMAIN_APPROVED,"{""BEGINNER"": ""FITT-MOBILITY-V1"", ""INTERMEDIATE"": ""FITT-MOBILITY-INTERMEDIATE-V1""}",SUPPORTED_SEATED_KNEES_NEUTRAL_UNWEIGHTED,BACKREST_AND_LOWER_LEG_SUPPORT,[],True,INDEPENDENT_SAFE_VARIANT_GENERAL_POOL,user-name-only-v1,USER_REVIEWED_NAME_ONLY,가슴·어깨 앞면 스트레칭,False,,"[""HOME"", ""GYM""]",,가슴·어깨 앞면 스트레칭,True,"[""NO_PAIN_AREA_WEIGHT_BEARING"", ""NO_PAIN_AREA_GRIP"", ""NO_PAIN_AREA_BRACING""]",,[],"[""CHEST"", ""SHOULDER""]",MOBILITY_STRETCH,True,SEPARATE_EXERCISE,True,,True,"[""PAIN_ALTERNATIVE_DOMAIN_APPROVAL_REQUIRED"", ""MEDIA_RIGHTS_REVIEW_REQUIRED"", ""ALTERNATIVE_TARGET_AND_GENERAL_POOL""]",DOMAIN_APPROVED,,DOMAIN_APPROVED,BOUND_INDEPENDENT_SOURCE,"[""UPPER_BACK""]",,,DVAR-22F9847D7E796DD5,,,pain_alternative_policy:DVAR-22F9847D7E796DD5,,,,가슴·어깨 앞면 스트레칭,,가슴·어깨 앞면 스트레칭,DERIVED_POLICY_REVIEW_REQUIRED,DVAR-22F9847D7E796DD5,pain_alternative_policy,pain_alternative_policy,,chest_front_shoulder_stretch_mobility_stretch_bodyweight__knee_no_load_safe_v1,STOP_IF_DISCOMFORT_INCREASES,"[""PADDED_CHAIR"", ""SUPPORT_CUSHION""]",DURATION,MOBILITY,USER_DIRECT_REVIEW_2026_08_29,COMPLETED,NOT_APPLICABLE,NOT_APPLICABLE,,,,,,,,,,,,,,,,,,,,,,,USER_DIRECT_REVIEW_2026_08_29,OWNER_BATCH_CONFIRMATION,2026-08-29T00:00:00+09:00
False,discomfort-alternative-concern-resolution-v2.0.2-v1.0.0,PAIN_AREA_NO_LOAD_SAFE_VARIANT,REX-000029,dumbbell_shrug_isolation_dumbbell,BACK,SEPARATE_EXERCISE_PAIN_SAFE_VARIANT,통증 Alternative target이면서 일반 운동 풀에도 포함한다.,CONCERN_RESOLUTION_POLICY_REVIEW,PAIN_ALTERNATIVE_TARGET_REVIEW_REQUIRED,exercise-catalog-v2.0.2-final,60,,3,,,BEGINNER,NO_POLICY_OVERRIDE,REVIEW_REQUIRED,덤벨 슈러그,"[""DUMBBELL""]",DVAR-249EF7CC8CED25D3,DUMBBELL_SHRUG,"[""BEGINNER"", ""INTERMEDIATE""]",,DOMAIN_APPROVED,"{""BEGINNER"": ""FITT-ISOLATION-STRENGTH-V1"", ""INTERMEDIATE"": ""FITT-ISOLATION-STRENGTH-INTERMEDIATE-V1""}",REVIEWED_NO_LOAD_POSTURE,REVIEWED_NO_LOAD_SUPPORT,[],True,INDEPENDENT_SAFE_VARIANT_GENERAL_POOL,user-name-only-v1,USER_REVIEWED_NAME_ONLY,덤벨 슈러그,False,,"[""HOME"", ""GYM""]",,덤벨 슈러그,True,"[""NO_PAIN_AREA_WEIGHT_BEARING"", ""NO_PAIN_AREA_GRIP"", ""NO_PAIN_AREA_BRACING""]",,[],"[""UPPER_BACK""]",ISOLATION,True,SEPARATE_EXERCISE,False,,True,"[""PAIN_ALTERNATIVE_DOMAIN_APPROVAL_REQUIRED"", ""MEDIA_RIGHTS_REVIEW_REQUIRED"", ""ALTERNATIVE_TARGET_AND_GENERAL_POOL""]",DOMAIN_APPROVED,,DOMAIN_APPROVED,BOUND_INDEPENDENT_SOURCE,"[""SHOULDER""]",,,DVAR-249EF7CC8CED25D3,,,pain_alternative_policy:DVAR-249EF7CC8CED25D3,,,,덤벨 슈러그,,덤벨 슈러그,DERIVED_POLICY_REVIEW_REQUIRED,DVAR-249EF7CC8CED25D3,pain_alternative_policy,pain_alternative_policy,,dumbbell_shrug_isolation_dumbbell__lower_back_no_load_safe_v1,STOP_IF_DISCOMFORT_INCREASES,[],REPS,STRENGTH,USER_DIRECT_REVIEW_2026_08_29,COMPLETED,NOT_APPLICABLE,NOT_APPLICABLE,,,,,,,,,,,,,,,,,,,,,,,USER_DIRECT_REVIEW_2026_08_29,OWNER_BATCH_CONFIRMATION,2026-08-29T00:00:00+09:00
False,discomfort-alternative-concern-resolution-v2.0.2-v1.0.0,PAIN_AREA_NO_LOAD_SAFE_VARIANT,REX-000039,kneeling_lat_stretch_mobility_stretch_bodyweight,MOBILITY,SEPARATE_EXERCISE_PAIN_SAFE_VARIANT,통증 Alternative target이면서 일반 운동 풀에도 포함한다.,CONCERN_RESOLUTION_POLICY_REVIEW,PAIN_ALTERNATIVE_TARGET_REVIEW_REQUIRED,exercise-catalog-v2.0.2-final,,,,15,30,BEGINNER,NO_POLICY_OVERRIDE,REVIEW_REQUIRED,광배근 스트레칭,"[""BODYWEIGHT""]",DVAR-252AEEC08E26C69E,KNEELING_LAT_STRETCH,"[""BEGINNER"", ""INTERMEDIATE""]",,DOMAIN_APPROVED,"{""BEGINNER"": ""FITT-MOBILITY-V1"", ""INTERMEDIATE"": ""FITT-MOBILITY-INTERMEDIATE-V1""}",SUPPORTED_SUPINE_PELVIS_NEUTRAL,FULL_BODY_MAT_AND_KNEE_BOLSTER_SUPPORT,[],True,INDEPENDENT_SAFE_VARIANT_GENERAL_POOL,user-name-only-v1,USER_REVIEWED_NAME_ONLY,광배근 스트레칭,False,,"[""HOME"", ""GYM""]",,광배근 스트레칭,True,"[""NO_PAIN_AREA_WEIGHT_BEARING"", ""NO_PAIN_AREA_GRIP"", ""NO_PAIN_AREA_BRACING""]",,[],"[""UPPER_BACK""]",MOBILITY_STRETCH,True,SEPARATE_EXERCISE,True,,True,"[""PAIN_ALTERNATIVE_DOMAIN_APPROVAL_REQUIRED"", ""MEDIA_RIGHTS_REVIEW_REQUIRED"", ""ALTERNATIVE_TARGET_AND_GENERAL_POOL""]",DOMAIN_APPROVED,,DOMAIN_APPROVED,BOUND_INDEPENDENT_SOURCE,"[""SHOULDER"", ""CHEST""]",,,DVAR-252AEEC08E26C69E,,,pain_alternative_policy:DVAR-252AEEC08E26C69E,,,,광배근 스트레칭,,광배근 스트레칭,DERIVED_POLICY_REVIEW_REQUIRED,DVAR-252AEEC08E26C69E,pain_alternative_policy,pain_alternative_policy,,kneeling_lat_stretch_mobility_stretch_bodyweight__hip_no_load_safe_v1,STOP_IF_DISCOMFORT_INCREASES,"[""MAT"", ""SUPPORT_CUSHION""]",DURATION,MOBILITY,USER_DIRECT_REVIEW_2026_08_29,COMPLETED,NOT_APPLICABLE,NOT_APPLICABLE,,,,,,,,,,,,,,,,,,,,,,,USER_DIRECT_REVIEW_2026_08_29,OWNER_BATCH_CONFIRMATION,2026-08-29T00:00:00+09:00
False,discomfort-alternative-concern-resolution-v2.0.2-v1.0.0,PAIN_AREA_NO_LOAD_SAFE_VARIANT,REX-000053,rear_deltoid_stretch_mobility_stretch_bodyweight,MOBILITY,SEPARATE_EXERCISE_PAIN_SAFE_VARIANT,통증 Alternative target이면서 일반 운동 풀에도 포함한다.,CONCERN_RESOLUTION_POLICY_REVIEW,PAIN_ALTERNATIVE_TARGET_REVIEW_REQUIRED,exercise-catalog-v2.0.2-final,,,,15,30,BEGINNER,NO_POLICY_OVERRIDE,REVIEW_REQUIRED,후면 어깨 스트레칭,"[""BODYWEIGHT""]",DVAR-26CD8FC4C2FF3AD5,REAR_DELTOID_STRETCH,"[""BEGINNER"", ""INTERMEDIATE""]",,DOMAIN_APPROVED,"{""BEGINNER"": ""FITT-MOBILITY-V1"", ""INTERMEDIATE"": ""FITT-MOBILITY-INTERMEDIATE-V1""}",SUPPORTED_SUPINE_PELVIS_NEUTRAL,FULL_BODY_MAT_AND_KNEE_BOLSTER_SUPPORT,[],True,INDEPENDENT_SAFE_VARIANT_GENERAL_POOL,user-name-only-v1,USER_REVIEWED_NAME_ONLY,후면 어깨 스트레칭,False,,"[""HOME"", ""GYM""]",,후면 어깨 스트레칭,True,"[""NO_PAIN_AREA_WEIGHT_BEARING"", ""NO_PAIN_AREA_GRIP"", ""NO_PAIN_AREA_BRACING""]",,[],"[""SHOULDER""]",MOBILITY_STRETCH,True,SEPARATE_EXERCISE,True,,True,"[""PAIN_ALTERNATIVE_DOMAIN_APPROVAL_REQUIRED"", ""MEDIA_RIGHTS_REVIEW_REQUIRED"", ""ALTERNATIVE_TARGET_AND_GENERAL_POOL""]",DOMAIN_APPROVED,,DOMAIN_APPROVED,BOUND_INDEPENDENT_SOURCE,"[""UPPER_BACK""]",,,DVAR-26CD8FC4C2FF3AD5,,,pain_alternative_policy:DVAR-26CD8FC4C2FF3AD5,,,,후면 어깨 스트레칭,,후면 어깨 스트레칭,DERIVED_POLICY_REVIEW_REQUIRED,DVAR-26CD8FC4C2FF3AD5,pain_alternative_policy,pain_alternative_policy,,rear_deltoid_stretch_mobility_stretch_bodyweight__hip_no_load_safe_v1,STOP_IF_DISCOMFORT_INCREASES,"[""MAT"", ""SUPPORT_CUSHION""]",DURATION,MOBILITY,USER_DIRECT_REVIEW_2026_08_29,COMPLETED,NOT_APPLICABLE,NOT_APPLICABLE,,,,,,,,,,,,,,,,,,,,,,,USER_DIRECT_REVIEW_2026_08_29,OWNER_BATCH_CONFIRMATION,2026-08-29T00:00:00+09:00
False,discomfort-alternative-concern-resolution-v2.0.2-v1.0.0,PAIN_AREA_NO_LOAD_SAFE_VARIANT,REX-000085,seated_piriformis_stretch_mobility_stretch_bodyweight,MOBILITY,SEPARATE_EXERCISE_PAIN_SAFE_VARIANT,통증 Alternative target이면서 일반 운동 풀에도 포함한다.,CONCERN_RESOLUTION_POLICY_REVIEW,PAIN_ALTERNATIVE_TARGET_REVIEW_REQUIRED,exercise-catalog-v2.0.2-final,,,,15,30,BEGINNER,NO_POLICY_OVERRIDE,REVIEW_REQUIRED,이상근 스트레칭,"[""BODYWEIGHT""]",DVAR-29EA6DC0FE39837B,SEATED_PIRIFORMIS_STRETCH,"[""BEGINNER"", ""INTERMEDIATE""]",,DOMAIN_APPROVED,"{""BEGINNER"": ""FITT-MOBILITY-V1"", ""INTERMEDIATE"": ""FITT-MOBILITY-INTERMEDIATE-V1""}",SUPPORTED_SEATED_HANDS_OPEN_RELAXED,BACKREST_AND_OPEN_PALM_CUSHION_SUPPORT,[],True,INDEPENDENT_SAFE_VARIANT_GENERAL_POOL,user-name-only-v1,USER_REVIEWED_NAME_ONLY,이상근 스트레칭,False,,"[""HOME"", ""GYM""]",,이상근 스트레칭,True,"[""NO_PAIN_AREA_WEIGHT_BEARING"", ""NO_PAIN_AREA_GRIP"", ""NO_PAIN_AREA_BRACING""]",,[],"[""HIP""]",MOBILITY_STRETCH,True,SEPARATE_EXERCISE,True,,True,"[""PAIN_ALTERNATIVE_DOMAIN_APPROVAL_REQUIRED"", ""MEDIA_RIGHTS_REVIEW_REQUIRED"", ""ALTERNATIVE_TARGET_AND_GENERAL_POOL""]",DOMAIN_APPROVED,,DOMAIN_APPROVED,BOUND_INDEPENDENT_SOURCE,"[""KNEE""]",,,DVAR-29EA6DC0FE39837B,,,pain_alternative_policy:DVAR-29EA6DC0FE39837B,,,,이상근 스트레칭,,이상근 스트레칭,DERIVED_POLICY_REVIEW_REQUIRED,DVAR-29EA6DC0FE39837B,pain_alternative_policy,pain_alternative_policy,,seated_piriformis_stretch_mobility_stretch_bodyweight__wrist_hand_no_load_safe_v1,STOP_IF_DISCOMFORT_INCREASES,"[""PADDED_CHAIR"", ""SUPPORT_CUSHION""]",DURATION,MOBILITY,USER_DIRECT_REVIEW_2026_08_29,COMPLETED,NOT_APPLICABLE,NOT_APPLICABLE,,,,,,,,,,,,,,,,,,,,,,,USER_DIRECT_REVIEW_2026_08_29,OWNER_BATCH_CONFIRMATION,2026-08-29T00:00:00+09:00
False,discomfort-alternative-concern-resolution-v2.0.2-v1.0.0,PAIN_AREA_NO_LOAD_SAFE_VARIANT,REX-000098,upper_back_stretch_mobility_stretch_bodyweight,MOBILITY,SEPARATE_EXERCISE_PAIN_SAFE_VARIANT,통증 Alternative target이면서 일반 운동 풀에도 포함한다.,CONCERN_RESOLUTION_POLICY_REVIEW,PAIN_ALTERNATIVE_TARGET_REVIEW_REQUIRED,exercise-catalog-v2.0.2-final,,,,15,30,BEGINNER,NO_POLICY_OVERRIDE,REVIEW_REQUIRED,상부 등 스트레칭,"[""BODYWEIGHT""]",DVAR-326B588001E29897,UPPER_BACK_STRETCH,"[""BEGINNER"", ""INTERMEDIATE""]",,DOMAIN_APPROVED,"{""BEGINNER"": ""FITT-MOBILITY-V1"", ""INTERMEDIATE"": ""FITT-MOBILITY-INTERMEDIATE-V1""}",SUPPORTED_SUPINE_NEUTRAL_SPINE,FULL_BACK_AND_PELVIS_MAT_SUPPORT,[],True,INDEPENDENT_SAFE_VARIANT_GENERAL_POOL,user-name-only-v1,USER_REVIEWED_NAME_ONLY,상부 등 스트레칭,False,,"[""HOME"", ""GYM""]",,상부 등 스트레칭,True,"[""NO_PAIN_AREA_WEIGHT_BEARING"", ""NO_PAIN_AREA_GRIP"", ""NO_PAIN_AREA_BRACING""]",,[],"[""UPPER_BACK""]",MOBILITY_STRETCH,True,SEPARATE_EXERCISE,True,,True,"[""PAIN_ALTERNATIVE_DOMAIN_APPROVAL_REQUIRED"", ""MEDIA_RIGHTS_REVIEW_REQUIRED"", ""ALTERNATIVE_TARGET_AND_GENERAL_POOL""]",DOMAIN_APPROVED,,DOMAIN_APPROVED,BOUND_INDEPENDENT_SOURCE,"[""SHOULDER"", ""CHEST""]",,,DVAR-326B588001E29897,,,pain_alternative_policy:DVAR-326B588001E29897,,,,상부 등 스트레칭,,상부 등 스트레칭,DERIVED_POLICY_REVIEW_REQUIRED,DVAR-326B588001E29897,pain_alternative_policy,pain_alternative_policy,,upper_back_stretch_mobility_stretch_bodyweight__lower_back_no_load_safe_v1,STOP_IF_DISCOMFORT_INCREASES,"[""MAT"", ""SUPPORT_CUSHION""]",DURATION,MOBILITY,USER_DIRECT_REVIEW_2026_08_29,COMPLETED,NOT_APPLICABLE,NOT_APPLICABLE,,,,,,,,,,,,,,,,,,,,,,,USER_DIRECT_REVIEW_2026_08_29,OWNER_BATCH_CONFIRMATION,2026-08-29T00:00:00+09:00
False,discomfort-alternative-concern-resolution-v2.0.2-v1.0.0,PAIN_AREA_NO_LOAD_SAFE_VARIANT,REX-000096,triceps_stretch_mobility_stretch_bodyweight,MOBILITY,SEPARATE_EXERCISE_PAIN_SAFE_VARIANT,통증 Alternative target이면서 일반 운동 풀에도 포함한다.,CONCERN_RESOLUTION_POLICY_REVIEW,PAIN_ALTERNATIVE_TARGET_REVIEW_REQUIRED,exercise-catalog-v2.0.2-final,,,,15,30,BEGINNER,NO_POLICY_OVERRIDE,REVIEW_REQUIRED,삼두근 스트레칭,"[""BODYWEIGHT""]",DVAR-34B834AC8D12D2B5,TRICEPS_STRETCH,"[""BEGINNER"", ""INTERMEDIATE""]",,DOMAIN_APPROVED,"{""BEGINNER"": ""FITT-MOBILITY-V1"", ""INTERMEDIATE"": ""FITT-MOBILITY-INTERMEDIATE-V1""}",SUPPORTED_SEATED_KNEES_NEUTRAL_UNWEIGHTED,BACKREST_AND_LOWER_LEG_SUPPORT,[],True,INDEPENDENT_SAFE_VARIANT_GENERAL_POOL,user-name-only-v1,USER_REVIEWED_NAME_ONLY,삼두근 스트레칭,False,,"[""HOME"", ""GYM""]",,삼두근 스트레칭,True,"[""NO_PAIN_AREA_WEIGHT_BEARING"", ""NO_PAIN_AREA_GRIP"", ""NO_PAIN_AREA_BRACING""]",,[],"[""ELBOW""]",MOBILITY_STRETCH,True,SEPARATE_EXERCISE,True,,True,"[""PAIN_ALTERNATIVE_DOMAIN_APPROVAL_REQUIRED"", ""MEDIA_RIGHTS_REVIEW_REQUIRED"", ""ALTERNATIVE_TARGET_AND_GENERAL_POOL""]",DOMAIN_APPROVED,,DOMAIN_APPROVED,BOUND_INDEPENDENT_SOURCE,"[""SHOULDER"", ""WRIST_HAND""]",,,DVAR-34B834AC8D12D2B5,,,pain_alternative_policy:DVAR-34B834AC8D12D2B5,,,,삼두근 스트레칭,,삼두근 스트레칭,DERIVED_POLICY_REVIEW_REQUIRED,DVAR-34B834AC8D12D2B5,pain_alternative_policy,pain_alternative_policy,,triceps_stretch_mobility_stretch_bodyweight__knee_no_load_safe_v1,STOP_IF_DISCOMFORT_INCREASES,"[""PADDED_CHAIR"", ""SUPPORT_CUSHION""]",DURATION,MOBILITY,USER_DIRECT_REVIEW_2026_08_29,COMPLETED,NOT_APPLICABLE,NOT_APPLICABLE,,,,,,,,,,,,,,,,,,,,,,,USER_DIRECT_REVIEW_2026_08_29,OWNER_BATCH_CONFIRMATION,2026-08-29T00:00:00+09:00
False,discomfort-alternative-concern-resolution-v2.0.2-v1.0.0,PAIN_AREA_NO_LOAD_SAFE_VARIANT,REX-000098,upper_back_stretch_mobility_stretch_bodyweight,MOBILITY,SEPARATE_EXERCISE_PAIN_SAFE_VARIANT,통증 Alternative target이면서 일반 운동 풀에도 포함한다.,CONCERN_RESOLUTION_POLICY_REVIEW,PAIN_ALTERNATIVE_TARGET_REVIEW_REQUIRED,exercise-catalog-v2.0.2-final,,,,15,30,BEGINNER,NO_POLICY_OVERRIDE,REVIEW_REQUIRED,상부 등 스트레칭,"[""BODYWEIGHT""]",DVAR-35717F1E89B0E385,UPPER_BACK_STRETCH,"[""BEGINNER"", ""INTERMEDIATE""]",,DOMAIN_APPROVED,"{""BEGINNER"": ""FITT-MOBILITY-V1"", ""INTERMEDIATE"": ""FITT-MOBILITY-INTERMEDIATE-V1""}",SUPPORTED_SUPINE_PELVIS_NEUTRAL,FULL_BODY_MAT_AND_KNEE_BOLSTER_SUPPORT,[],True,INDEPENDENT_SAFE_VARIANT_GENERAL_POOL,user-name-only-v1,USER_REVIEWED_NAME_ONLY,상부 등 스트레칭,False,,"[""HOME"", ""GYM""]",,상부 등 스트레칭,True,"[""NO_PAIN_AREA_WEIGHT_BEARING"", ""NO_PAIN_AREA_GRIP"", ""NO_PAIN_AREA_BRACING""]",,[],"[""UPPER_BACK""]",MOBILITY_STRETCH,True,SEPARATE_EXERCISE,True,,True,"[""PAIN_ALTERNATIVE_DOMAIN_APPROVAL_REQUIRED"", ""MEDIA_RIGHTS_REVIEW_REQUIRED"", ""ALTERNATIVE_TARGET_AND_GENERAL_POOL""]",DOMAIN_APPROVED,,DOMAIN_APPROVED,BOUND_INDEPENDENT_SOURCE,"[""SHOULDER"", ""CHEST""]",,,DVAR-35717F1E89B0E385,,,pain_alternative_policy:DVAR-35717F1E89B0E385,,,,상부 등 스트레칭,,상부 등 스트레칭,DERIVED_POLICY_REVIEW_REQUIRED,DVAR-35717F1E89B0E385,pain_alternative_policy,pain_alternative_policy,,upper_back_stretch_mobility_stretch_bodyweight__hip_no_load_safe_v1,STOP_IF_DISCOMFORT_INCREASES,"[""MAT"", ""SUPPORT_CUSHION""]",DURATION,MOBILITY,USER_DIRECT_REVIEW_2026_08_29,COMPLETED,NOT_APPLICABLE,NOT_APPLICABLE,,,,,,,,,,,,,,,,,,,,,,,USER_DIRECT_REVIEW_2026_08_29,OWNER_BATCH_CONFIRMATION,2026-08-29T00:00:00+09:00
False,discomfort-alternative-concern-resolution-v2.0.2-v1.0.0,PAIN_AREA_NO_LOAD_SAFE_VARIANT,REX-000030,dumbbell_standing_curl_isolation_dumbbell,BICEPS,SEPARATE_EXERCISE_PAIN_SAFE_VARIANT,통증 Alternative target이면서 일반 운동 풀에도 포함한다.,CONCERN_RESOLUTION_POLICY_REVIEW,PAIN_ALTERNATIVE_TARGET_REVIEW_REQUIRED,exercise-catalog-v2.0.2-final,60,,3,,,BEGINNER,NO_POLICY_OVERRIDE,REVIEW_REQUIRED,덤벨 바이셉스 컬,"[""DUMBBELL""]",DVAR-35756A39565C0E92,DUMBBELL_STANDING_CURL,"[""BEGINNER"", ""INTERMEDIATE""]",,DOMAIN_APPROVED,"{""BEGINNER"": ""FITT-ISOLATION-STRENGTH-V1"", ""INTERMEDIATE"": ""FITT-ISOLATION-STRENGTH-INTERMEDIATE-V1""}",REVIEWED_NO_LOAD_POSTURE,REVIEWED_NO_LOAD_SUPPORT,[],True,INDEPENDENT_SAFE_VARIANT_GENERAL_POOL,user-name-only-v1,USER_REVIEWED_NAME_ONLY,덤벨 바이셉스 컬,False,,"[""HOME"", ""GYM""]",,덤벨 바이셉스 컬,True,"[""NO_PAIN_AREA_WEIGHT_BEARING"", ""NO_PAIN_AREA_GRIP"", ""NO_PAIN_AREA_BRACING""]",,[],"[""ELBOW""]",ISOLATION,True,SEPARATE_EXERCISE,False,,True,"[""PAIN_ALTERNATIVE_DOMAIN_APPROVAL_REQUIRED"", ""MEDIA_RIGHTS_REVIEW_REQUIRED"", ""ALTERNATIVE_TARGET_AND_GENERAL_POOL""]",DOMAIN_APPROVED,,DOMAIN_APPROVED,BOUND_INDEPENDENT_SOURCE,"[""WRIST_HAND""]",,,DVAR-35756A39565C0E92,,,pain_alternative_policy:DVAR-35756A39565C0E92,,,,덤벨 바이셉스 컬,,덤벨 바이셉스 컬,DERIVED_POLICY_REVIEW_REQUIRED,DVAR-35756A39565C0E92,pain_alternative_policy,pain_alternative_policy,,dumbbell_standing_curl_isolation_dumbbell__abdomen_no_load_safe_v1,STOP_IF_DISCOMFORT_INCREASES,[],REPS,STRENGTH,USER_DIRECT_REVIEW_2026_08_29,COMPLETED,NOT_APPLICABLE,NOT_APPLICABLE,,,,,,,,,,,,,,,,,,,,,,,USER_DIRECT_REVIEW_2026_08_29,OWNER_BATCH_CONFIRMATION,2026-08-29T00:00:00+09:00
False,discomfort-alternative-concern-resolution-v2.0.2-v1.0.0,PAIN_AREA_NO_LOAD_SAFE_VARIANT,REX-000020,chair_leg_extended_stretch_mobility_stretch_bodyweight,MOBILITY,SEPARATE_EXERCISE_PAIN_SAFE_VARIANT,통증 Alternative target이면서 일반 운동 풀에도 포함한다.,CONCERN_RESOLUTION_POLICY_REVIEW,PAIN_ALTERNATIVE_TARGET_REVIEW_REQUIRED,exercise-catalog-v2.0.2-final,,,,15,30,BEGINNER,NO_POLICY_OVERRIDE,REVIEW_REQUIRED,레그 익스텐션 스트레칭,"[""BODYWEIGHT""]",DVAR-3A73DB20F3349767,CHAIR_LEG_EXTENDED_STRETCH,"[""BEGINNER"", ""INTERMEDIATE""]",,DOMAIN_APPROVED,"{""BEGINNER"": ""FITT-MOBILITY-V1"", ""INTERMEDIATE"": ""FITT-MOBILITY-INTERMEDIATE-V1""}",SUPPORTED_SUPINE_HEAD_NECK_NEUTRAL,MAT_AND_HEAD_CUSHION_SUPPORT,[],True,INDEPENDENT_SAFE_VARIANT_GENERAL_POOL,user-name-only-v1,USER_REVIEWED_NAME_ONLY,레그 익스텐션 스트레칭,False,,"[""HOME"", ""GYM""]",,레그 익스텐션 스트레칭,True,"[""NO_PAIN_AREA_WEIGHT_BEARING"", ""NO_PAIN_AREA_GRIP"", ""NO_PAIN_AREA_BRACING""]",,[],"[""KNEE""]",MOBILITY_STRETCH,True,SEPARATE_EXERCISE,True,,True,"[""PAIN_ALTERNATIVE_DOMAIN_APPROVAL_REQUIRED"", ""MEDIA_RIGHTS_REVIEW_REQUIRED"", ""ALTERNATIVE_TARGET_AND_GENERAL_POOL""]",DOMAIN_APPROVED,,DOMAIN_APPROVED,BOUND_INDEPENDENT_SOURCE,"[""HIP""]",,,DVAR-3A73DB20F3349767,,,pain_alternative_policy:DVAR-3A73DB20F3349767,,,,레그 익스텐션 스트레칭,,레그 익스텐션 스트레칭,DERIVED_POLICY_REVIEW_REQUIRED,DVAR-3A73DB20F3349767,pain_alternative_policy,pain_alternative_policy,,chair_leg_extended_stretch_mobility_stretch_bodyweight__neck_no_load_safe_v1,STOP_IF_DISCOMFORT_INCREASES,"[""MAT"", ""SUPPORT_CUSHION""]",DURATION,MOBILITY,USER_DIRECT_REVIEW_2026_08_29,COMPLETED,NOT_APPLICABLE,NOT_APPLICABLE,,,,,,,,,,,,,,,,,,,,,,,USER_DIRECT_REVIEW_2026_08_29,OWNER_BATCH_CONFIRMATION,2026-08-29T00:00:00+09:00
False,discomfort-alternative-concern-resolution-v2.0.2-v1.0.0,PAIN_AREA_NO_LOAD_SAFE_VARIANT,REX-000005,barbell_front_raise_isolation_barbell,SHOULDERS,SEPARATE_EXERCISE_PAIN_SAFE_VARIANT,통증 Alternative target이면서 일반 운동 풀에도 포함한다.,CONCERN_RESOLUTION_POLICY_REVIEW,PAIN_ALTERNATIVE_TARGET_REVIEW_REQUIRED,exercise-catalog-v2.0.2-final,60,,3,,,BEGINNER,NO_POLICY_OVERRIDE,REVIEW_REQUIRED,바벨 프론트 레이즈,"[""BARBELL""]",DVAR-3B2E8D5E61B19928,BARBELL_FRONT_RAISE,"[""BEGINNER"", ""INTERMEDIATE""]",,DOMAIN_APPROVED,"{""BEGINNER"": ""FITT-ISOLATION-STRENGTH-V1"", ""INTERMEDIATE"": ""FITT-ISOLATION-STRENGTH-INTERMEDIATE-V1""}",REVIEWED_NO_LOAD_POSTURE,REVIEWED_NO_LOAD_SUPPORT,[],True,INDEPENDENT_SAFE_VARIANT_GENERAL_POOL,user-name-only-v1,USER_REVIEWED_NAME_ONLY,바벨 프론트 레이즈,False,,"[""GYM""]",,바벨 프론트 레이즈,True,"[""NO_PAIN_AREA_WEIGHT_BEARING"", ""NO_PAIN_AREA_GRIP"", ""NO_PAIN_AREA_BRACING""]",,[],"[""SHOULDER""]",ISOLATION,True,SEPARATE_EXERCISE,False,,True,"[""PAIN_ALTERNATIVE_DOMAIN_APPROVAL_REQUIRED"", ""MEDIA_RIGHTS_REVIEW_REQUIRED"", ""ALTERNATIVE_TARGET_AND_GENERAL_POOL""]",DOMAIN_APPROVED,,DOMAIN_APPROVED,BOUND_INDEPENDENT_SOURCE,"[""ELBOW""]",,,DVAR-3B2E8D5E61B19928,,,pain_alternative_policy:DVAR-3B2E8D5E61B19928,,,,바벨 프론트 레이즈,,바벨 프론트 레이즈,DERIVED_POLICY_REVIEW_REQUIRED,DVAR-3B2E8D5E61B19928,pain_alternative_policy,pain_alternative_policy,,barbell_front_raise_isolation_barbell__hip_no_load_safe_v1,STOP_IF_DISCOMFORT_INCREASES,[],REPS,STRENGTH,USER_DIRECT_REVIEW_2026_08_29,COMPLETED,NOT_APPLICABLE,NOT_APPLICABLE,,,,,,,,,,,,,,,,,,,,,,,USER_DIRECT_REVIEW_2026_08_29,OWNER_BATCH_CONFIRMATION,2026-08-29T00:00:00+09:00
False,discomfort-alternative-concern-resolution-v2.0.2-v1.0.0,PAIN_AREA_NO_LOAD_SAFE_VARIANT,REX-000021,chest_front_shoulder_stretch_mobility_stretch_bodyweight,MOBILITY,SEPARATE_EXERCISE_PAIN_SAFE_VARIANT,통증 Alternative target이면서 일반 운동 풀에도 포함한다.,CONCERN_RESOLUTION_POLICY_REVIEW,PAIN_ALTERNATIVE_TARGET_REVIEW_REQUIRED,exercise-catalog-v2.0.2-final,,,,15,30,BEGINNER,NO_POLICY_OVERRIDE,REVIEW_REQUIRED,가슴·어깨 앞면 스트레칭,"[""BODYWEIGHT""]",DVAR-3F9C1C0539D4277E,CHEST_FRONT_SHOULDER_STRETCH,"[""BEGINNER"", ""INTERMEDIATE""]",,DOMAIN_APPROVED,"{""BEGINNER"": ""FITT-MOBILITY-V1"", ""INTERMEDIATE"": ""FITT-MOBILITY-INTERMEDIATE-V1""}",SUPPORTED_SUPINE_PELVIS_NEUTRAL,FULL_BODY_MAT_AND_KNEE_BOLSTER_SUPPORT,[],True,INDEPENDENT_SAFE_VARIANT_GENERAL_POOL,user-name-only-v1,USER_REVIEWED_NAME_ONLY,가슴·어깨 앞면 스트레칭,False,,"[""HOME"", ""GYM""]",,가슴·어깨 앞면 스트레칭,True,"[""NO_PAIN_AREA_WEIGHT_BEARING"", ""NO_PAIN_AREA_GRIP"", ""NO_PAIN_AREA_BRACING""]",,[],"[""CHEST"", ""SHOULDER""]",MOBILITY_STRETCH,True,SEPARATE_EXERCISE,True,,True,"[""PAIN_ALTERNATIVE_DOMAIN_APPROVAL_REQUIRED"", ""MEDIA_RIGHTS_REVIEW_REQUIRED"", ""ALTERNATIVE_TARGET_AND_GENERAL_POOL""]",DOMAIN_APPROVED,,DOMAIN_APPROVED,BOUND_INDEPENDENT_SOURCE,"[""UPPER_BACK""]",,,DVAR-3F9C1C0539D4277E,,,pain_alternative_policy:DVAR-3F9C1C0539D4277E,,,,가슴·어깨 앞면 스트레칭,,가슴·어깨 앞면 스트레칭,DERIVED_POLICY_REVIEW_REQUIRED,DVAR-3F9C1C0539D4277E,pain_alternative_policy,pain_alternative_policy,,chest_front_shoulder_stretch_mobility_stretch_bodyweight__hip_no_load_safe_v1,STOP_IF_DISCOMFORT_INCREASES,"[""MAT"", ""SUPPORT_CUSHION""]",DURATION,MOBILITY,USER_DIRECT_REVIEW_2026_08_29,COMPLETED,NOT_APPLICABLE,NOT_APPLICABLE,,,,,,,,,,,,,,,,,,,,,,,USER_DIRECT_REVIEW_2026_08_29,OWNER_BATCH_CONFIRMATION,2026-08-29T00:00:00+09:00
False,discomfort-alternative-concern-resolution-v2.0.2-v1.0.0,PAIN_AREA_NO_LOAD_SAFE_VARIANT,REX-000098,upper_back_stretch_mobility_stretch_bodyweight,MOBILITY,SEPARATE_EXERCISE_PAIN_SAFE_VARIANT,통증 Alternative target이면서 일반 운동 풀에도 포함한다.,CONCERN_RESOLUTION_POLICY_REVIEW,PAIN_ALTERNATIVE_TARGET_REVIEW_REQUIRED,exercise-catalog-v2.0.2-final,,,,15,30,BEGINNER,NO_POLICY_OVERRIDE,REVIEW_REQUIRED,상부 등 스트레칭,"[""BODYWEIGHT""]",DVAR-410ADD7957C17443,UPPER_BACK_STRETCH,"[""BEGINNER"", ""INTERMEDIATE""]",,DOMAIN_APPROVED,"{""BEGINNER"": ""FITT-MOBILITY-V1"", ""INTERMEDIATE"": ""FITT-MOBILITY-INTERMEDIATE-V1""}",SUPPORTED_SEATED_KNEES_NEUTRAL_UNWEIGHTED,BACKREST_AND_LOWER_LEG_SUPPORT,[],True,INDEPENDENT_SAFE_VARIANT_GENERAL_POOL,user-name-only-v1,USER_REVIEWED_NAME_ONLY,상부 등 스트레칭,False,,"[""HOME"", ""GYM""]",,상부 등 스트레칭,True,"[""NO_PAIN_AREA_WEIGHT_BEARING"", ""NO_PAIN_AREA_GRIP"", ""NO_PAIN_AREA_BRACING""]",,[],"[""UPPER_BACK""]",MOBILITY_STRETCH,True,SEPARATE_EXERCISE,True,,True,"[""PAIN_ALTERNATIVE_DOMAIN_APPROVAL_REQUIRED"", ""MEDIA_RIGHTS_REVIEW_REQUIRED"", ""ALTERNATIVE_TARGET_AND_GENERAL_POOL""]",DOMAIN_APPROVED,,DOMAIN_APPROVED,BOUND_INDEPENDENT_SOURCE,"[""SHOULDER"", ""CHEST""]",,,DVAR-410ADD7957C17443,,,pain_alternative_policy:DVAR-410ADD7957C17443,,,,상부 등 스트레칭,,상부 등 스트레칭,DERIVED_POLICY_REVIEW_REQUIRED,DVAR-410ADD7957C17443,pain_alternative_policy,pain_alternative_policy,,upper_back_stretch_mobility_stretch_bodyweight__knee_no_load_safe_v1,STOP_IF_DISCOMFORT_INCREASES,"[""PADDED_CHAIR"", ""SUPPORT_CUSHION""]",DURATION,MOBILITY,USER_DIRECT_REVIEW_2026_08_29,COMPLETED,NOT_APPLICABLE,NOT_APPLICABLE,,,,,,,,,,,,,,,,,,,,,,,USER_DIRECT_REVIEW_2026_08_29,OWNER_BATCH_CONFIRMATION,2026-08-29T00:00:00+09:00
False,discomfort-alternative-concern-resolution-v2.0.2-v1.0.0,PAIN_AREA_NO_LOAD_SAFE_VARIANT,REX-000080,seated_calf_raise_isolation_barbell,CALVES,SEPARATE_EXERCISE_PAIN_SAFE_VARIANT,통증 Alternative target이면서 일반 운동 풀에도 포함한다.,CONCERN_RESOLUTION_POLICY_REVIEW,PAIN_ALTERNATIVE_TARGET_REVIEW_REQUIRED,exercise-catalog-v2.0.2-final,60,,3,,,BEGINNER,NO_POLICY_OVERRIDE,REVIEW_REQUIRED,바벨 카프 레이즈,"[""BARBELL""]",DVAR-439BA655BC3B7BC0,SEATED_CALF_RAISE,"[""BEGINNER"", ""INTERMEDIATE""]",,DOMAIN_APPROVED,"{""BEGINNER"": ""FITT-ISOLATION-STRENGTH-V1"", ""INTERMEDIATE"": ""FITT-ISOLATION-STRENGTH-INTERMEDIATE-V1""}",REVIEWED_NO_LOAD_POSTURE,REVIEWED_NO_LOAD_SUPPORT,[],True,INDEPENDENT_SAFE_VARIANT_GENERAL_POOL,user-name-only-v1,USER_REVIEWED_NAME_ONLY,바벨 카프 레이즈,False,,"[""GYM""]",,바벨 카프 레이즈,True,"[""NO_PAIN_AREA_WEIGHT_BEARING"", ""NO_PAIN_AREA_GRIP"", ""NO_PAIN_AREA_BRACING""]",,[],"[""ANKLE_FOOT""]",ISOLATION,True,SEPARATE_EXERCISE,False,,True,"[""PAIN_ALTERNATIVE_DOMAIN_APPROVAL_REQUIRED"", ""MEDIA_RIGHTS_REVIEW_REQUIRED"", ""ALTERNATIVE_TARGET_AND_GENERAL_POOL""]",DOMAIN_APPROVED,,DOMAIN_APPROVED,BOUND_INDEPENDENT_SOURCE,"[""KNEE""]",,,DVAR-439BA655BC3B7BC0,,,pain_alternative_policy:DVAR-439BA655BC3B7BC0,,,,바벨 카프 레이즈,,바벨 카프 레이즈,DERIVED_POLICY_REVIEW_REQUIRED,DVAR-439BA655BC3B7BC0,pain_alternative_policy,pain_alternative_policy,,seated_calf_raise_isolation_barbell__shoulder_no_load_safe_v1,STOP_IF_DISCOMFORT_INCREASES,[],REPS,STRENGTH,USER_DIRECT_REVIEW_2026_08_29,COMPLETED,NOT_APPLICABLE,NOT_APPLICABLE,,,,,,,,,,,,,,,,,,,,,,,USER_DIRECT_REVIEW_2026_08_29,OWNER_BATCH_CONFIRMATION,2026-08-29T00:00:00+09:00
False,discomfort-alternative-concern-resolution-v2.0.2-v1.0.0,PAIN_AREA_NO_LOAD_SAFE_VARIANT,REX-000088,side_lying_quadriceps_stretch_mobility_stretch_bodyweight,MOBILITY,SEPARATE_EXERCISE_PAIN_SAFE_VARIANT,통증 Alternative target이면서 일반 운동 풀에도 포함한다.,CONCERN_RESOLUTION_POLICY_REVIEW,PAIN_ALTERNATIVE_TARGET_REVIEW_REQUIRED,exercise-catalog-v2.0.2-final,,,,15,30,BEGINNER,NO_POLICY_OVERRIDE,REVIEW_REQUIRED,대퇴사두근 스트레칭,"[""BODYWEIGHT""]",DVAR-45620004263946C3,SIDE_LYING_QUADRICEPS_STRETCH,"[""BEGINNER"", ""INTERMEDIATE""]",,DOMAIN_APPROVED,"{""BEGINNER"": ""FITT-MOBILITY-V1"", ""INTERMEDIATE"": ""FITT-MOBILITY-INTERMEDIATE-V1""}",SUPPORTED_SUPINE_UPPER_BACK_NEUTRAL,MAT_AND_FULL_UPPER_BACK_SUPPORT,[],True,INDEPENDENT_SAFE_VARIANT_GENERAL_POOL,user-name-only-v1,USER_REVIEWED_NAME_ONLY,대퇴사두근 스트레칭,False,,"[""HOME"", ""GYM""]",,대퇴사두근 스트레칭,True,"[""NO_PAIN_AREA_WEIGHT_BEARING"", ""NO_PAIN_AREA_GRIP"", ""NO_PAIN_AREA_BRACING""]",,[],"[""KNEE""]",MOBILITY_STRETCH,True,SEPARATE_EXERCISE,True,,True,"[""PAIN_ALTERNATIVE_DOMAIN_APPROVAL_REQUIRED"", ""MEDIA_RIGHTS_REVIEW_REQUIRED"", ""ALTERNATIVE_TARGET_AND_GENERAL_POOL""]",DOMAIN_APPROVED,,DOMAIN_APPROVED,BOUND_INDEPENDENT_SOURCE,"[""HIP""]",,,DVAR-45620004263946C3,,,pain_alternative_policy:DVAR-45620004263946C3,,,,대퇴사두근 스트레칭,,대퇴사두근 스트레칭,DERIVED_POLICY_REVIEW_REQUIRED,DVAR-45620004263946C3,pain_alternative_policy,pain_alternative_policy,,side_lying_quadriceps_stretch_mobility_stretch_bodyweight__upper_back_no_load_safe_v1,STOP_IF_DISCOMFORT_INCREASES,"[""MAT"", ""SUPPORT_CUSHION""]",DURATION,MOBILITY,USER_DIRECT_REVIEW_2026_08_29,COMPLETED,NOT_APPLICABLE,NOT_APPLICABLE,,,,,,,,,,,,,,,,,,,,,,,USER_DIRECT_REVIEW_2026_08_29,OWNER_BATCH_CONFIRMATION,2026-08-29T00:00:00+09:00
False,discomfort-alternative-concern-resolution-v2.0.2-v1.0.0,PAIN_AREA_NO_LOAD_SAFE_VARIANT,REX-000030,dumbbell_standing_curl_isolation_dumbbell,BICEPS,SEPARATE_EXERCISE_PAIN_SAFE_VARIANT,통증 Alternative target이면서 일반 운동 풀에도 포함한다.,CONCERN_RESOLUTION_POLICY_REVIEW,PAIN_ALTERNATIVE_TARGET_REVIEW_REQUIRED,exercise-catalog-v2.0.2-final,60,,3,,,BEGINNER,NO_POLICY_OVERRIDE,REVIEW_REQUIRED,덤벨 바이셉스 컬,"[""DUMBBELL""]",DVAR-487544E110C93537,DUMBBELL_STANDING_CURL,"[""BEGINNER"", ""INTERMEDIATE""]",,DOMAIN_APPROVED,"{""BEGINNER"": ""FITT-ISOLATION-STRENGTH-V1"", ""INTERMEDIATE"": ""FITT-ISOLATION-STRENGTH-INTERMEDIATE-V1""}",REVIEWED_NO_LOAD_POSTURE,REVIEWED_NO_LOAD_SUPPORT,[],True,INDEPENDENT_SAFE_VARIANT_GENERAL_POOL,user-name-only-v1,USER_REVIEWED_NAME_ONLY,덤벨 바이셉스 컬,False,,"[""HOME"", ""GYM""]",,덤벨 바이셉스 컬,True,"[""NO_PAIN_AREA_WEIGHT_BEARING"", ""NO_PAIN_AREA_GRIP"", ""NO_PAIN_AREA_BRACING""]",,[],"[""ELBOW""]",ISOLATION,True,SEPARATE_EXERCISE,False,,True,"[""PAIN_ALTERNATIVE_DOMAIN_APPROVAL_REQUIRED"", ""MEDIA_RIGHTS_REVIEW_REQUIRED"", ""ALTERNATIVE_TARGET_AND_GENERAL_POOL""]",DOMAIN_APPROVED,,DOMAIN_APPROVED,BOUND_INDEPENDENT_SOURCE,"[""WRIST_HAND""]",,,DVAR-487544E110C93537,,,pain_alternative_policy:DVAR-487544E110C93537,,,,덤벨 바이셉스 컬,,덤벨 바이셉스 컬,DERIVED_POLICY_REVIEW_REQUIRED,DVAR-487544E110C93537,pain_alternative_policy,pain_alternative_policy,,dumbbell_standing_curl_isolation_dumbbell__hip_no_load_safe_v1,STOP_IF_DISCOMFORT_INCREASES,[],REPS,STRENGTH,USER_DIRECT_REVIEW_2026_08_29,COMPLETED,NOT_APPLICABLE,NOT_APPLICABLE,,,,,,,,,,,,,,,,,,,,,,,USER_DIRECT_REVIEW_2026_08_29,OWNER_BATCH_CONFIRMATION,2026-08-29T00:00:00+09:00
False,discomfort-alternative-concern-resolution-v2.0.2-v1.0.0,PAIN_AREA_NO_LOAD_SAFE_VARIANT,REX-000089,side_wrist_pull_stretch_mobility_stretch_bodyweight,MOBILITY,SEPARATE_EXERCISE_PAIN_SAFE_VARIANT,통증 Alternative target이면서 일반 운동 풀에도 포함한다.,CONCERN_RESOLUTION_POLICY_REVIEW,PAIN_ALTERNATIVE_TARGET_REVIEW_REQUIRED,exercise-catalog-v2.0.2-final,,,,15,30,BEGINNER,NO_POLICY_OVERRIDE,REVIEW_REQUIRED,손목 당기기 스트레칭,"[""BODYWEIGHT""]",DVAR-49E0D30E19CCD2DA,SIDE_WRIST_PULL_STRETCH,"[""BEGINNER"", ""INTERMEDIATE""]",,DOMAIN_APPROVED,"{""BEGINNER"": ""FITT-MOBILITY-V1"", ""INTERMEDIATE"": ""FITT-MOBILITY-INTERMEDIATE-V1""}",SUPPORTED_SUPINE_PELVIS_NEUTRAL,FULL_BODY_MAT_AND_KNEE_BOLSTER_SUPPORT,[],True,INDEPENDENT_SAFE_VARIANT_GENERAL_POOL,user-name-only-v1,USER_REVIEWED_NAME_ONLY,손목 당기기 스트레칭,False,,"[""HOME"", ""GYM""]",,손목 당기기 스트레칭,True,"[""NO_PAIN_AREA_WEIGHT_BEARING"", ""NO_PAIN_AREA_GRIP"", ""NO_PAIN_AREA_BRACING""]",,[],"[""WRIST_HAND""]",MOBILITY_STRETCH,True,SEPARATE_EXERCISE,True,,True,"[""PAIN_ALTERNATIVE_DOMAIN_APPROVAL_REQUIRED"", ""MEDIA_RIGHTS_REVIEW_REQUIRED"", ""ALTERNATIVE_TARGET_AND_GENERAL_POOL""]",DOMAIN_APPROVED,,DOMAIN_APPROVED,BOUND_INDEPENDENT_SOURCE,"[""ELBOW""]",,,DVAR-49E0D30E19CCD2DA,,,pain_alternative_policy:DVAR-49E0D30E19CCD2DA,,,,손목 당기기 스트레칭,,손목 당기기 스트레칭,DERIVED_POLICY_REVIEW_REQUIRED,DVAR-49E0D30E19CCD2DA,pain_alternative_policy,pain_alternative_policy,,side_wrist_pull_stretch_mobility_stretch_bodyweight__hip_no_load_safe_v1,STOP_IF_DISCOMFORT_INCREASES,"[""MAT"", ""SUPPORT_CUSHION""]",DURATION,MOBILITY,USER_DIRECT_REVIEW_2026_08_29,COMPLETED,NOT_APPLICABLE,NOT_APPLICABLE,,,,,,,,,,,,,,,,,,,,,,,USER_DIRECT_REVIEW_2026_08_29,OWNER_BATCH_CONFIRMATION,2026-08-29T00:00:00+09:00
False,discomfort-alternative-concern-resolution-v2.0.2-v1.0.0,PAIN_AREA_NO_LOAD_SAFE_VARIANT,REX-000017,butterfly_adductor_stretch_mobility_stretch_bodyweight,MOBILITY,SEPARATE_EXERCISE_PAIN_SAFE_VARIANT,통증 Alternative target이면서 일반 운동 풀에도 포함한다.,CONCERN_RESOLUTION_POLICY_REVIEW,PAIN_ALTERNATIVE_TARGET_REVIEW_REQUIRED,exercise-catalog-v2.0.2-final,,,,15,30,BEGINNER,NO_POLICY_OVERRIDE,REVIEW_REQUIRED,버터플라이 스트레칭,"[""BODYWEIGHT""]",DVAR-4AFB61578A427189,BUTTERFLY_ADDUCTOR_STRETCH,"[""BEGINNER"", ""INTERMEDIATE""]",,DOMAIN_APPROVED,"{""BEGINNER"": ""FITT-MOBILITY-V1"", ""INTERMEDIATE"": ""FITT-MOBILITY-INTERMEDIATE-V1""}",SUPPORTED_SUPINE_ARMS_RELAXED_NO_HAND_SUPPORT,MAT_AND_LOWER_LIMB_BLOCK_SUPPORT,[],True,INDEPENDENT_SAFE_VARIANT_GENERAL_POOL,user-name-only-v1,USER_REVIEWED_NAME_ONLY,버터플라이 스트레칭,False,,"[""HOME"", ""GYM""]",,버터플라이 스트레칭,True,"[""NO_PAIN_AREA_WEIGHT_BEARING"", ""NO_PAIN_AREA_GRIP"", ""NO_PAIN_AREA_BRACING""]",,[],"[""HIP""]",MOBILITY_STRETCH,True,SEPARATE_EXERCISE,True,,True,"[""PAIN_ALTERNATIVE_DOMAIN_APPROVAL_REQUIRED"", ""MEDIA_RIGHTS_REVIEW_REQUIRED"", ""ALTERNATIVE_TARGET_AND_GENERAL_POOL""]",DOMAIN_APPROVED,,DOMAIN_APPROVED,BOUND_INDEPENDENT_SOURCE,"[""KNEE""]",,,DVAR-4AFB61578A427189,,,pain_alternative_policy:DVAR-4AFB61578A427189,,,,버터플라이 스트레칭,,버터플라이 스트레칭,DERIVED_POLICY_REVIEW_REQUIRED,DVAR-4AFB61578A427189,pain_alternative_policy,pain_alternative_policy,,butterfly_adductor_stretch_mobility_stretch_bodyweight__shoulder_no_load_safe_v1,STOP_IF_DISCOMFORT_INCREASES,"[""MAT"", ""SUPPORT_CUSHION""]",DURATION,MOBILITY,USER_DIRECT_REVIEW_2026_08_29,COMPLETED,NOT_APPLICABLE,NOT_APPLICABLE,,,,,,,,,,,,,,,,,,,,,,,USER_DIRECT_REVIEW_2026_08_29,OWNER_BATCH_CONFIRMATION,2026-08-29T00:00:00+09:00
False,discomfort-alternative-concern-resolution-v2.0.2-v1.0.0,PAIN_AREA_NO_LOAD_SAFE_VARIANT,REX-000077,runners_stretch_mobility_stretch_bodyweight,MOBILITY,SEPARATE_EXERCISE_PAIN_SAFE_VARIANT,통증 Alternative target이면서 일반 운동 풀에도 포함한다.,CONCERN_RESOLUTION_POLICY_REVIEW,PAIN_ALTERNATIVE_TARGET_REVIEW_REQUIRED,exercise-catalog-v2.0.2-final,,,,15,30,BEGINNER,NO_POLICY_OVERRIDE,REVIEW_REQUIRED,러너스 스트레칭,"[""BODYWEIGHT""]",DVAR-4CEDEDE6230588EC,RUNNERS_STRETCH,"[""BEGINNER"", ""INTERMEDIATE""]",,DOMAIN_APPROVED,"{""BEGINNER"": ""FITT-MOBILITY-V1"", ""INTERMEDIATE"": ""FITT-MOBILITY-INTERMEDIATE-V1""}",SUPPORTED_SUPINE_UPPER_BACK_NEUTRAL,MAT_AND_FULL_UPPER_BACK_SUPPORT,[],True,INDEPENDENT_SAFE_VARIANT_GENERAL_POOL,user-name-only-v1,USER_REVIEWED_NAME_ONLY,러너스 스트레칭,False,,"[""HOME"", ""GYM""]",,러너스 스트레칭,True,"[""NO_PAIN_AREA_WEIGHT_BEARING"", ""NO_PAIN_AREA_GRIP"", ""NO_PAIN_AREA_BRACING""]",,[],"[""ANKLE_FOOT"", ""KNEE""]",MOBILITY_STRETCH,True,SEPARATE_EXERCISE,True,,True,"[""PAIN_ALTERNATIVE_DOMAIN_APPROVAL_REQUIRED"", ""MEDIA_RIGHTS_REVIEW_REQUIRED"", ""ALTERNATIVE_TARGET_AND_GENERAL_POOL""]",DOMAIN_APPROVED,,DOMAIN_APPROVED,BOUND_INDEPENDENT_SOURCE,"[""HIP""]",,,DVAR-4CEDEDE6230588EC,,,pain_alternative_policy:DVAR-4CEDEDE6230588EC,,,,러너스 스트레칭,,러너스 스트레칭,DERIVED_POLICY_REVIEW_REQUIRED,DVAR-4CEDEDE6230588EC,pain_alternative_policy,pain_alternative_policy,,runners_stretch_mobility_stretch_bodyweight__upper_back_no_load_safe_v1,STOP_IF_DISCOMFORT_INCREASES,"[""MAT"", ""SUPPORT_CUSHION""]",DURATION,MOBILITY,USER_DIRECT_REVIEW_2026_08_29,COMPLETED,NOT_APPLICABLE,NOT_APPLICABLE,,,,,,,,,,,,,,,,,,,,,,,USER_DIRECT_REVIEW_2026_08_29,OWNER_BATCH_CONFIRMATION,2026-08-29T00:00:00+09:00
False,discomfort-alternative-concern-resolution-v2.0.2-v1.0.0,PAIN_AREA_NO_LOAD_SAFE_VARIANT,REX-000034,hamstring_stretch_mobility_stretch_bodyweight,MOBILITY,SEPARATE_EXERCISE_PAIN_SAFE_VARIANT,통증 Alternative target이면서 일반 운동 풀에도 포함한다.,CONCERN_RESOLUTION_POLICY_REVIEW,PAIN_ALTERNATIVE_TARGET_REVIEW_REQUIRED,exercise-catalog-v2.0.2-final,,,,15,30,BEGINNER,NO_POLICY_OVERRIDE,REVIEW_REQUIRED,햄스트링 스트레칭,"[""BODYWEIGHT""]",DVAR-4E47895F88158AE5,HAMSTRING_STRETCH,"[""BEGINNER"", ""INTERMEDIATE""]",,DOMAIN_APPROVED,"{""BEGINNER"": ""FITT-MOBILITY-V1"", ""INTERMEDIATE"": ""FITT-MOBILITY-INTERMEDIATE-V1""}",SUPPORTED_SUPINE_NO_TRUNK_BRACING,FULL_BACK_AND_PELVIS_MAT_SUPPORT,[],True,INDEPENDENT_SAFE_VARIANT_GENERAL_POOL,user-name-only-v1,USER_REVIEWED_NAME_ONLY,햄스트링 스트레칭,False,,"[""HOME"", ""GYM""]",,햄스트링 스트레칭,True,"[""NO_PAIN_AREA_WEIGHT_BEARING"", ""NO_PAIN_AREA_GRIP"", ""NO_PAIN_AREA_BRACING""]",,[],"[""KNEE""]",MOBILITY_STRETCH,True,SEPARATE_EXERCISE,True,,True,"[""PAIN_ALTERNATIVE_DOMAIN_APPROVAL_REQUIRED"", ""MEDIA_RIGHTS_REVIEW_REQUIRED"", ""ALTERNATIVE_TARGET_AND_GENERAL_POOL""]",DOMAIN_APPROVED,,DOMAIN_APPROVED,BOUND_INDEPENDENT_SOURCE,"[""HIP""]",,,DVAR-4E47895F88158AE5,,,pain_alternative_policy:DVAR-4E47895F88158AE5,,,,햄스트링 스트레칭,,햄스트링 스트레칭,DERIVED_POLICY_REVIEW_REQUIRED,DVAR-4E47895F88158AE5,pain_alternative_policy,pain_alternative_policy,,hamstring_stretch_mobility_stretch_bodyweight__abdomen_no_load_safe_v1,STOP_IF_DISCOMFORT_INCREASES,"[""MAT"", ""SUPPORT_CUSHION""]",DURATION,MOBILITY,USER_DIRECT_REVIEW_2026_08_29,COMPLETED,NOT_APPLICABLE,NOT_APPLICABLE,,,,,,,,,,,,,,,,,,,,,,,USER_DIRECT_REVIEW_2026_08_29,OWNER_BATCH_CONFIRMATION,2026-08-29T00:00:00+09:00
False,discomfort-alternative-concern-resolution-v2.0.2-v1.0.0,PAIN_AREA_NO_LOAD_SAFE_VARIANT,REX-000005,barbell_front_raise_isolation_barbell,SHOULDERS,SEPARATE_EXERCISE_PAIN_SAFE_VARIANT,통증 Alternative target이면서 일반 운동 풀에도 포함한다.,CONCERN_RESOLUTION_POLICY_REVIEW,PAIN_ALTERNATIVE_TARGET_REVIEW_REQUIRED,exercise-catalog-v2.0.2-final,60,,3,,,BEGINNER,NO_POLICY_OVERRIDE,REVIEW_REQUIRED,바벨 프론트 레이즈,"[""BARBELL""]",DVAR-51B939268597C1C2,BARBELL_FRONT_RAISE,"[""BEGINNER"", ""INTERMEDIATE""]",,DOMAIN_APPROVED,"{""BEGINNER"": ""FITT-ISOLATION-STRENGTH-V1"", ""INTERMEDIATE"": ""FITT-ISOLATION-STRENGTH-INTERMEDIATE-V1""}",REVIEWED_NO_LOAD_POSTURE,REVIEWED_NO_LOAD_SUPPORT,[],True,INDEPENDENT_SAFE_VARIANT_GENERAL_POOL,user-name-only-v1,USER_REVIEWED_NAME_ONLY,바벨 프론트 레이즈,False,,"[""GYM""]",,바벨 프론트 레이즈,True,"[""NO_PAIN_AREA_WEIGHT_BEARING"", ""NO_PAIN_AREA_GRIP"", ""NO_PAIN_AREA_BRACING""]",,[],"[""SHOULDER""]",ISOLATION,True,SEPARATE_EXERCISE,False,,True,"[""PAIN_ALTERNATIVE_DOMAIN_APPROVAL_REQUIRED"", ""MEDIA_RIGHTS_REVIEW_REQUIRED"", ""ALTERNATIVE_TARGET_AND_GENERAL_POOL""]",DOMAIN_APPROVED,,DOMAIN_APPROVED,BOUND_INDEPENDENT_SOURCE,"[""ELBOW""]",,,DVAR-51B939268597C1C2,,,pain_alternative_policy:DVAR-51B939268597C1C2,,,,바벨 프론트 레이즈,,바벨 프론트 레이즈,DERIVED_POLICY_REVIEW_REQUIRED,DVAR-51B939268597C1C2,pain_alternative_policy,pain_alternative_policy,,barbell_front_raise_isolation_barbell__abdomen_no_load_safe_v1,STOP_IF_DISCOMFORT_INCREASES,[],REPS,STRENGTH,USER_DIRECT_REVIEW_2026_08_29,COMPLETED,NOT_APPLICABLE,NOT_APPLICABLE,,,,,,,,,,,,,,,,,,,,,,,USER_DIRECT_REVIEW_2026_08_29,OWNER_BATCH_CONFIRMATION,2026-08-29T00:00:00+09:00
False,discomfort-alternative-concern-resolution-v2.0.2-v1.0.0,PAIN_AREA_NO_LOAD_SAFE_VARIANT,REX-000096,triceps_stretch_mobility_stretch_bodyweight,MOBILITY,SEPARATE_EXERCISE_PAIN_SAFE_VARIANT,통증 Alternative target이면서 일반 운동 풀에도 포함한다.,CONCERN_RESOLUTION_POLICY_REVIEW,PAIN_ALTERNATIVE_TARGET_REVIEW_REQUIRED,exercise-catalog-v2.0.2-final,,,,15,30,BEGINNER,NO_POLICY_OVERRIDE,REVIEW_REQUIRED,삼두근 스트레칭,"[""BODYWEIGHT""]",DVAR-57A865079E6288C0,TRICEPS_STRETCH,"[""BEGINNER"", ""INTERMEDIATE""]",,DOMAIN_APPROVED,"{""BEGINNER"": ""FITT-MOBILITY-V1"", ""INTERMEDIATE"": ""FITT-MOBILITY-INTERMEDIATE-V1""}",SUPPORTED_SEATED_FEET_UNWEIGHTED,BACKREST_AND_LOWER_LEG_SUPPORT,[],True,INDEPENDENT_SAFE_VARIANT_GENERAL_POOL,user-name-only-v1,USER_REVIEWED_NAME_ONLY,삼두근 스트레칭,False,,"[""HOME"", ""GYM""]",,삼두근 스트레칭,True,"[""NO_PAIN_AREA_WEIGHT_BEARING"", ""NO_PAIN_AREA_GRIP"", ""NO_PAIN_AREA_BRACING""]",,[],"[""ELBOW""]",MOBILITY_STRETCH,True,SEPARATE_EXERCISE,True,,True,"[""PAIN_ALTERNATIVE_DOMAIN_APPROVAL_REQUIRED"", ""MEDIA_RIGHTS_REVIEW_REQUIRED"", ""ALTERNATIVE_TARGET_AND_GENERAL_POOL""]",DOMAIN_APPROVED,,DOMAIN_APPROVED,BOUND_INDEPENDENT_SOURCE,"[""SHOULDER"", ""WRIST_HAND""]",,,DVAR-57A865079E6288C0,,,pain_alternative_policy:DVAR-57A865079E6288C0,,,,삼두근 스트레칭,,삼두근 스트레칭,DERIVED_POLICY_REVIEW_REQUIRED,DVAR-57A865079E6288C0,pain_alternative_policy,pain_alternative_policy,,triceps_stretch_mobility_stretch_bodyweight__ankle_foot_no_load_safe_v1,STOP_IF_DISCOMFORT_INCREASES,"[""PADDED_CHAIR"", ""SUPPORT_CUSHION""]",DURATION,MOBILITY,USER_DIRECT_REVIEW_2026_08_29,COMPLETED,NOT_APPLICABLE,NOT_APPLICABLE,,,,,,,,,,,,,,,,,,,,,,,USER_DIRECT_REVIEW_2026_08_29,OWNER_BATCH_CONFIRMATION,2026-08-29T00:00:00+09:00
False,discomfort-alternative-concern-resolution-v2.0.2-v1.0.0,PAIN_AREA_NO_LOAD_SAFE_VARIANT,REX-000005,barbell_front_raise_isolation_barbell,SHOULDERS,SEPARATE_EXERCISE_PAIN_SAFE_VARIANT,통증 Alternative target이면서 일반 운동 풀에도 포함한다.,CONCERN_RESOLUTION_POLICY_REVIEW,PAIN_ALTERNATIVE_TARGET_REVIEW_REQUIRED,exercise-catalog-v2.0.2-final,60,,3,,,BEGINNER,NO_POLICY_OVERRIDE,REVIEW_REQUIRED,바벨 프론트 레이즈,"[""BARBELL""]",DVAR-57ADC482D0C91C98,BARBELL_FRONT_RAISE,"[""BEGINNER"", ""INTERMEDIATE""]",,DOMAIN_APPROVED,"{""BEGINNER"": ""FITT-ISOLATION-STRENGTH-V1"", ""INTERMEDIATE"": ""FITT-ISOLATION-STRENGTH-INTERMEDIATE-V1""}",REVIEWED_NO_LOAD_POSTURE,REVIEWED_NO_LOAD_SUPPORT,[],True,INDEPENDENT_SAFE_VARIANT_GENERAL_POOL,user-name-only-v1,USER_REVIEWED_NAME_ONLY,바벨 프론트 레이즈,False,,"[""GYM""]",,바벨 프론트 레이즈,True,"[""NO_PAIN_AREA_WEIGHT_BEARING"", ""NO_PAIN_AREA_GRIP"", ""NO_PAIN_AREA_BRACING""]",,[],"[""SHOULDER""]",ISOLATION,True,SEPARATE_EXERCISE,False,,True,"[""PAIN_ALTERNATIVE_DOMAIN_APPROVAL_REQUIRED"", ""MEDIA_RIGHTS_REVIEW_REQUIRED"", ""ALTERNATIVE_TARGET_AND_GENERAL_POOL""]",DOMAIN_APPROVED,,DOMAIN_APPROVED,BOUND_INDEPENDENT_SOURCE,"[""ELBOW""]",,,DVAR-57ADC482D0C91C98,,,pain_alternative_policy:DVAR-57ADC482D0C91C98,,,,바벨 프론트 레이즈,,바벨 프론트 레이즈,DERIVED_POLICY_REVIEW_REQUIRED,DVAR-57ADC482D0C91C98,pain_alternative_policy,pain_alternative_policy,,barbell_front_raise_isolation_barbell__lower_back_no_load_safe_v1,STOP_IF_DISCOMFORT_INCREASES,[],REPS,STRENGTH,USER_DIRECT_REVIEW_2026_08_29,COMPLETED,NOT_APPLICABLE,NOT_APPLICABLE,,,,,,,,,,,,,,,,,,,,,,,USER_DIRECT_REVIEW_2026_08_29,OWNER_BATCH_CONFIRMATION,2026-08-29T00:00:00+09:00
False,discomfort-alternative-concern-resolution-v2.0.2-v1.0.0,PAIN_AREA_NO_LOAD_SAFE_VARIANT,REX-000016,bodyweight_standing_calf_raise_isolation_bodyweight,CALVES,SEPARATE_EXERCISE_PAIN_SAFE_VARIANT,통증 Alternative target이면서 일반 운동 풀에도 포함한다.,CONCERN_RESOLUTION_POLICY_REVIEW,PAIN_ALTERNATIVE_TARGET_REVIEW_REQUIRED,exercise-catalog-v2.0.2-final,60,,3,,,BEGINNER,NO_POLICY_OVERRIDE,REVIEW_REQUIRED,카프 레이즈,"[""BODYWEIGHT""]",DVAR-5C8E3929479AD7D8,BODYWEIGHT_STANDING_CALF_RAISE,"[""BEGINNER"", ""INTERMEDIATE""]",,DOMAIN_APPROVED,"{""BEGINNER"": ""FITT-ISOLATION-STRENGTH-V1"", ""INTERMEDIATE"": ""FITT-ISOLATION-STRENGTH-INTERMEDIATE-V1""}",REVIEWED_NO_LOAD_POSTURE,REVIEWED_NO_LOAD_SUPPORT,[],True,INDEPENDENT_SAFE_VARIANT_GENERAL_POOL,user-name-only-v1,USER_REVIEWED_NAME_ONLY,카프 레이즈,False,,"[""HOME"", ""GYM""]",,카프 레이즈,True,"[""NO_PAIN_AREA_WEIGHT_BEARING"", ""NO_PAIN_AREA_GRIP"", ""NO_PAIN_AREA_BRACING""]",,[],"[""ANKLE_FOOT""]",ISOLATION,True,SEPARATE_EXERCISE,False,,True,"[""PAIN_ALTERNATIVE_DOMAIN_APPROVAL_REQUIRED"", ""MEDIA_RIGHTS_REVIEW_REQUIRED"", ""ALTERNATIVE_TARGET_AND_GENERAL_POOL""]",DOMAIN_APPROVED,,DOMAIN_APPROVED,BOUND_INDEPENDENT_SOURCE,"[""KNEE""]",,,DVAR-5C8E3929479AD7D8,,,pain_alternative_policy:DVAR-5C8E3929479AD7D8,,,,카프 레이즈,,카프 레이즈,DERIVED_POLICY_REVIEW_REQUIRED,DVAR-5C8E3929479AD7D8,pain_alternative_policy,pain_alternative_policy,,bodyweight_standing_calf_raise_isolation_bodyweight__lower_back_no_load_safe_v1,STOP_IF_DISCOMFORT_INCREASES,[],REPS,STRENGTH,USER_DIRECT_REVIEW_2026_08_29,COMPLETED,NOT_APPLICABLE,NOT_APPLICABLE,,,,,,,,,,,,,,,,,,,,,,,USER_DIRECT_REVIEW_2026_08_29,OWNER_BATCH_CONFIRMATION,2026-08-29T00:00:00+09:00
False,discomfort-alternative-concern-resolution-v2.0.2-v1.0.0,PAIN_AREA_NO_LOAD_SAFE_VARIANT,REX-000077,runners_stretch_mobility_stretch_bodyweight,MOBILITY,SEPARATE_EXERCISE_PAIN_SAFE_VARIANT,통증 Alternative target이면서 일반 운동 풀에도 포함한다.,CONCERN_RESOLUTION_POLICY_REVIEW,PAIN_ALTERNATIVE_TARGET_REVIEW_REQUIRED,exercise-catalog-v2.0.2-final,,,,15,30,BEGINNER,NO_POLICY_OVERRIDE,REVIEW_REQUIRED,러너스 스트레칭,"[""BODYWEIGHT""]",DVAR-63AD4E2D01416860,RUNNERS_STRETCH,"[""BEGINNER"", ""INTERMEDIATE""]",,DOMAIN_APPROVED,"{""BEGINNER"": ""FITT-MOBILITY-V1"", ""INTERMEDIATE"": ""FITT-MOBILITY-INTERMEDIATE-V1""}",SUPPORTED_SUPINE_HEAD_NECK_NEUTRAL,MAT_AND_HEAD_CUSHION_SUPPORT,[],True,INDEPENDENT_SAFE_VARIANT_GENERAL_POOL,user-name-only-v1,USER_REVIEWED_NAME_ONLY,러너스 스트레칭,False,,"[""HOME"", ""GYM""]",,러너스 스트레칭,True,"[""NO_PAIN_AREA_WEIGHT_BEARING"", ""NO_PAIN_AREA_GRIP"", ""NO_PAIN_AREA_BRACING""]",,[],"[""ANKLE_FOOT"", ""KNEE""]",MOBILITY_STRETCH,True,SEPARATE_EXERCISE,True,,True,"[""PAIN_ALTERNATIVE_DOMAIN_APPROVAL_REQUIRED"", ""MEDIA_RIGHTS_REVIEW_REQUIRED"", ""ALTERNATIVE_TARGET_AND_GENERAL_POOL""]",DOMAIN_APPROVED,,DOMAIN_APPROVED,BOUND_INDEPENDENT_SOURCE,"[""HIP""]",,,DVAR-63AD4E2D01416860,,,pain_alternative_policy:DVAR-63AD4E2D01416860,,,,러너스 스트레칭,,러너스 스트레칭,DERIVED_POLICY_REVIEW_REQUIRED,DVAR-63AD4E2D01416860,pain_alternative_policy,pain_alternative_policy,,runners_stretch_mobility_stretch_bodyweight__neck_no_load_safe_v1,STOP_IF_DISCOMFORT_INCREASES,"[""MAT"", ""SUPPORT_CUSHION""]",DURATION,MOBILITY,USER_DIRECT_REVIEW_2026_08_29,COMPLETED,NOT_APPLICABLE,NOT_APPLICABLE,,,,,,,,,,,,,,,,,,,,,,,USER_DIRECT_REVIEW_2026_08_29,OWNER_BATCH_CONFIRMATION,2026-08-29T00:00:00+09:00
False,discomfort-alternative-concern-resolution-v2.0.2-v1.0.0,PAIN_AREA_NO_LOAD_SAFE_VARIANT,REX-000081,seated_calf_stretch_mobility_stretch_bodyweight,MOBILITY,SEPARATE_EXERCISE_PAIN_SAFE_VARIANT,통증 Alternative target이면서 일반 운동 풀에도 포함한다.,CONCERN_RESOLUTION_POLICY_REVIEW,PAIN_ALTERNATIVE_TARGET_REVIEW_REQUIRED,exercise-catalog-v2.0.2-final,,,,15,30,BEGINNER,NO_POLICY_OVERRIDE,REVIEW_REQUIRED,종아리 스트레칭,"[""BODYWEIGHT""]",DVAR-6764158E5944E97A,SEATED_CALF_STRETCH,"[""BEGINNER"", ""INTERMEDIATE""]",,DOMAIN_APPROVED,"{""BEGINNER"": ""FITT-MOBILITY-V1"", ""INTERMEDIATE"": ""FITT-MOBILITY-INTERMEDIATE-V1""}",SUPPORTED_SUPINE_NEUTRAL_SPINE,FULL_BACK_AND_PELVIS_MAT_SUPPORT,[],True,INDEPENDENT_SAFE_VARIANT_GENERAL_POOL,user-name-only-v1,USER_REVIEWED_NAME_ONLY,종아리 스트레칭,False,,"[""HOME"", ""GYM""]",,종아리 스트레칭,True,"[""NO_PAIN_AREA_WEIGHT_BEARING"", ""NO_PAIN_AREA_GRIP"", ""NO_PAIN_AREA_BRACING""]",,[],"[""ANKLE_FOOT""]",MOBILITY_STRETCH,True,SEPARATE_EXERCISE,True,,True,"[""PAIN_ALTERNATIVE_DOMAIN_APPROVAL_REQUIRED"", ""MEDIA_RIGHTS_REVIEW_REQUIRED"", ""ALTERNATIVE_TARGET_AND_GENERAL_POOL""]",DOMAIN_APPROVED,,DOMAIN_APPROVED,BOUND_INDEPENDENT_SOURCE,"[""KNEE""]",,,DVAR-6764158E5944E97A,,,pain_alternative_policy:DVAR-6764158E5944E97A,,,,종아리 스트레칭,,종아리 스트레칭,DERIVED_POLICY_REVIEW_REQUIRED,DVAR-6764158E5944E97A,pain_alternative_policy,pain_alternative_policy,,seated_calf_stretch_mobility_stretch_bodyweight__lower_back_no_load_safe_v1,STOP_IF_DISCOMFORT_INCREASES,"[""MAT"", ""SUPPORT_CUSHION""]",DURATION,MOBILITY,USER_DIRECT_REVIEW_2026_08_29,COMPLETED,NOT_APPLICABLE,NOT_APPLICABLE,,,,,,,,,,,,,,,,,,,,,,,USER_DIRECT_REVIEW_2026_08_29,OWNER_BATCH_CONFIRMATION,2026-08-29T00:00:00+09:00
False,discomfort-alternative-concern-resolution-v2.0.2-v1.0.0,PAIN_AREA_NO_LOAD_SAFE_VARIANT,REX-000085,seated_piriformis_stretch_mobility_stretch_bodyweight,MOBILITY,SEPARATE_EXERCISE_PAIN_SAFE_VARIANT,통증 Alternative target이면서 일반 운동 풀에도 포함한다.,CONCERN_RESOLUTION_POLICY_REVIEW,PAIN_ALTERNATIVE_TARGET_REVIEW_REQUIRED,exercise-catalog-v2.0.2-final,,,,15,30,BEGINNER,NO_POLICY_OVERRIDE,REVIEW_REQUIRED,이상근 스트레칭,"[""BODYWEIGHT""]",DVAR-67F0C6ACF2D0B6BA,SEATED_PIRIFORMIS_STRETCH,"[""BEGINNER"", ""INTERMEDIATE""]",,DOMAIN_APPROVED,"{""BEGINNER"": ""FITT-MOBILITY-V1"", ""INTERMEDIATE"": ""FITT-MOBILITY-INTERMEDIATE-V1""}",SUPPORTED_SUPINE_HEAD_NECK_NEUTRAL,MAT_AND_HEAD_CUSHION_SUPPORT,[],True,INDEPENDENT_SAFE_VARIANT_GENERAL_POOL,user-name-only-v1,USER_REVIEWED_NAME_ONLY,이상근 스트레칭,False,,"[""HOME"", ""GYM""]",,이상근 스트레칭,True,"[""NO_PAIN_AREA_WEIGHT_BEARING"", ""NO_PAIN_AREA_GRIP"", ""NO_PAIN_AREA_BRACING""]",,[],"[""HIP""]",MOBILITY_STRETCH,True,SEPARATE_EXERCISE,True,,True,"[""PAIN_ALTERNATIVE_DOMAIN_APPROVAL_REQUIRED"", ""MEDIA_RIGHTS_REVIEW_REQUIRED"", ""ALTERNATIVE_TARGET_AND_GENERAL_POOL""]",DOMAIN_APPROVED,,DOMAIN_APPROVED,BOUND_INDEPENDENT_SOURCE,"[""KNEE""]",,,DVAR-67F0C6ACF2D0B6BA,,,pain_alternative_policy:DVAR-67F0C6ACF2D0B6BA,,,,이상근 스트레칭,,이상근 스트레칭,DERIVED_POLICY_REVIEW_REQUIRED,DVAR-67F0C6ACF2D0B6BA,pain_alternative_policy,pain_alternative_policy,,seated_piriformis_stretch_mobility_stretch_bodyweight__neck_no_load_safe_v1,STOP_IF_DISCOMFORT_INCREASES,"[""MAT"", ""SUPPORT_CUSHION""]",DURATION,MOBILITY,USER_DIRECT_REVIEW_2026_08_29,COMPLETED,NOT_APPLICABLE,NOT_APPLICABLE,,,,,,,,,,,,,,,,,,,,,,,USER_DIRECT_REVIEW_2026_08_29,OWNER_BATCH_CONFIRMATION,2026-08-29T00:00:00+09:00
False,discomfort-alternative-concern-resolution-v2.0.2-v1.0.0,PAIN_AREA_NO_LOAD_SAFE_VARIANT,REX-000017,butterfly_adductor_stretch_mobility_stretch_bodyweight,MOBILITY,SEPARATE_EXERCISE_PAIN_SAFE_VARIANT,통증 Alternative target이면서 일반 운동 풀에도 포함한다.,CONCERN_RESOLUTION_POLICY_REVIEW,PAIN_ALTERNATIVE_TARGET_REVIEW_REQUIRED,exercise-catalog-v2.0.2-final,,,,15,30,BEGINNER,NO_POLICY_OVERRIDE,REVIEW_REQUIRED,버터플라이 스트레칭,"[""BODYWEIGHT""]",DVAR-691B90C811748C97,BUTTERFLY_ADDUCTOR_STRETCH,"[""BEGINNER"", ""INTERMEDIATE""]",,DOMAIN_APPROVED,"{""BEGINNER"": ""FITT-MOBILITY-V1"", ""INTERMEDIATE"": ""FITT-MOBILITY-INTERMEDIATE-V1""}",SUPPORTED_SUPINE_UPPER_BACK_NEUTRAL,MAT_AND_FULL_UPPER_BACK_SUPPORT,[],True,INDEPENDENT_SAFE_VARIANT_GENERAL_POOL,user-name-only-v1,USER_REVIEWED_NAME_ONLY,버터플라이 스트레칭,False,,"[""HOME"", ""GYM""]",,버터플라이 스트레칭,True,"[""NO_PAIN_AREA_WEIGHT_BEARING"", ""NO_PAIN_AREA_GRIP"", ""NO_PAIN_AREA_BRACING""]",,[],"[""HIP""]",MOBILITY_STRETCH,True,SEPARATE_EXERCISE,True,,True,"[""PAIN_ALTERNATIVE_DOMAIN_APPROVAL_REQUIRED"", ""MEDIA_RIGHTS_REVIEW_REQUIRED"", ""ALTERNATIVE_TARGET_AND_GENERAL_POOL""]",DOMAIN_APPROVED,,DOMAIN_APPROVED,BOUND_INDEPENDENT_SOURCE,"[""KNEE""]",,,DVAR-691B90C811748C97,,,pain_alternative_policy:DVAR-691B90C811748C97,,,,버터플라이 스트레칭,,버터플라이 스트레칭,DERIVED_POLICY_REVIEW_REQUIRED,DVAR-691B90C811748C97,pain_alternative_policy,pain_alternative_policy,,butterfly_adductor_stretch_mobility_stretch_bodyweight__upper_back_no_load_safe_v1,STOP_IF_DISCOMFORT_INCREASES,"[""MAT"", ""SUPPORT_CUSHION""]",DURATION,MOBILITY,USER_DIRECT_REVIEW_2026_08_29,COMPLETED,NOT_APPLICABLE,NOT_APPLICABLE,,,,,,,,,,,,,,,,,,,,,,,USER_DIRECT_REVIEW_2026_08_29,OWNER_BATCH_CONFIRMATION,2026-08-29T00:00:00+09:00
False,discomfort-alternative-concern-resolution-v2.0.2-v1.0.0,PAIN_AREA_NO_LOAD_SAFE_VARIANT,REX-000046,one_arm_wall_lats_isolation_bodyweight,BACK,SEPARATE_EXERCISE_PAIN_SAFE_VARIANT,통증 Alternative target이면서 일반 운동 풀에도 포함한다.,CONCERN_RESOLUTION_POLICY_REVIEW,PAIN_ALTERNATIVE_TARGET_REVIEW_REQUIRED,exercise-catalog-v2.0.2-final,90,,3,,,BEGINNER,NO_POLICY_OVERRIDE,REVIEW_REQUIRED,한 팔 광배근 스트레칭,"[""BODYWEIGHT""]",DVAR-6B6A6F150F4812B5,ONE_ARM_WALL_LATS,"[""BEGINNER"", ""INTERMEDIATE""]",,DOMAIN_APPROVED,"{""BEGINNER"": ""FITT-COMPOUND-PULL-V1"", ""INTERMEDIATE"": ""FITT-COMPOUND-PULL-INTERMEDIATE-V1""}",SUPPORTED_SUPINE_PELVIS_NEUTRAL,FULL_BODY_MAT_AND_KNEE_BOLSTER_SUPPORT,[],True,INDEPENDENT_SAFE_VARIANT_GENERAL_POOL,user-name-only-v1,USER_REVIEWED_NAME_ONLY,한 팔 광배근 스트레칭,False,,"[""HOME"", ""GYM""]",,한 팔 광배근 스트레칭,True,"[""NO_PAIN_AREA_WEIGHT_BEARING"", ""NO_PAIN_AREA_GRIP"", ""NO_PAIN_AREA_BRACING""]",,[],"[""UPPER_BACK""]",ISOLATION,True,SEPARATE_EXERCISE,False,,True,"[""PAIN_ALTERNATIVE_DOMAIN_APPROVAL_REQUIRED"", ""MEDIA_RIGHTS_REVIEW_REQUIRED"", ""ALTERNATIVE_TARGET_AND_GENERAL_POOL""]",DOMAIN_APPROVED,,DOMAIN_APPROVED,BOUND_INDEPENDENT_SOURCE,"[""SHOULDER"", ""ELBOW""]",,,DVAR-6B6A6F150F4812B5,,,pain_alternative_policy:DVAR-6B6A6F150F4812B5,,,,한 팔 광배근 스트레칭,,한 팔 광배근 스트레칭,DERIVED_POLICY_REVIEW_REQUIRED,DVAR-6B6A6F150F4812B5,pain_alternative_policy,pain_alternative_policy,,one_arm_wall_lats_isolation_bodyweight__hip_no_load_safe_v1,STOP_IF_DISCOMFORT_INCREASES,"[""MAT"", ""SUPPORT_CUSHION""]",REPS,STRENGTH,USER_DIRECT_REVIEW_2026_08_29,COMPLETED,NOT_APPLICABLE,NOT_APPLICABLE,,,,,,,,,,,,,,,,,,,,,,,USER_DIRECT_REVIEW_2026_08_29,OWNER_BATCH_CONFIRMATION,2026-08-29T00:00:00+09:00
False,discomfort-alternative-concern-resolution-v2.0.2-v1.0.0,PAIN_AREA_NO_LOAD_SAFE_VARIANT,REX-000099,wall_calf_stretch_mobility_stretch_bodyweight,MOBILITY,SEPARATE_EXERCISE_PAIN_SAFE_VARIANT,통증 Alternative target이면서 일반 운동 풀에도 포함한다.,CONCERN_RESOLUTION_POLICY_REVIEW,PAIN_ALTERNATIVE_TARGET_REVIEW_REQUIRED,exercise-catalog-v2.0.2-final,,,,15,30,BEGINNER,NO_POLICY_OVERRIDE,REVIEW_REQUIRED,종아리 스트레칭,"[""BODYWEIGHT""]",DVAR-6E70CC6524F991D2,WALL_CALF_STRETCH,"[""BEGINNER"", ""INTERMEDIATE""]",,DOMAIN_APPROVED,"{""BEGINNER"": ""FITT-MOBILITY-V1"", ""INTERMEDIATE"": ""FITT-MOBILITY-INTERMEDIATE-V1""}",SUPPORTED_SUPINE_NO_TRUNK_BRACING,FULL_BACK_AND_PELVIS_MAT_SUPPORT,[],True,INDEPENDENT_SAFE_VARIANT_GENERAL_POOL,user-name-only-v1,USER_REVIEWED_NAME_ONLY,종아리 스트레칭,False,,"[""HOME"", ""GYM""]",,종아리 스트레칭,True,"[""NO_PAIN_AREA_WEIGHT_BEARING"", ""NO_PAIN_AREA_GRIP"", ""NO_PAIN_AREA_BRACING""]",,[],"[""ANKLE_FOOT""]",MOBILITY_STRETCH,True,SEPARATE_EXERCISE,True,,True,"[""PAIN_ALTERNATIVE_DOMAIN_APPROVAL_REQUIRED"", ""MEDIA_RIGHTS_REVIEW_REQUIRED"", ""ALTERNATIVE_TARGET_AND_GENERAL_POOL""]",DOMAIN_APPROVED,,DOMAIN_APPROVED,BOUND_INDEPENDENT_SOURCE,"[""KNEE""]",,,DVAR-6E70CC6524F991D2,,,pain_alternative_policy:DVAR-6E70CC6524F991D2,,,,종아리 스트레칭,,종아리 스트레칭,DERIVED_POLICY_REVIEW_REQUIRED,DVAR-6E70CC6524F991D2,pain_alternative_policy,pain_alternative_policy,,wall_calf_stretch_mobility_stretch_bodyweight__abdomen_no_load_safe_v1,STOP_IF_DISCOMFORT_INCREASES,"[""MAT"", ""SUPPORT_CUSHION""]",DURATION,MOBILITY,USER_DIRECT_REVIEW_2026_08_29,COMPLETED,NOT_APPLICABLE,NOT_APPLICABLE,,,,,,,,,,,,,,,,,,,,,,,USER_DIRECT_REVIEW_2026_08_29,OWNER_BATCH_CONFIRMATION,2026-08-29T00:00:00+09:00
False,discomfort-alternative-concern-resolution-v2.0.2-v1.0.0,PAIN_AREA_NO_LOAD_SAFE_VARIANT,REX-000082,seated_glute_stretch_mobility_stretch_bodyweight,MOBILITY,SEPARATE_EXERCISE_PAIN_SAFE_VARIANT,통증 Alternative target이면서 일반 운동 풀에도 포함한다.,CONCERN_RESOLUTION_POLICY_REVIEW,PAIN_ALTERNATIVE_TARGET_REVIEW_REQUIRED,exercise-catalog-v2.0.2-final,,,,15,30,BEGINNER,NO_POLICY_OVERRIDE,REVIEW_REQUIRED,둔근 스트레칭,"[""BODYWEIGHT""]",DVAR-6F87AC6ADC514415,SEATED_GLUTE_STRETCH,"[""BEGINNER"", ""INTERMEDIATE""]",,DOMAIN_APPROVED,"{""BEGINNER"": ""FITT-MOBILITY-V1"", ""INTERMEDIATE"": ""FITT-MOBILITY-INTERMEDIATE-V1""}",SUPPORTED_SUPINE_UPPER_BACK_NEUTRAL,MAT_AND_FULL_UPPER_BACK_SUPPORT,[],True,INDEPENDENT_SAFE_VARIANT_GENERAL_POOL,user-name-only-v1,USER_REVIEWED_NAME_ONLY,둔근 스트레칭,False,,"[""HOME"", ""GYM""]",,둔근 스트레칭,True,"[""NO_PAIN_AREA_WEIGHT_BEARING"", ""NO_PAIN_AREA_GRIP"", ""NO_PAIN_AREA_BRACING""]",,[],"[""HIP""]",MOBILITY_STRETCH,True,SEPARATE_EXERCISE,True,,True,"[""PAIN_ALTERNATIVE_DOMAIN_APPROVAL_REQUIRED"", ""MEDIA_RIGHTS_REVIEW_REQUIRED"", ""ALTERNATIVE_TARGET_AND_GENERAL_POOL""]",DOMAIN_APPROVED,,DOMAIN_APPROVED,BOUND_INDEPENDENT_SOURCE,"[""KNEE""]",,,DVAR-6F87AC6ADC514415,,,pain_alternative_policy:DVAR-6F87AC6ADC514415,,,,둔근 스트레칭,,둔근 스트레칭,DERIVED_POLICY_REVIEW_REQUIRED,DVAR-6F87AC6ADC514415,pain_alternative_policy,pain_alternative_policy,,seated_glute_stretch_mobility_stretch_bodyweight__upper_back_no_load_safe_v1,STOP_IF_DISCOMFORT_INCREASES,"[""MAT"", ""SUPPORT_CUSHION""]",DURATION,MOBILITY,USER_DIRECT_REVIEW_2026_08_29,COMPLETED,NOT_APPLICABLE,NOT_APPLICABLE,,,,,,,,,,,,,,,,,,,,,,,USER_DIRECT_REVIEW_2026_08_29,OWNER_BATCH_CONFIRMATION,2026-08-29T00:00:00+09:00
False,discomfort-alternative-concern-resolution-v2.0.2-v1.0.0,PAIN_AREA_NO_LOAD_SAFE_VARIANT,REX-000017,butterfly_adductor_stretch_mobility_stretch_bodyweight,MOBILITY,SEPARATE_EXERCISE_PAIN_SAFE_VARIANT,통증 Alternative target이면서 일반 운동 풀에도 포함한다.,CONCERN_RESOLUTION_POLICY_REVIEW,PAIN_ALTERNATIVE_TARGET_REVIEW_REQUIRED,exercise-catalog-v2.0.2-final,,,,15,30,BEGINNER,NO_POLICY_OVERRIDE,REVIEW_REQUIRED,버터플라이 스트레칭,"[""BODYWEIGHT""]",DVAR-754CFA40B1C65427,BUTTERFLY_ADDUCTOR_STRETCH,"[""BEGINNER"", ""INTERMEDIATE""]",,DOMAIN_APPROVED,"{""BEGINNER"": ""FITT-MOBILITY-V1"", ""INTERMEDIATE"": ""FITT-MOBILITY-INTERMEDIATE-V1""}",SUPPORTED_SUPINE_ARMS_RELAXED,MAT_AND_LIMB_BLOCK_SUPPORT,[],True,INDEPENDENT_SAFE_VARIANT_GENERAL_POOL,user-name-only-v1,USER_REVIEWED_NAME_ONLY,버터플라이 스트레칭,False,,"[""HOME"", ""GYM""]",,버터플라이 스트레칭,True,"[""NO_PAIN_AREA_WEIGHT_BEARING"", ""NO_PAIN_AREA_GRIP"", ""NO_PAIN_AREA_BRACING""]",,[],"[""HIP""]",MOBILITY_STRETCH,True,SEPARATE_EXERCISE,True,,True,"[""PAIN_ALTERNATIVE_DOMAIN_APPROVAL_REQUIRED"", ""MEDIA_RIGHTS_REVIEW_REQUIRED"", ""ALTERNATIVE_TARGET_AND_GENERAL_POOL""]",DOMAIN_APPROVED,,DOMAIN_APPROVED,BOUND_INDEPENDENT_SOURCE,"[""KNEE""]",,,DVAR-754CFA40B1C65427,,,pain_alternative_policy:DVAR-754CFA40B1C65427,,,,버터플라이 스트레칭,,버터플라이 스트레칭,DERIVED_POLICY_REVIEW_REQUIRED,DVAR-754CFA40B1C65427,pain_alternative_policy,pain_alternative_policy,,butterfly_adductor_stretch_mobility_stretch_bodyweight__elbow_no_load_safe_v1,STOP_IF_DISCOMFORT_INCREASES,"[""MAT"", ""SUPPORT_CUSHION""]",DURATION,MOBILITY,USER_DIRECT_REVIEW_2026_08_29,COMPLETED,NOT_APPLICABLE,NOT_APPLICABLE,,,,,,,,,,,,,,,,,,,,,,,USER_DIRECT_REVIEW_2026_08_29,OWNER_BATCH_CONFIRMATION,2026-08-29T00:00:00+09:00
False,discomfort-alternative-concern-resolution-v2.0.2-v1.0.0,PAIN_AREA_NO_LOAD_SAFE_VARIANT,REX-000020,chair_leg_extended_stretch_mobility_stretch_bodyweight,MOBILITY,SEPARATE_EXERCISE_PAIN_SAFE_VARIANT,통증 Alternative target이면서 일반 운동 풀에도 포함한다.,CONCERN_RESOLUTION_POLICY_REVIEW,PAIN_ALTERNATIVE_TARGET_REVIEW_REQUIRED,exercise-catalog-v2.0.2-final,,,,15,30,BEGINNER,NO_POLICY_OVERRIDE,REVIEW_REQUIRED,레그 익스텐션 스트레칭,"[""BODYWEIGHT""]",DVAR-78019BC41BCE770A,CHAIR_LEG_EXTENDED_STRETCH,"[""BEGINNER"", ""INTERMEDIATE""]",,DOMAIN_APPROVED,"{""BEGINNER"": ""FITT-MOBILITY-V1"", ""INTERMEDIATE"": ""FITT-MOBILITY-INTERMEDIATE-V1""}",SUPPORTED_SEATED_HANDS_OPEN_RELAXED,BACKREST_AND_OPEN_PALM_CUSHION_SUPPORT,[],True,INDEPENDENT_SAFE_VARIANT_GENERAL_POOL,user-name-only-v1,USER_REVIEWED_NAME_ONLY,레그 익스텐션 스트레칭,False,,"[""HOME"", ""GYM""]",,레그 익스텐션 스트레칭,True,"[""NO_PAIN_AREA_WEIGHT_BEARING"", ""NO_PAIN_AREA_GRIP"", ""NO_PAIN_AREA_BRACING""]",,[],"[""KNEE""]",MOBILITY_STRETCH,True,SEPARATE_EXERCISE,True,,True,"[""PAIN_ALTERNATIVE_DOMAIN_APPROVAL_REQUIRED"", ""MEDIA_RIGHTS_REVIEW_REQUIRED"", ""ALTERNATIVE_TARGET_AND_GENERAL_POOL""]",DOMAIN_APPROVED,,DOMAIN_APPROVED,BOUND_INDEPENDENT_SOURCE,"[""HIP""]",,,DVAR-78019BC41BCE770A,,,pain_alternative_policy:DVAR-78019BC41BCE770A,,,,레그 익스텐션 스트레칭,,레그 익스텐션 스트레칭,DERIVED_POLICY_REVIEW_REQUIRED,DVAR-78019BC41BCE770A,pain_alternative_policy,pain_alternative_policy,,chair_leg_extended_stretch_mobility_stretch_bodyweight__wrist_hand_no_load_safe_v1,STOP_IF_DISCOMFORT_INCREASES,"[""PADDED_CHAIR"", ""SUPPORT_CUSHION""]",DURATION,MOBILITY,USER_DIRECT_REVIEW_2026_08_29,COMPLETED,NOT_APPLICABLE,NOT_APPLICABLE,,,,,,,,,,,,,,,,,,,,,,,USER_DIRECT_REVIEW_2026_08_29,OWNER_BATCH_CONFIRMATION,2026-08-29T00:00:00+09:00
False,discomfort-alternative-concern-resolution-v2.0.2-v1.0.0,PAIN_AREA_NO_LOAD_SAFE_VARIANT,REX-000048,overhead_triceps_stretch_mobility_stretch_bodyweight,MOBILITY,SEPARATE_EXERCISE_PAIN_SAFE_VARIANT,통증 Alternative target이면서 일반 운동 풀에도 포함한다.,CONCERN_RESOLUTION_POLICY_REVIEW,PAIN_ALTERNATIVE_TARGET_REVIEW_REQUIRED,exercise-catalog-v2.0.2-final,,,,15,30,BEGINNER,NO_POLICY_OVERRIDE,REVIEW_REQUIRED,오버헤드 삼두근 스트레칭,"[""BODYWEIGHT""]",DVAR-797356CB391528BF,OVERHEAD_TRICEPS_STRETCH,"[""BEGINNER"", ""INTERMEDIATE""]",,DOMAIN_APPROVED,"{""BEGINNER"": ""FITT-MOBILITY-V1"", ""INTERMEDIATE"": ""FITT-MOBILITY-INTERMEDIATE-V1""}",SUPPORTED_SEATED_FEET_UNWEIGHTED,BACKREST_AND_LOWER_LEG_SUPPORT,[],True,INDEPENDENT_SAFE_VARIANT_GENERAL_POOL,user-name-only-v1,USER_REVIEWED_NAME_ONLY,오버헤드 삼두근 스트레칭,False,,"[""HOME"", ""GYM""]",,오버헤드 삼두근 스트레칭,True,"[""NO_PAIN_AREA_WEIGHT_BEARING"", ""NO_PAIN_AREA_GRIP"", ""NO_PAIN_AREA_BRACING""]",,[],"[""ELBOW""]",MOBILITY_STRETCH,True,SEPARATE_EXERCISE,True,,True,"[""PAIN_ALTERNATIVE_DOMAIN_APPROVAL_REQUIRED"", ""MEDIA_RIGHTS_REVIEW_REQUIRED"", ""ALTERNATIVE_TARGET_AND_GENERAL_POOL""]",DOMAIN_APPROVED,,DOMAIN_APPROVED,BOUND_INDEPENDENT_SOURCE,"[""SHOULDER"", ""WRIST_HAND""]",,,DVAR-797356CB391528BF,,,pain_alternative_policy:DVAR-797356CB391528BF,,,,오버헤드 삼두근 스트레칭,,오버헤드 삼두근 스트레칭,DERIVED_POLICY_REVIEW_REQUIRED,DVAR-797356CB391528BF,pain_alternative_policy,pain_alternative_policy,,overhead_triceps_stretch_mobility_stretch_bodyweight__ankle_foot_no_load_safe_v1,STOP_IF_DISCOMFORT_INCREASES,"[""PADDED_CHAIR"", ""SUPPORT_CUSHION""]",DURATION,MOBILITY,USER_DIRECT_REVIEW_2026_08_29,COMPLETED,NOT_APPLICABLE,NOT_APPLICABLE,,,,,,,,,,,,,,,,,,,,,,,USER_DIRECT_REVIEW_2026_08_29,OWNER_BATCH_CONFIRMATION,2026-08-29T00:00:00+09:00
False,discomfort-alternative-concern-resolution-v2.0.2-v1.0.0,PAIN_AREA_NO_LOAD_SAFE_VARIANT,REX-000082,seated_glute_stretch_mobility_stretch_bodyweight,MOBILITY,SEPARATE_EXERCISE_PAIN_SAFE_VARIANT,통증 Alternative target이면서 일반 운동 풀에도 포함한다.,CONCERN_RESOLUTION_POLICY_REVIEW,PAIN_ALTERNATIVE_TARGET_REVIEW_REQUIRED,exercise-catalog-v2.0.2-final,,,,15,30,BEGINNER,NO_POLICY_OVERRIDE,REVIEW_REQUIRED,둔근 스트레칭,"[""BODYWEIGHT""]",DVAR-7D30F2A8308533FE,SEATED_GLUTE_STRETCH,"[""BEGINNER"", ""INTERMEDIATE""]",,DOMAIN_APPROVED,"{""BEGINNER"": ""FITT-MOBILITY-V1"", ""INTERMEDIATE"": ""FITT-MOBILITY-INTERMEDIATE-V1""}",SUPPORTED_SUPINE_NEUTRAL_SPINE,FULL_BACK_AND_PELVIS_MAT_SUPPORT,[],True,INDEPENDENT_SAFE_VARIANT_GENERAL_POOL,user-name-only-v1,USER_REVIEWED_NAME_ONLY,둔근 스트레칭,False,,"[""HOME"", ""GYM""]",,둔근 스트레칭,True,"[""NO_PAIN_AREA_WEIGHT_BEARING"", ""NO_PAIN_AREA_GRIP"", ""NO_PAIN_AREA_BRACING""]",,[],"[""HIP""]",MOBILITY_STRETCH,True,SEPARATE_EXERCISE,True,,True,"[""PAIN_ALTERNATIVE_DOMAIN_APPROVAL_REQUIRED"", ""MEDIA_RIGHTS_REVIEW_REQUIRED"", ""ALTERNATIVE_TARGET_AND_GENERAL_POOL""]",DOMAIN_APPROVED,,DOMAIN_APPROVED,BOUND_INDEPENDENT_SOURCE,"[""KNEE""]",,,DVAR-7D30F2A8308533FE,,,pain_alternative_policy:DVAR-7D30F2A8308533FE,,,,둔근 스트레칭,,둔근 스트레칭,DERIVED_POLICY_REVIEW_REQUIRED,DVAR-7D30F2A8308533FE,pain_alternative_policy,pain_alternative_policy,,seated_glute_stretch_mobility_stretch_bodyweight__lower_back_no_load_safe_v1,STOP_IF_DISCOMFORT_INCREASES,"[""MAT"", ""SUPPORT_CUSHION""]",DURATION,MOBILITY,USER_DIRECT_REVIEW_2026_08_29,COMPLETED,NOT_APPLICABLE,NOT_APPLICABLE,,,,,,,,,,,,,,,,,,,,,,,USER_DIRECT_REVIEW_2026_08_29,OWNER_BATCH_CONFIRMATION,2026-08-29T00:00:00+09:00
False,discomfort-alternative-concern-resolution-v2.0.2-v1.0.0,PAIN_AREA_NO_LOAD_SAFE_VARIANT,REX-000045,neck_lateral_stretch_mobility_stretch_bodyweight,MOBILITY,SEPARATE_EXERCISE_PAIN_SAFE_VARIANT,통증 Alternative target이면서 일반 운동 풀에도 포함한다.,CONCERN_RESOLUTION_POLICY_REVIEW,PAIN_ALTERNATIVE_TARGET_REVIEW_REQUIRED,exercise-catalog-v2.0.2-final,,,,15,30,BEGINNER,NO_POLICY_OVERRIDE,REVIEW_REQUIRED,목 옆면 스트레칭,"[""BODYWEIGHT""]",DVAR-82501686CF95380A,NECK_LATERAL_STRETCH,"[""BEGINNER"", ""INTERMEDIATE""]",,DOMAIN_APPROVED,"{""BEGINNER"": ""FITT-MOBILITY-V1"", ""INTERMEDIATE"": ""FITT-MOBILITY-INTERMEDIATE-V1""}",SUPPORTED_SEATED_FEET_UNWEIGHTED,BACKREST_AND_LOWER_LEG_SUPPORT,[],True,INDEPENDENT_SAFE_VARIANT_GENERAL_POOL,user-name-only-v1,USER_REVIEWED_NAME_ONLY,목 옆면 스트레칭,False,,"[""HOME"", ""GYM""]",,목 옆면 스트레칭,True,"[""NO_PAIN_AREA_WEIGHT_BEARING"", ""NO_PAIN_AREA_GRIP"", ""NO_PAIN_AREA_BRACING""]",,[],"[""NECK""]",MOBILITY_STRETCH,True,SEPARATE_EXERCISE,True,,True,"[""PAIN_ALTERNATIVE_DOMAIN_APPROVAL_REQUIRED"", ""MEDIA_RIGHTS_REVIEW_REQUIRED"", ""ALTERNATIVE_TARGET_AND_GENERAL_POOL""]",DOMAIN_APPROVED,,DOMAIN_APPROVED,BOUND_INDEPENDENT_SOURCE,"[""SHOULDER""]",,,DVAR-82501686CF95380A,,,pain_alternative_policy:DVAR-82501686CF95380A,,,,목 옆면 스트레칭,,목 옆면 스트레칭,DERIVED_POLICY_REVIEW_REQUIRED,DVAR-82501686CF95380A,pain_alternative_policy,pain_alternative_policy,,neck_lateral_stretch_mobility_stretch_bodyweight__ankle_foot_no_load_safe_v1,STOP_IF_DISCOMFORT_INCREASES,"[""PADDED_CHAIR"", ""SUPPORT_CUSHION""]",DURATION,MOBILITY,USER_DIRECT_REVIEW_2026_08_29,COMPLETED,NOT_APPLICABLE,NOT_APPLICABLE,,,,,,,,,,,,,,,,,,,,,,,USER_DIRECT_REVIEW_2026_08_29,OWNER_BATCH_CONFIRMATION,2026-08-29T00:00:00+09:00
False,discomfort-alternative-concern-resolution-v2.0.2-v1.0.0,PAIN_AREA_NO_LOAD_SAFE_VARIANT,REX-000030,dumbbell_standing_curl_isolation_dumbbell,BICEPS,SEPARATE_EXERCISE_PAIN_SAFE_VARIANT,통증 Alternative target이면서 일반 운동 풀에도 포함한다.,CONCERN_RESOLUTION_POLICY_REVIEW,PAIN_ALTERNATIVE_TARGET_REVIEW_REQUIRED,exercise-catalog-v2.0.2-final,60,,3,,,BEGINNER,NO_POLICY_OVERRIDE,REVIEW_REQUIRED,덤벨 바이셉스 컬,"[""DUMBBELL""]",DVAR-889F35FB54AD157C,DUMBBELL_STANDING_CURL,"[""BEGINNER"", ""INTERMEDIATE""]",,DOMAIN_APPROVED,"{""BEGINNER"": ""FITT-ISOLATION-STRENGTH-V1"", ""INTERMEDIATE"": ""FITT-ISOLATION-STRENGTH-INTERMEDIATE-V1""}",REVIEWED_NO_LOAD_POSTURE,REVIEWED_NO_LOAD_SUPPORT,[],True,INDEPENDENT_SAFE_VARIANT_GENERAL_POOL,user-name-only-v1,USER_REVIEWED_NAME_ONLY,덤벨 바이셉스 컬,False,,"[""HOME"", ""GYM""]",,덤벨 바이셉스 컬,True,"[""NO_PAIN_AREA_WEIGHT_BEARING"", ""NO_PAIN_AREA_GRIP"", ""NO_PAIN_AREA_BRACING""]",,[],"[""ELBOW""]",ISOLATION,True,SEPARATE_EXERCISE,False,,True,"[""PAIN_ALTERNATIVE_DOMAIN_APPROVAL_REQUIRED"", ""MEDIA_RIGHTS_REVIEW_REQUIRED"", ""ALTERNATIVE_TARGET_AND_GENERAL_POOL""]",DOMAIN_APPROVED,,DOMAIN_APPROVED,BOUND_INDEPENDENT_SOURCE,"[""WRIST_HAND""]",,,DVAR-889F35FB54AD157C,,,pain_alternative_policy:DVAR-889F35FB54AD157C,,,,덤벨 바이셉스 컬,,덤벨 바이셉스 컬,DERIVED_POLICY_REVIEW_REQUIRED,DVAR-889F35FB54AD157C,pain_alternative_policy,pain_alternative_policy,,dumbbell_standing_curl_isolation_dumbbell__lower_back_no_load_safe_v1,STOP_IF_DISCOMFORT_INCREASES,[],REPS,STRENGTH,USER_DIRECT_REVIEW_2026_08_29,COMPLETED,NOT_APPLICABLE,NOT_APPLICABLE,,,,,,,,,,,,,,,,,,,,,,,USER_DIRECT_REVIEW_2026_08_29,OWNER_BATCH_CONFIRMATION,2026-08-29T00:00:00+09:00
False,discomfort-alternative-concern-resolution-v2.0.2-v1.0.0,PAIN_AREA_NO_LOAD_SAFE_VARIANT,REX-000082,seated_glute_stretch_mobility_stretch_bodyweight,MOBILITY,SEPARATE_EXERCISE_PAIN_SAFE_VARIANT,통증 Alternative target이면서 일반 운동 풀에도 포함한다.,CONCERN_RESOLUTION_POLICY_REVIEW,PAIN_ALTERNATIVE_TARGET_REVIEW_REQUIRED,exercise-catalog-v2.0.2-final,,,,15,30,BEGINNER,NO_POLICY_OVERRIDE,REVIEW_REQUIRED,둔근 스트레칭,"[""BODYWEIGHT""]",DVAR-8986420CC1824B81,SEATED_GLUTE_STRETCH,"[""BEGINNER"", ""INTERMEDIATE""]",,DOMAIN_APPROVED,"{""BEGINNER"": ""FITT-MOBILITY-V1"", ""INTERMEDIATE"": ""FITT-MOBILITY-INTERMEDIATE-V1""}",SUPPORTED_SUPINE_HEAD_NECK_NEUTRAL,MAT_AND_HEAD_CUSHION_SUPPORT,[],True,INDEPENDENT_SAFE_VARIANT_GENERAL_POOL,user-name-only-v1,USER_REVIEWED_NAME_ONLY,둔근 스트레칭,False,,"[""HOME"", ""GYM""]",,둔근 스트레칭,True,"[""NO_PAIN_AREA_WEIGHT_BEARING"", ""NO_PAIN_AREA_GRIP"", ""NO_PAIN_AREA_BRACING""]",,[],"[""HIP""]",MOBILITY_STRETCH,True,SEPARATE_EXERCISE,True,,True,"[""PAIN_ALTERNATIVE_DOMAIN_APPROVAL_REQUIRED"", ""MEDIA_RIGHTS_REVIEW_REQUIRED"", ""ALTERNATIVE_TARGET_AND_GENERAL_POOL""]",DOMAIN_APPROVED,,DOMAIN_APPROVED,BOUND_INDEPENDENT_SOURCE,"[""KNEE""]",,,DVAR-8986420CC1824B81,,,pain_alternative_policy:DVAR-8986420CC1824B81,,,,둔근 스트레칭,,둔근 스트레칭,DERIVED_POLICY_REVIEW_REQUIRED,DVAR-8986420CC1824B81,pain_alternative_policy,pain_alternative_policy,,seated_glute_stretch_mobility_stretch_bodyweight__neck_no_load_safe_v1,STOP_IF_DISCOMFORT_INCREASES,"[""MAT"", ""SUPPORT_CUSHION""]",DURATION,MOBILITY,USER_DIRECT_REVIEW_2026_08_29,COMPLETED,NOT_APPLICABLE,NOT_APPLICABLE,,,,,,,,,,,,,,,,,,,,,,,USER_DIRECT_REVIEW_2026_08_29,OWNER_BATCH_CONFIRMATION,2026-08-29T00:00:00+09:00
False,discomfort-alternative-concern-resolution-v2.0.2-v1.0.0,PAIN_AREA_NO_LOAD_SAFE_VARIANT,REX-000088,side_lying_quadriceps_stretch_mobility_stretch_bodyweight,MOBILITY,SEPARATE_EXERCISE_PAIN_SAFE_VARIANT,통증 Alternative target이면서 일반 운동 풀에도 포함한다.,CONCERN_RESOLUTION_POLICY_REVIEW,PAIN_ALTERNATIVE_TARGET_REVIEW_REQUIRED,exercise-catalog-v2.0.2-final,,,,15,30,BEGINNER,NO_POLICY_OVERRIDE,REVIEW_REQUIRED,대퇴사두근 스트레칭,"[""BODYWEIGHT""]",DVAR-8C83EA75C5EB2A81,SIDE_LYING_QUADRICEPS_STRETCH,"[""BEGINNER"", ""INTERMEDIATE""]",,DOMAIN_APPROVED,"{""BEGINNER"": ""FITT-MOBILITY-V1"", ""INTERMEDIATE"": ""FITT-MOBILITY-INTERMEDIATE-V1""}",SUPPORTED_SUPINE_NO_TRUNK_BRACING,FULL_BACK_AND_PELVIS_MAT_SUPPORT,[],True,INDEPENDENT_SAFE_VARIANT_GENERAL_POOL,user-name-only-v1,USER_REVIEWED_NAME_ONLY,대퇴사두근 스트레칭,False,,"[""HOME"", ""GYM""]",,대퇴사두근 스트레칭,True,"[""NO_PAIN_AREA_WEIGHT_BEARING"", ""NO_PAIN_AREA_GRIP"", ""NO_PAIN_AREA_BRACING""]",,[],"[""KNEE""]",MOBILITY_STRETCH,True,SEPARATE_EXERCISE,True,,True,"[""PAIN_ALTERNATIVE_DOMAIN_APPROVAL_REQUIRED"", ""MEDIA_RIGHTS_REVIEW_REQUIRED"", ""ALTERNATIVE_TARGET_AND_GENERAL_POOL""]",DOMAIN_APPROVED,,DOMAIN_APPROVED,BOUND_INDEPENDENT_SOURCE,"[""HIP""]",,,DVAR-8C83EA75C5EB2A81,,,pain_alternative_policy:DVAR-8C83EA75C5EB2A81,,,,대퇴사두근 스트레칭,,대퇴사두근 스트레칭,DERIVED_POLICY_REVIEW_REQUIRED,DVAR-8C83EA75C5EB2A81,pain_alternative_policy,pain_alternative_policy,,side_lying_quadriceps_stretch_mobility_stretch_bodyweight__abdomen_no_load_safe_v1,STOP_IF_DISCOMFORT_INCREASES,"[""MAT"", ""SUPPORT_CUSHION""]",DURATION,MOBILITY,USER_DIRECT_REVIEW_2026_08_29,COMPLETED,NOT_APPLICABLE,NOT_APPLICABLE,,,,,,,,,,,,,,,,,,,,,,,USER_DIRECT_REVIEW_2026_08_29,OWNER_BATCH_CONFIRMATION,2026-08-29T00:00:00+09:00
False,discomfort-alternative-concern-resolution-v2.0.2-v1.0.0,PAIN_AREA_NO_LOAD_SAFE_VARIANT,REX-000017,butterfly_adductor_stretch_mobility_stretch_bodyweight,MOBILITY,SEPARATE_EXERCISE_PAIN_SAFE_VARIANT,통증 Alternative target이면서 일반 운동 풀에도 포함한다.,CONCERN_RESOLUTION_POLICY_REVIEW,PAIN_ALTERNATIVE_TARGET_REVIEW_REQUIRED,exercise-catalog-v2.0.2-final,,,,15,30,BEGINNER,NO_POLICY_OVERRIDE,REVIEW_REQUIRED,버터플라이 스트레칭,"[""BODYWEIGHT""]",DVAR-9432BB9760D2677F,BUTTERFLY_ADDUCTOR_STRETCH,"[""BEGINNER"", ""INTERMEDIATE""]",,DOMAIN_APPROVED,"{""BEGINNER"": ""FITT-MOBILITY-V1"", ""INTERMEDIATE"": ""FITT-MOBILITY-INTERMEDIATE-V1""}",SUPPORTED_SUPINE_NO_TRUNK_BRACING,FULL_BACK_AND_PELVIS_MAT_SUPPORT,[],True,INDEPENDENT_SAFE_VARIANT_GENERAL_POOL,user-name-only-v1,USER_REVIEWED_NAME_ONLY,버터플라이 스트레칭,False,,"[""HOME"", ""GYM""]",,버터플라이 스트레칭,True,"[""NO_PAIN_AREA_WEIGHT_BEARING"", ""NO_PAIN_AREA_GRIP"", ""NO_PAIN_AREA_BRACING""]",,[],"[""HIP""]",MOBILITY_STRETCH,True,SEPARATE_EXERCISE,True,,True,"[""PAIN_ALTERNATIVE_DOMAIN_APPROVAL_REQUIRED"", ""MEDIA_RIGHTS_REVIEW_REQUIRED"", ""ALTERNATIVE_TARGET_AND_GENERAL_POOL""]",DOMAIN_APPROVED,,DOMAIN_APPROVED,BOUND_INDEPENDENT_SOURCE,"[""KNEE""]",,,DVAR-9432BB9760D2677F,,,pain_alternative_policy:DVAR-9432BB9760D2677F,,,,버터플라이 스트레칭,,버터플라이 스트레칭,DERIVED_POLICY_REVIEW_REQUIRED,DVAR-9432BB9760D2677F,pain_alternative_policy,pain_alternative_policy,,butterfly_adductor_stretch_mobility_stretch_bodyweight__abdomen_no_load_safe_v1,STOP_IF_DISCOMFORT_INCREASES,"[""MAT"", ""SUPPORT_CUSHION""]",DURATION,MOBILITY,USER_DIRECT_REVIEW_2026_08_29,COMPLETED,NOT_APPLICABLE,NOT_APPLICABLE,,,,,,,,,,,,,,,,,,,,,,,USER_DIRECT_REVIEW_2026_08_29,OWNER_BATCH_CONFIRMATION,2026-08-29T00:00:00+09:00
False,discomfort-alternative-concern-resolution-v2.0.2-v1.0.0,PAIN_AREA_NO_LOAD_SAFE_VARIANT,REX-000053,rear_deltoid_stretch_mobility_stretch_bodyweight,MOBILITY,SEPARATE_EXERCISE_PAIN_SAFE_VARIANT,통증 Alternative target이면서 일반 운동 풀에도 포함한다.,CONCERN_RESOLUTION_POLICY_REVIEW,PAIN_ALTERNATIVE_TARGET_REVIEW_REQUIRED,exercise-catalog-v2.0.2-final,,,,15,30,BEGINNER,NO_POLICY_OVERRIDE,REVIEW_REQUIRED,후면 어깨 스트레칭,"[""BODYWEIGHT""]",DVAR-99EA1AE55B52D628,REAR_DELTOID_STRETCH,"[""BEGINNER"", ""INTERMEDIATE""]",,DOMAIN_APPROVED,"{""BEGINNER"": ""FITT-MOBILITY-V1"", ""INTERMEDIATE"": ""FITT-MOBILITY-INTERMEDIATE-V1""}",SUPPORTED_SEATED_FEET_UNWEIGHTED,BACKREST_AND_LOWER_LEG_SUPPORT,[],True,INDEPENDENT_SAFE_VARIANT_GENERAL_POOL,user-name-only-v1,USER_REVIEWED_NAME_ONLY,후면 어깨 스트레칭,False,,"[""HOME"", ""GYM""]",,후면 어깨 스트레칭,True,"[""NO_PAIN_AREA_WEIGHT_BEARING"", ""NO_PAIN_AREA_GRIP"", ""NO_PAIN_AREA_BRACING""]",,[],"[""SHOULDER""]",MOBILITY_STRETCH,True,SEPARATE_EXERCISE,True,,True,"[""PAIN_ALTERNATIVE_DOMAIN_APPROVAL_REQUIRED"", ""MEDIA_RIGHTS_REVIEW_REQUIRED"", ""ALTERNATIVE_TARGET_AND_GENERAL_POOL""]",DOMAIN_APPROVED,,DOMAIN_APPROVED,BOUND_INDEPENDENT_SOURCE,"[""UPPER_BACK""]",,,DVAR-99EA1AE55B52D628,,,pain_alternative_policy:DVAR-99EA1AE55B52D628,,,,후면 어깨 스트레칭,,후면 어깨 스트레칭,DERIVED_POLICY_REVIEW_REQUIRED,DVAR-99EA1AE55B52D628,pain_alternative_policy,pain_alternative_policy,,rear_deltoid_stretch_mobility_stretch_bodyweight__ankle_foot_no_load_safe_v1,STOP_IF_DISCOMFORT_INCREASES,"[""PADDED_CHAIR"", ""SUPPORT_CUSHION""]",DURATION,MOBILITY,USER_DIRECT_REVIEW_2026_08_29,COMPLETED,NOT_APPLICABLE,NOT_APPLICABLE,,,,,,,,,,,,,,,,,,,,,,,USER_DIRECT_REVIEW_2026_08_29,OWNER_BATCH_CONFIRMATION,2026-08-29T00:00:00+09:00
False,discomfort-alternative-concern-resolution-v2.0.2-v1.0.0,PAIN_AREA_NO_LOAD_SAFE_VARIANT,REX-000081,seated_calf_stretch_mobility_stretch_bodyweight,MOBILITY,SEPARATE_EXERCISE_PAIN_SAFE_VARIANT,통증 Alternative target이면서 일반 운동 풀에도 포함한다.,CONCERN_RESOLUTION_POLICY_REVIEW,PAIN_ALTERNATIVE_TARGET_REVIEW_REQUIRED,exercise-catalog-v2.0.2-final,,,,15,30,BEGINNER,NO_POLICY_OVERRIDE,REVIEW_REQUIRED,종아리 스트레칭,"[""BODYWEIGHT""]",DVAR-9A46CA5E3E420CBB,SEATED_CALF_STRETCH,"[""BEGINNER"", ""INTERMEDIATE""]",,DOMAIN_APPROVED,"{""BEGINNER"": ""FITT-MOBILITY-V1"", ""INTERMEDIATE"": ""FITT-MOBILITY-INTERMEDIATE-V1""}",SUPPORTED_SEATED_HANDS_OPEN_RELAXED,BACKREST_AND_OPEN_PALM_CUSHION_SUPPORT,[],True,INDEPENDENT_SAFE_VARIANT_GENERAL_POOL,user-name-only-v1,USER_REVIEWED_NAME_ONLY,종아리 스트레칭,False,,"[""HOME"", ""GYM""]",,종아리 스트레칭,True,"[""NO_PAIN_AREA_WEIGHT_BEARING"", ""NO_PAIN_AREA_GRIP"", ""NO_PAIN_AREA_BRACING""]",,[],"[""ANKLE_FOOT""]",MOBILITY_STRETCH,True,SEPARATE_EXERCISE,True,,True,"[""PAIN_ALTERNATIVE_DOMAIN_APPROVAL_REQUIRED"", ""MEDIA_RIGHTS_REVIEW_REQUIRED"", ""ALTERNATIVE_TARGET_AND_GENERAL_POOL""]",DOMAIN_APPROVED,,DOMAIN_APPROVED,BOUND_INDEPENDENT_SOURCE,"[""KNEE""]",,,DVAR-9A46CA5E3E420CBB,,,pain_alternative_policy:DVAR-9A46CA5E3E420CBB,,,,종아리 스트레칭,,종아리 스트레칭,DERIVED_POLICY_REVIEW_REQUIRED,DVAR-9A46CA5E3E420CBB,pain_alternative_policy,pain_alternative_policy,,seated_calf_stretch_mobility_stretch_bodyweight__wrist_hand_no_load_safe_v1,STOP_IF_DISCOMFORT_INCREASES,"[""PADDED_CHAIR"", ""SUPPORT_CUSHION""]",DURATION,MOBILITY,USER_DIRECT_REVIEW_2026_08_29,COMPLETED,NOT_APPLICABLE,NOT_APPLICABLE,,,,,,,,,,,,,,,,,,,,,,,USER_DIRECT_REVIEW_2026_08_29,OWNER_BATCH_CONFIRMATION,2026-08-29T00:00:00+09:00
False,discomfort-alternative-concern-resolution-v2.0.2-v1.0.0,PAIN_AREA_NO_LOAD_SAFE_VARIANT,REX-000101,wrist_circles_mobility_stretch_bodyweight,MOBILITY,SEPARATE_EXERCISE_PAIN_SAFE_VARIANT,통증 Alternative target이면서 일반 운동 풀에도 포함한다.,CONCERN_RESOLUTION_POLICY_REVIEW,PAIN_ALTERNATIVE_TARGET_REVIEW_REQUIRED,exercise-catalog-v2.0.2-final,,,,15,30,BEGINNER,NO_POLICY_OVERRIDE,REVIEW_REQUIRED,손목 돌리기,"[""BODYWEIGHT""]",DVAR-9D87E310514D2812,WRIST_CIRCLES,"[""BEGINNER"", ""INTERMEDIATE""]",,DOMAIN_APPROVED,"{""BEGINNER"": ""FITT-MOBILITY-V1"", ""INTERMEDIATE"": ""FITT-MOBILITY-INTERMEDIATE-V1""}",REVIEWED_NO_LOAD_POSTURE,REVIEWED_NO_LOAD_SUPPORT,[],True,INDEPENDENT_SAFE_VARIANT_GENERAL_POOL,user-name-only-v1,USER_REVIEWED_NAME_ONLY,손목 돌리기,False,,"[""HOME"", ""GYM""]",,손목 돌리기,True,"[""NO_PAIN_AREA_WEIGHT_BEARING"", ""NO_PAIN_AREA_GRIP"", ""NO_PAIN_AREA_BRACING""]",,[],"[""WRIST_HAND""]",MOBILITY_STRETCH,True,SEPARATE_EXERCISE,False,,True,"[""PAIN_ALTERNATIVE_DOMAIN_APPROVAL_REQUIRED"", ""MEDIA_RIGHTS_REVIEW_REQUIRED"", ""ALTERNATIVE_TARGET_AND_GENERAL_POOL""]",DOMAIN_APPROVED,,DOMAIN_APPROVED,BOUND_INDEPENDENT_SOURCE,"[""ELBOW""]",,,DVAR-9D87E310514D2812,,,pain_alternative_policy:DVAR-9D87E310514D2812,,,,손목 돌리기,,손목 돌리기,DERIVED_POLICY_REVIEW_REQUIRED,DVAR-9D87E310514D2812,pain_alternative_policy,pain_alternative_policy,,wrist_circles_mobility_stretch_bodyweight__hip_no_load_safe_v1,STOP_IF_DISCOMFORT_INCREASES,[],DURATION,MOBILITY,USER_DIRECT_REVIEW_2026_08_29,COMPLETED,NOT_APPLICABLE,NOT_APPLICABLE,,,,,,,,,,,,,,,,,,,,,,,USER_DIRECT_REVIEW_2026_08_29,OWNER_BATCH_CONFIRMATION,2026-08-29T00:00:00+09:00
False,discomfort-alternative-concern-resolution-v2.0.2-v1.0.0,PAIN_AREA_NO_LOAD_SAFE_VARIANT,REX-000082,seated_glute_stretch_mobility_stretch_bodyweight,MOBILITY,SEPARATE_EXERCISE_PAIN_SAFE_VARIANT,통증 Alternative target이면서 일반 운동 풀에도 포함한다.,CONCERN_RESOLUTION_POLICY_REVIEW,PAIN_ALTERNATIVE_TARGET_REVIEW_REQUIRED,exercise-catalog-v2.0.2-final,,,,15,30,BEGINNER,NO_POLICY_OVERRIDE,REVIEW_REQUIRED,둔근 스트레칭,"[""BODYWEIGHT""]",DVAR-9E51F99EBE51B94E,SEATED_GLUTE_STRETCH,"[""BEGINNER"", ""INTERMEDIATE""]",,DOMAIN_APPROVED,"{""BEGINNER"": ""FITT-MOBILITY-V1"", ""INTERMEDIATE"": ""FITT-MOBILITY-INTERMEDIATE-V1""}",SUPPORTED_SUPINE_NO_TRUNK_BRACING,FULL_BACK_AND_PELVIS_MAT_SUPPORT,[],True,INDEPENDENT_SAFE_VARIANT_GENERAL_POOL,user-name-only-v1,USER_REVIEWED_NAME_ONLY,둔근 스트레칭,False,,"[""HOME"", ""GYM""]",,둔근 스트레칭,True,"[""NO_PAIN_AREA_WEIGHT_BEARING"", ""NO_PAIN_AREA_GRIP"", ""NO_PAIN_AREA_BRACING""]",,[],"[""HIP""]",MOBILITY_STRETCH,True,SEPARATE_EXERCISE,True,,True,"[""PAIN_ALTERNATIVE_DOMAIN_APPROVAL_REQUIRED"", ""MEDIA_RIGHTS_REVIEW_REQUIRED"", ""ALTERNATIVE_TARGET_AND_GENERAL_POOL""]",DOMAIN_APPROVED,,DOMAIN_APPROVED,BOUND_INDEPENDENT_SOURCE,"[""KNEE""]",,,DVAR-9E51F99EBE51B94E,,,pain_alternative_policy:DVAR-9E51F99EBE51B94E,,,,둔근 스트레칭,,둔근 스트레칭,DERIVED_POLICY_REVIEW_REQUIRED,DVAR-9E51F99EBE51B94E,pain_alternative_policy,pain_alternative_policy,,seated_glute_stretch_mobility_stretch_bodyweight__abdomen_no_load_safe_v1,STOP_IF_DISCOMFORT_INCREASES,"[""MAT"", ""SUPPORT_CUSHION""]",DURATION,MOBILITY,USER_DIRECT_REVIEW_2026_08_29,COMPLETED,NOT_APPLICABLE,NOT_APPLICABLE,,,,,,,,,,,,,,,,,,,,,,,USER_DIRECT_REVIEW_2026_08_29,OWNER_BATCH_CONFIRMATION,2026-08-29T00:00:00+09:00
False,discomfort-alternative-concern-resolution-v2.0.2-v1.0.0,PAIN_AREA_NO_LOAD_SAFE_VARIANT,REX-000017,butterfly_adductor_stretch_mobility_stretch_bodyweight,MOBILITY,SEPARATE_EXERCISE_PAIN_SAFE_VARIANT,통증 Alternative target이면서 일반 운동 풀에도 포함한다.,CONCERN_RESOLUTION_POLICY_REVIEW,PAIN_ALTERNATIVE_TARGET_REVIEW_REQUIRED,exercise-catalog-v2.0.2-final,,,,15,30,BEGINNER,NO_POLICY_OVERRIDE,REVIEW_REQUIRED,버터플라이 스트레칭,"[""BODYWEIGHT""]",DVAR-A5660508D8559197,BUTTERFLY_ADDUCTOR_STRETCH,"[""BEGINNER"", ""INTERMEDIATE""]",,DOMAIN_APPROVED,"{""BEGINNER"": ""FITT-MOBILITY-V1"", ""INTERMEDIATE"": ""FITT-MOBILITY-INTERMEDIATE-V1""}",SUPPORTED_SUPINE_NEUTRAL_SPINE,FULL_BACK_AND_PELVIS_MAT_SUPPORT,[],True,INDEPENDENT_SAFE_VARIANT_GENERAL_POOL,user-name-only-v1,USER_REVIEWED_NAME_ONLY,버터플라이 스트레칭,False,,"[""HOME"", ""GYM""]",,버터플라이 스트레칭,True,"[""NO_PAIN_AREA_WEIGHT_BEARING"", ""NO_PAIN_AREA_GRIP"", ""NO_PAIN_AREA_BRACING""]",,[],"[""HIP""]",MOBILITY_STRETCH,True,SEPARATE_EXERCISE,True,,True,"[""PAIN_ALTERNATIVE_DOMAIN_APPROVAL_REQUIRED"", ""MEDIA_RIGHTS_REVIEW_REQUIRED"", ""ALTERNATIVE_TARGET_AND_GENERAL_POOL""]",DOMAIN_APPROVED,,DOMAIN_APPROVED,BOUND_INDEPENDENT_SOURCE,"[""KNEE""]",,,DVAR-A5660508D8559197,,,pain_alternative_policy:DVAR-A5660508D8559197,,,,버터플라이 스트레칭,,버터플라이 스트레칭,DERIVED_POLICY_REVIEW_REQUIRED,DVAR-A5660508D8559197,pain_alternative_policy,pain_alternative_policy,,butterfly_adductor_stretch_mobility_stretch_bodyweight__lower_back_no_load_safe_v1,STOP_IF_DISCOMFORT_INCREASES,"[""MAT"", ""SUPPORT_CUSHION""]",DURATION,MOBILITY,USER_DIRECT_REVIEW_2026_08_29,COMPLETED,NOT_APPLICABLE,NOT_APPLICABLE,,,,,,,,,,,,,,,,,,,,,,,USER_DIRECT_REVIEW_2026_08_29,OWNER_BATCH_CONFIRMATION,2026-08-29T00:00:00+09:00
False,discomfort-alternative-concern-resolution-v2.0.2-v1.0.0,PAIN_AREA_NO_LOAD_SAFE_VARIANT,REX-000048,overhead_triceps_stretch_mobility_stretch_bodyweight,MOBILITY,SEPARATE_EXERCISE_PAIN_SAFE_VARIANT,통증 Alternative target이면서 일반 운동 풀에도 포함한다.,CONCERN_RESOLUTION_POLICY_REVIEW,PAIN_ALTERNATIVE_TARGET_REVIEW_REQUIRED,exercise-catalog-v2.0.2-final,,,,15,30,BEGINNER,NO_POLICY_OVERRIDE,REVIEW_REQUIRED,오버헤드 삼두근 스트레칭,"[""BODYWEIGHT""]",DVAR-AB7187925CA96B5D,OVERHEAD_TRICEPS_STRETCH,"[""BEGINNER"", ""INTERMEDIATE""]",,DOMAIN_APPROVED,"{""BEGINNER"": ""FITT-MOBILITY-V1"", ""INTERMEDIATE"": ""FITT-MOBILITY-INTERMEDIATE-V1""}",SUPPORTED_SUPINE_PELVIS_NEUTRAL,FULL_BODY_MAT_AND_KNEE_BOLSTER_SUPPORT,[],True,INDEPENDENT_SAFE_VARIANT_GENERAL_POOL,user-name-only-v1,USER_REVIEWED_NAME_ONLY,오버헤드 삼두근 스트레칭,False,,"[""HOME"", ""GYM""]",,오버헤드 삼두근 스트레칭,True,"[""NO_PAIN_AREA_WEIGHT_BEARING"", ""NO_PAIN_AREA_GRIP"", ""NO_PAIN_AREA_BRACING""]",,[],"[""ELBOW""]",MOBILITY_STRETCH,True,SEPARATE_EXERCISE,True,,True,"[""PAIN_ALTERNATIVE_DOMAIN_APPROVAL_REQUIRED"", ""MEDIA_RIGHTS_REVIEW_REQUIRED"", ""ALTERNATIVE_TARGET_AND_GENERAL_POOL""]",DOMAIN_APPROVED,,DOMAIN_APPROVED,BOUND_INDEPENDENT_SOURCE,"[""SHOULDER"", ""WRIST_HAND""]",,,DVAR-AB7187925CA96B5D,,,pain_alternative_policy:DVAR-AB7187925CA96B5D,,,,오버헤드 삼두근 스트레칭,,오버헤드 삼두근 스트레칭,DERIVED_POLICY_REVIEW_REQUIRED,DVAR-AB7187925CA96B5D,pain_alternative_policy,pain_alternative_policy,,overhead_triceps_stretch_mobility_stretch_bodyweight__hip_no_load_safe_v1,STOP_IF_DISCOMFORT_INCREASES,"[""MAT"", ""SUPPORT_CUSHION""]",DURATION,MOBILITY,USER_DIRECT_REVIEW_2026_08_29,COMPLETED,NOT_APPLICABLE,NOT_APPLICABLE,,,,,,,,,,,,,,,,,,,,,,,USER_DIRECT_REVIEW_2026_08_29,OWNER_BATCH_CONFIRMATION,2026-08-29T00:00:00+09:00
False,discomfort-alternative-concern-resolution-v2.0.2-v1.0.0,PAIN_AREA_NO_LOAD_SAFE_VARIANT,REX-000101,wrist_circles_mobility_stretch_bodyweight,MOBILITY,SEPARATE_EXERCISE_PAIN_SAFE_VARIANT,통증 Alternative target이면서 일반 운동 풀에도 포함한다.,CONCERN_RESOLUTION_POLICY_REVIEW,PAIN_ALTERNATIVE_TARGET_REVIEW_REQUIRED,exercise-catalog-v2.0.2-final,,,,15,30,BEGINNER,NO_POLICY_OVERRIDE,REVIEW_REQUIRED,손목 돌리기,"[""BODYWEIGHT""]",DVAR-AC2A0EE066A11173,WRIST_CIRCLES,"[""BEGINNER"", ""INTERMEDIATE""]",,DOMAIN_APPROVED,"{""BEGINNER"": ""FITT-MOBILITY-V1"", ""INTERMEDIATE"": ""FITT-MOBILITY-INTERMEDIATE-V1""}",REVIEWED_NO_LOAD_POSTURE,REVIEWED_NO_LOAD_SUPPORT,[],True,INDEPENDENT_SAFE_VARIANT_GENERAL_POOL,user-name-only-v1,USER_REVIEWED_NAME_ONLY,손목 돌리기,False,,"[""HOME"", ""GYM""]",,손목 돌리기,True,"[""NO_PAIN_AREA_WEIGHT_BEARING"", ""NO_PAIN_AREA_GRIP"", ""NO_PAIN_AREA_BRACING""]",,[],"[""WRIST_HAND""]",MOBILITY_STRETCH,True,SEPARATE_EXERCISE,False,,True,"[""PAIN_ALTERNATIVE_DOMAIN_APPROVAL_REQUIRED"", ""MEDIA_RIGHTS_REVIEW_REQUIRED"", ""ALTERNATIVE_TARGET_AND_GENERAL_POOL""]",DOMAIN_APPROVED,,DOMAIN_APPROVED,BOUND_INDEPENDENT_SOURCE,"[""ELBOW""]",,,DVAR-AC2A0EE066A11173,,,pain_alternative_policy:DVAR-AC2A0EE066A11173,,,,손목 돌리기,,손목 돌리기,DERIVED_POLICY_REVIEW_REQUIRED,DVAR-AC2A0EE066A11173,pain_alternative_policy,pain_alternative_policy,,wrist_circles_mobility_stretch_bodyweight__knee_no_load_safe_v1,STOP_IF_DISCOMFORT_INCREASES,[],DURATION,MOBILITY,USER_DIRECT_REVIEW_2026_08_29,COMPLETED,NOT_APPLICABLE,NOT_APPLICABLE,,,,,,,,,,,,,,,,,,,,,,,USER_DIRECT_REVIEW_2026_08_29,OWNER_BATCH_CONFIRMATION,2026-08-29T00:00:00+09:00
False,discomfort-alternative-concern-resolution-v2.0.2-v1.0.0,PAIN_AREA_NO_LOAD_SAFE_VARIANT,REX-000032,dynamic_chest_stretch_mobility_stretch_bodyweight,MOBILITY,SEPARATE_EXERCISE_PAIN_SAFE_VARIANT,통증 Alternative target이면서 일반 운동 풀에도 포함한다.,CONCERN_RESOLUTION_POLICY_REVIEW,PAIN_ALTERNATIVE_TARGET_REVIEW_REQUIRED,exercise-catalog-v2.0.2-final,,,,15,30,BEGINNER,NO_POLICY_OVERRIDE,REVIEW_REQUIRED,다이내믹 가슴 스트레칭,"[""BODYWEIGHT""]",DVAR-B2924F279D12A89F,DYNAMIC_CHEST_STRETCH,"[""BEGINNER"", ""INTERMEDIATE""]",,DOMAIN_APPROVED,"{""BEGINNER"": ""FITT-MOBILITY-V1"", ""INTERMEDIATE"": ""FITT-MOBILITY-INTERMEDIATE-V1""}",SUPPORTED_SEATED_KNEES_NEUTRAL_UNWEIGHTED,BACKREST_AND_LOWER_LEG_SUPPORT,[],True,INDEPENDENT_SAFE_VARIANT_GENERAL_POOL,user-name-only-v1,USER_REVIEWED_NAME_ONLY,다이내믹 가슴 스트레칭,False,,"[""HOME"", ""GYM""]",,다이내믹 가슴 스트레칭,True,"[""NO_PAIN_AREA_WEIGHT_BEARING"", ""NO_PAIN_AREA_GRIP"", ""NO_PAIN_AREA_BRACING""]",,[],"[""CHEST""]",MOBILITY_STRETCH,True,SEPARATE_EXERCISE,True,,True,"[""PAIN_ALTERNATIVE_DOMAIN_APPROVAL_REQUIRED"", ""MEDIA_RIGHTS_REVIEW_REQUIRED"", ""ALTERNATIVE_TARGET_AND_GENERAL_POOL""]",DOMAIN_APPROVED,,DOMAIN_APPROVED,BOUND_INDEPENDENT_SOURCE,"[""SHOULDER"", ""UPPER_BACK""]",,,DVAR-B2924F279D12A89F,,,pain_alternative_policy:DVAR-B2924F279D12A89F,,,,다이내믹 가슴 스트레칭,,다이내믹 가슴 스트레칭,DERIVED_POLICY_REVIEW_REQUIRED,DVAR-B2924F279D12A89F,pain_alternative_policy,pain_alternative_policy,,dynamic_chest_stretch_mobility_stretch_bodyweight__knee_no_load_safe_v1,STOP_IF_DISCOMFORT_INCREASES,"[""PADDED_CHAIR"", ""SUPPORT_CUSHION""]",DURATION,MOBILITY,USER_DIRECT_REVIEW_2026_08_29,COMPLETED,NOT_APPLICABLE,NOT_APPLICABLE,,,,,,,,,,,,,,,,,,,,,,,USER_DIRECT_REVIEW_2026_08_29,OWNER_BATCH_CONFIRMATION,2026-08-29T00:00:00+09:00
False,discomfort-alternative-concern-resolution-v2.0.2-v1.0.0,PAIN_AREA_NO_LOAD_SAFE_VARIANT,REX-000077,runners_stretch_mobility_stretch_bodyweight,MOBILITY,SEPARATE_EXERCISE_PAIN_SAFE_VARIANT,통증 Alternative target이면서 일반 운동 풀에도 포함한다.,CONCERN_RESOLUTION_POLICY_REVIEW,PAIN_ALTERNATIVE_TARGET_REVIEW_REQUIRED,exercise-catalog-v2.0.2-final,,,,15,30,BEGINNER,NO_POLICY_OVERRIDE,REVIEW_REQUIRED,러너스 스트레칭,"[""BODYWEIGHT""]",DVAR-B7D200EC585E724E,RUNNERS_STRETCH,"[""BEGINNER"", ""INTERMEDIATE""]",,DOMAIN_APPROVED,"{""BEGINNER"": ""FITT-MOBILITY-V1"", ""INTERMEDIATE"": ""FITT-MOBILITY-INTERMEDIATE-V1""}",SUPPORTED_SUPINE_NEUTRAL_SPINE,FULL_BACK_AND_PELVIS_MAT_SUPPORT,[],True,INDEPENDENT_SAFE_VARIANT_GENERAL_POOL,user-name-only-v1,USER_REVIEWED_NAME_ONLY,러너스 스트레칭,False,,"[""HOME"", ""GYM""]",,러너스 스트레칭,True,"[""NO_PAIN_AREA_WEIGHT_BEARING"", ""NO_PAIN_AREA_GRIP"", ""NO_PAIN_AREA_BRACING""]",,[],"[""ANKLE_FOOT"", ""KNEE""]",MOBILITY_STRETCH,True,SEPARATE_EXERCISE,True,,True,"[""PAIN_ALTERNATIVE_DOMAIN_APPROVAL_REQUIRED"", ""MEDIA_RIGHTS_REVIEW_REQUIRED"", ""ALTERNATIVE_TARGET_AND_GENERAL_POOL""]",DOMAIN_APPROVED,,DOMAIN_APPROVED,BOUND_INDEPENDENT_SOURCE,"[""HIP""]",,,DVAR-B7D200EC585E724E,,,pain_alternative_policy:DVAR-B7D200EC585E724E,,,,러너스 스트레칭,,러너스 스트레칭,DERIVED_POLICY_REVIEW_REQUIRED,DVAR-B7D200EC585E724E,pain_alternative_policy,pain_alternative_policy,,runners_stretch_mobility_stretch_bodyweight__lower_back_no_load_safe_v1,STOP_IF_DISCOMFORT_INCREASES,"[""MAT"", ""SUPPORT_CUSHION""]",DURATION,MOBILITY,USER_DIRECT_REVIEW_2026_08_29,COMPLETED,NOT_APPLICABLE,NOT_APPLICABLE,,,,,,,,,,,,,,,,,,,,,,,USER_DIRECT_REVIEW_2026_08_29,OWNER_BATCH_CONFIRMATION,2026-08-29T00:00:00+09:00
False,discomfort-alternative-concern-resolution-v2.0.2-v1.0.0,PAIN_AREA_NO_LOAD_SAFE_VARIANT,REX-000034,hamstring_stretch_mobility_stretch_bodyweight,MOBILITY,SEPARATE_EXERCISE_PAIN_SAFE_VARIANT,통증 Alternative target이면서 일반 운동 풀에도 포함한다.,CONCERN_RESOLUTION_POLICY_REVIEW,PAIN_ALTERNATIVE_TARGET_REVIEW_REQUIRED,exercise-catalog-v2.0.2-final,,,,15,30,BEGINNER,NO_POLICY_OVERRIDE,REVIEW_REQUIRED,햄스트링 스트레칭,"[""BODYWEIGHT""]",DVAR-B8ECEA0A65C9CA22,HAMSTRING_STRETCH,"[""BEGINNER"", ""INTERMEDIATE""]",,DOMAIN_APPROVED,"{""BEGINNER"": ""FITT-MOBILITY-V1"", ""INTERMEDIATE"": ""FITT-MOBILITY-INTERMEDIATE-V1""}",SUPPORTED_SUPINE_HEAD_NECK_NEUTRAL,MAT_AND_HEAD_CUSHION_SUPPORT,[],True,INDEPENDENT_SAFE_VARIANT_GENERAL_POOL,user-name-only-v1,USER_REVIEWED_NAME_ONLY,햄스트링 스트레칭,False,,"[""HOME"", ""GYM""]",,햄스트링 스트레칭,True,"[""NO_PAIN_AREA_WEIGHT_BEARING"", ""NO_PAIN_AREA_GRIP"", ""NO_PAIN_AREA_BRACING""]",,[],"[""KNEE""]",MOBILITY_STRETCH,True,SEPARATE_EXERCISE,True,,True,"[""PAIN_ALTERNATIVE_DOMAIN_APPROVAL_REQUIRED"", ""MEDIA_RIGHTS_REVIEW_REQUIRED"", ""ALTERNATIVE_TARGET_AND_GENERAL_POOL""]",DOMAIN_APPROVED,,DOMAIN_APPROVED,BOUND_INDEPENDENT_SOURCE,"[""HIP""]",,,DVAR-B8ECEA0A65C9CA22,,,pain_alternative_policy:DVAR-B8ECEA0A65C9CA22,,,,햄스트링 스트레칭,,햄스트링 스트레칭,DERIVED_POLICY_REVIEW_REQUIRED,DVAR-B8ECEA0A65C9CA22,pain_alternative_policy,pain_alternative_policy,,hamstring_stretch_mobility_stretch_bodyweight__neck_no_load_safe_v1,STOP_IF_DISCOMFORT_INCREASES,"[""MAT"", ""SUPPORT_CUSHION""]",DURATION,MOBILITY,USER_DIRECT_REVIEW_2026_08_29,COMPLETED,NOT_APPLICABLE,NOT_APPLICABLE,,,,,,,,,,,,,,,,,,,,,,,USER_DIRECT_REVIEW_2026_08_29,OWNER_BATCH_CONFIRMATION,2026-08-29T00:00:00+09:00
False,discomfort-alternative-concern-resolution-v2.0.2-v1.0.0,PAIN_AREA_NO_LOAD_SAFE_VARIANT,REX-000050,peroneal_stretch_mobility_stretch_stretch_strap,MOBILITY,SEPARATE_EXERCISE_PAIN_SAFE_VARIANT,통증 Alternative target이면서 일반 운동 풀에도 포함한다.,CONCERN_RESOLUTION_POLICY_REVIEW,PAIN_ALTERNATIVE_TARGET_REVIEW_REQUIRED,exercise-catalog-v2.0.2-final,,,,15,30,INTERMEDIATE,NO_POLICY_OVERRIDE,REVIEW_REQUIRED,종아리 바깥쪽 스트레칭,"[""STRETCH_STRAP""]",DVAR-C5F648AFAEA2196E,PERONEAL_STRETCH,"[""INTERMEDIATE""]",,DOMAIN_APPROVED,"{""INTERMEDIATE"": ""FITT-MOBILITY-INTERMEDIATE-V1""}",SUPPORTED_SUPINE_NEUTRAL_SPINE,FULL_BACK_AND_PELVIS_MAT_SUPPORT,[],True,INDEPENDENT_SAFE_VARIANT_GENERAL_POOL,user-name-only-v1,USER_REVIEWED_NAME_ONLY,종아리 바깥쪽 스트레칭,False,,"[""GYM""]",,종아리 바깥쪽 스트레칭,True,"[""NO_PAIN_AREA_WEIGHT_BEARING"", ""NO_PAIN_AREA_GRIP"", ""NO_PAIN_AREA_BRACING""]",,[],"[""ANKLE_FOOT""]",MOBILITY_STRETCH,True,SEPARATE_EXERCISE,True,,True,"[""PAIN_ALTERNATIVE_DOMAIN_APPROVAL_REQUIRED"", ""MEDIA_RIGHTS_REVIEW_REQUIRED"", ""ALTERNATIVE_TARGET_AND_GENERAL_POOL""]",DOMAIN_APPROVED,,DOMAIN_APPROVED,BOUND_INDEPENDENT_SOURCE,"[""KNEE""]",,,DVAR-C5F648AFAEA2196E,,,pain_alternative_policy:DVAR-C5F648AFAEA2196E,,,,종아리 바깥쪽 스트레칭,,종아리 바깥쪽 스트레칭,DERIVED_POLICY_REVIEW_REQUIRED,DVAR-C5F648AFAEA2196E,pain_alternative_policy,pain_alternative_policy,,peroneal_stretch_mobility_stretch_stretch_strap__lower_back_no_load_safe_v1,STOP_IF_DISCOMFORT_INCREASES,"[""MAT"", ""SUPPORT_CUSHION""]",DURATION,MOBILITY,USER_DIRECT_REVIEW_2026_08_29,COMPLETED,NOT_APPLICABLE,NOT_APPLICABLE,,,,,,,,,,,,,,,,,,,,,,,USER_DIRECT_REVIEW_2026_08_29,OWNER_BATCH_CONFIRMATION,2026-08-29T00:00:00+09:00
False,discomfort-alternative-concern-resolution-v2.0.2-v1.0.0,PAIN_AREA_NO_LOAD_SAFE_VARIANT,REX-000081,seated_calf_stretch_mobility_stretch_bodyweight,MOBILITY,SEPARATE_EXERCISE_PAIN_SAFE_VARIANT,통증 Alternative target이면서 일반 운동 풀에도 포함한다.,CONCERN_RESOLUTION_POLICY_REVIEW,PAIN_ALTERNATIVE_TARGET_REVIEW_REQUIRED,exercise-catalog-v2.0.2-final,,,,15,30,BEGINNER,NO_POLICY_OVERRIDE,REVIEW_REQUIRED,종아리 스트레칭,"[""BODYWEIGHT""]",DVAR-C71E6316733CB362,SEATED_CALF_STRETCH,"[""BEGINNER"", ""INTERMEDIATE""]",,DOMAIN_APPROVED,"{""BEGINNER"": ""FITT-MOBILITY-V1"", ""INTERMEDIATE"": ""FITT-MOBILITY-INTERMEDIATE-V1""}",SUPPORTED_SUPINE_UPPER_BACK_NEUTRAL,MAT_AND_FULL_UPPER_BACK_SUPPORT,[],True,INDEPENDENT_SAFE_VARIANT_GENERAL_POOL,user-name-only-v1,USER_REVIEWED_NAME_ONLY,종아리 스트레칭,False,,"[""HOME"", ""GYM""]",,종아리 스트레칭,True,"[""NO_PAIN_AREA_WEIGHT_BEARING"", ""NO_PAIN_AREA_GRIP"", ""NO_PAIN_AREA_BRACING""]",,[],"[""ANKLE_FOOT""]",MOBILITY_STRETCH,True,SEPARATE_EXERCISE,True,,True,"[""PAIN_ALTERNATIVE_DOMAIN_APPROVAL_REQUIRED"", ""MEDIA_RIGHTS_REVIEW_REQUIRED"", ""ALTERNATIVE_TARGET_AND_GENERAL_POOL""]",DOMAIN_APPROVED,,DOMAIN_APPROVED,BOUND_INDEPENDENT_SOURCE,"[""KNEE""]",,,DVAR-C71E6316733CB362,,,pain_alternative_policy:DVAR-C71E6316733CB362,,,,종아리 스트레칭,,종아리 스트레칭,DERIVED_POLICY_REVIEW_REQUIRED,DVAR-C71E6316733CB362,pain_alternative_policy,pain_alternative_policy,,seated_calf_stretch_mobility_stretch_bodyweight__upper_back_no_load_safe_v1,STOP_IF_DISCOMFORT_INCREASES,"[""MAT"", ""SUPPORT_CUSHION""]",DURATION,MOBILITY,USER_DIRECT_REVIEW_2026_08_29,COMPLETED,NOT_APPLICABLE,NOT_APPLICABLE,,,,,,,,,,,,,,,,,,,,,,,USER_DIRECT_REVIEW_2026_08_29,OWNER_BATCH_CONFIRMATION,2026-08-29T00:00:00+09:00
False,discomfort-alternative-concern-resolution-v2.0.2-v1.0.0,PAIN_AREA_NO_LOAD_SAFE_VARIANT,REX-000045,neck_lateral_stretch_mobility_stretch_bodyweight,MOBILITY,SEPARATE_EXERCISE_PAIN_SAFE_VARIANT,통증 Alternative target이면서 일반 운동 풀에도 포함한다.,CONCERN_RESOLUTION_POLICY_REVIEW,PAIN_ALTERNATIVE_TARGET_REVIEW_REQUIRED,exercise-catalog-v2.0.2-final,,,,15,30,BEGINNER,NO_POLICY_OVERRIDE,REVIEW_REQUIRED,목 옆면 스트레칭,"[""BODYWEIGHT""]",DVAR-CA1B072FBE998AD5,NECK_LATERAL_STRETCH,"[""BEGINNER"", ""INTERMEDIATE""]",,DOMAIN_APPROVED,"{""BEGINNER"": ""FITT-MOBILITY-V1"", ""INTERMEDIATE"": ""FITT-MOBILITY-INTERMEDIATE-V1""}",SUPPORTED_SUPINE_PELVIS_NEUTRAL,FULL_BODY_MAT_AND_KNEE_BOLSTER_SUPPORT,[],True,INDEPENDENT_SAFE_VARIANT_GENERAL_POOL,user-name-only-v1,USER_REVIEWED_NAME_ONLY,목 옆면 스트레칭,False,,"[""HOME"", ""GYM""]",,목 옆면 스트레칭,True,"[""NO_PAIN_AREA_WEIGHT_BEARING"", ""NO_PAIN_AREA_GRIP"", ""NO_PAIN_AREA_BRACING""]",,[],"[""NECK""]",MOBILITY_STRETCH,True,SEPARATE_EXERCISE,True,,True,"[""PAIN_ALTERNATIVE_DOMAIN_APPROVAL_REQUIRED"", ""MEDIA_RIGHTS_REVIEW_REQUIRED"", ""ALTERNATIVE_TARGET_AND_GENERAL_POOL""]",DOMAIN_APPROVED,,DOMAIN_APPROVED,BOUND_INDEPENDENT_SOURCE,"[""SHOULDER""]",,,DVAR-CA1B072FBE998AD5,,,pain_alternative_policy:DVAR-CA1B072FBE998AD5,,,,목 옆면 스트레칭,,목 옆면 스트레칭,DERIVED_POLICY_REVIEW_REQUIRED,DVAR-CA1B072FBE998AD5,pain_alternative_policy,pain_alternative_policy,,neck_lateral_stretch_mobility_stretch_bodyweight__hip_no_load_safe_v1,STOP_IF_DISCOMFORT_INCREASES,"[""MAT"", ""SUPPORT_CUSHION""]",DURATION,MOBILITY,USER_DIRECT_REVIEW_2026_08_29,COMPLETED,NOT_APPLICABLE,NOT_APPLICABLE,,,,,,,,,,,,,,,,,,,,,,,USER_DIRECT_REVIEW_2026_08_29,OWNER_BATCH_CONFIRMATION,2026-08-29T00:00:00+09:00
False,discomfort-alternative-concern-resolution-v2.0.2-v1.0.0,PAIN_AREA_NO_LOAD_SAFE_VARIANT,REX-000005,barbell_front_raise_isolation_barbell,SHOULDERS,SEPARATE_EXERCISE_PAIN_SAFE_VARIANT,통증 Alternative target이면서 일반 운동 풀에도 포함한다.,CONCERN_RESOLUTION_POLICY_REVIEW,PAIN_ALTERNATIVE_TARGET_REVIEW_REQUIRED,exercise-catalog-v2.0.2-final,60,,3,,,BEGINNER,NO_POLICY_OVERRIDE,REVIEW_REQUIRED,바벨 프론트 레이즈,"[""BARBELL""]",DVAR-D58F02F81420FBED,BARBELL_FRONT_RAISE,"[""BEGINNER"", ""INTERMEDIATE""]",,DOMAIN_APPROVED,"{""BEGINNER"": ""FITT-ISOLATION-STRENGTH-V1"", ""INTERMEDIATE"": ""FITT-ISOLATION-STRENGTH-INTERMEDIATE-V1""}",REVIEWED_NO_LOAD_POSTURE,REVIEWED_NO_LOAD_SUPPORT,[],True,INDEPENDENT_SAFE_VARIANT_GENERAL_POOL,user-name-only-v1,USER_REVIEWED_NAME_ONLY,바벨 프론트 레이즈,False,,"[""GYM""]",,바벨 프론트 레이즈,True,"[""NO_PAIN_AREA_WEIGHT_BEARING"", ""NO_PAIN_AREA_GRIP"", ""NO_PAIN_AREA_BRACING""]",,[],"[""SHOULDER""]",ISOLATION,True,SEPARATE_EXERCISE,False,,True,"[""PAIN_ALTERNATIVE_DOMAIN_APPROVAL_REQUIRED"", ""MEDIA_RIGHTS_REVIEW_REQUIRED"", ""ALTERNATIVE_TARGET_AND_GENERAL_POOL""]",DOMAIN_APPROVED,,DOMAIN_APPROVED,BOUND_INDEPENDENT_SOURCE,"[""ELBOW""]",,,DVAR-D58F02F81420FBED,,,pain_alternative_policy:DVAR-D58F02F81420FBED,,,,바벨 프론트 레이즈,,바벨 프론트 레이즈,DERIVED_POLICY_REVIEW_REQUIRED,DVAR-D58F02F81420FBED,pain_alternative_policy,pain_alternative_policy,,barbell_front_raise_isolation_barbell__knee_no_load_safe_v1,STOP_IF_DISCOMFORT_INCREASES,[],REPS,STRENGTH,USER_DIRECT_REVIEW_2026_08_29,COMPLETED,NOT_APPLICABLE,NOT_APPLICABLE,,,,,,,,,,,,,,,,,,,,,,,USER_DIRECT_REVIEW_2026_08_29,OWNER_BATCH_CONFIRMATION,2026-08-29T00:00:00+09:00
False,discomfort-alternative-concern-resolution-v2.0.2-v1.0.0,PAIN_AREA_NO_LOAD_SAFE_VARIANT,REX-000099,wall_calf_stretch_mobility_stretch_bodyweight,MOBILITY,SEPARATE_EXERCISE_PAIN_SAFE_VARIANT,통증 Alternative target이면서 일반 운동 풀에도 포함한다.,CONCERN_RESOLUTION_POLICY_REVIEW,PAIN_ALTERNATIVE_TARGET_REVIEW_REQUIRED,exercise-catalog-v2.0.2-final,,,,15,30,BEGINNER,NO_POLICY_OVERRIDE,REVIEW_REQUIRED,종아리 스트레칭,"[""BODYWEIGHT""]",DVAR-DB658A7F33902A25,WALL_CALF_STRETCH,"[""BEGINNER"", ""INTERMEDIATE""]",,DOMAIN_APPROVED,"{""BEGINNER"": ""FITT-MOBILITY-V1"", ""INTERMEDIATE"": ""FITT-MOBILITY-INTERMEDIATE-V1""}",SUPPORTED_SUPINE_UPPER_BACK_NEUTRAL,MAT_AND_FULL_UPPER_BACK_SUPPORT,[],True,INDEPENDENT_SAFE_VARIANT_GENERAL_POOL,user-name-only-v1,USER_REVIEWED_NAME_ONLY,종아리 스트레칭,False,,"[""HOME"", ""GYM""]",,종아리 스트레칭,True,"[""NO_PAIN_AREA_WEIGHT_BEARING"", ""NO_PAIN_AREA_GRIP"", ""NO_PAIN_AREA_BRACING""]",,[],"[""ANKLE_FOOT""]",MOBILITY_STRETCH,True,SEPARATE_EXERCISE,True,,True,"[""PAIN_ALTERNATIVE_DOMAIN_APPROVAL_REQUIRED"", ""MEDIA_RIGHTS_REVIEW_REQUIRED"", ""ALTERNATIVE_TARGET_AND_GENERAL_POOL""]",DOMAIN_APPROVED,,DOMAIN_APPROVED,BOUND_INDEPENDENT_SOURCE,"[""KNEE""]",,,DVAR-DB658A7F33902A25,,,pain_alternative_policy:DVAR-DB658A7F33902A25,,,,종아리 스트레칭,,종아리 스트레칭,DERIVED_POLICY_REVIEW_REQUIRED,DVAR-DB658A7F33902A25,pain_alternative_policy,pain_alternative_policy,,wall_calf_stretch_mobility_stretch_bodyweight__upper_back_no_load_safe_v1,STOP_IF_DISCOMFORT_INCREASES,"[""MAT"", ""SUPPORT_CUSHION""]",DURATION,MOBILITY,USER_DIRECT_REVIEW_2026_08_29,COMPLETED,NOT_APPLICABLE,NOT_APPLICABLE,,,,,,,,,,,,,,,,,,,,,,,USER_DIRECT_REVIEW_2026_08_29,OWNER_BATCH_CONFIRMATION,2026-08-29T00:00:00+09:00
False,discomfort-alternative-concern-resolution-v2.0.2-v1.0.0,PAIN_AREA_NO_LOAD_SAFE_VARIANT,REX-000089,side_wrist_pull_stretch_mobility_stretch_bodyweight,MOBILITY,SEPARATE_EXERCISE_PAIN_SAFE_VARIANT,통증 Alternative target이면서 일반 운동 풀에도 포함한다.,CONCERN_RESOLUTION_POLICY_REVIEW,PAIN_ALTERNATIVE_TARGET_REVIEW_REQUIRED,exercise-catalog-v2.0.2-final,,,,15,30,BEGINNER,NO_POLICY_OVERRIDE,REVIEW_REQUIRED,손목 당기기 스트레칭,"[""BODYWEIGHT""]",DVAR-E6D026C8937BBCE6,SIDE_WRIST_PULL_STRETCH,"[""BEGINNER"", ""INTERMEDIATE""]",,DOMAIN_APPROVED,"{""BEGINNER"": ""FITT-MOBILITY-V1"", ""INTERMEDIATE"": ""FITT-MOBILITY-INTERMEDIATE-V1""}",SUPPORTED_SEATED_KNEES_NEUTRAL_UNWEIGHTED,BACKREST_AND_LOWER_LEG_SUPPORT,[],True,INDEPENDENT_SAFE_VARIANT_GENERAL_POOL,user-name-only-v1,USER_REVIEWED_NAME_ONLY,손목 당기기 스트레칭,False,,"[""HOME"", ""GYM""]",,손목 당기기 스트레칭,True,"[""NO_PAIN_AREA_WEIGHT_BEARING"", ""NO_PAIN_AREA_GRIP"", ""NO_PAIN_AREA_BRACING""]",,[],"[""WRIST_HAND""]",MOBILITY_STRETCH,True,SEPARATE_EXERCISE,True,,True,"[""PAIN_ALTERNATIVE_DOMAIN_APPROVAL_REQUIRED"", ""MEDIA_RIGHTS_REVIEW_REQUIRED"", ""ALTERNATIVE_TARGET_AND_GENERAL_POOL""]",DOMAIN_APPROVED,,DOMAIN_APPROVED,BOUND_INDEPENDENT_SOURCE,"[""ELBOW""]",,,DVAR-E6D026C8937BBCE6,,,pain_alternative_policy:DVAR-E6D026C8937BBCE6,,,,손목 당기기 스트레칭,,손목 당기기 스트레칭,DERIVED_POLICY_REVIEW_REQUIRED,DVAR-E6D026C8937BBCE6,pain_alternative_policy,pain_alternative_policy,,side_wrist_pull_stretch_mobility_stretch_bodyweight__knee_no_load_safe_v1,STOP_IF_DISCOMFORT_INCREASES,"[""PADDED_CHAIR"", ""SUPPORT_CUSHION""]",DURATION,MOBILITY,USER_DIRECT_REVIEW_2026_08_29,COMPLETED,NOT_APPLICABLE,NOT_APPLICABLE,,,,,,,,,,,,,,,,,,,,,,,USER_DIRECT_REVIEW_2026_08_29,OWNER_BATCH_CONFIRMATION,2026-08-29T00:00:00+09:00
False,discomfort-alternative-concern-resolution-v2.0.2-v1.0.0,PAIN_AREA_NO_LOAD_SAFE_VARIANT,REX-000088,side_lying_quadriceps_stretch_mobility_stretch_bodyweight,MOBILITY,SEPARATE_EXERCISE_PAIN_SAFE_VARIANT,통증 Alternative target이면서 일반 운동 풀에도 포함한다.,CONCERN_RESOLUTION_POLICY_REVIEW,PAIN_ALTERNATIVE_TARGET_REVIEW_REQUIRED,exercise-catalog-v2.0.2-final,,,,15,30,BEGINNER,NO_POLICY_OVERRIDE,REVIEW_REQUIRED,대퇴사두근 스트레칭,"[""BODYWEIGHT""]",DVAR-EA075728B904B48B,SIDE_LYING_QUADRICEPS_STRETCH,"[""BEGINNER"", ""INTERMEDIATE""]",,DOMAIN_APPROVED,"{""BEGINNER"": ""FITT-MOBILITY-V1"", ""INTERMEDIATE"": ""FITT-MOBILITY-INTERMEDIATE-V1""}",SUPPORTED_SUPINE_HEAD_NECK_NEUTRAL,MAT_AND_HEAD_CUSHION_SUPPORT,[],True,INDEPENDENT_SAFE_VARIANT_GENERAL_POOL,user-name-only-v1,USER_REVIEWED_NAME_ONLY,대퇴사두근 스트레칭,False,,"[""HOME"", ""GYM""]",,대퇴사두근 스트레칭,True,"[""NO_PAIN_AREA_WEIGHT_BEARING"", ""NO_PAIN_AREA_GRIP"", ""NO_PAIN_AREA_BRACING""]",,[],"[""KNEE""]",MOBILITY_STRETCH,True,SEPARATE_EXERCISE,True,,True,"[""PAIN_ALTERNATIVE_DOMAIN_APPROVAL_REQUIRED"", ""MEDIA_RIGHTS_REVIEW_REQUIRED"", ""ALTERNATIVE_TARGET_AND_GENERAL_POOL""]",DOMAIN_APPROVED,,DOMAIN_APPROVED,BOUND_INDEPENDENT_SOURCE,"[""HIP""]",,,DVAR-EA075728B904B48B,,,pain_alternative_policy:DVAR-EA075728B904B48B,,,,대퇴사두근 스트레칭,,대퇴사두근 스트레칭,DERIVED_POLICY_REVIEW_REQUIRED,DVAR-EA075728B904B48B,pain_alternative_policy,pain_alternative_policy,,side_lying_quadriceps_stretch_mobility_stretch_bodyweight__neck_no_load_safe_v1,STOP_IF_DISCOMFORT_INCREASES,"[""MAT"", ""SUPPORT_CUSHION""]",DURATION,MOBILITY,USER_DIRECT_REVIEW_2026_08_29,COMPLETED,NOT_APPLICABLE,NOT_APPLICABLE,,,,,,,,,,,,,,,,,,,,,,,USER_DIRECT_REVIEW_2026_08_29,OWNER_BATCH_CONFIRMATION,2026-08-29T00:00:00+09:00
False,discomfort-alternative-concern-resolution-v2.0.2-v1.0.0,PAIN_AREA_NO_LOAD_SAFE_VARIANT,REX-000029,dumbbell_shrug_isolation_dumbbell,BACK,SEPARATE_EXERCISE_PAIN_SAFE_VARIANT,통증 Alternative target이면서 일반 운동 풀에도 포함한다.,CONCERN_RESOLUTION_POLICY_REVIEW,PAIN_ALTERNATIVE_TARGET_REVIEW_REQUIRED,exercise-catalog-v2.0.2-final,60,,3,,,BEGINNER,NO_POLICY_OVERRIDE,REVIEW_REQUIRED,덤벨 슈러그,"[""DUMBBELL""]",DVAR-EB514FBF13F9433D,DUMBBELL_SHRUG,"[""BEGINNER"", ""INTERMEDIATE""]",,DOMAIN_APPROVED,"{""BEGINNER"": ""FITT-ISOLATION-STRENGTH-V1"", ""INTERMEDIATE"": ""FITT-ISOLATION-STRENGTH-INTERMEDIATE-V1""}",REVIEWED_NO_LOAD_POSTURE,REVIEWED_NO_LOAD_SUPPORT,[],True,INDEPENDENT_SAFE_VARIANT_GENERAL_POOL,user-name-only-v1,USER_REVIEWED_NAME_ONLY,덤벨 슈러그,False,,"[""HOME"", ""GYM""]",,덤벨 슈러그,True,"[""NO_PAIN_AREA_WEIGHT_BEARING"", ""NO_PAIN_AREA_GRIP"", ""NO_PAIN_AREA_BRACING""]",,[],"[""UPPER_BACK""]",ISOLATION,True,SEPARATE_EXERCISE,False,,True,"[""PAIN_ALTERNATIVE_DOMAIN_APPROVAL_REQUIRED"", ""MEDIA_RIGHTS_REVIEW_REQUIRED"", ""ALTERNATIVE_TARGET_AND_GENERAL_POOL""]",DOMAIN_APPROVED,,DOMAIN_APPROVED,BOUND_INDEPENDENT_SOURCE,"[""SHOULDER""]",,,DVAR-EB514FBF13F9433D,,,pain_alternative_policy:DVAR-EB514FBF13F9433D,,,,덤벨 슈러그,,덤벨 슈러그,DERIVED_POLICY_REVIEW_REQUIRED,DVAR-EB514FBF13F9433D,pain_alternative_policy,pain_alternative_policy,,dumbbell_shrug_isolation_dumbbell__hip_no_load_safe_v1,STOP_IF_DISCOMFORT_INCREASES,[],REPS,STRENGTH,USER_DIRECT_REVIEW_2026_08_29,COMPLETED,NOT_APPLICABLE,NOT_APPLICABLE,,,,,,,,,,,,,,,,,,,,,,,USER_DIRECT_REVIEW_2026_08_29,OWNER_BATCH_CONFIRMATION,2026-08-29T00:00:00+09:00
False,discomfort-alternative-concern-resolution-v2.0.2-v1.0.0,PAIN_AREA_NO_LOAD_SAFE_VARIANT,REX-000034,hamstring_stretch_mobility_stretch_bodyweight,MOBILITY,SEPARATE_EXERCISE_PAIN_SAFE_VARIANT,통증 Alternative target이면서 일반 운동 풀에도 포함한다.,CONCERN_RESOLUTION_POLICY_REVIEW,PAIN_ALTERNATIVE_TARGET_REVIEW_REQUIRED,exercise-catalog-v2.0.2-final,,,,15,30,BEGINNER,NO_POLICY_OVERRIDE,REVIEW_REQUIRED,햄스트링 스트레칭,"[""BODYWEIGHT""]",DVAR-EBD1C36964A0A133,HAMSTRING_STRETCH,"[""BEGINNER"", ""INTERMEDIATE""]",,DOMAIN_APPROVED,"{""BEGINNER"": ""FITT-MOBILITY-V1"", ""INTERMEDIATE"": ""FITT-MOBILITY-INTERMEDIATE-V1""}",SUPPORTED_SUPINE_ARMS_RELAXED_NO_HAND_SUPPORT,MAT_AND_LOWER_LIMB_BLOCK_SUPPORT,[],True,INDEPENDENT_SAFE_VARIANT_GENERAL_POOL,user-name-only-v1,USER_REVIEWED_NAME_ONLY,햄스트링 스트레칭,False,,"[""HOME"", ""GYM""]",,햄스트링 스트레칭,True,"[""NO_PAIN_AREA_WEIGHT_BEARING"", ""NO_PAIN_AREA_GRIP"", ""NO_PAIN_AREA_BRACING""]",,[],"[""KNEE""]",MOBILITY_STRETCH,True,SEPARATE_EXERCISE,True,,True,"[""PAIN_ALTERNATIVE_DOMAIN_APPROVAL_REQUIRED"", ""MEDIA_RIGHTS_REVIEW_REQUIRED"", ""ALTERNATIVE_TARGET_AND_GENERAL_POOL""]",DOMAIN_APPROVED,,DOMAIN_APPROVED,BOUND_INDEPENDENT_SOURCE,"[""HIP""]",,,DVAR-EBD1C36964A0A133,,,pain_alternative_policy:DVAR-EBD1C36964A0A133,,,,햄스트링 스트레칭,,햄스트링 스트레칭,DERIVED_POLICY_REVIEW_REQUIRED,DVAR-EBD1C36964A0A133,pain_alternative_policy,pain_alternative_policy,,hamstring_stretch_mobility_stretch_bodyweight__shoulder_no_load_safe_v1,STOP_IF_DISCOMFORT_INCREASES,"[""MAT"", ""SUPPORT_CUSHION""]",DURATION,MOBILITY,USER_DIRECT_REVIEW_2026_08_29,COMPLETED,NOT_APPLICABLE,NOT_APPLICABLE,,,,,,,,,,,,,,,,,,,,,,,USER_DIRECT_REVIEW_2026_08_29,OWNER_BATCH_CONFIRMATION,2026-08-29T00:00:00+09:00
False,discomfort-alternative-concern-resolution-v2.0.2-v1.0.0,PAIN_AREA_NO_LOAD_SAFE_VARIANT,REX-000016,bodyweight_standing_calf_raise_isolation_bodyweight,CALVES,SEPARATE_EXERCISE_PAIN_SAFE_VARIANT,통증 Alternative target이면서 일반 운동 풀에도 포함한다.,CONCERN_RESOLUTION_POLICY_REVIEW,PAIN_ALTERNATIVE_TARGET_REVIEW_REQUIRED,exercise-catalog-v2.0.2-final,60,,3,,,BEGINNER,NO_POLICY_OVERRIDE,REVIEW_REQUIRED,카프 레이즈,"[""BODYWEIGHT""]",DVAR-EC243CDB7A0537D3,BODYWEIGHT_STANDING_CALF_RAISE,"[""BEGINNER"", ""INTERMEDIATE""]",,DOMAIN_APPROVED,"{""BEGINNER"": ""FITT-ISOLATION-STRENGTH-V1"", ""INTERMEDIATE"": ""FITT-ISOLATION-STRENGTH-INTERMEDIATE-V1""}",REVIEWED_NO_LOAD_POSTURE,REVIEWED_NO_LOAD_SUPPORT,[],True,INDEPENDENT_SAFE_VARIANT_GENERAL_POOL,user-name-only-v1,USER_REVIEWED_NAME_ONLY,카프 레이즈,False,,"[""HOME"", ""GYM""]",,카프 레이즈,True,"[""NO_PAIN_AREA_WEIGHT_BEARING"", ""NO_PAIN_AREA_GRIP"", ""NO_PAIN_AREA_BRACING""]",,[],"[""ANKLE_FOOT""]",ISOLATION,True,SEPARATE_EXERCISE,False,,True,"[""PAIN_ALTERNATIVE_DOMAIN_APPROVAL_REQUIRED"", ""MEDIA_RIGHTS_REVIEW_REQUIRED"", ""ALTERNATIVE_TARGET_AND_GENERAL_POOL""]",DOMAIN_APPROVED,,DOMAIN_APPROVED,BOUND_INDEPENDENT_SOURCE,"[""KNEE""]",,,DVAR-EC243CDB7A0537D3,,,pain_alternative_policy:DVAR-EC243CDB7A0537D3,,,,카프 레이즈,,카프 레이즈,DERIVED_POLICY_REVIEW_REQUIRED,DVAR-EC243CDB7A0537D3,pain_alternative_policy,pain_alternative_policy,,bodyweight_standing_calf_raise_isolation_bodyweight__abdomen_no_load_safe_v1,STOP_IF_DISCOMFORT_INCREASES,[],REPS,STRENGTH,USER_DIRECT_REVIEW_2026_08_29,COMPLETED,NOT_APPLICABLE,NOT_APPLICABLE,,,,,,,,,,,,,,,,,,,,,,,USER_DIRECT_REVIEW_2026_08_29,OWNER_BATCH_CONFIRMATION,2026-08-29T00:00:00+09:00
False,discomfort-alternative-concern-resolution-v2.0.2-v1.0.0,PAIN_AREA_NO_LOAD_SAFE_VARIANT,REX-000099,wall_calf_stretch_mobility_stretch_bodyweight,MOBILITY,SEPARATE_EXERCISE_PAIN_SAFE_VARIANT,통증 Alternative target이면서 일반 운동 풀에도 포함한다.,CONCERN_RESOLUTION_POLICY_REVIEW,PAIN_ALTERNATIVE_TARGET_REVIEW_REQUIRED,exercise-catalog-v2.0.2-final,,,,15,30,BEGINNER,NO_POLICY_OVERRIDE,REVIEW_REQUIRED,종아리 스트레칭,"[""BODYWEIGHT""]",DVAR-ED6FA4BC14919A64,WALL_CALF_STRETCH,"[""BEGINNER"", ""INTERMEDIATE""]",,DOMAIN_APPROVED,"{""BEGINNER"": ""FITT-MOBILITY-V1"", ""INTERMEDIATE"": ""FITT-MOBILITY-INTERMEDIATE-V1""}",SUPPORTED_SUPINE_NEUTRAL_SPINE,FULL_BACK_AND_PELVIS_MAT_SUPPORT,[],True,INDEPENDENT_SAFE_VARIANT_GENERAL_POOL,user-name-only-v1,USER_REVIEWED_NAME_ONLY,종아리 스트레칭,False,,"[""HOME"", ""GYM""]",,종아리 스트레칭,True,"[""NO_PAIN_AREA_WEIGHT_BEARING"", ""NO_PAIN_AREA_GRIP"", ""NO_PAIN_AREA_BRACING""]",,[],"[""ANKLE_FOOT""]",MOBILITY_STRETCH,True,SEPARATE_EXERCISE,True,,True,"[""PAIN_ALTERNATIVE_DOMAIN_APPROVAL_REQUIRED"", ""MEDIA_RIGHTS_REVIEW_REQUIRED"", ""ALTERNATIVE_TARGET_AND_GENERAL_POOL""]",DOMAIN_APPROVED,,DOMAIN_APPROVED,BOUND_INDEPENDENT_SOURCE,"[""KNEE""]",,,DVAR-ED6FA4BC14919A64,,,pain_alternative_policy:DVAR-ED6FA4BC14919A64,,,,종아리 스트레칭,,종아리 스트레칭,DERIVED_POLICY_REVIEW_REQUIRED,DVAR-ED6FA4BC14919A64,pain_alternative_policy,pain_alternative_policy,,wall_calf_stretch_mobility_stretch_bodyweight__lower_back_no_load_safe_v1,STOP_IF_DISCOMFORT_INCREASES,"[""MAT"", ""SUPPORT_CUSHION""]",DURATION,MOBILITY,USER_DIRECT_REVIEW_2026_08_29,COMPLETED,NOT_APPLICABLE,NOT_APPLICABLE,,,,,,,,,,,,,,,,,,,,,,,USER_DIRECT_REVIEW_2026_08_29,OWNER_BATCH_CONFIRMATION,2026-08-29T00:00:00+09:00
False,discomfort-alternative-concern-resolution-v2.0.2-v1.0.0,PAIN_AREA_NO_LOAD_SAFE_VARIANT,REX-000096,triceps_stretch_mobility_stretch_bodyweight,MOBILITY,SEPARATE_EXERCISE_PAIN_SAFE_VARIANT,통증 Alternative target이면서 일반 운동 풀에도 포함한다.,CONCERN_RESOLUTION_POLICY_REVIEW,PAIN_ALTERNATIVE_TARGET_REVIEW_REQUIRED,exercise-catalog-v2.0.2-final,,,,15,30,BEGINNER,NO_POLICY_OVERRIDE,REVIEW_REQUIRED,삼두근 스트레칭,"[""BODYWEIGHT""]",DVAR-F21D725050DC276C,TRICEPS_STRETCH,"[""BEGINNER"", ""INTERMEDIATE""]",,DOMAIN_APPROVED,"{""BEGINNER"": ""FITT-MOBILITY-V1"", ""INTERMEDIATE"": ""FITT-MOBILITY-INTERMEDIATE-V1""}",SUPPORTED_SUPINE_PELVIS_NEUTRAL,FULL_BODY_MAT_AND_KNEE_BOLSTER_SUPPORT,[],True,INDEPENDENT_SAFE_VARIANT_GENERAL_POOL,user-name-only-v1,USER_REVIEWED_NAME_ONLY,삼두근 스트레칭,False,,"[""HOME"", ""GYM""]",,삼두근 스트레칭,True,"[""NO_PAIN_AREA_WEIGHT_BEARING"", ""NO_PAIN_AREA_GRIP"", ""NO_PAIN_AREA_BRACING""]",,[],"[""ELBOW""]",MOBILITY_STRETCH,True,SEPARATE_EXERCISE,True,,True,"[""PAIN_ALTERNATIVE_DOMAIN_APPROVAL_REQUIRED"", ""MEDIA_RIGHTS_REVIEW_REQUIRED"", ""ALTERNATIVE_TARGET_AND_GENERAL_POOL""]",DOMAIN_APPROVED,,DOMAIN_APPROVED,BOUND_INDEPENDENT_SOURCE,"[""SHOULDER"", ""WRIST_HAND""]",,,DVAR-F21D725050DC276C,,,pain_alternative_policy:DVAR-F21D725050DC276C,,,,삼두근 스트레칭,,삼두근 스트레칭,DERIVED_POLICY_REVIEW_REQUIRED,DVAR-F21D725050DC276C,pain_alternative_policy,pain_alternative_policy,,triceps_stretch_mobility_stretch_bodyweight__hip_no_load_safe_v1,STOP_IF_DISCOMFORT_INCREASES,"[""MAT"", ""SUPPORT_CUSHION""]",DURATION,MOBILITY,USER_DIRECT_REVIEW_2026_08_29,COMPLETED,NOT_APPLICABLE,NOT_APPLICABLE,,,,,,,,,,,,,,,,,,,,,,,USER_DIRECT_REVIEW_2026_08_29,OWNER_BATCH_CONFIRMATION,2026-08-29T00:00:00+09:00
False,discomfort-alternative-concern-resolution-v2.0.2-v1.0.0,PAIN_AREA_NO_LOAD_SAFE_VARIANT,REX-000088,side_lying_quadriceps_stretch_mobility_stretch_bodyweight,MOBILITY,SEPARATE_EXERCISE_PAIN_SAFE_VARIANT,통증 Alternative target이면서 일반 운동 풀에도 포함한다.,CONCERN_RESOLUTION_POLICY_REVIEW,PAIN_ALTERNATIVE_TARGET_REVIEW_REQUIRED,exercise-catalog-v2.0.2-final,,,,15,30,BEGINNER,NO_POLICY_OVERRIDE,REVIEW_REQUIRED,대퇴사두근 스트레칭,"[""BODYWEIGHT""]",DVAR-F301899E2C8978E9,SIDE_LYING_QUADRICEPS_STRETCH,"[""BEGINNER"", ""INTERMEDIATE""]",,DOMAIN_APPROVED,"{""BEGINNER"": ""FITT-MOBILITY-V1"", ""INTERMEDIATE"": ""FITT-MOBILITY-INTERMEDIATE-V1""}",SUPPORTED_SUPINE_NEUTRAL_SPINE,FULL_BACK_AND_PELVIS_MAT_SUPPORT,[],True,INDEPENDENT_SAFE_VARIANT_GENERAL_POOL,user-name-only-v1,USER_REVIEWED_NAME_ONLY,대퇴사두근 스트레칭,False,,"[""HOME"", ""GYM""]",,대퇴사두근 스트레칭,True,"[""NO_PAIN_AREA_WEIGHT_BEARING"", ""NO_PAIN_AREA_GRIP"", ""NO_PAIN_AREA_BRACING""]",,[],"[""KNEE""]",MOBILITY_STRETCH,True,SEPARATE_EXERCISE,True,,True,"[""PAIN_ALTERNATIVE_DOMAIN_APPROVAL_REQUIRED"", ""MEDIA_RIGHTS_REVIEW_REQUIRED"", ""ALTERNATIVE_TARGET_AND_GENERAL_POOL""]",DOMAIN_APPROVED,,DOMAIN_APPROVED,BOUND_INDEPENDENT_SOURCE,"[""HIP""]",,,DVAR-F301899E2C8978E9,,,pain_alternative_policy:DVAR-F301899E2C8978E9,,,,대퇴사두근 스트레칭,,대퇴사두근 스트레칭,DERIVED_POLICY_REVIEW_REQUIRED,DVAR-F301899E2C8978E9,pain_alternative_policy,pain_alternative_policy,,side_lying_quadriceps_stretch_mobility_stretch_bodyweight__lower_back_no_load_safe_v1,STOP_IF_DISCOMFORT_INCREASES,"[""MAT"", ""SUPPORT_CUSHION""]",DURATION,MOBILITY,USER_DIRECT_REVIEW_2026_08_29,COMPLETED,NOT_APPLICABLE,NOT_APPLICABLE,,,,,,,,,,,,,,,,,,,,,,,USER_DIRECT_REVIEW_2026_08_29,OWNER_BATCH_CONFIRMATION,2026-08-29T00:00:00+09:00
False,discomfort-alternative-concern-resolution-v2.0.2-v1.0.0,PAIN_AREA_NO_LOAD_SAFE_VARIANT,REX-000021,chest_front_shoulder_stretch_mobility_stretch_bodyweight,MOBILITY,SEPARATE_EXERCISE_PAIN_SAFE_VARIANT,통증 Alternative target이면서 일반 운동 풀에도 포함한다.,CONCERN_RESOLUTION_POLICY_REVIEW,PAIN_ALTERNATIVE_TARGET_REVIEW_REQUIRED,exercise-catalog-v2.0.2-final,,,,15,30,BEGINNER,NO_POLICY_OVERRIDE,REVIEW_REQUIRED,가슴·어깨 앞면 스트레칭,"[""BODYWEIGHT""]",DVAR-FA12EFDF98D0EBA8,CHEST_FRONT_SHOULDER_STRETCH,"[""BEGINNER"", ""INTERMEDIATE""]",,DOMAIN_APPROVED,"{""BEGINNER"": ""FITT-MOBILITY-V1"", ""INTERMEDIATE"": ""FITT-MOBILITY-INTERMEDIATE-V1""}",SUPPORTED_SUPINE_NEUTRAL_SPINE,FULL_BACK_AND_PELVIS_MAT_SUPPORT,[],True,INDEPENDENT_SAFE_VARIANT_GENERAL_POOL,user-name-only-v1,USER_REVIEWED_NAME_ONLY,가슴·어깨 앞면 스트레칭,False,,"[""HOME"", ""GYM""]",,가슴·어깨 앞면 스트레칭,True,"[""NO_PAIN_AREA_WEIGHT_BEARING"", ""NO_PAIN_AREA_GRIP"", ""NO_PAIN_AREA_BRACING""]",,[],"[""CHEST"", ""SHOULDER""]",MOBILITY_STRETCH,True,SEPARATE_EXERCISE,True,,True,"[""PAIN_ALTERNATIVE_DOMAIN_APPROVAL_REQUIRED"", ""MEDIA_RIGHTS_REVIEW_REQUIRED"", ""ALTERNATIVE_TARGET_AND_GENERAL_POOL""]",DOMAIN_APPROVED,,DOMAIN_APPROVED,BOUND_INDEPENDENT_SOURCE,"[""UPPER_BACK""]",,,DVAR-FA12EFDF98D0EBA8,,,pain_alternative_policy:DVAR-FA12EFDF98D0EBA8,,,,가슴·어깨 앞면 스트레칭,,가슴·어깨 앞면 스트레칭,DERIVED_POLICY_REVIEW_REQUIRED,DVAR-FA12EFDF98D0EBA8,pain_alternative_policy,pain_alternative_policy,,chest_front_shoulder_stretch_mobility_stretch_bodyweight__lower_back_no_load_safe_v1,STOP_IF_DISCOMFORT_INCREASES,"[""MAT"", ""SUPPORT_CUSHION""]",DURATION,MOBILITY,USER_DIRECT_REVIEW_2026_08_29,COMPLETED,NOT_APPLICABLE,NOT_APPLICABLE,,,,,,,,,,,,,,,,,,,,,,,USER_DIRECT_REVIEW_2026_08_29,OWNER_BATCH_CONFIRMATION,2026-08-29T00:00:00+09:00
False,discomfort-alternative-concern-resolution-v2.0.2-v1.0.0,PAIN_AREA_NO_LOAD_SAFE_VARIANT,REX-000029,dumbbell_shrug_isolation_dumbbell,BACK,SEPARATE_EXERCISE_PAIN_SAFE_VARIANT,통증 Alternative target이면서 일반 운동 풀에도 포함한다.,CONCERN_RESOLUTION_POLICY_REVIEW,PAIN_ALTERNATIVE_TARGET_REVIEW_REQUIRED,exercise-catalog-v2.0.2-final,60,,3,,,BEGINNER,NO_POLICY_OVERRIDE,REVIEW_REQUIRED,덤벨 슈러그,"[""DUMBBELL""]",DVAR-FAB7479B08EBDD54,DUMBBELL_SHRUG,"[""BEGINNER"", ""INTERMEDIATE""]",,DOMAIN_APPROVED,"{""BEGINNER"": ""FITT-ISOLATION-STRENGTH-V1"", ""INTERMEDIATE"": ""FITT-ISOLATION-STRENGTH-INTERMEDIATE-V1""}",REVIEWED_NO_LOAD_POSTURE,REVIEWED_NO_LOAD_SUPPORT,[],True,INDEPENDENT_SAFE_VARIANT_GENERAL_POOL,user-name-only-v1,USER_REVIEWED_NAME_ONLY,덤벨 슈러그,False,,"[""HOME"", ""GYM""]",,덤벨 슈러그,True,"[""NO_PAIN_AREA_WEIGHT_BEARING"", ""NO_PAIN_AREA_GRIP"", ""NO_PAIN_AREA_BRACING""]",,[],"[""UPPER_BACK""]",ISOLATION,True,SEPARATE_EXERCISE,False,,True,"[""PAIN_ALTERNATIVE_DOMAIN_APPROVAL_REQUIRED"", ""MEDIA_RIGHTS_REVIEW_REQUIRED"", ""ALTERNATIVE_TARGET_AND_GENERAL_POOL""]",DOMAIN_APPROVED,,DOMAIN_APPROVED,BOUND_INDEPENDENT_SOURCE,"[""SHOULDER""]",,,DVAR-FAB7479B08EBDD54,,,pain_alternative_policy:DVAR-FAB7479B08EBDD54,,,,덤벨 슈러그,,덤벨 슈러그,DERIVED_POLICY_REVIEW_REQUIRED,DVAR-FAB7479B08EBDD54,pain_alternative_policy,pain_alternative_policy,,dumbbell_shrug_isolation_dumbbell__knee_no_load_safe_v1,STOP_IF_DISCOMFORT_INCREASES,[],REPS,STRENGTH,USER_DIRECT_REVIEW_2026_08_29,COMPLETED,NOT_APPLICABLE,NOT_APPLICABLE,,,,,,,,,,,,,,,,,,,,,,,USER_DIRECT_REVIEW_2026_08_29,OWNER_BATCH_CONFIRMATION,2026-08-29T00:00:00+09:00
False,discomfort-alternative-concern-resolution-v2.0.2-v1.0.0,PAIN_AREA_NO_LOAD_SAFE_VARIANT,REX-000045,neck_lateral_stretch_mobility_stretch_bodyweight,MOBILITY,SEPARATE_EXERCISE_PAIN_SAFE_VARIANT,통증 Alternative target이면서 일반 운동 풀에도 포함한다.,CONCERN_RESOLUTION_POLICY_REVIEW,PAIN_ALTERNATIVE_TARGET_REVIEW_REQUIRED,exercise-catalog-v2.0.2-final,,,,15,30,BEGINNER,NO_POLICY_OVERRIDE,REVIEW_REQUIRED,목 옆면 스트레칭,"[""BODYWEIGHT""]",DVAR-FB90D94DF9793384,NECK_LATERAL_STRETCH,"[""BEGINNER"", ""INTERMEDIATE""]",,DOMAIN_APPROVED,"{""BEGINNER"": ""FITT-MOBILITY-V1"", ""INTERMEDIATE"": ""FITT-MOBILITY-INTERMEDIATE-V1""}",SUPPORTED_SEATED_KNEES_NEUTRAL_UNWEIGHTED,BACKREST_AND_LOWER_LEG_SUPPORT,[],True,INDEPENDENT_SAFE_VARIANT_GENERAL_POOL,user-name-only-v1,USER_REVIEWED_NAME_ONLY,목 옆면 스트레칭,False,,"[""HOME"", ""GYM""]",,목 옆면 스트레칭,True,"[""NO_PAIN_AREA_WEIGHT_BEARING"", ""NO_PAIN_AREA_GRIP"", ""NO_PAIN_AREA_BRACING""]",,[],"[""NECK""]",MOBILITY_STRETCH,True,SEPARATE_EXERCISE,True,,True,"[""PAIN_ALTERNATIVE_DOMAIN_APPROVAL_REQUIRED"", ""MEDIA_RIGHTS_REVIEW_REQUIRED"", ""ALTERNATIVE_TARGET_AND_GENERAL_POOL""]",DOMAIN_APPROVED,,DOMAIN_APPROVED,BOUND_INDEPENDENT_SOURCE,"[""SHOULDER""]",,,DVAR-FB90D94DF9793384,,,pain_alternative_policy:DVAR-FB90D94DF9793384,,,,목 옆면 스트레칭,,목 옆면 스트레칭,DERIVED_POLICY_REVIEW_REQUIRED,DVAR-FB90D94DF9793384,pain_alternative_policy,pain_alternative_policy,,neck_lateral_stretch_mobility_stretch_bodyweight__knee_no_load_safe_v1,STOP_IF_DISCOMFORT_INCREASES,"[""PADDED_CHAIR"", ""SUPPORT_CUSHION""]",DURATION,MOBILITY,USER_DIRECT_REVIEW_2026_08_29,COMPLETED,NOT_APPLICABLE,NOT_APPLICABLE,,,,,,,,,,,,,,,,,,,,,,,USER_DIRECT_REVIEW_2026_08_29,OWNER_BATCH_CONFIRMATION,2026-08-29T00:00:00+09:00
,,,,,MOBILITY,RETAINED_CANONICAL,기존 canonical stable code를 재정렬하지 않고 유지한다.,EXISTING_CANONICAL,ACTIVE_CANONICAL_RETAINED,exercise-catalog-v2.0.2-final,30,,,15,30,INTERMEDIATE,NO_POLICY_OVERRIDE,APPROVED,네발기기 대퇴사두근 스트레칭,"[""BODYWEIGHT""]",REX-000002,ALL_FOURS_SQUAT_STRETCH,,,RETAINED_FROM_REVIEWED_CATALOG,,,,[],,,user-name-only-v1,USER_REVIEWED_NAME_ONLY,네발기기 대퇴사두근 스트레칭,True,REX-000002,"[""HOME"", ""GYM""]",quadruped quadriceps stretch,네발기기 대퇴사두근 스트레칭,,,,"[""WARMUP"", ""COOLDOWN""]","[""KNEE"", ""HIP""]",MOBILITY_STRETCH,True,REPRESENTATIVE,True,REX-000002,True,"[""INSTRUCTION_CONTENT_REVIEW_REQUIRED"", ""INSTRUCTION_SOURCE_REFINED_FROM_IMAGE_AND_TEXT_REVIEW"", ""SOURCE_LICENSE_REVIEW_REQUIRED""]",DOMAIN_APPROVED,REX-000002,REPRESENTATIVE_SAFETY_CONTEXT,,"[""ANKLE_FOOT""]",,Aliaksandr Makatserchyk / Gym visual,1512,"Start on all fours with your hands directly under your shoulders and your knees directly under your hips. Extend one leg straight back, keeping your knee bent and your foot flexed. Slowly lower your hips towards the ground, feeling a stretch in your quads. Hold this position for 20-30 seconds. Switch legs and repeat the stretch on the other side.","[""Start on all fours with your hands directly under your shoulders and your knees directly under your hips."", ""Extend one leg straight back, keeping your knee bent and your foot flexed."", ""Slowly lower your hips towards the ground, feeling a stretch in your quads."", ""Hold this position for 20-30 seconds."", ""Switch legs and repeat the stretch on the other side.""]",gymvisual:1512,MIT,qBcKorM,image:images/1512-qBcKorM.jpg;gif:videos/1512-qBcKorM.gif,all fours squad stretch,all fours squad stretch,,RESOLVED_INTEGRATED_SOURCE,1512,gymvisual,gymvisual,https://github.com/hasaneyldrm/exercises-dataset,quadruped_quadriceps_stretch_mobility_stretch_bodyweight,,,DURATION,MOBILITY,USER_DIRECT_REVIEW_2026_08_29,COMPLETED,NOT_APPLICABLE,NOT_APPLICABLE,,2026-08-20T00:00:00+09:00,© Aliaksandr Makatserchyk - Gym visual - https://gymvisual.com/,,,,MIT,MIT License,PARTIALLY_REVIEWED,https://opensource.org/license/mit/,REVIEW_REQUIRED,© Gym visual — https://gymvisual.com/,REVIEW_REQUIRED,APPROVED_FROM_POLICY,[],,,,,,,,USER_DIRECT_REVIEW_2026_08_29,OWNER_BATCH_CONFIRMATION,2026-08-29T00:00:00+09:00
False,,,,,MOBILITY,RESTORED_LEGACY_ALTERNATIVE_TARGET,기존 Alternative target 운동을 일반 운동 풀의 대표운동으로 복원한다.,USER_DIRECT_REVIEW,ACTIVE_CANONICAL_RETAINED,exercise-catalog-v2.0.2-final,30,,,15,30,BEGINNER,NO_POLICY_OVERRIDE,APPROVED,발목 돌리기,"[""BODYWEIGHT""]",REX-000003,ANKLE_CIRCLES,,REX-000003,RETAINED_FROM_REVIEWED_CATALOG,,,,[],True,LEGACY_ALTERNATIVE_TARGET_RESTORED,user-name-only-v1,USER_REVIEWED_NAME_ONLY,발목 돌리기,True,REX-000003,"[""HOME"", ""GYM""]",ankle circles,발목 돌리기,,,,,"[""ANKLE_FOOT""]",MOBILITY_STRETCH,True,REPRESENTATIVE,True,REX-000003,True,"[""SOURCE_LICENSE_REVIEW_REQUIRED""]",DOMAIN_APPROVED,REX-000003,REPRESENTATIVE_SAFETY_CONTEXT,REVIEW_REQUIRED,"[""KNEE""]",,,1368,,,,,,,,,,RESOLVED_INTEGRATED_SOURCE,,,gymvisual,,ankle_circles_mobility_stretch_bodyweight,,[],DURATION,MOBILITY,USER_DIRECT_REVIEW_2026_08_29,COMPLETED,NOT_APPLICABLE,NOT_APPLICABLE,,,,,,,,,,,,,,,[],,,,,,,,USER_DIRECT_REVIEW_2026_08_29,OWNER_BATCH_CONFIRMATION,2026-08-29T00:00:00+09:00
False,,,,,GLUTES,RESTORED_LEGACY_ALTERNATIVE_TARGET,기존 Alternative target 운동을 일반 운동 풀의 대표운동으로 복원한다.,USER_DIRECT_REVIEW,ACTIVE_CANONICAL_RETAINED,exercise-catalog-v2.0.2-final,90,4,,15,,INTERMEDIATE,NO_POLICY_OVERRIDE,APPROVED,바벨 데드리프트,"[""BARBELL""]",REX-000004,BARBELL_DEADLIFT,,REX-000004,RETAINED_FROM_REVIEWED_CATALOG,,,,[],True,LEGACY_ALTERNATIVE_TARGET_RESTORED,user-name-only-v1,USER_REVIEWED_NAME_ONLY,바벨 데드리프트,True,REX-000004,"[""GYM""]",barbell deadlift,바벨 데드리프트,,,,,"[""HIP""]",HIP_DOMINANT,True,REPRESENTATIVE,False,REX-000004,True,"[""SOURCE_LICENSE_REVIEW_REQUIRED""]",DOMAIN_APPROVED,REX-000004,REPRESENTATIVE_SAFETY_CONTEXT,REVIEW_REQUIRED,"[""KNEE"", ""LOWER_BACK""]",,,0032,,,,,,,,,,RESOLVED_INTEGRATED_SOURCE,,,gymvisual,,barbell_deadlift_hip_dominant_barbell,,[],REPS,STRENGTH,USER_DIRECT_REVIEW_2026_08_29,COMPLETED,NOT_APPLICABLE,NOT_APPLICABLE,,,,,,,,,,,,,,,[],,,,,,,,USER_DIRECT_REVIEW_2026_08_29,OWNER_BATCH_CONFIRMATION,2026-08-29T00:00:00+09:00
,,,,,SHOULDERS,RETAINED_CANONICAL,기존 canonical stable code를 재정렬하지 않고 유지한다.,EXISTING_CANONICAL,ACTIVE_CANONICAL_RETAINED,exercise-catalog-v2.0.2-final,90,4,,15,,BEGINNER,NO_POLICY_OVERRIDE,APPROVED,바벨 프론트 레이즈,"[""BARBELL""]",REX-000005,BARBELL_FRONT_RAISE,,,RETAINED_FROM_REVIEWED_CATALOG,,,,[],,,user-name-only-v1,USER_REVIEWED_NAME_ONLY,바벨 프론트 레이즈,True,REX-000005,"[""GYM""]",barbell front raise,바벨 프론트 레이즈,,,,"[""MAIN""]","[""SHOULDER""]",ISOLATION,True,REPRESENTATIVE,False,REX-000005,True,"[""SOURCE_LICENSE_REVIEW_REQUIRED""]",DOMAIN_APPROVED,REX-000005,REPRESENTATIVE_SAFETY_CONTEXT,,"[""ELBOW""]",,Aliaksandr Makatserchyk / Gym visual,0041,"Stand with your feet shoulder-width apart and hold a barbell in front of your thighs with an overhand grip. Keep your arms straight and lift the barbell forward and upward until it reaches shoulder level. Pause for a moment at the top, then slowly lower the barbell back down to the starting position. Repeat for the desired number of repetitions.","[""Stand with your feet shoulder-width apart and hold a barbell in front of your thighs with an overhand grip."", ""Keep your arms straight and lift the barbell forward and upward until it reaches shoulder level."", ""Pause for a moment at the top, then slowly lower the barbell back down to the starting position."", ""Repeat for the desired number of repetitions.""]",gymvisual:0041,MIT,b2Uoz54,image:images/0041-b2Uoz54.jpg;gif:videos/0041-b2Uoz54.gif,barbell front raise,barbell front raise,,RESOLVED_INTEGRATED_SOURCE,0041,gymvisual,gymvisual,https://github.com/hasaneyldrm/exercises-dataset,barbell_front_raise_isolation_barbell,,,REPS,STRENGTH,USER_DIRECT_REVIEW_2026_08_29,COMPLETED,NOT_APPLICABLE,NOT_APPLICABLE,,2026-08-20T00:00:00+09:00,© Aliaksandr Makatserchyk - Gym visual - https://gymvisual.com/,,,,MIT,MIT License,PARTIALLY_REVIEWED,https://opensource.org/license/mit/,REVIEW_REQUIRED,© Gym visual — https://gymvisual.com/,REVIEW_REQUIRED,APPROVED_FROM_POLICY,[],,,,,,,,USER_DIRECT_REVIEW_2026_08_29,OWNER_BATCH_CONFIRMATION,2026-08-29T00:00:00+09:00
False,,,,,HAMSTRINGS,RESTORED_LEGACY_ALTERNATIVE_TARGET,기존 Alternative target 운동을 일반 운동 풀의 대표운동으로 복원한다.,USER_DIRECT_REVIEW,ACTIVE_CANONICAL_RETAINED,exercise-catalog-v2.0.2-final,90,4,,15,,INTERMEDIATE,NO_POLICY_OVERRIDE,APPROVED,바벨 루마니안 데드리프트,"[""BARBELL""]",REX-000007,BARBELL_STRAIGHT_LEG_DEADLIFT,,REX-000007,RETAINED_FROM_REVIEWED_CATALOG,,,,[],True,LEGACY_ALTERNATIVE_TARGET_RESTORED,user-name-only-v1,USER_REVIEWED_NAME_ONLY,바벨 루마니안 데드리프트,True,REX-000007,"[""GYM""]",barbell straight leg deadlift,바벨 루마니안 데드리프트,,,,,"[""HIP""]",HIP_DOMINANT,True,REPRESENTATIVE,False,REX-000007,True,"[""SOURCE_LICENSE_REVIEW_REQUIRED""]",DOMAIN_APPROVED,REX-000007,REPRESENTATIVE_SAFETY_CONTEXT,REVIEW_REQUIRED,"[""KNEE"", ""LOWER_BACK""]",,,0116,,,,,,,,,,RESOLVED_INTEGRATED_SOURCE,,,gymvisual,,barbell_straight_leg_deadlift_hip_dominant_barbell,,[],REPS,STRENGTH,USER_DIRECT_REVIEW_2026_08_29,COMPLETED,NOT_APPLICABLE,NOT_APPLICABLE,,,,,,,,,,,,,,,[],,,,,,,,USER_DIRECT_REVIEW_2026_08_29,OWNER_BATCH_CONFIRMATION,2026-08-29T00:00:00+09:00
False,,,,,BACK,RESTORED_LEGACY_ALTERNATIVE_TARGET,기존 Alternative target 운동을 일반 운동 풀의 대표운동으로 복원한다.,USER_DIRECT_REVIEW,ACTIVE_CANONICAL_RETAINED,exercise-catalog-v2.0.2-final,90,4,,15,,INTERMEDIATE,NO_POLICY_OVERRIDE,APPROVED,백 익스텐션,"[""BODYWEIGHT""]",REX-000008,BODYWEIGHT_BACK_EXTENSION,,REX-000008,RETAINED_FROM_REVIEWED_CATALOG,,,,[],True,LEGACY_ALTERNATIVE_TARGET_RESTORED,user-name-only-v1,USER_REVIEWED_NAME_ONLY,백 익스텐션,True,REX-000008,"[""HOME"", ""GYM""]",hyperextension,백 익스텐션,,,,,"[""LOWER_BACK""]",HIP_DOMINANT,True,REPRESENTATIVE,False,REX-000008,True,"[""SOURCE_LICENSE_REVIEW_REQUIRED""]",DOMAIN_APPROVED,REX-000008,REPRESENTATIVE_SAFETY_CONTEXT,REVIEW_REQUIRED,"[""HIP"", ""UPPER_BACK""]",,,0489,,,,,,,,,,RESOLVED_INTEGRATED_SOURCE,,,gymvisual,,bodyweight_back_extension_hip_dominant_bodyweight,,[],REPS,STRENGTH,USER_DIRECT_REVIEW_2026_08_29,COMPLETED,NOT_APPLICABLE,NOT_APPLICABLE,,,,,,,,,,,,,,,[],,,,,,,,USER_DIRECT_REVIEW_2026_08_29,OWNER_BATCH_CONFIRMATION,2026-08-29T00:00:00+09:00
False,,,,,CORE,RESTORED_LEGACY_ALTERNATIVE_TARGET,기존 Alternative target 운동을 일반 운동 풀의 대표운동으로 복원한다.,USER_DIRECT_REVIEW,ACTIVE_CANONICAL_RETAINED,exercise-catalog-v2.0.2-final,90,4,,15,,BEGINNER,BASE_CRUNCH_IS_BEGINNER,APPROVED,크런치,"[""BODYWEIGHT""]",REX-000009,BODYWEIGHT_CRUNCH,,REX-000009,RETAINED_FROM_REVIEWED_CATALOG,,,,[],True,LEGACY_ALTERNATIVE_TARGET_RESTORED,user-name-only-v1,USER_REVIEWED_NAME_ONLY,크런치,True,REX-000009,"[""HOME"", ""GYM""]",crunch floor,크런치,,,,,"[""ABDOMEN""]",CORE_BRACE,True,REPRESENTATIVE,False,REX-000009,True,"[""SOURCE_LICENSE_REVIEW_REQUIRED""]",DOMAIN_APPROVED,REX-000009,REPRESENTATIVE_SAFETY_CONTEXT,REVIEW_REQUIRED,"[""LOWER_BACK""]",,,0274,,,,,,,,,,RESOLVED_INTEGRATED_SOURCE,,,gymvisual,,bodyweight_crunch_core_brace_bodyweight,,[],REPS,STRENGTH,USER_DIRECT_REVIEW_2026_08_29,COMPLETED,NOT_APPLICABLE,NOT_APPLICABLE,,,,,,,,,,,,,,,[],,,,,,,,USER_DIRECT_REVIEW_2026_08_29,OWNER_BATCH_CONFIRMATION,2026-08-29T00:00:00+09:00
False,,,,,GLUTES,RESTORED_LEGACY_ALTERNATIVE_TARGET,기존 Alternative target 운동을 일반 운동 풀의 대표운동으로 복원한다.,USER_DIRECT_REVIEW,ACTIVE_CANONICAL_RETAINED,exercise-catalog-v2.0.2-final,90,4,,15,,BEGINNER,BASE_FORWARD_LUNGE_IS_BEGINNER,APPROVED,포워드 런지,"[""BODYWEIGHT""]",REX-000010,BODYWEIGHT_FORWARD_LUNGE,,REX-000010,RETAINED_FROM_REVIEWED_CATALOG,,,,[],True,LEGACY_ALTERNATIVE_TARGET_RESTORED,user-name-only-v1,USER_REVIEWED_NAME_ONLY,포워드 런지,True,REX-000010,"[""HOME"", ""GYM""]",forward lunge (male),포워드 런지,,,,,"[""HIP"", ""KNEE""]",KNEE_DOMINANT,True,REPRESENTATIVE,False,REX-000010,True,"[""SOURCE_LICENSE_REVIEW_REQUIRED""]",DOMAIN_APPROVED,REX-000010,REPRESENTATIVE_SAFETY_CONTEXT,REVIEW_REQUIRED,"[""ANKLE_FOOT""]",,,3470,,,,,,,,,,RESOLVED_INTEGRATED_SOURCE,,,gymvisual,,bodyweight_forward_lunge_knee_dominant_bodyweight,,[],REPS,STRENGTH,USER_DIRECT_REVIEW_2026_08_29,COMPLETED,NOT_APPLICABLE,NOT_APPLICABLE,,,,,,,,,,,,,,,[],,,,,,,,USER_DIRECT_REVIEW_2026_08_29,OWNER_BATCH_CONFIRMATION,2026-08-29T00:00:00+09:00
False,,,,,GLUTES,RESTORED_LEGACY_ALTERNATIVE_TARGET,기존 Alternative target 운동을 일반 운동 풀의 대표운동으로 복원한다.,USER_DIRECT_REVIEW,ACTIVE_CANONICAL_RETAINED,exercise-catalog-v2.0.2-final,90,4,,15,,BEGINNER,NO_POLICY_OVERRIDE,APPROVED,글루트 브리지,"[""BODYWEIGHT""]",REX-000011,BODYWEIGHT_GLUTE_BRIDGE,,REX-000011,RETAINED_FROM_REVIEWED_CATALOG,,,,[],True,LEGACY_ALTERNATIVE_TARGET_RESTORED,user-name-only-v1,USER_REVIEWED_NAME_ONLY,글루트 브리지,True,REX-000011,"[""HOME"", ""GYM""]",low glute bridge on floor,글루트 브리지,,,,,"[""HIP""]",HIP_DOMINANT,True,REPRESENTATIVE,False,REX-000011,True,"[""SOURCE_LICENSE_REVIEW_REQUIRED""]",DOMAIN_APPROVED,REX-000011,REPRESENTATIVE_SAFETY_CONTEXT,REVIEW_REQUIRED,"[""KNEE"", ""LOWER_BACK""]",,,3013,,,,,,,,,,RESOLVED_INTEGRATED_SOURCE,,,gymvisual,,bodyweight_glute_bridge_hip_dominant_bodyweight,,[],REPS,STRENGTH,USER_DIRECT_REVIEW_2026_08_29,COMPLETED,NOT_APPLICABLE,NOT_APPLICABLE,,,,,,,,,,,,,,,[],,,,,,,,USER_DIRECT_REVIEW_2026_08_29,OWNER_BATCH_CONFIRMATION,2026-08-29T00:00:00+09:00
False,,,,,CORE,RESTORED_LEGACY_ALTERNATIVE_TARGET,기존 Alternative target 운동을 일반 운동 풀의 대표운동으로 복원한다.,USER_DIRECT_REVIEW,ACTIVE_CANONICAL_RETAINED,exercise-catalog-v2.0.2-final,90,4,,15,,INTERMEDIATE,CRUNCH_VARIANTS_ARE_INTERMEDIATE,APPROVED,리버스 크런치,"[""BODYWEIGHT""]",REX-000013,BODYWEIGHT_REVERSE_CRUNCH,,REX-000013,RETAINED_FROM_REVIEWED_CATALOG,,,,[],True,LEGACY_ALTERNATIVE_TARGET_RESTORED,user-name-only-v1,USER_REVIEWED_NAME_ONLY,리버스 크런치,True,REX-000013,"[""HOME"", ""GYM""]",reverse crunch,리버스 크런치,,,,,"[""ABDOMEN""]",CORE_BRACE,True,REPRESENTATIVE,False,REX-000013,True,"[""SOURCE_LICENSE_REVIEW_REQUIRED""]",DOMAIN_APPROVED,REX-000013,REPRESENTATIVE_SAFETY_CONTEXT,REVIEW_REQUIRED,"[""LOWER_BACK""]",,,0872,,,,,,,,,,RESOLVED_INTEGRATED_SOURCE,,,gymvisual,,bodyweight_reverse_crunch_core_brace_bodyweight,,[],REPS,STRENGTH,USER_DIRECT_REVIEW_2026_08_29,COMPLETED,NOT_APPLICABLE,NOT_APPLICABLE,,,,,,,,,,,,,,,[],,,,,,,,USER_DIRECT_REVIEW_2026_08_29,OWNER_BATCH_CONFIRMATION,2026-08-29T00:00:00+09:00
,,,,,CALVES,RETAINED_CANONICAL,기존 canonical stable code를 재정렬하지 않고 유지한다.,EXISTING_CANONICAL,ACTIVE_CANONICAL_RETAINED,exercise-catalog-v2.0.2-final,90,4,,15,,BEGINNER,NO_POLICY_OVERRIDE,APPROVED,스탠딩 카프 레이즈,"[""BODYWEIGHT""]",REX-000016,BODYWEIGHT_STANDING_CALF_RAISE,,,RETAINED_FROM_REVIEWED_CATALOG,,,,[],,,user-name-only-v1,USER_REVIEWED_NAME_ONLY,스탠딩 카프 레이즈,True,REX-000016,"[""HOME"", ""GYM""]",bodyweight standing calf raise,스탠딩 카프 레이즈,,,,"[""MAIN""]","[""ANKLE_FOOT""]",ISOLATION,True,REPRESENTATIVE,False,REX-000016,True,"[""SOURCE_LICENSE_REVIEW_REQUIRED""]",DOMAIN_APPROVED,REX-000016,REPRESENTATIVE_SAFETY_CONTEXT,,"[""KNEE""]",,Aliaksandr Makatserchyk / Gym visual,1373,"Stand with your feet shoulder-width apart, toes pointing forward. Place your hands on a wall or stable surface for balance. Slowly raise your heels off the ground, lifting your body weight onto the balls of your feet. Pause for a moment at the top, then slowly lower your heels back down to the starting position. Repeat for the desired number of repetitions.","[""Stand with your feet shoulder-width apart, toes pointing forward."", ""Place your hands on a wall or stable surface for balance."", ""Slowly raise your heels off the ground, lifting your body weight onto the balls of your feet."", ""Pause for a moment at the top, then slowly lower your heels back down to the starting position."", ""Repeat for the desired number of repetitions.""]",gymvisual:1373,MIT,bJYHBIN,image:images/1373-bJYHBIN.jpg;gif:videos/1373-bJYHBIN.gif,bodyweight standing calf raise,bodyweight standing calf raise,,RESOLVED_INTEGRATED_SOURCE,1373,gymvisual,gymvisual,https://github.com/hasaneyldrm/exercises-dataset,bodyweight_standing_calf_raise_isolation_bodyweight,,,REPS,STRENGTH,USER_DIRECT_REVIEW_2026_08_29,COMPLETED,NOT_APPLICABLE,NOT_APPLICABLE,,2026-08-20T00:00:00+09:00,© Aliaksandr Makatserchyk - Gym visual - https://gymvisual.com/,,,,MIT,MIT License,PARTIALLY_REVIEWED,https://opensource.org/license/mit/,REVIEW_REQUIRED,© Gym visual — https://gymvisual.com/,REVIEW_REQUIRED,APPROVED_FROM_POLICY,[],,,,,,,,USER_DIRECT_REVIEW_2026_08_29,OWNER_BATCH_CONFIRMATION,2026-08-29T00:00:00+09:00
,,,,,MOBILITY,RETAINED_CANONICAL,기존 canonical stable code를 재정렬하지 않고 유지한다.,EXISTING_CANONICAL,ACTIVE_CANONICAL_RETAINED,exercise-catalog-v2.0.2-final,30,,,15,30,BEGINNER,NO_POLICY_OVERRIDE,APPROVED,버터플라이 스트레칭,"[""BODYWEIGHT""]",REX-000017,BUTTERFLY_ADDUCTOR_STRETCH,,,RETAINED_FROM_REVIEWED_CATALOG,,,,[],,,user-name-only-v1,USER_REVIEWED_NAME_ONLY,버터플라이 스트레칭,True,REX-000017,"[""HOME"", ""GYM""]",butterfly yoga pose,버터플라이 스트레칭,,,,"[""WARMUP"", ""COOLDOWN""]","[""HIP""]",MOBILITY_STRETCH,True,REPRESENTATIVE,True,REX-000017,True,"[""SOURCE_LICENSE_REVIEW_REQUIRED""]",DOMAIN_APPROVED,REX-000017,REPRESENTATIVE_SAFETY_CONTEXT,,"[""KNEE""]",,Aliaksandr Makatserchyk / Gym visual,1494,"Sit on the floor with your legs extended in front of you. Bend your knees and bring the soles of your feet together, allowing your knees to fall out to the sides. Hold onto your ankles or feet with your hands. Sit up tall and lengthen your spine. Gently press your knees down towards the floor, feeling a stretch in your inner thighs. Hold this position for a few breaths. To release, slowly bring your knees back up and extend your legs.","[""Sit on the floor with your legs extended in front of you."", ""Bend your knees and bring the soles of your feet together, allowing your knees to fall out to the sides."", ""Hold onto your ankles or feet with your hands."", ""Sit up tall and lengthen your spine."", ""Gently press your knees down towards the floor, feeling a stretch in your inner thighs."", ""Hold this position for a few breaths."", ""To release, slowly bring your knees back up and extend your legs.""]",gymvisual:1494,MIT,bWlZvXh,image:images/1494-bWlZvXh.jpg;gif:videos/1494-bWlZvXh.gif,butterfly yoga pose,butterfly yoga pose,,RESOLVED_INTEGRATED_SOURCE,1494,gymvisual,gymvisual,https://github.com/hasaneyldrm/exercises-dataset,butterfly_adductor_stretch_mobility_stretch_bodyweight,,,DURATION,MOBILITY,USER_DIRECT_REVIEW_2026_08_29,COMPLETED,NOT_APPLICABLE,NOT_APPLICABLE,,2026-08-20T00:00:00+09:00,© Aliaksandr Makatserchyk - Gym visual - https://gymvisual.com/,,,,MIT,MIT License,PARTIALLY_REVIEWED,https://opensource.org/license/mit/,REVIEW_REQUIRED,© Gym visual — https://gymvisual.com/,REVIEW_REQUIRED,APPROVED_FROM_POLICY,[],,,,,,,,USER_DIRECT_REVIEW_2026_08_29,OWNER_BATCH_CONFIRMATION,2026-08-29T00:00:00+09:00
False,,,,,TRICEPS,RESTORED_LEGACY_ALTERNATIVE_TARGET,기존 Alternative target 운동을 일반 운동 풀의 대표운동으로 복원한다.,USER_DIRECT_REVIEW,ACTIVE_CANONICAL_RETAINED,exercise-catalog-v2.0.2-final,90,4,,15,,INTERMEDIATE,CABLE_MACHINE_IS_INTERMEDIATE,APPROVED,케이블 트라이셉스 푸시다운 머신,"[""CABLE_MACHINE""]",REX-000019,CABLE_TRICEPS_PUSHDOWN,,REX-000019,RETAINED_FROM_REVIEWED_CATALOG,,,,[],True,LEGACY_ALTERNATIVE_TARGET_RESTORED,user-name-only-v1,USER_REVIEWED_NAME_ONLY,케이블 트라이셉스 푸시다운 머신,True,REX-000019,"[""GYM""]",cable pushdown,케이블 트라이셉스 푸시다운 머신,,,,,"[""ELBOW""]",ISOLATION,True,REPRESENTATIVE,False,REX-000019,True,"[""SOURCE_LICENSE_REVIEW_REQUIRED""]",DOMAIN_APPROVED,REX-000019,REPRESENTATIVE_SAFETY_CONTEXT,REVIEW_REQUIRED,"[""SHOULDER""]",,,0201,,,,,,,,,,RESOLVED_INTEGRATED_SOURCE,,,gymvisual,,cable_triceps_pushdown_isolation_cable_machine,,[],REPS,STRENGTH,USER_DIRECT_REVIEW_2026_08_29,COMPLETED,NOT_APPLICABLE,NOT_APPLICABLE,,,,,,,,,,,,,,,[],,,,,,,,USER_DIRECT_REVIEW_2026_08_29,OWNER_BATCH_CONFIRMATION,2026-08-29T00:00:00+09:00
,,,,,MOBILITY,RETAINED_CANONICAL,기존 canonical stable code를 재정렬하지 않고 유지한다.,EXISTING_CANONICAL,ACTIVE_CANONICAL_RETAINED,exercise-catalog-v2.0.2-final,30,,,15,30,BEGINNER,NO_POLICY_OVERRIDE,APPROVED,시티드 레그 익스텐션 스트레칭,"[""BODYWEIGHT""]",REX-000020,CHAIR_LEG_EXTENDED_STRETCH,,,RETAINED_FROM_REVIEWED_CATALOG,,,,[],,,user-name-only-v1,USER_REVIEWED_NAME_ONLY,시티드 레그 익스텐션 스트레칭,True,REX-000020,"[""HOME"", ""GYM""]",chair leg extended stretch,시티드 레그 익스텐션 스트레칭,,,,"[""WARMUP"", ""COOLDOWN""]","[""KNEE""]",MOBILITY_STRETCH,True,REPRESENTATIVE,True,REX-000020,True,"[""SOURCE_LICENSE_REVIEW_REQUIRED""]",DOMAIN_APPROVED,REX-000020,REPRESENTATIVE_SAFETY_CONTEXT,,"[""HIP""]",,Aliaksandr Makatserchyk / Gym visual,1548,"Sit on the edge of a chair with your back straight and feet flat on the ground. Extend one leg straight out in front of you, keeping your heel on the ground. Lean forward slightly, feeling a stretch in your quadriceps. Hold this position for 20-30 seconds. Switch legs and repeat the stretch.","[""Sit on the edge of a chair with your back straight and feet flat on the ground."", ""Extend one leg straight out in front of you, keeping your heel on the ground."", ""Lean forward slightly, feeling a stretch in your quadriceps."", ""Hold this position for 20-30 seconds."", ""Switch legs and repeat the stretch.""]",gymvisual:1548,MIT,xGgAGPm,image:images/1548-xGgAGPm.jpg;gif:videos/1548-xGgAGPm.gif,chair leg extended stretch,chair leg extended stretch,,RESOLVED_INTEGRATED_SOURCE,1548,gymvisual,gymvisual,https://github.com/hasaneyldrm/exercises-dataset,chair_leg_extended_stretch_mobility_stretch_bodyweight,,,DURATION,MOBILITY,USER_DIRECT_REVIEW_2026_08_29,COMPLETED,NOT_APPLICABLE,NOT_APPLICABLE,,2026-08-20T00:00:00+09:00,© Aliaksandr Makatserchyk - Gym visual - https://gymvisual.com/,,,,MIT,MIT License,PARTIALLY_REVIEWED,https://opensource.org/license/mit/,REVIEW_REQUIRED,© Gym visual — https://gymvisual.com/,REVIEW_REQUIRED,APPROVED_FROM_POLICY,[],,,,,,,,USER_DIRECT_REVIEW_2026_08_29,OWNER_BATCH_CONFIRMATION,2026-08-29T00:00:00+09:00
,,,,,MOBILITY,RETAINED_CANONICAL,기존 canonical stable code를 재정렬하지 않고 유지한다.,EXISTING_CANONICAL,ACTIVE_CANONICAL_RETAINED,exercise-catalog-v2.0.2-final,30,,,15,30,BEGINNER,NO_POLICY_OVERRIDE,APPROVED,가슴·어깨 앞면 스트레칭,"[""BODYWEIGHT""]",REX-000021,CHEST_FRONT_SHOULDER_STRETCH,,,RETAINED_FROM_REVIEWED_CATALOG,,,,[],,,user-name-only-v1,USER_REVIEWED_NAME_ONLY,가슴·어깨 앞면 스트레칭,True,REX-000021,"[""HOME"", ""GYM""]",chest and front of shoulder stretch,가슴·어깨 앞면 스트레칭,,,,"[""WARMUP"", ""COOLDOWN""]","[""CHEST"", ""SHOULDER""]",MOBILITY_STRETCH,True,REPRESENTATIVE,True,REX-000021,True,"[""SOURCE_LICENSE_REVIEW_REQUIRED""]",DOMAIN_APPROVED,REX-000021,REPRESENTATIVE_SAFETY_CONTEXT,,"[""UPPER_BACK""]",,Aliaksandr Makatserchyk / Gym visual,1271,"Stand tall with your feet shoulder-width apart. Extend your arms straight out in front of you at shoulder height. Cross your arms in front of your body, with your right arm on top of your left arm. Interlace your fingers and press your palms together. Gently squeeze your shoulder blades together and push your hands forward, feeling a stretch in your chest and front of your shoulders. Hold the stretch for 20-30 seconds, then release. Repeat for the desired number of repetitions.","[""Stand tall with your feet shoulder-width apart."", ""Extend your arms straight out in front of you at shoulder height."", ""Cross your arms in front of your body, with your right arm on top of your left arm."", ""Interlace your fingers and press your palms together."", ""Gently squeeze your shoulder blades together and push your hands forward, feeling a stretch in your chest and front of your shoulders."", ""Hold the stretch for 20-30 seconds, then release."", ""Repeat for the desired number of repetitions.""]",gymvisual:1271,MIT,Uto7l43,image:images/1271-Uto7l43.jpg;gif:videos/1271-Uto7l43.gif,chest and front of shoulder stretch,chest and front of shoulder stretch,,RESOLVED_INTEGRATED_SOURCE,1271,gymvisual,gymvisual,https://github.com/hasaneyldrm/exercises-dataset,chest_front_shoulder_stretch_mobility_stretch_bodyweight,,,DURATION,MOBILITY,USER_DIRECT_REVIEW_2026_08_29,COMPLETED,NOT_APPLICABLE,NOT_APPLICABLE,,2026-08-20T00:00:00+09:00,© Aliaksandr Makatserchyk - Gym visual - https://gymvisual.com/,,,,MIT,MIT License,PARTIALLY_REVIEWED,https://opensource.org/license/mit/,REVIEW_REQUIRED,© Gym visual — https://gymvisual.com/,REVIEW_REQUIRED,APPROVED_FROM_POLICY,[],,,,,,,,USER_DIRECT_REVIEW_2026_08_29,OWNER_BATCH_CONFIRMATION,2026-08-29T00:00:00+09:00
False,,,,,TRICEPS,RESTORED_LEGACY_ALTERNATIVE_TARGET,기존 Alternative target 운동을 일반 운동 풀의 대표운동으로 복원한다.,USER_DIRECT_REVIEW,ACTIVE_CANONICAL_RETAINED,exercise-catalog-v2.0.2-final,90,4,,15,,BEGINNER,NO_POLICY_OVERRIDE,APPROVED,클로즈 그립 푸시업,"[""BODYWEIGHT""]",REX-000022,CLOSE_GRIP_PUSH_UP,,REX-000022,RETAINED_FROM_REVIEWED_CATALOG,,,,[],True,LEGACY_ALTERNATIVE_TARGET_RESTORED,user-name-only-v1,USER_REVIEWED_NAME_ONLY,클로즈 그립 푸시업,True,REX-000022,"[""HOME"", ""GYM""]",close-grip push-up,클로즈 그립 푸시업,,,,,"[""ELBOW"", ""CHEST""]",HORIZONTAL_PUSH,True,REPRESENTATIVE,False,REX-000022,True,"[""SOURCE_LICENSE_REVIEW_REQUIRED""]",DOMAIN_APPROVED,REX-000022,REPRESENTATIVE_SAFETY_CONTEXT,REVIEW_REQUIRED,"[""SHOULDER"", ""ABDOMEN""]",,,0259,,,,,,,,,,RESOLVED_INTEGRATED_SOURCE,,,gymvisual,,close_grip_push_up_horizontal_push_bodyweight,,[],REPS,STRENGTH,USER_DIRECT_REVIEW_2026_08_29,COMPLETED,NOT_APPLICABLE,NOT_APPLICABLE,,,,,,,,,,,,,,,[],,,,,,,,USER_DIRECT_REVIEW_2026_08_29,OWNER_BATCH_CONFIRMATION,2026-08-29T00:00:00+09:00
False,,,,,QUADRICEPS,RESTORED_LEGACY_ALTERNATIVE_TARGET,기존 Alternative target 운동을 일반 운동 풀의 대표운동으로 복원한다.,USER_DIRECT_REVIEW,ACTIVE_CANONICAL_RETAINED,exercise-catalog-v2.0.2-final,90,4,,15,,BEGINNER,NO_POLICY_OVERRIDE,APPROVED,덤벨 고블릿 스쿼트,"[""DUMBBELL""]",REX-000025,DUMBBELL_GOBLET_SQUAT,,REX-000025,RETAINED_FROM_REVIEWED_CATALOG,,,,[],True,LEGACY_ALTERNATIVE_TARGET_RESTORED,user-name-only-v1,USER_REVIEWED_NAME_ONLY,덤벨 고블릿 스쿼트,True,REX-000025,"[""HOME"", ""GYM""]",dumbbell goblet squat,덤벨 고블릿 스쿼트,,,,,"[""KNEE"", ""HIP""]",KNEE_DOMINANT,True,REPRESENTATIVE,False,REX-000025,True,"[""SOURCE_LICENSE_REVIEW_REQUIRED""]",DOMAIN_APPROVED,REX-000025,REPRESENTATIVE_SAFETY_CONTEXT,REVIEW_REQUIRED,"[""ANKLE_FOOT""]",,,1760,,,,,,,,,,RESOLVED_INTEGRATED_SOURCE,,,gymvisual,,dumbbell_goblet_squat_knee_dominant_dumbbell,,[],REPS,STRENGTH,USER_DIRECT_REVIEW_2026_08_29,COMPLETED,NOT_APPLICABLE,NOT_APPLICABLE,,,,,,,,,,,,,,,[],,,,,,,,USER_DIRECT_REVIEW_2026_08_29,OWNER_BATCH_CONFIRMATION,2026-08-29T00:00:00+09:00
False,,,,,SHOULDERS,RESTORED_LEGACY_ALTERNATIVE_TARGET,기존 Alternative target 운동을 일반 운동 풀의 대표운동으로 복원한다.,USER_DIRECT_REVIEW,ACTIVE_CANONICAL_RETAINED,exercise-catalog-v2.0.2-final,90,4,,15,,BEGINNER,NO_POLICY_OVERRIDE,APPROVED,덤벨 레터럴 레이즈,"[""DUMBBELL""]",REX-000026,DUMBBELL_LATERAL_RAISE,,REX-000026,RETAINED_FROM_REVIEWED_CATALOG,,,,[],True,LEGACY_ALTERNATIVE_TARGET_RESTORED,user-name-only-v1,USER_REVIEWED_NAME_ONLY,덤벨 레터럴 레이즈,True,REX-000026,"[""HOME"", ""GYM""]",dumbbell lateral raise,덤벨 레터럴 레이즈,,,,,"[""SHOULDER""]",ISOLATION,True,REPRESENTATIVE,False,REX-000026,True,"[""SOURCE_LICENSE_REVIEW_REQUIRED""]",DOMAIN_APPROVED,REX-000026,REPRESENTATIVE_SAFETY_CONTEXT,REVIEW_REQUIRED,"[""ELBOW""]",,,0334,,,,,,,,,,RESOLVED_INTEGRATED_SOURCE,,,gymvisual,,dumbbell_lateral_raise_isolation_dumbbell,,[],REPS,STRENGTH,USER_DIRECT_REVIEW_2026_08_29,COMPLETED,NOT_APPLICABLE,NOT_APPLICABLE,,,,,,,,,,,,,,,[],,,,,,,,USER_DIRECT_REVIEW_2026_08_29,OWNER_BATCH_CONFIRMATION,2026-08-29T00:00:00+09:00
False,,,,,BICEPS,RESTORED_LEGACY_ALTERNATIVE_TARGET,기존 Alternative target 운동을 일반 운동 풀의 대표운동으로 복원한다.,USER_DIRECT_REVIEW,ACTIVE_CANONICAL_RETAINED,exercise-catalog-v2.0.2-final,90,4,,15,,BEGINNER,NO_POLICY_OVERRIDE,APPROVED,덤벨 프리처 컬,"[""DUMBBELL""]",REX-000027,DUMBBELL_PREACHER_CURL,,REX-000027,RETAINED_FROM_REVIEWED_CATALOG,,,,[],True,LEGACY_ALTERNATIVE_TARGET_RESTORED,user-name-only-v1,USER_REVIEWED_NAME_ONLY,덤벨 프리처 컬,True,REX-000027,"[""HOME"", ""GYM""]",dumbbell preacher curl,덤벨 프리처 컬,,,,,"[""ELBOW""]",ISOLATION,True,REPRESENTATIVE,False,REX-000027,True,"[""SOURCE_LICENSE_REVIEW_REQUIRED""]",DOMAIN_APPROVED,REX-000027,REPRESENTATIVE_SAFETY_CONTEXT,REVIEW_REQUIRED,"[""WRIST_HAND""]",,,0372,,,,,,,,,,RESOLVED_INTEGRATED_SOURCE,,,gymvisual,,dumbbell_preacher_curl_isolation_dumbbell,,[],REPS,STRENGTH,USER_DIRECT_REVIEW_2026_08_29,COMPLETED,NOT_APPLICABLE,NOT_APPLICABLE,,,,,,,,,,,,,,,[],,,,,,,,USER_DIRECT_REVIEW_2026_08_29,OWNER_BATCH_CONFIRMATION,2026-08-29T00:00:00+09:00
False,,,,,SHOULDERS,RESTORED_LEGACY_ALTERNATIVE_TARGET,기존 Alternative target 운동을 일반 운동 풀의 대표운동으로 복원한다.,USER_DIRECT_REVIEW,ACTIVE_CANONICAL_RETAINED,exercise-catalog-v2.0.2-final,90,4,,15,,BEGINNER,NO_POLICY_OVERRIDE,APPROVED,덤벨 리어 델트 플라이,"[""DUMBBELL""]",REX-000028,DUMBBELL_REAR_FLY,,REX-000028,RETAINED_FROM_REVIEWED_CATALOG,,,,[],True,LEGACY_ALTERNATIVE_TARGET_RESTORED,user-name-only-v1,USER_REVIEWED_NAME_ONLY,덤벨 리어 델트 플라이,True,REX-000028,"[""HOME"", ""GYM""]",dumbbell rear fly,덤벨 리어 델트 플라이,,,,,"[""SHOULDER""]",ISOLATION,True,REPRESENTATIVE,False,REX-000028,True,"[""SOURCE_LICENSE_REVIEW_REQUIRED""]",DOMAIN_APPROVED,REX-000028,REPRESENTATIVE_SAFETY_CONTEXT,REVIEW_REQUIRED,"[""UPPER_BACK""]",,,0378,,,,,,,,,,RESOLVED_INTEGRATED_SOURCE,,,gymvisual,,dumbbell_rear_fly_isolation_dumbbell,,[],REPS,STRENGTH,USER_DIRECT_REVIEW_2026_08_29,COMPLETED,NOT_APPLICABLE,NOT_APPLICABLE,,,,,,,,,,,,,,,[],,,,,,,,USER_DIRECT_REVIEW_2026_08_29,OWNER_BATCH_CONFIRMATION,2026-08-29T00:00:00+09:00
,,,,,BACK,RETAINED_CANONICAL,기존 canonical stable code를 재정렬하지 않고 유지한다.,EXISTING_CANONICAL,ACTIVE_CANONICAL_RETAINED,exercise-catalog-v2.0.2-final,90,4,,15,,BEGINNER,NO_POLICY_OVERRIDE,APPROVED,덤벨 슈러그,"[""DUMBBELL""]",REX-000029,DUMBBELL_SHRUG,,,RETAINED_FROM_REVIEWED_CATALOG,,,,[],,,user-name-only-v1,USER_REVIEWED_NAME_ONLY,덤벨 슈러그,True,REX-000029,"[""HOME"", ""GYM""]",dumbbell shrug,덤벨 슈러그,,,,"[""MAIN""]","[""UPPER_BACK""]",ISOLATION,True,REPRESENTATIVE,False,REX-000029,True,"[""SOURCE_LICENSE_REVIEW_REQUIRED""]",DOMAIN_APPROVED,REX-000029,REPRESENTATIVE_SAFETY_CONTEXT,,"[""SHOULDER""]",,Aliaksandr Makatserchyk / Gym visual,0406,"Stand with your feet shoulder-width apart and hold a dumbbell in each hand with your palms facing your body. Keep your arms straight and let the dumbbells hang by your sides. Raise your shoulders as high as possible, as if you are trying to touch your ears with your shoulders. Hold the contraction for a second, then slowly lower your shoulders back down to the starting position. Repeat for the desired number of repetitions.","[""Stand with your feet shoulder-width apart and hold a dumbbell in each hand with your palms facing your body."", ""Keep your arms straight and let the dumbbells hang by your sides."", ""Raise your shoulders as high as possible, as if you are trying to touch your ears with your shoulders."", ""Hold the contraction for a second, then slowly lower your shoulders back down to the starting position."", ""Repeat for the desired number of repetitions.""]",gymvisual:0406,MIT,NJzBsGJ,image:images/0406-NJzBsGJ.jpg;gif:videos/0406-NJzBsGJ.gif,dumbbell shrug,dumbbell shrug,,RESOLVED_INTEGRATED_SOURCE,0406,gymvisual,gymvisual,https://github.com/hasaneyldrm/exercises-dataset,dumbbell_shrug_isolation_dumbbell,,,REPS,STRENGTH,USER_DIRECT_REVIEW_2026_08_29,COMPLETED,NOT_APPLICABLE,NOT_APPLICABLE,,2026-08-20T00:00:00+09:00,© Aliaksandr Makatserchyk - Gym visual - https://gymvisual.com/,,,,MIT,MIT License,PARTIALLY_REVIEWED,https://opensource.org/license/mit/,REVIEW_REQUIRED,© Gym visual — https://gymvisual.com/,REVIEW_REQUIRED,APPROVED_FROM_POLICY,[],,,,,,,,USER_DIRECT_REVIEW_2026_08_29,OWNER_BATCH_CONFIRMATION,2026-08-29T00:00:00+09:00
,,,,,BICEPS,RETAINED_CANONICAL,기존 canonical stable code를 재정렬하지 않고 유지한다.,EXISTING_CANONICAL,ACTIVE_CANONICAL_RETAINED,exercise-catalog-v2.0.2-final,90,4,,15,,BEGINNER,NO_POLICY_OVERRIDE,APPROVED,덤벨 바이셉스 컬,"[""DUMBBELL""]",REX-000030,DUMBBELL_STANDING_CURL,,,RETAINED_FROM_REVIEWED_CATALOG,,,,[],,,user-name-only-v1,USER_REVIEWED_NAME_ONLY,덤벨 바이셉스 컬,True,REX-000030,"[""HOME"", ""GYM""]",dumbbell standing biceps curl,덤벨 바이셉스 컬,,,,"[""MAIN""]","[""ELBOW""]",ISOLATION,True,REPRESENTATIVE,False,REX-000030,True,"[""SOURCE_LICENSE_REVIEW_REQUIRED""]",DOMAIN_APPROVED,REX-000030,REPRESENTATIVE_SAFETY_CONTEXT,,"[""WRIST_HAND""]",,Aliaksandr Makatserchyk / Gym visual,0416,"Stand up straight with a dumbbell in each hand, palms facing forward and arms fully extended. Keeping your upper arms stationary, exhale and curl the weights while contracting your biceps. Continue to raise the dumbbells until your biceps are fully contracted and the dumbbells are at shoulder level. Hold the contracted position for a brief pause as you squeeze your biceps. Inhale and slowly begin to lower the dumbbells back to the starting position. Repeat for the desired number of repetitions.","[""Stand up straight with a dumbbell in each hand, palms facing forward and arms fully extended."", ""Keeping your upper arms stationary, exhale and curl the weights while contracting your biceps."", ""Continue to raise the dumbbells until your biceps are fully contracted and the dumbbells are at shoulder level."", ""Hold the contracted position for a brief pause as you squeeze your biceps."", ""Inhale and slowly begin to lower the dumbbells back to the starting position."", ""Repeat for the desired number of repetitions.""]",gymvisual:0416,MIT,3s4NnTh,image:images/0416-3s4NnTh.jpg;gif:videos/0416-3s4NnTh.gif,dumbbell standing biceps curl,dumbbell standing biceps curl,,RESOLVED_INTEGRATED_SOURCE,0416,gymvisual,gymvisual,https://github.com/hasaneyldrm/exercises-dataset,dumbbell_standing_curl_isolation_dumbbell,,,REPS,STRENGTH,USER_DIRECT_REVIEW_2026_08_29,COMPLETED,NOT_APPLICABLE,NOT_APPLICABLE,,2026-08-20T00:00:00+09:00,© Aliaksandr Makatserchyk - Gym visual - https://gymvisual.com/,,,,MIT,MIT License,PARTIALLY_REVIEWED,https://opensource.org/license/mit/,REVIEW_REQUIRED,© Gym visual — https://gymvisual.com/,REVIEW_REQUIRED,APPROVED_FROM_POLICY,[],,,,,,,,USER_DIRECT_REVIEW_2026_08_29,OWNER_BATCH_CONFIRMATION,2026-08-29T00:00:00+09:00
False,,,,,QUADRICEPS,RESTORED_LEGACY_ALTERNATIVE_TARGET,기존 Alternative target 운동을 일반 운동 풀의 대표운동으로 복원한다.,USER_DIRECT_REVIEW,ACTIVE_CANONICAL_RETAINED,exercise-catalog-v2.0.2-final,90,4,,15,,INTERMEDIATE,NO_POLICY_OVERRIDE,APPROVED,덤벨 스텝업 런지,"[""DUMBBELL"", ""STEP_BOX""]",REX-000031,DUMBBELL_STEP_UP_LUNGE,,REX-000031,RETAINED_FROM_REVIEWED_CATALOG,,,,[],True,LEGACY_ALTERNATIVE_TARGET_RESTORED,user-name-only-v1,USER_REVIEWED_NAME_ONLY,덤벨 스텝업 런지,True,REX-000031,"[""HOME"", ""GYM""]",dumbbell step-up lunge,덤벨 스텝업 런지,,,,,"[""KNEE"", ""HIP""]",KNEE_DOMINANT,True,REPRESENTATIVE,False,REX-000031,True,"[""SOURCE_LICENSE_REVIEW_REQUIRED""]",DOMAIN_APPROVED,REX-000031,REPRESENTATIVE_SAFETY_CONTEXT,REVIEW_REQUIRED,"[""ANKLE_FOOT""]",,,2796,,,,,,,,,,RESOLVED_INTEGRATED_SOURCE,,,gymvisual,,dumbbell_step_up_lunge_knee_dominant_dumbbell_step_box,,[],REPS,STRENGTH,USER_DIRECT_REVIEW_2026_08_29,COMPLETED,NOT_APPLICABLE,NOT_APPLICABLE,,,,,,,,,,,,,,,[],,,,,,,,USER_DIRECT_REVIEW_2026_08_29,OWNER_BATCH_CONFIRMATION,2026-08-29T00:00:00+09:00
,,,,,MOBILITY,RETAINED_CANONICAL,기존 canonical stable code를 재정렬하지 않고 유지한다.,EXISTING_CANONICAL,ACTIVE_CANONICAL_RETAINED,exercise-catalog-v2.0.2-final,30,,,15,30,BEGINNER,NO_POLICY_OVERRIDE,APPROVED,다이내믹 가슴 스트레칭,"[""BODYWEIGHT""]",REX-000032,DYNAMIC_CHEST_STRETCH,,,RETAINED_FROM_REVIEWED_CATALOG,,,,[],,,user-name-only-v1,USER_REVIEWED_NAME_ONLY,다이내믹 가슴 스트레칭,True,REX-000032,"[""HOME"", ""GYM""]",dynamic chest stretch (male),다이내믹 가슴 스트레칭,,,,"[""WARMUP"", ""COOLDOWN""]","[""CHEST""]",MOBILITY_STRETCH,True,REPRESENTATIVE,True,REX-000032,True,"[""SOURCE_LICENSE_REVIEW_REQUIRED""]",DOMAIN_APPROVED,REX-000032,REPRESENTATIVE_SAFETY_CONTEXT,,"[""SHOULDER"", ""UPPER_BACK""]",,Aliaksandr Makatserchyk / Gym visual,1167,"Stand tall with your feet shoulder-width apart. Extend your arms straight out to the sides, parallel to the ground. Slowly bring your arms forward, crossing them in front of your body. Feel the stretch in your chest muscles. Hold the stretch for 10-30 seconds. Return to the starting position and repeat for the desired number of repetitions.","[""Stand tall with your feet shoulder-width apart."", ""Extend your arms straight out to the sides, parallel to the ground."", ""Slowly bring your arms forward, crossing them in front of your body."", ""Feel the stretch in your chest muscles."", ""Hold the stretch for 10-30 seconds."", ""Return to the starting position and repeat for the desired number of repetitions.""]",gymvisual:1167,MIT,3uj0Ozg,image:images/1167-3uj0Ozg.jpg;gif:videos/1167-3uj0Ozg.gif,dynamic chest stretch (male),dynamic chest stretch (male),,RESOLVED_INTEGRATED_SOURCE,1167,gymvisual,gymvisual,https://github.com/hasaneyldrm/exercises-dataset,dynamic_chest_stretch_mobility_stretch_bodyweight,,,DURATION,MOBILITY,USER_DIRECT_REVIEW_2026_08_29,COMPLETED,NOT_APPLICABLE,NOT_APPLICABLE,,2026-08-20T00:00:00+09:00,© Aliaksandr Makatserchyk - Gym visual - https://gymvisual.com/,,,,MIT,MIT License,PARTIALLY_REVIEWED,https://opensource.org/license/mit/,REVIEW_REQUIRED,© Gym visual — https://gymvisual.com/,REVIEW_REQUIRED,APPROVED_FROM_POLICY,[],,,,,,,,USER_DIRECT_REVIEW_2026_08_29,OWNER_BATCH_CONFIRMATION,2026-08-29T00:00:00+09:00
,,,,,MOBILITY,RETAINED_CANONICAL,기존 canonical stable code를 재정렬하지 않고 유지한다.,EXISTING_CANONICAL,ACTIVE_CANONICAL_RETAINED,exercise-catalog-v2.0.2-final,30,,,15,30,INTERMEDIATE,NO_POLICY_OVERRIDE,APPROVED,짐볼 고관절 스트레칭,"[""STABILITY_BALL""]",REX-000033,EXERCISE_BALL_HIP_FLEXOR_STRETCH,,,RETAINED_FROM_REVIEWED_CATALOG,,,,[],,,user-name-only-v1,USER_REVIEWED_NAME_ONLY,짐볼 고관절 스트레칭,True,REX-000033,"[""GYM""]",exercise ball hip flexor stretch,짐볼 고관절 스트레칭,,,,"[""WARMUP"", ""COOLDOWN""]","[""HIP""]",MOBILITY_STRETCH,True,REPRESENTATIVE,True,REX-000033,True,"[""SOURCE_LICENSE_REVIEW_REQUIRED""]",DOMAIN_APPROVED,REX-000033,REPRESENTATIVE_SAFETY_CONTEXT,,"[""LOWER_BACK""]",,Aliaksandr Makatserchyk / Gym visual,1559,"Place the stability ball on the ground and kneel in front of it. Place your right foot on top of the stability ball, with your knee bent at a 90-degree angle. Extend your left leg behind you, keeping it straight. Lean forward, pushing your hips towards the stability ball, until you feel a stretch in your right hip flexor. Hold the stretch for 20-30 seconds, then switch sides and repeat.","[""Place the stability ball on the ground and kneel in front of it."", ""Place your right foot on top of the stability ball, with your knee bent at a 90-degree angle."", ""Extend your left leg behind you, keeping it straight."", ""Lean forward, pushing your hips towards the stability ball, until you feel a stretch in your right hip flexor."", ""Hold the stretch for 20-30 seconds, then switch sides and repeat.""]",gymvisual:1559,MIT,2LQkNPW,image:images/1559-2LQkNPW.jpg;gif:videos/1559-2LQkNPW.gif,exercise ball hip flexor stretch,exercise ball hip flexor stretch,,RESOLVED_INTEGRATED_SOURCE,1559,gymvisual,gymvisual,https://github.com/hasaneyldrm/exercises-dataset,exercise_ball_hip_flexor_stretch_mobility_stretch_stability_ball,,,DURATION,MOBILITY,USER_DIRECT_REVIEW_2026_08_29,COMPLETED,NOT_APPLICABLE,NOT_APPLICABLE,,2026-08-20T00:00:00+09:00,© Aliaksandr Makatserchyk - Gym visual - https://gymvisual.com/,,,,MIT,MIT License,PARTIALLY_REVIEWED,https://opensource.org/license/mit/,REVIEW_REQUIRED,© Gym visual — https://gymvisual.com/,REVIEW_REQUIRED,APPROVED_FROM_POLICY,[],,,,,,,,USER_DIRECT_REVIEW_2026_08_29,OWNER_BATCH_CONFIRMATION,2026-08-29T00:00:00+09:00
,,,,,MOBILITY,RETAINED_CANONICAL,기존 canonical stable code를 재정렬하지 않고 유지한다.,EXISTING_CANONICAL,ACTIVE_CANONICAL_RETAINED,exercise-catalog-v2.0.2-final,30,,,15,30,BEGINNER,NO_POLICY_OVERRIDE,APPROVED,햄스트링 스트레칭,"[""BODYWEIGHT""]",REX-000034,HAMSTRING_STRETCH,,,RETAINED_FROM_REVIEWED_CATALOG,,,,[],,,user-name-only-v1,USER_REVIEWED_NAME_ONLY,햄스트링 스트레칭,True,REX-000034,"[""HOME"", ""GYM""]",hamstring stretch,햄스트링 스트레칭,,,,"[""WARMUP"", ""COOLDOWN""]","[""KNEE""]",MOBILITY_STRETCH,True,REPRESENTATIVE,True,REX-000034,True,"[""SOURCE_LICENSE_REVIEW_REQUIRED""]",DOMAIN_APPROVED,REX-000034,REPRESENTATIVE_SAFETY_CONTEXT,,"[""HIP""]",,Aliaksandr Makatserchyk / Gym visual,1511,"Stand with your feet shoulder-width apart. Step forward with your right foot and shift your weight onto your right leg. Keeping your back straight, slowly bend forward at the hips, reaching towards your right foot with both hands. Hold the stretch for 20-30 seconds, then return to the starting position. Repeat on the other side.","[""Stand with your feet shoulder-width apart."", ""Step forward with your right foot and shift your weight onto your right leg."", ""Keeping your back straight, slowly bend forward at the hips, reaching towards your right foot with both hands."", ""Hold the stretch for 20-30 seconds, then return to the starting position."", ""Repeat on the other side.""]",gymvisual:1511,MIT,99rWm7w,image:images/1511-99rWm7w.jpg;gif:videos/1511-99rWm7w.gif,hamstring stretch,hamstring stretch,,RESOLVED_INTEGRATED_SOURCE,1511,gymvisual,gymvisual,https://github.com/hasaneyldrm/exercises-dataset,hamstring_stretch_mobility_stretch_bodyweight,,,DURATION,MOBILITY,USER_DIRECT_REVIEW_2026_08_29,COMPLETED,NOT_APPLICABLE,NOT_APPLICABLE,,2026-08-20T00:00:00+09:00,© Aliaksandr Makatserchyk - Gym visual - https://gymvisual.com/,,,,MIT,MIT License,PARTIALLY_REVIEWED,https://opensource.org/license/mit/,REVIEW_REQUIRED,© Gym visual — https://gymvisual.com/,REVIEW_REQUIRED,APPROVED_FROM_POLICY,"[""NEX-000135""]",,,,,,,,USER_DIRECT_REVIEW_2026_08_29,OWNER_BATCH_CONFIRMATION,2026-08-29T00:00:00+09:00
False,,,,,FOREARMS,RESTORED_LEGACY_ALTERNATIVE_TARGET,기존 Alternative target 운동을 일반 운동 풀의 대표운동으로 복원한다.,USER_DIRECT_REVIEW,ACTIVE_CANONICAL_RETAINED,exercise-catalog-v2.0.2-final,90,4,,15,,BEGINNER,NO_POLICY_OVERRIDE,APPROVED,손 악력 쥐기,"[""HOUSEHOLD_WEIGHT""]",REX-000035,HAND_GRIP_SQUEEZE,,REX-000035,RETAINED_FROM_REVIEWED_CATALOG,,,,[],True,LEGACY_ALTERNATIVE_TARGET_RESTORED,user-name-only-v1,USER_REVIEWED_NAME_ONLY,손 악력 쥐기,True,REX-000035,"[""HOME"", ""GYM""]",weighted standing hand squeeze,손 악력 쥐기,,,,,"[""WRIST_HAND""]",ISOLATION,True,REPRESENTATIVE,False,REX-000035,True,"[""SOURCE_LICENSE_REVIEW_REQUIRED""]",DOMAIN_APPROVED,REX-000035,REPRESENTATIVE_SAFETY_CONTEXT,REVIEW_REQUIRED,"[""ELBOW""]",,,0854,,,,,,,,,,RESOLVED_INTEGRATED_SOURCE,,,gymvisual,,hand_grip_squeeze_isolation_household_weight,,[],REPS,STRENGTH,USER_DIRECT_REVIEW_2026_08_29,COMPLETED,NOT_APPLICABLE,NOT_APPLICABLE,,,,,,,,,,,,,,,[],,,,,,,,USER_DIRECT_REVIEW_2026_08_29,OWNER_BATCH_CONFIRMATION,2026-08-29T00:00:00+09:00
,,,,,MOBILITY,RETAINED_CANONICAL,기존 canonical stable code를 재정렬하지 않고 유지한다.,EXISTING_CANONICAL,ACTIVE_CANONICAL_RETAINED,exercise-catalog-v2.0.2-final,30,,,15,30,INTERMEDIATE,NO_POLICY_OVERRIDE,APPROVED,고관절 굴근·대퇴사두근 스트레칭,"[""STRETCH_STRAP""]",REX-000036,HIP_FLEXOR_QUADRICEPS_STRETCH,,,RETAINED_FROM_REVIEWED_CATALOG,,,,[],,,user-name-only-v1,USER_REVIEWED_NAME_ONLY,고관절 굴근·대퇴사두근 스트레칭,True,REX-000036,"[""GYM""]",intermediate hip flexor and quad stretch,고관절 굴근·대퇴사두근 스트레칭,,,,"[""WARMUP"", ""COOLDOWN""]","[""KNEE""]",MOBILITY_STRETCH,True,REPRESENTATIVE,True,REX-000036,True,"[""SOURCE_LICENSE_REVIEW_REQUIRED""]",DOMAIN_APPROVED,REX-000036,REPRESENTATIVE_SAFETY_CONTEXT,,"[""HIP""]",,Aliaksandr Makatserchyk / Gym visual,1564,"Stand upright with your feet shoulder-width apart. Hold onto a stable object for support. Bend your right knee and bring your right foot towards your glutes, grabbing the rope with your right hand. Slowly pull your right foot towards your glutes, feeling a stretch in your right quad. Hold the stretch for 20-30 seconds. Release the stretch and repeat on the left side.","[""Stand upright with your feet shoulder-width apart."", ""Hold onto a stable object for support."", ""Bend your right knee and bring your right foot towards your glutes, grabbing the rope with your right hand."", ""Slowly pull your right foot towards your glutes, feeling a stretch in your right quad."", ""Hold the stretch for 20-30 seconds."", ""Release the stretch and repeat on the left side.""]",gymvisual:1564,MIT,tFGKm99,image:images/1564-tFGKm99.jpg;gif:videos/1564-tFGKm99.gif,intermediate hip flexor and quad stretch,intermediate hip flexor and quad stretch,,RESOLVED_INTEGRATED_SOURCE,1564,gymvisual,gymvisual,https://github.com/hasaneyldrm/exercises-dataset,hip_flexor_quadriceps_stretch_mobility_stretch_stretch_strap,,,DURATION,MOBILITY,USER_DIRECT_REVIEW_2026_08_29,COMPLETED,NOT_APPLICABLE,NOT_APPLICABLE,,2026-08-20T00:00:00+09:00,© Aliaksandr Makatserchyk - Gym visual - https://gymvisual.com/,,,,MIT,MIT License,PARTIALLY_REVIEWED,https://opensource.org/license/mit/,REVIEW_REQUIRED,© Gym visual — https://gymvisual.com/,REVIEW_REQUIRED,APPROVED_FROM_POLICY,[],,,,,,,,USER_DIRECT_REVIEW_2026_08_29,OWNER_BATCH_CONFIRMATION,2026-08-29T00:00:00+09:00
False,,,,,BACK,RESTORED_LEGACY_ALTERNATIVE_TARGET,기존 Alternative target 운동을 일반 운동 풀의 대표운동으로 복원한다.,USER_DIRECT_REVIEW,ACTIVE_CANONICAL_RETAINED,exercise-catalog-v2.0.2-final,90,4,,15,,INTERMEDIATE,NO_POLICY_OVERRIDE,APPROVED,인버티드 로우,"[""BODYWEIGHT""]",REX-000038,INVERTED_ROW,,REX-000038,RETAINED_FROM_REVIEWED_CATALOG,,,,[],True,LEGACY_ALTERNATIVE_TARGET_RESTORED,user-name-only-v1,USER_REVIEWED_NAME_ONLY,인버티드 로우,True,REX-000038,"[""HOME"", ""GYM""]",inverted row,인버티드 로우,,,,,"[""UPPER_BACK""]",HORIZONTAL_PULL,True,REPRESENTATIVE,False,REX-000038,True,"[""SOURCE_LICENSE_REVIEW_REQUIRED""]",DOMAIN_APPROVED,REX-000038,REPRESENTATIVE_SAFETY_CONTEXT,REVIEW_REQUIRED,"[""ELBOW"", ""SHOULDER""]",,,0499,,,,,,,,,,RESOLVED_INTEGRATED_SOURCE,,,gymvisual,,inverted_row_horizontal_pull_bodyweight,,[],REPS,STRENGTH,USER_DIRECT_REVIEW_2026_08_29,COMPLETED,NOT_APPLICABLE,NOT_APPLICABLE,,,,,,,,,,,,,,,[],,,,,,,,USER_DIRECT_REVIEW_2026_08_29,OWNER_BATCH_CONFIRMATION,2026-08-29T00:00:00+09:00
,,,,,MOBILITY,RETAINED_CANONICAL,기존 canonical stable code를 재정렬하지 않고 유지한다.,EXISTING_CANONICAL,ACTIVE_CANONICAL_RETAINED,exercise-catalog-v2.0.2-final,30,,,15,30,BEGINNER,NO_POLICY_OVERRIDE,APPROVED,무릎 꿇고 광배근 스트레칭,"[""BODYWEIGHT""]",REX-000039,KNEELING_LAT_STRETCH,,,RETAINED_FROM_REVIEWED_CATALOG,,,,[],,,user-name-only-v1,USER_REVIEWED_NAME_ONLY,무릎 꿇고 광배근 스트레칭,True,REX-000039,"[""HOME"", ""GYM""]",kneeling lat stretch,무릎 꿇고 광배근 스트레칭,,,,"[""WARMUP"", ""COOLDOWN""]","[""UPPER_BACK""]",MOBILITY_STRETCH,True,REPRESENTATIVE,True,REX-000039,True,"[""SOURCE_LICENSE_REVIEW_REQUIRED""]",DOMAIN_APPROVED,REX-000039,REPRESENTATIVE_SAFETY_CONTEXT,,"[""SHOULDER"", ""CHEST""]",,Aliaksandr Makatserchyk / Gym visual,1346,"Kneel on the ground with your knees hip-width apart and your toes pointing back. Extend your arms overhead and interlace your fingers. Keeping your back straight, slowly lean to the right side, feeling a stretch in your left lat muscle. Hold the stretch for 20-30 seconds, then return to the starting position. Repeat the stretch on the left side, leaning to the left and feeling a stretch in your right lat muscle. Continue alternating sides for the desired number of repetitions.","[""Kneel on the ground with your knees hip-width apart and your toes pointing back."", ""Extend your arms overhead and interlace your fingers."", ""Keeping your back straight, slowly lean to the right side, feeling a stretch in your left lat muscle."", ""Hold the stretch for 20-30 seconds, then return to the starting position."", ""Repeat the stretch on the left side, leaning to the left and feeling a stretch in your right lat muscle."", ""Continue alternating sides for the desired number of repetitions.""]",gymvisual:1346,MIT,f38OEuO,image:images/1346-f38OEuO.jpg;gif:videos/1346-f38OEuO.gif,kneeling lat stretch,kneeling lat stretch,,RESOLVED_INTEGRATED_SOURCE,1346,gymvisual,gymvisual,https://github.com/hasaneyldrm/exercises-dataset,kneeling_lat_stretch_mobility_stretch_bodyweight,,,DURATION,MOBILITY,USER_DIRECT_REVIEW_2026_08_29,COMPLETED,NOT_APPLICABLE,NOT_APPLICABLE,,2026-08-20T00:00:00+09:00,© Aliaksandr Makatserchyk - Gym visual - https://gymvisual.com/,,,,MIT,MIT License,PARTIALLY_REVIEWED,https://opensource.org/license/mit/,REVIEW_REQUIRED,© Gym visual — https://gymvisual.com/,REVIEW_REQUIRED,APPROVED_FROM_POLICY,[],,,,,,,,USER_DIRECT_REVIEW_2026_08_29,OWNER_BATCH_CONFIRMATION,2026-08-29T00:00:00+09:00
False,,,,,BACK,RESTORED_LEGACY_ALTERNATIVE_TARGET,기존 Alternative target 운동을 일반 운동 풀의 대표운동으로 복원한다.,USER_DIRECT_REVIEW,ACTIVE_CANONICAL_RETAINED,exercise-catalog-v2.0.2-final,90,4,,15,,INTERMEDIATE,CABLE_MACHINE_IS_INTERMEDIATE,APPROVED,랫풀다운 머신,"[""CABLE_MACHINE""]",REX-000040,LAT_PULLDOWN,,REX-000040,RETAINED_FROM_REVIEWED_CATALOG,,,,[],True,LEGACY_ALTERNATIVE_TARGET_RESTORED,user-name-only-v1,USER_REVIEWED_NAME_ONLY,랫풀다운 머신,True,REX-000040,"[""GYM""]",cable pulldown,랫풀다운 머신,,,,,"[""UPPER_BACK""]",VERTICAL_PULL,True,REPRESENTATIVE,False,REX-000040,True,"[""SOURCE_LICENSE_REVIEW_REQUIRED""]",DOMAIN_APPROVED,REX-000040,REPRESENTATIVE_SAFETY_CONTEXT,REVIEW_REQUIRED,"[""ELBOW"", ""SHOULDER""]",,,0198,,,,,,,,,,RESOLVED_INTEGRATED_SOURCE,,,gymvisual,,lat_pulldown_vertical_pull_cable_machine,,[],REPS,STRENGTH,USER_DIRECT_REVIEW_2026_08_29,COMPLETED,NOT_APPLICABLE,NOT_APPLICABLE,,,,,,,,,,,,,,,[],,,,,,,,USER_DIRECT_REVIEW_2026_08_29,OWNER_BATCH_CONFIRMATION,2026-08-29T00:00:00+09:00
False,,,,,BACK,RESTORED_LEGACY_ALTERNATIVE_TARGET,기존 Alternative target 운동을 일반 운동 풀의 대표운동으로 복원한다.,USER_DIRECT_REVIEW,ACTIVE_CANONICAL_RETAINED,exercise-catalog-v2.0.2-final,90,,,15,30,INTERMEDIATE,NO_POLICY_OVERRIDE,APPROVED,로어 백 컬,"[""BODYWEIGHT""]",REX-000043,LOWER_BACK_CURL,,REX-000043,RETAINED_FROM_REVIEWED_CATALOG,,,,[],True,LEGACY_ALTERNATIVE_TARGET_RESTORED,user-name-only-v1,USER_REVIEWED_NAME_ONLY,로어 백 컬,True,REX-000043,"[""HOME"", ""GYM""]",lower back curl,로어 백 컬,,,,,"[""LOWER_BACK""]",CORE_BRACE,True,REPRESENTATIVE,False,REX-000043,True,"[""SOURCE_LICENSE_REVIEW_REQUIRED""]",DOMAIN_APPROVED,REX-000043,REPRESENTATIVE_SAFETY_CONTEXT,REVIEW_REQUIRED,"[""UPPER_BACK""]",,,1352,,,,,,,,,,RESOLVED_INTEGRATED_SOURCE,,,gymvisual,,lower_back_curl_core_brace_bodyweight,,[],DURATION,STRENGTH,USER_DIRECT_REVIEW_2026_08_29,COMPLETED,NOT_APPLICABLE,NOT_APPLICABLE,,,,,,,,,,,,,,,[],,,,,,,,USER_DIRECT_REVIEW_2026_08_29,OWNER_BATCH_CONFIRMATION,2026-08-29T00:00:00+09:00
,,,,,MOBILITY,RETAINED_CANONICAL,기존 canonical stable code를 재정렬하지 않고 유지한다.,EXISTING_CANONICAL,ACTIVE_CANONICAL_RETAINED,exercise-catalog-v2.0.2-final,30,,,15,30,BEGINNER,NO_POLICY_OVERRIDE,APPROVED,목 옆면 스트레칭,"[""BODYWEIGHT""]",REX-000045,NECK_LATERAL_STRETCH,,,RETAINED_FROM_REVIEWED_CATALOG,,,,[],,,user-name-only-v1,USER_REVIEWED_NAME_ONLY,목 옆면 스트레칭,True,REX-000045,"[""HOME"", ""GYM""]",neck side stretch,목 옆면 스트레칭,,,,"[""WARMUP"", ""COOLDOWN""]","[""NECK""]",MOBILITY_STRETCH,True,REPRESENTATIVE,True,REX-000045,True,"[""SOURCE_LICENSE_REVIEW_REQUIRED""]",DOMAIN_APPROVED,REX-000045,REPRESENTATIVE_SAFETY_CONTEXT,,"[""SHOULDER""]",,Aliaksandr Makatserchyk / Gym visual,1403,"Stand or sit up straight with your shoulders relaxed. Tilt your head to one side, bringing your ear towards your shoulder. Hold the stretch for 15-30 seconds. Repeat on the other side. Perform 2-4 sets on each side.","[""Stand or sit up straight with your shoulders relaxed."", ""Tilt your head to one side, bringing your ear towards your shoulder."", ""Hold the stretch for 15-30 seconds."", ""Repeat on the other side."", ""Perform 2-4 sets on each side.""]",gymvisual:1403,MIT,x2chWLO,image:images/1403-x2chWLO.jpg;gif:videos/1403-x2chWLO.gif,neck side stretch,neck side stretch,,RESOLVED_INTEGRATED_SOURCE,1403,gymvisual,gymvisual,https://github.com/hasaneyldrm/exercises-dataset,neck_lateral_stretch_mobility_stretch_bodyweight,,,DURATION,MOBILITY,USER_DIRECT_REVIEW_2026_08_29,COMPLETED,NOT_APPLICABLE,NOT_APPLICABLE,,2026-08-20T00:00:00+09:00,© Aliaksandr Makatserchyk - Gym visual - https://gymvisual.com/,,,,MIT,MIT License,PARTIALLY_REVIEWED,https://opensource.org/license/mit/,REVIEW_REQUIRED,© Gym visual — https://gymvisual.com/,REVIEW_REQUIRED,APPROVED_FROM_POLICY,[],,,,,,,,USER_DIRECT_REVIEW_2026_08_29,OWNER_BATCH_CONFIRMATION,2026-08-29T00:00:00+09:00
,,,,,BACK,RETAINED_CANONICAL,기존 canonical stable code를 재정렬하지 않고 유지한다.,EXISTING_CANONICAL,ACTIVE_CANONICAL_RETAINED,exercise-catalog-v2.0.2-final,90,4,,15,,BEGINNER,NO_POLICY_OVERRIDE,APPROVED,벽 짚고 한 팔 광배근 스트레칭,"[""BODYWEIGHT""]",REX-000046,ONE_ARM_WALL_LATS,,,RETAINED_FROM_REVIEWED_CATALOG,,,,[],,,user-name-only-v1,USER_REVIEWED_NAME_ONLY,벽 짚고 한 팔 광배근 스트레칭,True,REX-000046,"[""HOME"", ""GYM""]",one arm against wall,벽 짚고 한 팔 광배근 스트레칭,,,,"[""MAIN""]","[""UPPER_BACK""]",ISOLATION,True,REPRESENTATIVE,False,REX-000046,True,"[""SOURCE_LICENSE_REVIEW_REQUIRED""]",DOMAIN_APPROVED,REX-000046,REPRESENTATIVE_SAFETY_CONTEXT,,"[""SHOULDER"", ""ELBOW""]",,Aliaksandr Makatserchyk / Gym visual,1355,"Stand facing a wall with your feet shoulder-width apart. Extend one arm straight out in front of you and place your palm against the wall. Engage your core and lean your body forward, keeping your arm straight and your back flat. Slowly push against the wall with your palm, activating your lat muscles. Hold the position for a few seconds, then release and repeat with the other arm.","[""Stand facing a wall with your feet shoulder-width apart."", ""Extend one arm straight out in front of you and place your palm against the wall."", ""Engage your core and lean your body forward, keeping your arm straight and your back flat."", ""Slowly push against the wall with your palm, activating your lat muscles."", ""Hold the position for a few seconds, then release and repeat with the other arm.""]",gymvisual:1355,MIT,ZZTGMKh,image:images/1355-ZZTGMKh.jpg;gif:videos/1355-ZZTGMKh.gif,one arm against wall,one arm against wall,,RESOLVED_INTEGRATED_SOURCE,1355,gymvisual,gymvisual,https://github.com/hasaneyldrm/exercises-dataset,one_arm_wall_lats_isolation_bodyweight,,,REPS,STRENGTH,USER_DIRECT_REVIEW_2026_08_29,COMPLETED,NOT_APPLICABLE,NOT_APPLICABLE,,2026-08-20T00:00:00+09:00,© Aliaksandr Makatserchyk - Gym visual - https://gymvisual.com/,,,,MIT,MIT License,PARTIALLY_REVIEWED,https://opensource.org/license/mit/,REVIEW_REQUIRED,© Gym visual — https://gymvisual.com/,REVIEW_REQUIRED,APPROVED_FROM_POLICY,[],,,,,,,,USER_DIRECT_REVIEW_2026_08_29,OWNER_BATCH_CONFIRMATION,2026-08-29T00:00:00+09:00
False,,,,,TRICEPS,RESTORED_LEGACY_ALTERNATIVE_TARGET,기존 Alternative target 운동을 일반 운동 풀의 대표운동으로 복원한다.,USER_DIRECT_REVIEW,ACTIVE_CANONICAL_RETAINED,exercise-catalog-v2.0.2-final,90,4,,15,,BEGINNER,NO_POLICY_OVERRIDE,APPROVED,바벨 오버헤드 트라이셉스 익스텐션,"[""BARBELL""]",REX-000047,OVERHEAD_TRICEPS_EXTENSION,,REX-000047,RETAINED_FROM_REVIEWED_CATALOG,,,,[],True,LEGACY_ALTERNATIVE_TARGET_RESTORED,user-name-only-v1,USER_REVIEWED_NAME_ONLY,바벨 오버헤드 트라이셉스 익스텐션,True,REX-000047,"[""GYM""]",barbell standing overhead triceps extension,바벨 오버헤드 트라이셉스 익스텐션,,,,,"[""ELBOW""]",ISOLATION,True,REPRESENTATIVE,False,REX-000047,True,"[""SOURCE_LICENSE_REVIEW_REQUIRED""]",DOMAIN_APPROVED,REX-000047,REPRESENTATIVE_SAFETY_CONTEXT,REVIEW_REQUIRED,"[""SHOULDER""]",,,0109,,,,,,,,,,RESOLVED_INTEGRATED_SOURCE,,,gymvisual,,overhead_triceps_extension_isolation_barbell,,[],REPS,STRENGTH,USER_DIRECT_REVIEW_2026_08_29,COMPLETED,NOT_APPLICABLE,NOT_APPLICABLE,,,,,,,,,,,,,,,[],,,,,,,,USER_DIRECT_REVIEW_2026_08_29,OWNER_BATCH_CONFIRMATION,2026-08-29T00:00:00+09:00
,,,,,MOBILITY,RETAINED_CANONICAL,기존 canonical stable code를 재정렬하지 않고 유지한다.,EXISTING_CANONICAL,ACTIVE_CANONICAL_RETAINED,exercise-catalog-v2.0.2-final,30,,,15,30,BEGINNER,NO_POLICY_OVERRIDE,APPROVED,오버헤드 삼두근 스트레칭,"[""BODYWEIGHT""]",REX-000048,OVERHEAD_TRICEPS_STRETCH,,,RETAINED_FROM_REVIEWED_CATALOG,,,,[],,,user-name-only-v1,USER_REVIEWED_NAME_ONLY,오버헤드 삼두근 스트레칭,True,REX-000048,"[""HOME"", ""GYM""]",overhead triceps stretch,오버헤드 삼두근 스트레칭,,,,"[""WARMUP"", ""COOLDOWN""]","[""ELBOW""]",MOBILITY_STRETCH,True,REPRESENTATIVE,True,REX-000048,True,"[""SOURCE_LICENSE_REVIEW_REQUIRED""]",DOMAIN_APPROVED,REX-000048,REPRESENTATIVE_SAFETY_CONTEXT,,"[""SHOULDER"", ""WRIST_HAND""]",,Aliaksandr Makatserchyk / Gym visual,0643,"Stand or sit upright with your feet shoulder-width apart. Extend one arm overhead, bending at the elbow so that your hand reaches towards the opposite shoulder blade. With your other hand, gently pull the elbow of the extended arm towards the opposite side of your head, feeling a stretch in your triceps. Hold the stretch for 15-30 seconds, then release. Repeat on the other side.","[""Stand or sit upright with your feet shoulder-width apart."", ""Extend one arm overhead, bending at the elbow so that your hand reaches towards the opposite shoulder blade."", ""With your other hand, gently pull the elbow of the extended arm towards the opposite side of your head, feeling a stretch in your triceps."", ""Hold the stretch for 15-30 seconds, then release."", ""Repeat on the other side.""]",gymvisual:0643,MIT,Z5YStHW,image:images/0643-Z5YStHW.jpg;gif:videos/0643-Z5YStHW.gif,overhead triceps stretch,overhead triceps stretch,,RESOLVED_INTEGRATED_SOURCE,0643,gymvisual,gymvisual,https://github.com/hasaneyldrm/exercises-dataset,overhead_triceps_stretch_mobility_stretch_bodyweight,,,DURATION,MOBILITY,USER_DIRECT_REVIEW_2026_08_29,COMPLETED,NOT_APPLICABLE,NOT_APPLICABLE,,2026-08-20T00:00:00+09:00,© Aliaksandr Makatserchyk - Gym visual - https://gymvisual.com/,,,,MIT,MIT License,PARTIALLY_REVIEWED,https://opensource.org/license/mit/,REVIEW_REQUIRED,© Gym visual — https://gymvisual.com/,REVIEW_REQUIRED,APPROVED_FROM_POLICY,[],,,,,,,,USER_DIRECT_REVIEW_2026_08_29,OWNER_BATCH_CONFIRMATION,2026-08-29T00:00:00+09:00
False,,,,,CHEST,RESTORED_LEGACY_ALTERNATIVE_TARGET,기존 Alternative target 운동을 일반 운동 풀의 대표운동으로 복원한다.,USER_DIRECT_REVIEW,ACTIVE_CANONICAL_RETAINED,exercise-catalog-v2.0.2-final,90,4,,15,,BEGINNER,NO_POLICY_OVERRIDE,APPROVED,체스트 프레스 머신,"[""MACHINE""]",REX-000049,PECTORALS_HORIZONTAL_PUSH,,REX-000049,RETAINED_FROM_REVIEWED_CATALOG,,,,[],True,LEGACY_ALTERNATIVE_TARGET_RESTORED,user-name-only-v1,USER_REVIEWED_NAME_ONLY,체스트 프레스 머신,True,REX-000049,"[""GYM""]",Seated Bench Press,체스트 프레스 머신,,,,,"[""CHEST""]",HORIZONTAL_PUSH,True,REPRESENTATIVE,False,REX-000049,True,"[""SOURCE_LICENSE_REVIEW_REQUIRED""]",DOMAIN_APPROVED,REX-000049,REPRESENTATIVE_SAFETY_CONTEXT,REVIEW_REQUIRED,"[""SHOULDER"", ""ELBOW""]",,,1094,,,,,,,,,,RESOLVED_INTEGRATED_SOURCE,,,wger,,pectorals_horizontal_push_horizontal_push_machine,,[],REPS,STRENGTH,USER_DIRECT_REVIEW_2026_08_29,COMPLETED,NOT_APPLICABLE,NOT_APPLICABLE,,,,,,,,,,,,,,,[],,,,,,,,USER_DIRECT_REVIEW_2026_08_29,OWNER_BATCH_CONFIRMATION,2026-08-29T00:00:00+09:00
,,,,,MOBILITY,RETAINED_CANONICAL,기존 canonical stable code를 재정렬하지 않고 유지한다.,EXISTING_CANONICAL,ACTIVE_CANONICAL_RETAINED,exercise-catalog-v2.0.2-final,30,,,15,30,INTERMEDIATE,NO_POLICY_OVERRIDE,APPROVED,종아리 바깥쪽 스트레칭,"[""STRETCH_STRAP""]",REX-000050,PERONEAL_STRETCH,,,RETAINED_FROM_REVIEWED_CATALOG,,,,[],,,user-name-only-v1,USER_REVIEWED_NAME_ONLY,종아리 바깥쪽 스트레칭,True,REX-000050,"[""GYM""]",peroneals stretch,종아리 바깥쪽 스트레칭,,,,"[""WARMUP"", ""COOLDOWN""]","[""ANKLE_FOOT""]",MOBILITY_STRETCH,True,REPRESENTATIVE,True,REX-000050,True,"[""SOURCE_LICENSE_REVIEW_REQUIRED""]",DOMAIN_APPROVED,REX-000050,REPRESENTATIVE_SAFETY_CONTEXT,,"[""KNEE""]",,Aliaksandr Makatserchyk / Gym visual,1388,"Sit on the ground with your legs extended in front of you. Loop the rope around the ball of your foot and hold the ends of the rope with your hands. Gently pull the rope towards you, flexing your foot and stretching your calf muscles. Hold the stretch for 15-30 seconds. Release the tension on the rope and repeat the stretch on the other leg. Repeat for the desired number of repetitions.","[""Sit on the ground with your legs extended in front of you."", ""Loop the rope around the ball of your foot and hold the ends of the rope with your hands."", ""Gently pull the rope towards you, flexing your foot and stretching your calf muscles."", ""Hold the stretch for 15-30 seconds."", ""Release the tension on the rope and repeat the stretch on the other leg."", ""Repeat for the desired number of repetitions.""]",gymvisual:1388,MIT,XhfS1DZ,image:images/1388-XhfS1DZ.jpg;gif:videos/1388-XhfS1DZ.gif,peroneals stretch,peroneals stretch,,RESOLVED_INTEGRATED_SOURCE,1388,gymvisual,gymvisual,https://github.com/hasaneyldrm/exercises-dataset,peroneal_stretch_mobility_stretch_stretch_strap,,,DURATION,MOBILITY,USER_DIRECT_REVIEW_2026_08_29,COMPLETED,NOT_APPLICABLE,NOT_APPLICABLE,,2026-08-20T00:00:00+09:00,© Aliaksandr Makatserchyk - Gym visual - https://gymvisual.com/,,,,MIT,MIT License,PARTIALLY_REVIEWED,https://opensource.org/license/mit/,REVIEW_REQUIRED,© Gym visual — https://gymvisual.com/,REVIEW_REQUIRED,APPROVED_FROM_POLICY,[],,,,,,,,USER_DIRECT_REVIEW_2026_08_29,OWNER_BATCH_CONFIRMATION,2026-08-29T00:00:00+09:00
False,,,,,CHEST,RESTORED_LEGACY_ALTERNATIVE_TARGET,기존 Alternative target 운동을 일반 운동 풀의 대표운동으로 복원한다.,USER_DIRECT_REVIEW,ACTIVE_CANONICAL_RETAINED,exercise-catalog-v2.0.2-final,90,4,,15,,BEGINNER,NO_POLICY_OVERRIDE,APPROVED,푸시업,"[""BODYWEIGHT""]",REX-000052,PUSH_UP,,REX-000052,RETAINED_FROM_REVIEWED_CATALOG,,,,[],True,LEGACY_ALTERNATIVE_TARGET_RESTORED,user-name-only-v1,USER_REVIEWED_NAME_ONLY,푸시업,True,REX-000052,"[""HOME"", ""GYM""]",push-up,푸시업,,,,,"[""CHEST""]",HORIZONTAL_PUSH,True,REPRESENTATIVE,False,REX-000052,True,"[""SOURCE_LICENSE_REVIEW_REQUIRED""]",DOMAIN_APPROVED,REX-000052,REPRESENTATIVE_SAFETY_CONTEXT,REVIEW_REQUIRED,"[""SHOULDER"", ""ELBOW""]",,,0662,,,,,,,,,,RESOLVED_INTEGRATED_SOURCE,,,gymvisual,,push_up_horizontal_push_bodyweight,,[],REPS,STRENGTH,USER_DIRECT_REVIEW_2026_08_29,COMPLETED,NOT_APPLICABLE,NOT_APPLICABLE,,,,,,,,,,,,,,,[],,,,,,,,USER_DIRECT_REVIEW_2026_08_29,OWNER_BATCH_CONFIRMATION,2026-08-29T00:00:00+09:00
,,,,,MOBILITY,RETAINED_CANONICAL,기존 canonical stable code를 재정렬하지 않고 유지한다.,EXISTING_CANONICAL,ACTIVE_CANONICAL_RETAINED,exercise-catalog-v2.0.2-final,30,,,15,30,BEGINNER,NO_POLICY_OVERRIDE,APPROVED,후면 어깨 스트레칭,"[""BODYWEIGHT""]",REX-000053,REAR_DELTOID_STRETCH,,,RETAINED_FROM_REVIEWED_CATALOG,,,,[],,,user-name-only-v1,USER_REVIEWED_NAME_ONLY,후면 어깨 스트레칭,True,REX-000053,"[""HOME"", ""GYM""]",rear deltoid stretch,후면 어깨 스트레칭,,,,"[""WARMUP"", ""COOLDOWN""]","[""SHOULDER""]",MOBILITY_STRETCH,True,REPRESENTATIVE,True,REX-000053,True,"[""SOURCE_LICENSE_REVIEW_REQUIRED""]",DOMAIN_APPROVED,REX-000053,REPRESENTATIVE_SAFETY_CONTEXT,,"[""UPPER_BACK""]",,Aliaksandr Makatserchyk / Gym visual,0669,"Stand tall with your feet shoulder-width apart. Extend your right arm across your chest, placing your left hand on your right elbow. Gently pull your right arm towards your left shoulder, feeling a stretch in your right shoulder. Hold the stretch for 15-30 seconds, then release. Repeat on the other side.","[""Stand tall with your feet shoulder-width apart."", ""Extend your right arm across your chest, placing your left hand on your right elbow."", ""Gently pull your right arm towards your left shoulder, feeling a stretch in your right shoulder."", ""Hold the stretch for 15-30 seconds, then release."", ""Repeat on the other side.""]",gymvisual:0669,MIT,xifhB5W,image:images/0669-xifhB5W.jpg;gif:videos/0669-xifhB5W.gif,rear deltoid stretch,rear deltoid stretch,,RESOLVED_INTEGRATED_SOURCE,0669,gymvisual,gymvisual,https://github.com/hasaneyldrm/exercises-dataset,rear_deltoid_stretch_mobility_stretch_bodyweight,,,DURATION,MOBILITY,USER_DIRECT_REVIEW_2026_08_29,COMPLETED,NOT_APPLICABLE,NOT_APPLICABLE,,2026-08-20T00:00:00+09:00,© Aliaksandr Makatserchyk - Gym visual - https://gymvisual.com/,,,,MIT,MIT License,PARTIALLY_REVIEWED,https://opensource.org/license/mit/,REVIEW_REQUIRED,© Gym visual — https://gymvisual.com/,REVIEW_REQUIRED,APPROVED_FROM_POLICY,[],,,,,,,,USER_DIRECT_REVIEW_2026_08_29,OWNER_BATCH_CONFIRMATION,2026-08-29T00:00:00+09:00
,,,,,CALVES,RETAINED_CANONICAL,기존 canonical stable code를 재정렬하지 않고 유지한다.,EXISTING_CANONICAL,ACTIVE_CANONICAL_RETAINED,exercise-catalog-v2.0.2-final,90,4,,15,,INTERMEDIATE,NO_POLICY_OVERRIDE,APPROVED,리버스 카프 레이즈,"[""RESISTANCE_BAND""]",REX-000054,REVERSE_CALF_RAISE,,,RETAINED_FROM_REVIEWED_CATALOG,,,,[],,,user-name-only-v1,USER_REVIEWED_NAME_ONLY,리버스 카프 레이즈,True,REX-000054,"[""HOME"", ""GYM""]",band single leg reverse calf raise,리버스 카프 레이즈,,,,"[""MAIN""]","[""ANKLE_FOOT""]",ISOLATION,True,REPRESENTATIVE,False,REX-000054,True,"[""SOURCE_LICENSE_REVIEW_REQUIRED""]",DOMAIN_APPROVED,REX-000054,REPRESENTATIVE_SAFETY_CONTEXT,,"[""KNEE""]",,Aliaksandr Makatserchyk / Gym visual,1000,"Stand with your feet hip-width apart and place the band around the ball of your foot. Hold onto a stable object for balance. Slowly raise your heel off the ground, lifting your body weight onto the ball of your foot. Pause for a moment at the top, then slowly lower your heel back down to the starting position. Repeat for the desired number of repetitions, then switch to the other leg.","[""Stand with your feet hip-width apart and place the band around the ball of your foot."", ""Hold onto a stable object for balance."", ""Slowly raise your heel off the ground, lifting your body weight onto the ball of your foot."", ""Pause for a moment at the top, then slowly lower your heel back down to the starting position."", ""Repeat for the desired number of repetitions, then switch to the other leg.""]",gymvisual:1000,MIT,QsSQWbf,image:images/1000-QsSQWbf.jpg;gif:videos/1000-QsSQWbf.gif,band single leg reverse calf raise,band single leg reverse calf raise,,RESOLVED_INTEGRATED_SOURCE,1000,gymvisual,gymvisual,https://github.com/hasaneyldrm/exercises-dataset,reverse_calf_raise_isolation_resistance_band,,,REPS,STRENGTH,USER_DIRECT_REVIEW_2026_08_29,COMPLETED,NOT_APPLICABLE,NOT_APPLICABLE,,2026-08-20T00:00:00+09:00,© Aliaksandr Makatserchyk - Gym visual - https://gymvisual.com/,,,,MIT,MIT License,PARTIALLY_REVIEWED,https://opensource.org/license/mit/,REVIEW_REQUIRED,© Gym visual — https://gymvisual.com/,REVIEW_REQUIRED,APPROVED_FROM_POLICY,[],,,,,,,,USER_DIRECT_REVIEW_2026_08_29,OWNER_BATCH_CONFIRMATION,2026-08-29T00:00:00+09:00
False,,,,,FOREARMS,RESTORED_LEGACY_ALTERNATIVE_TARGET,기존 Alternative target 운동을 일반 운동 풀의 대표운동으로 복원한다.,USER_DIRECT_REVIEW,ACTIVE_CANONICAL_RETAINED,exercise-catalog-v2.0.2-final,90,4,,15,,BEGINNER,NO_POLICY_OVERRIDE,APPROVED,바벨 리버스 리스트 컬,"[""BARBELL""]",REX-000055,REVERSE_WRIST_CURL,,REX-000055,RETAINED_FROM_REVIEWED_CATALOG,,,,[],True,LEGACY_ALTERNATIVE_TARGET_RESTORED,user-name-only-v1,USER_REVIEWED_NAME_ONLY,바벨 리버스 리스트 컬,True,REX-000055,"[""GYM""]",barbell reverse wrist curl,바벨 리버스 리스트 컬,,,,,"[""WRIST_HAND""]",ISOLATION,True,REPRESENTATIVE,False,REX-000055,True,"[""SOURCE_LICENSE_REVIEW_REQUIRED""]",DOMAIN_APPROVED,REX-000055,REPRESENTATIVE_SAFETY_CONTEXT,REVIEW_REQUIRED,"[""ELBOW""]",,,0082,,,,,,,,,,RESOLVED_INTEGRATED_SOURCE,,,gymvisual,,reverse_wrist_curl_isolation_barbell,,[],REPS,STRENGTH,USER_DIRECT_REVIEW_2026_08_29,COMPLETED,NOT_APPLICABLE,NOT_APPLICABLE,,,,,,,,,,,,,,,[],,,,,,,,USER_DIRECT_REVIEW_2026_08_29,OWNER_BATCH_CONFIRMATION,2026-08-29T00:00:00+09:00
False,,,,,CARDIO,RESTORED_LEGACY_ALTERNATIVE_TARGET,기존 Alternative target 운동을 일반 운동 풀의 대표운동으로 복원한다.,USER_DIRECT_REVIEW,ACTIVE_CANONICAL_RETAINED,exercise-catalog-v2.0.2-final,60,,,15,60,BEGINNER,NO_POLICY_OVERRIDE,APPROVED,앞뒤 스텝,"[""BODYWEIGHT""]",REX-000056,CARDIO,,REX-000056,RETAINED_FROM_REVIEWED_CATALOG,,,,[],True,LEGACY_ALTERNATIVE_TARGET_RESTORED,user-name-only-v1,USER_REVIEWED_NAME_ONLY,앞뒤 스텝,True,REX-000056,"[""HOME""]",back and forth step,앞뒤 스텝,,,,,"[""ANKLE_FOOT"", ""KNEE""]",GAIT,True,REPRESENTATIVE,False,REX-000056,True,"[""SOURCE_LICENSE_REVIEW_REQUIRED""]",DOMAIN_APPROVED,REX-000056,REPRESENTATIVE_SAFETY_CONTEXT,REVIEW_REQUIRED,"[""HIP""]",,,3672,,,,,,,,,,RESOLVED_INTEGRATED_SOURCE,,,gymvisual,,cardio_gait_bodyweight,,[],DURATION,CARDIO,USER_DIRECT_REVIEW_2026_08_29,COMPLETED,NOT_APPLICABLE,NOT_APPLICABLE,,,,,,,,,,,,,,,[],,,,,,,,USER_DIRECT_REVIEW_2026_08_29,OWNER_BATCH_CONFIRMATION,2026-08-29T00:00:00+09:00
,,,,,QUADRICEPS,RETAINED_CANONICAL,기존 canonical stable code를 재정렬하지 않고 유지한다.,EXISTING_CANONICAL,ACTIVE_CANONICAL_RETAINED,exercise-catalog-v2.0.2-final,90,4,,15,,BEGINNER,NO_POLICY_OVERRIDE,APPROVED,의자 잡고 무릎 들기,"[""BODYWEIGHT""]",REX-000057,REVIEW_REQUIRED,,,RETAINED_FROM_REVIEWED_CATALOG,,,,[],,,user-name-only-v1,USER_REVIEWED_NAME_ONLY,의자 잡고 무릎 들기,True,REX-000057,"[""HOME"", ""GYM""]",,의자 잡고 무릎 들기,,,,"[""MAIN""]","[""KNEE""]",ISOLATION,True,REPRESENTATIVE,False,REX-000057,True,"[""SOURCE_LICENSE_REVIEW_REQUIRED""]",DOMAIN_APPROVED,REX-000057,REPRESENTATIVE_SAFETY_CONTEXT,,"[""HIP"", ""ANKLE_FOOT""]",,서울올림픽기념국민체육진흥공단,46ea8fdbe34474fac354a051f63b114e0a6d20a21f71226ae0db5da216d14861,,,kspo:46ea8fdbe34474fac354a051f63b114e0a6d20a21f71226ae0db5da216d14861,KOGL_TYPE_1,46ea8fdbe34474fac354a051f63b114e0a6d20a21f71226ae0db5da216d14861,file:0AUDLJ08S_00274.mp4;frames:1,의자잡고 전방으로 무릎 굽혀 들기,,의자잡고 전방으로 무릎 굽혀 들기,RESOLVED_INTEGRATED_SOURCE,46ea8fdbe34474fac354a051f63b114e0a6d20a21f71226ae0db5da216d14861,kspo,kspo,https://www.data.go.kr/data/15108846/openapi.do,hip_flexion_isolation_bodyweight,,,REPS,STRENGTH,USER_DIRECT_REVIEW_2026_08_29,COMPLETED,NOT_APPLICABLE,NOT_APPLICABLE,,REVIEW_REQUIRED,서울올림픽기념국민체육진흥공단 — https://www.data.go.kr/data/15108846/openapi.do,,,,KOGL_TYPE_1,공공누리 제1유형,REVIEW_REQUIRED,https://www.kogl.or.kr/info/license.do,1,서울올림픽기념국민체육진흥공단 — https://www.data.go.kr/data/15108846/openapi.do,REVIEW_REQUIRED,APPROVED_FROM_POLICY,[],,,,,,,,USER_DIRECT_REVIEW_2026_08_29,OWNER_BATCH_CONFIRMATION,2026-08-29T00:00:00+09:00
False,,,,,CARDIO,RESTORED_LEGACY_ALTERNATIVE_TARGET,기존 Alternative target 운동을 일반 운동 풀의 대표운동으로 복원한다.,USER_DIRECT_REVIEW,ACTIVE_CANONICAL_RETAINED,exercise-catalog-v2.0.2-final,60,,,15,60,BEGINNER,NO_POLICY_OVERRIDE,APPROVED,하이니,"[""BODYWEIGHT""]",REX-000058,CARDIO,,REX-000058,RETAINED_FROM_REVIEWED_CATALOG,,,,[],True,LEGACY_ALTERNATIVE_TARGET_RESTORED,user-name-only-v1,USER_REVIEWED_NAME_ONLY,하이니,True,REX-000058,"[""HOME""]",high knee against wall,하이니,,,,,"[""KNEE"", ""HIP""]",GAIT,True,REPRESENTATIVE,False,REX-000058,True,"[""SOURCE_LICENSE_REVIEW_REQUIRED""]",DOMAIN_APPROVED,REX-000058,REPRESENTATIVE_SAFETY_CONTEXT,REVIEW_REQUIRED,"[""ANKLE_FOOT""]",,,3636,,,,,,,,,,RESOLVED_INTEGRATED_SOURCE,,,gymvisual,,cardio_gait_bodyweight_rex_000058,,[],DURATION,CARDIO,USER_DIRECT_REVIEW_2026_08_29,COMPLETED,NOT_APPLICABLE,NOT_APPLICABLE,,,,,,,,,,,,,,,[],,,,,,,,USER_DIRECT_REVIEW_2026_08_29,OWNER_BATCH_CONFIRMATION,2026-08-29T00:00:00+09:00
False,,,,,CARDIO,RESTORED_LEGACY_ALTERNATIVE_TARGET,기존 Alternative target 운동을 일반 운동 풀의 대표운동으로 복원한다.,USER_DIRECT_REVIEW,ACTIVE_CANONICAL_RETAINED,exercise-catalog-v2.0.2-final,60,,,15,60,BEGINNER,NO_POLICY_OVERRIDE,APPROVED,점핑잭,"[""BODYWEIGHT""]",REX-000059,CARDIO,,REX-000059,RETAINED_FROM_REVIEWED_CATALOG,,,,[],True,LEGACY_ALTERNATIVE_TARGET_RESTORED,user-name-only-v1,USER_REVIEWED_NAME_ONLY,점핑잭,True,REX-000059,"[""HOME"", ""GYM""]",jack jump (male),점핑잭,,,,,"[""ANKLE_FOOT"", ""KNEE""]",JUMP_PLYOMETRIC,True,REPRESENTATIVE,False,REX-000059,True,"[""SOURCE_LICENSE_REVIEW_REQUIRED""]",DOMAIN_APPROVED,REX-000059,REPRESENTATIVE_SAFETY_CONTEXT,REVIEW_REQUIRED,"[""HIP"", ""SHOULDER""]",,,3224,,,,,,,,,,RESOLVED_INTEGRATED_SOURCE,,,gymvisual,,cardio_jump_plyometric_bodyweight,,[],DURATION,CARDIO,USER_DIRECT_REVIEW_2026_08_29,COMPLETED,NOT_APPLICABLE,NOT_APPLICABLE,,,,,,,,,,,,,,,[],,,,,,,,USER_DIRECT_REVIEW_2026_08_29,OWNER_BATCH_CONFIRMATION,2026-08-29T00:00:00+09:00
False,,,,,QUADRICEPS,RESTORED_LEGACY_ALTERNATIVE_TARGET,기존 Alternative target 운동을 일반 운동 풀의 대표운동으로 복원한다.,USER_DIRECT_REVIEW,ACTIVE_CANONICAL_RETAINED,exercise-catalog-v2.0.2-final,90,4,,15,,BEGINNER,NO_POLICY_OVERRIDE,APPROVED,앉아서 고관절 굴곡,"[""BODYWEIGHT""]",REX-000064,HIP_FLEXION,,REX-000064,RETAINED_FROM_REVIEWED_CATALOG,,,,[],True,LEGACY_ALTERNATIVE_TARGET_RESTORED,user-name-only-v1,USER_REVIEWED_NAME_ONLY,앉아서 고관절 굴곡,True,REX-000064,"[""HOME""]",앉아서 엉덩관절 굽히기,앉아서 고관절 굴곡,,,,,"[""KNEE""]",ISOLATION,True,REPRESENTATIVE,False,REX-000064,True,"[""SOURCE_LICENSE_REVIEW_REQUIRED""]",DOMAIN_APPROVED,REX-000064,REPRESENTATIVE_SAFETY_CONTEXT,REVIEW_REQUIRED,"[""HIP""]",,,dfd7eaa07d42e118610eb6756d8dcdc351f5b1f3c9a1262fa94aa18d92a87e09,,,,,,,,,,RESOLVED_INTEGRATED_SOURCE,,,kspo,,hip_flexion_isolation_bodyweight_rex_000064,,[],REPS,STRENGTH,USER_DIRECT_REVIEW_2026_08_29,COMPLETED,NOT_APPLICABLE,NOT_APPLICABLE,,,,,,,,,,,,,,,[],,,,,,,,USER_DIRECT_REVIEW_2026_08_29,OWNER_BATCH_CONFIRMATION,2026-08-29T00:00:00+09:00
False,,,,,MOBILITY,RESTORED_LEGACY_ALTERNATIVE_TARGET,기존 Alternative target 운동을 일반 운동 풀의 대표운동으로 복원한다.,USER_DIRECT_REVIEW,ACTIVE_CANONICAL_RETAINED,exercise-catalog-v2.0.2-final,30,,,15,30,BEGINNER,NO_POLICY_OVERRIDE,APPROVED,한발 서기 균형,"[""BODYWEIGHT""]",REX-000066,MOBILITY,,REX-000066,RETAINED_FROM_REVIEWED_CATALOG,,,,[],True,LEGACY_ALTERNATIVE_TARGET_RESTORED,user-name-only-v1,USER_REVIEWED_NAME_ONLY,한발 서기 균형,True,REX-000066,"[""HOME"", ""GYM""]",FITT-CORE-STABILITY-V1,한발 서기 균형,,,,,"[""HIP""]",BALANCE,True,REPRESENTATIVE,True,REX-000066,True,"[""SOURCE_LICENSE_REVIEW_REQUIRED""]",DOMAIN_APPROVED,REX-000066,REPRESENTATIVE_SAFETY_CONTEXT,REVIEW_REQUIRED,"[""ANKLE_FOOT"", ""KNEE""]",,,19af0f76cad5e01830e662585e3cea621cf8563f1955f83114bef440606379c4,,,,,,,,,,RESOLVED_INTEGRATED_SOURCE,,,kspo,,mobility_balance_bodyweight,,[],DURATION,MOBILITY,USER_DIRECT_REVIEW_2026_08_29,COMPLETED,NOT_APPLICABLE,NOT_APPLICABLE,,,,,,,,,,,,,,,[],,,,,,,,USER_DIRECT_REVIEW_2026_08_29,OWNER_BATCH_CONFIRMATION,2026-08-29T00:00:00+09:00
False,,,,,CARDIO,RESTORED_LEGACY_ALTERNATIVE_TARGET,기존 Alternative target 운동을 일반 운동 풀의 대표운동으로 복원한다.,USER_DIRECT_REVIEW,ACTIVE_CANONICAL_RETAINED,exercise-catalog-v2.0.2-final,60,,,15,60,BEGINNER,NO_POLICY_OVERRIDE,APPROVED,스텝박스 오르내리기,"[""STEP_BOX""]",REX-000068,CARDIO,,REX-000068,RETAINED_FROM_REVIEWED_CATALOG,,,,[],True,LEGACY_ALTERNATIVE_TARGET_RESTORED,user-name-only-v1,USER_REVIEWED_NAME_ONLY,스텝박스 오르내리기,True,REX-000068,"[""HOME""]",스텝박스 오르내리기,스텝박스 오르내리기,,,,,"[""ANKLE_FOOT"", ""KNEE""]",GAIT,True,REPRESENTATIVE,False,REX-000068,True,"[""SOURCE_LICENSE_REVIEW_REQUIRED""]",DOMAIN_APPROVED,REX-000068,REPRESENTATIVE_SAFETY_CONTEXT,REVIEW_REQUIRED,"[""HIP""]",,,00c41c823f6141adb2f3b7da95c1213fea98dac6cb3bfaf453f1a4989133d2d2,,,,,,,,,,RESOLVED_INTEGRATED_SOURCE,,,kspo,,cardio_gait_step_box,,[],DURATION,CARDIO,USER_DIRECT_REVIEW_2026_08_29,COMPLETED,NOT_APPLICABLE,NOT_APPLICABLE,,,,,,,,,,,,,,,[],,,,,,,,USER_DIRECT_REVIEW_2026_08_29,OWNER_BATCH_CONFIRMATION,2026-08-29T00:00:00+09:00
False,,,,,QUADRICEPS,RESTORED_LEGACY_ALTERNATIVE_TARGET,기존 Alternative target 운동을 일반 운동 풀의 대표운동으로 복원한다.,USER_DIRECT_REVIEW,ACTIVE_CANONICAL_RETAINED,exercise-catalog-v2.0.2-final,90,4,,15,,BEGINNER,NO_POLICY_OVERRIDE,APPROVED,누워서 밴드 레그 프레스,"[""RESISTANCE_BAND""]",REX-000069,LEG_PRESS,,REX-000069,RETAINED_FROM_REVIEWED_CATALOG,,,,[],True,LEGACY_ALTERNATIVE_TARGET_RESTORED,user-name-only-v1,USER_REVIEWED_NAME_ONLY,누워서 밴드 레그 프레스,True,REX-000069,"[""HOME""]",밴드 잡고 누워서 다리 밀기,누워서 밴드 레그 프레스,,,,,"[""KNEE""]",KNEE_DOMINANT,True,REPRESENTATIVE,False,REX-000069,True,"[""SOURCE_LICENSE_REVIEW_REQUIRED""]",DOMAIN_APPROVED,REX-000069,REPRESENTATIVE_SAFETY_CONTEXT,REVIEW_REQUIRED,"[""HIP""]",,,72cc612abf8747105b33f64e0661b713012fb3f2ae378cd5c5142215eedc899b,,,,,,,,,,RESOLVED_INTEGRATED_SOURCE,,,kspo,,leg_press_knee_dominant_resistance_band,,[],REPS,STRENGTH,USER_DIRECT_REVIEW_2026_08_29,COMPLETED,NOT_APPLICABLE,NOT_APPLICABLE,,,,,,,,,,,,,,,[],,,,,,,,USER_DIRECT_REVIEW_2026_08_29,OWNER_BATCH_CONFIRMATION,2026-08-29T00:00:00+09:00
False,,,,,CARDIO,RESTORED_LEGACY_ALTERNATIVE_TARGET,기존 Alternative target 운동을 일반 운동 풀의 대표운동으로 복원한다.,USER_DIRECT_REVIEW,ACTIVE_CANONICAL_RETAINED,exercise-catalog-v2.0.2-final,60,,,15,60,BEGINNER,NO_POLICY_OVERRIDE,APPROVED,경사 트레드밀 걷기 머신,"[""MACHINE""]",REX-000070,CARDIO,,REX-000070,RETAINED_FROM_REVIEWED_CATALOG,,,,[],True,LEGACY_ALTERNATIVE_TARGET_RESTORED,user-name-only-v1,USER_REVIEWED_NAME_ONLY,경사 트레드밀 걷기 머신,True,REX-000070,"[""GYM""]",walking on incline treadmill,경사 트레드밀 걷기 머신,,,,,"[""ANKLE_FOOT"", ""KNEE""]",GAIT,True,REPRESENTATIVE,False,REX-000070,True,"[""SOURCE_LICENSE_REVIEW_REQUIRED""]",DOMAIN_APPROVED,REX-000070,REPRESENTATIVE_SAFETY_CONTEXT,REVIEW_REQUIRED,"[""HIP""]",,,3666,,,,,,,,,,RESOLVED_INTEGRATED_SOURCE,,,gymvisual,,cardio_gait_machine,,[],DURATION,CARDIO,USER_DIRECT_REVIEW_2026_08_29,COMPLETED,NOT_APPLICABLE,NOT_APPLICABLE,,,,,,,,,,,,,,,[],,,,,,,,USER_DIRECT_REVIEW_2026_08_29,OWNER_BATCH_CONFIRMATION,2026-08-29T00:00:00+09:00
,,,,,CARDIO,RETAINED_CANONICAL,기존 canonical stable code를 재정렬하지 않고 유지한다.,EXISTING_CANONICAL,ACTIVE_CANONICAL_RETAINED,exercise-catalog-v2.0.2-final,60,,,15,60,INTERMEDIATE,NO_POLICY_OVERRIDE,APPROVED,스텝밀 머신(천국의 계단),"[""MACHINE""]",REX-000071,CARDIO_GAIT_MACHINE,,,,,,,[],,,user-name-only-v1,USER_REVIEWED_NAME_ONLY,스텝밀 머신(천국의 계단),True,REX-000071,"[""GYM""]",walking on stepmill,스텝밀 머신(천국의 계단),,,,"[""MAIN""]","[""ANKLE_FOOT"", ""KNEE""]",GAIT,True,REPRESENTATIVE,False,REX-000071,True,"[""SOURCE_LICENSE_REVIEW_REQUIRED""]",DOMAIN_APPROVED,REX-000071,REPRESENTATIVE_SAFETY_CONTEXT,REVIEW_REQUIRED,"[""HIP""]",,Aliaksandr Makatserchyk / Gym visual,2311,"Adjust the stepmill machine to a comfortable level. Step onto the machine and place your hands on the handrails for support. Start walking by placing one foot on a step and then the other, alternating between legs. Maintain an upright posture and engage your core muscles. Continue walking for the desired duration or distance. Gradually increase the intensity or speed as you become more comfortable with the exercise. Remember to cool down and stretch after completing the exercise.","[""Adjust the stepmill machine to a comfortable level."", ""Step onto the machine and place your hands on the handrails for support."", ""Start walking by placing one foot on a step and then the other, alternating between legs."", ""Maintain an upright posture and engage your core muscles."", ""Continue walking for the desired duration or distance."", ""Gradually increase the intensity or speed as you become more comfortable with the exercise."", ""Remember to cool down and stretch after completing the exercise.""]",gymvisual:2311,MIT,j9Q5crt,image:images/2311-j9Q5crt.jpg;gif:videos/2311-j9Q5crt.gif,walking on stepmill,walking on stepmill,,RESOLVED_INTEGRATED_SOURCE,2311,gymvisual,gymvisual,https://github.com/hasaneyldrm/exercises-dataset,cardio_gait_machine_rex_000071,,[],DURATION,CARDIO,USER_DIRECT_REVIEW_2026_08_29,COMPLETED,NOT_APPLICABLE,NOT_APPLICABLE,,2026-08-20T00:00:00+09:00,© Aliaksandr Makatserchyk - Gym visual - https://gymvisual.com/,,,,MIT,MIT License,PARTIALLY_REVIEWED,https://opensource.org/license/mit/,REVIEW_REQUIRED,© Gym visual — https://gymvisual.com/,REVIEW_REQUIRED,APPROVED_FROM_POLICY,[],,,,,,,,USER_DIRECT_REVIEW_2026_08_29,OWNER_BATCH_CONFIRMATION,2026-08-29T00:00:00+09:00
,,,,,MOBILITY,RETAINED_CANONICAL,기존 canonical stable code를 재정렬하지 않고 유지한다.,EXISTING_CANONICAL,ACTIVE_CANONICAL_RETAINED,exercise-catalog-v2.0.2-final,30,,,15,30,INTERMEDIATE,NO_POLICY_OVERRIDE,APPROVED,롤러 등 스트레칭,"[""FOAM_ROLLER""]",REX-000073,ROLLER_BACK_STRETCH,,,RETAINED_FROM_REVIEWED_CATALOG,,,,[],,,user-name-only-v1,USER_REVIEWED_NAME_ONLY,롤러 등 스트레칭,True,REX-000073,"[""HOME"", ""GYM""]",roller back stretch,롤러 등 스트레칭,,,,"[""WARMUP"", ""COOLDOWN""]","[""UPPER_BACK""]",MOBILITY_STRETCH,True,REPRESENTATIVE,True,REX-000073,True,"[""SOURCE_LICENSE_REVIEW_REQUIRED""]",DOMAIN_APPROVED,REX-000073,REPRESENTATIVE_SAFETY_CONTEXT,,"[""LOWER_BACK""]",,Aliaksandr Makatserchyk / Gym visual,2208,"Start by sitting on the ground with your legs extended in front of you. Place the roller perpendicular to your body, just below your glutes. Slowly roll your body backwards, allowing the roller to move up your back. Continue rolling until the roller reaches your upper back. Pause for a moment, then slowly roll back to the starting position. Repeat for the desired number of repetitions.","[""Start by sitting on the ground with your legs extended in front of you."", ""Place the roller perpendicular to your body, just below your glutes."", ""Slowly roll your body backwards, allowing the roller to move up your back."", ""Continue rolling until the roller reaches your upper back."", ""Pause for a moment, then slowly roll back to the starting position."", ""Repeat for the desired number of repetitions.""]",gymvisual:2208,MIT,isofgzg,image:images/2208-isofgzg.jpg;gif:videos/2208-isofgzg.gif,roller back stretch,roller back stretch,,RESOLVED_INTEGRATED_SOURCE,2208,gymvisual,gymvisual,https://github.com/hasaneyldrm/exercises-dataset,roller_back_stretch_mobility_stretch_foam_roller,,,DURATION,MOBILITY,USER_DIRECT_REVIEW_2026_08_29,COMPLETED,NOT_APPLICABLE,NOT_APPLICABLE,,2026-08-20T00:00:00+09:00,© Aliaksandr Makatserchyk - Gym visual - https://gymvisual.com/,,,,MIT,MIT License,PARTIALLY_REVIEWED,https://opensource.org/license/mit/,REVIEW_REQUIRED,© Gym visual — https://gymvisual.com/,REVIEW_REQUIRED,APPROVED_FROM_POLICY,[],,,,,,,,USER_DIRECT_REVIEW_2026_08_29,OWNER_BATCH_CONFIRMATION,2026-08-29T00:00:00+09:00
,,,,,MOBILITY,RETAINED_CANONICAL,기존 canonical stable code를 재정렬하지 않고 유지한다.,EXISTING_CANONICAL,ACTIVE_CANONICAL_RETAINED,exercise-catalog-v2.0.2-final,30,,,15,30,INTERMEDIATE,NO_POLICY_OVERRIDE,APPROVED,롤러 둔근 스트레칭,"[""FOAM_ROLLER""]",REX-000074,ROLLER_HIP_STRETCH,,,RETAINED_FROM_REVIEWED_CATALOG,,,,[],,,user-name-only-v1,USER_REVIEWED_NAME_ONLY,롤러 둔근 스트레칭,True,REX-000074,"[""HOME"", ""GYM""]",roller hip stretch,롤러 둔근 스트레칭,,,,"[""WARMUP"", ""COOLDOWN""]","[""HIP""]",MOBILITY_STRETCH,True,REPRESENTATIVE,True,REX-000074,True,"[""SOURCE_LICENSE_REVIEW_REQUIRED""]",DOMAIN_APPROVED,REX-000074,REPRESENTATIVE_SAFETY_CONTEXT,,"[""LOWER_BACK""]",,Aliaksandr Makatserchyk / Gym visual,2202,"Start by sitting on the ground with your legs extended in front of you. Place the roller under your glutes, just above your knees. Lean back and place your hands on the ground behind you for support. Engage your glutes and slowly roll the roller forward, bending your knees and bringing them towards your chest. Pause for a moment at the end of the movement, feeling a stretch in your glutes. Slowly roll the roller back to the starting position, extending your legs. Repeat for the desired number of repetitions.","[""Start by sitting on the ground with your legs extended in front of you."", ""Place the roller under your glutes, just above your knees."", ""Lean back and place your hands on the ground behind you for support."", ""Engage your glutes and slowly roll the roller forward, bending your knees and bringing them towards your chest."", ""Pause for a moment at the end of the movement, feeling a stretch in your glutes."", ""Slowly roll the roller back to the starting position, extending your legs."", ""Repeat for the desired number of repetitions.""]",gymvisual:2202,MIT,oMypNrz,image:images/2202-oMypNrz.jpg;gif:videos/2202-oMypNrz.gif,roller hip stretch,roller hip stretch,,RESOLVED_INTEGRATED_SOURCE,2202,gymvisual,gymvisual,https://github.com/hasaneyldrm/exercises-dataset,roller_hip_stretch_mobility_stretch_foam_roller,,,DURATION,MOBILITY,USER_DIRECT_REVIEW_2026_08_29,COMPLETED,NOT_APPLICABLE,NOT_APPLICABLE,,2026-08-20T00:00:00+09:00,© Aliaksandr Makatserchyk - Gym visual - https://gymvisual.com/,,,,MIT,MIT License,PARTIALLY_REVIEWED,https://opensource.org/license/mit/,REVIEW_REQUIRED,© Gym visual — https://gymvisual.com/,REVIEW_REQUIRED,APPROVED_FROM_POLICY,[],,,,,,,,USER_DIRECT_REVIEW_2026_08_29,OWNER_BATCH_CONFIRMATION,2026-08-29T00:00:00+09:00
False,,,,,BACK,RESTORED_LEGACY_ALTERNATIVE_TARGET,기존 Alternative target 운동을 일반 운동 풀의 대표운동으로 복원한다.,USER_DIRECT_REVIEW,ACTIVE_CANONICAL_RETAINED,exercise-catalog-v2.0.2-final,90,4,,15,,INTERMEDIATE,CABLE_MACHINE_IS_INTERMEDIATE,APPROVED,로우 머신,"[""CABLE_MACHINE""]",REX-000076,ROW_VARIANT,,REX-000076,RETAINED_FROM_REVIEWED_CATALOG,,,,[],True,LEGACY_ALTERNATIVE_TARGET_RESTORED,user-name-only-v1,USER_REVIEWED_NAME_ONLY,로우 머신,True,REX-000076,"[""GYM""]",Seated Cable Row,로우 머신,,,,,"[""UPPER_BACK""]",HORIZONTAL_PULL,True,REPRESENTATIVE,False,REX-000076,True,"[""SOURCE_LICENSE_REVIEW_REQUIRED""]",DOMAIN_APPROVED,REX-000076,REPRESENTATIVE_SAFETY_CONTEXT,REVIEW_REQUIRED,"[""ELBOW"", ""SHOULDER""]",,,1117,,,,,,,,,,RESOLVED_INTEGRATED_SOURCE,,,wger,,row_variant_horizontal_pull_cable_machine,,[],REPS,STRENGTH,USER_DIRECT_REVIEW_2026_08_29,COMPLETED,NOT_APPLICABLE,NOT_APPLICABLE,,,,,,,,,,,,,,,[],,,,,,,,USER_DIRECT_REVIEW_2026_08_29,OWNER_BATCH_CONFIRMATION,2026-08-29T00:00:00+09:00
,,,,,MOBILITY,RETAINED_CANONICAL,기존 canonical stable code를 재정렬하지 않고 유지한다.,EXISTING_CANONICAL,ACTIVE_CANONICAL_RETAINED,exercise-catalog-v2.0.2-final,30,,,15,30,BEGINNER,NO_POLICY_OVERRIDE,APPROVED,러너스 스트레칭,"[""BODYWEIGHT""]",REX-000077,RUNNERS_STRETCH,,,RETAINED_FROM_REVIEWED_CATALOG,,,,[],,,user-name-only-v1,USER_REVIEWED_NAME_ONLY,러너스 스트레칭,True,REX-000077,"[""HOME"", ""GYM""]",runners stretch,러너스 스트레칭,,,,"[""WARMUP"", ""COOLDOWN""]","[""ANKLE_FOOT"", ""KNEE""]",MOBILITY_STRETCH,True,REPRESENTATIVE,True,REX-000077,True,"[""SOURCE_LICENSE_REVIEW_REQUIRED""]",DOMAIN_APPROVED,REX-000077,REPRESENTATIVE_SAFETY_CONTEXT,,"[""HIP""]",,Aliaksandr Makatserchyk / Gym visual,1585,"Stand with your feet hip-width apart. Take a step forward with your right foot, keeping your left foot planted. Bend your right knee and lower your body down, keeping your left leg straight. Place your hands on your right thigh for support. Hold the stretch for 20-30 seconds, then switch sides and repeat.","[""Stand with your feet hip-width apart."", ""Take a step forward with your right foot, keeping your left foot planted."", ""Bend your right knee and lower your body down, keeping your left leg straight."", ""Place your hands on your right thigh for support."", ""Hold the stretch for 20-30 seconds, then switch sides and repeat.""]",gymvisual:1585,MIT,0mB6wHO,image:images/1585-0mB6wHO.jpg;gif:videos/1585-0mB6wHO.gif,runners stretch,runners stretch,,RESOLVED_INTEGRATED_SOURCE,1585,gymvisual,gymvisual,https://github.com/hasaneyldrm/exercises-dataset,runners_stretch_mobility_stretch_bodyweight,,,DURATION,MOBILITY,USER_DIRECT_REVIEW_2026_08_29,COMPLETED,NOT_APPLICABLE,NOT_APPLICABLE,,2026-08-20T00:00:00+09:00,© Aliaksandr Makatserchyk - Gym visual - https://gymvisual.com/,,,,MIT,MIT License,PARTIALLY_REVIEWED,https://opensource.org/license/mit/,REVIEW_REQUIRED,© Gym visual — https://gymvisual.com/,REVIEW_REQUIRED,APPROVED_FROM_POLICY,[],,,,,,,,USER_DIRECT_REVIEW_2026_08_29,OWNER_BATCH_CONFIRMATION,2026-08-29T00:00:00+09:00
False,,,,,BACK,RESTORED_LEGACY_ALTERNATIVE_TARGET,기존 Alternative target 운동을 일반 운동 풀의 대표운동으로 복원한다.,USER_DIRECT_REVIEW,ACTIVE_CANONICAL_RETAINED,exercise-catalog-v2.0.2-final,90,4,,15,,INTERMEDIATE,CABLE_MACHINE_IS_INTERMEDIATE,APPROVED,시티드 케이블 로우 머신,"[""CABLE_MACHINE""]",REX-000079,SEATED_CABLE_ROW,,REX-000079,RETAINED_FROM_REVIEWED_CATALOG,,,,[],True,LEGACY_ALTERNATIVE_TARGET_RESTORED,user-name-only-v1,USER_REVIEWED_NAME_ONLY,시티드 케이블 로우 머신,True,REX-000079,"[""GYM""]",cable seated row,시티드 케이블 로우 머신,,,,,"[""UPPER_BACK""]",HORIZONTAL_PULL,True,REPRESENTATIVE,False,REX-000079,True,"[""SOURCE_LICENSE_REVIEW_REQUIRED""]",DOMAIN_APPROVED,REX-000079,REPRESENTATIVE_SAFETY_CONTEXT,REVIEW_REQUIRED,"[""SHOULDER"", ""ELBOW""]",,,0861,,,,,,,,,,RESOLVED_INTEGRATED_SOURCE,,,gymvisual,,seated_cable_row_horizontal_pull_cable_machine,,[],REPS,STRENGTH,USER_DIRECT_REVIEW_2026_08_29,COMPLETED,NOT_APPLICABLE,NOT_APPLICABLE,,,,,,,,,,,,,,,[],,,,,,,,USER_DIRECT_REVIEW_2026_08_29,OWNER_BATCH_CONFIRMATION,2026-08-29T00:00:00+09:00
,,,,,CALVES,RETAINED_CANONICAL,기존 canonical stable code를 재정렬하지 않고 유지한다.,EXISTING_CANONICAL,ACTIVE_CANONICAL_RETAINED,exercise-catalog-v2.0.2-final,90,4,,15,,BEGINNER,NO_POLICY_OVERRIDE,APPROVED,바벨 시티드 카프 레이즈,"[""BARBELL""]",REX-000080,SEATED_CALF_RAISE,,,RETAINED_FROM_REVIEWED_CATALOG,,,,[],,,user-name-only-v1,USER_REVIEWED_NAME_ONLY,바벨 시티드 카프 레이즈,True,REX-000080,"[""GYM""]",barbell seated calf raise,바벨 시티드 카프 레이즈,,,,"[""MAIN""]","[""ANKLE_FOOT""]",ISOLATION,True,REPRESENTATIVE,False,REX-000080,True,"[""SOURCE_LICENSE_REVIEW_REQUIRED""]",DOMAIN_APPROVED,REX-000080,REPRESENTATIVE_SAFETY_CONTEXT,,"[""KNEE""]",,Aliaksandr Makatserchyk / Gym visual,0088,"Sit on a bench with your feet flat on the floor and a barbell resting on your thighs. Place the balls of your feet on a raised platform, such as a block or step. Position the barbell across your thighs and hold it securely with your hands. Keeping your back straight and your core engaged, lift your heels off the ground by extending your ankles. Pause for a moment at the top, then slowly lower your heels back down to the starting position. Repeat for the desired number of repetitions.","[""Sit on a bench with your feet flat on the floor and a barbell resting on your thighs."", ""Place the balls of your feet on a raised platform, such as a block or step."", ""Position the barbell across your thighs and hold it securely with your hands."", ""Keeping your back straight and your core engaged, lift your heels off the ground by extending your ankles."", ""Pause for a moment at the top, then slowly lower your heels back down to the starting position."", ""Repeat for the desired number of repetitions.""]",gymvisual:0088,MIT,ktsFQAZ,image:images/0088-ktsFQAZ.jpg;gif:videos/0088-ktsFQAZ.gif,barbell seated calf raise,barbell seated calf raise,,RESOLVED_INTEGRATED_SOURCE,0088,gymvisual,gymvisual,https://github.com/hasaneyldrm/exercises-dataset,seated_calf_raise_isolation_barbell,,,REPS,STRENGTH,USER_DIRECT_REVIEW_2026_08_29,COMPLETED,NOT_APPLICABLE,NOT_APPLICABLE,,2026-08-20T00:00:00+09:00,© Aliaksandr Makatserchyk - Gym visual - https://gymvisual.com/,,,,MIT,MIT License,PARTIALLY_REVIEWED,https://opensource.org/license/mit/,REVIEW_REQUIRED,© Gym visual — https://gymvisual.com/,REVIEW_REQUIRED,APPROVED_FROM_POLICY,[],,,,,,,,USER_DIRECT_REVIEW_2026_08_29,OWNER_BATCH_CONFIRMATION,2026-08-29T00:00:00+09:00
,,,,,MOBILITY,RETAINED_CANONICAL,기존 canonical stable code를 재정렬하지 않고 유지한다.,EXISTING_CANONICAL,ACTIVE_CANONICAL_RETAINED,exercise-catalog-v2.0.2-final,30,,,15,30,BEGINNER,NO_POLICY_OVERRIDE,APPROVED,앉아서 종아리 스트레칭,"[""BODYWEIGHT""]",REX-000081,SEATED_CALF_STRETCH,,,RETAINED_FROM_REVIEWED_CATALOG,,,,[],,,user-name-only-v1,USER_REVIEWED_NAME_ONLY,앉아서 종아리 스트레칭,True,REX-000081,"[""HOME"", ""GYM""]",seated calf stretch (male),앉아서 종아리 스트레칭,,,,"[""WARMUP"", ""COOLDOWN""]","[""ANKLE_FOOT""]",MOBILITY_STRETCH,True,REPRESENTATIVE,True,REX-000081,True,"[""SOURCE_LICENSE_REVIEW_REQUIRED""]",DOMAIN_APPROVED,REX-000081,REPRESENTATIVE_SAFETY_CONTEXT,,"[""KNEE""]",,Aliaksandr Makatserchyk / Gym visual,1390,"Sit on the edge of a chair or bench with your feet flat on the ground. Extend one leg straight out in front of you, keeping your heel on the ground. Lean forward slightly, feeling a stretch in your calf muscle. Hold the stretch for 20-30 seconds. Switch legs and repeat the stretch.","[""Sit on the edge of a chair or bench with your feet flat on the ground."", ""Extend one leg straight out in front of you, keeping your heel on the ground."", ""Lean forward slightly, feeling a stretch in your calf muscle."", ""Hold the stretch for 20-30 seconds."", ""Switch legs and repeat the stretch.""]",gymvisual:1390,MIT,17bqEXD,image:images/1390-17bqEXD.jpg;gif:videos/1390-17bqEXD.gif,seated calf stretch (male),seated calf stretch (male),,RESOLVED_INTEGRATED_SOURCE,1390,gymvisual,gymvisual,https://github.com/hasaneyldrm/exercises-dataset,seated_calf_stretch_mobility_stretch_bodyweight,,,DURATION,MOBILITY,USER_DIRECT_REVIEW_2026_08_29,COMPLETED,NOT_APPLICABLE,NOT_APPLICABLE,,2026-08-20T00:00:00+09:00,© Aliaksandr Makatserchyk - Gym visual - https://gymvisual.com/,,,,MIT,MIT License,PARTIALLY_REVIEWED,https://opensource.org/license/mit/,REVIEW_REQUIRED,© Gym visual — https://gymvisual.com/,REVIEW_REQUIRED,APPROVED_FROM_POLICY,[],,,,,,,,USER_DIRECT_REVIEW_2026_08_29,OWNER_BATCH_CONFIRMATION,2026-08-29T00:00:00+09:00
,,,,,MOBILITY,RETAINED_CANONICAL,기존 canonical stable code를 재정렬하지 않고 유지한다.,EXISTING_CANONICAL,ACTIVE_CANONICAL_RETAINED,exercise-catalog-v2.0.2-final,30,,,15,30,BEGINNER,NO_POLICY_OVERRIDE,APPROVED,앉아서 둔근 스트레칭,"[""BODYWEIGHT""]",REX-000082,SEATED_GLUTE_STRETCH,,,RETAINED_FROM_REVIEWED_CATALOG,,,,[],,,user-name-only-v1,USER_REVIEWED_NAME_ONLY,앉아서 둔근 스트레칭,True,REX-000082,"[""HOME"", ""GYM""]",seated glute stretch,앉아서 둔근 스트레칭,,,,"[""WARMUP"", ""COOLDOWN""]","[""HIP""]",MOBILITY_STRETCH,True,REPRESENTATIVE,True,REX-000082,True,"[""SOURCE_LICENSE_REVIEW_REQUIRED""]",DOMAIN_APPROVED,REX-000082,REPRESENTATIVE_SAFETY_CONTEXT,,"[""KNEE""]",,Aliaksandr Makatserchyk / Gym visual,1424,"Sit on the ground with your legs extended in front of you. Bend your right knee and cross your right ankle over your left thigh. Place your right hand on the ground behind you for support. With your left hand, gently press down on your right knee to deepen the stretch. Hold the stretch for 30 seconds to 1 minute. Switch sides and repeat.","[""Sit on the ground with your legs extended in front of you."", ""Bend your right knee and cross your right ankle over your left thigh."", ""Place your right hand on the ground behind you for support."", ""With your left hand, gently press down on your right knee to deepen the stretch."", ""Hold the stretch for 30 seconds to 1 minute."", ""Switch sides and repeat.""]",gymvisual:1424,MIT,DeDThfG,image:images/1424-DeDThfG.jpg;gif:videos/1424-DeDThfG.gif,seated glute stretch,seated glute stretch,,RESOLVED_INTEGRATED_SOURCE,1424,gymvisual,gymvisual,https://github.com/hasaneyldrm/exercises-dataset,seated_glute_stretch_mobility_stretch_bodyweight,,,DURATION,MOBILITY,USER_DIRECT_REVIEW_2026_08_29,COMPLETED,NOT_APPLICABLE,NOT_APPLICABLE,,2026-08-20T00:00:00+09:00,© Aliaksandr Makatserchyk - Gym visual - https://gymvisual.com/,,,,MIT,MIT License,PARTIALLY_REVIEWED,https://opensource.org/license/mit/,REVIEW_REQUIRED,© Gym visual — https://gymvisual.com/,REVIEW_REQUIRED,APPROVED_FROM_POLICY,[],,,,,,,,USER_DIRECT_REVIEW_2026_08_29,OWNER_BATCH_CONFIRMATION,2026-08-29T00:00:00+09:00
False,,,,,HAMSTRINGS,RESTORED_LEGACY_ALTERNATIVE_TARGET,기존 Alternative target 운동을 일반 운동 풀의 대표운동으로 복원한다.,USER_DIRECT_REVIEW,ACTIVE_CANONICAL_RETAINED,exercise-catalog-v2.0.2-final,90,4,,15,,BEGINNER,NO_POLICY_OVERRIDE,APPROVED,레그 컬 머신,"[""MACHINE""]",REX-000083,SEATED_LEG_CURL,,REX-000083,RETAINED_FROM_REVIEWED_CATALOG,,,,[],True,LEGACY_ALTERNATIVE_TARGET_RESTORED,user-name-only-v1,USER_REVIEWED_NAME_ONLY,레그 컬 머신,True,REX-000083,"[""GYM""]",lever seated leg curl,레그 컬 머신,,,,,"[""KNEE""]",KNEE_FLEXION,True,REPRESENTATIVE,False,REX-000083,True,"[""SOURCE_LICENSE_REVIEW_REQUIRED""]",DOMAIN_APPROVED,REX-000083,REPRESENTATIVE_SAFETY_CONTEXT,REVIEW_REQUIRED,"[""HIP""]",,,0599,,,,,,,,,,RESOLVED_INTEGRATED_SOURCE,,,gymvisual,,seated_leg_curl_knee_flexion_machine,,[],REPS,STRENGTH,USER_DIRECT_REVIEW_2026_08_29,COMPLETED,NOT_APPLICABLE,NOT_APPLICABLE,,,,,,,,,,,,,,,[],,,,,,,,USER_DIRECT_REVIEW_2026_08_29,OWNER_BATCH_CONFIRMATION,2026-08-29T00:00:00+09:00
,,,,,MOBILITY,RETAINED_CANONICAL,기존 canonical stable code를 재정렬하지 않고 유지한다.,EXISTING_CANONICAL,ACTIVE_CANONICAL_RETAINED,exercise-catalog-v2.0.2-final,30,,,15,30,BEGINNER,NO_POLICY_OVERRIDE,APPROVED,앉아서 허리 스트레칭,"[""BODYWEIGHT""]",REX-000084,SEATED_LOWER_BACK_STRETCH,,,RETAINED_FROM_REVIEWED_CATALOG,,,,[],,,user-name-only-v1,USER_REVIEWED_NAME_ONLY,앉아서 허리 스트레칭,True,REX-000084,"[""HOME"", ""GYM""]",seated lower back stretch,앉아서 허리 스트레칭,,,,"[""WARMUP"", ""COOLDOWN""]","[""LOWER_BACK""]",MOBILITY_STRETCH,True,REPRESENTATIVE,True,REX-000084,True,"[""SOURCE_LICENSE_REVIEW_REQUIRED""]",DOMAIN_APPROVED,REX-000084,REPRESENTATIVE_SAFETY_CONTEXT,,"[""UPPER_BACK"", ""ABDOMEN""]",,Aliaksandr Makatserchyk / Gym visual,0690,"Sit on the edge of a chair with your feet flat on the ground. Place your hands on your thighs or on the sides of the chair for support. Slowly lean forward from your hips, keeping your back straight. Feel the stretch in your lower back and hold for 20-30 seconds. Slowly return to the starting position and repeat for the desired number of repetitions.","[""Sit on the edge of a chair with your feet flat on the ground."", ""Place your hands on your thighs or on the sides of the chair for support."", ""Slowly lean forward from your hips, keeping your back straight."", ""Feel the stretch in your lower back and hold for 20-30 seconds."", ""Slowly return to the starting position and repeat for the desired number of repetitions.""]",gymvisual:0690,MIT,QFmz6ch,image:images/0690-QFmz6ch.jpg;gif:videos/0690-QFmz6ch.gif,seated lower back stretch,seated lower back stretch,,RESOLVED_INTEGRATED_SOURCE,0690,gymvisual,gymvisual,https://github.com/hasaneyldrm/exercises-dataset,seated_lower_back_stretch_mobility_stretch_bodyweight,,,DURATION,MOBILITY,USER_DIRECT_REVIEW_2026_08_29,COMPLETED,NOT_APPLICABLE,NOT_APPLICABLE,,2026-08-20T00:00:00+09:00,© Aliaksandr Makatserchyk - Gym visual - https://gymvisual.com/,,,,MIT,MIT License,PARTIALLY_REVIEWED,https://opensource.org/license/mit/,REVIEW_REQUIRED,© Gym visual — https://gymvisual.com/,REVIEW_REQUIRED,APPROVED_FROM_POLICY,[],,,,,,,,USER_DIRECT_REVIEW_2026_08_29,OWNER_BATCH_CONFIRMATION,2026-08-29T00:00:00+09:00
,,,,,MOBILITY,RETAINED_CANONICAL,기존 canonical stable code를 재정렬하지 않고 유지한다.,EXISTING_CANONICAL,ACTIVE_CANONICAL_RETAINED,exercise-catalog-v2.0.2-final,30,,,15,30,BEGINNER,NO_POLICY_OVERRIDE,APPROVED,앉아서 이상근 스트레칭,"[""BODYWEIGHT""]",REX-000085,SEATED_PIRIFORMIS_STRETCH,,,RETAINED_FROM_REVIEWED_CATALOG,,,,[],,,user-name-only-v1,USER_REVIEWED_NAME_ONLY,앉아서 이상근 스트레칭,True,REX-000085,"[""HOME"", ""GYM""]",seated piriformis stretch,앉아서 이상근 스트레칭,,,,"[""WARMUP"", ""COOLDOWN""]","[""HIP""]",MOBILITY_STRETCH,True,REPRESENTATIVE,True,REX-000085,True,"[""SOURCE_LICENSE_REVIEW_REQUIRED""]",DOMAIN_APPROVED,REX-000085,REPRESENTATIVE_SAFETY_CONTEXT,,"[""KNEE""]",,Aliaksandr Makatserchyk / Gym visual,2567,"Sit on the ground with your legs extended in front of you. Bend your right knee and place your right foot on the outside of your left knee. Place your left elbow on the outside of your right knee and gently twist your torso to the right. Hold the stretch for 20-30 seconds, then switch sides and repeat.","[""Sit on the ground with your legs extended in front of you."", ""Bend your right knee and place your right foot on the outside of your left knee."", ""Place your left elbow on the outside of your right knee and gently twist your torso to the right."", ""Hold the stretch for 20-30 seconds, then switch sides and repeat.""]",gymvisual:2567,MIT,QY39eBr,image:images/2567-QY39eBr.jpg;gif:videos/2567-QY39eBr.gif,seated piriformis stretch,seated piriformis stretch,,RESOLVED_INTEGRATED_SOURCE,2567,gymvisual,gymvisual,https://github.com/hasaneyldrm/exercises-dataset,seated_piriformis_stretch_mobility_stretch_bodyweight,,,DURATION,MOBILITY,USER_DIRECT_REVIEW_2026_08_29,COMPLETED,NOT_APPLICABLE,NOT_APPLICABLE,,2026-08-20T00:00:00+09:00,© Aliaksandr Makatserchyk - Gym visual - https://gymvisual.com/,,,,MIT,MIT License,PARTIALLY_REVIEWED,https://opensource.org/license/mit/,REVIEW_REQUIRED,© Gym visual — https://gymvisual.com/,REVIEW_REQUIRED,APPROVED_FROM_POLICY,[],,,,,,,,USER_DIRECT_REVIEW_2026_08_29,OWNER_BATCH_CONFIRMATION,2026-08-29T00:00:00+09:00
,,,,,MOBILITY,RETAINED_CANONICAL,기존 canonical stable code를 재정렬하지 않고 유지한다.,EXISTING_CANONICAL,ACTIVE_CANONICAL_RETAINED,exercise-catalog-v2.0.2-final,30,,,15,30,INTERMEDIATE,NO_POLICY_OVERRIDE,APPROVED,시티드 와이드 앵글 스트레칭,"[""BODYWEIGHT""]",REX-000087,SEATED_WIDE_ANGLE_STRETCH,,,RETAINED_FROM_REVIEWED_CATALOG,,,,[],,,user-name-only-v1,USER_REVIEWED_NAME_ONLY,시티드 와이드 앵글 스트레칭,True,REX-000087,"[""HOME"", ""GYM""]",seated wide angle pose sequence,시티드 와이드 앵글 스트레칭,,,,"[""WARMUP"", ""COOLDOWN""]","[""HIP"", ""KNEE""]",MOBILITY_STRETCH,True,REPRESENTATIVE,True,REX-000087,True,"[""SOURCE_LICENSE_REVIEW_REQUIRED""]",DOMAIN_APPROVED,REX-000087,REPRESENTATIVE_SAFETY_CONTEXT,,[],,Aliaksandr Makatserchyk / Gym visual,1587,"Sit on the ground with your legs extended in a wide angle. Flex your feet and engage your quadriceps. Place your hands on the ground behind you for support. Keeping your back straight, lean forward from your hips. Continue leaning forward until you feel a stretch in your hamstrings. Hold this position for a few breaths. Slowly release the stretch and return to the starting position. Repeat for the desired number of repetitions.","[""Sit on the ground with your legs extended in a wide angle."", ""Flex your feet and engage your quadriceps."", ""Place your hands on the ground behind you for support."", ""Keeping your back straight, lean forward from your hips."", ""Continue leaning forward until you feel a stretch in your hamstrings."", ""Hold this position for a few breaths."", ""Slowly release the stretch and return to the starting position."", ""Repeat for the desired number of repetitions.""]",gymvisual:1587,MIT,HIgYKAB,image:images/1587-HIgYKAB.jpg;gif:videos/1587-HIgYKAB.gif,seated wide angle pose sequence,seated wide angle pose sequence,,RESOLVED_INTEGRATED_SOURCE,1587,gymvisual,gymvisual,https://github.com/hasaneyldrm/exercises-dataset,seated_wide_angle_stretch_mobility_stretch_bodyweight,,,DURATION,MOBILITY,USER_DIRECT_REVIEW_2026_08_29,COMPLETED,NOT_APPLICABLE,NOT_APPLICABLE,,2026-08-20T00:00:00+09:00,© Aliaksandr Makatserchyk - Gym visual - https://gymvisual.com/,,,,MIT,MIT License,PARTIALLY_REVIEWED,https://opensource.org/license/mit/,REVIEW_REQUIRED,© Gym visual — https://gymvisual.com/,REVIEW_REQUIRED,APPROVED_FROM_POLICY,[],,,,,,,,USER_DIRECT_REVIEW_2026_08_29,OWNER_BATCH_CONFIRMATION,2026-08-29T00:00:00+09:00
,,,,,MOBILITY,RETAINED_CANONICAL,기존 canonical stable code를 재정렬하지 않고 유지한다.,EXISTING_CANONICAL,ACTIVE_CANONICAL_RETAINED,exercise-catalog-v2.0.2-final,30,,,15,30,BEGINNER,NO_POLICY_OVERRIDE,APPROVED,옆으로 누워 대퇴사두근 스트레칭,"[""BODYWEIGHT""]",REX-000088,SIDE_LYING_QUADRICEPS_STRETCH,,,RETAINED_FROM_REVIEWED_CATALOG,,,,[],,,user-name-only-v1,USER_REVIEWED_NAME_ONLY,옆으로 누워 대퇴사두근 스트레칭,True,REX-000088,"[""HOME"", ""GYM""]",lying (side) quads stretch,옆으로 누워 대퇴사두근 스트레칭,,,,"[""WARMUP"", ""COOLDOWN""]","[""KNEE""]",MOBILITY_STRETCH,True,REPRESENTATIVE,True,REX-000088,True,"[""SOURCE_LICENSE_REVIEW_REQUIRED""]",DOMAIN_APPROVED,REX-000088,REPRESENTATIVE_SAFETY_CONTEXT,,"[""HIP""]",,Aliaksandr Makatserchyk / Gym visual,0613,Lie on your side with your legs straight. Bend your top leg and grab your ankle or foot with your hand. Gently pull your ankle or foot towards your glutes until you feel a stretch in your quads. Hold the stretch for 20-30 seconds. Release the stretch and repeat on the other side.,"[""Lie on your side with your legs straight."", ""Bend your top leg and grab your ankle or foot with your hand."", ""Gently pull your ankle or foot towards your glutes until you feel a stretch in your quads."", ""Hold the stretch for 20-30 seconds."", ""Release the stretch and repeat on the other side.""]",gymvisual:0613,MIT,BWnJR72,image:images/0613-BWnJR72.jpg;gif:videos/0613-BWnJR72.gif,lying (side) quads stretch,lying (side) quads stretch,,RESOLVED_INTEGRATED_SOURCE,0613,gymvisual,gymvisual,https://github.com/hasaneyldrm/exercises-dataset,side_lying_quadriceps_stretch_mobility_stretch_bodyweight,,,DURATION,MOBILITY,USER_DIRECT_REVIEW_2026_08_29,COMPLETED,NOT_APPLICABLE,NOT_APPLICABLE,,2026-08-20T00:00:00+09:00,© Aliaksandr Makatserchyk - Gym visual - https://gymvisual.com/,,,,MIT,MIT License,PARTIALLY_REVIEWED,https://opensource.org/license/mit/,REVIEW_REQUIRED,© Gym visual — https://gymvisual.com/,REVIEW_REQUIRED,APPROVED_FROM_POLICY,[],,,,,,,,USER_DIRECT_REVIEW_2026_08_29,OWNER_BATCH_CONFIRMATION,2026-08-29T00:00:00+09:00
,,,,,MOBILITY,RETAINED_CANONICAL,기존 canonical stable code를 재정렬하지 않고 유지한다.,EXISTING_CANONICAL,ACTIVE_CANONICAL_RETAINED,exercise-catalog-v2.0.2-final,30,,,15,30,BEGINNER,NO_POLICY_OVERRIDE,APPROVED,손목 당기기 스트레칭,"[""BODYWEIGHT""]",REX-000089,SIDE_WRIST_PULL_STRETCH,,,RETAINED_FROM_REVIEWED_CATALOG,,,,[],,,user-name-only-v1,USER_REVIEWED_NAME_ONLY,손목 당기기 스트레칭,True,REX-000089,"[""HOME"", ""GYM""]",side wrist pull stretch,손목 당기기 스트레칭,,,,"[""WARMUP"", ""COOLDOWN""]","[""WRIST_HAND""]",MOBILITY_STRETCH,True,REPRESENTATIVE,True,REX-000089,True,"[""SOURCE_LICENSE_REVIEW_REQUIRED""]",DOMAIN_APPROVED,REX-000089,REPRESENTATIVE_SAFETY_CONTEXT,,"[""ELBOW""]",,Aliaksandr Makatserchyk / Gym visual,0721,"Stand with your feet shoulder-width apart and your arms extended in front of you. Extend your right arm out to the side, parallel to the ground, with your palm facing down. With your left hand, grab your right hand and gently pull it towards your body, feeling a stretch in your right forearm. Hold the stretch for 15-30 seconds, then release. Repeat on the other side.","[""Stand with your feet shoulder-width apart and your arms extended in front of you."", ""Extend your right arm out to the side, parallel to the ground, with your palm facing down."", ""With your left hand, grab your right hand and gently pull it towards your body, feeling a stretch in your right forearm."", ""Hold the stretch for 15-30 seconds, then release."", ""Repeat on the other side.""]",gymvisual:0721,MIT,UtmIqcI,image:images/0721-UtmIqcI.jpg;gif:videos/0721-UtmIqcI.gif,side wrist pull stretch,side wrist pull stretch,,RESOLVED_INTEGRATED_SOURCE,0721,gymvisual,gymvisual,https://github.com/hasaneyldrm/exercises-dataset,side_wrist_pull_stretch_mobility_stretch_bodyweight,,,DURATION,MOBILITY,USER_DIRECT_REVIEW_2026_08_29,COMPLETED,NOT_APPLICABLE,NOT_APPLICABLE,,2026-08-20T00:00:00+09:00,© Aliaksandr Makatserchyk - Gym visual - https://gymvisual.com/,,,,MIT,MIT License,PARTIALLY_REVIEWED,https://opensource.org/license/mit/,REVIEW_REQUIRED,© Gym visual — https://gymvisual.com/,REVIEW_REQUIRED,APPROVED_FROM_POLICY,[],,,,,,,,USER_DIRECT_REVIEW_2026_08_29,OWNER_BATCH_CONFIRMATION,2026-08-29T00:00:00+09:00
,,,,,MOBILITY,RETAINED_CANONICAL,기존 canonical stable code를 재정렬하지 않고 유지한다.,EXISTING_CANONICAL,ACTIVE_CANONICAL_RETAINED,exercise-catalog-v2.0.2-final,30,,,15,30,BEGINNER,NO_POLICY_OVERRIDE,APPROVED,척추 스트레칭,"[""BODYWEIGHT""]",REX-000091,SPINE_STRETCH,,,RETAINED_FROM_REVIEWED_CATALOG,,,,[],,,user-name-only-v1,USER_REVIEWED_NAME_ONLY,척추 스트레칭,True,REX-000091,"[""HOME"", ""GYM""]",spine stretch,척추 스트레칭,,,,"[""WARMUP"", ""COOLDOWN""]","[""UPPER_BACK"", ""LOWER_BACK""]",MOBILITY_STRETCH,True,REPRESENTATIVE,True,REX-000091,True,"[""SOURCE_LICENSE_REVIEW_REQUIRED""]",DOMAIN_APPROVED,REX-000091,REPRESENTATIVE_SAFETY_CONTEXT,,"[""ABDOMEN""]",,Aliaksandr Makatserchyk / Gym visual,1363,"Sit on the ground with your legs extended in front of you. Place your hands on the ground behind you, fingers pointing towards your body. Engage your core and slowly lean back, keeping your back straight. Continue leaning back until you feel a stretch in your spine. Hold the stretch for a few seconds, then slowly return to the starting position. Repeat for the desired number of repetitions.","[""Sit on the ground with your legs extended in front of you."", ""Place your hands on the ground behind you, fingers pointing towards your body."", ""Engage your core and slowly lean back, keeping your back straight."", ""Continue leaning back until you feel a stretch in your spine."", ""Hold the stretch for a few seconds, then slowly return to the starting position."", ""Repeat for the desired number of repetitions.""]",gymvisual:1363,MIT,JbC2iaV,image:images/1363-JbC2iaV.jpg;gif:videos/1363-JbC2iaV.gif,spine stretch,spine stretch,,RESOLVED_INTEGRATED_SOURCE,1363,gymvisual,gymvisual,https://github.com/hasaneyldrm/exercises-dataset,spine_stretch_mobility_stretch_bodyweight,,,DURATION,MOBILITY,USER_DIRECT_REVIEW_2026_08_29,COMPLETED,NOT_APPLICABLE,NOT_APPLICABLE,,2026-08-20T00:00:00+09:00,© Aliaksandr Makatserchyk - Gym visual - https://gymvisual.com/,,,,MIT,MIT License,PARTIALLY_REVIEWED,https://opensource.org/license/mit/,REVIEW_REQUIRED,© Gym visual — https://gymvisual.com/,REVIEW_REQUIRED,APPROVED_FROM_POLICY,[],,,,,,,,USER_DIRECT_REVIEW_2026_08_29,OWNER_BATCH_CONFIRMATION,2026-08-29T00:00:00+09:00
,,,,,MOBILITY,RETAINED_CANONICAL,기존 canonical stable code를 재정렬하지 않고 유지한다.,EXISTING_CANONICAL,ACTIVE_CANONICAL_RETAINED,exercise-catalog-v2.0.2-final,30,,,15,30,BEGINNER,NO_POLICY_OVERRIDE,APPROVED,스트랩 햄스트링·종아리 스트레칭,"[""STRETCH_STRAP""]",REX-000094,STANDING_HAMSTRING_CALF_STRAP_STRETCH,,,RETAINED_FROM_REVIEWED_CATALOG,,,,[],,,user-name-only-v1,USER_REVIEWED_NAME_ONLY,스트랩 햄스트링·종아리 스트레칭,True,REX-000094,"[""GYM""]",standing hamstring and calf stretch with strap,스트랩 햄스트링·종아리 스트레칭,,,,"[""WARMUP"", ""COOLDOWN""]","[""KNEE"", ""ANKLE_FOOT""]",MOBILITY_STRETCH,True,REPRESENTATIVE,True,REX-000094,True,"[""SOURCE_LICENSE_REVIEW_REQUIRED""]",DOMAIN_APPROVED,REX-000094,REPRESENTATIVE_SAFETY_CONTEXT,,"[""HIP""]",,Aliaksandr Makatserchyk / Gym visual,1599,"Stand upright with your feet shoulder-width apart. Hold the strap with both hands and place it around the ball of your foot. Keep your leg straight and slowly lean forward from your hips, keeping your back straight. Feel the stretch in your hamstring and calf muscles. Hold the stretch for 20-30 seconds. Release the stretch and repeat with the other leg. Repeat for the desired number of repetitions.","[""Stand upright with your feet shoulder-width apart."", ""Hold the strap with both hands and place it around the ball of your foot."", ""Keep your leg straight and slowly lean forward from your hips, keeping your back straight."", ""Feel the stretch in your hamstring and calf muscles."", ""Hold the stretch for 20-30 seconds."", ""Release the stretch and repeat with the other leg."", ""Repeat for the desired number of repetitions.""]",gymvisual:1599,MIT,xTjr103,image:images/1599-xTjr103.jpg;gif:videos/1599-xTjr103.gif,standing hamstring and calf stretch with strap,standing hamstring and calf stretch with strap,,RESOLVED_INTEGRATED_SOURCE,1599,gymvisual,gymvisual,https://github.com/hasaneyldrm/exercises-dataset,standing_hamstring_calf_strap_stretch_mobility_stretch_stretch_strap,,,DURATION,MOBILITY,USER_DIRECT_REVIEW_2026_08_29,COMPLETED,NOT_APPLICABLE,NOT_APPLICABLE,,2026-08-20T00:00:00+09:00,© Aliaksandr Makatserchyk - Gym visual - https://gymvisual.com/,,,,MIT,MIT License,PARTIALLY_REVIEWED,https://opensource.org/license/mit/,REVIEW_REQUIRED,© Gym visual — https://gymvisual.com/,REVIEW_REQUIRED,APPROVED_FROM_POLICY,[],,,,,,,,USER_DIRECT_REVIEW_2026_08_29,OWNER_BATCH_CONFIRMATION,2026-08-29T00:00:00+09:00
,,,,,MOBILITY,RETAINED_CANONICAL,기존 canonical stable code를 재정렬하지 않고 유지한다.,EXISTING_CANONICAL,ACTIVE_CANONICAL_RETAINED,exercise-catalog-v2.0.2-final,30,,,15,30,BEGINNER,NO_POLICY_OVERRIDE,APPROVED,서서 옆구리 스트레칭,"[""BODYWEIGHT""]",REX-000095,STANDING_LATERAL_STRETCH,,,RETAINED_FROM_REVIEWED_CATALOG,,,,[],,,user-name-only-v1,USER_REVIEWED_NAME_ONLY,서서 옆구리 스트레칭,True,REX-000095,"[""HOME"", ""GYM""]",standing lateral stretch,서서 옆구리 스트레칭,,,,"[""WARMUP"", ""COOLDOWN""]","[""UPPER_BACK""]",MOBILITY_STRETCH,True,REPRESENTATIVE,True,REX-000095,True,"[""SOURCE_LICENSE_REVIEW_REQUIRED""]",DOMAIN_APPROVED,REX-000095,REPRESENTATIVE_SAFETY_CONTEXT,,"[""LOWER_BACK"", ""ABDOMEN""]",,Aliaksandr Makatserchyk / Gym visual,0794,"Stand with your feet shoulder-width apart and your knees slightly bent. Extend your arms straight out to the sides, parallel to the ground. Slowly lean your upper body to one side, feeling a stretch in your side and lats. Hold the stretch for 15-30 seconds. Return to the starting position and repeat on the other side. Repeat for the desired number of repetitions.","[""Stand with your feet shoulder-width apart and your knees slightly bent."", ""Extend your arms straight out to the sides, parallel to the ground."", ""Slowly lean your upper body to one side, feeling a stretch in your side and lats."", ""Hold the stretch for 15-30 seconds."", ""Return to the starting position and repeat on the other side."", ""Repeat for the desired number of repetitions.""]",gymvisual:0794,MIT,1jXLYEw,image:images/0794-1jXLYEw.jpg;gif:videos/0794-1jXLYEw.gif,standing lateral stretch,standing lateral stretch,,RESOLVED_INTEGRATED_SOURCE,0794,gymvisual,gymvisual,https://github.com/hasaneyldrm/exercises-dataset,standing_lateral_stretch_mobility_stretch_bodyweight,,,DURATION,MOBILITY,USER_DIRECT_REVIEW_2026_08_29,COMPLETED,NOT_APPLICABLE,NOT_APPLICABLE,,2026-08-20T00:00:00+09:00,© Aliaksandr Makatserchyk - Gym visual - https://gymvisual.com/,,,,MIT,MIT License,PARTIALLY_REVIEWED,https://opensource.org/license/mit/,REVIEW_REQUIRED,© Gym visual — https://gymvisual.com/,REVIEW_REQUIRED,APPROVED_FROM_POLICY,[],,,,,,,,USER_DIRECT_REVIEW_2026_08_29,OWNER_BATCH_CONFIRMATION,2026-08-29T00:00:00+09:00
,,,,,MOBILITY,RETAINED_CANONICAL,기존 canonical stable code를 재정렬하지 않고 유지한다.,EXISTING_CANONICAL,ACTIVE_CANONICAL_RETAINED,exercise-catalog-v2.0.2-final,30,,,15,30,BEGINNER,NO_POLICY_OVERRIDE,APPROVED,삼두근 스트레칭,"[""BODYWEIGHT""]",REX-000096,TRICEPS_STRETCH,,,RETAINED_FROM_REVIEWED_CATALOG,,,,[],,,user-name-only-v1,USER_REVIEWED_NAME_ONLY,삼두근 스트레칭,True,REX-000096,"[""HOME"", ""GYM""]",triceps stretch,삼두근 스트레칭,,,,"[""WARMUP"", ""COOLDOWN""]","[""ELBOW""]",MOBILITY_STRETCH,True,REPRESENTATIVE,True,REX-000096,True,"[""SOURCE_LICENSE_REVIEW_REQUIRED""]",DOMAIN_APPROVED,REX-000096,REPRESENTATIVE_SAFETY_CONTEXT,,"[""SHOULDER"", ""WRIST_HAND""]",,Aliaksandr Makatserchyk / Gym visual,0817,"Stand or sit upright with your back straight. Extend one arm overhead, bending it at the elbow. Place your opposite hand on the bent elbow and gently pull it towards your head. Hold the stretch for 15-30 seconds, feeling a gentle stretch in your triceps. Release the stretch and repeat on the other arm.","[""Stand or sit upright with your back straight."", ""Extend one arm overhead, bending it at the elbow."", ""Place your opposite hand on the bent elbow and gently pull it towards your head."", ""Hold the stretch for 15-30 seconds, feeling a gentle stretch in your triceps."", ""Release the stretch and repeat on the other arm.""]",gymvisual:0817,MIT,uOV3Itw,image:images/0817-uOV3Itw.jpg;gif:videos/0817-uOV3Itw.gif,triceps stretch,triceps stretch,,RESOLVED_INTEGRATED_SOURCE,0817,gymvisual,gymvisual,https://github.com/hasaneyldrm/exercises-dataset,triceps_stretch_mobility_stretch_bodyweight,,,DURATION,MOBILITY,USER_DIRECT_REVIEW_2026_08_29,COMPLETED,NOT_APPLICABLE,NOT_APPLICABLE,,2026-08-20T00:00:00+09:00,© Aliaksandr Makatserchyk - Gym visual - https://gymvisual.com/,,,,MIT,MIT License,PARTIALLY_REVIEWED,https://opensource.org/license/mit/,REVIEW_REQUIRED,© Gym visual — https://gymvisual.com/,REVIEW_REQUIRED,APPROVED_FROM_POLICY,[],,,,,,,,USER_DIRECT_REVIEW_2026_08_29,OWNER_BATCH_CONFIRMATION,2026-08-29T00:00:00+09:00
False,,,,,BACK,RESTORED_LEGACY_ALTERNATIVE_TARGET,기존 Alternative target 운동을 일반 운동 풀의 대표운동으로 복원한다.,USER_DIRECT_REVIEW,ACTIVE_CANONICAL_RETAINED,exercise-catalog-v2.0.2-final,90,4,,15,,BEGINNER,NO_POLICY_OVERRIDE,APPROVED,시티드 밴드 풀어파트,"[""RESISTANCE_BAND""]",REX-000097,UPPER_BACK_ISOLATION,,REX-000097,RETAINED_FROM_REVIEWED_CATALOG,,,,[],True,LEGACY_ALTERNATIVE_TARGET_RESTORED,user-name-only-v1,USER_REVIEWED_NAME_ONLY,시티드 밴드 풀어파트,True,REX-000097,"[""HOME""]",의자에 앉아 밴드 양옆으로 늘이기,시티드 밴드 풀어파트,,,,,"[""UPPER_BACK""]",ISOLATION,True,REPRESENTATIVE,False,REX-000097,True,"[""SOURCE_LICENSE_REVIEW_REQUIRED""]",DOMAIN_APPROVED,REX-000097,REPRESENTATIVE_SAFETY_CONTEXT,REVIEW_REQUIRED,"[""SHOULDER"", ""ELBOW""]",,,ab41f78cd9e548e1217b4460122ca0a1e9824cd570da589f1b37ffe86d6db937,,,,,,,,,,RESOLVED_INTEGRATED_SOURCE,,,kspo,,upper_back_isolation_isolation_resistance_band,,[],REPS,STRENGTH,USER_DIRECT_REVIEW_2026_08_29,COMPLETED,NOT_APPLICABLE,NOT_APPLICABLE,,,,,,,,,,,,,,,[],,,,,,,,USER_DIRECT_REVIEW_2026_08_29,OWNER_BATCH_CONFIRMATION,2026-08-29T00:00:00+09:00
,,,,,MOBILITY,RETAINED_CANONICAL,기존 canonical stable code를 재정렬하지 않고 유지한다.,EXISTING_CANONICAL,ACTIVE_CANONICAL_RETAINED,exercise-catalog-v2.0.2-final,30,,,15,30,BEGINNER,NO_POLICY_OVERRIDE,APPROVED,상부 등 스트레칭,"[""BODYWEIGHT""]",REX-000098,UPPER_BACK_STRETCH,,,RETAINED_FROM_REVIEWED_CATALOG,,,,[],,,user-name-only-v1,USER_REVIEWED_NAME_ONLY,상부 등 스트레칭,True,REX-000098,"[""HOME"", ""GYM""]",upper back stretch,상부 등 스트레칭,,,,"[""WARMUP"", ""COOLDOWN""]","[""UPPER_BACK""]",MOBILITY_STRETCH,True,REPRESENTATIVE,True,REX-000098,True,"[""SOURCE_LICENSE_REVIEW_REQUIRED""]",DOMAIN_APPROVED,REX-000098,REPRESENTATIVE_SAFETY_CONTEXT,,"[""SHOULDER"", ""CHEST""]",,Aliaksandr Makatserchyk / Gym visual,1365,"Stand up straight with your feet shoulder-width apart. Extend your arms straight in front of you, parallel to the ground. Interlace your fingers and rotate your palms away from your body. Slowly raise your arms overhead, keeping them straight and parallel to each other. As you raise your arms, squeeze your shoulder blades together. Hold the stretch for 15-30 seconds, then release and repeat.","[""Stand up straight with your feet shoulder-width apart."", ""Extend your arms straight in front of you, parallel to the ground."", ""Interlace your fingers and rotate your palms away from your body."", ""Slowly raise your arms overhead, keeping them straight and parallel to each other."", ""As you raise your arms, squeeze your shoulder blades together."", ""Hold the stretch for 15-30 seconds, then release and repeat.""]",gymvisual:1365,MIT,GSDioYu,image:images/1365-GSDioYu.jpg;gif:videos/1365-GSDioYu.gif,upper back stretch,upper back stretch,,RESOLVED_INTEGRATED_SOURCE,1365,gymvisual,gymvisual,https://github.com/hasaneyldrm/exercises-dataset,upper_back_stretch_mobility_stretch_bodyweight,,,DURATION,MOBILITY,USER_DIRECT_REVIEW_2026_08_29,COMPLETED,NOT_APPLICABLE,NOT_APPLICABLE,,2026-08-20T00:00:00+09:00,© Aliaksandr Makatserchyk - Gym visual - https://gymvisual.com/,,,,MIT,MIT License,PARTIALLY_REVIEWED,https://opensource.org/license/mit/,REVIEW_REQUIRED,© Gym visual — https://gymvisual.com/,REVIEW_REQUIRED,APPROVED_FROM_POLICY,[],,,,,,,,USER_DIRECT_REVIEW_2026_08_29,OWNER_BATCH_CONFIRMATION,2026-08-29T00:00:00+09:00
,,,,,MOBILITY,RETAINED_CANONICAL,기존 canonical stable code를 재정렬하지 않고 유지한다.,EXISTING_CANONICAL,ACTIVE_CANONICAL_RETAINED,exercise-catalog-v2.0.2-final,30,,,15,30,BEGINNER,NO_POLICY_OVERRIDE,APPROVED,벽 짚고 종아리 스트레칭,"[""BODYWEIGHT""]",REX-000099,WALL_CALF_STRETCH,,,RETAINED_FROM_REVIEWED_CATALOG,,,,[],,,user-name-only-v1,USER_REVIEWED_NAME_ONLY,벽 짚고 종아리 스트레칭,True,REX-000099,"[""HOME"", ""GYM""]",calf stretch with hands against wall,벽 짚고 종아리 스트레칭,,,,"[""WARMUP"", ""COOLDOWN""]","[""ANKLE_FOOT""]",MOBILITY_STRETCH,True,REPRESENTATIVE,True,REX-000099,True,"[""SOURCE_LICENSE_REVIEW_REQUIRED""]",DOMAIN_APPROVED,REX-000099,REPRESENTATIVE_SAFETY_CONTEXT,,"[""KNEE""]",,Aliaksandr Makatserchyk / Gym visual,1377,"Stand facing a wall with your feet hip-width apart. Place your hands against the wall at shoulder height. Step your right foot back, keeping your heel on the ground and your leg straight. Bend your left knee and lean forward, keeping your back leg straight and your heel on the ground. Hold the stretch for 20-30 seconds. Switch legs and repeat the stretch.","[""Stand facing a wall with your feet hip-width apart."", ""Place your hands against the wall at shoulder height."", ""Step your right foot back, keeping your heel on the ground and your leg straight."", ""Bend your left knee and lean forward, keeping your back leg straight and your heel on the ground."", ""Hold the stretch for 20-30 seconds."", ""Switch legs and repeat the stretch.""]",gymvisual:1377,MIT,m0tCHqc,image:images/1377-m0tCHqc.jpg;gif:videos/1377-m0tCHqc.gif,calf stretch with hands against wall,calf stretch with hands against wall,,RESOLVED_INTEGRATED_SOURCE,1377,gymvisual,gymvisual,https://github.com/hasaneyldrm/exercises-dataset,wall_calf_stretch_mobility_stretch_bodyweight,,,DURATION,MOBILITY,USER_DIRECT_REVIEW_2026_08_29,COMPLETED,NOT_APPLICABLE,NOT_APPLICABLE,,2026-08-20T00:00:00+09:00,© Aliaksandr Makatserchyk - Gym visual - https://gymvisual.com/,,,,MIT,MIT License,PARTIALLY_REVIEWED,https://opensource.org/license/mit/,REVIEW_REQUIRED,© Gym visual — https://gymvisual.com/,REVIEW_REQUIRED,APPROVED_FROM_POLICY,[],,,,,,,,USER_DIRECT_REVIEW_2026_08_29,OWNER_BATCH_CONFIRMATION,2026-08-29T00:00:00+09:00
,,,,,MOBILITY,RETAINED_CANONICAL,기존 canonical stable code를 재정렬하지 않고 유지한다.,EXISTING_CANONICAL,ACTIVE_CANONICAL_RETAINED,exercise-catalog-v2.0.2-final,30,,,15,30,INTERMEDIATE,NO_POLICY_OVERRIDE,APPROVED,월드 그레이티스트 스트레칭,"[""BODYWEIGHT""]",REX-000100,WORLD_GREATEST_STRETCH,,,RETAINED_FROM_REVIEWED_CATALOG,,,,[],,,user-name-only-v1,USER_REVIEWED_NAME_ONLY,월드 그레이티스트 스트레칭,True,REX-000100,"[""HOME"", ""GYM""]",world greatest stretch,월드 그레이티스트 스트레칭,,,,"[""WARMUP"", ""COOLDOWN""]","[""HIP"", ""KNEE""]",MOBILITY_STRETCH,True,REPRESENTATIVE,True,REX-000100,True,"[""SOURCE_LICENSE_REVIEW_REQUIRED""]",DOMAIN_APPROVED,REX-000100,REPRESENTATIVE_SAFETY_CONTEXT,,"[""ANKLE_FOOT""]",,Aliaksandr Makatserchyk / Gym visual,1604,"Start in a lunge position with your right foot forward and your left foot back. Place your hands on the ground on either side of your right foot. Lower your left knee to the ground and extend your right leg, keeping your right foot flat on the ground. Rotate your torso to the right, reaching your right arm up towards the ceiling. Hold this position for a few seconds, then return to the starting position. Switch sides and repeat the stretch with your left foot forward.","[""Start in a lunge position with your right foot forward and your left foot back."", ""Place your hands on the ground on either side of your right foot."", ""Lower your left knee to the ground and extend your right leg, keeping your right foot flat on the ground."", ""Rotate your torso to the right, reaching your right arm up towards the ceiling."", ""Hold this position for a few seconds, then return to the starting position."", ""Switch sides and repeat the stretch with your left foot forward.""]",gymvisual:1604,MIT,DFGXwZr,image:images/1604-DFGXwZr.jpg;gif:videos/1604-DFGXwZr.gif,world greatest stretch,world greatest stretch,,RESOLVED_INTEGRATED_SOURCE,1604,gymvisual,gymvisual,https://github.com/hasaneyldrm/exercises-dataset,world_greatest_stretch_mobility_stretch_bodyweight,,,DURATION,MOBILITY,USER_DIRECT_REVIEW_2026_08_29,COMPLETED,NOT_APPLICABLE,NOT_APPLICABLE,,2026-08-20T00:00:00+09:00,© Aliaksandr Makatserchyk - Gym visual - https://gymvisual.com/,,,,MIT,MIT License,PARTIALLY_REVIEWED,https://opensource.org/license/mit/,REVIEW_REQUIRED,© Gym visual — https://gymvisual.com/,REVIEW_REQUIRED,APPROVED_FROM_POLICY,[],,,,,,,,USER_DIRECT_REVIEW_2026_08_29,OWNER_BATCH_CONFIRMATION,2026-08-29T00:00:00+09:00
,,,,,MOBILITY,RETAINED_CANONICAL,기존 canonical stable code를 재정렬하지 않고 유지한다.,EXISTING_CANONICAL,ACTIVE_CANONICAL_RETAINED,exercise-catalog-v2.0.2-final,30,,,15,30,BEGINNER,NO_POLICY_OVERRIDE,APPROVED,손목 돌리기,"[""BODYWEIGHT""]",REX-000101,WRIST_CIRCLES,,,RETAINED_FROM_REVIEWED_CATALOG,,,,[],,,user-name-only-v1,USER_REVIEWED_NAME_ONLY,손목 돌리기,True,REX-000101,"[""HOME"", ""GYM""]",wrist circles,손목 돌리기,,,,"[""WARMUP"", ""COOLDOWN""]","[""WRIST_HAND""]",MOBILITY_STRETCH,True,REPRESENTATIVE,True,REX-000101,True,"[""SOURCE_LICENSE_REVIEW_REQUIRED""]",DOMAIN_APPROVED,REX-000101,REPRESENTATIVE_SAFETY_CONTEXT,,"[""ELBOW""]",,Aliaksandr Makatserchyk / Gym visual,1428,"Extend your arms straight out in front of you. Make a fist with both hands. Rotate your wrists in a circular motion, keeping your arms still. Continue the wrist circles for the desired number of repetitions.","[""Extend your arms straight out in front of you."", ""Make a fist with both hands."", ""Rotate your wrists in a circular motion, keeping your arms still."", ""Continue the wrist circles for the desired number of repetitions.""]",gymvisual:1428,MIT,2zNKRUB,image:images/1428-2zNKRUB.jpg;gif:videos/1428-2zNKRUB.gif,wrist circles,wrist circles,,RESOLVED_INTEGRATED_SOURCE,1428,gymvisual,gymvisual,https://github.com/hasaneyldrm/exercises-dataset,wrist_circles_mobility_stretch_bodyweight,,,DURATION,MOBILITY,USER_DIRECT_REVIEW_2026_08_29,COMPLETED,NOT_APPLICABLE,NOT_APPLICABLE,,2026-08-20T00:00:00+09:00,© Aliaksandr Makatserchyk - Gym visual - https://gymvisual.com/,,,,MIT,MIT License,PARTIALLY_REVIEWED,https://opensource.org/license/mit/,REVIEW_REQUIRED,© Gym visual — https://gymvisual.com/,REVIEW_REQUIRED,APPROVED_FROM_POLICY,[],,,,,,,,USER_DIRECT_REVIEW_2026_08_29,OWNER_BATCH_CONFIRMATION,2026-08-29T00:00:00+09:00
False,,,,,FOREARMS,RESTORED_LEGACY_ALTERNATIVE_TARGET,기존 Alternative target 운동을 일반 운동 풀의 대표운동으로 복원한다.,USER_DIRECT_REVIEW,ACTIVE_CANONICAL_RETAINED,exercise-catalog-v2.0.2-final,90,4,,15,,BEGINNER,NO_POLICY_OVERRIDE,APPROVED,바벨 리스트 컬,"[""BARBELL""]",REX-000102,WRIST_CURL,,REX-000102,RETAINED_FROM_REVIEWED_CATALOG,,,,[],True,LEGACY_ALTERNATIVE_TARGET_RESTORED,user-name-only-v1,USER_REVIEWED_NAME_ONLY,바벨 리스트 컬,True,REX-000102,"[""GYM""]",barbell wrist curl,바벨 리스트 컬,,,,,"[""WRIST_HAND""]",ISOLATION,True,REPRESENTATIVE,False,REX-000102,True,"[""SOURCE_LICENSE_REVIEW_REQUIRED""]",DOMAIN_APPROVED,REX-000102,REPRESENTATIVE_SAFETY_CONTEXT,REVIEW_REQUIRED,"[""ELBOW""]",,,0126,,,,,,,,,,RESOLVED_INTEGRATED_SOURCE,,,gymvisual,,wrist_curl_isolation_barbell,,[],REPS,STRENGTH,USER_DIRECT_REVIEW_2026_08_29,COMPLETED,NOT_APPLICABLE,NOT_APPLICABLE,,,,,,,,,,,,,,,[],,,,,,,,USER_DIRECT_REVIEW_2026_08_29,OWNER_BATCH_CONFIRMATION,2026-08-29T00:00:00+09:00
,,,,,SHOULDERS,SEPARATE_EXERCISE,사람 직접 검수 결과 별도 운동으로 승격했다. 기존 stable code는 재사용하지 않는다.,USER_DIRECT_REVIEW,ACTIVE_CANONICAL_PROMOTED_FROM_LEGACY,exercise-catalog-v2.0.2-final,60,4,3,15,,INTERMEDIATE,NO_POLICY_OVERRIDE,REVIEW_REQUIRED,덤벨 레터럴 투 프론트 레이즈,"[""DUMBBELL""]",REX-000109,BARBELL_FRONT_RAISE,"[""INTERMEDIATE""]",,DOMAIN_APPROVED,"{""INTERMEDIATE"": ""FITT-ISOLATION-STRENGTH-INTERMEDIATE-V1""}",,,[],,,user-name-only-v1,USER_REVIEWED_NAME_ONLY,덤벨 레터럴 투 프론트 레이즈,False,REX-000109,"[""HOME"", ""GYM""]",dumbbell lateral to front raise,덤벨 레터럴 투 프론트 레이즈,,,,"[""MAIN""]","[""SHOULDER""]",ISOLATION,True,SEPARATE_EXERCISE,False,,True,"[""EXISTING_REVIEW_REQUIRED"", ""INSTRUCTION_CONTENT_REVIEW_REQUIRED"", ""SOURCE_LICENSE_REVIEW_REQUIRED""]",DOMAIN_APPROVED,REX-000005,DOMAIN_APPROVED,BOUND_INDEPENDENT_SOURCE,"[""ELBOW""]",,Aliaksandr Makatserchyk / Gym visual,0335,"Stand with your feet shoulder-width apart, holding a dumbbell in each hand with your palms facing your body. Keep your back straight and engage your core. Raise your arms out to the sides until they are parallel to the ground, keeping a slight bend in your elbows. Pause for a moment at the top, then slowly lower your arms back down to the starting position. Next, raise your arms in front of you until they are parallel to the ground, again keeping a slight bend in your elbows. Pause for a moment at the top, then slowly lower your arms back down to the starting position. Repeat for the desired number of repetitions.","[""Stand with your feet shoulder-width apart, holding a dumbbell in each hand with your palms facing your body."", ""Keep your back straight and engage your core."", ""Raise your arms out to the sides until they are parallel to the ground, keeping a slight bend in your elbows."", ""Pause for a moment at the top, then slowly lower your arms back down to the starting position."", ""Next, raise your arms in front of you until they are parallel to the ground, again keeping a slight bend in your elbows."", ""Pause for a moment at the top, then slowly lower your arms back down to the starting position."", ""Repeat for the desired number of repetitions.""]",gymvisual:0335,MIT,xMjBKwn,image:images/0335-xMjBKwn.jpg;gif:videos/0335-xMjBKwn.gif,dumbbell lateral to front raise,dumbbell lateral to front raise,,RESOLVED_INTEGRATED_SOURCE,0335,gymvisual,gymvisual,https://github.com/hasaneyldrm/exercises-dataset,dumbbell_lateral_to_front_raise_isolation_dumbbell,,,REPS,STRENGTH,USER_DIRECT_REVIEW_2026_08_29,COMPLETED,NOT_APPLICABLE,NOT_APPLICABLE,,2026-08-20T00:00:00+09:00,© Aliaksandr Makatserchyk - Gym visual - https://gymvisual.com/,v1:NEX-000040,v1:NEX-000040,v1,MIT,MIT License,PARTIALLY_REVIEWED,https://opensource.org/license/mit/,REVIEW_REQUIRED,© Gym visual — https://gymvisual.com/,REVIEW_REQUIRED,APPROVED_FROM_POLICY,"[""NEX-000040""]","[""BEGINNER"", ""INTERMEDIATE""]",NONE,,NEX-000040,,,,USER_DIRECT_REVIEW_2026_08_29,OWNER_BATCH_CONFIRMATION,2026-08-29T00:00:00+09:00
,,,,,CALVES,SEPARATE_EXERCISE,사람 직접 검수 결과 별도 운동으로 승격했다. 기존 stable code는 재사용하지 않는다.,USER_DIRECT_REVIEW,ACTIVE_CANONICAL_PROMOTED_FROM_LEGACY,exercise-catalog-v2.0.2-final,60,4,3,15,,INTERMEDIATE,NO_POLICY_OVERRIDE,REVIEW_REQUIRED,스미스 리버스 카프 레이즈 머신,"[""MACHINE""]",REX-000119,REVERSE_CALF_RAISE,"[""INTERMEDIATE""]",,DOMAIN_APPROVED,"{""INTERMEDIATE"": ""FITT-ISOLATION-STRENGTH-INTERMEDIATE-V1""}",,,[],,,user-name-only-v1,USER_REVIEWED_NAME_ONLY,스미스 리버스 카프 레이즈 머신,False,REX-000119,"[""GYM""]",smith reverse calf raises,스미스 리버스 카프 레이즈 머신,,,,"[""MAIN""]","[""ANKLE_FOOT""]",ISOLATION,True,SEPARATE_EXERCISE,False,,True,"[""EXISTING_REVIEW_REQUIRED"", ""INSTRUCTION_CONTENT_REVIEW_REQUIRED"", ""SOURCE_LICENSE_REVIEW_REQUIRED""]",DOMAIN_APPROVED,REX-000054,DOMAIN_APPROVED,BOUND_INDEPENDENT_SOURCE,"[""KNEE""]",,Aliaksandr Makatserchyk / Gym visual,0763,"Adjust the smith machine bar to a height just below your shoulders. Stand facing the bar with your feet hip-width apart and toes pointing forward. Place the balls of your feet on the edge of a step or platform, with your heels hanging off. Hold onto the bar for support, keeping your back straight and core engaged. Raise your heels as high as possible, lifting your body weight onto the balls of your feet. Pause for a moment at the top, then slowly lower your heels back down to the starting position. Repeat for the desired number of repetitions.","[""Adjust the smith machine bar to a height just below your shoulders."", ""Stand facing the bar with your feet hip-width apart and toes pointing forward."", ""Place the balls of your feet on the edge of a step or platform, with your heels hanging off."", ""Hold onto the bar for support, keeping your back straight and core engaged."", ""Raise your heels as high as possible, lifting your body weight onto the balls of your feet."", ""Pause for a moment at the top, then slowly lower your heels back down to the starting position."", ""Repeat for the desired number of repetitions.""]",gymvisual:0763,MIT,ywaNfuh,image:images/0763-ywaNfuh.jpg;gif:videos/0763-ywaNfuh.gif,smith reverse calf raises,smith reverse calf raises,,RESOLVED_INTEGRATED_SOURCE,0763,gymvisual,gymvisual,https://github.com/hasaneyldrm/exercises-dataset,smith_reverse_calf_raises_isolation_machine,,,REPS,STRENGTH,USER_DIRECT_REVIEW_2026_08_29,COMPLETED,NOT_APPLICABLE,NOT_APPLICABLE,,2026-08-20T00:00:00+09:00,© Aliaksandr Makatserchyk - Gym visual - https://gymvisual.com/,v1:NEX-000085,v1:NEX-000085,v1,MIT,MIT License,PARTIALLY_REVIEWED,https://opensource.org/license/mit/,REVIEW_REQUIRED,© Gym visual — https://gymvisual.com/,REVIEW_REQUIRED,APPROVED_FROM_POLICY,"[""NEX-000085""]","[""INTERMEDIATE""]",NONE,,NEX-000085,,,,USER_DIRECT_REVIEW_2026_08_29,OWNER_BATCH_CONFIRMATION,2026-08-29T00:00:00+09:00
,,,,,CALVES,SEPARATE_EXERCISE,사람 직접 검수 결과 별도 운동으로 승격했다. 기존 stable code는 재사용하지 않는다.,USER_DIRECT_REVIEW,ACTIVE_CANONICAL_PROMOTED_FROM_LEGACY,exercise-catalog-v2.0.2-final,60,4,3,15,,BEGINNER,NO_POLICY_OVERRIDE,REVIEW_REQUIRED,밴드 양발 카프 레이즈,"[""RESISTANCE_BAND""]",REX-000124,BODYWEIGHT_STANDING_CALF_RAISE,"[""BEGINNER"", ""INTERMEDIATE""]",,DOMAIN_APPROVED,"{""BEGINNER"": ""FITT-ISOLATION-STRENGTH-V1"", ""INTERMEDIATE"": ""FITT-ISOLATION-STRENGTH-INTERMEDIATE-V1""}",,,[],,,user-name-only-v1,USER_REVIEWED_NAME_ONLY,밴드 양발 카프 레이즈,False,REX-000124,"[""HOME"", ""GYM""]",band two legs calf raise - (band under both legs) v. 2,밴드 양발 카프 레이즈,,,,"[""MAIN""]","[""ANKLE_FOOT""]",ISOLATION,True,SEPARATE_EXERCISE,False,,True,"[""EXISTING_REVIEW_REQUIRED"", ""INSTRUCTION_CONTENT_REVIEW_REQUIRED"", ""SOURCE_LICENSE_REVIEW_REQUIRED""]",DOMAIN_APPROVED,REX-000016,DOMAIN_APPROVED,BOUND_INDEPENDENT_SOURCE,"[""KNEE""]",,Aliaksandr Makatserchyk / Gym visual,1369,"Stand with your feet shoulder-width apart and place a resistance band under both feet. Hold the ends of the band with your hands for stability. Raise your heels off the ground as high as possible, using your calves. Pause for a moment at the top, then slowly lower your heels back down to the starting position. Repeat for the desired number of repetitions.","[""Stand with your feet shoulder-width apart and place a resistance band under both feet."", ""Hold the ends of the band with your hands for stability."", ""Raise your heels off the ground as high as possible, using your calves."", ""Pause for a moment at the top, then slowly lower your heels back down to the starting position."", ""Repeat for the desired number of repetitions.""]",gymvisual:1369,MIT,jl6uxZV,image:images/1369-jl6uxZV.jpg;gif:videos/1369-jl6uxZV.gif,band two legs calf raise - (band under both legs) v. 2,band two legs calf raise - (band under both legs) v. 2,,RESOLVED_INTEGRATED_SOURCE,1369,gymvisual,gymvisual,https://github.com/hasaneyldrm/exercises-dataset,band_two_legs_calf_raise_band_under_both_legs_v_2_isolation_resistance_band,,,REPS,STRENGTH,USER_DIRECT_REVIEW_2026_08_29,COMPLETED,NOT_APPLICABLE,NOT_APPLICABLE,,2026-08-20T00:00:00+09:00,© Aliaksandr Makatserchyk - Gym visual - https://gymvisual.com/,v1:NEX-000117,v1:NEX-000117,v1,MIT,MIT License,PARTIALLY_REVIEWED,https://opensource.org/license/mit/,REVIEW_REQUIRED,© Gym visual — https://gymvisual.com/,REVIEW_REQUIRED,APPROVED_FROM_POLICY,"[""NEX-000117""]","[""BEGINNER"", ""INTERMEDIATE""]",NONE,,NEX-000117,,,,USER_DIRECT_REVIEW_2026_08_29,OWNER_BATCH_CONFIRMATION,2026-08-29T00:00:00+09:00
,,,,,CALVES,SEPARATE_EXERCISE,사람 직접 검수 결과 별도 운동으로 승격했다. 기존 stable code는 재사용하지 않는다.,USER_DIRECT_REVIEW,ACTIVE_CANONICAL_PROMOTED_FROM_LEGACY,exercise-catalog-v2.0.2-final,60,4,3,15,,INTERMEDIATE,NO_POLICY_OVERRIDE,REVIEW_REQUIRED,한발 동키 카프 레이즈,"[""BODYWEIGHT""]",REX-000125,BODYWEIGHT_STANDING_CALF_RAISE,"[""INTERMEDIATE""]",,DOMAIN_APPROVED,"{""INTERMEDIATE"": ""FITT-ISOLATION-STRENGTH-INTERMEDIATE-V1""}",,,[],,,user-name-only-v1,USER_REVIEWED_NAME_ONLY,한발 동키 카프 레이즈,False,REX-000125,"[""HOME"", ""GYM""]",one leg donkey calf raise,한발 동키 카프 레이즈,,,,"[""MAIN""]","[""ANKLE_FOOT""]",ISOLATION,True,SEPARATE_EXERCISE,False,,True,"[""EXISTING_REVIEW_REQUIRED"", ""INSTRUCTION_CONTENT_REVIEW_REQUIRED"", ""SOURCE_LICENSE_REVIEW_REQUIRED""]",DOMAIN_APPROVED,REX-000016,DOMAIN_APPROVED,BOUND_INDEPENDENT_SOURCE,"[""KNEE""]",,Aliaksandr Makatserchyk / Gym visual,1386,"Stand with your feet shoulder-width apart, toes pointing forward. Place your hands on a stable surface for support, such as a wall or a bar. Lift one leg off the ground, keeping your knee slightly bent. Raise your heel as high as possible, using your calf muscles. Pause for a moment at the top, then slowly lower your heel back down. Repeat for the desired number of repetitions, then switch legs.","[""Stand with your feet shoulder-width apart, toes pointing forward."", ""Place your hands on a stable surface for support, such as a wall or a bar."", ""Lift one leg off the ground, keeping your knee slightly bent."", ""Raise your heel as high as possible, using your calf muscles."", ""Pause for a moment at the top, then slowly lower your heel back down."", ""Repeat for the desired number of repetitions, then switch legs.""]",gymvisual:1386,MIT,A2upspL,image:images/1386-A2upspL.jpg;gif:videos/1386-A2upspL.gif,one leg donkey calf raise,one leg donkey calf raise,,RESOLVED_INTEGRATED_SOURCE,1386,gymvisual,gymvisual,https://github.com/hasaneyldrm/exercises-dataset,one_leg_donkey_calf_raise_isolation_bodyweight,,,REPS,STRENGTH,USER_DIRECT_REVIEW_2026_08_29,COMPLETED,NOT_APPLICABLE,NOT_APPLICABLE,,2026-08-20T00:00:00+09:00,© Aliaksandr Makatserchyk - Gym visual - https://gymvisual.com/,v1:NEX-000121,v1:NEX-000121,v1,MIT,MIT License,PARTIALLY_REVIEWED,https://opensource.org/license/mit/,REVIEW_REQUIRED,© Gym visual — https://gymvisual.com/,REVIEW_REQUIRED,APPROVED_FROM_POLICY,"[""NEX-000121""]","[""BEGINNER"", ""INTERMEDIATE""]",NONE,,NEX-000121,,,,USER_DIRECT_REVIEW_2026_08_29,OWNER_BATCH_CONFIRMATION,2026-08-29T00:00:00+09:00
,,,,,SHOULDERS,PRIMARY_VARIANT,대표-Variant 후보로 보관하며 canonical 병합은 하지 않는다.,AUTO_RULE,VARIANT_MATERIALIZED_DRAFT,exercise-catalog-v2.0.2-final,60,4,3,15,,BEGINNER,NO_POLICY_OVERRIDE,REVIEW_REQUIRED,덤벨 프론트 레이즈,"[""DUMBBELL""]",VEX-000004,BARBELL_FRONT_RAISE,"[""BEGINNER"", ""INTERMEDIATE""]",REX-000005,DOMAIN_APPROVED,"{""BEGINNER"": ""FITT-ISOLATION-STRENGTH-V1"", ""INTERMEDIATE"": ""FITT-ISOLATION-STRENGTH-INTERMEDIATE-V1""}",,,[],,,user-name-only-v1,USER_REVIEWED_NAME_ONLY,덤벨 프론트 레이즈,False,NEX-000035,"[""HOME"", ""GYM""]",dumbbell front raise v. 2,덤벨 프론트 레이즈,,,,"[""MAIN""]","[""SHOULDER""]",ISOLATION,True,VARIANT,False,REX-000005,True,"[""HUMAN_TAXONOMY_REVIEW_REQUIRED"", ""VARIANT_RELATION_REVIEW_REQUIRED"", ""FAMILY_REPRESENTATIVE_MAPPING_REVIEW_REQUIRED"", ""VARIANT_SAFETY_REVIEW_REQUIRED"", ""VARIANT_FITT_REVIEW_REQUIRED""]",DOMAIN_APPROVED,REX-000005,DOMAIN_APPROVED,BOUND_INDEPENDENT_SOURCE,"[""ELBOW""]",,Aliaksandr Makatserchyk / Gym visual,0309,"Stand with your feet shoulder-width apart, holding a dumbbell in each hand with your palms facing your thighs. Keep your back straight and engage your core. Slowly lift the dumbbells in front of you, with your arms straight, until they are at shoulder level. Pause for a moment at the top, then slowly lower the dumbbells back down to the starting position. Repeat for the desired number of repetitions.","[""Stand with your feet shoulder-width apart, holding a dumbbell in each hand with your palms facing your thighs."", ""Keep your back straight and engage your core."", ""Slowly lift the dumbbells in front of you, with your arms straight, until they are at shoulder level."", ""Pause for a moment at the top, then slowly lower the dumbbells back down to the starting position."", ""Repeat for the desired number of repetitions.""]",gymvisual:0309,MIT,Rr7S3yg,image:images/0309-Rr7S3yg.jpg;gif:videos/0309-Rr7S3yg.gif,dumbbell front raise v. 2,dumbbell front raise v. 2,덤벨 프론트 레이즈,RESOLVED_INTEGRATED_SOURCE,0309,gymvisual,gymvisual,https://github.com/hasaneyldrm/exercises-dataset,dumbbell_front_raise_v_2_isolation_dumbbell,,,REPS,STRENGTH,USER_DIRECT_REVIEW_2026_08_29,COMPLETED,MATERIALIZED_DRAFT_REVIEW_REQUIRED,REVIEW_REQUIRED,PRIMARY_VARIANT,,,,,,,,,,,,,,,,,,,"{""attribution"": ""© Gym visual — https://gymvisual.com/"", ""body_part"": ""shoulders"", ""category"": ""shoulders"", ""created_at"": ""2026-03-18T12:31:32.878386+00:00"", ""equipment"": ""dumbbell"", ""gif_url"": ""videos/0309-Rr7S3yg.gif"", ""id"": ""0309"", ""image"": ""images/0309-Rr7S3yg.jpg"", ""instruction_steps"": {""en"": [""Stand with your feet shoulder-width apart, holding a dumbbell in each hand with your palms facing your thighs."", ""Keep your back straight and engage your core."", ""Slowly lift the dumbbells in front of you, with your arms straight, until they are at shoulder level."", ""Pause for a moment at the top, then slowly lower the dumbbells back down to the starting position."", ""Repeat for the desired number of repetitions.""], ""es"": [""Ponte de pie con los pies separados a la altura de los hombros, sosteniendo una mancuerna en cada mano con las palmas hacia los muslos."", ""Mantén la espalda recta y activa el core."", ""Levanta lentamente las mancuernas frente a ti, con los brazos rectos, hasta que queden a la altura de los hombros."", ""Haz una pausa breve en la parte alta, luego baja lentamente las mancuernas de vuelta a la posición inicial."", ""Repite el número de repeticiones deseado.""], ""fr"": [""Tiens-toi debout, les pieds écartés à la largeur des épaules, en tenant un haltère dans chaque main, paumes tournées vers tes cuisses."", ""Garde le dos droit et gaine ta sangle abdominale."", ""Soulève lentement les haltères devant toi, les bras tendus, jusqu'à ce qu'ils soient à hauteur des épaules."", ""Marque une pause en haut, puis abaisse lentement les haltères pour revenir à la position de départ."", ""Répète le nombre de répétitions souhaité.""], ""hi"": [""अपने पैरों को कंधे की चौड़ाई पर फैलाकर खड़े हो जाएं, प्रत्येक हाथ में डंबल पकड़ें और अपनी हथेलियों को अपनी जांघों की ओर रखें।"", ""अपनी पीठ सीधी रखें और अपने कोर को संलग्न रखें।"", ""अपनी भुजाओं को सीधा रखते हुए धीरे-धीरे अपने सामने डम्बल उठाएँ, जब तक कि वे कंधे के स्तर पर न आ जाएँ।"", ""शीर्ष पर एक पल के लिए रुकें, फिर धीरे-धीरे डम्बल को वापस प्रारंभिक स्थिति में ले आएं।"", ""दोहराव की वांछित संख्या के लिए दोहराएँ।""], ""it"": [""Stai con i piedi a larghezza delle spalle, tenendo un manubrio in ogni mano con i palmi rivolti verso le cosce."", ""Tieni la schiena dritta e attiva il core."", ""Solleva lentamente i manubri davanti a te, con le braccia dritte, finché non saranno all'altezza delle spalle."", ""Fermati un attimo in cima, poi abbassa lentamente i manubri fino alla posizione iniziale."", ""Ripeti per il numero desiderato di ripetizioni.""], ""ko"": [""어깨너비로 발을 벌리고 서서 각 손에 덤벨을 들되 손바닥이 허벅지를 향하도록 합니다."", ""등을 곧게 펴고 코어를 조입니다."", ""팔을 곧게 펴서 덤벨을 앞으로 천천히 들어 어깨 높이까지 올립니다."", ""맨 위에서 잠깐 멈춘 후 천천히 덤벨을 시작 위치로 내립니다."", ""원하는 횟수만큼 반복합니다.""], ""pl"": [""Stań w rozkroku na szerokość barków, trzymając hantle w obu rękach, dłonie skierowane do ud."", ""Trzymaj proste plecy i napnij brzuch."", ""Powoli unieś hantle przed sobą, z prostymi ramionami, aż znajdą się na wysokości barków."", ""Zatrzymaj się na chwilę w górnej pozycji, a następnie powoli opuść hantle do pozycji wyjściowej."", ""Powtórz zalecaną liczbę powtórzeń.""], ""ru"": [""Встаньте, ноги на ширине плеч, держите по гантели в каждой руке ладонями к бедрам."", ""Держите спину прямо и задействуйте корпус."", ""Медленно поднимите гантели перед собой, выпрямив руки, пока они не окажутся на уровне плеч."", ""Задержитесь на мгновение в верхней точке, затем медленно опустите гантели обратно в исходное положение."", ""Повторите необходимое количество повторений.""], ""tr"": [""Ayaklarınızı omuz genişliğinde açın, avuçlarınız uyluklarınıza bakacak şekilde her iki elinizde birer dambıl tutun."", ""Sırtınızı düz tutun ve çekirdeğinizi meşgul edin."", ""Önünüzdeki dambılları kollarınız düz olacak şekilde omuz hizasına gelene kadar yavaşça kaldırın."", ""Tepe noktasında bir süre duraklayın, ardından dambılları yavaşça başlangıç ​​pozisyonuna indirin."", ""İstenilen sayıda tekrar için tekrarlayın.""], ""zh"": [""双脚分开与肩同宽站立，双手各握一个哑铃，手掌朝向大腿。"", ""保持背部挺直并启动核心肌群。"", ""慢慢举起你面前的哑铃，手臂伸直，直到与肩齐平。"", ""在顶部停顿片刻，然后慢慢将哑铃放回起始位置。"", ""重复所需的重复次数。""]}, ""instructions"": {""en"": ""Stand with your feet shoulder-width apart, holding a dumbbell in each hand with your palms facing your thighs. Keep your back straight and engage your core. Slowly lift the dumbbells in front of you, with your arms straight, until they are at shoulder level. Pause for a moment at the top, then slowly lower the dumbbells back down to the starting position. Repeat for the desired number of repetitions."", ""es"": ""Ponte de pie con los pies separados a la altura de los hombros, sosteniendo una mancuerna en cada mano con las palmas hacia los muslos. Mantén la espalda recta y activa el core. Levanta lentamente las mancuernas frente a ti, con los brazos rectos, hasta que queden a la altura de los hombros. Haz una pausa breve en la parte alta, luego baja lentamente las mancuernas de vuelta a la posición inicial. Repite el número de repeticiones deseado."", ""fr"": ""Tiens-toi debout, les pieds écartés à la largeur des épaules, en tenant un haltère dans chaque main, paumes tournées vers tes cuisses. Garde le dos droit et gaine ta sangle abdominale. Soulève lentement les haltères devant toi, les bras tendus, jusqu'à ce qu'ils soient à hauteur des épaules. Marque une pause en haut, puis abaisse lentement les haltères pour revenir à la position de départ. Répète le nombre de répétitions souhaité."", ""hi"": ""अपने पैरों को कंधे की चौड़ाई पर फैलाकर खड़े हो जाएं, प्रत्येक हाथ में डंबल पकड़ें और अपनी हथेलियों को अपनी जांघों की ओर रखें। अपनी पीठ सीधी रखें और अपने कोर को संलग्न रखें। अपनी भुजाओं को सीधा रखते हुए धीरे-धीरे अपने सामने डम्बल उठाएँ, जब तक कि वे कंधे के स्तर पर न आ जाएँ। शीर्ष पर एक पल के लिए रुकें, फिर धीरे-धीरे डम्बल को वापस प्रारंभिक स्थिति में ले आएं। दोहराव की वांछित संख्या के लिए दोहराएँ।"", ""it"": ""Stai con i piedi a larghezza delle spalle, tenendo un manubrio in ogni mano con i palmi rivolti verso le cosce. Tieni la schiena dritta e attiva il core. Solleva lentamente i manubri davanti a te, con le braccia dritte, finché non saranno all'altezza delle spalle. Fermati un attimo in cima, poi abbassa lentamente i manubri fino alla posizione iniziale. Ripeti per il numero desiderato di ripetizioni."", ""ko"": ""어깨너비로 발을 벌리고 서서 각 손에 덤벨을 들되 손바닥이 허벅지를 향하도록 합니다. 등을 곧게 펴고 코어를 조입니다. 팔을 곧게 펴서 덤벨을 앞으로 천천히 들어 어깨 높이까지 올립니다. 맨 위에서 잠깐 멈춘 후 천천히 덤벨을 시작 위치로 내립니다. 원하는 횟수만큼 반복합니다."", ""pl"": ""Stań w rozkroku na szerokość barków, trzymając hantle w obu rękach, dłonie skierowane do ud. Trzymaj proste plecy i napnij brzuch. Powoli unieś hantle przed sobą, z prostymi ramionami, aż znajdą się na wysokości barków. Zatrzymaj się na chwilę w górnej pozycji, a następnie powoli opuść hantle do pozycji wyjściowej. Powtórz zalecaną liczbę powtórzeń."", ""ru"": ""Встаньте, ноги на ширине плеч, держите по гантели в каждой руке ладонями к бедрам. Держите спину прямо и задействуйте корпус. Медленно поднимите гантели перед собой, выпрямив руки, пока они не окажутся на уровне плеч. Задержитесь на мгновение в верхней точке, затем медленно опустите гантели обратно в исходное положение. Повторите необходимое количество повторений."", ""tr"": ""Ayaklarınızı omuz genişliğinde açın, avuçlarınız uyluklarınıza bakacak şekilde her iki elinizde birer dambıl tutun. Sırtınızı düz tutun ve çekirdeğinizi meşgul edin. Önünüzdeki dambılları kollarınız düz olacak şekilde omuz hizasına gelene kadar yavaşça kaldırın. Tepe noktasında bir süre duraklayın, ardından dambılları yavaşça başlangıç ​​pozisyonuna indirin. İstenilen sayıda tekrar için tekrarlayın."", ""zh"": ""双脚分开与肩同宽站立，双手各握一个哑铃，手掌朝向大腿。 保持背部挺直并启动核心肌群。 慢慢举起你面前的哑铃，手臂伸直，直到与肩齐平。 在顶部停顿片刻，然后慢慢将哑铃放回起始位置。 重复所需的重复次数。""}, ""media_id"": ""Rr7S3yg"", ""muscle_group"": ""trapezius"", ""name"": ""dumbbell front raise v. 2"", ""secondary_muscles"": [""trapezius"", ""biceps""], ""target"": ""delts""}",gymvisual:0041,ERP-20260827-00005,USER_DIRECT_REVIEW_2026_08_29,OWNER_BATCH_CONFIRMATION,2026-08-29T00:00:00+09:00
,,,,,SHOULDERS,PRIMARY_VARIANT,대표-Variant 후보로 보관하며 canonical 병합은 하지 않는다.,AUTO_RULE,VARIANT_MATERIALIZED_DRAFT,exercise-catalog-v2.0.2-final,60,4,3,15,,BEGINNER,NO_POLICY_OVERRIDE,REVIEW_REQUIRED,덤벨 프론트 레이즈,"[""DUMBBELL""]",VEX-000005,BARBELL_FRONT_RAISE,"[""BEGINNER"", ""INTERMEDIATE""]",REX-000005,DOMAIN_APPROVED,"{""BEGINNER"": ""FITT-ISOLATION-STRENGTH-V1"", ""INTERMEDIATE"": ""FITT-ISOLATION-STRENGTH-INTERMEDIATE-V1""}",,,[],,,user-name-only-v1,USER_REVIEWED_NAME_ONLY,덤벨 프론트 레이즈,False,NEX-000036,"[""HOME"", ""GYM""]",dumbbell front raise,덤벨 프론트 레이즈,,,,"[""MAIN""]","[""SHOULDER""]",ISOLATION,True,VARIANT,False,REX-000005,True,"[""HUMAN_TAXONOMY_REVIEW_REQUIRED"", ""VARIANT_RELATION_REVIEW_REQUIRED"", ""FAMILY_REPRESENTATIVE_MAPPING_REVIEW_REQUIRED"", ""VARIANT_SAFETY_REVIEW_REQUIRED"", ""VARIANT_FITT_REVIEW_REQUIRED""]",DOMAIN_APPROVED,REX-000005,DOMAIN_APPROVED,BOUND_INDEPENDENT_SOURCE,"[""ELBOW""]",,Aliaksandr Makatserchyk / Gym visual,0310,"Stand with your feet shoulder-width apart, holding a dumbbell in each hand with your palms facing your thighs. Keeping your arms straight, exhale and lift the dumbbells in front of you until they are at shoulder level. Pause for a moment at the top, then inhale and slowly lower the dumbbells back down to the starting position. Repeat for the desired number of repetitions.","[""Stand with your feet shoulder-width apart, holding a dumbbell in each hand with your palms facing your thighs."", ""Keeping your arms straight, exhale and lift the dumbbells in front of you until they are at shoulder level."", ""Pause for a moment at the top, then inhale and slowly lower the dumbbells back down to the starting position."", ""Repeat for the desired number of repetitions.""]",gymvisual:0310,MIT,3eGE2JC,image:images/0310-3eGE2JC.jpg;gif:videos/0310-3eGE2JC.gif,dumbbell front raise,dumbbell front raise,덤벨 프론트 레이즈,RESOLVED_INTEGRATED_SOURCE,0310,gymvisual,gymvisual,https://github.com/hasaneyldrm/exercises-dataset,dumbbell_front_raise_isolation_dumbbell,,,REPS,STRENGTH,USER_DIRECT_REVIEW_2026_08_29,COMPLETED,MATERIALIZED_DRAFT_REVIEW_REQUIRED,REVIEW_REQUIRED,PRIMARY_VARIANT,,,,,,,,,,,,,,,,,,,"{""attribution"": ""© Gym visual — https://gymvisual.com/"", ""body_part"": ""shoulders"", ""category"": ""shoulders"", ""created_at"": ""2026-03-18T12:31:32.878366+00:00"", ""equipment"": ""dumbbell"", ""gif_url"": ""videos/0310-3eGE2JC.gif"", ""id"": ""0310"", ""image"": ""images/0310-3eGE2JC.jpg"", ""instruction_steps"": {""en"": [""Stand with your feet shoulder-width apart, holding a dumbbell in each hand with your palms facing your thighs."", ""Keeping your arms straight, exhale and lift the dumbbells in front of you until they are at shoulder level."", ""Pause for a moment at the top, then inhale and slowly lower the dumbbells back down to the starting position."", ""Repeat for the desired number of repetitions.""], ""es"": [""Ponte de pie con los pies separados a la altura de los hombros, sosteniendo una mancuerna en cada mano con las palmas hacia los muslos."", ""Manteniendo los brazos rectos, exhala y levanta las mancuernas frente a ti hasta que queden a la altura de los hombros."", ""Haz una pausa por un momento en la parte superior, luego inhala y baja lentamente las mancuernas de vuelta a la posición inicial."", ""Repite el número de repeticiones deseado.""], ""fr"": [""Tiens-toi debout, les pieds écartés à la largeur des épaules, en tenant un haltère dans chaque main, paumes tournées vers tes cuisses."", ""En gardant les bras tendus, expire et lève les haltères devant toi jusqu'à ce qu'ils soient à hauteur d'épaule."", ""Marque une pause en haut, puis inspire et abaisse lentement les haltères pour revenir à la position de départ."", ""Répète le nombre de répétitions souhaité.""], ""hi"": [""अपने पैरों को कंधे की चौड़ाई पर फैलाकर खड़े हो जाएं, प्रत्येक हाथ में डंबल पकड़ें और अपनी हथेलियों को अपनी जांघों की ओर रखें।"", ""अपनी बाहों को सीधा रखते हुए, सांस छोड़ें और डम्बल को अपने सामने तब तक उठाएं जब तक वे कंधे के स्तर पर न आ जाएं।"", ""शीर्ष पर एक पल के लिए रुकें, फिर सांस लें और धीरे-धीरे डम्बल को वापस प्रारंभिक स्थिति में ले आएं।"", ""दोहराव की वांछित संख्या के लिए दोहराएँ।""], ""it"": [""Stai con i piedi a larghezza delle spalle, tenendo un manubrio in ogni mano con i palmi rivolti verso le cosce."", ""Tieni le braccia dritte, espira e solleva i manubri davanti a te finché non sono all'altezza delle spalle."", ""Fermati un attimo in cima, poi inspira e abbassa lentamente i manubri fino alla posizione iniziale."", ""Ripeti per il numero desiderato di ripetizioni.""], ""ko"": [""어깨너비로 발을 벌리고 서서 각 손에 덤벨을 들되 손바닥이 허벅지를 향하도록 합니다."", ""팔을 곧게 펴고 숨을 내쉬면서 덤벨을 앞으로 들어 어깨 높이까지 올립니다."", ""맨 위에서 잠깐 멈춘 후 숨을 들이쉬면서 천천히 덤벨을 시작 위치로 내립니다."", ""원하는 횟수만큼 반복합니다.""], ""pl"": [""Stań w rozkroku na szerokość barków, trzymając hantle w obu rękach, dłonie skierowane do ud."", ""Trzymając ramiona proste, wydychaj powietrze i unieś hantle przed sobą, aż znajdą się na wysokości barków."", ""Zatrzymaj się na chwilę w górnej pozycji, a następnie wdychaj powietrze i powoli opuść hantle do pozycji wyjściowej."", ""Powtórz zalecaną liczbę powtórzeń.""], ""ru"": [""Встаньте, ноги на ширине плеч, держите по гантели в каждой руке ладонями к бедрам."", ""Держа руки прямыми, выдохните и поднимите гантели перед собой до уровня плеч."", ""Задержитесь на мгновение в верхней точке, затем вдохните и медленно опустите гантели обратно в исходное положение."", ""Повторите необходимое количество повторений.""], ""tr"": [""Ayaklarınızı omuz genişliğinde açın, avuçlarınız uyluklarınıza bakacak şekilde her iki elinizde birer dambıl tutun."", ""Kollarınızı düz tutarak nefes verin ve önünüzdeki dambılları omuz hizasına gelene kadar kaldırın."", ""Tepe noktasında bir süre duraklayın, ardından nefes alın ve dambılları yavaşça başlangıç ​​pozisyonuna indirin."", ""İstenilen sayıda tekrar için tekrarlayın.""], ""zh"": [""双脚分开与肩同宽站立，双手各握一个哑铃，手掌朝向大腿。"", ""保持双臂伸直，呼气并将哑铃举至身前，直至与肩齐平。"", ""在顶部停顿片刻，然后吸气，慢慢将哑铃放回起始位置。"", ""重复所需的重复次数。""]}, ""instructions"": {""en"": ""Stand with your feet shoulder-width apart, holding a dumbbell in each hand with your palms facing your thighs. Keeping your arms straight, exhale and lift the dumbbells in front of you until they are at shoulder level. Pause for a moment at the top, then inhale and slowly lower the dumbbells back down to the starting position. Repeat for the desired number of repetitions."", ""es"": ""Ponte de pie con los pies separados a la altura de los hombros, sosteniendo una mancuerna en cada mano con las palmas hacia los muslos. Manteniendo los brazos rectos, exhala y levanta las mancuernas frente a ti hasta que queden a la altura de los hombros. Haz una pausa por un momento en la parte superior, luego inhala y baja lentamente las mancuernas de vuelta a la posición inicial. Repite el número de repeticiones deseado."", ""fr"": ""Tiens-toi debout, les pieds écartés à la largeur des épaules, en tenant un haltère dans chaque main, paumes tournées vers tes cuisses. En gardant les bras tendus, expire et lève les haltères devant toi jusqu'à ce qu'ils soient à hauteur d'épaule. Marque une pause en haut, puis inspire et abaisse lentement les haltères pour revenir à la position de départ. Répète le nombre de répétitions souhaité."", ""hi"": ""अपने पैरों को कंधे की चौड़ाई पर फैलाकर खड़े हो जाएं, प्रत्येक हाथ में डंबल पकड़ें और अपनी हथेलियों को अपनी जांघों की ओर रखें। अपनी बाहों को सीधा रखते हुए, सांस छोड़ें और डम्बल को अपने सामने तब तक उठाएं जब तक वे कंधे के स्तर पर न आ जाएं। शीर्ष पर एक पल के लिए रुकें, फिर सांस लें और धीरे-धीरे डम्बल को वापस प्रारंभिक स्थिति में ले आएं। दोहराव की वांछित संख्या के लिए दोहराएँ।"", ""it"": ""Stai con i piedi a larghezza delle spalle, tenendo un manubrio in ogni mano con i palmi rivolti verso le cosce. Tieni le braccia dritte, espira e solleva i manubri davanti a te finché non sono all'altezza delle spalle. Fermati un attimo in cima, poi inspira e abbassa lentamente i manubri fino alla posizione iniziale. Ripeti per il numero desiderato di ripetizioni."", ""ko"": ""어깨너비로 발을 벌리고 서서 각 손에 덤벨을 들되 손바닥이 허벅지를 향하도록 합니다. 팔을 곧게 펴고 숨을 내쉬면서 덤벨을 앞으로 들어 어깨 높이까지 올립니다. 맨 위에서 잠깐 멈춘 후 숨을 들이쉬면서 천천히 덤벨을 시작 위치로 내립니다. 원하는 횟수만큼 반복합니다."", ""pl"": ""Stań w rozkroku na szerokość barków, trzymając hantle w obu rękach, dłonie skierowane do ud. Trzymając ramiona proste, wydychaj powietrze i unieś hantle przed sobą, aż znajdą się na wysokości barków. Zatrzymaj się na chwilę w górnej pozycji, a następnie wdychaj powietrze i powoli opuść hantle do pozycji wyjściowej. Powtórz zalecaną liczbę powtórzeń."", ""ru"": ""Встаньте, ноги на ширине плеч, держите по гантели в каждой руке ладонями к бедрам. Держа руки прямыми, выдохните и поднимите гантели перед собой до уровня плеч. Задержитесь на мгновение в верхней точке, затем вдохните и медленно опустите гантели обратно в исходное положение. Повторите необходимое количество повторений."", ""tr"": ""Ayaklarınızı omuz genişliğinde açın, avuçlarınız uyluklarınıza bakacak şekilde her iki elinizde birer dambıl tutun. Kollarınızı düz tutarak nefes verin ve önünüzdeki dambılları omuz hizasına gelene kadar kaldırın. Tepe noktasında bir süre duraklayın, ardından nefes alın ve dambılları yavaşça başlangıç ​​pozisyonuna indirin. İstenilen sayıda tekrar için tekrarlayın."", ""zh"": ""双脚分开与肩同宽站立，双手各握一个哑铃，手掌朝向大腿。 保持双臂伸直，呼气并将哑铃举至身前，直至与肩齐平。 在顶部停顿片刻，然后吸气，慢慢将哑铃放回起始位置。 重复所需的重复次数。""}, ""media_id"": ""3eGE2JC"", ""muscle_group"": ""biceps"", ""name"": ""dumbbell front raise"", ""secondary_muscles"": [""biceps"", ""trapezius""], ""target"": ""delts""}",gymvisual:0041,ERP-20260827-00006,USER_DIRECT_REVIEW_2026_08_29,OWNER_BATCH_CONFIRMATION,2026-08-29T00:00:00+09:00
,,,,,SHOULDERS,PRIMARY_VARIANT,대표-Variant 후보로 보관하며 canonical 병합은 하지 않는다.,AUTO_RULE,VARIANT_MATERIALIZED_DRAFT,exercise-catalog-v2.0.2-final,60,4,3,15,,BEGINNER,NO_POLICY_OVERRIDE,REVIEW_REQUIRED,덤벨 시티드 교대 프론트 레이즈,"[""DUMBBELL""]",VEX-000006,BARBELL_FRONT_RAISE,"[""BEGINNER"", ""INTERMEDIATE""]",REX-000005,DOMAIN_APPROVED,"{""BEGINNER"": ""FITT-ISOLATION-STRENGTH-V1"", ""INTERMEDIATE"": ""FITT-ISOLATION-STRENGTH-INTERMEDIATE-V1""}",,,[],,,user-name-only-v1,USER_REVIEWED_NAME_ONLY,덤벨 시티드 교대 프론트 레이즈,False,NEX-000053,"[""HOME"", ""GYM""]",dumbbell seated alternate front raise,덤벨 시티드 교대 프론트 레이즈,,,,"[""MAIN""]","[""SHOULDER""]",ISOLATION,True,VARIANT,False,REX-000005,True,"[""HUMAN_TAXONOMY_REVIEW_REQUIRED"", ""VARIANT_RELATION_REVIEW_REQUIRED"", ""FAMILY_REPRESENTATIVE_MAPPING_REVIEW_REQUIRED"", ""VARIANT_SAFETY_REVIEW_REQUIRED"", ""VARIANT_FITT_REVIEW_REQUIRED""]",DOMAIN_APPROVED,REX-000005,DOMAIN_APPROVED,BOUND_INDEPENDENT_SOURCE,"[""ELBOW""]",,Aliaksandr Makatserchyk / Gym visual,0387,"Sit on a bench with your back straight and feet flat on the ground. Hold a dumbbell in each hand with your palms facing your body and arms extended down by your sides. Keeping your arms straight, raise one dumbbell in front of you until it is parallel to the ground. Pause for a moment at the top, then slowly lower the dumbbell back down to the starting position. Repeat with the other arm. Alternate between arms for the desired number of repetitions.","[""Sit on a bench with your back straight and feet flat on the ground."", ""Hold a dumbbell in each hand with your palms facing your body and arms extended down by your sides."", ""Keeping your arms straight, raise one dumbbell in front of you until it is parallel to the ground."", ""Pause for a moment at the top, then slowly lower the dumbbell back down to the starting position."", ""Repeat with the other arm."", ""Alternate between arms for the desired number of repetitions.""]",gymvisual:0387,MIT,gH5fRsC,image:images/0387-gH5fRsC.jpg;gif:videos/0387-gH5fRsC.gif,dumbbell seated alternate front raise,dumbbell seated alternate front raise,덤벨 시티드 교대 프론트 레이즈,RESOLVED_INTEGRATED_SOURCE,0387,gymvisual,gymvisual,https://github.com/hasaneyldrm/exercises-dataset,dumbbell_seated_alternate_front_raise_isolation_dumbbell,,,REPS,STRENGTH,USER_DIRECT_REVIEW_2026_08_29,COMPLETED,MATERIALIZED_DRAFT_REVIEW_REQUIRED,REVIEW_REQUIRED,PRIMARY_VARIANT,,,,,,,,,,,,,,,,,,,"{""attribution"": ""© Gym visual — https://gymvisual.com/"", ""body_part"": ""shoulders"", ""category"": ""shoulders"", ""created_at"": ""2026-03-18T12:31:32.881007+00:00"", ""equipment"": ""dumbbell"", ""gif_url"": ""videos/0387-gH5fRsC.gif"", ""id"": ""0387"", ""image"": ""images/0387-gH5fRsC.jpg"", ""instruction_steps"": {""en"": [""Sit on a bench with your back straight and feet flat on the ground."", ""Hold a dumbbell in each hand with your palms facing your body and arms extended down by your sides."", ""Keeping your arms straight, raise one dumbbell in front of you until it is parallel to the ground."", ""Pause for a moment at the top, then slowly lower the dumbbell back down to the starting position."", ""Repeat with the other arm."", ""Alternate between arms for the desired number of repetitions.""], ""es"": [""Siéntate en un banco con la espalda recta y los pies planos sobre el suelo."", ""Sujeta una mancuerna en cada mano con las palmas hacia tu cuerpo y los brazos extendidos hacia abajo a los lados."", ""Manteniendo los brazos rectos, levanta una mancuerna frente a ti hasta que quede paralela al suelo."", ""Haz una pausa breve en la parte más alta, luego baja lentamente la mancuerna de vuelta a la posición inicial."", ""Repite con el otro brazo."", ""Alterna entre los brazos el número de repeticiones deseado.""], ""fr"": [""Assieds-toi sur un banc, le dos droit et les pieds à plat sur le sol."", ""Tiens un haltère dans chaque main, les paumes tournées vers ton corps et les bras étendus le long de tes flancs."", ""En gardant les bras tendus, lève un haltère devant toi jusqu'à ce qu'il soit parallèle au sol."", ""Marque une pause en haut, puis abaisse lentement l'haltère pour revenir à la position de départ."", ""Répète avec l'autre bras."", ""Alterne les bras pour le nombre de répétitions souhaité.""], ""hi"": [""अपनी पीठ सीधी और पैर ज़मीन पर सपाट करके एक बेंच पर बैठें।"", ""प्रत्येक हाथ में एक डम्बल पकड़ें, अपनी हथेलियों को अपने शरीर की ओर रखें और भुजाएँ अपनी तरफ नीचे की ओर फैलाएँ।"", ""अपनी भुजाओं को सीधा रखते हुए, एक डम्बल को अपने सामने तब तक उठाएँ जब तक कि वह ज़मीन के समानांतर न हो जाए।"", ""शीर्ष पर एक पल के लिए रुकें, फिर धीरे-धीरे डम्बल को वापस प्रारंभिक स्थिति में ले आएं।"", ""दूसरे हाथ से दोहराएँ."", ""दोहराव की वांछित संख्या के लिए भुजाओं के बीच वैकल्पिक करें।""], ""it"": [""Siediti su una panchina con la schiena dritta e i piedi piatti a terra."", ""Tieni un manubrio in ogni mano con i palmi rivolti verso il corpo e le braccia distese lungo i lati."", ""Tenendo le braccia dritte, alza un manubrio davanti a te finché non è parallelo al suolo."", ""Fermati un attimo in cima, poi abbassa lentamente il manubrio fino alla posizione di partenza."", ""Ripeti con l'altro braccio."", ""Alternare tra le armi per il numero desiderato di ripetizioni.""], ""ko"": [""벤치에 앉아 등을 곧게 펴고 발을 땅에 댄다."", ""양손에 덤벨을 들되 손바닥이 몸을 향하고 팔을 아래로 펼친 상태로 옆에 둔다."", ""팔을 곧게 펼친 채 한쪽 덤벨을 몸 앞쪽으로 들어올려 바닥과 평행하게 만든다."", ""맨 위에서 잠깐 멈춘 후 천천히 덤벨을 시작 위치로 낮춘다."", ""다른 팔로 반복한다."", ""양팔을 교대로 반복하며 원하는 반복 횟수만큼 수행합니다.""], ""pl"": [""Usiądź na ławce, trzymając plecy proste i stopy płasko na podłodze."", ""Trzymaj w każdej dłoni hantlę, dłonie skierowane w stronę ciała, ręce wyprostowane wzdłuż boków ciała."", ""Utrzymując proste ręce, unieś jedną hantlę przed sobą, aż będzie równoległa do podłogi."", ""Zatrzymaj się na chwilę na górze, a następnie powoli opuść hantlę z powrotem do pozycji wyjściowej."", ""Powtórz drugą ręką."", ""Kontynuuj naprzemienne wykonywanie ćwiczenia przez zalecaną liczbę powtórzeń.""], ""ru"": [""Сядьте на скамью, выпрямив спину и поставив ноги на землю."", ""Возьмите по гантели в каждую руку ладонями к телу, а руки вытяните вниз по бокам."", ""Держа руки прямыми, поднимите одну гантель перед собой до тех пор, пока она не станет параллельна земле."", ""Задержитесь на мгновение в верхней точке, затем медленно опустите гантель обратно в исходное положение."", ""Повторите с другой рукой."", ""Чередуйте руки, выполняя желаемое количество повторений.""], ""tr"": [""Sırtınız dik ve ayaklarınız yere düz basacak şekilde bir bankta oturun."", ""Avuç içleriniz vücudunuza bakacak ve kollarınız yanlarınızda uzanacak şekilde her iki elinizde birer dambıl tutun."", ""Kollarınızı düz tutarak önünüzdeki bir dambılı yere paralel oluncaya kadar kaldırın."", ""Tepe noktasında bir süre duraklayın, ardından dambılı yavaşça başlangıç ​​pozisyonuna indirin."", ""Diğer kolla tekrarlayın."", ""İstenilen sayıda tekrar için kollar arasında geçiş yapın.""], ""zh"": [""坐在长凳上，背部挺直，双脚平放在地上。"", ""每只手握住一个哑铃，手掌朝向身体，手臂向下伸展到身体两侧。"", ""保持双臂伸直，将一只哑铃举至身前，直至其与地面平行。"", ""在顶部停顿片刻，然后慢慢将哑铃放回起始位置。"", ""用另一只手臂重复上述步骤。"", ""双臂交替进行所需的重复次数。""]}, ""instructions"": {""en"": ""Sit on a bench with your back straight and feet flat on the ground. Hold a dumbbell in each hand with your palms facing your body and arms extended down by your sides. Keeping your arms straight, raise one dumbbell in front of you until it is parallel to the ground. Pause for a moment at the top, then slowly lower the dumbbell back down to the starting position. Repeat with the other arm. Alternate between arms for the desired number of repetitions."", ""es"": ""Siéntate en un banco con la espalda recta y los pies planos sobre el suelo. Sujeta una mancuerna en cada mano con las palmas hacia tu cuerpo y los brazos extendidos hacia abajo a los lados. Manteniendo los brazos rectos, levanta una mancuerna frente a ti hasta que quede paralela al suelo. Haz una pausa breve en la parte más alta, luego baja lentamente la mancuerna de vuelta a la posición inicial. Repite con el otro brazo. Alterna entre los brazos el número de repeticiones deseado."", ""fr"": ""Assieds-toi sur un banc, le dos droit et les pieds à plat sur le sol. Tiens un haltère dans chaque main, les paumes tournées vers ton corps et les bras étendus le long de tes flancs. En gardant les bras tendus, lève un haltère devant toi jusqu'à ce qu'il soit parallèle au sol. Marque une pause en haut, puis abaisse lentement l'haltère pour revenir à la position de départ. Répète avec l'autre bras. Alterne les bras pour le nombre de répétitions souhaité."", ""hi"": ""अपनी पीठ सीधी और पैर ज़मीन पर सपाट करके एक बेंच पर बैठें। प्रत्येक हाथ में एक डम्बल पकड़ें, अपनी हथेलियों को अपने शरीर की ओर रखें और भुजाएँ अपनी तरफ नीचे की ओर फैलाएँ। अपनी भुजाओं को सीधा रखते हुए, एक डम्बल को अपने सामने तब तक उठाएँ जब तक कि वह ज़मीन के समानांतर न हो जाए। शीर्ष पर एक पल के लिए रुकें, फिर धीरे-धीरे डम्बल को वापस प्रारंभिक स्थिति में ले आएं। दूसरे हाथ से दोहराएँ. दोहराव की वांछित संख्या के लिए भुजाओं के बीच वैकल्पिक करें।"", ""it"": ""Siediti su una panchina con la schiena dritta e i piedi piatti a terra. Tieni un manubrio in ogni mano con i palmi rivolti verso il corpo e le braccia distese lungo i lati. Tenendo le braccia dritte, alza un manubrio davanti a te finché non è parallelo al suolo. Fermati un attimo in cima, poi abbassa lentamente il manubrio fino alla posizione di partenza. Ripeti con l'altro braccio. Alternare tra le armi per il numero desiderato di ripetizioni."", ""ko"": ""벤치에 앉아 등을 곧게 펴고 발을 땅에 댄다. 양손에 덤벨을 들되 손바닥이 몸을 향하고 팔을 아래로 펼친 상태로 옆에 둔다. 팔을 곧게 펼친 채 한쪽 덤벨을 몸 앞쪽으로 들어올려 바닥과 평행하게 만든다. 맨 위에서 잠깐 멈춘 후 천천히 덤벨을 시작 위치로 낮춘다. 다른 팔로 반복한다. 양팔을 교대로 반복하며 원하는 반복 횟수만큼 수행합니다."", ""pl"": ""Usiądź na ławce, trzymając plecy proste i stopy płasko na podłodze. Trzymaj w każdej dłoni hantlę, dłonie skierowane w stronę ciała, ręce wyprostowane wzdłuż boków ciała. Utrzymując proste ręce, unieś jedną hantlę przed sobą, aż będzie równoległa do podłogi. Zatrzymaj się na chwilę na górze, a następnie powoli opuść hantlę z powrotem do pozycji wyjściowej. Powtórz drugą ręką. Kontynuuj naprzemienne wykonywanie ćwiczenia przez zalecaną liczbę powtórzeń."", ""ru"": ""Сядьте на скамью, выпрямив спину и поставив ноги на землю. Возьмите по гантели в каждую руку ладонями к телу, а руки вытяните вниз по бокам. Держа руки прямыми, поднимите одну гантель перед собой до тех пор, пока она не станет параллельна земле. Задержитесь на мгновение в верхней точке, затем медленно опустите гантель обратно в исходное положение. Повторите с другой рукой. Чередуйте руки, выполняя желаемое количество повторений."", ""tr"": ""Sırtınız dik ve ayaklarınız yere düz basacak şekilde bir bankta oturun. Avuç içleriniz vücudunuza bakacak ve kollarınız yanlarınızda uzanacak şekilde her iki elinizde birer dambıl tutun. Kollarınızı düz tutarak önünüzdeki bir dambılı yere paralel oluncaya kadar kaldırın. Tepe noktasında bir süre duraklayın, ardından dambılı yavaşça başlangıç ​​pozisyonuna indirin. Diğer kolla tekrarlayın. İstenilen sayıda tekrar için kollar arasında geçiş yapın."", ""zh"": ""坐在长凳上，背部挺直，双脚平放在地上。 每只手握住一个哑铃，手掌朝向身体，手臂向下伸展到身体两侧。 保持双臂伸直，将一只哑铃举至身前，直至其与地面平行。 在顶部停顿片刻，然后慢慢将哑铃放回起始位置。 用另一只手臂重复上述步骤。 双臂交替进行所需的重复次数。""}, ""media_id"": ""gH5fRsC"", ""muscle_group"": ""trapezius"", ""name"": ""dumbbell seated alternate front raise"", ""secondary_muscles"": [""trapezius"", ""biceps""], ""target"": ""delts""}",gymvisual:0041,ERP-20260827-00007,USER_DIRECT_REVIEW_2026_08_29,OWNER_BATCH_CONFIRMATION,2026-08-29T00:00:00+09:00
,,,,,SHOULDERS,PRIMARY_VARIANT,대표-Variant 후보로 보관하며 canonical 병합은 하지 않는다.,AUTO_RULE,VARIANT_MATERIALIZED_DRAFT,exercise-catalog-v2.0.2-final,60,4,3,15,,BEGINNER,NO_POLICY_OVERRIDE,REVIEW_REQUIRED,밴드 프론트 레이즈,"[""RESISTANCE_BAND""]",VEX-000007,BARBELL_FRONT_RAISE,"[""BEGINNER"", ""INTERMEDIATE""]",REX-000005,DOMAIN_APPROVED,"{""BEGINNER"": ""FITT-ISOLATION-STRENGTH-V1"", ""INTERMEDIATE"": ""FITT-ISOLATION-STRENGTH-INTERMEDIATE-V1""}",,,[],,,user-name-only-v1,USER_REVIEWED_NAME_ONLY,밴드 프론트 레이즈,False,NEX-000098,"[""HOME"", ""GYM""]",band front raise,밴드 프론트 레이즈,,,,"[""MAIN""]","[""SHOULDER""]",ISOLATION,True,VARIANT,False,REX-000005,True,"[""HUMAN_TAXONOMY_REVIEW_REQUIRED"", ""VARIANT_RELATION_REVIEW_REQUIRED"", ""FAMILY_REPRESENTATIVE_MAPPING_REVIEW_REQUIRED"", ""VARIANT_SAFETY_REVIEW_REQUIRED"", ""VARIANT_FITT_REVIEW_REQUIRED""]",DOMAIN_APPROVED,REX-000005,DOMAIN_APPROVED,BOUND_INDEPENDENT_SOURCE,"[""ELBOW""]",,Aliaksandr Makatserchyk / Gym visual,0978,"Stand with your feet shoulder-width apart and hold the band in front of your thighs with your palms facing down. Keep your arms straight and slowly raise them forward until they are parallel to the ground. Pause for a moment at the top, then slowly lower your arms back down to the starting position. Repeat for the desired number of repetitions.","[""Stand with your feet shoulder-width apart and hold the band in front of your thighs with your palms facing down."", ""Keep your arms straight and slowly raise them forward until they are parallel to the ground."", ""Pause for a moment at the top, then slowly lower your arms back down to the starting position."", ""Repeat for the desired number of repetitions.""]",gymvisual:0978,MIT,TFA88iB,image:images/0978-TFA88iB.jpg;gif:videos/0978-TFA88iB.gif,band front raise,band front raise,밴드 프론트 레이즈,RESOLVED_INTEGRATED_SOURCE,0978,gymvisual,gymvisual,https://github.com/hasaneyldrm/exercises-dataset,band_front_raise_isolation_resistance_band,,,REPS,STRENGTH,USER_DIRECT_REVIEW_2026_08_29,COMPLETED,MATERIALIZED_DRAFT_REVIEW_REQUIRED,REVIEW_REQUIRED,PRIMARY_VARIANT,,,,,,,,,,,,,,,,,,,"{""attribution"": ""© Gym visual — https://gymvisual.com/"", ""body_part"": ""shoulders"", ""category"": ""shoulders"", ""created_at"": ""2026-03-18T12:31:32.85595+00:00"", ""equipment"": ""band"", ""gif_url"": ""videos/0978-TFA88iB.gif"", ""id"": ""0978"", ""image"": ""images/0978-TFA88iB.jpg"", ""instruction_steps"": {""en"": [""Stand with your feet shoulder-width apart and hold the band in front of your thighs with your palms facing down."", ""Keep your arms straight and slowly raise them forward until they are parallel to the ground."", ""Pause for a moment at the top, then slowly lower your arms back down to the starting position."", ""Repeat for the desired number of repetitions.""], ""es"": [""Ponte de pie con los pies separados a la altura de los hombros y sostén la banda frente a los muslos con las palmas hacia abajo."", ""Mantén los brazos rectos y levántalos lentamente hacia adelante hasta que queden paralelos al suelo."", ""Haz una pausa por un momento en la parte superior, luego baja lentamente los brazos de vuelta a la posición inicial."", ""Repite el número de repeticiones deseado.""], ""fr"": [""Tiens-toi debout, les pieds écartés à la largeur des épaules et tiens l'élastique devant tes cuisses, paumes tournées vers le bas."", ""Garde tes bras tendus et lève-les lentement vers l'avant jusqu'à ce qu'ils soient parallèles au sol."", ""Marque une pause en haut, puis abaisse lentement tes bras pour revenir à la position de départ."", ""Répète le nombre de répétitions souhaité.""], ""hi"": [""अपने पैरों को कंधे की चौड़ाई पर फैलाकर खड़े हो जाएं और अपनी हथेलियों को नीचे की ओर रखते हुए बैंड को अपनी जांघों के सामने पकड़ें।"", ""अपनी भुजाओं को सीधा रखें और धीरे-धीरे उन्हें आगे की ओर उठाएं जब तक कि वे जमीन के समानांतर न हो जाएं।"", ""शीर्ष पर एक पल के लिए रुकें, फिर धीरे-धीरे अपनी भुजाओं को वापस प्रारंभिक स्थिति में ले आएं।"", ""दोहराव की वांछित संख्या के लिए दोहराएँ।""], ""it"": [""Stare con i piedi alla larghezza delle spalle e tenere la fascia davanti alle cosce con i palmi rivolti verso il basso."", ""Tieni le braccia tese e sollevale lentamente in avanti finché non sono parallele al suolo."", ""Fai una pausa per un momento in alto, quindi abbassa lentamente le braccia fino alla posizione iniziale."", ""Ripetere per il numero di ripetizioni desiderato.""], ""ko"": [""발을 어깨너비로 벌리고 서서 밴드를 넓적다리 앞에 들되 손바닥이 아래를 향하게 합니다."", ""팔을 곧게 펼친 상태로 천천히 팔을 앞으로 올려 지면과 평행하게 만듭니다."", ""꼭짓점에서 잠깐 멈춘 후 천천히 팔을 시작 자세로 내립니다."", ""원하는 반복 횟수만큼 반복합니다.""], ""pl"": [""Stań w rozkroku na szerokość barków i trzymaj taśmę przed udami, dłońmi skierowanymi w dół."", ""Utrzymuj ramiona proste i powoli unoś je do przodu, aż będą równoległe do podłogi."", ""Zatrzymaj się na chwilę w górnej pozycji, a następnie powoli opuść ramiona z powrotem do pozycji wyjściowej."", ""Powtórz zalecaną liczbę razy.""], ""ru"": [""Встаньте, ноги на ширине плеч, держите ленту перед бедрами ладонями вниз."", ""Держите руки прямо и медленно поднимите их вперед, пока они не станут параллельны земле."", ""Задержитесь на мгновение в верхней точке, затем медленно опустите руки обратно в исходное положение."", ""Повторите необходимое количество повторений.""], ""tr"": [""Ayaklarınızı omuz genişliğinde açın ve bandı avuçlarınız aşağıya bakacak şekilde uyluklarınızın önünde tutun."", ""Kollarınızı düz tutun ve yere paralel oluncaya kadar yavaşça öne doğru kaldırın."", ""Tepe noktasında bir an duraklayın, ardından kollarınızı yavaşça başlangıç ​​pozisyonuna indirin."", ""İstenilen sayıda tekrar için tekrarlayın.""], ""zh"": [""双脚分开与肩同宽站立，将弹力带放在大腿前面，手掌朝下。"", ""保持手臂伸直，慢慢向前举起，直到与地面平行。"", ""在顶部暂停片刻，然后慢慢将手臂放回起始位置。"", ""重复所需的重复次数。""]}, ""instructions"": {""en"": ""Stand with your feet shoulder-width apart and hold the band in front of your thighs with your palms facing down. Keep your arms straight and slowly raise them forward until they are parallel to the ground. Pause for a moment at the top, then slowly lower your arms back down to the starting position. Repeat for the desired number of repetitions."", ""es"": ""Ponte de pie con los pies separados a la altura de los hombros y sostén la banda frente a los muslos con las palmas hacia abajo. Mantén los brazos rectos y levántalos lentamente hacia adelante hasta que queden paralelos al suelo. Haz una pausa por un momento en la parte superior, luego baja lentamente los brazos de vuelta a la posición inicial. Repite el número de repeticiones deseado."", ""fr"": ""Tiens-toi debout, les pieds écartés à la largeur des épaules et tiens l'élastique devant tes cuisses, paumes tournées vers le bas. Garde tes bras tendus et lève-les lentement vers l'avant jusqu'à ce qu'ils soient parallèles au sol. Marque une pause en haut, puis abaisse lentement tes bras pour revenir à la position de départ. Répète le nombre de répétitions souhaité."", ""hi"": ""अपने पैरों को कंधे की चौड़ाई पर फैलाकर खड़े हो जाएं और अपनी हथेलियों को नीचे की ओर रखते हुए बैंड को अपनी जांघों के सामने पकड़ें। अपनी भुजाओं को सीधा रखें और धीरे-धीरे उन्हें आगे की ओर उठाएं जब तक कि वे जमीन के समानांतर न हो जाएं। शीर्ष पर एक पल के लिए रुकें, फिर धीरे-धीरे अपनी भुजाओं को वापस प्रारंभिक स्थिति में ले आएं। दोहराव की वांछित संख्या के लिए दोहराएँ।"", ""it"": ""Stare con i piedi alla larghezza delle spalle e tenere la fascia davanti alle cosce con i palmi rivolti verso il basso. Tieni le braccia tese e sollevale lentamente in avanti finché non sono parallele al suolo. Fai una pausa per un momento in alto, quindi abbassa lentamente le braccia fino alla posizione iniziale. Ripetere per il numero di ripetizioni desiderato."", ""ko"": ""발을 어깨너비로 벌리고 서서 밴드를 넓적다리 앞에 들되 손바닥이 아래를 향하게 합니다. 팔을 곧게 펼친 상태로 천천히 팔을 앞으로 올려 지면과 평행하게 만듭니다. 꼭짓점에서 잠깐 멈춘 후 천천히 팔을 시작 자세로 내립니다. 원하는 반복 횟수만큼 반복합니다."", ""pl"": ""Stań w rozkroku na szerokość barków i trzymaj taśmę przed udami, dłońmi skierowanymi w dół. Utrzymuj ramiona proste i powoli unoś je do przodu, aż będą równoległe do podłogi. Zatrzymaj się na chwilę w górnej pozycji, a następnie powoli opuść ramiona z powrotem do pozycji wyjściowej. Powtórz zalecaną liczbę razy."", ""ru"": ""Встаньте, ноги на ширине плеч, держите ленту перед бедрами ладонями вниз. Держите руки прямо и медленно поднимите их вперед, пока они не станут параллельны земле. Задержитесь на мгновение в верхней точке, затем медленно опустите руки обратно в исходное положение. Повторите необходимое количество повторений."", ""tr"": ""Ayaklarınızı omuz genişliğinde açın ve bandı avuçlarınız aşağıya bakacak şekilde uyluklarınızın önünde tutun. Kollarınızı düz tutun ve yere paralel oluncaya kadar yavaşça öne doğru kaldırın. Tepe noktasında bir an duraklayın, ardından kollarınızı yavaşça başlangıç ​​pozisyonuna indirin. İstenilen sayıda tekrar için tekrarlayın."", ""zh"": ""双脚分开与肩同宽站立，将弹力带放在大腿前面，手掌朝下。 保持手臂伸直，慢慢向前举起，直到与地面平行。 在顶部暂停片刻，然后慢慢将手臂放回起始位置。 重复所需的重复次数。""}, ""media_id"": ""TFA88iB"", ""muscle_group"": ""triceps"", ""name"": ""band front raise"", ""secondary_muscles"": [""triceps"", ""upper back""], ""target"": ""delts""}",gymvisual:0041,ERP-20260827-00008,USER_DIRECT_REVIEW_2026_08_29,OWNER_BATCH_CONFIRMATION,2026-08-29T00:00:00+09:00
,,,,,CALVES,PRIMARY_VARIANT,대표-Variant 후보로 보관하며 canonical 병합은 하지 않는다.,AUTO_RULE,VARIANT_MATERIALIZED_DRAFT,exercise-catalog-v2.0.2-final,60,4,3,15,,INTERMEDIATE,NO_POLICY_OVERRIDE,REVIEW_REQUIRED,덤벨 싱글 레그 카프 레이즈,"[""DUMBBELL""]",VEX-000026,BODYWEIGHT_STANDING_CALF_RAISE,"[""INTERMEDIATE""]",REX-000016,DOMAIN_APPROVED,"{""INTERMEDIATE"": ""FITT-ISOLATION-STRENGTH-INTERMEDIATE-V1""}",,,[],,,user-name-only-v1,USER_REVIEWED_NAME_ONLY,덤벨 싱글 레그 카프 레이즈,False,NEX-000058,"[""HOME"", ""GYM""]",dumbbell single leg calf raise,덤벨 싱글 레그 카프 레이즈,,,,"[""MAIN""]","[""ANKLE_FOOT""]",ISOLATION,True,VARIANT,False,REX-000016,True,"[""HUMAN_TAXONOMY_REVIEW_REQUIRED"", ""VARIANT_RELATION_REVIEW_REQUIRED"", ""FAMILY_REPRESENTATIVE_MAPPING_REVIEW_REQUIRED"", ""VARIANT_SAFETY_REVIEW_REQUIRED"", ""VARIANT_FITT_REVIEW_REQUIRED""]",DOMAIN_APPROVED,REX-000016,DOMAIN_APPROVED,BOUND_INDEPENDENT_SOURCE,"[""KNEE""]",,Aliaksandr Makatserchyk / Gym visual,0409,"Stand on the edge of a step or platform with your heels hanging off and your toes on the step. Hold a dumbbell in one hand and place your other hand on a wall or railing for support. Raise your heel as high as possible, lifting your body up onto your toes. Pause for a moment at the top, then slowly lower your heel back down below the step. Repeat for the desired number of repetitions, then switch to the other leg.","[""Stand on the edge of a step or platform with your heels hanging off and your toes on the step."", ""Hold a dumbbell in one hand and place your other hand on a wall or railing for support."", ""Raise your heel as high as possible, lifting your body up onto your toes."", ""Pause for a moment at the top, then slowly lower your heel back down below the step."", ""Repeat for the desired number of repetitions, then switch to the other leg.""]",gymvisual:0409,MIT,1kB3Wmk,image:images/0409-1kB3Wmk.jpg;gif:videos/0409-1kB3Wmk.gif,dumbbell single leg calf raise,dumbbell single leg calf raise,덤벨 싱글 레그 카프 레이즈,RESOLVED_INTEGRATED_SOURCE,0409,gymvisual,gymvisual,https://github.com/hasaneyldrm/exercises-dataset,dumbbell_single_leg_calf_raise_isolation_dumbbell,,,REPS,STRENGTH,USER_DIRECT_REVIEW_2026_08_29,COMPLETED,MATERIALIZED_DRAFT_REVIEW_REQUIRED,REVIEW_REQUIRED,PRIMARY_VARIANT,,,,,,,,,,,,,,,,,,,"{""attribution"": ""© Gym visual — https://gymvisual.com/"", ""body_part"": ""lower legs"", ""category"": ""lower legs"", ""created_at"": ""2026-03-18T12:31:32.88167+00:00"", ""equipment"": ""dumbbell"", ""gif_url"": ""videos/0409-1kB3Wmk.gif"", ""id"": ""0409"", ""image"": ""images/0409-1kB3Wmk.jpg"", ""instruction_steps"": {""en"": [""Stand on the edge of a step or platform with your heels hanging off and your toes on the step."", ""Hold a dumbbell in one hand and place your other hand on a wall or railing for support."", ""Raise your heel as high as possible, lifting your body up onto your toes."", ""Pause for a moment at the top, then slowly lower your heel back down below the step."", ""Repeat for the desired number of repetitions, then switch to the other leg.""], ""es"": [""Ponte de pie en el borde de un escalón o plataforma, con los talones colgando y la punta de los pies sobre el escalón."", ""Sujeta una mancuerna con una mano y coloca la otra mano sobre una pared o barandilla para apoyarte."", ""Eleva el talón lo más alto posible, levantando el cuerpo sobre la punta de los pies."", ""Haz una pausa por un momento en la parte superior, luego baja lentamente el talón por debajo del nivel del escalón."", ""Repite el número de repeticiones deseado, luego cambia a la otra pierna.""], ""fr"": [""Tiens-toi sur le bord d'une marche ou d'une plateforme, les talons dans le vide et les orteils sur la marche."", ""Tiens un haltère dans une main et pose ton autre main sur un mur ou une rambarde pour te soutenir."", ""Lève ton talon aussi haut que possible en soulevant ton corps sur la pointe des pieds."", ""Marque une pause en haut, puis abaisse lentement ton talon sous la marche."", ""Répète le nombre de répétitions souhaité, puis passe à l'autre jambe.""], ""hi"": [""किसी सीढ़ी या मंच के किनारे पर अपनी एड़ियाँ लटकाकर और अपने पैर की उंगलियों को सीढ़ी पर रखकर खड़े हो जाएँ।"", ""एक हाथ में डम्बल पकड़ें और अपने दूसरे हाथ को सहारे के लिए दीवार या रेलिंग पर रखें।"", ""अपनी एड़ी को जितना संभव हो उतना ऊपर उठाएं, अपने शरीर को अपने पैर की उंगलियों पर उठाएं।"", ""शीर्ष पर एक पल के लिए रुकें, फिर धीरे-धीरे अपनी एड़ी को वापस सीढ़ी के नीचे ले आएं।"", ""दोहराव की वांछित संख्या के लिए दोहराएँ, फिर दूसरे चरण पर जाएँ।""], ""it"": [""Stai sul bordo di un gradino o di una piattaforma con i talloni che pendono e le dita dei piedi sul gradino."", ""Tieni un manubrio in una mano e appoggia l'altra mano su un muro o una ringhiera per sostenerti."", ""Alza il tallone il più in alto possibile, sollevando il corpo sulle punte dei piedi."", ""Fermati un attimo in cima, poi abbassa lentamente il tallone sotto il gradino."", ""Ripeti per il numero desiderato di ripetizioni, poi passa all'altra gamba.""], ""ko"": [""계단이나 판 가장자리에 발가락이 올라가고 발뒤꿈치가 내린 상태로 섭니다."", ""한 손에 덤벨을 들고 다른 손은 벽이나 난간에 얹어 지탱합니다."", ""발가락으로 몸을 들어올려 발뒤꿈치를 최대한 높이 올립니다."", ""꼭대기에서 잠깐 멈추었다가 발뒤꿈치를 천천히 계단 아래로 내립니다."", ""원하는 반복 횟수만큼 반복한 후 다른 다리로 바꿉니다.""], ""pl"": [""Stań na krawędzi stopnia lub podestu, tak aby pięty zwisały poza krawędzią, a palce stóp opierały się na stopniu."", ""Trzymaj hantlę w jednej dłoni, a drugą oprzyj o ścianę lub poręcz dla wsparcia."", ""Unieś piętę jak najwyżej, wznosząc ciało na palcach stóp."", ""Zatrzymaj się na chwilę na górze, a następnie powoli opuść piętę poniżej poziomu stopnia."", ""Powtórz zalecaną liczbę powtórzeń, a następnie zmień nogę.""], ""ru"": [""Встаньте на край ступеньки или платформы, свесив пятки и положив пальцы ног на ступеньку."", ""Возьмите гантель в одну руку, а другую руку положите на стену или перила для поддержки."", ""Поднимите пятку как можно выше, поднимая тело на носки."", ""Задержитесь на мгновение в верхней точке, затем медленно опустите пятку обратно под ступеньку."", ""Повторите желаемое количество повторений, затем переключитесь на другую ногу.""], ""tr"": [""Bir basamağın veya platformun kenarında, topuklarınız sarkık ve ayak parmaklarınız basamak üzerinde olacak şekilde durun."", ""Bir elinizde bir dambıl tutun ve diğer elinizi destek için bir duvara veya korkuluğa koyun."", ""Topuğunuzu olabildiğince yükseğe kaldırın, vücudunuzu ayak parmaklarınızın üzerine kaldırın."", ""Tepede bir an duraklayın, ardından topuğunuzu yavaşça basamağın altına indirin."", ""İstenilen tekrar sayısı kadar tekrarlayın, ardından diğer bacağa geçin.""], ""zh"": [""站在台阶或平台的边缘，脚后跟悬垂，脚趾放在台阶上。"", ""一手握住哑铃，另一只手放在墙壁或栏杆上以获得支撑。"", ""尽可能高地抬高脚跟，将身体抬起到脚趾上。"", ""在顶部停顿片刻，然后慢慢将脚跟放回到台阶下方。"", ""重复所需的重复次数，然后换另一条腿。""]}, ""instructions"": {""en"": ""Stand on the edge of a step or platform with your heels hanging off and your toes on the step. Hold a dumbbell in one hand and place your other hand on a wall or railing for support. Raise your heel as high as possible, lifting your body up onto your toes. Pause for a moment at the top, then slowly lower your heel back down below the step. Repeat for the desired number of repetitions, then switch to the other leg."", ""es"": ""Ponte de pie en el borde de un escalón o plataforma, con los talones colgando y la punta de los pies sobre el escalón. Sujeta una mancuerna con una mano y coloca la otra mano sobre una pared o barandilla para apoyarte. Eleva el talón lo más alto posible, levantando el cuerpo sobre la punta de los pies. Haz una pausa por un momento en la parte superior, luego baja lentamente el talón por debajo del nivel del escalón. Repite el número de repeticiones deseado, luego cambia a la otra pierna."", ""fr"": ""Tiens-toi sur le bord d'une marche ou d'une plateforme, les talons dans le vide et les orteils sur la marche. Tiens un haltère dans une main et pose ton autre main sur un mur ou une rambarde pour te soutenir. Lève ton talon aussi haut que possible en soulevant ton corps sur la pointe des pieds. Marque une pause en haut, puis abaisse lentement ton talon sous la marche. Répète le nombre de répétitions souhaité, puis passe à l'autre jambe."", ""hi"": ""किसी सीढ़ी या मंच के किनारे पर अपनी एड़ियाँ लटकाकर और अपने पैर की उंगलियों को सीढ़ी पर रखकर खड़े हो जाएँ। एक हाथ में डम्बल पकड़ें और अपने दूसरे हाथ को सहारे के लिए दीवार या रेलिंग पर रखें। अपनी एड़ी को जितना संभव हो उतना ऊपर उठाएं, अपने शरीर को अपने पैर की उंगलियों पर उठाएं। शीर्ष पर एक पल के लिए रुकें, फिर धीरे-धीरे अपनी एड़ी को वापस सीढ़ी के नीचे ले आएं। दोहराव की वांछित संख्या के लिए दोहराएँ, फिर दूसरे चरण पर जाएँ।"", ""it"": ""Stai sul bordo di un gradino o di una piattaforma con i talloni che pendono e le dita dei piedi sul gradino. Tieni un manubrio in una mano e appoggia l'altra mano su un muro o una ringhiera per sostenerti. Alza il tallone il più in alto possibile, sollevando il corpo sulle punte dei piedi. Fermati un attimo in cima, poi abbassa lentamente il tallone sotto il gradino. Ripeti per il numero desiderato di ripetizioni, poi passa all'altra gamba."", ""ko"": ""계단이나 판 가장자리에 발가락이 올라가고 발뒤꿈치가 내린 상태로 섭니다. 한 손에 덤벨을 들고 다른 손은 벽이나 난간에 얹어 지탱합니다. 발가락으로 몸을 들어올려 발뒤꿈치를 최대한 높이 올립니다. 꼭대기에서 잠깐 멈추었다가 발뒤꿈치를 천천히 계단 아래로 내립니다. 원하는 반복 횟수만큼 반복한 후 다른 다리로 바꿉니다."", ""pl"": ""Stań na krawędzi stopnia lub podestu, tak aby pięty zwisały poza krawędzią, a palce stóp opierały się na stopniu. Trzymaj hantlę w jednej dłoni, a drugą oprzyj o ścianę lub poręcz dla wsparcia. Unieś piętę jak najwyżej, wznosząc ciało na palcach stóp. Zatrzymaj się na chwilę na górze, a następnie powoli opuść piętę poniżej poziomu stopnia. Powtórz zalecaną liczbę powtórzeń, a następnie zmień nogę."", ""ru"": ""Встаньте на край ступеньки или платформы, свесив пятки и положив пальцы ног на ступеньку. Возьмите гантель в одну руку, а другую руку положите на стену или перила для поддержки. Поднимите пятку как можно выше, поднимая тело на носки. Задержитесь на мгновение в верхней точке, затем медленно опустите пятку обратно под ступеньку. Повторите желаемое количество повторений, затем переключитесь на другую ногу."", ""tr"": ""Bir basamağın veya platformun kenarında, topuklarınız sarkık ve ayak parmaklarınız basamakta olacak şekilde durun. Bir elinizde bir dambıl tutun ve diğer elinizi destek için bir duvara veya korkuluğa koyun. Topuğunuzu olabildiğince yükseğe kaldırın, vücudunuzu ayak parmaklarınızın üzerine kaldırın. Tepede bir an duraklayın, ardından topuğunuzu yavaşça basamağın altına indirin. İstenilen tekrar sayısı kadar tekrarlayın, ardından diğer bacağa geçin."", ""zh"": ""站在台阶或平台的边缘，脚后跟悬垂，脚趾放在台阶上。 一手握住哑铃，另一只手放在墙壁或栏杆上以获得支撑。 尽可能高地抬高脚跟，将身体抬起到脚趾上。 在顶部停顿片刻，然后慢慢将脚跟放回到台阶下方。 重复所需的重复次数，然后换另一条腿。""}, ""media_id"": ""1kB3Wmk"", ""muscle_group"": ""ankles"", ""name"": ""dumbbell single leg calf raise"", ""secondary_muscles"": [""ankles""], ""target"": ""calves""}",gymvisual:1373,ERP-20260827-00028,USER_DIRECT_REVIEW_2026_08_29,OWNER_BATCH_CONFIRMATION,2026-08-29T00:00:00+09:00
,,,,,CALVES,PRIMARY_VARIANT,대표-Variant 후보로 보관하며 canonical 병합은 하지 않는다.,AUTO_RULE,VARIANT_MATERIALIZED_DRAFT,exercise-catalog-v2.0.2-final,60,4,3,15,,INTERMEDIATE,NO_POLICY_OVERRIDE,REVIEW_REQUIRED,밴드 싱글 레그 카프 레이즈,"[""RESISTANCE_BAND""]",VEX-000027,BODYWEIGHT_STANDING_CALF_RAISE,"[""INTERMEDIATE""]",REX-000016,DOMAIN_APPROVED,"{""INTERMEDIATE"": ""FITT-ISOLATION-STRENGTH-INTERMEDIATE-V1""}",,,[],,,user-name-only-v1,USER_REVIEWED_NAME_ONLY,밴드 싱글 레그 카프 레이즈,False,NEX-000102,"[""HOME"", ""GYM""]",band single leg calf raise,밴드 싱글 레그 카프 레이즈,,,,"[""MAIN""]","[""ANKLE_FOOT""]",ISOLATION,True,VARIANT,False,REX-000016,True,"[""HUMAN_TAXONOMY_REVIEW_REQUIRED"", ""VARIANT_RELATION_REVIEW_REQUIRED"", ""FAMILY_REPRESENTATIVE_MAPPING_REVIEW_REQUIRED"", ""VARIANT_SAFETY_REVIEW_REQUIRED"", ""VARIANT_FITT_REVIEW_REQUIRED""]",DOMAIN_APPROVED,REX-000016,DOMAIN_APPROVED,BOUND_INDEPENDENT_SOURCE,"[""KNEE""]",,Aliaksandr Makatserchyk / Gym visual,0999,"Stand with your feet hip-width apart and place the band around the ball of your left foot. Hold onto a stable object for balance if needed. Slowly raise your left heel off the ground, lifting your body weight onto the ball of your foot. Pause for a moment at the top, then slowly lower your left heel back down to the starting position. Repeat for the desired number of repetitions, then switch to the right leg.","[""Stand with your feet hip-width apart and place the band around the ball of your left foot."", ""Hold onto a stable object for balance if needed."", ""Slowly raise your left heel off the ground, lifting your body weight onto the ball of your foot."", ""Pause for a moment at the top, then slowly lower your left heel back down to the starting position."", ""Repeat for the desired number of repetitions, then switch to the right leg.""]",gymvisual:0999,MIT,9JprnPh,image:images/0999-9JprnPh.jpg;gif:videos/0999-9JprnPh.gif,band single leg calf raise,band single leg calf raise,밴드 싱글 레그 카프 레이즈,RESOLVED_INTEGRATED_SOURCE,0999,gymvisual,gymvisual,https://github.com/hasaneyldrm/exercises-dataset,band_single_leg_calf_raise_isolation_resistance_band,,,REPS,STRENGTH,USER_DIRECT_REVIEW_2026_08_29,COMPLETED,MATERIALIZED_DRAFT_REVIEW_REQUIRED,REVIEW_REQUIRED,PRIMARY_VARIANT,,,,,,,,,,,,,,,,,,,"{""attribution"": ""© Gym visual — https://gymvisual.com/"", ""body_part"": ""lower legs"", ""category"": ""lower legs"", ""created_at"": ""2026-03-18T12:31:32.869775+00:00"", ""equipment"": ""band"", ""gif_url"": ""videos/0999-9JprnPh.gif"", ""id"": ""0999"", ""image"": ""images/0999-9JprnPh.jpg"", ""instruction_steps"": {""en"": [""Stand with your feet hip-width apart and place the band around the ball of your left foot."", ""Hold onto a stable object for balance if needed."", ""Slowly raise your left heel off the ground, lifting your body weight onto the ball of your foot."", ""Pause for a moment at the top, then slowly lower your left heel back down to the starting position."", ""Repeat for the desired number of repetitions, then switch to the right leg.""], ""es"": [""Ponte de pie con los pies separados a la altura de las caderas y coloca la banda alrededor de la base de los dedos del pie izquierdo."", ""Sujétate de un objeto estable para mantener el equilibrio si es necesario."", ""Levanta lentamente el talón izquierdo del suelo, llevando el peso del cuerpo hacia la punta del pie."", ""Haz una pausa por un momento en la parte superior, luego baja lentamente el talón izquierdo de vuelta a la posición inicial."", ""Repite el número de repeticiones deseado, luego cambia a la pierna derecha.""], ""fr"": [""Tiens-toi les pieds écartés à la largeur des hanches et place l'élastique autour de la pointe de ton pied gauche."", ""Tiens-toi à un objet stable pour l'équilibre si nécessaire."", ""Lève lentement le talon gauche du sol, en reportant le poids de ton corps sur la pointe du pied."", ""Marque une pause en haut, puis abaisse lentement ton talon gauche pour revenir à la position de départ."", ""Répète le nombre de répétitions souhaité, puis passe à la jambe droite.""], ""hi"": [""अपने पैरों को कूल्हे-चौड़ाई से अलग करके खड़े हो जाएं और बैंड को अपने बाएं पैर की गेंद के चारों ओर रखें।"", ""यदि आवश्यक हो तो संतुलन के लिए किसी स्थिर वस्तु को पकड़ें।"", ""धीरे-धीरे अपनी बायीं एड़ी को जमीन से ऊपर उठाएं, अपने शरीर का वजन अपने पैर की गेंद पर उठाएं।"", ""शीर्ष पर एक पल के लिए रुकें, फिर धीरे-धीरे अपनी बायीं एड़ी को वापस प्रारंभिक स्थिति में लाएँ।"", ""दोहराव की वांछित संख्या के लिए दोहराएं, फिर दाहिने पैर पर स्विच करें।""], ""it"": [""Stai con i piedi alla larghezza dei fianchi e posiziona la fascia attorno alla pianta del piede sinistro."", ""Se necessario, aggrapparsi a un oggetto stabile per mantenere l'equilibrio."", ""Solleva lentamente il tallone sinistro da terra, sollevando il peso del corpo sulla pianta del piede."", ""Fai una pausa per un momento in alto, quindi abbassa lentamente il tallone sinistro fino alla posizione iniziale."", ""Ripeti per il numero di ripetizioni desiderato, quindi passa alla gamba destra.""], ""ko"": [""엉덩이 너비로 발을 벌리고 서서 밴드를 왼쪽 발 앞부분에 감습니다."", ""필요하면 안정성을 위해 견고한 물체를 잡습니다."", ""천천히 왼쪽 발꿈치를 지면에서 들어 발 앞부분에 체중을 올립니다."", ""맨 위에서 잠시 멈춘 후, 천천히 왼쪽 발꿈치를 원래 위치로 내립니다."", ""원하는 횟수만큼 반복한 후 오른쪽 다리로 전환합니다.""], ""pl"": [""Stań w rozkroku na szerokość bioder i umieść taśmę wokół podeszwy lewej stopy."", ""Chwyć się stabilnego obiektu dla równowagi, jeśli to konieczne."", ""Powoli unieś lewą piętę nad podłogę, przenosząc ciężar ciała na przednią część stopy."", ""Zatrzymaj się na chwilę w górnej pozycji, a następnie powoli opuść lewą piętę z powrotem do pozycji wyjściowej."", ""Powtórz zalecaną liczbę razy, a następnie zmień nogę na prawą.""], ""ru"": [""Встаньте, ноги на ширине плеч, и наденьте ленту на подушечку левой стопы."", ""При необходимости держитесь за устойчивый предмет для равновесия."", ""Медленно поднимите левую пятку от земли, перенеся вес тела на подушечки стопы."", ""Задержитесь на мгновение в верхней точке, затем медленно опустите левую пятку обратно в исходное положение."", ""Повторите необходимое количество повторений, затем переключитесь на правую ногу.""], ""tr"": [""Ayaklarınızı kalça genişliğinde açın ve bandı sol ayağınızın topuğunun etrafına yerleştirin."", ""Gerekirse denge için sabit bir nesneye tutunun."", ""Vücut ağırlığınızı ayak parmaklarınızın ucuna vererek sol topuğunuzu yavaşça yerden kaldırın."", ""Tepe noktasında bir an duraklayın, ardından sol topuğunuzu yavaşça başlangıç ​​pozisyonuna indirin."", ""İstenilen tekrar sayısı kadar tekrarlayın, ardından sağ bacağa geçin.""], ""zh"": [""双脚分开站立，与臀部同宽，将弹力带绕在左脚掌上。"", ""如果需要，请抓住一个稳定的物体以保持平衡。"", ""慢慢地将左脚跟抬离地面，将身体重量转移到脚掌上。"", ""在顶部暂停片刻，然后慢慢将左脚跟放回起始位置。"", ""重复所需的重复次数，然后换右腿。""]}, ""instructions"": {""en"": ""Stand with your feet hip-width apart and place the band around the ball of your left foot. Hold onto a stable object for balance if needed. Slowly raise your left heel off the ground, lifting your body weight onto the ball of your foot. Pause for a moment at the top, then slowly lower your left heel back down to the starting position. Repeat for the desired number of repetitions, then switch to the right leg."", ""es"": ""Ponte de pie con los pies separados a la altura de las caderas y coloca la banda alrededor de la base de los dedos del pie izquierdo. Sujétate de un objeto estable para mantener el equilibrio si es necesario. Levanta lentamente el talón izquierdo del suelo, llevando el peso del cuerpo hacia la punta del pie. Haz una pausa por un momento en la parte superior, luego baja lentamente el talón izquierdo de vuelta a la posición inicial. Repite el número de repeticiones deseado, luego cambia a la pierna derecha."", ""fr"": ""Tiens-toi les pieds écartés à la largeur des hanches et place l'élastique autour de la pointe de ton pied gauche. Tiens-toi à un objet stable pour l'équilibre si nécessaire. Lève lentement le talon gauche du sol, en reportant le poids de ton corps sur la pointe du pied. Marque une pause en haut, puis abaisse lentement ton talon gauche pour revenir à la position de départ. Répète le nombre de répétitions souhaité, puis passe à la jambe droite."", ""hi"": ""अपने पैरों को कूल्हे-चौड़ाई से अलग करके खड़े हो जाएं और बैंड को अपने बाएं पैर की गेंद के चारों ओर रखें। यदि आवश्यक हो तो संतुलन के लिए किसी स्थिर वस्तु को पकड़ें। धीरे-धीरे अपनी बायीं एड़ी को जमीन से ऊपर उठाएं, अपने शरीर का वजन अपने पैर की गेंद पर उठाएं। शीर्ष पर एक पल के लिए रुकें, फिर धीरे-धीरे अपनी बायीं एड़ी को वापस प्रारंभिक स्थिति में लाएँ। दोहराव की वांछित संख्या के लिए दोहराएं, फिर दाहिने पैर पर स्विच करें।"", ""it"": ""Stai con i piedi alla larghezza dei fianchi e posiziona la fascia attorno alla pianta del piede sinistro. Se necessario, aggrapparsi a un oggetto stabile per mantenere l'equilibrio. Solleva lentamente il tallone sinistro da terra, sollevando il peso del corpo sulla pianta del piede. Fai una pausa per un momento in alto, quindi abbassa lentamente il tallone sinistro fino alla posizione iniziale. Ripeti per il numero di ripetizioni desiderato, quindi passa alla gamba destra."", ""ko"": ""엉덩이 너비로 발을 벌리고 서서 밴드를 왼쪽 발 앞부분에 감습니다. 필요하면 안정성을 위해 견고한 물체를 잡습니다. 천천히 왼쪽 발꿈치를 지면에서 들어 발 앞부분에 체중을 올립니다. 맨 위에서 잠시 멈춘 후, 천천히 왼쪽 발꿈치를 원래 위치로 내립니다. 원하는 횟수만큼 반복한 후 오른쪽 다리로 전환합니다."", ""pl"": ""Stań w rozkroku na szerokość bioder i umieść taśmę wokół podeszwy lewej stopy. Chwyć się stabilnego obiektu dla równowagi, jeśli to konieczne. Powoli unieś lewą piętę nad podłogę, przenosząc ciężar ciała na przednią część stopy. Zatrzymaj się na chwilę w górnej pozycji, a następnie powoli opuść lewą piętę z powrotem do pozycji wyjściowej. Powtórz zalecaną liczbę razy, a następnie zmień nogę na prawą."", ""ru"": ""Встаньте, ноги на ширине плеч, и наденьте ленту на подушечку левой стопы. При необходимости держитесь за устойчивый предмет для равновесия. Медленно поднимите левую пятку от земли, перенеся вес тела на подушечки стопы. Задержитесь на мгновение в верхней точке, затем медленно опустите левую пятку обратно в исходное положение. Повторите необходимое количество повторений, затем переключитесь на правую ногу."", ""tr"": ""Ayaklarınızı kalça genişliğinde açın ve bandı sol ayağınızın topuğunun etrafına yerleştirin. Gerekirse denge için sabit bir nesneye tutunun. Vücut ağırlığınızı ayak parmaklarınızın ucuna vererek sol topuğunuzu yavaşça yerden kaldırın. Tepe noktasında bir an duraklayın, ardından sol topuğunuzu yavaşça başlangıç ​​pozisyonuna indirin. İstenilen tekrar sayısı kadar tekrarlayın, ardından sağ bacağa geçin."", ""zh"": ""双脚分开站立，与臀部同宽，将弹力带绕在左脚掌上。 如果需要，请抓住一个稳定的物体以保持平衡。 慢慢地将左脚跟抬离地面，将身体重量转移到脚掌上。 在顶部暂停片刻，然后慢慢将左脚跟放回起始位置。 重复所需的重复次数，然后换右腿。""}, ""media_id"": ""9JprnPh"", ""muscle_group"": ""ankles"", ""name"": ""band single leg calf raise"", ""secondary_muscles"": [""ankles"", ""feet""], ""target"": ""calves""}",gymvisual:1373,ERP-20260827-00029,USER_DIRECT_REVIEW_2026_08_29,OWNER_BATCH_CONFIRMATION,2026-08-29T00:00:00+09:00
,,,,,CALVES,PRIMARY_VARIANT,대표-Variant 후보로 보관하며 canonical 병합은 하지 않는다.,AUTO_RULE,VARIANT_MATERIALIZED_DRAFT,exercise-catalog-v2.0.2-final,60,4,3,15,,INTERMEDIATE,NO_POLICY_OVERRIDE,REVIEW_REQUIRED,한발 카프 레이즈,"[""BODYWEIGHT""]",VEX-000028,BODYWEIGHT_STANDING_CALF_RAISE,"[""INTERMEDIATE""]",REX-000016,DOMAIN_APPROVED,"{""INTERMEDIATE"": ""FITT-ISOLATION-STRENGTH-INTERMEDIATE-V1""}",,,[],,,user-name-only-v1,USER_REVIEWED_NAME_ONLY,한발 카프 레이즈,False,NEX-000122,"[""HOME"", ""GYM""]",one leg floor calf raise,한발 카프 레이즈,,,,"[""MAIN""]","[""ANKLE_FOOT""]",ISOLATION,True,VARIANT,False,REX-000016,True,"[""HUMAN_TAXONOMY_REVIEW_REQUIRED"", ""VARIANT_RELATION_REVIEW_REQUIRED"", ""FAMILY_REPRESENTATIVE_MAPPING_REVIEW_REQUIRED"", ""VARIANT_SAFETY_REVIEW_REQUIRED"", ""VARIANT_FITT_REVIEW_REQUIRED""]",DOMAIN_APPROVED,REX-000016,DOMAIN_APPROVED,BOUND_INDEPENDENT_SOURCE,"[""KNEE""]",,Aliaksandr Makatserchyk / Gym visual,1387,"Stand with your feet hip-width apart and place your hands on a wall or sturdy object for balance. Lift one foot off the ground and balance on the other foot. Slowly raise your heel off the ground, lifting your body up onto the ball of your foot. Pause for a moment at the top, then slowly lower your heel back down to the starting position. Repeat for the desired number of repetitions, then switch legs and repeat.","[""Stand with your feet hip-width apart and place your hands on a wall or sturdy object for balance."", ""Lift one foot off the ground and balance on the other foot."", ""Slowly raise your heel off the ground, lifting your body up onto the ball of your foot."", ""Pause for a moment at the top, then slowly lower your heel back down to the starting position."", ""Repeat for the desired number of repetitions, then switch legs and repeat.""]",gymvisual:1387,MIT,0jp9Rlz,image:images/1387-0jp9Rlz.jpg;gif:videos/1387-0jp9Rlz.gif,one leg floor calf raise,one leg floor calf raise,한발 카프 레이즈,RESOLVED_INTEGRATED_SOURCE,1387,gymvisual,gymvisual,https://github.com/hasaneyldrm/exercises-dataset,one_leg_floor_calf_raise_isolation_bodyweight,,,REPS,STRENGTH,USER_DIRECT_REVIEW_2026_08_29,COMPLETED,MATERIALIZED_DRAFT_REVIEW_REQUIRED,REVIEW_REQUIRED,PRIMARY_VARIANT,,,,,,,,,,,,,,,,,,,"{""attribution"": ""© Gym visual — https://gymvisual.com/"", ""body_part"": ""lower legs"", ""category"": ""lower legs"", ""created_at"": ""2026-03-18T12:31:32.888058+00:00"", ""equipment"": ""body weight"", ""gif_url"": ""videos/1387-0jp9Rlz.gif"", ""id"": ""1387"", ""image"": ""images/1387-0jp9Rlz.jpg"", ""instruction_steps"": {""en"": [""Stand with your feet hip-width apart and place your hands on a wall or sturdy object for balance."", ""Lift one foot off the ground and balance on the other foot."", ""Slowly raise your heel off the ground, lifting your body up onto the ball of your foot."", ""Pause for a moment at the top, then slowly lower your heel back down to the starting position."", ""Repeat for the desired number of repetitions, then switch legs and repeat.""], ""es"": [""Ponte de pie con los pies separados a la altura de las caderas y coloca las manos en una pared u objeto firme para mantener el equilibrio."", ""Levanta un pie del suelo y mantén el equilibrio sobre el otro pie."", ""Levanta lentamente el talón del suelo, elevando el cuerpo sobre las puntas de los pies."", ""Haz una pausa por un momento en la parte superior, luego baja lentamente el talón de vuelta a la posición inicial."", ""Repite el número de repeticiones deseado y luego cambia de pierna y repite.""], ""fr"": [""Tiens-toi les pieds écartés à la largeur des hanches et place tes mains sur un mur ou un objet solide pour l'équilibre."", ""Décolle un pied du sol et tiens en équilibre sur l'autre pied."", ""Soulève lentement ton talon du sol, en élevant ton corps sur la pointe du pied."", ""Marque une pause en haut, puis abaisse lentement ton talon pour revenir à la position de départ."", ""Répète le nombre de répétitions souhaité, puis change de jambe et recommence.""], ""hi"": [""अपने पैरों को कूल्हे की चौड़ाई के बराबर फैलाकर खड़े हो जाएं और संतुलन के लिए अपने हाथों को किसी दीवार या मजबूत वस्तु पर रखें।"", ""एक पैर को जमीन से ऊपर उठाएं और दूसरे पैर पर संतुलन बनाएं।"", ""धीरे-धीरे अपनी एड़ी को जमीन से ऊपर उठाएं, अपने शरीर को अपने पैर की गेंद पर ऊपर उठाएं।"", ""शीर्ष पर एक पल के लिए रुकें, फिर धीरे-धीरे अपनी एड़ी को वापस प्रारंभिक स्थिति में ले आएं।"", ""दोहराव की वांछित संख्या के लिए दोहराएं, फिर पैर बदलें और दोहराएं।""], ""it"": [""Stare con i piedi alla larghezza dei fianchi e appoggiare le mani su un muro o un oggetto robusto per mantenere l'equilibrio."", ""Sollevare un piede da terra e restare in equilibrio sull'altro piede."", ""Solleva lentamente il tallone da terra, sollevando il corpo sulla pianta del piede."", ""Fai una pausa per un momento in alto, quindi abbassa lentamente il tallone fino alla posizione iniziale."", ""Ripeti per il numero di ripetizioni desiderato, quindi cambia gamba e ripeti.""], ""ko"": [""발을 엉덩이 너비로 벌리고 서서 손을 벽이나 튼튼한 물건에 올려 균형을 잡습니다."", ""한발을 바닥에서 들어올려 다른 발로 균형을 잡습니다."", ""발뒤꿈치를 천천히 바닥에서 들어올려 발가락 공으로 몸을 들어올립니다."", ""맨 위에서 잠시 멈춘 후 발뒤꿈치를 천천히 시작 위치로 내립니다."", ""원하는 횟수만큼 반복한 후 다리를 바꿔 반복합니다.""], ""pl"": [""Stań w rozkroku na szerokość bioder i oprzyj dłonie o ścianę lub inny stabilny przedmiot dla równowagi."", ""Unieś jedną stopę nad podłogę i utrzymaj równowagę na drugiej stopie."", ""Powoli unieś piętę nad podłogę, wznosząc ciało na palce."", ""Zatrzymaj się na chwilę w górnej pozycji, a następnie powoli opuść piętę do pozycji wyjściowej."", ""Powtórz zadaną liczbę powtórzeń, a następnie zmień nogę i powtórz.""], ""ru"": [""Встаньте, расставив ноги на ширине плеч, и положите руки на стену или прочный предмет для равновесия."", ""Поднимите одну ногу от земли и балансируйте на другой ноге."", ""Медленно поднимите пятку от земли, поднимая тело на подушечки стопы."", ""Задержитесь на мгновение в верхней точке, затем медленно опустите пятку обратно в исходное положение."", ""Повторите необходимое количество повторений, затем поменяйте ногу и повторите.""], ""tr"": [""Ayaklarınızı kalça genişliğinde açın ve dengeyi sağlamak için ellerinizi bir duvara veya sağlam bir nesneye koyun."", ""Bir ayağınızı yerden kaldırın ve diğer ayağınızın üzerinde dengede durun."", ""Topuğunuzu yavaşça yerden kaldırın, vücudunuzu ayak parmaklarınızın üzerine kaldırın."", ""Tepe noktasında bir an duraklayın, ardından topuğunuzu yavaşça başlangıç ​​pozisyonuna indirin."", ""İstenilen tekrar sayısı kadar tekrarlayın, ardından bacak değiştirin ve tekrarlayın.""], ""zh"": [""双脚分开与臀部同宽站立，双手放在墙壁或坚固的物体上以保持平衡。"", ""将一只脚抬离地面并用另一只脚保持平衡。"", ""慢慢地将脚跟抬离地面，将身体抬起到脚掌上。"", ""在顶部暂停片刻，然后慢慢将脚跟放回起始位置。"", ""重复所需的重复次数，然后换腿并重复。""]}, ""instructions"": {""en"": ""Stand with your feet hip-width apart and place your hands on a wall or sturdy object for balance. Lift one foot off the ground and balance on the other foot. Slowly raise your heel off the ground, lifting your body up onto the ball of your foot. Pause for a moment at the top, then slowly lower your heel back down to the starting position. Repeat for the desired number of repetitions, then switch legs and repeat."", ""es"": ""Ponte de pie con los pies separados a la altura de las caderas y coloca las manos en una pared u objeto firme para mantener el equilibrio. Levanta un pie del suelo y mantén el equilibrio sobre el otro pie. Levanta lentamente el talón del suelo, elevando el cuerpo sobre las puntas de los pies. Haz una pausa por un momento en la parte superior, luego baja lentamente el talón de vuelta a la posición inicial. Repite el número de repeticiones deseado y luego cambia de pierna y repite."", ""fr"": ""Tiens-toi les pieds écartés à la largeur des hanches et place tes mains sur un mur ou un objet solide pour l'équilibre. Décolle un pied du sol et tiens en équilibre sur l'autre pied. Soulève lentement ton talon du sol, en élevant ton corps sur la pointe du pied. Marque une pause en haut, puis abaisse lentement ton talon pour revenir à la position de départ. Répète le nombre de répétitions souhaité, puis change de jambe et recommence."", ""hi"": ""अपने पैरों को कूल्हे की चौड़ाई के बराबर फैलाकर खड़े हो जाएं और संतुलन के लिए अपने हाथों को किसी दीवार या मजबूत वस्तु पर रखें। एक पैर को जमीन से ऊपर उठाएं और दूसरे पैर पर संतुलन बनाएं। धीरे-धीरे अपनी एड़ी को जमीन से ऊपर उठाएं, अपने शरीर को अपने पैर की गेंद पर ऊपर उठाएं। शीर्ष पर एक पल के लिए रुकें, फिर धीरे-धीरे अपनी एड़ी को वापस प्रारंभिक स्थिति में ले आएं। दोहराव की वांछित संख्या के लिए दोहराएं, फिर पैर बदलें और दोहराएं।"", ""it"": ""Stare con i piedi alla larghezza dei fianchi e appoggiare le mani su un muro o un oggetto robusto per mantenere l'equilibrio. Sollevare un piede da terra e restare in equilibrio sull'altro piede. Solleva lentamente il tallone da terra, sollevando il corpo sulla pianta del piede. Fai una pausa per un momento in alto, quindi abbassa lentamente il tallone fino alla posizione iniziale. Ripeti per il numero di ripetizioni desiderato, quindi cambia gamba e ripeti."", ""ko"": ""발을 엉덩이 너비로 벌리고 서서 손을 벽이나 튼튼한 물건에 올려 균형을 잡습니다. 한발을 바닥에서 들어올려 다른 발로 균형을 잡습니다. 발뒤꿈치를 천천히 바닥에서 들어올려 발가락 공으로 몸을 들어올립니다. 맨 위에서 잠시 멈춘 후 발뒤꿈치를 천천히 시작 위치로 내립니다. 원하는 횟수만큼 반복한 후 다리를 바꿔 반복합니다."", ""pl"": ""Stań w rozkroku na szerokość bioder i oprzyj dłonie o ścianę lub inny stabilny przedmiot dla równowagi. Unieś jedną stopę nad podłogę i utrzymaj równowagę na drugiej stopie. Powoli unieś piętę nad podłogę, wznosząc ciało na palce. Zatrzymaj się na chwilę w górnej pozycji, a następnie powoli opuść piętę do pozycji wyjściowej. Powtórz zadaną liczbę powtórzeń, a następnie zmień nogę i powtórz."", ""ru"": ""Встаньте, расставив ноги на ширине плеч, и положите руки на стену или прочный предмет для равновесия. Поднимите одну ногу от земли и балансируйте на другой ноге. Медленно поднимите пятку от земли, поднимая тело на подушечки стопы. Задержитесь на мгновение в верхней точке, затем медленно опустите пятку обратно в исходное положение. Повторите необходимое количество повторений, затем поменяйте ногу и повторите."", ""tr"": ""Ayaklarınızı kalça genişliğinde açın ve dengeyi sağlamak için ellerinizi bir duvara veya sağlam bir nesneye koyun. Bir ayağınızı yerden kaldırın ve diğer ayağınızın üzerinde dengede durun. Topuğunuzu yavaşça yerden kaldırın, vücudunuzu ayak parmaklarınızın üzerine kaldırın. Tepe noktasında bir an duraklayın, ardından topuğunuzu yavaşça başlangıç ​​pozisyonuna indirin. İstenilen tekrar sayısı kadar tekrarlayın, ardından bacak değiştirin ve tekrarlayın."", ""zh"": ""双脚分开与臀部同宽站立，双手放在墙壁或坚固的物体上以保持平衡。 将一只脚抬离地面并用另一只脚保持平衡。 慢慢地将脚跟抬离地面，将身体抬起到脚掌上。 在顶部暂停片刻，然后慢慢将脚跟放回起始位置。 重复所需的重复次数，然后换腿并重复。""}, ""media_id"": ""0jp9Rlz"", ""muscle_group"": ""ankles"", ""name"": ""one leg floor calf raise"", ""secondary_muscles"": [""ankles"", ""feet""], ""target"": ""calves""}",gymvisual:1373,ERP-20260827-00030,USER_DIRECT_REVIEW_2026_08_29,OWNER_BATCH_CONFIRMATION,2026-08-29T00:00:00+09:00
,,,,,BACK,PRIMARY_VARIANT,대표-Variant 후보로 보관하며 canonical 병합은 하지 않는다.,AUTO_RULE,VARIANT_MATERIALIZED_DRAFT,exercise-catalog-v2.0.2-final,60,4,3,15,,INTERMEDIATE,CABLE_MACHINE_IS_INTERMEDIATE,REVIEW_REQUIRED,케이블 슈러그 머신,"[""CABLE_MACHINE""]",VEX-000037,DUMBBELL_SHRUG,"[""INTERMEDIATE""]",REX-000029,DOMAIN_APPROVED,"{""INTERMEDIATE"": ""FITT-ISOLATION-STRENGTH-INTERMEDIATE-V1""}",,,[],,,user-name-only-v1,USER_REVIEWED_NAME_ONLY,케이블 슈러그 머신,False,NEX-000025,"[""GYM""]",cable shrug,케이블 슈러그 머신,,,,"[""MAIN""]","[""UPPER_BACK""]",ISOLATION,True,VARIANT,False,REX-000029,True,"[""HUMAN_TAXONOMY_REVIEW_REQUIRED"", ""VARIANT_RELATION_REVIEW_REQUIRED"", ""FAMILY_REPRESENTATIVE_MAPPING_REVIEW_REQUIRED"", ""VARIANT_SAFETY_REVIEW_REQUIRED"", ""VARIANT_FITT_REVIEW_REQUIRED""]",DOMAIN_APPROVED,REX-000029,DOMAIN_APPROVED,BOUND_INDEPENDENT_SOURCE,"[""SHOULDER""]",,Aliaksandr Makatserchyk / Gym visual,0220,"Stand facing the cable machine with your feet shoulder-width apart. Grasp the cable handles with an overhand grip and let your arms hang down in front of you. Keeping your arms straight, shrug your shoulders up towards your ears. Hold the contraction for a moment, then slowly lower your shoulders back down to the starting position. Repeat for the desired number of repetitions.","[""Stand facing the cable machine with your feet shoulder-width apart."", ""Grasp the cable handles with an overhand grip and let your arms hang down in front of you."", ""Keeping your arms straight, shrug your shoulders up towards your ears."", ""Hold the contraction for a moment, then slowly lower your shoulders back down to the starting position."", ""Repeat for the desired number of repetitions.""]",gymvisual:0220,MIT,Eg98Ft9,image:images/0220-Eg98Ft9.jpg;gif:videos/0220-Eg98Ft9.gif,cable shrug,cable shrug,케이블 슈러그,RESOLVED_INTEGRATED_SOURCE,0220,gymvisual,gymvisual,https://github.com/hasaneyldrm/exercises-dataset,cable_shrug_isolation_cable_machine,,,REPS,STRENGTH,USER_DIRECT_REVIEW_2026_08_29,COMPLETED,MATERIALIZED_DRAFT_REVIEW_REQUIRED,REVIEW_REQUIRED,PRIMARY_VARIANT,,,,,,,,,,,,,,,,,,,"{""attribution"": ""© Gym visual — https://gymvisual.com/"", ""body_part"": ""back"", ""category"": ""back"", ""created_at"": ""2026-03-18T12:31:32.876086+00:00"", ""equipment"": ""cable"", ""gif_url"": ""videos/0220-Eg98Ft9.gif"", ""id"": ""0220"", ""image"": ""images/0220-Eg98Ft9.jpg"", ""instruction_steps"": {""en"": [""Stand facing the cable machine with your feet shoulder-width apart."", ""Grasp the cable handles with an overhand grip and let your arms hang down in front of you."", ""Keeping your arms straight, shrug your shoulders up towards your ears."", ""Hold the contraction for a moment, then slowly lower your shoulders back down to the starting position."", ""Repeat for the desired number of repetitions.""], ""es"": [""Ponte de pie frente a la máquina de cable con los pies separados a la altura de los hombros."", ""Sujeta las agarraderas del cable con un agarre prono y deja que los brazos cuelguen frente a ti."", ""Manteniendo los brazos rectos, encoge los hombros hacia las orejas."", ""Mantén la contracción por un momento, luego baja lentamente los hombros de vuelta a la posición inicial."", ""Repite el número de repeticiones deseado.""], ""fr"": [""Tiens-toi face à la machine à câble, les pieds écartés à la largeur des épaules."", ""Saisis les poignées du câble avec une prise en pronation et laisse tes bras pendre devant toi."", ""En gardant les bras tendus, hausse tes épaules vers tes oreilles."", ""Maintiens la contraction un moment, puis abaisse lentement tes épaules jusqu'à la position de départ."", ""Répète le nombre de répétitions souhaité.""], ""hi"": [""अपने पैरों को कंधे की चौड़ाई से अलग रखते हुए केबल मशीन की ओर मुंह करके खड़े हो जाएं।"", ""केबल के हैंडल को ओवरहैंड ग्रिप से पकड़ें और अपनी भुजाओं को अपने सामने नीचे लटका दें।"", ""अपनी भुजाओं को सीधा रखते हुए, अपने कंधों को अपने कानों की ओर ऊपर उठाएं।"", ""एक क्षण के लिए संकुचन को रोककर रखें, फिर धीरे-धीरे अपने कंधों को वापस प्रारंभिक स्थिति में ले आएं।"", ""दोहराव की वांछित संख्या के लिए दोहराएँ।""], ""it"": [""Stai di fronte alla macchina per cavi con i piedi a larghezza delle spalle."", ""Afferra le maniglie del cavo con una presa sopra la mano e lascia che le braccia pendano davanti a te."", ""Tieni le braccia dritte, alza le spalle verso le orecchie."", ""Mantieni la contrazione per un momento, poi abbassa lentamente le spalle fino alla posizione iniziale."", ""Ripeti per il numero desiderato di ripetizioni.""], ""ko"": [""케이블 머신을 마주보고 발을 어깨 너비만큼 벌려 서 있습니다."", ""오버핸드 그립으로 케이블 핸들을 잡고 팔을 앞으로 내려 놓습니다."", ""팔을 곧게 유지하면서 어깨를 귀 쪽으로 올립니다."", ""수축을 잠시 유지한 후 어깨를 천천히 처음 위치로 내립니다."", ""원하는 반복 횟수만큼 반복합니다.""], ""pl"": [""Stań przodem do wyciągu, ustawiając stopy na szerokość barków."", ""Chwyć uchwyty wyciągu chwytem nachwytem i pozwól, aby ramiona swobodnie zwisały przed tobą."", ""Trzymając ramiona wyprostowane, unieś barki w kierunku uszu."", ""Zatrzymaj napięcie na chwilę, a następnie powoli opuść barki z powrotem do pozycji wyjściowej."", ""Powtórz zalecaną liczbę powtórzeń.""], ""ru"": [""Встаньте лицом к канатному тренажеру, поставив ноги на ширине плеч."", ""Возьмитесь за рукоятки троса верхним хватом и опустите руки перед собой."", ""Держа руки прямыми, поднимите плечи к ушам."", ""Удерживайте напряжение на мгновение, затем медленно опустите плечи обратно в исходное положение."", ""Повторите необходимое количество повторений.""], ""tr"": [""Ayaklarınız omuz genişliğinde açık olacak şekilde kablo makinesine dönük durun."", ""Kablo tutamaklarını üstten kavrayın ve kollarınızın önünüze sarkmasını sağlayın."", ""Kollarınızı düz tutarak omuzlarınızı kulaklarınıza doğru silkin."", ""Bir süre kasılmayı sürdürün, ardından omuzlarınızı yavaşça başlangıç ​​pozisyonuna indirin."", ""İstenilen sayıda tekrar için tekrarlayın.""], ""zh"": [""面对电缆机站立，双脚与肩同宽。"", ""正手握住电缆手柄，让手臂垂在身前。"", ""保持手臂伸直，耸肩向耳朵方向向上。"", ""保持收缩一会儿，然后慢慢将肩膀放回起始位置。"", ""重复所需的重复次数。""]}, ""instructions"": {""en"": ""Stand facing the cable machine with your feet shoulder-width apart. Grasp the cable handles with an overhand grip and let your arms hang down in front of you. Keeping your arms straight, shrug your shoulders up towards your ears. Hold the contraction for a moment, then slowly lower your shoulders back down to the starting position. Repeat for the desired number of repetitions."", ""es"": ""Ponte de pie frente a la máquina de cable con los pies separados a la altura de los hombros. Sujeta las agarraderas del cable con un agarre prono y deja que los brazos cuelguen frente a ti. Manteniendo los brazos rectos, encoge los hombros hacia las orejas. Mantén la contracción por un momento, luego baja lentamente los hombros de vuelta a la posición inicial. Repite el número de repeticiones deseado."", ""fr"": ""Tiens-toi face à la machine à câble, les pieds écartés à la largeur des épaules. Saisis les poignées du câble avec une prise en pronation et laisse tes bras pendre devant toi. En gardant les bras tendus, hausse tes épaules vers tes oreilles. Maintiens la contraction un moment, puis abaisse lentement tes épaules jusqu'à la position de départ. Répète le nombre de répétitions souhaité."", ""hi"": ""अपने पैरों को कंधे की चौड़ाई से अलग रखते हुए केबल मशीन की ओर मुंह करके खड़े हो जाएं। केबल के हैंडल को ओवरहैंड ग्रिप से पकड़ें और अपनी भुजाओं को अपने सामने नीचे लटका दें। अपनी भुजाओं को सीधा रखते हुए, अपने कंधों को अपने कानों की ओर ऊपर उठाएं। एक क्षण के लिए संकुचन को रोककर रखें, फिर धीरे-धीरे अपने कंधों को वापस प्रारंभिक स्थिति में ले आएं। दोहराव की वांछित संख्या के लिए दोहराएँ।"", ""it"": ""Stai di fronte alla macchina per cavi con i piedi a larghezza delle spalle. Afferra le maniglie del cavo con una presa sopra la mano e lascia che le braccia pendano davanti a te. Tieni le braccia dritte, alza le spalle verso le orecchie. Mantieni la contrazione per un momento, poi abbassa lentamente le spalle fino alla posizione iniziale. Ripeti per il numero desiderato di ripetizioni."", ""ko"": ""케이블 머신을 마주보고 발을 어깨 너비만큼 벌려 서 있습니다. 오버핸드 그립으로 케이블 핸들을 잡고 팔을 앞으로 내려 놓습니다. 팔을 곧게 유지하면서 어깨를 귀 쪽으로 올립니다. 수축을 잠시 유지한 후 어깨를 천천히 처음 위치로 내립니다. 원하는 반복 횟수만큼 반복합니다."", ""pl"": ""Stań przodem do wyciągu, ustawiając stopy na szerokość barków. Chwyć uchwyty wyciągu chwytem nachwytem i pozwól, aby ramiona swobodnie zwisały przed tobą. Trzymając ramiona wyprostowane, unieś barki w kierunku uszu. Zatrzymaj napięcie na chwilę, a następnie powoli opuść barki z powrotem do pozycji wyjściowej. Powtórz zalecaną liczbę powtórzeń."", ""ru"": ""Встаньте лицом к канатному тренажеру, поставив ноги на ширине плеч. Возьмитесь за рукоятки троса верхним хватом и опустите руки перед собой. Держа руки прямыми, поднимите плечи к ушам. Удерживайте напряжение на мгновение, затем медленно опустите плечи обратно в исходное положение. Повторите необходимое количество повторений."", ""tr"": ""Ayaklarınız omuz genişliğinde açık olacak şekilde kablo makinesine dönük durun. Kablo tutamaklarını üstten kavrayın ve kollarınızın önünüze sarkmasını sağlayın. Kollarınızı düz tutarak omuzlarınızı kulaklarınıza doğru silkin. Bir süre kasılmayı sürdürün, ardından omuzlarınızı yavaşça başlangıç ​​pozisyonuna indirin. İstenilen sayıda tekrar için tekrarlayın."", ""zh"": ""面对电缆机站立，双脚与肩同宽。 正手握住电缆手柄，让手臂垂在身前。 保持手臂伸直，耸肩向耳朵方向向上。 保持收缩一会儿，然后慢慢将肩膀放回起始位置。 重复所需的重复次数。""}, ""media_id"": ""Eg98Ft9"", ""muscle_group"": ""shoulders"", ""name"": ""cable shrug"", ""secondary_muscles"": [""shoulders""], ""target"": ""traps""}",gymvisual:0406,ERP-20260827-00041,USER_DIRECT_REVIEW_2026_08_29,OWNER_BATCH_CONFIRMATION,2026-08-29T00:00:00+09:00
,,,,,BACK,PRIMARY_VARIANT,대표-Variant 후보로 보관하며 canonical 병합은 하지 않는다.,AUTO_RULE,VARIANT_MATERIALIZED_DRAFT,exercise-catalog-v2.0.2-final,60,4,3,15,,BEGINNER,NO_POLICY_OVERRIDE,REVIEW_REQUIRED,덤벨 디클라인 슈러그,"[""DUMBBELL""]",VEX-000038,DUMBBELL_SHRUG,"[""BEGINNER"", ""INTERMEDIATE""]",REX-000029,DOMAIN_APPROVED,"{""BEGINNER"": ""FITT-ISOLATION-STRENGTH-V1"", ""INTERMEDIATE"": ""FITT-ISOLATION-STRENGTH-INTERMEDIATE-V1""}",,,[],,,user-name-only-v1,USER_REVIEWED_NAME_ONLY,덤벨 디클라인 슈러그,False,NEX-000033,"[""HOME"", ""GYM""]",dumbbell decline shrug v. 2,덤벨 디클라인 슈러그,,,,"[""MAIN""]","[""UPPER_BACK""]",ISOLATION,True,VARIANT,False,REX-000029,True,"[""HUMAN_TAXONOMY_REVIEW_REQUIRED"", ""VARIANT_RELATION_REVIEW_REQUIRED"", ""FAMILY_REPRESENTATIVE_MAPPING_REVIEW_REQUIRED"", ""VARIANT_SAFETY_REVIEW_REQUIRED"", ""VARIANT_FITT_REVIEW_REQUIRED""]",DOMAIN_APPROVED,REX-000029,DOMAIN_APPROVED,BOUND_INDEPENDENT_SOURCE,"[""SHOULDER""]",,Aliaksandr Makatserchyk / Gym visual,0304,"Set up a decline bench at a 45-degree angle. Lie face down on the bench with your chest and stomach resting on it. Hold a dumbbell in each hand with your palms facing each other and your arms fully extended. Keeping your arms straight, raise your shoulders as high as possible while squeezing your shoulder blades together. Hold the contraction for a brief pause, then lower the dumbbells back to the starting position. Repeat for the desired number of repetitions.","[""Set up a decline bench at a 45-degree angle."", ""Lie face down on the bench with your chest and stomach resting on it."", ""Hold a dumbbell in each hand with your palms facing each other and your arms fully extended."", ""Keeping your arms straight, raise your shoulders as high as possible while squeezing your shoulder blades together."", ""Hold the contraction for a brief pause, then lower the dumbbells back to the starting position."", ""Repeat for the desired number of repetitions.""]",gymvisual:0304,MIT,bRlbdjK,image:images/0304-bRlbdjK.jpg;gif:videos/0304-bRlbdjK.gif,dumbbell decline shrug v. 2,dumbbell decline shrug v. 2,덤벨 디클라인 슈러그,RESOLVED_INTEGRATED_SOURCE,0304,gymvisual,gymvisual,https://github.com/hasaneyldrm/exercises-dataset,dumbbell_decline_shrug_v_2_isolation_dumbbell,,,REPS,STRENGTH,USER_DIRECT_REVIEW_2026_08_29,COMPLETED,MATERIALIZED_DRAFT_REVIEW_REQUIRED,REVIEW_REQUIRED,PRIMARY_VARIANT,,,,,,,,,,,,,,,,,,,"{""attribution"": ""© Gym visual — https://gymvisual.com/"", ""body_part"": ""back"", ""category"": ""back"", ""created_at"": ""2026-03-18T12:31:32.878229+00:00"", ""equipment"": ""dumbbell"", ""gif_url"": ""videos/0304-bRlbdjK.gif"", ""id"": ""0304"", ""image"": ""images/0304-bRlbdjK.jpg"", ""instruction_steps"": {""en"": [""Set up a decline bench at a 45-degree angle."", ""Lie face down on the bench with your chest and stomach resting on it."", ""Hold a dumbbell in each hand with your palms facing each other and your arms fully extended."", ""Keeping your arms straight, raise your shoulders as high as possible while squeezing your shoulder blades together."", ""Hold the contraction for a brief pause, then lower the dumbbells back to the starting position."", ""Repeat for the desired number of repetitions.""], ""es"": [""Ajusta un banco declinado a un ángulo de 45 grados."", ""Túmbate boca abajo en el banco con el pecho y el abdomen apoyados sobre él."", ""Sostén una mancuerna en cada mano con las palmas enfrentadas entre sí y los brazos completamente extendidos."", ""Manteniendo los brazos rectos, levanta los hombros lo más alto posible mientras juntas los omóplatos."", ""Mantén la contracción durante una breve pausa, luego baja las mancuernas de vuelta a la posición inicial."", ""Repite el número de repeticiones deseado.""], ""fr"": [""Installe un banc décliné à un angle de 45 degrés."", ""Allonge-toi face vers le bas sur le banc, la poitrine et le ventre reposant dessus."", ""Tiens un haltère dans chaque main, les paumes tournées l'une vers l'autre et les bras complètement étendus."", ""En gardant les bras tendus, lève tes épaules le plus haut possible en resserrant tes omoplates."", ""Maintiens la contraction pendant une brève pause, puis abaisse les haltères jusqu'à la position de départ."", ""Répète le nombre de répétitions souhaité.""], ""hi"": [""45-डिग्री के कोण पर डिक्लाइन बेंच स्थापित करें।"", ""अपनी छाती और पेट को उस पर टिकाकर बेंच पर मुंह करके लेट जाएं।"", ""अपनी हथेलियों को एक-दूसरे के सामने रखते हुए और अपनी बाहों को पूरी तरह फैलाकर प्रत्येक हाथ में एक डम्बल पकड़ें।"", ""अपनी बाहों को सीधा रखते हुए, अपने कंधों को एक साथ निचोड़ते हुए अपने कंधों को जितना संभव हो उतना ऊपर उठाएं।"", ""संकुचन को थोड़ी देर के लिए रोककर रखें, फिर डम्बल को वापस प्रारंभिक स्थिति में ले आएं।"", ""दोहराव की वांछित संख्या के लिए दोहराएँ।""], ""it"": [""Installare una panca di declino con un angolo di 45 gradi."", ""Sdraiati a faccia in giù sulla panchina con petto e pancia appoggiati sopra."", ""Tieni un manubrio in ogni mano con i palmi rivolti l'uno verso l'altro e le braccia completamente estese."", ""Tieni le braccia dritte, alza le spalle il più possibile stringendo le scapole insieme."", ""Tieni la contrazione per una breve pausa, poi abbassa i manubri alla posizione iniziale."", ""Ripeti per il numero desiderato di ripetizioni.""], ""ko"": [""디클라인 벤치를 45도 각도로 설정합니다."", ""벤치에 엎드려서 가슴과 복부가 벤치에 닿도록 합니다."", ""각 손에 덤벨을 들고 손바닥이 서로 마주보도록 하며 팔을 완전히 펴집니다."", ""팔을 곧게 유지하면서 어깨를 최대한 높이 올리되 어깨뼈를 함께 쥡니다."", ""수축을 잠깐 멈춘 후 덤벨을 시작 위치로 천천히 내립니다."", ""원하는 횟수만큼 반복합니다.""], ""pl"": [""Ustaw ławkę skośną pod kątem 45 stopni."", ""Połóż się na niej twarzą w dół, opierając klatkę piersiową i brzuch o ławkę."", ""Chwyć hantle w obie ręce, dłonie skierowane do siebie, ramiona w pełni wyprostowane."", ""Trzymając ręce proste, unieś barki jak najwyżej, ściągając jednocześnie łopatki."", ""Zatrzymaj napięcie na chwilę, a następnie opuść hantle do pozycji wyjściowej."", ""Powtórz zalecaną liczbę powtórzeń.""], ""ru"": [""Установите наклонную скамью под углом 45 градусов."", ""Лягте лицом вниз на скамью, положив на нее грудь и живот."", ""Возьмите по гантели в каждую руку ладонями друг к другу и полностью выпрямите руки."", ""Держа руки прямыми, поднимите плечи как можно выше, сводя лопатки вместе."", ""Удерживайте сокращение на короткую паузу, затем опустите гантели обратно в исходное положение."", ""Повторите необходимое количество повторений.""], ""tr"": [""45 derecelik bir açıyla bir düşüş tezgahı kurun."", ""Göğsünüz ve karnınız üzerine yaslanacak şekilde bankta yüz üstü uzanın."", ""Avuç içleriniz birbirine bakacak ve kollarınız tamamen uzatılmış şekilde her iki elinizde birer dambıl tutun."", ""Kollarınızı düz tutarak omuzlarınızı olabildiğince yükseğe kaldırın ve kürek kemiklerinizi birbirine doğru sıkın."", ""Kısa bir süre kasılmayı sürdürün, ardından dambılları tekrar başlangıç ​​pozisyonuna indirin."", ""İstenilen sayıda tekrar için tekrarlayın.""], ""zh"": [""设置一个 45 度角的下斜凳。"", ""脸朝下躺在长凳上，胸部和腹部靠在长凳上。"", ""每只手握住一个哑铃，手掌相对，双臂完全伸展。"", ""保持手臂伸直，尽可能高地抬高肩膀，同时将肩胛骨挤压在一起。"", ""保持收缩短暂停顿，然后将哑铃放回起始位置。"", ""重复所需的重复次数。""]}, ""instructions"": {""en"": ""Set up a decline bench at a 45-degree angle. Lie face down on the bench with your chest and stomach resting on it. Hold a dumbbell in each hand with your palms facing each other and your arms fully extended. Keeping your arms straight, raise your shoulders as high as possible while squeezing your shoulder blades together. Hold the contraction for a brief pause, then lower the dumbbells back to the starting position. Repeat for the desired number of repetitions."", ""es"": ""Ajusta un banco declinado a un ángulo de 45 grados. Túmbate boca abajo en el banco con el pecho y el abdomen apoyados sobre él. Sostén una mancuerna en cada mano con las palmas enfrentadas entre sí y los brazos completamente extendidos. Manteniendo los brazos rectos, levanta los hombros lo más alto posible mientras juntas los omóplatos. Mantén la contracción durante una breve pausa, luego baja las mancuernas de vuelta a la posición inicial. Repite el número de repeticiones deseado."", ""fr"": ""Installe un banc décliné à un angle de 45 degrés. Allonge-toi face vers le bas sur le banc, la poitrine et le ventre reposant dessus. Tiens un haltère dans chaque main, les paumes tournées l'une vers l'autre et les bras complètement étendus. En gardant les bras tendus, lève tes épaules le plus haut possible en resserrant tes omoplates. Maintiens la contraction pendant une brève pause, puis abaisse les haltères jusqu'à la position de départ. Répète le nombre de répétitions souhaité."", ""hi"": ""45-डिग्री के कोण पर डिक्लाइन बेंच स्थापित करें। अपनी छाती और पेट को उस पर टिकाकर बेंच पर मुंह करके लेट जाएं। अपनी हथेलियों को एक-दूसरे के सामने रखते हुए और अपनी बाहों को पूरी तरह फैलाकर प्रत्येक हाथ में एक डम्बल पकड़ें। अपनी बाहों को सीधा रखते हुए, अपने कंधों को एक साथ निचोड़ते हुए अपने कंधों को जितना संभव हो उतना ऊपर उठाएं। संकुचन को थोड़ी देर के लिए रोककर रखें, फिर डम्बल को वापस प्रारंभिक स्थिति में ले आएं। दोहराव की वांछित संख्या के लिए दोहराएँ।"", ""it"": ""Installare una panca di declino con un angolo di 45 gradi. Sdraiati a faccia in giù sulla panchina con petto e pancia appoggiati sopra. Tieni un manubrio in ogni mano con i palmi rivolti l'uno verso l'altro e le braccia completamente estese. Tieni le braccia dritte, alza le spalle il più possibile stringendo le scapole insieme. Tieni la contrazione per una breve pausa, poi abbassa i manubri alla posizione iniziale. Ripeti per il numero desiderato di ripetizioni."", ""ko"": ""디클라인 벤치를 45도 각도로 설정합니다. 벤치에 엎드려서 가슴과 복부가 벤치에 닿도록 합니다. 각 손에 덤벨을 들고 손바닥이 서로 마주보도록 하며 팔을 완전히 펴집니다. 팔을 곧게 유지하면서 어깨를 최대한 높이 올리되 어깨뼈를 함께 쥡니다. 수축을 잠깐 멈춘 후 덤벨을 시작 위치로 천천히 내립니다. 원하는 횟수만큼 반복합니다."", ""pl"": ""Ustaw ławkę skośną pod kątem 45 stopni. Połóż się na niej twarzą w dół, opierając klatkę piersiową i brzuch o ławkę. Chwyć hantle w obie ręce, dłonie skierowane do siebie, ramiona w pełni wyprostowane. Trzymając ręce proste, unieś barki jak najwyżej, ściągając jednocześnie łopatki. Zatrzymaj napięcie na chwilę, a następnie opuść hantle do pozycji wyjściowej. Powtórz zalecaną liczbę powtórzeń."", ""ru"": ""Установите наклонную скамью под углом 45 градусов. Лягте лицом вниз на скамью, положив на нее грудь и живот. Возьмите по гантели в каждую руку ладонями друг к другу и полностью выпрямите руки. Держа руки прямыми, поднимите плечи как можно выше, сводя лопатки вместе. Удерживайте сокращение на короткую паузу, затем опустите гантели обратно в исходное положение. Повторите необходимое количество повторений."", ""tr"": ""45 derecelik bir açıyla bir düşüş tezgahı kurun. Göğsünüz ve karnınız üzerine yaslanacak şekilde bankta yüz üstü uzanın. Avuç içleriniz birbirine bakacak ve kollarınız tamamen uzatılmış şekilde her iki elinizde birer dambıl tutun. Kollarınızı düz tutarak omuzlarınızı olabildiğince yükseğe kaldırın ve kürek kemiklerinizi birbirine doğru sıkın. Kısa bir süre kasılmayı sürdürün, ardından dambılları tekrar başlangıç ​​pozisyonuna indirin. İstenilen sayıda tekrar için tekrarlayın."", ""zh"": ""设置一个 45 度角的下斜凳。 脸朝下躺在长凳上，胸部和腹部靠在长凳上。 每只手握住一个哑铃，手掌相对，双臂完全伸展。 保持手臂伸直，尽可能高地抬高肩膀，同时将肩胛骨挤压在一起。 保持收缩短暂停顿，然后将哑铃放回起始位置。 重复所需的重复次数。""}, ""media_id"": ""bRlbdjK"", ""muscle_group"": ""shoulders"", ""name"": ""dumbbell decline shrug v. 2"", ""secondary_muscles"": [""shoulders"", ""rhomboids""], ""target"": ""traps""}",gymvisual:0406,ERP-20260827-00042,USER_DIRECT_REVIEW_2026_08_29,OWNER_BATCH_CONFIRMATION,2026-08-29T00:00:00+09:00
,,,,,BACK,PRIMARY_VARIANT,대표-Variant 후보로 보관하며 canonical 병합은 하지 않는다.,AUTO_RULE,VARIANT_MATERIALIZED_DRAFT,exercise-catalog-v2.0.2-final,60,4,3,15,,BEGINNER,NO_POLICY_OVERRIDE,REVIEW_REQUIRED,덤벨 디클라인 슈러그,"[""DUMBBELL""]",VEX-000039,DUMBBELL_SHRUG,"[""BEGINNER"", ""INTERMEDIATE""]",REX-000029,DOMAIN_APPROVED,"{""BEGINNER"": ""FITT-ISOLATION-STRENGTH-V1"", ""INTERMEDIATE"": ""FITT-ISOLATION-STRENGTH-INTERMEDIATE-V1""}",,,[],,,user-name-only-v1,USER_REVIEWED_NAME_ONLY,덤벨 디클라인 슈러그,False,NEX-000034,"[""HOME"", ""GYM""]",dumbbell decline shrug,덤벨 디클라인 슈러그,,,,"[""MAIN""]","[""UPPER_BACK""]",ISOLATION,True,VARIANT,False,REX-000029,True,"[""HUMAN_TAXONOMY_REVIEW_REQUIRED"", ""VARIANT_RELATION_REVIEW_REQUIRED"", ""FAMILY_REPRESENTATIVE_MAPPING_REVIEW_REQUIRED"", ""VARIANT_SAFETY_REVIEW_REQUIRED"", ""VARIANT_FITT_REVIEW_REQUIRED""]",DOMAIN_APPROVED,REX-000029,DOMAIN_APPROVED,BOUND_INDEPENDENT_SOURCE,"[""SHOULDER""]",,Aliaksandr Makatserchyk / Gym visual,0305,"Set up a decline bench at a 45-degree angle. Lie face down on the bench with your chest and stomach resting against it. Hold a dumbbell in each hand with your arms fully extended towards the floor. Keeping your arms straight, raise your shoulders towards your ears as high as possible. Hold the contraction for a moment, then slowly lower the dumbbells back to the starting position. Repeat for the desired number of repetitions.","[""Set up a decline bench at a 45-degree angle."", ""Lie face down on the bench with your chest and stomach resting against it."", ""Hold a dumbbell in each hand with your arms fully extended towards the floor."", ""Keeping your arms straight, raise your shoulders towards your ears as high as possible."", ""Hold the contraction for a moment, then slowly lower the dumbbells back to the starting position."", ""Repeat for the desired number of repetitions.""]",gymvisual:0305,MIT,cwsAI4G,image:images/0305-cwsAI4G.jpg;gif:videos/0305-cwsAI4G.gif,dumbbell decline shrug,dumbbell decline shrug,덤벨 디클라인 슈러그,RESOLVED_INTEGRATED_SOURCE,0305,gymvisual,gymvisual,https://github.com/hasaneyldrm/exercises-dataset,dumbbell_decline_shrug_isolation_dumbbell,,,REPS,STRENGTH,USER_DIRECT_REVIEW_2026_08_29,COMPLETED,MATERIALIZED_DRAFT_REVIEW_REQUIRED,REVIEW_REQUIRED,PRIMARY_VARIANT,,,,,,,,,,,,,,,,,,,"{""attribution"": ""© Gym visual — https://gymvisual.com/"", ""body_part"": ""back"", ""category"": ""back"", ""created_at"": ""2026-03-18T12:31:32.87821+00:00"", ""equipment"": ""dumbbell"", ""gif_url"": ""videos/0305-cwsAI4G.gif"", ""id"": ""0305"", ""image"": ""images/0305-cwsAI4G.jpg"", ""instruction_steps"": {""en"": [""Set up a decline bench at a 45-degree angle."", ""Lie face down on the bench with your chest and stomach resting against it."", ""Hold a dumbbell in each hand with your arms fully extended towards the floor."", ""Keeping your arms straight, raise your shoulders towards your ears as high as possible."", ""Hold the contraction for a moment, then slowly lower the dumbbells back to the starting position."", ""Repeat for the desired number of repetitions.""], ""es"": [""Ajusta un banco declinado a un ángulo de 45 grados."", ""Túmbate boca abajo en el banco con el pecho y el abdomen apoyados contra él."", ""Sostén una mancuerna en cada mano con los brazos completamente extendidos hacia el suelo."", ""Manteniendo los brazos rectos, levanta los hombros hacia las orejas lo más alto posible."", ""Mantén la contracción por un momento, luego baja lentamente las mancuernas de vuelta a la posición inicial."", ""Repite el número de repeticiones deseado.""], ""fr"": [""Installe un banc décliné à un angle de 45 degrés."", ""Allonge-toi face vers le bas sur le banc, la poitrine et le ventre reposant contre lui."", ""Tiens un haltère dans chaque main, les bras complètement étendus vers le sol."", ""En gardant les bras tendus, lève tes épaules vers tes oreilles le plus haut possible."", ""Maintiens la contraction un moment, puis abaisse lentement les haltères jusqu'à la position de départ."", ""Répète le nombre de répétitions souhaité.""], ""hi"": [""45-डिग्री के कोण पर डिक्लाइन बेंच स्थापित करें।"", ""अपनी छाती और पेट को बेंच पर टिकाकर चेहरे के बल लेट जाएँ।"", ""अपनी भुजाओं को फर्श की ओर पूरी तरह फैलाकर प्रत्येक हाथ में एक डम्बल पकड़ें।"", ""अपनी भुजाओं को सीधा रखते हुए, अपने कंधों को अपने कानों की ओर जितना संभव हो उतना ऊपर उठाएं।"", ""एक पल के लिए संकुचन को रोककर रखें, फिर धीरे-धीरे डम्बल को प्रारंभिक स्थिति में वापस लाएँ।"", ""दोहराव की वांछित संख्या के लिए दोहराएँ।""], ""it"": [""Installare una panca di declino con un angolo di 45 gradi."", ""Sdraiati a faccia in giù sulla panchina con petto e pancia appoggiati contro di essa."", ""Tieni un manubrio in ogni mano con le braccia completamente distese verso il pavimento."", ""Tieni le braccia dritte, alza le spalle verso le orecchie il più possibile."", ""Tieni la contrazione per un momento, poi abbassa lentamente i manubri fino alla posizione iniziale."", ""Ripeti per il numero desiderato di ripetizioni.""], ""ko"": [""디클라인 벤치를 45도 각도로 설정합니다."", ""벤치에 엎드려서 가슴과 복부가 벤치에 닿도록 합니다."", ""각 손에 덤벨을 들고 팔을 바닥을 향해 완전히 펴집니다."", ""팔을 곧게 유지하면서 어깨를 귀 방향으로 최대한 높이 올립니다."", ""수축을 잠깐 멈춘 후 천천히 덤벨을 시작 위치로 내립니다."", ""원하는 횟수만큼 반복합니다.""], ""pl"": [""Ustaw ławkę skośną pod kątem 45 stopni."", ""Połóż się na niej twarzą w dół, opierając klatkę piersiową i brzuch o ławkę."", ""Chwyć hantle w obie ręce, ramiona w pełni wyprostowane w kierunku podłogi."", ""Trzymając ręce proste, unieś barki jak najwyżej w kierunku uszu."", ""Zatrzymaj napięcie na chwilę, a następnie powoli opuść hantle do pozycji wyjściowej."", ""Powtórz zalecaną liczbę powtórzeń.""], ""ru"": [""Установите наклонную скамью под углом 45 градусов."", ""Лягте лицом вниз на скамью, прижавшись к ней грудью и животом."", ""Возьмите по гантели в каждую руку, полностью вытянув руки к полу."", ""Держа руки прямыми, поднимите плечи к ушам как можно выше."", ""Задержите сокращение на мгновение, затем медленно опустите гантели обратно в исходное положение."", ""Повторите необходимое количество повторений.""], ""tr"": [""45 derecelik bir açıyla bir düşüş tezgahı kurun."", ""Göğsünüz ve karnınız ona yaslanacak şekilde bankta yüzüstü uzanın."", ""Kollarınız yere doğru tamamen uzatılmış şekilde her iki elinizde birer dambıl tutun."", ""Kollarınızı düz tutarak omuzlarınızı kulaklarınıza doğru mümkün olduğunca yukarı kaldırın."", ""Bir süre kasılmayı sürdürün, ardından dambılları yavaşça başlangıç ​​pozisyonuna indirin."", ""İstenilen sayıda tekrar için tekrarlayın.""], ""zh"": [""设置一个 45 度角的下斜凳。"", ""脸朝下躺在长凳上，胸部和腹部靠在长凳上。"", ""每只手握住一个哑铃，双臂完全伸向地板。"", ""保持手臂伸直，将肩膀尽可能高地抬向耳朵。"", ""保持收缩一会儿，然后慢慢将哑铃放回起始位置。"", ""重复所需的重复次数。""]}, ""instructions"": {""en"": ""Set up a decline bench at a 45-degree angle. Lie face down on the bench with your chest and stomach resting against it. Hold a dumbbell in each hand with your arms fully extended towards the floor. Keeping your arms straight, raise your shoulders towards your ears as high as possible. Hold the contraction for a moment, then slowly lower the dumbbells back to the starting position. Repeat for the desired number of repetitions."", ""es"": ""Ajusta un banco declinado a un ángulo de 45 grados. Túmbate boca abajo en el banco con el pecho y el abdomen apoyados contra él. Sostén una mancuerna en cada mano con los brazos completamente extendidos hacia el suelo. Manteniendo los brazos rectos, levanta los hombros hacia las orejas lo más alto posible. Mantén la contracción por un momento, luego baja lentamente las mancuernas de vuelta a la posición inicial. Repite el número de repeticiones deseado."", ""fr"": ""Installe un banc décliné à un angle de 45 degrés. Allonge-toi face vers le bas sur le banc, la poitrine et le ventre reposant contre lui. Tiens un haltère dans chaque main, les bras complètement étendus vers le sol. En gardant les bras tendus, lève tes épaules vers tes oreilles le plus haut possible. Maintiens la contraction un moment, puis abaisse lentement les haltères jusqu'à la position de départ. Répète le nombre de répétitions souhaité."", ""hi"": ""45-डिग्री के कोण पर डिक्लाइन बेंच स्थापित करें। अपनी छाती और पेट को बेंच पर टिकाकर चेहरे के बल लेट जाएँ। अपनी भुजाओं को फर्श की ओर पूरी तरह फैलाकर प्रत्येक हाथ में एक डम्बल पकड़ें। अपनी भुजाओं को सीधा रखते हुए, अपने कंधों को अपने कानों की ओर जितना संभव हो उतना ऊपर उठाएं। एक पल के लिए संकुचन को रोककर रखें, फिर धीरे-धीरे डम्बल को प्रारंभिक स्थिति में वापस लाएँ। दोहराव की वांछित संख्या के लिए दोहराएँ।"", ""it"": ""Installare una panca di declino con un angolo di 45 gradi. Sdraiati a faccia in giù sulla panchina con petto e pancia appoggiati contro di essa. Tieni un manubrio in ogni mano con le braccia completamente distese verso il pavimento. Tieni le braccia dritte, alza le spalle verso le orecchie il più possibile. Tieni la contrazione per un momento, poi abbassa lentamente i manubri fino alla posizione iniziale. Ripeti per il numero desiderato di ripetizioni."", ""ko"": ""디클라인 벤치를 45도 각도로 설정합니다. 벤치에 엎드려서 가슴과 복부가 벤치에 닿도록 합니다. 각 손에 덤벨을 들고 팔을 바닥을 향해 완전히 펴집니다. 팔을 곧게 유지하면서 어깨를 귀 방향으로 최대한 높이 올립니다. 수축을 잠깐 멈춘 후 천천히 덤벨을 시작 위치로 내립니다. 원하는 횟수만큼 반복합니다."", ""pl"": ""Ustaw ławkę skośną pod kątem 45 stopni. Połóż się na niej twarzą w dół, opierając klatkę piersiową i brzuch o ławkę. Chwyć hantle w obie ręce, ramiona w pełni wyprostowane w kierunku podłogi. Trzymając ręce proste, unieś barki jak najwyżej w kierunku uszu. Zatrzymaj napięcie na chwilę, a następnie powoli opuść hantle do pozycji wyjściowej. Powtórz zalecaną liczbę powtórzeń."", ""ru"": ""Установите наклонную скамью под углом 45 градусов. Лягте лицом вниз на скамью, прижавшись к ней грудью и животом. Возьмите по гантели в каждую руку, полностью вытянув руки к полу. Держа руки прямыми, поднимите плечи к ушам как можно выше. Задержите сокращение на мгновение, затем медленно опустите гантели обратно в исходное положение. Повторите необходимое количество повторений."", ""tr"": ""45 derecelik bir açıyla bir düşüş tezgahı kurun. Göğsünüz ve karnınız ona yaslanacak şekilde bankta yüzüstü uzanın. Kollarınız yere doğru tamamen uzatılmış şekilde her iki elinizde birer dambıl tutun. Kollarınızı düz tutarak omuzlarınızı kulaklarınıza doğru mümkün olduğunca yukarı kaldırın. Bir süre kasılmayı sürdürün, ardından dambılları yavaşça başlangıç ​​pozisyonuna indirin. İstenilen sayıda tekrar için tekrarlayın."", ""zh"": ""设置一个 45 度角的下斜凳。 脸朝下躺在长凳上，胸部和腹部靠在长凳上。 每只手握住一个哑铃，双臂完全伸向地板。 保持手臂伸直，将肩膀尽可能高地抬向耳朵。 保持收缩一会儿，然后慢慢将哑铃放回起始位置。 重复所需的重复次数。""}, ""media_id"": ""cwsAI4G"", ""muscle_group"": ""shoulders"", ""name"": ""dumbbell decline shrug"", ""secondary_muscles"": [""shoulders"", ""rhomboids""], ""target"": ""traps""}",gymvisual:0406,ERP-20260827-00043,USER_DIRECT_REVIEW_2026_08_29,OWNER_BATCH_CONFIRMATION,2026-08-29T00:00:00+09:00
,,,,,BACK,PRIMARY_VARIANT,대표-Variant 후보로 보관하며 canonical 병합은 하지 않는다.,AUTO_RULE,VARIANT_MATERIALIZED_DRAFT,exercise-catalog-v2.0.2-final,60,4,3,15,,BEGINNER,NO_POLICY_OVERRIDE,REVIEW_REQUIRED,덤벨 인클라인 슈러그,"[""DUMBBELL""]",VEX-000040,DUMBBELL_SHRUG,"[""BEGINNER"", ""INTERMEDIATE""]",REX-000029,DOMAIN_APPROVED,"{""BEGINNER"": ""FITT-ISOLATION-STRENGTH-V1"", ""INTERMEDIATE"": ""FITT-ISOLATION-STRENGTH-INTERMEDIATE-V1""}",,,[],,,user-name-only-v1,USER_REVIEWED_NAME_ONLY,덤벨 인클라인 슈러그,False,NEX-000038,"[""HOME"", ""GYM""]",dumbbell incline shrug,덤벨 인클라인 슈러그,,,,"[""MAIN""]","[""UPPER_BACK""]",ISOLATION,True,VARIANT,False,REX-000029,True,"[""HUMAN_TAXONOMY_REVIEW_REQUIRED"", ""VARIANT_RELATION_REVIEW_REQUIRED"", ""FAMILY_REPRESENTATIVE_MAPPING_REVIEW_REQUIRED"", ""VARIANT_SAFETY_REVIEW_REQUIRED"", ""VARIANT_FITT_REVIEW_REQUIRED""]",DOMAIN_APPROVED,REX-000029,DOMAIN_APPROVED,BOUND_INDEPENDENT_SOURCE,"[""SHOULDER""]",,Aliaksandr Makatserchyk / Gym visual,0329,"Set an incline bench to a 45-degree angle and sit on it with a dumbbell in each hand. Place your feet flat on the ground and let your arms hang straight down with your palms facing your body. Keeping your arms straight, shrug your shoulders up towards your ears as high as possible. Hold the contraction for a moment, then slowly lower your shoulders back down to the starting position. Repeat for the desired number of repetitions.","[""Set an incline bench to a 45-degree angle and sit on it with a dumbbell in each hand."", ""Place your feet flat on the ground and let your arms hang straight down with your palms facing your body."", ""Keeping your arms straight, shrug your shoulders up towards your ears as high as possible."", ""Hold the contraction for a moment, then slowly lower your shoulders back down to the starting position."", ""Repeat for the desired number of repetitions.""]",gymvisual:0329,MIT,JymLInS,image:images/0329-JymLInS.jpg;gif:videos/0329-JymLInS.gif,dumbbell incline shrug,dumbbell incline shrug,덤벨 인클라인 슈러그,RESOLVED_INTEGRATED_SOURCE,0329,gymvisual,gymvisual,https://github.com/hasaneyldrm/exercises-dataset,dumbbell_incline_shrug_isolation_dumbbell,,,REPS,STRENGTH,USER_DIRECT_REVIEW_2026_08_29,COMPLETED,MATERIALIZED_DRAFT_REVIEW_REQUIRED,REVIEW_REQUIRED,PRIMARY_VARIANT,,,,,,,,,,,,,,,,,,,"{""attribution"": ""© Gym visual — https://gymvisual.com/"", ""body_part"": ""back"", ""category"": ""back"", ""created_at"": ""2026-03-18T12:31:32.878956+00:00"", ""equipment"": ""dumbbell"", ""gif_url"": ""videos/0329-JymLInS.gif"", ""id"": ""0329"", ""image"": ""images/0329-JymLInS.jpg"", ""instruction_steps"": {""en"": [""Set an incline bench to a 45-degree angle and sit on it with a dumbbell in each hand."", ""Place your feet flat on the ground and let your arms hang straight down with your palms facing your body."", ""Keeping your arms straight, shrug your shoulders up towards your ears as high as possible."", ""Hold the contraction for a moment, then slowly lower your shoulders back down to the starting position."", ""Repeat for the desired number of repetitions.""], ""es"": [""Ajusta un banco inclinado a un ángulo de 45 grados y siéntate en él con una mancuerna en cada mano."", ""Coloca los pies planos sobre el suelo y deja que los brazos cuelguen rectos hacia abajo con las palmas hacia el cuerpo."", ""Manteniendo los brazos rectos, encoge los hombros hacia las orejas lo más alto posible."", ""Mantén la contracción por un momento, luego baja lentamente los hombros de vuelta a la posición inicial."", ""Repite el número de repeticiones deseado.""], ""fr"": [""Règle un banc incliné à un angle de 45 degrés et assieds-toi dessus avec un haltère dans chaque main."", ""Place tes pieds à plat au sol et laisse tes bras pendre droit vers le bas avec tes paumes tournées vers ton corps."", ""En gardant les bras tendus, hausse tes épaules vers tes oreilles le plus haut possible."", ""Maintiens la contraction un moment, puis abaisse lentement tes épaules jusqu'à la position de départ."", ""Répète le nombre de répétitions souhaité.""], ""hi"": [""एक झुकी हुई बेंच को 45 डिग्री के कोण पर सेट करें और प्रत्येक हाथ में डम्बल लेकर उस पर बैठें।"", ""अपने पैरों को ज़मीन पर सपाट रखें और अपनी हथेलियों को अपने शरीर की ओर रखते हुए अपनी भुजाओं को सीधा नीचे लटका दें।"", ""अपनी भुजाओं को सीधा रखते हुए, अपने कंधों को जितना संभव हो सके अपने कानों की ओर ऊपर उठाएं।"", ""एक क्षण के लिए संकुचन को रोककर रखें, फिर धीरे-धीरे अपने कंधों को वापस प्रारंभिक स्थिति में ले आएं।"", ""दोहराव की वांछित संख्या के लिए दोहराएँ।""], ""it"": [""Imposta una panca inclinata a 45 gradi e siediti con un manubrio in ogni mano."", ""Metti i piedi piatti a terra e lascia che le braccia pendano dritte verso il basso con i palmi rivolti verso il corpo."", ""Tieni le braccia dritte, alza le spalle verso le orecchie il più possibile."", ""Mantieni la contrazione per un momento, poi abbassa lentamente le spalle fino alla posizione iniziale."", ""Ripeti per il numero desiderato di ripetizioni.""], ""ko"": [""인클라인 벤치를 45도 각도로 설정하고 앉아 양손에 덤벨을 들고 있습니다."", ""발을 바닥에 붙이고 팔을 쭉 펴서 덤벨이 몸 옆에 내려오도록 하며 손바닥이 몸을 향하게 합니다."", ""팔을 곧게 유지하면서 어깨를 귀 쪽으로 최대한 높게 으쓱합니다."", ""수축을 잠시 유지한 후 천천히 어깨를 시작 위치로 내립니다."", ""원하는 반복 횟수만큼 반복합니다.""], ""pl"": [""Ustaw ławkę skośną pod kątem 45 stopni i usiądź na niej, trzymając hantle w obu rękach."", ""Postaw stopy płasko na podłodze i pozwól ramionom zwisać prosto w dół, dłonie skierowane do ciała."", ""Trzymając ramiona proste, unieś barki jak najwyżej w kierunku uszu."", ""Zatrzymaj napięcie na chwilę, a następnie powoli opuść barki do pozycji wyjściowej."", ""Powtórz zalecaną liczbę powtórzeń.""], ""ru"": [""Установите наклонную скамью под углом 45 градусов и сядьте на нее, взяв в каждую руку по гантели."", ""Поставьте ноги на землю и позвольте рукам свисать прямо вниз ладонями к телу."", ""Держа руки прямыми, поднимите плечи как можно выше к ушам."", ""Удерживайте напряжение на мгновение, затем медленно опустите плечи обратно в исходное положение."", ""Повторите необходимое количество повторений.""], ""tr"": [""Eğimli bir bench’i 45 derecelik bir açıya ayarlayın ve her iki elinizde birer dambıl olacak şekilde üzerine oturun."", ""Ayaklarınızı düz bir şekilde yere koyun ve avuçlarınız vücudunuza bakacak şekilde kollarınızın düz bir şekilde sarkmasına izin verin."", ""Kollarınızı düz tutarak omuzlarınızı kulaklarınıza doğru mümkün olduğunca yükseğe doğru silkin."", ""Bir süre kasılmayı sürdürün, ardından omuzlarınızı yavaşça başlangıç ​​pozisyonuna indirin."", ""İstenilen sayıda tekrar için tekrarlayın.""], ""zh"": [""将上斜凳设置为 45 度角，坐在上面，双手各握一个哑铃。"", ""将双脚平放在地面上，让双臂笔直下垂，手掌朝向身体。"", ""保持手臂伸直，耸肩，尽可能高地靠近耳朵。"", ""保持收缩一会儿，然后慢慢将肩膀放回起始位置。"", ""重复所需的重复次数。""]}, ""instructions"": {""en"": ""Set an incline bench to a 45-degree angle and sit on it with a dumbbell in each hand. Place your feet flat on the ground and let your arms hang straight down with your palms facing your body. Keeping your arms straight, shrug your shoulders up towards your ears as high as possible. Hold the contraction for a moment, then slowly lower your shoulders back down to the starting position. Repeat for the desired number of repetitions."", ""es"": ""Ajusta un banco inclinado a un ángulo de 45 grados y siéntate en él con una mancuerna en cada mano. Coloca los pies planos sobre el suelo y deja que los brazos cuelguen rectos hacia abajo con las palmas hacia el cuerpo. Manteniendo los brazos rectos, encoge los hombros hacia las orejas lo más alto posible. Mantén la contracción por un momento, luego baja lentamente los hombros de vuelta a la posición inicial. Repite el número de repeticiones deseado."", ""fr"": ""Règle un banc incliné à un angle de 45 degrés et assieds-toi dessus avec un haltère dans chaque main. Place tes pieds à plat au sol et laisse tes bras pendre droit vers le bas avec tes paumes tournées vers ton corps. En gardant les bras tendus, hausse tes épaules vers tes oreilles le plus haut possible. Maintiens la contraction un moment, puis abaisse lentement tes épaules jusqu'à la position de départ. Répète le nombre de répétitions souhaité."", ""hi"": ""एक झुकी हुई बेंच को 45 डिग्री के कोण पर सेट करें और प्रत्येक हाथ में डम्बल लेकर उस पर बैठें। अपने पैरों को ज़मीन पर सपाट रखें और अपनी हथेलियों को अपने शरीर की ओर रखते हुए अपनी भुजाओं को सीधा नीचे लटका दें। अपनी भुजाओं को सीधा रखते हुए, अपने कंधों को जितना संभव हो सके अपने कानों की ओर ऊपर उठाएं। एक क्षण के लिए संकुचन को रोककर रखें, फिर धीरे-धीरे अपने कंधों को वापस प्रारंभिक स्थिति में ले आएं। दोहराव की वांछित संख्या के लिए दोहराएँ।"", ""it"": ""Imposta una panca inclinata a 45 gradi e siediti con un manubrio in ogni mano. Metti i piedi piatti a terra e lascia che le braccia pendano dritte verso il basso con i palmi rivolti verso il corpo. Tieni le braccia dritte, alza le spalle verso le orecchie il più possibile. Mantieni la contrazione per un momento, poi abbassa lentamente le spalle fino alla posizione iniziale. Ripeti per il numero desiderato di ripetizioni."", ""ko"": ""인클라인 벤치를 45도 각도로 설정하고 앉아 양손에 덤벨을 들고 있습니다. 발을 바닥에 붙이고 팔을 쭉 펴서 덤벨이 몸 옆에 내려오도록 하며 손바닥이 몸을 향하게 합니다. 팔을 곧게 유지하면서 어깨를 귀 쪽으로 최대한 높게 으쓱합니다. 수축을 잠시 유지한 후 천천히 어깨를 시작 위치로 내립니다. 원하는 반복 횟수만큼 반복합니다."", ""pl"": ""Ustaw ławkę skośną pod kątem 45 stopni i usiądź na niej, trzymając hantle w obu rękach. Postaw stopy płasko na podłodze i pozwól ramionom zwisać prosto w dół, dłonie skierowane do ciała. Trzymając ramiona proste, unieś barki jak najwyżej w kierunku uszu. Zatrzymaj napięcie na chwilę, a następnie powoli opuść barki do pozycji wyjściowej. Powtórz zalecaną liczbę powtórzeń."", ""ru"": ""Установите наклонную скамью под углом 45 градусов и сядьте на нее, взяв в каждую руку по гантели. Поставьте ноги на землю и позвольте рукам свисать прямо вниз ладонями к телу. Держа руки прямыми, поднимите плечи как можно выше к ушам. Удерживайте напряжение на мгновение, затем медленно опустите плечи обратно в исходное положение. Повторите необходимое количество повторений."", ""tr"": ""Eğimli bir bench’i 45 derecelik bir açıya ayarlayın ve her iki elinizde birer dambıl olacak şekilde üzerine oturun. Ayaklarınızı düz bir şekilde yere koyun ve avuçlarınız vücudunuza bakacak şekilde kollarınızın düz bir şekilde sarkmasına izin verin. Kollarınızı düz tutarak omuzlarınızı kulaklarınıza doğru mümkün olduğunca yükseğe doğru silkin. Bir süre kasılmayı sürdürün, ardından omuzlarınızı yavaşça başlangıç ​​pozisyonuna indirin. İstenilen sayıda tekrar için tekrarlayın."", ""zh"": ""将上斜凳设置为 45 度角，坐在上面，双手各握一个哑铃。 将双脚平放在地面上，让双臂笔直下垂，手掌朝向身体。 保持手臂伸直，耸肩，尽可能高地靠近耳朵。 保持收缩一会儿，然后慢慢将肩膀放回起始位置。 重复所需的重复次数。""}, ""media_id"": ""JymLInS"", ""muscle_group"": ""shoulders"", ""name"": ""dumbbell incline shrug"", ""secondary_muscles"": [""shoulders""], ""target"": ""traps""}",gymvisual:0406,ERP-20260827-00044,USER_DIRECT_REVIEW_2026_08_29,OWNER_BATCH_CONFIRMATION,2026-08-29T00:00:00+09:00
,,,,,BACK,PRIMARY_VARIANT,대표-Variant 후보로 보관하며 canonical 병합은 하지 않는다.,AUTO_RULE,VARIANT_MATERIALIZED_DRAFT,exercise-catalog-v2.0.2-final,60,4,3,15,,BEGINNER,NO_POLICY_OVERRIDE,REVIEW_REQUIRED,밴드 슈러그,"[""RESISTANCE_BAND""]",VEX-000041,DUMBBELL_SHRUG,"[""BEGINNER"", ""INTERMEDIATE""]",REX-000029,DOMAIN_APPROVED,"{""BEGINNER"": ""FITT-ISOLATION-STRENGTH-V1"", ""INTERMEDIATE"": ""FITT-ISOLATION-STRENGTH-INTERMEDIATE-V1""}",,,[],,,user-name-only-v1,USER_REVIEWED_NAME_ONLY,밴드 슈러그,False,NEX-000106,"[""HOME"", ""GYM""]",band shrug,밴드 슈러그,,,,"[""MAIN""]","[""UPPER_BACK""]",ISOLATION,True,VARIANT,False,REX-000029,True,"[""HUMAN_TAXONOMY_REVIEW_REQUIRED"", ""VARIANT_RELATION_REVIEW_REQUIRED"", ""FAMILY_REPRESENTATIVE_MAPPING_REVIEW_REQUIRED"", ""VARIANT_SAFETY_REVIEW_REQUIRED"", ""VARIANT_FITT_REVIEW_REQUIRED""]",DOMAIN_APPROVED,REX-000029,DOMAIN_APPROVED,BOUND_INDEPENDENT_SOURCE,"[""SHOULDER""]",,Aliaksandr Makatserchyk / Gym visual,1018,"Stand with your feet shoulder-width apart and place the band under your feet, holding the ends with your hands. Keep your arms straight and relaxed, and let the band hang in front of your thighs. Engage your traps by shrugging your shoulders upward, lifting the band as high as possible. Hold the contraction for a moment, then slowly lower your shoulders back down to the starting position. Repeat for the desired number of repetitions.","[""Stand with your feet shoulder-width apart and place the band under your feet, holding the ends with your hands."", ""Keep your arms straight and relaxed, and let the band hang in front of your thighs."", ""Engage your traps by shrugging your shoulders upward, lifting the band as high as possible."", ""Hold the contraction for a moment, then slowly lower your shoulders back down to the starting position."", ""Repeat for the desired number of repetitions.""]",gymvisual:1018,MIT,trmte8s,image:images/1018-trmte8s.jpg;gif:videos/1018-trmte8s.gif,band shrug,band shrug,밴드 슈러그,RESOLVED_INTEGRATED_SOURCE,1018,gymvisual,gymvisual,https://github.com/hasaneyldrm/exercises-dataset,band_shrug_isolation_resistance_band,,,REPS,STRENGTH,USER_DIRECT_REVIEW_2026_08_29,COMPLETED,MATERIALIZED_DRAFT_REVIEW_REQUIRED,REVIEW_REQUIRED,PRIMARY_VARIANT,,,,,,,,,,,,,,,,,,,"{""attribution"": ""© Gym visual — https://gymvisual.com/"", ""body_part"": ""back"", ""category"": ""back"", ""created_at"": ""2026-03-18T12:31:32.869579+00:00"", ""equipment"": ""band"", ""gif_url"": ""videos/1018-trmte8s.gif"", ""id"": ""1018"", ""image"": ""images/1018-trmte8s.jpg"", ""instruction_steps"": {""en"": [""Stand with your feet shoulder-width apart and place the band under your feet, holding the ends with your hands."", ""Keep your arms straight and relaxed, and let the band hang in front of your thighs."", ""Engage your traps by shrugging your shoulders upward, lifting the band as high as possible."", ""Hold the contraction for a moment, then slowly lower your shoulders back down to the starting position."", ""Repeat for the desired number of repetitions.""], ""es"": [""Ponte de pie con los pies separados a la altura de los hombros y coloca la banda bajo los pies, sosteniendo los extremos con las manos."", ""Mantén los brazos rectos y relajados, y deja que la banda cuelgue frente a los muslos."", ""Activa los trapecios encogiendo los hombros hacia arriba, levantando la banda lo más alto posible."", ""Mantén la contracción por un momento, luego baja lentamente los hombros de vuelta a la posición inicial."", ""Repite el número de repeticiones deseado.""], ""fr"": [""Tiens-toi debout, les pieds écartés à la largeur des épaules et place l'élastique sous tes pieds, en tenant les extrémités dans tes mains."", ""Garde tes bras tendus et relâchés, et laisse l'élastique pendre devant tes cuisses."", ""Contracte tes trapèzes en haussant les épaules vers le haut, en soulevant l'élastique aussi haut que possible."", ""Maintiens la contraction un moment, puis abaisse lentement tes épaules jusqu'à la position de départ."", ""Répète le nombre de répétitions souhaité.""], ""hi"": [""अपने पैरों को कंधे की चौड़ाई की दूरी पर रखकर खड़े हो जाएं और बैंड को अपने पैरों के नीचे रखें, अपने हाथों से सिरों को पकड़ें।"", ""अपनी भुजाओं को सीधा और शिथिल रखें और बैंड को अपनी जांघों के सामने लटका रहने दें।"", ""अपने कंधों को ऊपर की ओर झुकाकर, बैंड को जितना संभव हो उतना ऊपर उठाकर अपने जाल को संलग्न करें।"", ""एक क्षण के लिए संकुचन को रोककर रखें, फिर धीरे-धीरे अपने कंधों को वापस प्रारंभिक स्थिति में ले आएं।"", ""दोहराव की वांछित संख्या के लिए दोहराएँ।""], ""it"": [""Stai con i piedi alla larghezza delle spalle e posiziona la fascia sotto i piedi, tenendo le estremità con le mani."", ""Tieni le braccia tese e rilassate e lascia che la fascia penda davanti alle cosce."", ""Attacca le tue trappole alzando le spalle verso l'alto, sollevando la fascia il più in alto possibile."", ""Mantieni la contrazione per un momento, quindi abbassa lentamente le spalle fino alla posizione iniziale."", ""Ripetere per il numero di ripetizioni desiderato.""], ""ko"": [""어깨 너비로 발을 벌리고 서서 밴드를 발 아래에 놓고 양쪽 끝을 손으로 잡습니다."", ""팔을 곧게 펼친 채로 이완하여 밴드가 넓적다리 앞에 매달리도록 합니다."", ""어깨를 위로 올려서 승모근을 활성화하여 밴드를 최대한 높이 들어 올립니다."", ""수축 상태를 잠시 유지한 후, 천천히 어깨를 원래 위치로 내립니다."", ""원하는 횟수만큼 반복합니다.""], ""pl"": [""Stań w rozkroku na szerokość barków i umieść taśmę pod stopami, trzymając jej końce dłońmi."", ""Utrzymuj ramiona proste i rozluźnione, pozwalając taśmie zwisać przed udami."", ""Napnij mięśnie czworoboczne, unosząc barki w górę, jak najwyżej to możliwe."", ""Utrzymaj napięcie przez chwilę, a następnie powoli opuść barki z powrotem do pozycji wyjściowej."", ""Powtórz zalecaną liczbę razy.""], ""ru"": [""Встаньте, расставив ноги на ширине плеч, и поместите ленту под ноги, держа концы руками."", ""Держите руки прямыми и расслабленными, позвольте ленте свисать перед бедрами."", ""Задействуйте трапеции, пожимая плечами вверх и поднимая ленту как можно выше."", ""Удерживайте напряжение на мгновение, затем медленно опустите плечи обратно в исходное положение."", ""Повторите необходимое количество повторений.""], ""tr"": [""Ayaklarınızı omuz genişliğinde açın ve bandı ayaklarınızın altına yerleştirin, uçlarını ellerinizle tutun."", ""Kollarınızı düz ve rahat tutun ve bandın uyluklarınızın önünde asılı kalmasına izin verin."", ""Omuzlarınızı yukarı doğru silkerek ve bandı mümkün olduğu kadar yükseğe kaldırarak tuzaklarınızı devreye sokun."", ""Bir süre kasılmayı sürdürün, ardından omuzlarınızı yavaşça başlangıç ​​pozisyonuna indirin."", ""İstenilen sayıda tekrar için tekrarlayın.""], ""zh"": [""双脚分开与肩同宽站立，将弹力带放在脚下，用手握住两端。"", ""保持手臂伸直并放松，让弹力带悬挂在大腿前面。"", ""向上耸肩，尽可能高地举起弹力带，以启动斜方肌。"", ""保持收缩一会儿，然后慢慢将肩膀放回起始位置。"", ""重复所需的重复次数。""]}, ""instructions"": {""en"": ""Stand with your feet shoulder-width apart and place the band under your feet, holding the ends with your hands. Keep your arms straight and relaxed, and let the band hang in front of your thighs. Engage your traps by shrugging your shoulders upward, lifting the band as high as possible. Hold the contraction for a moment, then slowly lower your shoulders back down to the starting position. Repeat for the desired number of repetitions."", ""es"": ""Ponte de pie con los pies separados a la altura de los hombros y coloca la banda bajo los pies, sosteniendo los extremos con las manos. Mantén los brazos rectos y relajados, y deja que la banda cuelgue frente a los muslos. Activa los trapecios encogiendo los hombros hacia arriba, levantando la banda lo más alto posible. Mantén la contracción por un momento, luego baja lentamente los hombros de vuelta a la posición inicial. Repite el número de repeticiones deseado."", ""fr"": ""Tiens-toi debout, les pieds écartés à la largeur des épaules et place l'élastique sous tes pieds, en tenant les extrémités dans tes mains. Garde tes bras tendus et relâchés, et laisse l'élastique pendre devant tes cuisses. Contracte tes trapèzes en haussant les épaules vers le haut, en soulevant l'élastique aussi haut que possible. Maintiens la contraction un moment, puis abaisse lentement tes épaules jusqu'à la position de départ. Répète le nombre de répétitions souhaité."", ""hi"": ""अपने पैरों को कंधे की चौड़ाई की दूरी पर रखकर खड़े हो जाएं और बैंड को अपने पैरों के नीचे रखें, अपने हाथों से सिरों को पकड़ें। अपनी भुजाओं को सीधा और शिथिल रखें और बैंड को अपनी जांघों के सामने लटका रहने दें। अपने कंधों को ऊपर की ओर झुकाकर, बैंड को जितना संभव हो उतना ऊपर उठाकर अपने जाल को संलग्न करें। एक क्षण के लिए संकुचन को रोककर रखें, फिर धीरे-धीरे अपने कंधों को वापस प्रारंभिक स्थिति में ले आएं। दोहराव की वांछित संख्या के लिए दोहराएँ।"", ""it"": ""Stai con i piedi alla larghezza delle spalle e posiziona la fascia sotto i piedi, tenendo le estremità con le mani. Tieni le braccia tese e rilassate e lascia che la fascia penda davanti alle cosce. Attacca le tue trappole alzando le spalle verso l'alto, sollevando la fascia il più in alto possibile. Mantieni la contrazione per un momento, quindi abbassa lentamente le spalle fino alla posizione iniziale. Ripetere per il numero di ripetizioni desiderato."", ""ko"": ""어깨 너비로 발을 벌리고 서서 밴드를 발 아래에 놓고 양쪽 끝을 손으로 잡습니다. 팔을 곧게 펼친 채로 이완하여 밴드가 넓적다리 앞에 매달리도록 합니다. 어깨를 위로 올려서 승모근을 활성화하여 밴드를 최대한 높이 들어 올립니다. 수축 상태를 잠시 유지한 후, 천천히 어깨를 원래 위치로 내립니다. 원하는 횟수만큼 반복합니다."", ""pl"": ""Stań w rozkroku na szerokość barków i umieść taśmę pod stopami, trzymając jej końce dłońmi. Utrzymuj ramiona proste i rozluźnione, pozwalając taśmie zwisać przed udami. Napnij mięśnie czworoboczne, unosząc barki w górę, jak najwyżej to możliwe. Utrzymaj napięcie przez chwilę, a następnie powoli opuść barki z powrotem do pozycji wyjściowej. Powtórz zalecaną liczbę razy."", ""ru"": ""Встаньте, расставив ноги на ширине плеч, и поместите ленту под ноги, держа концы руками. Держите руки прямыми и расслабленными, позвольте ленте свисать перед бедрами. Задействуйте трапеции, пожимая плечами вверх и поднимая ленту как можно выше. Удерживайте напряжение на мгновение, затем медленно опустите плечи обратно в исходное положение. Повторите необходимое количество повторений."", ""tr"": ""Ayaklarınızı omuz genişliğinde açın ve bandı ayaklarınızın altına yerleştirin, uçlarını ellerinizle tutun. Kollarınızı düz ve rahat tutun ve bandın uyluklarınızın önünde asılı kalmasına izin verin. Omuzlarınızı yukarı doğru silkerek ve bandı mümkün olduğu kadar yükseğe kaldırarak tuzaklarınızı devreye sokun. Bir süre kasılmayı sürdürün, ardından omuzlarınızı yavaşça başlangıç ​​pozisyonuna indirin. İstenilen sayıda tekrar için tekrarlayın."", ""zh"": ""双脚分开与肩同宽站立，将弹力带放在脚下，用手握住两端。 保持手臂伸直并放松，让弹力带悬挂在大腿前面。 向上耸肩，尽可能高地举起弹力带，以启动斜方肌。 保持收缩一会儿，然后慢慢将肩膀放回起始位置。 重复所需的重复次数。""}, ""media_id"": ""trmte8s"", ""muscle_group"": ""shoulders"", ""name"": ""band shrug"", ""secondary_muscles"": [""shoulders""], ""target"": ""traps""}",gymvisual:0406,ERP-20260827-00045,USER_DIRECT_REVIEW_2026_08_29,OWNER_BATCH_CONFIRMATION,2026-08-29T00:00:00+09:00
,,,,,MOBILITY,PRIMARY_VARIANT,대표-Variant 후보로 보관하며 canonical 병합은 하지 않는다.,AUTO_RULE,VARIANT_MATERIALIZED_DRAFT,exercise-catalog-v2.0.2-final,30,,,15,30,BEGINNER,NO_POLICY_OVERRIDE,REVIEW_REQUIRED,사이드 푸시 목 스트레칭,"[""BODYWEIGHT""]",VEX-000045,NECK_LATERAL_STRETCH,"[""BEGINNER"", ""INTERMEDIATE""]",REX-000045,DOMAIN_APPROVED,"{""BEGINNER"": ""FITT-MOBILITY-V1"", ""INTERMEDIATE"": ""FITT-MOBILITY-INTERMEDIATE-V1""}",,,[],,,user-name-only-v1,USER_REVIEWED_NAME_ONLY,사이드 푸시 목 스트레칭,False,NEX-000083,"[""HOME"", ""GYM""]",side push neck stretch,사이드 푸시 목 스트레칭,,,,"[""WARMUP"", ""COOLDOWN""]","[""NECK"", ""SHOULDER""]",MOBILITY_STRETCH,True,VARIANT,False,REX-000045,True,"[""EXERCISE_FAMILY_REVIEW_REQUIRED"", ""VARIANT_RELATION_REVIEW_REQUIRED"", ""BEGINNER_SUITABILITY_REVIEW_REQUIRED"", ""EXECUTION_DOSAGE_REVIEW_REQUIRED"", ""DOMAIN_SAFETY_REVIEW_REQUIRED"", ""LOAD_PROFILE_REVIEW_REQUIRED"", ""ALTERNATIVE_RELATION_REVIEW_REQUIRED"", ""MEDIA_RIGHTS_REVIEW_REQUIRED"", ""FAMILY_REPRESENTATIVE_MAPPING_REVIEW_REQUIRED"", ""VARIANT_SAFETY_REVIEW_REQUIRED"", ""VARIANT_FITT_REVIEW_REQUIRED""]",DOMAIN_APPROVED,REX-000045,DOMAIN_APPROVED,BOUND_INDEPENDENT_SOURCE,"[""SHOULDER""]",,Aliaksandr Makatserchyk / Gym visual,0716,"Stand or sit up straight with your shoulders relaxed. Tilt your head to the right, bringing your right ear towards your right shoulder. Place your right hand on the left side of your head and gently apply pressure to increase the stretch. Hold the stretch for 15-30 seconds. Repeat on the other side, tilting your head to the left and applying pressure with your left hand. Repeat the stretch 2-3 times on each side.","[""Stand or sit up straight with your shoulders relaxed."", ""Tilt your head to the right, bringing your right ear towards your right shoulder."", ""Place your right hand on the left side of your head and gently apply pressure to increase the stretch."", ""Hold the stretch for 15-30 seconds."", ""Repeat on the other side, tilting your head to the left and applying pressure with your left hand."", ""Repeat the stretch 2-3 times on each side.""]",gymvisual:0716,MIT,oQRJYkC,image:images/0716-oQRJYkC.jpg;gif:videos/0716-oQRJYkC.gif,side push neck stretch,side push neck stretch,사이드 푸시 목 스트레칭,RESOLVED_INTEGRATED_SOURCE,0716,gymvisual,gymvisual,https://github.com/hasaneyldrm/exercises-dataset,side_push_neck_stretch_mobility_stretch_bodyweight,,,DURATION,MOBILITY,USER_DIRECT_REVIEW_2026_08_29,COMPLETED,MATERIALIZED_DRAFT_REVIEW_REQUIRED,REVIEW_REQUIRED,PRIMARY_VARIANT,,,,,,,,,,,,,,,,,,,"{""attribution"": ""© Gym visual — https://gymvisual.com/"", ""body_part"": ""neck"", ""category"": ""neck"", ""created_at"": ""2026-03-18T12:31:32.889832+00:00"", ""equipment"": ""body weight"", ""gif_url"": ""videos/0716-oQRJYkC.gif"", ""id"": ""0716"", ""image"": ""images/0716-oQRJYkC.jpg"", ""instruction_steps"": {""en"": [""Stand or sit up straight with your shoulders relaxed."", ""Tilt your head to the right, bringing your right ear towards your right shoulder."", ""Place your right hand on the left side of your head and gently apply pressure to increase the stretch."", ""Hold the stretch for 15-30 seconds."", ""Repeat on the other side, tilting your head to the left and applying pressure with your left hand."", ""Repeat the stretch 2-3 times on each side.""], ""es"": [""Ponte de pie o siéntate erguido con los hombros relajados."", ""Inclina la cabeza hacia la derecha, llevando la oreja derecha hacia el hombro derecho."", ""Coloca la mano derecha en el lado izquierdo de la cabeza y aplica una presión suave para aumentar el estiramiento."", ""Mantén el estiramiento durante 15-30 segundos."", ""Repite hacia el otro lado, inclinando la cabeza hacia la izquierda y aplicando presión con la mano izquierda."", ""Repite el estiramiento 2-3 veces en cada lado.""], ""fr"": [""Tiens-toi debout ou assis bien droit, les épaules détendues."", ""Incline la tête vers la droite, en amenant ton oreille droite vers ton épaule droite."", ""Place ta main droite sur le côté gauche de ta tête et exerce doucement une pression pour accentuer l'étirement."", ""Maintiens l'étirement pendant 15 à 30 secondes."", ""Répète de l'autre côté en inclinant ta tête vers la gauche et en appliquant une pression avec ta main gauche."", ""Répète l'étirement 2 à 3 fois de chaque côté.""], ""hi"": [""अपने कंधों को आराम देते हुए सीधे खड़े हों या बैठें।"", ""अपने सिर को दाईं ओर झुकाएं, अपने दाहिने कान को अपने दाहिने कंधे की ओर लाएं।"", ""अपने दाहिने हाथ को अपने सिर के बाईं ओर रखें और खिंचाव बढ़ाने के लिए धीरे से दबाव डालें।"", ""15-30 सेकंड तक खिंचाव बनाए रखें।"", ""दूसरी तरफ दोहराएं, अपने सिर को बाईं ओर झुकाएं और अपने बाएं हाथ से दबाव डालें।"", ""प्रत्येक तरफ 2-3 बार खिंचाव दोहराएं।""], ""it"": [""Stai in piedi o seduto con la schiena dritta e le spalle rilassate."", ""Inclina la testa verso destra, portando l'orecchio destro verso la spalla destra."", ""Posiziona la mano destra sul lato sinistro della testa ed esercita una leggera pressione per aumentare l'allungamento."", ""Mantieni l'allungamento per 15-30 secondi."", ""Ripeti dall'altro lato, inclinando la testa a sinistra ed esercitando pressione con la mano sinistra."", ""Ripeti l'allungamento 2-3 volte su ciascun lato.""], ""ko"": [""어깨를 이완한 상태로 서거나 앉아 곧게 펴세요."", ""목을 오른쪽으로 기울여 오른쪽 귀를 오른쪽 어깨에 가깝게 가져갑니다."", ""왼손을 머리의 왼쪽에 올려놓고 스트레칭을 강화하기 위해 부드럽게 압력을 가합니다."", ""15-30초 동안 스트레칭을 유지합니다."", ""반대쪽을 반복합니다. 목을 왼쪽으로 기울이고 왼손으로 압력을 가합니다."", ""각 쪽에서 2-3번 스트레칭을 반복합니다.""], ""pl"": [""Stań lub usiądź prosto, z rozluźnionymi barkami."", ""Przechyl głowę w prawo, przybliżając prawe ucho do prawego barku."", ""Połóż prawą dłoń po lewej stronie głowy i delikatnie dociśnij, aby pogłębić rozciąganie."", ""Przytrzymaj rozciągnięcie przez 15-30 sekund."", ""Powtórz po drugiej stronie, przechylając głowę w lewo i dociskając lewą dłonią."", ""Powtórz rozciąganie 2-3 razy po każdej stronie.""], ""ru"": [""Встаньте или сядьте прямо, расслабив плечи."", ""Наклоните голову вправо, приближая правое ухо к правому плечу."", ""Положите правую руку на левую сторону головы и осторожно надавите, чтобы усилить растяжение."", ""Удерживайте растяжку 15–30 секунд."", ""Повторите то же самое с другой стороны, наклонив голову влево и надавив левой рукой."", ""Повторите растяжку 2–3 раза с каждой стороны.""], ""tr"": [""Omuzlarınız rahat olacak şekilde dik durun veya oturun."", ""Başınızı sağa doğru eğin, sağ kulağınızı sağ omzunuza doğru getirin."", ""Sağ elinizi başınızın sol tarafına koyun ve gerginliği artırmak için hafifçe baskı uygulayın."", ""Germeyi 15-30 saniye kadar tutun."", ""Başınızı sola eğerek ve sol elinizle baskı uygulayarak diğer tarafta da tekrarlayın."", ""Gerdirmeyi her iki tarafta 2-3 kez tekrarlayın.""], ""zh"": [""站直或坐直，肩膀放松。"", ""将头向右倾斜，将右耳靠近右肩。"", ""将右手放在头部左侧，轻轻施加压力以增加拉伸。"", ""保持拉伸 15-30 秒。"", ""在另一侧重复，将头向左倾斜并用左手施加压力。"", ""每侧重复拉伸 2-3 次。""]}, ""instructions"": {""en"": ""Stand or sit up straight with your shoulders relaxed. Tilt your head to the right, bringing your right ear towards your right shoulder. Place your right hand on the left side of your head and gently apply pressure to increase the stretch. Hold the stretch for 15-30 seconds. Repeat on the other side, tilting your head to the left and applying pressure with your left hand. Repeat the stretch 2-3 times on each side."", ""es"": ""Ponte de pie o siéntate erguido con los hombros relajados. Inclina la cabeza hacia la derecha, llevando la oreja derecha hacia el hombro derecho. Coloca la mano derecha en el lado izquierdo de la cabeza y aplica una presión suave para aumentar el estiramiento. Mantén el estiramiento durante 15-30 segundos. Repite hacia el otro lado, inclinando la cabeza hacia la izquierda y aplicando presión con la mano izquierda. Repite el estiramiento 2-3 veces en cada lado."", ""fr"": ""Tiens-toi debout ou assis bien droit, les épaules détendues. Incline la tête vers la droite, en amenant ton oreille droite vers ton épaule droite. Place ta main droite sur le côté gauche de ta tête et exerce doucement une pression pour accentuer l'étirement. Maintiens l'étirement pendant 15 à 30 secondes. Répète de l'autre côté en inclinant ta tête vers la gauche et en appliquant une pression avec ta main gauche. Répète l'étirement 2 à 3 fois de chaque côté."", ""hi"": ""अपने कंधों को आराम देते हुए सीधे खड़े हों या बैठें। अपने सिर को दाईं ओर झुकाएं, अपने दाहिने कान को अपने दाहिने कंधे की ओर लाएं। अपने दाहिने हाथ को अपने सिर के बाईं ओर रखें और खिंचाव बढ़ाने के लिए धीरे से दबाव डालें। 15-30 सेकंड तक खिंचाव बनाए रखें। दूसरी तरफ दोहराएं, अपने सिर को बाईं ओर झुकाएं और अपने बाएं हाथ से दबाव डालें। प्रत्येक तरफ 2-3 बार खिंचाव दोहराएं।"", ""it"": ""Stai in piedi o seduto con la schiena dritta e le spalle rilassate. Inclina la testa verso destra, portando l'orecchio destro verso la spalla destra. Posiziona la mano destra sul lato sinistro della testa ed esercita una leggera pressione per aumentare l'allungamento. Mantieni l'allungamento per 15-30 secondi. Ripeti dall'altro lato, inclinando la testa a sinistra ed esercitando pressione con la mano sinistra. Ripeti l'allungamento 2-3 volte su ciascun lato."", ""ko"": ""어깨를 이완한 상태로 서거나 앉아 곧게 펴세요. 목을 오른쪽으로 기울여 오른쪽 귀를 오른쪽 어깨에 가깝게 가져갑니다. 왼손을 머리의 왼쪽에 올려놓고 스트레칭을 강화하기 위해 부드럽게 압력을 가합니다. 15-30초 동안 스트레칭을 유지합니다. 반대쪽을 반복합니다. 목을 왼쪽으로 기울이고 왼손으로 압력을 가합니다. 각 쪽에서 2-3번 스트레칭을 반복합니다."", ""pl"": ""Stań lub usiądź prosto, z rozluźnionymi barkami. Przechyl głowę w prawo, przybliżając prawe ucho do prawego barku. Połóż prawą dłoń po lewej stronie głowy i delikatnie dociśnij, aby pogłębić rozciąganie. Przytrzymaj rozciągnięcie przez 15-30 sekund. Powtórz po drugiej stronie, przechylając głowę w lewo i dociskając lewą dłonią. Powtórz rozciąganie 2-3 razy po każdej stronie."", ""ru"": ""Встаньте или сядьте прямо, расслабив плечи. Наклоните голову вправо, приближая правое ухо к правому плечу. Положите правую руку на левую сторону головы и осторожно надавите, чтобы усилить растяжение. Удерживайте растяжку 15–30 секунд. Повторите то же самое с другой стороны, наклонив голову влево и надавив левой рукой. Повторите растяжку 2–3 раза с каждой стороны."", ""tr"": ""Omuzlarınız rahat olacak şekilde dik durun veya oturun. Başınızı sağa doğru eğin, sağ kulağınızı sağ omzunuza doğru getirin. Sağ elinizi başınızın sol tarafına koyun ve gerginliği artırmak için hafifçe baskı uygulayın. Germeyi 15-30 saniye kadar tutun. Başınızı sola eğerek ve sol elinizle baskı uygulayarak diğer tarafta da tekrarlayın. Gerdirmeyi her iki tarafta 2-3 kez tekrarlayın."", ""zh"": ""站直或坐直，肩膀放松。 将头向右倾斜，将右耳靠近右肩。 将右手放在头部左侧，轻轻施加压力以增加拉伸。 保持拉伸 15-30 秒。 在另一侧重复，将头向左倾斜并用左手施加压力。 每侧重复拉伸 2-3 次。""}, ""media_id"": ""oQRJYkC"", ""muscle_group"": ""trapezius"", ""name"": ""side push neck stretch"", ""secondary_muscles"": [""trapezius"", ""sternocleidomastoid""], ""target"": ""levator scapulae""}",gymvisual:1403,ERP-20260827-00050,USER_DIRECT_REVIEW_2026_08_29,OWNER_BATCH_CONFIRMATION,2026-08-29T00:00:00+09:00
,,,,,CALVES,PRIMARY_VARIANT,대표-Variant 후보로 보관하며 canonical 병합은 하지 않는다.,AUTO_RULE,VARIANT_MATERIALIZED_DRAFT,exercise-catalog-v2.0.2-final,60,4,3,15,,BEGINNER,NO_POLICY_OVERRIDE,REVIEW_REQUIRED,시티드 카프 레이즈 머신,"[""MACHINE""]",VEX-000054,SEATED_CALF_RAISE,"[""BEGINNER"", ""INTERMEDIATE""]",REX-000080,DOMAIN_APPROVED,"{""BEGINNER"": ""FITT-ISOLATION-STRENGTH-V1"", ""INTERMEDIATE"": ""FITT-ISOLATION-STRENGTH-INTERMEDIATE-V1""}",,,[],,,user-name-only-v1,USER_REVIEWED_NAME_ONLY,시티드 카프 레이즈 머신,False,NEX-000070,"[""GYM""]",lever seated calf raise,시티드 카프 레이즈 머신,,,,"[""MAIN""]","[""ANKLE_FOOT""]",ISOLATION,True,VARIANT,False,REX-000080,True,"[""HUMAN_TAXONOMY_REVIEW_REQUIRED"", ""VARIANT_RELATION_REVIEW_REQUIRED"", ""FAMILY_REPRESENTATIVE_MAPPING_REVIEW_REQUIRED"", ""VARIANT_SAFETY_REVIEW_REQUIRED"", ""VARIANT_FITT_REVIEW_REQUIRED""]",DOMAIN_APPROVED,REX-000080,DOMAIN_APPROVED,BOUND_INDEPENDENT_SOURCE,"[""KNEE""]",,Aliaksandr Makatserchyk / Gym visual,0594,"Adjust the seat height so that your knees are slightly bent and your feet are flat on the footplate. Place your toes on the footplate with your heels hanging off the edge. Grasp the handles or the sides of the seat for stability. Push through the balls of your feet to raise your heels as high as possible. Pause for a moment at the top, then slowly lower your heels back down to the starting position. Repeat for the desired number of repetitions.","[""Adjust the seat height so that your knees are slightly bent and your feet are flat on the footplate."", ""Place your toes on the footplate with your heels hanging off the edge."", ""Grasp the handles or the sides of the seat for stability."", ""Push through the balls of your feet to raise your heels as high as possible."", ""Pause for a moment at the top, then slowly lower your heels back down to the starting position."", ""Repeat for the desired number of repetitions.""]",gymvisual:0594,MIT,bOOdeyc,image:images/0594-bOOdeyc.jpg;gif:videos/0594-bOOdeyc.gif,lever seated calf raise,lever seated calf raise,시티드 카프 레이즈,RESOLVED_INTEGRATED_SOURCE,0594,gymvisual,gymvisual,https://github.com/hasaneyldrm/exercises-dataset,lever_seated_calf_raise_isolation_machine,,,REPS,STRENGTH,USER_DIRECT_REVIEW_2026_08_29,COMPLETED,MATERIALIZED_DRAFT_REVIEW_REQUIRED,REVIEW_REQUIRED,PRIMARY_VARIANT,,,,,,,,,,,,,,,,,,,"{""attribution"": ""© Gym visual — https://gymvisual.com/"", ""body_part"": ""lower legs"", ""category"": ""lower legs"", ""created_at"": ""2026-03-18T12:31:32.886903+00:00"", ""equipment"": ""leverage machine"", ""gif_url"": ""videos/0594-bOOdeyc.gif"", ""id"": ""0594"", ""image"": ""images/0594-bOOdeyc.jpg"", ""instruction_steps"": {""en"": [""Adjust the seat height so that your knees are slightly bent and your feet are flat on the footplate."", ""Place your toes on the footplate with your heels hanging off the edge."", ""Grasp the handles or the sides of the seat for stability."", ""Push through the balls of your feet to raise your heels as high as possible."", ""Pause for a moment at the top, then slowly lower your heels back down to the starting position."", ""Repeat for the desired number of repetitions.""], ""es"": [""Ajusta la altura del asiento de modo que las rodillas queden ligeramente flexionadas y los pies queden planos sobre la placa para los pies."", ""Coloca los dedos de los pies sobre la placa para los pies, con los talones colgando fuera del borde."", ""Sujeta las asas o los lados del asiento para mayor estabilidad."", ""Empuja con la parte delantera de los pies para elevar los talones tan alto como sea posible."", ""Haz una pausa breve en la parte alta y luego baja lentamente los talones de vuelta a la posición inicial."", ""Repite el número de repeticiones deseado.""], ""fr"": [""Règle la hauteur du siège de sorte que tes genoux soient légèrement fléchis et que tes pieds soient à plat sur le repose-pieds."", ""Place tes orteils sur le repose-pieds, les talons dans le vide."", ""Saisis les poignées ou les côtés du siège pour te stabiliser."", ""Pousse sur la plante de tes pieds pour lever tes talons aussi haut que possible."", ""Marque une pause en haut, puis abaisse lentement tes talons pour revenir à la position de départ."", ""Répète le nombre de répétitions souhaité.""], ""hi"": [""सीट की ऊँचाई को समायोजित करें ताकि आपके घुटने थोड़े मुड़े हुए हों और आपके पैर फ़ुटप्लेट पर सपाट हों।"", ""अपने पैर की उंगलियों को फ़ुटप्लेट पर रखें और आपकी एड़ियाँ किनारे से लटकी हुई हों।"", ""स्थिरता के लिए सीट के हैंडल या किनारों को पकड़ें।"", ""अपनी एड़ियों को जितना संभव हो उतना ऊपर उठाने के लिए अपने पैरों की उंगलियों से धक्का दें।"", ""शीर्ष पर एक पल के लिए रुकें, फिर धीरे-धीरे अपनी एड़ियों को वापस प्रारंभिक स्थिति में ले आएं।"", ""दोहराव की वांछित संख्या के लिए दोहराएँ।""], ""it"": [""Regolare l'altezza del sedile in modo che le ginocchia siano leggermente piegate e i piedi siano appoggiati sulla pedana."", ""Posiziona le dita dei piedi sulla pedana con i talloni che pendono dal bordo."", ""Afferrare le maniglie o i lati del sedile per stabilità."", ""Spingi attraverso le punte dei piedi per sollevare i talloni il più in alto possibile."", ""Fai una pausa per un momento in alto, quindi abbassa lentamente i talloni nella posizione iniziale."", ""Ripetere per il numero di ripetizioni desiderato.""], ""ko"": [""시트 높이를 조정하여 무릎이 약간 굽혀지고 발이 풋플레이트에 평평하게 놓이도록 합니다."", ""발가락을 풋플레이트에 올리고 발뒤꿈치를 가장자리 바깥으로 내밉니다."", ""안정성을 위해 시트의 핸들이나 옆면을 잡습니다."", ""발의 공 부분을 통해 눌러서 발뒤꿈치를 가능한 높이 올립니다."", ""상단에서 잠깐 멈춘 후, 발뒤꿈치를 천천히 처음 위치로 낮춥니다."", ""원하는 반복 횟수만큼 반복합니다.""], ""pl"": [""Wyreguluj wysokość siedziska tak, aby kolana były lekko ugięte, a stopy płasko na podpórce."", ""Umieść palce stóp na podpórce, tak aby pięty zwisały poza krawędzią."", ""Chwyć uchwyty lub boki siedziska dla stabilizacji."", ""Wypchnij się przez palce stóp, aby unieść pięty jak najwyżej."", ""Zatrzymaj się na chwilę w górnej pozycji, a następnie powoli opuść pięty do pozycji wyjściowej."", ""Powtórz zadaną liczbę powtórzeń.""], ""ru"": [""Отрегулируйте высоту сиденья так, чтобы ваши колени были слегка согнуты, а ступни лежали на подножке."", ""Поместите пальцы ног на подножку так, чтобы пятки свисали с края."", ""Возьмитесь за ручки или боковые стороны сиденья для устойчивости."", ""Оттолкнитесь подушечками стоп, чтобы поднять пятки как можно выше."", ""Задержитесь на мгновение в верхней точке, затем медленно опустите пятки обратно в исходное положение."", ""Повторите необходимое количество повторений.""], ""tr"": [""Koltuk yüksekliğini, dizleriniz hafifçe bükülü ve ayaklarınız taban plakası üzerinde düz olacak şekilde ayarlayın."", ""Topuklarınız kenardan sarkacak şekilde ayak parmaklarınızı taban plakasının üzerine yerleştirin."", ""Denge için koltuğun kollarını veya yanlarını tutun."", ""Topuklarınızı mümkün olduğunca yükseğe kaldırmak için ayak parmak uçlarınızı itin."", ""Tepe noktasında bir an duraklayın, ardından topuklarınızı yavaşça başlangıç ​​pozisyonuna indirin."", ""İstenilen sayıda tekrar için tekrarlayın.""], ""zh"": [""调整座椅高度，使膝盖稍微弯曲，双脚平放在踏板上。"", ""将脚趾放在踏板上，脚跟悬在踏板边缘。"", ""抓住把手或座椅侧面以保持稳定性。"", ""推动脚掌，将脚后跟尽可能抬高。"", ""在顶部停顿片刻，然后慢慢降低脚后跟回到起始位置。"", ""重复所需的重复次数。""]}, ""instructions"": {""en"": ""Adjust the seat height so that your knees are slightly bent and your feet are flat on the footplate. Place your toes on the footplate with your heels hanging off the edge. Grasp the handles or the sides of the seat for stability. Push through the balls of your feet to raise your heels as high as possible. Pause for a moment at the top, then slowly lower your heels back down to the starting position. Repeat for the desired number of repetitions."", ""es"": ""Ajusta la altura del asiento de modo que las rodillas queden ligeramente flexionadas y los pies queden planos sobre la placa para los pies. Coloca los dedos de los pies sobre la placa para los pies, con los talones colgando fuera del borde. Sujeta las asas o los lados del asiento para mayor estabilidad. Empuja con la parte delantera de los pies para elevar los talones tan alto como sea posible. Haz una pausa breve en la parte alta y luego baja lentamente los talones de vuelta a la posición inicial. Repite el número de repeticiones deseado."", ""fr"": ""Règle la hauteur du siège de sorte que tes genoux soient légèrement fléchis et que tes pieds soient à plat sur le repose-pieds. Place tes orteils sur le repose-pieds, les talons dans le vide. Saisis les poignées ou les côtés du siège pour te stabiliser. Pousse sur la plante de tes pieds pour lever tes talons aussi haut que possible. Marque une pause en haut, puis abaisse lentement tes talons pour revenir à la position de départ. Répète le nombre de répétitions souhaité."", ""hi"": ""सीट की ऊँचाई को समायोजित करें ताकि आपके घुटने थोड़े मुड़े हुए हों और आपके पैर फ़ुटप्लेट पर सपाट हों। अपने पैर की उंगलियों को फ़ुटप्लेट पर रखें और आपकी एड़ियाँ किनारे से लटकी हुई हों। स्थिरता के लिए सीट के हैंडल या किनारों को पकड़ें। अपनी एड़ियों को जितना संभव हो उतना ऊपर उठाने के लिए अपने पैरों की उंगलियों से धक्का दें। शीर्ष पर एक पल के लिए रुकें, फिर धीरे-धीरे अपनी एड़ियों को वापस प्रारंभिक स्थिति में ले आएं। दोहराव की वांछित संख्या के लिए दोहराएँ।"", ""it"": ""Regolare l'altezza del sedile in modo che le ginocchia siano leggermente piegate e i piedi siano appoggiati sulla pedana. Posiziona le dita dei piedi sulla pedana con i talloni che pendono dal bordo. Afferrare le maniglie o i lati del sedile per stabilità. Spingi attraverso le punte dei piedi per sollevare i talloni il più in alto possibile. Fai una pausa per un momento in alto, quindi abbassa lentamente i talloni nella posizione iniziale. Ripetere per il numero di ripetizioni desiderato."", ""ko"": ""시트 높이를 조정하여 무릎이 약간 굽혀지고 발이 풋플레이트에 평평하게 놓이도록 합니다. 발가락을 풋플레이트에 올리고 발뒤꿈치를 가장자리 바깥으로 내밉니다. 안정성을 위해 시트의 핸들이나 옆면을 잡습니다. 발의 공 부분을 통해 눌러서 발뒤꿈치를 가능한 높이 올립니다. 상단에서 잠깐 멈춘 후, 발뒤꿈치를 천천히 처음 위치로 낮춥니다. 원하는 반복 횟수만큼 반복합니다."", ""pl"": ""Wyreguluj wysokość siedziska tak, aby kolana były lekko ugięte, a stopy płasko na podpórce. Umieść palce stóp na podpórce, tak aby pięty zwisały poza krawędzią. Chwyć uchwyty lub boki siedziska dla stabilizacji. Wypchnij się przez palce stóp, aby unieść pięty jak najwyżej. Zatrzymaj się na chwilę w górnej pozycji, a następnie powoli opuść pięty do pozycji wyjściowej. Powtórz zadaną liczbę powtórzeń."", ""ru"": ""Отрегулируйте высоту сиденья так, чтобы ваши колени были слегка согнуты, а ступни лежали на подножке. Поместите пальцы ног на подножку так, чтобы пятки свисали с края. Возьмитесь за ручки или боковые стороны сиденья для устойчивости. Оттолкнитесь подушечками стоп, чтобы поднять пятки как можно выше. Задержитесь на мгновение в верхней точке, затем медленно опустите пятки обратно в исходное положение. Повторите необходимое количество повторений."", ""tr"": ""Koltuk yüksekliğini, dizleriniz hafifçe bükülü ve ayaklarınız taban plakası üzerinde düz olacak şekilde ayarlayın. Topuklarınız kenardan sarkacak şekilde ayak parmaklarınızı taban plakasının üzerine yerleştirin. Denge için koltuğun kollarını veya yanlarını tutun. Topuklarınızı mümkün olduğunca yükseğe kaldırmak için ayak parmak uçlarınızı itin. Tepe noktasında bir an duraklayın, ardından topuklarınızı yavaşça başlangıç ​​pozisyonuna indirin. İstenilen sayıda tekrar için tekrarlayın."", ""zh"": ""调整座椅高度，使膝盖稍微弯曲，双脚平放在踏板上。 将脚趾放在踏板上，脚跟悬在踏板边缘。 抓住把手或座椅侧面以保持稳定性。 推动脚掌，将脚后跟尽可能抬高。 在顶部停顿片刻，然后慢慢降低脚后跟回到起始位置。 重复所需的重复次数。""}, ""media_id"": ""bOOdeyc"", ""muscle_group"": ""soleus"", ""name"": ""lever seated calf raise"", ""secondary_muscles"": [""soleus"", ""ankle stabilizers""], ""target"": ""calves""}",gymvisual:0088,ERP-20260827-00062,USER_DIRECT_REVIEW_2026_08_29,OWNER_BATCH_CONFIRMATION,2026-08-29T00:00:00+09:00
,,,,,CALVES,PRIMARY_VARIANT,대표-Variant 후보로 보관하며 canonical 병합은 하지 않는다.,AUTO_RULE,VARIANT_MATERIALIZED_DRAFT,exercise-catalog-v2.0.2-final,60,4,3,15,,BEGINNER,NO_POLICY_OVERRIDE,REVIEW_REQUIRED,덤벨 시티드 카프 레이즈,"[""DUMBBELL""]",VEX-000055,SEATED_CALF_RAISE,"[""BEGINNER"", ""INTERMEDIATE""]",REX-000080,DOMAIN_APPROVED,"{""BEGINNER"": ""FITT-ISOLATION-STRENGTH-V1"", ""INTERMEDIATE"": ""FITT-ISOLATION-STRENGTH-INTERMEDIATE-V1""}",,,[],,,user-name-only-v1,USER_REVIEWED_NAME_ONLY,덤벨 시티드 카프 레이즈,False,NEX-000120,"[""HOME"", ""GYM""]",dumbbell seated calf raise,덤벨 시티드 카프 레이즈,,,,"[""MAIN""]","[""ANKLE_FOOT""]",ISOLATION,True,VARIANT,False,REX-000080,True,"[""HUMAN_TAXONOMY_REVIEW_REQUIRED"", ""VARIANT_RELATION_REVIEW_REQUIRED"", ""FAMILY_REPRESENTATIVE_MAPPING_REVIEW_REQUIRED"", ""VARIANT_SAFETY_REVIEW_REQUIRED"", ""VARIANT_FITT_REVIEW_REQUIRED""]",DOMAIN_APPROVED,REX-000080,DOMAIN_APPROVED,BOUND_INDEPENDENT_SOURCE,"[""KNEE""]",,Aliaksandr Makatserchyk / Gym visual,1379,"Sit on a bench or chair with your feet flat on the ground and a dumbbell resting on your thighs. Place the balls of your feet on a raised surface such as a step or block, with your heels hanging off the edge. Hold onto the dumbbell for stability. Raise your heels as high as possible, lifting your body weight onto the balls of your feet. Pause for a moment at the top, then slowly lower your heels back down to the starting position. Repeat for the desired number of repetitions.","[""Sit on a bench or chair with your feet flat on the ground and a dumbbell resting on your thighs."", ""Place the balls of your feet on a raised surface such as a step or block, with your heels hanging off the edge."", ""Hold onto the dumbbell for stability."", ""Raise your heels as high as possible, lifting your body weight onto the balls of your feet."", ""Pause for a moment at the top, then slowly lower your heels back down to the starting position."", ""Repeat for the desired number of repetitions.""]",gymvisual:1379,MIT,r29jP7S,image:images/1379-r29jP7S.jpg;gif:videos/1379-r29jP7S.gif,dumbbell seated calf raise,dumbbell seated calf raise,덤벨 시티드 카프 레이즈,RESOLVED_INTEGRATED_SOURCE,1379,gymvisual,gymvisual,https://github.com/hasaneyldrm/exercises-dataset,dumbbell_seated_calf_raise_isolation_dumbbell,,,REPS,STRENGTH,USER_DIRECT_REVIEW_2026_08_29,COMPLETED,MATERIALIZED_DRAFT_REVIEW_REQUIRED,REVIEW_REQUIRED,PRIMARY_VARIANT,,,,,,,,,,,,,,,,,,,"{""attribution"": ""© Gym visual — https://gymvisual.com/"", ""body_part"": ""lower legs"", ""category"": ""lower legs"", ""created_at"": ""2026-03-18T12:31:32.881204+00:00"", ""equipment"": ""dumbbell"", ""gif_url"": ""videos/1379-r29jP7S.gif"", ""id"": ""1379"", ""image"": ""images/1379-r29jP7S.jpg"", ""instruction_steps"": {""en"": [""Sit on a bench or chair with your feet flat on the ground and a dumbbell resting on your thighs."", ""Place the balls of your feet on a raised surface such as a step or block, with your heels hanging off the edge."", ""Hold onto the dumbbell for stability."", ""Raise your heels as high as possible, lifting your body weight onto the balls of your feet."", ""Pause for a moment at the top, then slowly lower your heels back down to the starting position."", ""Repeat for the desired number of repetitions.""], ""es"": [""Siéntate en un banco o silla con los pies apoyados en el suelo y una mancuerna apoyada sobre los muslos."", ""Coloca la punta de los pies sobre una superficie elevada, como un escalón o un bloque, con los talones colgando del borde."", ""Sujétate de la mancuerna para mantener la estabilidad."", ""Levanta los talones lo más alto posible, elevando el peso de tu cuerpo sobre las puntas de los pies."", ""Haz una pausa breve en la parte alta y luego baja lentamente los talones de vuelta a la posición inicial."", ""Repite el número de repeticiones deseado.""], ""fr"": [""Assieds-toi sur un banc ou une chaise, les pieds à plat sur le sol et un haltère posé sur tes cuisses."", ""Place l'avant de tes pieds sur une surface surélevée comme une marche ou un bloc, avec tes talons dans le vide au bord."", ""Tiens-toi à l'haltère pour la stabilité."", ""Lève tes talons aussi haut que possible en reportant le poids de ton corps sur la plante de tes pieds."", ""Marque une pause en haut, puis abaisse lentement tes talons pour revenir à la position de départ."", ""Répète le nombre de répétitions souhaité.""], ""hi"": [""अपने पैरों को ज़मीन पर सपाट करके और अपनी जांघों पर डम्बल रखकर एक बेंच या कुर्सी पर बैठें।"", ""अपने पैरों के पंजों को किसी ऊंची सतह जैसे सीढ़ी या ब्लॉक पर रखें, जिसमें आपकी एड़ियाँ किनारे से लटकी हुई हों।"", ""स्थिरता के लिए डम्बल को पकड़ें।"", ""अपनी एड़ियों को जितना संभव हो उतना ऊपर उठाएं, अपने शरीर का वजन अपने पैरों की उंगलियों पर उठाएं।"", ""शीर्ष पर एक पल के लिए रुकें, फिर धीरे-धीरे अपनी एड़ियों को वापस प्रारंभिक स्थिति में ले आएं।"", ""दोहराव की वांछित संख्या के लिए दोहराएँ।""], ""it"": [""Siediti su una panca o una sedia con i piedi piatti a terra e un manubrio appoggiato sulle cosce."", ""Posiziona le punte dei piedi su una superficie rialzata come un gradino o un blocco, con i talloni che pendono dal bordo."", ""Tieni il manubrio per stabilità."", ""Alza i talloni il più in alto possibile, sollevando il peso del corpo sulle punte dei piedi."", ""Fermati un attimo in cima, poi abbassa lentamente i talloni fino alla posizione di partenza."", ""Ripeti per il numero desiderato di ripetizioni.""], ""ko"": [""벤치나 의자에 앉아 발을 땅에 댄 채 덤벨 하나를 허벅지 위에 올린다."", ""발가락 부분을 계단이나 블록 같은 높은 면 위에 올리되 발뒤꿈치는 가장자리에서 떨어진다."", ""안정감을 위해 덤벨을 잡는다."", ""발뒤꿈치를 최대한 높이 올려 발가락 부분에 몸 무게를 싣는다."", ""맨 위에서 잠깐 멈춘 후 천천히 발뒤꿈치를 시작 위치로 내린다."", ""원하는 반복 횟수만큼 반복합니다.""], ""pl"": [""Usiądź na ławce lub krześle, oprzyj stopy płasko na podłodze, a hantlę połóż na udach."", ""Ustaw palce stóp na podwyższeniu, na przykład stopniu lub klocku, tak aby pięty zwisały poza krawędzią."", ""Przytrzymaj hantlę dla stabilizacji."", ""Unieś pięty jak najwyżej, przenosząc ciężar ciała na palce stóp."", ""Zatrzymaj się na chwilę na górze, a następnie powoli opuść pięty do pozycji wyjściowej."", ""Powtórz zalecaną liczbę powtórzeń.""], ""ru"": [""Сядьте на скамью или стул, поставьте ступни на землю и положите гантель на бедра."", ""Поставьте подушечки стоп на приподнятую поверхность, например, на ступеньку или блок, так, чтобы пятки свисали с края."", ""Держитесь за гантель для устойчивости."", ""Поднимите пятки как можно выше, перенеся вес тела на подушечки стоп."", ""Задержитесь на мгновение в верхней точке, затем медленно опустите пятки обратно в исходное положение."", ""Повторите необходимое количество повторений.""], ""tr"": [""Ayaklarınız yere düz basacak şekilde ve uyluklarınızın üzerinde bir dambıl olacak şekilde bir bankta veya sandalyede oturun."", ""Ayak parmak uçlarınızı basamak veya blok gibi yükseltilmiş bir yüzeye, topuklarınız kenardan sarkacak şekilde yerleştirin."", ""Stabilite için dambılı tutun."", ""Topuklarınızı mümkün olduğu kadar yükseğe kaldırın, vücut ağırlığınızı ayak parmaklarınızın üzerine kaldırın."", ""Tepe noktasında bir an duraklayın, ardından topuklarınızı yavaşça başlangıç ​​pozisyonuna indirin."", ""İstenilen sayıda tekrar için tekrarlayın.""], ""zh"": [""坐在长凳或椅子上，双脚平放在地面上，并将哑铃放在大腿上。"", ""将脚掌放在升高的表面（例如台阶或木块）上，脚跟悬在边缘外。"", ""握住哑铃以保持稳定。"", ""尽可能高地抬高脚后跟，将身体重量转移到脚掌上。"", ""在顶部停顿片刻，然后慢慢降低脚后跟回到起始位置。"", ""重复所需的重复次数。""]}, ""instructions"": {""en"": ""Sit on a bench or chair with your feet flat on the ground and a dumbbell resting on your thighs. Place the balls of your feet on a raised surface such as a step or block, with your heels hanging off the edge. Hold onto the dumbbell for stability. Raise your heels as high as possible, lifting your body weight onto the balls of your feet. Pause for a moment at the top, then slowly lower your heels back down to the starting position. Repeat for the desired number of repetitions."", ""es"": ""Siéntate en un banco o silla con los pies apoyados en el suelo y una mancuerna apoyada sobre los muslos. Coloca la punta de los pies sobre una superficie elevada, como un escalón o un bloque, con los talones colgando del borde. Sujétate de la mancuerna para mantener la estabilidad. Levanta los talones lo más alto posible, elevando el peso de tu cuerpo sobre las puntas de los pies. Haz una pausa breve en la parte alta y luego baja lentamente los talones de vuelta a la posición inicial. Repite el número de repeticiones deseado."", ""fr"": ""Assieds-toi sur un banc ou une chaise, les pieds à plat sur le sol et un haltère posé sur tes cuisses. Place l'avant de tes pieds sur une surface surélevée comme une marche ou un bloc, avec tes talons dans le vide au bord. Tiens-toi à l'haltère pour la stabilité. Lève tes talons aussi haut que possible en reportant le poids de ton corps sur la plante de tes pieds. Marque une pause en haut, puis abaisse lentement tes talons pour revenir à la position de départ. Répète le nombre de répétitions souhaité."", ""hi"": ""अपने पैरों को ज़मीन पर सपाट करके और अपनी जांघों पर डम्बल रखकर एक बेंच या कुर्सी पर बैठें। अपने पैरों के पंजों को किसी ऊंची सतह जैसे सीढ़ी या ब्लॉक पर रखें, जिसमें आपकी एड़ियाँ किनारे से लटकी हुई हों। स्थिरता के लिए डम्बल को पकड़ें। अपनी एड़ियों को जितना संभव हो उतना ऊपर उठाएं, अपने शरीर का वजन अपने पैरों की उंगलियों पर उठाएं। शीर्ष पर एक पल के लिए रुकें, फिर धीरे-धीरे अपनी एड़ियों को वापस प्रारंभिक स्थिति में ले आएं। दोहराव की वांछित संख्या के लिए दोहराएँ।"", ""it"": ""Siediti su una panca o una sedia con i piedi piatti a terra e un manubrio appoggiato sulle cosce. Posiziona le punte dei piedi su una superficie rialzata come un gradino o un blocco, con i talloni che pendono dal bordo. Tieni il manubrio per stabilità. Alza i talloni il più in alto possibile, sollevando il peso del corpo sulle punte dei piedi. Fermati un attimo in cima, poi abbassa lentamente i talloni fino alla posizione di partenza. Ripeti per il numero desiderato di ripetizioni."", ""ko"": ""벤치나 의자에 앉아 발을 땅에 댄 채 덤벨 하나를 허벅지 위에 올린다. 발가락 부분을 계단이나 블록 같은 높은 면 위에 올리되 발뒤꿈치는 가장자리에서 떨어진다. 안정감을 위해 덤벨을 잡는다. 발뒤꿈치를 최대한 높이 올려 발가락 부분에 몸 무게를 싣는다. 맨 위에서 잠깐 멈춘 후 천천히 발뒤꿈치를 시작 위치로 내린다. 원하는 반복 횟수만큼 반복합니다."", ""pl"": ""Usiądź na ławce lub krześle, oprzyj stopy płasko na podłodze, a hantlę połóż na udach. Ustaw palce stóp na podwyższeniu, na przykład stopniu lub klocku, tak aby pięty zwisały poza krawędzią. Przytrzymaj hantlę dla stabilizacji. Unieś pięty jak najwyżej, przenosząc ciężar ciała na palce stóp. Zatrzymaj się na chwilę na górze, a następnie powoli opuść pięty do pozycji wyjściowej. Powtórz zalecaną liczbę powtórzeń."", ""ru"": ""Сядьте на скамью или стул, поставьте ступни на землю и положите гантель на бедра. Поставьте подушечки стоп на приподнятую поверхность, например, на ступеньку или блок, так, чтобы пятки свисали с края. Держитесь за гантель для устойчивости. Поднимите пятки как можно выше, перенеся вес тела на подушечки стоп. Задержитесь на мгновение в верхней точке, затем медленно опустите пятки обратно в исходное положение. Повторите необходимое количество повторений."", ""tr"": ""Ayaklarınız yere düz basacak şekilde ve uyluklarınızın üzerinde bir dambıl olacak şekilde bir bankta veya sandalyede oturun. Ayak parmak uçlarınızı basamak veya blok gibi yükseltilmiş bir yüzeye, topuklarınız kenardan sarkacak şekilde yerleştirin. Stabilite için dambılı tutun. Topuklarınızı mümkün olduğu kadar yükseğe kaldırın, vücut ağırlığınızı ayak parmaklarınızın üzerine kaldırın. Tepe noktasında bir an duraklayın, ardından topuklarınızı yavaşça başlangıç ​​pozisyonuna indirin. İstenilen sayıda tekrar için tekrarlayın."", ""zh"": ""坐在长凳或椅子上，双脚平放在地面上，并将哑铃放在大腿上。 将脚掌放在升高的表面（例如台阶或木块）上，脚跟悬在边缘外。 握住哑铃以保持稳定。 尽可能高地抬高脚后跟，将身体重量转移到脚掌上。 在顶部停顿片刻，然后慢慢降低脚后跟回到起始位置。 重复所需的重复次数。""}, ""media_id"": ""r29jP7S"", ""muscle_group"": ""hamstrings"", ""name"": ""dumbbell seated calf raise"", ""secondary_muscles"": [""hamstrings""], ""target"": ""calves""}",gymvisual:0088,ERP-20260827-00063,USER_DIRECT_REVIEW_2026_08_29,OWNER_BATCH_CONFIRMATION,2026-08-29T00:00:00+09:00
